player_id,player_name,has_bio,primary_position,shoots,height_cm,weight_kg,birth_year,birth_month,birth_day,birth_date,college,experience_seasons,nba_debut_date,nba_debut_year,draft_year,draft_team_name,draft_round,draft_round_pick,draft_overall_pick,career_games,career_points,career_total_rebound_pct,career_assists_pct,career_field_goal_pct,career_three_point_pct,career_free_throw_pct,career_effective_fg_pct,career_per,career_win_shares
abdulka01,Kareem Abdul-Jabbar,False,,,,,,,,,,,,,,,,,,,,,,,,,,,
abramjo01,John Abramovic,False,,,,,,,,,,,,,,,,,,,,,,,,,,,
abrinal01,Álex Abrines,True,SG,right,198.1,90.7,1993,8,1,1993-08-01,,,2016-10-26,2016,2013,Oklahoma City Thunder,2,2,32,,,,,,,,,,
achiupr01,Precious Achiuwa,True,C,right,203.2,102.1,1999,9,19,1999-09-19,Memphis,5,2020-12-23,2020,2020,Miami Heat,1,20,20,320,7.6,5.7,1.0,48.4,30.4,60.6,51.4,14.0,11.8
acyqu01,Quincy Acy,True,PF,right,200.7,108.9,1990,10,6,1990-10-06,Baylor,,2012-11-07,2012,2012,Toronto Raptors,2,7,37,,,,,,,,,,
adamsja01,Jaylen Adams,True,PG,right,182.9,102.1,1996,5,4,1996-05-04,St. Bonaventure,,2018-10-17,2018,2023,NBA Draft,,,,,,,,,,,,,
adamsst01,Steven Adams,True,C,right,210.8,120.2,1993,7,20,1993-07-20,Pitt,11,2013-10-30,2013,2013,Oklahoma City Thunder,1,12,12,764,8.8,8.0,1.5,58.6,5.9,53.3,58.6,17.1,61.6
adebaba01,Bam Adebayo,True,C,right,205.7,115.7,1997,7,18,1997-07-18,Kentucky,8,2017-10-18,2017,2017,Miami Heat,1,14,14,567,15.7,8.9,3.6,53.7,31.4,75.6,54.5,19.8,57.6
adelde01,Deng Adel,True,SF,right,200.7,90.7,1997,2,1,1997-02-01,Louisville,,2019-01-19,2019,2023,NBA Draft,,,,,,,,,,,,,
agbajoc01,Ochai Agbaji,True,SG,right,195.6,97.5,2000,4,20,2000-04-20,Kansas,3,2022-10-19,2022,2022,Cleveland Cavaliers,1,14,14,201,7.9,2.9,1.2,45.0,35.3,73.4,54.0,9.8,4.5
aguirma01,Mark Aguirre,False,,,,,,,,,,,,,,,,,,,,,,,,,,,
aingeda01,Danny Ainge,False,,,,,,,,,,,,,,,,,,,,,,,,,,,
ajincal01,Alexis Ajinça,False,,,,,,,,,,,,,,,,,,,,,,,,,,,
akoonde01,DeVaughn Akoon-Purcell,True,SG,right,198.1,90.7,1993,6,5,1993-06-05,Illinois State,,2018-10-23,2018,2023,NBA Draft,,,,,,,,,,,,,
aldamsa01,Santi Aldama,True,PF,right,210.8,101.6,2001,1,10,2001-01-10,Loyola (MD),4,2021-10-27,2021,2021,Utah Jazz,1,30,30,235,9.8,5.2,1.9,45.9,34.5,69.2,54.6,14.3,12.2
aldrila01,LaMarcus Aldridge,True,PF,right,210.8,113.4,1985,7,19,1985-07-19,Texas,,2006-11-12,2006,2006,Chicago Bulls,1,2,2,,,,,,,,,,
alexaky01,Kyle Alexander,True,C,right,210.8,99.8,1996,10,21,1996-10-21,Tennessee,,2020-08-06,2020,2023,NBA Draft,,,,,,,,,,,,,
alexani01,Nickeil Alexander-Walker,True,SG,right,195.6,93.0,1998,9,2,1998-09-02,Virginia Tech,6,2019-10-22,2019,2019,Brooklyn Nets,1,17,17,381,8.6,2.5,2.3,41.4,36.0,74.3,51.2,11.2,10.2
alexatr01,Trey Alexander,True,SG,right,193.0,83.9,2003,5,2,2003-05-02,Creighton,1,2024-10-24,2024,2023,NBA Draft,,,,24,1.3,0.5,0.5,31.7,17.6,75.0,35.4,2.9,-0.2
alexaty01,Ty-Shon Alexander,True,SG,right,190.5,88.5,1998,7,16,1998-07-16,Creighton,1,2020-12-27,2020,2023,NBA Draft,,,,,,,,,,,,,
alkinra01,Rawle Alkins,True,SG,right,195.6,102.1,1997,10,29,1997-10-29,Arizona,1,2018-12-17,2018,2023,NBA Draft,,,,,,,,,,,,,
allengr01,Grayson Allen,True,SG,right,193.0,89.8,1995,10,8,1995-10-08,Duke,7,2018-10-22,2018,2018,Utah Jazz,1,21,21,403,10.5,3.0,2.0,45.1,41.4,85.7,58.7,12.8,22.6
allenja01,Jarrett Allen,True,C,right,210.8,110.2,1998,4,21,1998-04-21,Texas,8,2017-10-20,2017,2017,Brooklyn Nets,1,22,22,568,12.8,9.2,1.7,64.1,16.4,71.2,64.3,20.6,66.7
allenka01,Kadeem Allen,True,PG,right,185.4,90.7,1993,1,15,1993-01-15,Arizona,,2017-12-11,2017,2017,Boston Celtics,2,23,53,,,,,,,,,,
allenlu01,Lucius Allen,False,,,,,,,,,,,,,,,,,,,,,,,,,,,
allenra02,Ray Allen,False,,,,,,,,,,,,,,,,,,,,,,,,,,,
allenti01,Timmy Allen,True,SF,right,198.1,95.3,2000,1,9,2000-01-09,Utah,1,2024-04-06,2024,2023,NBA Draft,,,,,,,,,,,,,
allento01,Tony Allen,False,,,,,,,,,,,,,,,,,,,,,,,,,,,
alvarjo01,Jose Alvarado,True,PG,right,182.9,81.2,1998,4,12,1998-04-12,Georgia Tech,4,2021-11-03,2021,2023,NBA Draft,,,,227,8.2,2.2,3.1,41.1,34.8,75.7,50.3,13.3,7.2
aminual01,Al-Farouq Aminu,True,PF,right,203.2,99.8,1990,9,21,1990-09-21,Wake Forest,,2010-10-27,2010,2010,Los Angeles Clippers,1,8,8,,,,,,,,,,
anderan01,Andy Anderson,False,,,,,,,,,,,,,,,,,,,,,,,,,,,
anderch01,Chris Andersen,False,,,,,,,,,,,,,,,,,,,,,,,,,,,
anderde01,Derek Anderson,False,,,,,,,,,,,,,,,,,,,,,,,,,,,
anderje01,Jerome Anderson,False,,,,,,,,,,,,,,,,,,,,,,,,,,,
anderjj01,J.J. Anderson,False,,,,,,,,,,,,,,,,,,,,,,,,,,,
anderju01,Justin Anderson,True,SF,left,198.1,104.3,1993,11,19,1993-11-19,Virginia,6,2015-10-28,2015,2015,Dallas Mavericks,1,21,21,,,,,,,,,,
anderky01,Kyle Anderson,True,SF,right,205.7,104.3,1993,9,20,1993-09-20,UCLA,11,2014-11-06,2014,2014,San Antonio Spurs,1,30,30,714,6.8,4.3,2.8,47.8,34.0,71.6,51.4,14.2,39.4
anderry01,Ryan Anderson,True,PF,right,205.7,108.9,1988,5,6,1988-05-06,California,,2008-10-29,2008,2008,New Jersey Nets,1,21,21,,,,,,,,,,
andersh01,Shandon Anderson,False,,,,,,,,,,,,,,,,,,,,,,,,,,,
anigbik01,Ike Anigbogu,True,C,right,208.3,113.4,1998,10,17,1998-10-17,UCLA,,2017-10-20,2017,2017,Indiana Pacers,2,17,47,,,,,,,,,,
antetgi01,Giannis Antetokounmpo,True,PF,right,210.8,109.8,1994,12,6,1994-12-06,,12,2013-10-30,2013,2013,Milwaukee Bucks,1,15,15,859,23.9,9.9,5.0,55.1,28.4,69.3,57.0,25.8,120.8
antetko01,Kostas Antetokounmpo,True,PF,right,208.3,90.7,1997,11,20,1997-11-20,Dayton,3,2019-03-20,2019,2018,Philadelphia 76ers,2,30,60,,,,,,,,,,
antetth01,Thanasis Antetokounmpo,True,SF,right,200.7,99.3,1992,7,18,1992-07-18,,6,2016-01-29,2016,2014,New York Knicks,2,21,51,,,,,,,,,,
anthoca01,Carmelo Anthony,True,SF,right,200.7,108.0,1984,5,29,1984-05-29,Syracuse,,2003-10-29,2003,2003,Denver Nuggets,1,3,3,,,,,,,,,,
anthoco01,Cole Anthony,True,PG,right,188.0,83.9,2000,5,15,2000-05-15,UNC,5,2020-12-23,2020,2020,Orlando Magic,1,15,15,320,12.5,4.3,3.8,41.9,34.5,84.7,48.3,14.1,11.0
anthojo01,Joel Anthony,False,,,,,,,,,,,,,,,,,,,,,,,,,,,
anunoog01,OG Anunoby,True,SF,right,200.7,105.2,1997,7,17,1997-07-17,Indiana,8,2017-10-19,2017,2017,Toronto Raptors,1,23,23,492,12.9,4.4,1.7,47.4,37.5,76.1,56.0,13.5,31.4
architi01,Tiny Archibald,False,,,,,,,,,,,,,,,,,,,,,,,,,,,
arcidry01,Ryan Arcidiacono,True,PG,right,190.5,88.5,1994,3,26,1994-03-26,Villanova,7,2017-10-19,2017,2023,NBA Draft,,,,,,,,,,,,,
ardji01,Jim Ard,False,,,,,,,,,,,,,,,,,,,,,,,,,,,
arizatr01,Trevor Ariza,True,SF,right,203.2,97.5,1985,6,30,1985-06-30,UCLA,,2004-11-03,2004,2004,New York Knicks,2,14,43,,,,,,,,,,
arizipa01,Paul Arizin,False,,,,,,,,,,,,,,,,,,,,,,,,,,,
armeltr01,Armel Traoré,True,SF,right,203.2,97.5,2003,1,23,2003-01-23,,1,2024-11-16,2024,2023,NBA Draft,,,,9,1.6,1.7,0.1,31.6,0.0,28.6,31.6,3.5,-0.1
armstbj01,B.J. Armstrong,False,,,,,,,,,,,,,,,,,,,,,,,,,,,
arnzebo01,Bob Arnzen,False,,,,,,,,,,,,,,,,,,,,,,,,,,,
artesro01,Metta World Peace,False,,,,,,,,,,,,,,,,,,,,,,,,,,,
atkinch01,Chucky Atkins,False,,,,,,,,,,,,,,,,,,,,,,,,,,,
augusdj01,D.J. Augustin,True,PG,right,180.3,83.0,1987,11,10,1987-11-10,Texas,,2008-10-30,2008,2008,Charlotte Bobcats,1,9,9,,,,,,,,,,
avdijde01,Deni Avdija,True,SF,right,205.7,95.3,2001,1,3,2001-01-03,,5,2020-12-23,2020,2020,Washington Wizards,1,9,9,359,11.3,6.2,2.8,46.2,33.7,75.3,52.9,13.1,14.7
averibi01,Bird Averitt,False,,,,,,,,,,,,,,,,,,,,,,,,,,,
awtrede01,Dennis Awtrey,False,,,,,,,,,,,,,,,,,,,,,,,,,,,
ayayijo01,Joel Ayayi,True,SG,right,195.6,81.6,2000,3,5,2000-03-05,Gonzaga,1,2021-10-25,2021,2023,NBA Draft,,,,,,,,,,,,,
aytonde01,Deandre Ayton,True,C,right,213.4,113.4,1998,7,23,1998-07-23,Arizona,7,2018-10-17,2018,2018,Phoenix Suns,1,1,1,398,16.4,10.5,1.6,59.0,23.0,75.5,59.3,20.0,37.6
azubuud01,Udoka Azubuike,True,C,right,208.3,127.0,1999,9,17,1999-09-17,Kansas,4,2020-12-23,2020,2020,Utah Jazz,1,27,27,,,,,,,,,,
bacondw01,Dwayne Bacon,True,SG,right,198.1,100.2,1995,8,30,1995-08-30,Florida State,,2017-10-18,2017,2017,New Orleans Pelicans,2,10,40,,,,,,,,,,
badjiib01,Ibou Badji,True,C,right,215.9,108.9,2002,10,13,2002-10-13,,1,2023-12-26,2023,2023,NBA Draft,,,,,,,,,,,,,
baglema01,Marvin Bagley III,True,C,left,208.3,106.6,1999,3,14,1999-03-14,Duke,7,2018-10-17,2018,2018,Sacramento Kings,1,2,2,289,12.0,6.5,0.9,51.8,29.0,69.0,54.1,17.5,12.6
baglema02,Marcus Bagley,True,SF,right,203.2,97.5,2001,10,23,2001-10-23,Arizona State,1,2025-03-24,2025,2023,NBA Draft,,,,10,6.7,7.0,1.0,39.1,15.6,80.0,42.8,11.8,0.2
baileac01,Ace Bailey,False,,,,,,,,,,,,,,,,,,,,,,,,,,,
baileam01,Amari Bailey,True,PG,left,195.6,83.9,2004,2,17,2004-02-17,UCLA,1,2023-11-12,2023,2023,Charlotte Hornets,2,11,41,,,,,,,,,,
bakerro01,Ron Baker,True,SG,right,193.0,99.8,1993,3,30,1993-03-30,Wichita State,,2016-10-25,2016,2023,NBA Draft,,,,,,,,,,,,,
baldwpa01,Patrick Baldwin Jr.,True,SF,right,205.7,99.8,2002,11,18,2002-11-18,UW-Milwaukee,3,2022-10-30,2022,2022,Golden State Warriors,1,28,28,93,3.7,2.0,0.5,40.5,37.3,65.8,53.2,11.0,0.6
baldwwa01,Wade Baldwin,True,PG,right,193.0,90.7,1996,3,29,1996-03-29,Vanderbilt,,2016-10-26,2016,2016,Memphis Grizzlies,1,17,17,,,,,,,,,,
ballagr01,Greg Ballard,False,,,,,,,,,,,,,,,,,,,,,,,,,,,
ballla01,LaMelo Ball,True,PG,right,200.7,81.6,2001,8,22,2001-08-22,,5,2020-12-23,2020,2020,Charlotte Hornets,1,3,3,231,21.0,6.0,7.4,42.1,36.5,83.7,50.8,18.9,13.6
balllo01,Lonzo Ball,True,PG,right,198.1,86.2,1997,10,27,1997-10-27,UCLA,6,2017-10-19,2017,2017,Los Angeles Lakers,1,2,2,287,11.4,5.5,5.8,39.8,36.2,59.9,50.7,13.3,12.6
bambamo01,Mo Bamba,True,C,right,213.4,104.8,1998,5,12,1998-05-12,Texas,7,2018-10-17,2018,2018,Orlando Magic,1,6,6,364,6.8,5.4,0.8,47.7,35.6,68.2,55.0,16.4,15.6
banchpa01,Paolo Banchero,True,PF,right,208.3,113.4,2002,11,12,2002-11-12,Duke,3,2022-10-19,2022,2022,Orlando Magic,1,1,1,198,22.4,7.1,4.6,44.5,32.0,73.0,48.7,17.1,11.1
banede01,Desmond Bane,True,SG,right,195.6,97.5,1998,6,25,1998-06-25,TCU,5,2020-12-23,2020,2020,Boston Celtics,1,30,30,313,17.8,4.6,3.8,47.2,41.0,88.3,56.6,17.2,25.5
bantoda01,Dalano Banton,True,PG,right,205.7,92.5,1999,11,7,1999-11-07,Nebraska,4,2021-10-20,2021,2021,Toronto Raptors,2,16,46,216,6.8,2.2,2.0,40.2,30.4,72.8,46.1,12.6,2.1
barbeca01,Cat Barber,True,PG,right,188.0,86.2,1994,7,25,1994-07-25,NC State,1,2021-12-25,2021,2023,NBA Draft,,,,,,,,,,,,,
barbole01,Leandro Barbosa,False,,,,,,,,,,,,,,,,,,,,,,,,,,,
bareajo01,J.J. Barea,True,PG,right,177.8,81.6,1984,6,26,1984-06-26,Northeastern University,,2006-11-04,2006,2023,NBA Draft,,,,,,,,,,,,,
barklch01,,False,,,,,,,,,,,,,,,,,,,,,,,,,,,
barlodo01,Dominick Barlow,True,SF,right,205.7,100.2,2003,5,26,2003-05-26,,3,2022-11-02,2022,2023,NBA Draft,,,,96,4.2,3.1,0.8,51.9,25.0,68.0,53.5,13.8,2.8
barnedi01,Dick Barnett,False,,,,,,,,,,,,,,,,,,,,,,,,,,,
barneha02,Harrison Barnes,True,PF,right,203.2,102.1,1992,5,30,1992-05-30,UNC,13,2012-10-31,2012,2012,Golden State Warriors,1,7,7,993,13.9,4.8,1.8,46.0,38.5,81.0,52.8,13.7,61.6
barneji01,Jim Barnes,False,,,,,,,,,,,,,,,,,,,,,,,,,,,
barnema02,Matt Barnes,False,,,,,,,,,,,,,,,,,,,,,,,,,,,
barnesc01,Scottie Barnes,True,PF,right,200.7,103.0,2001,8,1,2001-08-01,Florida State,4,2021-10-20,2021,2021,Toronto Raptors,1,4,4,276,17.2,7.5,5.0,46.6,30.0,76.1,50.4,17.1,19.4
barnhbr01,Brooks Barnhizer,False,,,,,,,,,,,,,,,,,,,,,,,,,,,
barnhjo01,John Barnhill,False,,,,,,,,,,,,,,,,,,,,,,,,,,,
barrerj01,RJ Barrett,True,SG,left,198.1,97.1,2000,6,14,2000-06-14,Duke,6,2019-10-23,2019,2019,New York Knicks,1,3,3,387,18.8,5.6,3.3,44.1,34.6,69.7,49.4,13.9,13.3
barroea01,Earl Barron,False,,,,,,,,,,,,,,,,,,,,,,,,,,,
barrybr01,Brent Barry,False,,,,,,,,,,,,,,,,,,,,,,,,,,,
barryri01,Rick Barry,False,,,,,,,,,,,,,,,,,,,,,,,,,,,
bartowi01,Will Barton,True,SG,right,195.6,82.1,1991,1,6,1991-01-06,Memphis,,2012-11-02,2012,2012,Portland Trail Blazers,2,10,40,,,,,,,,,,
bassech01,Charles Bassey,True,C,right,208.3,106.6,2000,10,28,2000-10-28,Western Kentucky,4,2021-10-20,2021,2021,Philadelphia 76ers,2,23,53,113,4.3,4.3,0.8,63.1,23.1,64.8,63.6,19.1,3.8
basseti01,Tim Bassett,False,,,,,,,,,,,,,,,,,,,,,,,,,,,
basspa01,Paris Bass,True,SF,right,203.2,90.7,1995,8,29,1995-08-29,Detroit Mercy,1,2022-01-02,2022,2023,NBA Draft,,,,,,,,,,,,,
bateeme01,Mengke Bateer,False,,,,,,,,,,,,,,,,,,,,,,,,,,,
batesem01,Emoni Bates,True,SF,right,208.3,77.1,2004,1,28,2004-01-28,Memphis,2,2023-10-28,2023,2023,Cleveland Cavaliers,2,19,49,25,3.1,0.8,0.7,32.2,33.3,25.0,44.3,5.2,-0.2
bateske01,Keita Bates-Diop,True,SF,right,203.2,103.9,1996,1,23,1996-01-23,Ohio State,6,2018-10-26,2018,2018,Minnesota Timberwolves,2,18,48,,,,,,,,,,
batesta01,Tamar Bates,False,,,,,,,,,,,,,,,,,,,,,,,,,,,
battish01,Shane Battier,False,,,,,,,,,,,,,,,,,,,,,,,,,,,
battlja01,Jamison Battle,True,SF,left,200.7,99.8,2001,5,10,2001-05-10,George Washington,1,2024-10-23,2024,2023,NBA Draft,,,,59,7.1,2.7,0.9,42.9,40.5,88.9,58.1,10.7,1.7
batumni01,Nicolas Batum,True,SF,right,203.2,104.3,1988,12,14,1988-12-14,,17,2008-10-28,2008,2008,Houston Rockets,1,25,25,1131,10.0,4.8,3.1,43.7,36.9,83.2,53.3,14.0,73.9
baughda01,Damion Baugh,True,SG,right,193.0,88.0,2000,8,3,2000-08-03,Memphis,1,2025-02-12,2025,2023,NBA Draft,,,,15,7.3,3.3,3.7,32.3,21.4,86.7,36.9,6.3,-0.5
bayleje01,Jerryd Bayless,True,PG,right,190.5,90.7,1988,8,20,1988-08-20,Arizona,,2008-10-28,2008,2008,Indiana Pacers,1,11,11,,,,,,,,,,
bayloel01,Elgin Baylor,False,,,,,,,,,,,,,,,,,,,,,,,,,,,
baynear01,Aron Baynes,True,C,right,208.3,117.9,1986,12,9,1986-12-09,Washington State,,2013-01-25,2013,2023,NBA Draft,,,,,,,,,,,,,
bazemke01,Kent Bazemore,True,SG,left,193.0,88.5,1989,7,1,1989-07-01,Old Dominion,10,2012-11-09,2012,2023,NBA Draft,,,,,,,,,,,,,
bazleda01,Darius Bazley,True,PF,left,203.2,94.3,2000,6,12,2000-06-12,,5,2019-10-23,2019,2019,Utah Jazz,1,23,23,,,,,,,,,,
bealbr01,Bradley Beal,True,SG,right,193.0,93.9,1993,6,28,1993-06-28,Florida,13,2012-10-30,2012,2012,Washington Wizards,1,3,3,801,21.5,4.1,4.3,46.4,37.6,82.1,52.7,18.0,58.6
beardbu01,Butch Beard,False,,,,,,,,,,,,,,,,,,,,,,,,,,,
beaslma01,Malik Beasley,True,SG,right,193.0,84.8,1996,11,26,1996-11-26,Florida State,9,2016-11-05,2016,2016,Denver Nuggets,1,19,19,578,11.7,2.8,1.4,42.6,39.1,76.9,55.3,12.4,20.1
beaslmi01,Michael Beasley,True,PF,left,205.7,106.6,1989,1,9,1989-01-09,Kansas State,,2008-10-29,2008,2008,Miami Heat,1,2,2,,,,,,,,,,
beatyze01,Zelmo Beaty,False,,,,,,,,,,,,,,,,,,,,,,,,,,,
beaubro01,Rodrigue Beaubois,False,,,,,,,,,,,,,,,,,,,,,,,,,,,
beaucma01,MarJon Beauchamp,True,SF,right,198.1,90.3,2000,10,12,2000-10-12,Yakima Valley Community College,3,2022-10-22,2022,2022,Milwaukee Bucks,1,24,24,135,4.1,1.9,0.6,43.0,35.4,71.8,52.2,9.3,1.2
beckear01,Art Becker,False,,,,,,,,,,,,,,,,,,,,,,,,,,,
becker01,Ernie Beck,False,,,,,,,,,,,,,,,,,,,,,,,,,,,
bedfowi01,William Bedford,False,,,,,,,,,,,,,,,,,,,,,,,,,,,
bediach01,Charles Bediako,False,,,,,,,,,,,,,,,,,,,,,,,,,,,
beekmre01,Reece Beekman,True,PG,right,185.4,86.2,2001,10,8,2001-10-08,Virginia,1,2024-10-29,2024,2023,NBA Draft,,,,36,2.6,1.1,1.8,32.7,17.5,76.2,36.0,7.5,0.1
belinma01,Marco Belinelli,True,SG,right,195.6,99.8,1986,3,25,1986-03-25,,,2007-10-30,2007,2007,Golden State Warriors,1,18,18,,,,,,,,,,
belljo01,Jordan Bell,True,C,right,203.2,98.0,1995,1,7,1995-01-07,Oregon,5,2017-10-17,2017,2017,Chicago Bulls,2,8,38,,,,,,,,,,
bembrde01,DeAndre' Bembry,True,SF,right,195.6,95.3,1994,7,4,1994-07-04,Saint Joseph's,6,2016-10-27,2016,2016,Atlanta Hawks,1,21,21,,,,,,,,,,
bendedr01,Dragan Bender,True,PF,right,213.4,102.1,1997,11,17,1997-11-17,,,2016-10-26,2016,2016,Phoenix Suns,1,4,4,,,,,,,,,,
berinjo01,Joan Beringer,False,,,,,,,,,,,,,,,,,,,,,,,,,,,
bernaju01,Jules Bernard,True,SG,left,200.7,95.3,2000,1,21,2000-01-21,UCLA,1,2023-12-08,2023,2023,NBA Draft,,,,,,,,,,,,,
bertada01,Dāvis Bertāns,True,PF,right,208.3,102.1,1992,11,12,1992-11-12,,8,2016-10-25,2016,2011,Indiana Pacers,2,12,42,,,,,,,,,,
bertada02,Dairis Bertāns,True,SG,right,193.0,90.7,1989,9,9,1989-09-09,,,2019-03-10,2019,2023,NBA Draft,,,,,,,,,,,,,
beverpa01,Patrick Beverley,True,PG,right,188.0,81.6,1988,7,12,1988-07-12,Arkansas,12,2013-01-15,2013,2009,Los Angeles Lakers,2,12,42,,,,,,,,,,
beysa01,Saddiq Bey,True,SF,right,200.7,97.5,1999,4,9,1999-04-09,Villanova,4,2020-12-26,2020,2020,Brooklyn Nets,1,19,19,,,,,,,,,,
beyty01,Tyler Bey,True,SF,right,200.7,97.5,1998,2,10,1998-02-10,Colorado,1,2021-01-13,2021,2020,Philadelphia 76ers,2,6,36,,,,,,,,,,
bibbyhe01,Henry Bibby,False,,,,,,,,,,,,,,,,,,,,,,,,,,,
billuch01,Chauncey Billups,False,,,,,,,,,,,,,,,,,,,,,,,,,,,
birchkh01,Khem Birch,True,C,right,205.7,105.7,1992,9,28,1992-09-28,Pitt,6,2017-10-21,2017,2023,NBA Draft,,,,,,,,,,,,,
birdla01,Larry Bird,False,,,,,,,,,,,,,,,,,,,,,,,,,,,
bitadgo01,Goga Bitadze,True,C,right,210.8,113.4,1999,7,20,1999-07-20,,6,2019-10-26,2019,2019,Indiana Pacers,1,18,18,319,5.4,4.1,1.2,54.1,23.0,66.2,56.5,17.4,14.9
bitimon01,Onuralp Bitim,True,SG,right,198.1,97.5,1999,3,31,1999-03-31,,1,2023-11-04,2023,2023,NBA Draft,,,,,,,,,,,,,
biyombi01,Bismack Biyombo,True,C,right,203.2,115.7,1992,8,28,1992-08-28,,14,2011-12-26,2011,2011,Sacramento Kings,1,7,7,867,5.1,5.9,0.7,53.7,0.0,55.1,53.7,13.0,33.1
bjeline01,Nemanja Bjelica,True,PF,right,208.3,106.1,1988,5,9,1988-05-09,,,2015-10-28,2015,2010,Washington Wizards,2,5,35,,,,,,,,,,
blackan01,Anthony Black,True,PG,right,200.7,89.8,2004,1,20,2004-01-20,Arkansas,2,2023-10-25,2023,2023,Orlando Magic,1,6,6,147,7.2,2.5,2.3,43.5,34.3,71.8,49.2,10.4,4.0
blackle01,Leaky Black,True,SF,right,205.7,93.0,1999,6,14,1999-06-14,UNC,1,2023-11-08,2023,2023,NBA Draft,,,,,,,,,,,,,
blakean01,Antonio Blakeney,True,SG,right,193.0,87.1,1996,10,4,1996-10-04,LSU,,2017-10-19,2017,2023,NBA Draft,,,,,,,,,,,,,
blantri01,Ricky Blanton,False,,,,,,,,,,,,,,,,,,,,,,,,,,,
bledser01,Eric Bledsoe,True,PG,right,185.4,97.1,1989,12,9,1989-12-09,Kentucky,,2010-10-27,2010,2010,Oklahoma City Thunder,1,18,18,,,,,,,,,,
blevike01,Keljin Blevins,True,SF,right,193.0,90.7,1995,11,24,1995-11-24,Southern Miss,,2020-12-23,2020,2023,NBA Draft,,,,,,,,,,,,,
bloommi01,Mike Bloom,False,,,,,,,,,,,,,,,,,,,,,,,,,,,
blossja01,Jaron Blossomgame,True,SF,right,203.2,99.8,1993,9,16,1993-09-16,Clemson,,2018-12-05,2018,2017,San Antonio Spurs,2,29,59,,,,,,,,,,
boehebu01,Buddy Boeheim,True,SF,right,198.1,93.0,1999,11,11,1999-11-11,Syracuse,2,2022-10-21,2022,2023,NBA Draft,,,,,,,,,,,,,
bogdabo01,Bogdan Bogdanović,True,SG,right,195.6,99.8,1992,8,18,1992-08-18,,8,2017-10-23,2017,2014,Phoenix Suns,1,27,27,503,14.3,3.3,3.2,43.7,38.2,84.6,54.0,14.4,24.8
bogdabo02,Bojan Bogdanović,True,SF,right,200.7,102.5,1989,4,18,1989-04-18,,10,2014-10-29,2014,2011,Miami Heat,2,1,31,,,,,,,,,,
bogutan01,Andrew Bogut,True,C,right,213.4,117.9,1984,11,28,1984-11-28,Utah,,2005-11-01,2005,2005,Milwaukee Bucks,1,1,1,,,,,,,,,,
bolbo01,Bol Bol,True,PF,right,221.0,99.8,1999,11,16,1999-11-16,Oregon,6,2020-08-01,2020,2019,Miami Heat,2,14,44,202,6.2,3.5,0.6,54.5,33.2,74.9,59.8,15.5,5.0
boldejo01,Jonah Bolden,True,C,right,203.2,99.8,1996,1,2,1996-01-02,UCLA,,2018-10-16,2018,2017,Philadelphia 76ers,2,6,36,,,,,,,,,,
boldema01,Marques Bolden,True,C,right,208.3,112.9,1998,4,17,1998-04-17,Duke,3,2020-02-01,2020,2023,NBA Draft,,,,,,,,,,,,,
bolmale01,Leandro Bolmaro,True,SF,right,198.1,90.7,2000,9,11,2000-09-11,,2,2021-10-20,2021,2020,New York Knicks,1,23,23,,,,,,,,,,
bonaad01,Adem Bona,True,C,right,208.3,106.6,2003,3,28,2003-03-28,UCLA,1,2024-10-23,2024,2024,Philadelphia 76ers,2,11,41,58,5.8,4.2,0.5,70.3,0.0,67.0,70.3,16.5,2.3
bonejo01,Jordan Bone,True,PG,right,188.0,81.6,1997,11,5,1997-11-05,Tennessee,2,2019-11-04,2019,2019,New Orleans Pelicans,2,27,57,,,,,,,,,,
bongais01,Isaac Bonga,True,SF,right,203.2,81.6,1999,11,8,1999-11-08,,,2018-12-07,2018,2018,Philadelphia 76ers,2,9,39,,,,,,,,,,
bonharo01,Ron Bonham,False,,,,,,,,,,,,,,,,,,,,,,,,,,,
bonnema01,Matt Bonner,False,,,,,,,,,,,,,,,,,,,,,,,,,,,
bookede01,Devin Booker,True,SG,right,198.1,93.4,1996,10,30,1996-10-30,Kentucky,10,2015-10-28,2015,2015,Phoenix Suns,1,13,13,673,24.4,4.0,5.2,46.4,35.4,87.3,52.1,18.9,51.5
boonero01,Ron Boone,False,,,,,,,,,,,,,,,,,,,,,,,,,,,
boothke01,Keith Booth,False,,,,,,,,,,,,,,,,,,,,,,,,,,,
boozebo01,Bob Boozer,False,,,,,,,,,,,,,,,,,,,,,,,,,,,
boshch01,Chris Bosh,False,,,,,,,,,,,,,,,,,,,,,,,,,,,
bostobr01,Brandon Boston Jr.,True,SG,right,200.7,83.9,2001,11,28,2001-11-28,Kentucky,4,2021-10-25,2021,2021,Memphis Grizzlies,2,21,51,147,7.5,2.2,1.2,41.2,32.8,78.1,46.7,11.7,1.0
bosweto01,Tom Boswell,False,,,,,,,,,,,,,,,,,,,,,,,,,,,
bouchch01,Chris Boucher,True,PF,right,205.7,90.7,1993,1,11,1993-01-11,New Mexico Junior College,8,2018-03-14,2018,2023,NBA Draft,,,,407,8.9,5.1,0.5,48.8,33.9,77.9,55.9,19.1,25.9
bouknja01,James Bouknight,True,SG,right,195.6,86.2,2000,9,18,2000-09-18,UConn,3,2021-10-22,2021,2021,Charlotte Hornets,1,11,11,,,,,,,,,,
bouyeja01,Jamaree Bouyea,True,PG,right,188.0,81.6,1999,6,27,1999-06-27,San Francisco,3,2023-02-10,2023,2023,NBA Draft,,,,19,2.8,1.6,1.3,40.7,20.0,62.5,44.4,5.3,-0.2
bowenbr01,Bruce Bowen,False,,,,,,,,,,,,,,,,,,,,,,,,,,,
bowenbr02,Brian Bowen,True,SF,right,198.1,86.2,1998,10,2,1998-10-02,,,2019-11-12,2019,2023,NBA Draft,,,,,,,,,,,,,
bowmaky01,Ky Bowman,True,PG,right,185.4,84.8,1997,6,16,1997-06-16,Boston College,1,2019-10-24,2019,2023,NBA Draft,,,,,,,,,,,,,
bowmana01,Nate Bowman,False,,,,,,,,,,,,,,,,,,,,,,,,,,,
bracest01,Steve Bracey,False,,,,,,,,,,,,,,,,,,,,,,,,,,,
braddga01,Gary Bradds,False,,,,,,,,,,,,,,,,,,,,,,,,,,,
bradlav01,Avery Bradley,True,SG,right,190.5,81.6,1990,11,26,1990-11-26,Texas,,2010-11-22,2010,2010,Boston Celtics,1,19,19,,,,,,,,,,
bradlbi01,Bill Bradley,False,,,,,,,,,,,,,,,,,,,,,,,,,,,
bradlji01,Jim Bradley,False,,,,,,,,,,,,,,,,,,,,,,,,,,,
bradlto01,Tony Bradley,True,C,right,208.3,112.5,1998,1,8,1998-01-08,UNC,7,2017-11-05,2017,2017,Los Angeles Lakers,1,28,28,193,4.4,4.0,0.5,63.2,46.7,66.7,63.8,19.5,8.0
brancad01,Adrian Branch,False,,,,,,,,,,,,,,,,,,,,,,,,,,,
branhma01,Malaki Branham,True,SG,right,193.0,81.6,2003,5,12,2003-05-12,Ohio State,3,2022-10-30,2022,2022,San Antonio Spurs,1,20,20,188,8.5,2.0,1.7,43.9,33.6,84.3,51.0,9.4,-0.3
brantja01,Jarrell Brantley,True,PF,right,195.6,113.4,1996,6,7,1996-06-07,College of Charleston,3,2019-10-25,2019,2019,Indiana Pacers,2,20,50,,,,,,,,,,
braunca01,Carl Braun,False,,,,,,,,,,,,,,,,,,,,,,,,,,,
braunch01,Christian Braun,True,SG,right,198.1,98.9,2001,4,17,2001-04-17,Kansas,3,2022-10-19,2022,2022,Denver Nuggets,1,21,21,237,9.2,3.8,1.7,52.8,38.4,75.2,58.6,13.6,13.4
brazdig01,Ignas Brazdeikis,True,SF,left,198.1,100.2,1999,1,8,1999-01-08,Michigan,3,2019-11-03,2019,2019,Sacramento Kings,2,17,47,,,,,,,,,,
breako01,Koby Brea,False,,,,,,,,,,,,,,,,,,,,,,,,,,,
breauti01,Tim Breaux,False,,,,,,,,,,,,,,,,,,,,,,,,,,,
breweco01,Corey Brewer,True,SF,right,205.7,84.4,1986,3,5,1986-03-05,Florida,,2007-11-02,2007,2007,Minnesota Timberwolves,1,7,7,,,,,,,,,,
breweji01,Jim Brewer,False,,,,,,,,,,,,,,,,,,,,,,,,,,,
brickfr01,Frank Brickowski,False,,,,,,,,,,,,,,,,,,,,,,,,,,,
bridgbi01,Bill Bridges,False,,,,,,,,,,,,,,,,,,,,,,,,,,,
bridgja01,Jalen Bridges,True,SF,right,203.2,102.1,2001,5,14,2001-05-14,West Virginia,1,2024-11-13,2024,2023,NBA Draft,,,,8,1.1,0.5,0.0,28.6,28.6,75.0,42.9,-0.1,-0.1
bridgmi01,Mikal Bridges,True,SF,right,198.1,94.8,1996,8,30,1996-08-30,Villanova,7,2018-10-17,2018,2018,Philadelphia 76ers,1,10,10,556,14.8,4.0,2.7,48.4,37.1,84.3,56.1,14.4,42.0
bridgmi02,Miles Bridges,True,SF,left,200.7,102.1,1998,3,21,1998-03-21,Michigan State,6,2018-10-17,2018,2018,Los Angeles Clippers,1,12,12,424,15.7,6.2,2.7,46.2,34.0,82.6,53.0,15.4,21.3
brimaam01,Amida Brimah,True,C,right,208.3,104.3,1994,2,11,1994-02-11,UConn,1,2021-04-25,2021,2023,NBA Draft,,,,,,,,,,,,,
briscis01,Isaiah Briscoe,True,PG,right,190.5,97.5,1996,4,13,1996-04-13,Kentucky,,2018-10-19,2018,2023,NBA Draft,,,,,,,,,,,,,
brissos01,Oshae Brissett,True,SF,right,200.7,95.3,1998,6,20,1998-06-20,Syracuse,6,2019-11-18,2019,2023,NBA Draft,,,,233,6.6,3.9,0.8,41.9,33.7,69.4,49.7,12.5,7.0
brockiz01,Izaiah Brockington,True,PG,left,193.0,90.7,1999,7,12,1999-07-12,St. Bonaventure,1,2024-03-05,2024,2023,NBA Draft,,,,,,,,,,,,,
broekry01,Ryan Broekhoff,True,SF,right,198.1,97.5,1990,8,23,1990-08-23,Valparaiso,,2018-10-17,2018,2023,NBA Draft,,,,,,,,,,,,,
brogdma01,Malcolm Brogdon,True,PG,right,193.0,103.9,1992,12,11,1992-12-11,Virginia,9,2016-10-26,2016,2016,Milwaukee Bucks,2,6,36,463,15.3,4.1,4.7,46.3,38.8,87.4,53.0,16.9,33.4
brookar01,Armoni Brooks,True,PG,right,190.5,88.5,1998,6,5,1998-06-05,Houston,3,2021-04-09,2021,2023,NBA Draft,,,,,,,,,,,,,
brookdi01,Dillon Brooks,True,SF,right,198.1,102.1,1996,1,22,1996-01-22,Oregon,8,2017-10-18,2017,2017,Houston Rockets,2,15,45,492,14.2,3.2,2.0,41.9,35.5,80.4,49.1,10.7,14.7
brookga01,Garrison Brooks,False,,,,,,,,,,,,,,,,,,,,,,,,,,,
brookke02,Keion Brooks Jr.,True,SF,right,200.7,95.3,2000,8,7,2000-08-07,Kentucky,1,2025-02-05,2025,2023,NBA Draft,,,,14,10.1,4.1,0.9,48.6,32.6,73.3,55.0,12.8,0.4
brookma01,MarShon Brooks,True,SG,right,195.6,90.7,1989,1,26,1989-01-26,Providence,,2011-12-26,2011,2011,Boston Celtics,1,25,25,,,,,,,,,,
brooksc01,Scott Brooks,False,,,,,,,,,,,,,,,,,,,,,,,,,,,
broomjo01,Johni Broome,False,,,,,,,,,,,,,,,,,,,,,,,,,,,
brownbr01,Bruce Brown,True,PG,right,193.0,91.6,1996,8,15,1996-08-15,Miami (FL),7,2018-10-17,2018,2018,Detroit Pistons,2,12,42,457,8.9,4.2,2.4,47.6,33.7,76.8,51.8,12.4,19.9
brownch01,Chucky Brown,False,,,,,,,,,,,,,,,,,,,,,,,,,,,
brownch02,Charlie Brown Jr.,True,SG,right,198.1,90.3,1997,2,2,1997-02-02,Saint Joseph's,4,2019-11-06,2019,2023,NBA Draft,,,,,,,,,,,,,
brownch05,Chaundee Brown Jr.,True,SG,right,195.6,97.5,1998,12,4,1998-12-04,Wake Forest,1,2021-12-17,2021,2023,NBA Draft,,,,,,,,,,,,,
brownde02,Devin Brown,False,,,,,,,,,,,,,,,,,,,,,,,,,,,
brownfr01,Fred Brown,False,,,,,,,,,,,,,,,,,,,,,,,,,,,
browngr01,Greg Brown III,True,PF,right,200.7,93.0,2001,9,1,2001-09-01,Texas,3,2021-10-23,2021,2021,New Orleans Pelicans,2,13,43,,,,,,,,,,
brownja02,Jaylen Brown,True,SF,right,198.1,101.2,1996,10,24,1996-10-24,California,9,2016-10-26,2016,2016,Boston Celtics,1,3,3,603,19.0,5.3,2.6,47.8,35.9,72.6,54.2,16.9,40.6
brownke03,Kendall Brown,True,SG,right,203.2,93.0,2003,5,11,2003-05-11,Baylor,2,2022-11-23,2022,2022,Minnesota Timberwolves,2,18,48,,,,,,,,,,
brownko01,Kobe Brown,True,PF,right,200.7,113.4,2000,1,1,2000-01-01,Missouri,2,2023-10-25,2023,2023,Los Angeles Clippers,1,30,30,84,2.0,1.5,0.6,43.2,27.0,66.7,49.4,8.9,0.9
brownla01,Larry Brown,False,,,,,,,,,,,,,,,,,,,,,,,,,,,
brownlo01,Lorenzo Brown,True,PG,right,195.6,85.7,1990,8,26,1990-08-26,NC State,,2013-11-20,2013,2013,Minnesota Timberwolves,2,22,52,,,,,,,,,,
brownmo01,Moses Brown,True,C,right,218.4,111.1,1999,10,13,1999-10-13,UCLA,6,2019-11-10,2019,2023,NBA Draft,,,,163,5.3,4.9,0.2,57.4,,54.4,57.4,18.8,5.4
brownpj01,P.J. Brown,False,,,,,,,,,,,,,,,,,,,,,,,,,,,
brownra02,Randy Brown,False,,,,,,,,,,,,,,,,,,,,,,,,,,,
brownro01,Roger Brown,False,,,,,,,,,,,,,,,,,,,,,,,,,,,
brownsh01,Shannon Brown,False,,,,,,,,,,,,,,,,,,,,,,,,,,,
brownst02,Sterling Brown,True,SG,right,195.6,99.3,1995,2,10,1995-02-10,SMU,6,2017-10-20,2017,2017,Philadelphia 76ers,2,16,46,,,,,,,,,,
browntr01,Troy Brown Jr.,True,SF,right,198.1,97.5,1999,7,28,1999-07-28,Oregon,6,2018-10-24,2018,2018,Washington Wizards,1,15,15,,,,,,,,,,
brunsja01,Jalen Brunson,True,PG,left,188.0,86.2,1996,8,31,1996-08-31,Villanova,7,2018-10-17,2018,2018,Dallas Mavericks,2,3,33,487,18.1,3.2,5.0,48.9,38.9,82.3,54.7,19.1,45.5
bryanca01,Carter Bryant,False,,,,,,,,,,,,,,,,,,,,,,,,,,,
bryanel01,Elijah Bryant,True,SG,right,195.6,95.3,1995,4,19,1995-04-19,Elon University,,2021-05-16,2021,2023,NBA Draft,,,,,,,,,,,,,
bryanem01,Em Bryant,False,,,,,,,,,,,,,,,,,,,,,,,,,,,
bryanko01,Kobe Bryant,False,,,,,,,,,,,,,,,,,,,,,,,,,,,
bryanth01,Thomas Bryant,True,C,right,208.3,112.5,1997,7,31,1997-07-31,Indiana,8,2017-12-23,2017,2017,Utah Jazz,2,12,42,333,8.9,5.1,1.0,58.2,34.6,77.8,62.4,19.4,20.4
buccige01,George Bucci,False,,,,,,,,,,,,,,,,,,,,,,,,,,,
buchash01,Shaq Buchanan,True,SG,right,190.5,86.2,1997,1,30,1997-01-30,Northeast Mississippi Community College,1,2021-12-26,2021,2023,NBA Draft,,,,,,,,,,,,,
bucknqu01,Quinn Buckner,False,,,,,,,,,,,,,,,,,,,,,,,,,,,
buechju01,Jud Buechler,False,,,,,,,,,,,,,,,,,,,,,,,,,,,
bufkiko01,Kobe Bufkin,True,SG,left,193.0,88.5,2003,9,21,2003-09-21,Michigan,2,2023-10-29,2023,2023,Atlanta Hawks,1,15,15,27,5.0,2.0,1.6,37.4,22.0,65.4,42.1,9.7,-0.1
bullama01,Matt Bullard,False,,,,,,,,,,,,,,,,,,,,,,,,,,,
bullore01,Reggie Bullock,True,SF,right,198.1,93.0,1991,3,16,1991-03-16,UNC,11,2013-10-29,2013,2013,Los Angeles Clippers,1,25,25,,,,,,,,,,
burketr01,Trey Burke,True,PG,right,182.9,83.9,1992,11,12,1992-11-12,Michigan,9,2013-11-20,2013,2013,Minnesota Timberwolves,1,9,9,,,,,,,,,,
burksal01,Alec Burks,True,SG,right,198.1,97.1,1991,7,20,1991-07-20,Colorado,14,2011-12-27,2011,2011,Utah Jazz,1,12,12,791,10.6,3.3,1.9,41.5,38.6,80.5,48.8,14.1,31.7
burresc01,Scott Burrell,False,,,,,,,,,,,,,,,,,,,,,,,,,,,
burtode02,Deonte Burton,True,PF,left,193.0,108.9,1994,1,31,1994-01-31,Marquette,3,2018-10-19,2018,2023,NBA Draft,,,,,,,,,,,,,
burtoty01,Tyler Burton,False,,,,,,,,,,,,,,,,,,,,,,,,,,,
busedo01,Don Buse,False,,,,,,,,,,,,,,,,,,,,,,,,,,,
butleal01,Al Butler,False,,,,,,,,,,,,,,,,,,,,,,,,,,,
butleca01,Caron Butler,False,,,,,,,,,,,,,,,,,,,,,,,,,,,
butleja01,Jackie Butler,False,,,,,,,,,,,,,,,,,,,,,,,,,,,
butleja02,Jared Butler,True,PG,right,190.5,88.5,2000,8,25,2000-08-25,Baylor,4,2021-10-20,2021,2021,New Orleans Pelicans,2,10,40,148,6.7,1.5,2.8,45.0,34.1,81.8,52.2,14.5,2.5
butleji01,Jimmy Butler,True,SF,right,200.7,104.3,1989,9,14,1989-09-14,Tyler Junior College,14,2012-01-01,2012,2011,Chicago Bulls,1,30,30,869,18.3,5.3,4.3,47.2,32.8,84.3,50.3,21.7,123.7
butlejo01,John Butler,True,C,right,213.4,79.4,2002,12,4,2002-12-04,Florida State,1,2022-11-05,2022,2023,NBA Draft,,,,,,,,,,,,,
butlela02,Lamont Butler,False,,,,,,,,,,,,,,,,,,,,,,,,,,,
butlemi01,Mike Butler,False,,,,,,,,,,,,,,,,,,,,,,,,,,,
buzelma01,Matas Buzelis,True,SF,right,208.3,94.8,2004,10,13,2004-10-13,,1,2024-10-23,2024,2024,Chicago Bulls,1,11,11,80,8.6,3.5,1.0,45.4,36.1,81.5,54.1,12.5,1.9
bynuman01,Andrew Bynum,False,,,,,,,,,,,,,,,,,,,,,,,,,,,
byrnema01,Marty Byrnes,False,,,,,,,,,,,,,,,,,,,,,,,,,,,
cabocbr01,Bruno Caboclo,True,SF,right,205.7,98.9,1995,9,21,1995-09-21,,7,2014-11-21,2014,2014,Toronto Raptors,1,20,20,,,,,,,,,,
cacokde01,Devontae Cacok,True,PF,right,200.7,108.9,1996,10,8,1996-10-08,UNC Wilmington,3,2020-08-13,2020,2023,NBA Draft,,,,,,,,,,,,,
caffeja01,Jason Caffey,False,,,,,,,,,,,,,,,,,,,,,,,,,,,
cainja01,Jamal Cain,True,PF,right,200.7,86.6,1999,3,20,1999-03-20,Marquette,3,2022-11-12,2022,2023,NBA Draft,,,,81,4.8,2.1,0.5,45.9,33.6,72.6,53.1,12.7,1.7
caldejo01,José Calderón,True,PG,right,190.5,90.7,1981,9,28,1981-09-28,,,2005-11-02,2005,2023,NBA Draft,,,,,,,,,,,,,
caldwad01,Adrian Caldwell,False,,,,,,,,,,,,,,,,,,,,,,,,,,,
caldwke01,Kentavious Caldwell-Pope,True,SG,right,195.6,92.5,1993,2,18,1993-02-18,Georgia,12,2013-10-30,2013,2013,Detroit Pistons,1,8,8,912,11.2,3.0,1.8,42.8,36.7,82.2,51.8,11.6,48.5
calhobi01,Bill Calhoun,False,,,,,,,,,,,,,,,,,,,,,,,,,,,
calhoco01,Corky Calhoun,False,,,,,,,,,,,,,,,,,,,,,,,,,,,
camarto01,Toumani Camara,True,PF,left,203.2,99.8,2000,5,8,2000-05-08,Dayton,2,2023-10-25,2023,2023,Phoenix Suns,2,22,52,148,9.5,5.4,1.8,45.5,36.3,73.8,53.9,11.8,7.2
campafa01,Facundo Campazzo,True,PG,right,177.8,88.5,1991,3,23,1991-03-23,,3,2020-12-23,2020,2023,NBA Draft,,,,,,,,,,,,,
campbel01,Elden Campbell,False,,,,,,,,,,,,,,,,,,,,,,,,,,,
campbto01,Tony Campbell,False,,,,,,,,,,,,,,,,,,,,,,,,,,,
canaais01,Isaiah Canaan,True,PG,right,182.9,91.2,1991,5,21,1991-05-21,Murray State,,2013-12-25,2013,2013,Houston Rockets,2,4,34,,,,,,,,,,
cancavl01,Vlatko Čančar,True,PF,right,203.2,107.0,1997,4,10,1997-04-10,,5,2019-10-31,2019,2017,Denver Nuggets,2,19,49,143,3.4,1.8,0.9,47.2,35.4,84.7,55.6,10.4,2.4
cannade01,Devin Cannady,True,PG,right,188.0,83.0,1996,5,21,1996-05-21,Princeton,2,2021-04-07,2021,2023,NBA Draft,,,,,,,,,,,,,
cannola01,Larry Cannon,False,,,,,,,,,,,,,,,,,,,,,,,,,,,
capelca01,Clint Capela,True,C,right,208.3,108.9,1994,5,18,1994-05-18,,11,2014-11-06,2014,2014,Houston Rockets,1,25,25,664,12.0,10.5,1.0,61.7,0.0,54.4,61.7,21.8,69.6
cardibr01,Brian Cardinal,False,,,,,,,,,,,,,,,,,,,,,,,,,,,
cardwdy01,Dylan Cardwell,False,,,,,,,,,,,,,,,,,,,,,,,,,,,
careyve01,Vernon Carey Jr.,True,C,left,205.7,122.5,2001,2,25,2001-02-25,Duke,3,2020-12-30,2020,2020,Charlotte Hornets,2,2,32,,,,,,,,,,
carliri01,Rick Carlisle,False,,,,,,,,,,,,,,,,,,,,,,,,,,,
carlsbr01,Branden Carlson,True,C,right,213.4,99.8,1999,6,14,1999-06-14,Utah,1,2024-11-25,2024,2023,NBA Draft,,,,32,3.8,1.7,0.4,44.3,33.3,77.8,55.7,17.6,0.9
carlsdo01,Don Carlson,False,,,,,,,,,,,,,,,,,,,,,,,,,,,
carrica01,Bub Carrington,True,PG,right,193.0,86.2,2005,7,21,2005-07-21,Pitt,1,2024-10-24,2024,2024,Portland Trail Blazers,1,14,14,82,9.8,4.2,4.4,40.1,33.9,81.2,49.3,9.0,0.2
carrke01,Kenny Carr,False,,,,,,,,,,,,,,,,,,,,,,,,,,,
carrml01,M.L. Carr,False,,,,,,,,,,,,,,,,,,,,,,,,,,,
carrode01,DeMarre Carroll,True,SF,right,198.1,97.5,1986,7,27,1986-07-27,Vanderbilt,,2009-10-28,2009,2009,Memphis Grizzlies,1,27,27,,,,,,,,,,
cartede02,Devin Carter,True,PG,right,188.0,88.5,2002,3,18,2002-03-18,South Carolina,1,2025-01-03,2025,2024,Sacramento Kings,1,13,13,36,3.8,2.1,1.1,37.0,29.5,59.1,44.1,10.8,0.4
carteje01,Jevon Carter,True,PG,right,185.4,90.7,1995,9,14,1995-09-14,West Virginia,7,2018-12-15,2018,2018,Memphis Grizzlies,2,2,32,412,5.2,1.7,1.6,39.4,37.9,79.9,51.4,10.3,8.5
cartemi01,Michael Carter-Williams,True,PG,right,195.6,86.2,1991,10,10,1991-10-10,Syracuse,9,2013-10-30,2013,2013,Philadelphia 76ers,1,11,11,,,,,,,,,,
cartevi01,Vince Carter,True,SG,right,198.1,99.8,1977,1,26,1977-01-26,UNC,,1999-02-05,1999,1998,Golden State Warriors,1,5,5,,,,,,,,,,
cartewe01,Wendell Carter Jr.,True,C,right,208.3,122.5,1999,4,16,1999-04-16,Duke,7,2018-10-18,2018,2018,Chicago Bulls,1,7,7,383,11.9,8.3,2.0,50.9,31.6,72.9,55.0,16.2,27.1
cartodj01,D.J. Carton,True,SG,left,188.0,90.7,2000,8,5,2000-08-05,Ohio State,2,2024-02-22,2024,2023,NBA Draft,,,,8,1.8,1.0,0.8,26.7,14.3,83.3,30.0,3.7,-0.1
cartwbi01,Bill Cartwright,False,,,,,,,,,,,,,,,,,,,,,,,,,,,
carusal01,Alex Caruso,True,PG,right,195.6,84.4,1994,2,28,1994-02-28,Texas A&M,8,2017-10-19,2017,2023,NBA Draft,,,,417,6.9,2.9,2.8,44.0,37.6,75.8,53.4,12.5,20.6
cassesa01,Sam Cassell,False,,,,,,,,,,,,,,,,,,,,,,,,,,,
casspom01,Omri Casspi,True,SF,right,205.7,102.1,1988,6,22,1988-06-22,,,2009-10-28,2009,2009,Sacramento Kings,1,23,23,,,,,,,,,,
castlco01,Colin Castleton,True,C,right,210.8,113.4,2000,5,25,2000-05-25,Michigan,2,2023-11-04,2023,2023,NBA Draft,,,,42,3.5,3.2,0.7,48.2,12.5,79.5,49.1,11.5,0.8
castlst01,Stephon Castle,True,PG,right,198.1,97.5,2004,11,1,2004-11-01,UConn,1,2024-10-24,2024,2024,San Antonio Spurs,1,4,4,81,14.7,3.7,4.1,42.8,28.5,72.4,47.6,13.7,1.1
caulewi01,Willie Cauley-Stein,True,C,right,213.4,108.9,1993,8,18,1993-08-18,Kentucky,7,2015-10-28,2015,2015,Sacramento Kings,1,6,6,,,,,,,,,,
caupatr01,Troy Caupain,True,PG,right,193.0,95.3,1995,11,29,1995-11-29,Cincinnati,,2018-12-31,2018,2023,NBA Draft,,,,,,,,,,,,,
cavanty01,Tyler Cavanaugh,True,PF,right,205.7,108.0,1994,2,9,1994-02-09,George Washington,,2017-11-05,2017,2023,NBA Draft,,,,,,,,,,,,,
caverah01,Ahmad Caver,True,SG,right,188.0,79.4,1996,9,12,1996-09-12,Old Dominion,1,2022-01-05,2022,2023,NBA Draft,,,,,,,,,,,,,
cazalma01,Malcolm Cazalon,True,SG,left,198.1,96.2,2001,8,27,2001-08-27,,1,2023-11-05,2023,2023,NBA Draft,,,,,,,,,,,,,
celesjo01,John Celestand,False,,,,,,,,,,,,,,,,,,,,,,,,,,,
chalmma01,Mario Chalmers,False,,,,,,,,,,,,,,,,,,,,,,,,,,,
chambwi01,Wilt Chamberlain,False,,,,,,,,,,,,,,,,,,,,,,,,,,,
champju01,Justin Champagnie,True,SF,right,198.1,90.7,2001,6,29,2001-06-29,Pitt,4,2021-10-22,2021,2023,NBA Draft,,,,118,6.1,4.1,0.8,48.7,36.2,73.2,57.3,15.0,3.9
champju02,Julian Champagnie,True,SF,right,203.2,99.8,2001,6,29,2001-06-29,St. John's,3,2022-11-22,2022,2023,NBA Draft,,,,173,8.6,3.4,1.3,41.7,37.2,85.7,54.7,11.7,4.7
chandke01,Kennedy Chandler,True,PG,right,182.9,77.6,2002,9,16,2002-09-16,Tennessee,1,2022-10-22,2022,2022,San Antonio Spurs,2,8,38,,,,,,,,,,
chandty01,Tyson Chandler,True,C,right,213.4,106.6,1982,10,2,1982-10-02,,,2001-10-31,2001,2001,Los Angeles Clippers,1,2,2,,,,,,,,,,
chandwi01,Wilson Chandler,True,SF,right,203.2,106.6,1987,5,10,1987-05-10,DePaul,,2007-11-13,2007,2007,New York Knicks,1,23,23,,,,,,,,,,
chanedo01,Don Chaney,False,,,,,,,,,,,,,,,,,,,,,,,,,,,
chapmwa01,Wayne Chapman,False,,,,,,,,,,,,,,,,,,,,,,,,,,,
chealjo01,Joe Chealey,True,PG,right,190.5,86.2,1995,11,1,1995-11-01,College of Charleston,,2019-01-30,2019,2023,NBA Draft,,,,,,,,,,,,,
cheatzy01,Zylan Cheatham,True,SF,right,195.6,99.8,1995,11,17,1995-11-17,San Diego State,2,2019-11-16,2019,2023,NBA Draft,,,,,,,,,,,,,
cheekma01,Maurice Cheeks,False,,,,,,,,,,,,,,,,,,,,,,,,,,,
cheniph01,Phil Chenier,False,,,,,,,,,,,,,,,,,,,,,,,,,,,
chilcpe01,Pete Chilcutt,False,,,,,,,,,,,,,,,,,,,,,,,,,,,
chiozch01,Chris Chiozza,True,PG,right,180.3,79.4,1995,11,21,1995-11-21,Florida,4,2019-03-24,2019,2023,NBA Draft,,,,,,,,,,,,,
chomcul01,Ulrich Chomche,True,PF,right,208.3,106.6,2005,12,30,2005-12-30,,1,2024-10-23,2024,2024,Memphis Grizzlies,2,27,57,7,0.7,1.1,0.3,40.0,,50.0,40.0,5.2,0.0
choneji01,Jim Chones,False,,,,,,,,,,,,,,,,,,,,,,,,,,,
chrisca02,Cam Christie,True,SG,right,195.6,86.2,2005,7,24,2005-07-24,Minnesota,1,2024-12-04,2024,2024,Los Angeles Clippers,2,16,46,13,1.4,0.9,0.5,29.2,15.4,50.0,33.3,9.1,0.0
chrisjo01,Josh Christopher,True,SG,right,195.6,97.5,2001,12,8,2001-12-08,Arizona State,3,2021-10-20,2021,2021,Houston Rockets,1,24,24,152,6.5,1.8,1.5,45.1,27.3,73.7,49.7,11.9,0.2
chrisma01,Marquese Chriss,True,PF,right,205.7,108.9,1997,7,2,1997-07-02,Washington,6,2016-10-26,2016,2016,Sacramento Kings,1,8,8,,,,,,,,,,
chrisma02,Max Christie,True,SG,right,198.1,86.2,2003,2,10,2003-02-10,Michigan State,3,2022-10-18,2022,2022,Los Angeles Lakers,2,5,35,186,6.2,2.6,1.2,42.6,37.0,84.1,52.3,9.4,4.0
chubist01,Steve Chubin,False,,,,,,,,,,,,,,,,,,,,,,,,,,,
cissemo01,Moussa Cisse,False,,,,,,,,,,,,,,,,,,,,,,,,,,,
cissosi01,Sidy Cissoko,True,SF,right,203.2,90.7,2004,4,2,2004-04-02,,2,2023-11-20,2023,2023,San Antonio Spurs,2,14,44,34,2.3,1.3,0.7,46.0,16.0,62.5,49.2,9.6,0.2
clarkbr01,Brandon Clarke,True,PF,right,203.2,97.5,1996,9,19,1996-09-19,San Jose State,6,2019-10-23,2019,2019,Oklahoma City Thunder,1,21,21,307,10.2,5.5,1.3,60.6,26.6,69.8,61.7,19.8,24.6
clarkca01,Carlos Clark,False,,,,,,,,,,,,,,,,,,,,,,,,,,,
clarkga01,Gary Clark,True,PF,right,198.1,102.1,1994,11,16,1994-11-16,Cincinnati,4,2018-10-17,2018,2023,NBA Draft,,,,,,,,,,,,,
clarkia01,Ian Clark,True,SG,right,190.5,79.4,1991,3,7,1991-03-07,Belmont,,2013-11-01,2013,2023,NBA Draft,,,,,,,,,,,,,
clarkja02,Jaylen Clark,True,SG,right,195.6,93.0,2001,10,13,2001-10-13,UCLA,1,2025-01-09,2025,2023,Minnesota Timberwolves,2,23,53,40,4.1,1.3,0.7,46.7,43.1,78.4,55.8,12.0,1.6
clarkjo01,Jordan Clarkson,True,SG,right,190.5,88.0,1992,6,7,1992-06-07,Tulsa,11,2014-10-28,2014,2014,Washington Wizards,2,16,46,753,16.0,3.4,2.9,43.6,33.6,82.9,50.4,15.3,24.0
clawsjo01,John Clawson,False,,,,,,,,,,,,,,,,,,,,,,,,,,,
claxtni01,Nic Claxton,True,C,left,210.8,97.5,1999,4,17,1999-04-17,Georgia,6,2019-11-08,2019,2019,Brooklyn Nets,2,1,31,311,10.3,7.7,1.7,63.6,20.0,53.7,63.8,18.5,26.1
claxtsp01,Speedy Claxton,False,,,,,,,,,,,,,,,,,,,,,,,,,,,
claytwa01,Walter Clayton,False,,,,,,,,,,,,,,,,,,,,,,,,,,,
cleamji01,Jim Cleamons,False,,,,,,,,,,,,,,,,,,,,,,,,,,,
clemoch01,Chris Clemons,True,SG,right,175.3,81.6,1997,7,23,1997-07-23,Campbell,1,2019-11-03,2019,2023,NBA Draft,,,,,,,,,,,,,
clevean01,Antonius Cleveland,True,SG,right,195.6,88.5,1994,2,2,1994-02-02,SE Missouri State,,2017-11-17,2017,2023,NBA Draft,,,,,,,,,,,,,
clevema01,Matthew Cleveland,False,,,,,,,,,,,,,,,,,,,,,,,,,,,
cliffni01,Nique Clifford,False,,,,,,,,,,,,,,,,,,,,,,,,,,,
clingdo01,Donovan Clingan,True,C,right,218.4,127.0,2004,2,23,2004-02-23,UConn,1,2024-10-23,2024,2024,Portland Trail Blazers,1,7,7,67,6.5,7.9,1.1,53.9,28.6,59.6,56.0,17.4,4.0
clownno01,Noah Clowney,True,PF,right,208.3,95.3,2004,7,14,2004-07-14,Alabama,2,2023-11-25,2023,2023,Brooklyn Nets,1,21,21,69,8.0,3.8,0.8,39.4,33.7,80.0,50.0,10.5,1.3
coffeam01,Amir Coffey,True,SG,left,200.7,95.3,1997,6,17,1997-06-17,Minnesota,6,2019-12-31,2019,2023,NBA Draft,,,,323,6.7,1.9,1.1,45.5,38.4,83.7,54.9,10.8,11.7
colemja01,Jack Coleman,False,,,,,,,,,,,,,,,,,,,,,,,,,,,
coleno01,Norris Cole,False,,,,,,,,,,,,,,,,,,,,,,,,,,,
collida01,Darren Collison,True,PG,right,182.9,79.4,1987,8,23,1987-08-23,UCLA,,2009-10-28,2009,2009,New Orleans Hornets,1,21,21,,,,,,,,,,
colliis01,Isaiah Collier,True,PG,right,190.5,95.3,2004,10,8,2004-10-08,USC,1,2024-11-07,2024,2024,Utah Jazz,1,29,29,71,8.7,3.3,6.3,42.2,24.9,68.2,45.9,9.7,-0.8
collijo01,John Collins,True,PF,right,205.7,106.6,1997,9,23,1997-09-23,Wake Forest,8,2017-10-18,2017,2017,Atlanta Hawks,1,19,19,472,16.0,8.1,1.5,54.6,36.3,79.2,59.1,18.9,39.2
colliyu01,Yuri Collins,True,PG,right,182.9,86.2,2001,3,7,2001-03-07,Saint Louis,1,2025-02-23,2025,2023,NBA Draft,,,,2,1.0,1.5,2.0,33.3,,,33.3,13.9,0.1
colliza01,Zach Collins,True,C,right,210.8,113.4,1997,11,19,1997-11-19,Gonzaga,7,2017-10-20,2017,2017,Sacramento Kings,1,10,10,378,8.0,4.8,1.8,48.2,33.1,76.7,53.3,13.8,11.9
colsobo01,Bonzie Colson,True,SF,right,198.1,101.6,1996,1,12,1996-01-12,Notre Dame,,2019-02-25,2019,2023,NBA Draft,,,,,,,,,,,,,
comanch01,Chance Comanche,True,C,right,208.3,95.3,1996,4,14,1996-04-14,Arizona,1,2023-04-09,2023,2023,NBA Draft,,,,,,,,,,,,,
combsgl01,Glen Combs,False,,,,,,,,,,,,,,,,,,,,,,,,,,,
congdje01,Jeff Congdon,False,,,,,,,,,,,,,,,,,,,,,,,,,,,
conlege01,Gene Conley,False,,,,,,,,,,,,,,,,,,,,,,,,,,,
conlemi01,Mike Conley,True,PG,left,182.9,79.4,1987,10,11,1987-10-11,Ohio State,18,2007-11-07,2007,2007,Memphis Grizzlies,1,4,4,1172,14.1,2.9,5.7,43.8,38.9,82.5,51.1,17.1,105.7
connapa01,Pat Connaughton,True,SG,right,195.6,94.8,1993,1,6,1993-01-06,Notre Dame,10,2015-10-30,2015,2015,Brooklyn Nets,2,11,41,595,6.0,3.4,1.4,43.8,35.6,77.3,55.2,11.2,24.6
cookqu01,Quinn Cook,True,PG,right,185.4,81.6,1993,3,23,1993-03-23,Duke,,2017-02-27,2017,2023,NBA Draft,,,,,,,,,,,,,
cooksxa01,Xavier Cooks,True,PF,right,203.2,83.0,1995,8,19,1995-08-19,Winthrop University,1,2023-03-18,2023,2023,NBA Draft,,,,,,,,,,,,,
cookty01,Tyler Cook,True,PF,right,203.2,115.7,1997,9,23,1997-09-23,Iowa,3,2019-10-26,2019,2023,NBA Draft,,,,,,,,,,,,,
coopemi01,Michael Cooper,False,,,,,,,,,,,,,,,,,,,,,,,,,,,
coopesh01,Sharife Cooper,True,PG,right,185.4,81.6,2001,6,11,2001-06-11,Auburn,1,2021-10-21,2021,2021,Atlanta Hawks,2,18,48,,,,,,,,,,
cornepe01,Petr Cornelie,True,PF,right,210.8,99.8,1995,7,26,1995-07-26,,,2021-10-25,2021,2016,Denver Nuggets,2,23,53,,,,,,,,,,
costela01,Larry Costello,False,,,,,,,,,,,,,,,,,,,,,,,,,,,
coulibi01,Bilal Coulibaly,True,SF,right,203.2,88.5,2004,7,26,2004-07-26,,2,2023-10-25,2023,2023,Indiana Pacers,1,7,7,122,10.3,4.5,2.5,42.7,31.1,72.8,48.7,9.9,0.8
councri01,Ricky Council IV,True,SG,right,198.1,93.0,2001,8,3,2001-08-03,Wichita State,2,2024-01-02,2024,2023,NBA Draft,,,,105,6.7,2.5,1.1,40.2,27.3,78.6,46.0,12.9,1.6
countme01,Mel Counts,False,,,,,,,,,,,,,,,,,,,,,,,,,,,
courtjo01,Joe Courtney,False,,,,,,,,,,,,,,,,,,,,,,,,,,,
couside01,DeMarcus Cousins,True,C,right,208.3,122.5,1990,8,13,1990-08-13,Kentucky,,2010-10-27,2010,2010,Sacramento Kings,1,5,5,,,,,,,,,,
cousybo01,Bob Cousy,False,,,,,,,,,,,,,,,,,,,,,,,,,,,
covinro01,Robert Covington,True,SF,right,200.7,94.8,1990,12,14,1990-12-14,Tennessee State,11,2014-01-18,2014,2023,NBA Draft,,,,,,,,,,,,,
cowarce01,Cedric Coward,False,,,,,,,,,,,,,,,,,,,,,,,,,,,
cowenda01,Dave Cowens,False,,,,,,,,,,,,,,,,,,,,,,,,,,,
crabbal01,Allen Crabbe,True,SG,right,195.6,96.2,1992,4,9,1992-04-09,California,7,2013-11-01,2013,2013,Cleveland Cavaliers,2,1,31,,,,,,,,,,
craigto01,Torrey Craig,True,SF,right,200.7,100.2,1990,12,19,1990-12-19,USC Upstate,8,2017-11-28,2017,2023,NBA Draft,,,,458,5.9,3.9,1.0,45.2,35.4,70.1,54.5,11.3,17.2
crawfis01,Isaiah Crawford,True,SF,right,198.1,99.8,2001,11,1,2001-11-01,Louisiana Tech,1,2024-12-08,2024,2023,NBA Draft,,,,15,0.9,0.5,0.1,45.5,20.0,50.0,50.0,9.2,0.0
crawfja01,Jamal Crawford,True,SG,right,195.6,83.9,1980,3,20,1980-03-20,Michigan,,2000-10-31,2000,2000,Cleveland Cavaliers,1,8,8,,,,,,,,,,
creekmi01,Mitch Creek,True,SF,right,195.6,98.0,1992,4,27,1992-04-27,,,2019-01-25,2019,2023,NBA Draft,,,,,,,,,,,,,
crispjo01,Joe Crispin,False,,,,,,,,,,,,,,,,,,,,,,,,,,,
critcru01,Russ Critchfield,False,,,,,,,,,,,,,,,,,,,,,,,,,,,
crowdja01,Jae Crowder,True,SF,right,198.1,106.6,1990,7,6,1990-07-06,Marquette,13,2012-10-30,2012,2012,Cleveland Cavaliers,2,4,34,812,9.3,4.2,1.6,41.8,34.7,77.7,51.8,12.5,43.0
crowlst01,Steven Crowl,False,,,,,,,,,,,,,,,,,,,,,,,,,,,
crutcja01,Jalen Crutcher,True,PG,right,188.0,79.4,1999,7,18,1999-07-18,Dayton,1,2024-02-27,2024,2023,NBA Draft,,,,,,,,,,,,,
cuiyo01,Cui Yongxi,True,SG,right,198.1,86.2,2003,5,28,2003-05-28,,1,2024-10-27,2024,2023,NBA Draft,,,,5,0.6,0.4,0.0,14.3,0.0,50.0,14.3,-10.7,-0.1
culveja01,Jarrett Culver,True,SG,right,198.1,88.5,1999,2,20,1999-02-20,Texas Tech,4,2019-10-23,2019,2019,Phoenix Suns,1,6,6,,,,,,,,,,
cumbeja01,Jarron Cumberland,True,SG,right,195.6,93.0,1997,9,22,1997-09-22,Cincinnati,,2021-12-27,2021,2023,NBA Draft,,,,,,,,,,,,,
cunnibi01,Billy Cunningham,False,,,,,,,,,,,,,,,,,,,,,,,,,,,
cunnica01,Cade Cunningham,True,PG,right,198.1,99.8,2001,9,25,2001-09-25,Oklahoma State,4,2021-10-30,2021,2021,Detroit Pistons,1,1,1,208,22.1,5.4,7.4,44.6,33.9,85.3,49.7,16.9,7.0
cunnida01,Dante Cunningham,True,PF,right,203.2,104.3,1987,4,22,1987-04-22,Villanova,,2009-11-08,2009,2009,Portland Trail Blazers,2,3,33,,,,,,,,,,
cunnidi01,Dick Cunningham,False,,,,,,,,,,,,,,,,,,,,,,,,,,,
cunnija01,Jared Cunningham,False,,,,,,,,,,,,,,,,,,,,,,,,,,,
curetea01,Earl Cureton,False,,,,,,,,,,,,,,,,,,,,,,,,,,,
curryed01,Eddy Curry,False,,,,,,,,,,,,,,,,,,,,,,,,,,,
curryse01,Seth Curry,True,SG,right,185.4,83.9,1990,8,23,1990-08-23,Liberty,11,2014-01-05,2014,2023,NBA Draft,,,,550,10.0,2.0,1.9,47.1,43.3,86.3,58.2,13.4,24.9
curryst01,Stephen Curry,True,PG,right,188.0,83.9,1988,3,14,1988-03-14,Davidson,16,2009-10-28,2009,2009,Golden State Warriors,1,7,7,1026,24.7,4.7,6.4,47.1,42.3,91.1,58.2,23.5,143.1
dadiepa01,Pacome Dadiet,True,SG,right,200.7,95.3,2005,7,27,2005-07-27,,1,2024-10-22,2024,2024,New York Knicks,1,25,25,18,1.7,1.0,0.3,32.3,31.6,66.7,41.9,6.3,0.0
dainjda01,Dain Dainja,False,,,,,,,,,,,,,,,,,,,,,,,,,,,
dallmho01,Howie Dallmar,False,,,,,,,,,,,,,,,,,,,,,,,,,,,
dampilo01,Louie Dampier,False,,,,,,,,,,,,,,,,,,,,,,,,,,,
dandrbo01,Bob Dandridge,False,,,,,,,,,,,,,,,,,,,,,,,,,,,
daniean01,Antonio Daniels,False,,,,,,,,,,,,,,,,,,,,,,,,,,,
daniedy01,Dyson Daniels,True,PG,right,203.2,90.3,2003,3,17,2003-03-17,,3,2022-10-19,2022,2022,New Orleans Pelicans,1,8,8,196,8.4,4.5,3.2,47.2,32.7,61.4,52.4,13.2,9.2
danieme01,Mel Daniels,False,,,,,,,,,,,,,,,,,,,,,,,,,,,
danietr01,Troy Daniels,True,SG,right,193.0,90.7,1991,7,15,1991-07-15,VCU,,2014-03-05,2014,2023,NBA Draft,,,,,,,,,,,,,
dantlad01,Adrian Dantley,False,,,,,,,,,,,,,,,,,,,,,,,,,,,
dardeol01,Ollie Darden,False,,,,,,,,,,,,,,,,,,,,,,,,,,,
darlina01,Nate Darling,True,SG,right,198.1,90.7,1998,8,30,1998-08-30,UAB,1,2021-03-13,2021,2023,NBA Draft,,,,,,,,,,,,,
dasiltr01,Tristan Da Silva,True,SF,right,203.2,98.4,2001,5,15,2001-05-15,Colorado,1,2024-10-23,2024,2024,Orlando Magic,1,18,18,74,7.2,3.3,1.5,41.2,33.5,87.3,49.5,9.9,2.5
daviebo01,Bob Davies,False,,,,,,,,,,,,,,,,,,,,,,,,,,,
davisan02,Anthony Davis,True,C,right,208.3,114.8,1993,3,11,1993-03-11,Kentucky,13,2012-10-31,2012,2012,New Orleans Hornets,1,1,1,787,24.1,10.7,2.6,52.2,29.6,79.4,53.6,26.8,118.8
davisde01,Deyonta Davis,True,C,right,210.8,107.5,1996,12,2,1996-12-02,Michigan State,,2016-10-26,2016,2016,Boston Celtics,2,1,31,,,,,,,,,,
davised01,Ed Davis,True,PF,left,205.7,98.9,1989,6,5,1989-06-05,UNC,,2010-12-01,2010,2010,Toronto Raptors,1,13,13,,,,,,,,,,
davisgl01,Glen Davis,False,,,,,,,,,,,,,,,,,,,,,,,,,,,
davishu01,Hubert Davis,False,,,,,,,,,,,,,,,,,,,,,,,,,,,
davisjd01,JD Davison,True,SG,right,185.4,88.5,2002,10,3,2002-10-03,Alabama,3,2022-11-11,2022,2022,Boston Celtics,2,23,53,36,1.9,0.9,0.9,38.5,28.1,69.2,45.4,10.1,0.1
davisjo01,Johnny Davis,False,,,,,,,,,,,,,,,,,,,,,,,,,,,
davisjo06,Johnny Davis,True,SG,right,195.6,88.9,2002,2,27,2002-02-27,Wisconsin,3,2022-10-25,2022,2022,Washington Wizards,1,10,10,112,3.5,1.6,0.6,39.7,27.3,56.1,44.4,7.3,-0.4
davisrj01,RJ Davis,False,,,,,,,,,,,,,,,,,,,,,,,,,,,
daviste02,Terence Davis,True,SG,right,193.0,91.2,1997,5,16,1997-05-16,Ole Miss,5,2019-10-22,2019,2023,NBA Draft,,,,228,8.0,2.7,1.3,43.3,36.6,82.6,54.2,13.3,5.3
davisty01,Tyler Davis,True,C,right,208.3,120.7,1997,5,22,1997-05-22,Texas A&M,,2018-11-28,2018,2023,NBA Draft,,,,,,,,,,,,,
daviswa01,Walt Davis,False,,,,,,,,,,,,,,,,,,,,,,,,,,,
dawkida01,Darryl Dawkins,False,,,,,,,,,,,,,,,,,,,,,,,,,,,
dayeau01,Austin Daye,False,,,,,,,,,,,,,,,,,,,,,,,,,,,
daysda01,Darius Days,True,PF,right,200.7,111.1,1999,10,20,1999-10-20,LSU,1,2023-02-06,2023,2023,NBA Draft,,,,,,,,,,,,,
debusda01,Dave DeBusschere,False,,,,,,,,,,,,,,,,,,,,,,,,,,,
deckga01,Gabriel Deck,True,PF,right,203.2,105.2,1995,2,8,1995-02-08,,,2021-04-29,2021,2023,NBA Draft,,,,,,,,,,,,,
decolna01,Nando De Colo,False,,,,,,,,,,,,,,,,,,,,,,,,,,,
dedmode01,Dewayne Dedmon,True,C,right,213.4,111.1,1989,8,12,1989-08-12,USC,10,2013-11-18,2013,2023,NBA Draft,,,,,,,,,,,,,
degenty01,Tyson Degenhart,False,,,,,,,,,,,,,,,,,,,,,,,,,,,
dekkesa01,Sam Dekker,True,PF,right,205.7,104.3,1994,5,6,1994-05-06,Wisconsin,,2015-10-28,2015,2015,Houston Rockets,1,18,18,,,,,,,,,,
delauja01,Javin DeLaurier,True,C,right,208.3,107.5,1998,4,7,1998-04-07,Duke,,2022-01-01,2022,2023,NBA Draft,,,,,,,,,,,,,
delebi01,Bison Dele,False,,,,,,,,,,,,,,,,,,,,,,,,,,,
delgaan01,Ángel Delgado,True,C,right,208.3,111.1,1994,11,20,1994-11-20,Seton Hall,,2019-02-07,2019,2023,NBA Draft,,,,,,,,,,,,,
dellama01,Matthew Dellavedova,True,PG,right,190.5,90.7,1990,9,8,1990-09-08,Saint Mary's,9,2013-11-02,2013,2023,NBA Draft,,,,,,,,,,,,,
dembofe01,Fennis Dembo,False,,,,,,,,,,,,,,,,,,,,,,,,,,,
demineg01,Egor Demin,False,,,,,,,,,,,,,,,,,,,,,,,,,,,
dempsge01,George Dempsey,False,,,,,,,,,,,,,,,,,,,,,,,,,,,
denglu01,Luol Deng,True,SF,right,205.7,107.5,1985,4,16,1985-04-16,Duke,,2004-11-05,2004,2004,Phoenix Suns,1,7,7,,,,,,,,,,
dennide01,Dexter Dennis,True,SG,right,195.6,95.3,1999,2,9,1999-02-09,Wichita State,1,2023-12-01,2023,2023,NBA Draft,,,,,,,,,,,,,
dennira01,RayJ Dennis,True,PG,right,188.0,81.6,2001,3,30,2001-03-30,Boise State,1,2025-01-10,2025,2023,NBA Draft,,,,11,2.7,1.1,1.3,33.3,28.6,100.0,42.4,13.9,0.1
derozde01,DeMar DeRozan,True,SG,right,198.1,99.8,1989,8,7,1989-08-07,USC,16,2009-10-28,2009,2009,Toronto Raptors,1,9,9,1187,21.3,4.4,4.1,46.9,30.0,84.2,48.5,18.9,108.5
derrima01,Marcus Derrickson,True,PF,right,200.7,112.9,1996,2,1,1996-02-01,Georgetown,,2018-11-10,2018,2023,NBA Draft,,,,,,,,,,,,,
diabamo01,Moussa Diabaté,True,C,right,210.8,95.3,2002,1,21,2002-01-21,Michigan,3,2022-10-27,2022,2022,Los Angeles Clippers,2,13,43,104,4.7,4.9,0.6,58.1,12.5,60.3,58.2,16.6,4.0
diakima01,Mamadi Diakite,True,PF,right,205.7,103.4,1997,1,21,1997-01-21,Virginia,4,2021-03-11,2021,2023,NBA Draft,,,,,,,,,,,,,
diallch01,Cheick Diallo,True,C,right,203.2,99.3,1996,9,13,1996-09-13,Kansas,5,2016-10-29,2016,2016,Los Angeles Clippers,2,3,33,,,,,,,,,,
diallha01,Hamidou Diallo,True,SF,right,195.6,91.6,1998,7,31,1998-07-31,Kentucky,6,2018-10-16,2018,2018,Brooklyn Nets,2,15,45,,,,,,,,,,
diawamo01,Mohamed Diawara,False,,,,,,,,,,,,,,,,,,,,,,,,,,,
diawbo01,Boris Diaw,False,,,,,,,,,,,,,,,,,,,,,,,,,,,
dickede01,Derrek Dickey,False,,,,,,,,,,,,,,,,,,,,,,,,,,,
dickgr01,Gradey Dick,True,SG,right,198.1,93.0,2003,11,20,2003-11-20,Kansas,2,2023-10-25,2023,2023,Toronto Raptors,1,13,13,114,11.3,2.9,1.5,41.6,35.6,85.9,50.8,10.0,1.6
dickihu01,Hunter Dickinson,False,,,,,,,,,,,,,,,,,,,,,,,,,,,
dienggo01,Gorgui Dieng,True,C,right,208.3,114.3,1990,1,18,1990-01-18,Louisville,,2013-11-01,2013,2013,Utah Jazz,1,21,21,,,,,,,,,,
diengou01,Ousmane Dieng,True,PF,right,208.3,100.7,2003,5,21,2003-05-21,,3,2022-10-19,2022,2022,New York Knicks,1,11,11,109,4.3,2.2,1.0,42.4,29.3,72.7,50.7,10.2,1.7
dillcr01,Craig Dill,False,,,,,,,,,,,,,,,,,,,,,,,,,,,
dilliro01,Rob Dillingham,True,PG,right,185.4,79.8,2005,1,4,2005-01-04,Kentucky,1,2024-11-02,2024,2024,San Antonio Spurs,1,8,8,49,4.5,1.0,2.0,44.1,33.8,53.3,50.0,10.2,0.1
dinwisp01,Spencer Dinwiddie,True,PG,right,195.6,97.5,1993,4,6,1993-04-06,Colorado,11,2014-10-29,2014,2014,Detroit Pistons,2,8,38,621,13.0,3.0,5.1,41.4,33.3,79.6,49.1,14.7,36.0
divindo01,Donte DiVincenzo,True,SG,right,193.0,92.1,1997,1,31,1997-01-31,Villanova,7,2018-10-17,2018,2018,Milwaukee Bucks,1,17,17,416,10.7,4.3,2.9,42.7,38.0,77.2,55.0,13.6,23.9
dixoner01,Eric Dixon,False,,,,,,,,,,,,,,,,,,,,,,,,,,,
djurini01,Nikola Djurisic,False,,,,,,,,,,,,,,,,,,,,,,,,,,,
doleami01,Michael Doleac,False,,,,,,,,,,,,,,,,,,,,,,,,,,,
doncilu01,Luka Dončić,True,PG,right,198.1,104.3,1999,2,28,1999-02-28,,7,2018-10-17,2018,2018,Atlanta Hawks,1,3,3,450,28.6,8.6,8.2,46.8,35.0,75.1,54.2,25.5,57.1
dorsety01,Tyler Dorsey,True,SG,right,195.6,83.0,1996,2,18,1996-02-18,Oregon,3,2017-10-20,2017,2017,Atlanta Hawks,2,11,41,,,,,,,,,,
dortlu01,Luguentz Dort,True,SF,right,193.0,99.8,1999,4,19,1999-04-19,Arizona State,6,2019-12-06,2019,2023,NBA Draft,,,,363,12.2,3.9,1.6,40.8,36.0,79.0,50.7,11.0,15.6
dosunay01,Ayo Dosunmu,True,SG,right,195.6,90.7,2000,1,17,2000-01-17,Illinois,4,2021-10-20,2021,2021,Chicago Bulls,2,8,38,279,10.2,2.9,3.3,50.2,36.1,77.3,57.0,11.8,12.6
dotsoda01,Damyean Dotson,True,SG,right,195.6,95.3,1994,5,6,1994-05-06,Oregon,,2017-10-19,2017,2017,New York Knicks,2,14,44,,,,,,,,,,
dotsode01,Devon Dotson,True,PG,right,188.0,83.9,1999,8,2,1999-08-02,Kansas,3,2021-01-01,2021,2023,NBA Draft,,,,,,,,,,,,,
doumbse01,Sekou Doumbouya,True,PF,right,203.2,104.3,2000,12,23,2000-12-23,,3,2019-11-23,2019,2019,Detroit Pistons,1,15,15,,,,,,,,,,
downist01,Steve Downing,False,,,,,,,,,,,,,,,,,,,,,,,,,,,
dowtije01,Jeff Dowtin Jr.,True,PG,right,190.5,83.9,1997,5,10,1997-05-10,Rhode Island,4,2021-11-03,2021,2023,NBA Draft,,,,87,4.8,1.4,1.7,47.3,37.7,73.3,53.4,14.1,2.3
doziepj01,PJ Dozier,True,SG,right,198.1,93.0,1996,10,25,1996-10-25,South Carolina,7,2018-02-08,2018,2023,NBA Draft,,,,130,5.4,2.6,1.6,40.3,31.1,64.7,46.6,10.3,1.8
dragigo01,Goran Dragić,True,PG,left,193.0,86.2,1986,5,6,1986-05-06,,,2008-10-29,2008,2008,San Antonio Spurs,2,15,45,,,,,,,,,,
drellhe01,Henri Drell,True,SF,right,205.7,84.8,2000,4,25,2000-04-25,,1,2024-03-14,2024,2023,NBA Draft,,,,,,,,,,,,,
drexlcl01,Clyde Drexler,False,,,,,,,,,,,,,,,,,,,,,,,,,,,
drumman01,Andre Drummond,True,C,right,210.8,126.6,1993,8,10,1993-08-10,UConn,13,2012-10-31,2012,2012,Detroit Pistons,1,9,9,904,12.5,12.1,1.2,54.2,12.9,48.6,54.3,21.7,76.6
duartch01,Chris Duarte,True,SF,right,198.1,86.2,1997,6,13,1997-06-13,Oregon,4,2021-10-20,2021,2021,Indiana Pacers,1,13,13,177,7.6,2.6,1.3,40.6,34.9,81.3,48.9,10.5,1.9
ducasal01,Alex Ducas,True,SG,right,198.1,100.7,2000,12,11,2000-12-11,Saint Mary's,1,2024-10-24,2024,2023,NBA Draft,,,,21,1.7,1.2,0.2,40.0,47.6,100.0,56.7,10.1,0.3
dudlech01,Charles Dudley,False,,,,,,,,,,,,,,,,,,,,,,,,,,,
dudleja01,Jared Dudley,True,PF,right,198.1,107.5,1985,7,10,1985-07-10,Boston College,,2007-11-02,2007,2007,Charlotte Bobcats,1,22,22,,,,,,,,,,
duerote01,Terry Duerod,False,,,,,,,,,,,,,,,,,,,,,,,,,,,
dukeda01,David Duke Jr.,True,SG,right,195.6,93.0,1999,10,13,1999-10-13,Providence,4,2021-12-08,2021,2023,NBA Draft,,,,55,4.2,2.0,0.9,41.7,26.2,76.7,45.4,10.0,0.4
dumarjo01,Joe Dumars,False,,,,,,,,,,,,,,,,,,,,,,,,,,,
duncati01,Tim Duncan,False,,,,,,,,,,,,,,,,,,,,,,,,,,,
dunnkr01,Kris Dunn,True,PG,right,190.5,93.0,1994,3,18,1994-03-18,Providence,9,2016-10-26,2016,2016,Minnesota Timberwolves,1,5,5,407,7.7,3.3,4.0,43.7,32.7,73.6,48.2,12.3,11.8
dunnry01,Ryan Dunn,True,SF,right,198.1,98.0,2003,1,7,2003-01-07,Virginia,1,2024-10-23,2024,2024,Denver Nuggets,1,28,28,74,6.9,3.6,0.8,43.0,31.1,48.7,51.6,10.7,1.0
duranke01,Kevin Durant,True,SF,right,210.8,108.9,1988,9,29,1988-09-29,Texas,17,2007-10-31,2007,2007,Seattle SuperSonics,1,2,2,1123,27.2,7.0,4.4,50.2,39.0,88.2,55.4,24.8,175.4
durenja01,Jalen Duren,True,C,right,208.3,113.4,2003,11,18,2003-11-18,Memphis,3,2022-10-19,2022,2022,Charlotte Hornets,1,13,13,206,11.5,10.2,2.1,65.3,0.0,69.1,65.3,19.3,18.6
duvaltr01,Trevon Duval,True,PG,right,188.0,85.7,1998,8,3,1998-08-03,Duke,1,2019-02-08,2019,2023,NBA Draft,,,,,,,,,,,,,
dwanja01,Jack Dwan,False,,,,,,,,,,,,,,,,,,,,,,,,,,,
eakinji01,Jim Eakins,False,,,,,,,,,,,,,,,,,,,,,,,,,,,
easonta01,Tari Eason,True,PF,right,203.2,98.0,2001,5,10,2001-05-10,Cincinnati,3,2022-10-19,2022,2022,Houston Rockets,1,17,17,161,10.3,6.3,1.2,46.6,34.5,74.1,51.6,16.7,8.8
echenja01,Jaime Echenique,True,C,right,210.8,117.0,1997,4,27,1997-04-27,Trinity Valley CC,1,2021-12-30,2021,2023,NBA Draft,,,,,,,,,,,,,
edeyza01,Zach Edey,True,C,right,223.5,138.3,2002,5,14,2002-05-14,Purdue,1,2024-10-23,2024,2024,Memphis Grizzlies,1,9,9,66,9.2,8.3,1.0,58.0,34.6,70.9,60.0,18.2,4.9
edgecvj01,VJ Edgecombe,False,,,,,,,,,,,,,,,,,,,,,,,,,,,
edmonbo01,Bobby Edmonds,False,,,,,,,,,,,,,,,,,,,,,,,,,,,
edwaran01,Anthony Edwards,True,SG,right,193.0,102.1,2001,8,5,2001-08-05,Georgia,5,2020-12-23,2020,2020,Minnesota Timberwolves,1,1,1,381,23.9,5.3,4.2,44.6,36.4,80.4,52.4,17.7,24.8
edwarca01,Carsen Edwards,True,SG,right,180.3,90.7,1998,3,12,1998-03-12,Purdue,3,2019-10-23,2019,2019,Philadelphia 76ers,2,3,33,,,,,,,,,,
edwarfr01,Franklin Edwards,False,,,,,,,,,,,,,,,,,,,,,,,,,,,
edwarja01,James Edwards,False,,,,,,,,,,,,,,,,,,,,,,,,,,,
edwarje01,Jesse Edwards,True,C,right,210.8,104.3,2000,3,18,2000-03-18,West Virginia,1,2025-03-02,2025,2023,NBA Draft,,,,2,0.0,0.0,0.5,,,,,-0.1,0.0
edwarju01,Justin Edwards,True,SF,left,198.1,92.1,2003,12,16,2003-12-16,Kentucky,1,2024-11-24,2024,2023,NBA Draft,,,,44,10.1,3.4,1.6,45.5,36.3,69.6,54.6,11.3,0.9
edwarke02,Kessler Edwards,True,SF,right,203.2,97.5,2000,8,9,2000-08-09,Pepperdine,4,2021-11-16,2021,2021,Brooklyn Nets,2,14,44,178,3.6,2.2,0.6,42.8,36.0,78.6,52.1,9.4,2.7
edwarro01,Rob Edwards,True,SG,right,195.6,93.0,1997,1,20,1997-01-20,Cleveland State University,1,2021-12-29,2021,2023,NBA Draft,,,,,,,,,,,,,
edwarvi01,Vince Edwards,True,SF,right,203.2,102.1,1996,4,5,1996-04-05,Purdue,1,2018-11-15,2018,2018,Utah Jazz,2,22,52,,,,,,,,,,
eliema01,Mario Elie,False,,,,,,,,,,,,,,,,,,,,,,,,,,,
ellebcj01,CJ Elleby,True,SF,left,198.1,90.7,2000,6,16,2000-06-16,Washington State,2,2020-12-23,2020,2020,Portland Trail Blazers,2,16,46,,,,,,,,,,
ellefra01,Ray Ellefson,False,,,,,,,,,,,,,,,,,,,,,,,,,,,
ellenhe01,Henry Ellenson,True,PF,right,208.3,108.9,1997,1,13,1997-01-13,Marquette,,2016-10-26,2016,2016,Detroit Pistons,1,18,18,,,,,,,,,,
ellinwa01,Wayne Ellington,True,SG,right,193.0,93.9,1987,11,29,1987-11-29,UNC,,2009-10-28,2009,2009,Minnesota Timberwolves,1,28,28,,,,,,,,,,
elliose01,Sean Elliott,False,,,,,,,,,,,,,,,,,,,,,,,,,,,
elliske01,Keon Ellis,True,SG,right,198.1,79.4,2000,1,8,2000-01-08,Florida SouthWestern State College,3,2022-11-17,2022,2023,NBA Draft,,,,153,6.5,2.2,1.4,47.9,42.9,80.5,63.0,13.0,7.5
ellisle01,Leroy Ellis,False,,,,,,,,,,,,,,,,,,,,,,,,,,,
elsonfr01,Francisco Elson,False,,,,,,,,,,,,,,,,,,,,,,,,,,,
elyme01,Melvin Ely,False,,,,,,,,,,,,,,,,,,,,,,,,,,,
embiijo01,Joel Embiid,True,C,right,213.4,127.0,1994,3,16,1994-03-16,Kansas,9,2016-10-26,2016,2014,Philadelphia 76ers,1,3,3,452,27.7,11.0,3.7,50.1,33.9,82.8,53.4,28.2,64.9
embrywa01,Wayne Embry,False,,,,,,,,,,,,,,,,,,,,,,,,,,,
englijo01,Jo Jo English,False,,,,,,,,,,,,,,,,,,,,,,,,,,,
ennisja01,James Ennis III,True,SF,right,198.1,97.5,1990,7,1,1990-07-01,Cal State Long Beach,,2014-10-29,2014,2013,Atlanta Hawks,2,20,50,,,,,,,,,,
erickke01,Keith Erickson,False,,,,,,,,,,,,,,,,,,,,,,,,,,,
ervinju01,Julius Erving,False,,,,,,,,,,,,,,,,,,,,,,,,,,,
essenno01,Noa Essengue,False,,,,,,,,,,,,,,,,,,,,,,,,,,,
etienty01,Tyson Etienne,True,PG,right,188.0,92.1,1999,9,17,1999-09-17,Wichita State,1,2025-03-28,2025,2023,NBA Draft,,,,7,7.9,1.3,1.7,32.7,29.5,80.0,45.2,5.6,-0.1
eubandr01,Drew Eubanks,True,C,right,205.7,111.1,1997,2,1,1997-02-01,Oregon State,7,2018-10-20,2018,2023,NBA Draft,,,,384,5.7,4.4,1.0,60.4,39.6,72.5,61.1,16.4,15.9
evansja01,Jawun Evans,True,PG,right,182.9,83.9,1996,7,26,1996-07-26,Oklahoma State,,2017-10-30,2017,2017,Philadelphia 76ers,2,9,39,,,,,,,,,,
evansja02,Jacob Evans,True,SG,right,193.0,95.3,1997,6,18,1997-06-18,Cincinnati,2,2018-10-22,2018,2018,Golden State Warriors,1,28,28,,,,,,,,,,
evansty01,Tyreke Evans,True,SG,right,198.1,99.8,1989,9,19,1989-09-19,Memphis,,2009-10-28,2009,2009,Sacramento Kings,1,4,4,,,,,,,,,,
evbuoto01,Tosan Evbuomwan,True,SF,right,203.2,99.3,2001,2,16,2001-02-16,Princeton,2,2024-02-02,2024,2023,NBA Draft,,,,45,8.2,4.0,1.6,44.7,33.0,73.5,50.9,11.0,1.2
exumda01,Dante Exum,True,PG,right,195.6,97.1,1995,7,13,1995-07-13,,8,2014-10-29,2014,2014,Utah Jazz,1,5,5,320,6.2,1.9,2.3,43.5,34.3,76.5,50.7,9.6,6.6
ezelife01,Festus Ezeli,False,,,,,,,,,,,,,,,,,,,,,,,,,,,
faircjo01,John Fairchild,False,,,,,,,,,,,,,,,,,,,,,,,,,,,
fallta01,Tacko Fall,True,C,right,228.6,141.1,1995,12,10,1995-12-10,Central Florida,,2019-10-26,2019,2023,NBA Draft,,,,,,,,,,,,,
farieke01,Kenneth Faried,True,PF,right,203.2,99.8,1989,11,19,1989-11-19,Morehead State University,,2011-12-28,2011,2011,Denver Nuggets,1,22,22,,,,,,,,,,
farledi01,Dick Farley,False,,,,,,,,,,,,,,,,,,,,,,,,,,,
farmajo01,Jordan Farmar,False,,,,,,,,,,,,,,,,,,,,,,,,,,,
favorde01,Derrick Favors,True,PF,right,205.7,120.2,1991,7,15,1991-07-15,Georgia Tech,12,2010-10-27,2010,2010,New Jersey Nets,1,3,3,,,,,,,,,,
fearsje01,Jeremiah Fears,False,,,,,,,,,,,,,,,,,,,,,,,,,,,
feliccr01,Cristiano Felício,True,C,right,210.8,122.5,1992,7,7,1992-07-07,,,2015-11-09,2015,2023,NBA Draft,,,,,,,,,,,,,
feltora01,Raymond Felton,True,PG,right,185.4,93.0,1984,6,26,1984-06-26,UNC,,2005-11-02,2005,2005,Charlotte Bobcats,1,5,5,,,,,,,,,,
fergute01,Terrance Ferguson,True,SG,right,198.1,86.2,1998,5,17,1998-05-17,,,2017-10-19,2017,2017,Oklahoma City Thunder,1,21,21,,,,,,,,,,
fernabr01,Bruno Fernando,True,C,right,205.7,108.9,1998,8,15,1998-08-15,Maryland,6,2019-10-24,2019,2019,Philadelphia 76ers,2,4,34,220,4.0,3.2,0.7,54.3,12.2,65.3,54.8,13.9,3.8
fernser01,Eric Fernsten,False,,,,,,,,,,,,,,,,,,,,,,,,,,,
ferreyo01,Yogi Ferrell,True,PG,right,182.9,80.7,1993,5,9,1993-05-09,Indiana,,2016-11-09,2016,2023,NBA Draft,,,,,,,,,,,,,
ferriar01,Arnie Ferrin,False,,,,,,,,,,,,,,,,,,,,,,,,,,,
ferryda01,Danny Ferry,False,,,,,,,,,,,,,,,,,,,,,,,,,,,
filipky01,Kyle Filipowski,True,C,right,210.8,113.4,2003,11,7,2003-11-07,Duke,1,2024-10-25,2024,2024,Utah Jazz,2,2,32,72,9.6,6.1,1.9,50.2,35.0,65.0,57.6,14.9,2.5
finkeha01,Hank Finkel,False,,,,,,,,,,,,,,,,,,,,,,,,,,,
finlemi01,Michael Finley,False,,,,,,,,,,,,,,,,,,,,,,,,,,,
finnedo01,Dorian Finney-Smith,True,PF,right,200.7,99.8,1993,5,4,1993-05-04,Florida,9,2016-10-26,2016,2023,NBA Draft,,,,591,8.3,4.5,1.4,43.6,36.2,71.8,54.8,10.7,28.4
fishede01,Derek Fisher,False,,,,,,,,,,,,,,,,,,,,,,,,,,,
fitchge01,Gerald Fitch,False,,,,,,,,,,,,,,,,,,,,,,,,,,,
fittsma01,Malik Fitts,True,PF,right,203.2,104.3,1997,7,4,1997-07-04,South Florida,2,2021-04-09,2021,2023,NBA Draft,,,,,,,,,,,,,
flaggco01,Cooper Flagg,False,,,,,,,,,,,,,,,,,,,,,,,,,,,
flaglad01,Adam Flagler,True,SG,right,190.5,88.5,1999,12,1,1999-12-01,Presbyterian College,2,2024-02-23,2024,2023,NBA Draft,,,,39,1.7,0.7,0.4,25.2,19.2,50.0,32.5,3.5,-0.3
fleisje01,Jerry Fleishman,False,,,,,,,,,,,,,,,,,,,,,,,,,,,
flemira01,Rasheer Fleming,False,,,,,,,,,,,,,,,,,,,,,,,,,,,
flowetr01,Trentyn Flowers,True,SF,right,200.7,83.9,2005,3,8,2005-03-08,,1,2024-12-04,2024,2023,NBA Draft,,,,6,1.8,0.7,0.0,36.4,0.0,100.0,36.4,4.3,0.0
flynnma01,Malachi Flynn,True,PG,right,185.4,79.4,1998,5,10,1998-05-10,San Diego State,5,2020-12-23,2020,2020,Toronto Raptors,1,29,29,217,5.5,1.7,1.9,38.7,33.3,74.7,47.2,10.9,2.9
foleyja01,Jack Foley,False,,,,,,,,,,,,,,,,,,,,,,,,,,,
fontesi01,Simone Fontecchio,True,SF,right,203.2,94.8,1995,12,9,1995-12-09,,3,2022-10-19,2022,2023,NBA Draft,,,,193,7.6,2.8,1.1,41.9,36.3,82.0,53.0,10.4,3.7
forbebr01,Bryn Forbes,True,SG,right,188.0,93.0,1993,7,23,1993-07-23,Michigan State,7,2016-10-25,2016,2023,NBA Draft,,,,,,,,,,,,,
fordal03,Aleem Ford,True,SF,right,203.2,99.8,1997,12,22,1997-12-22,Wisconsin,1,2021-12-17,2021,2023,NBA Draft,,,,,,,,,,,,,
fordch01,Chris Ford,False,,,,,,,,,,,,,,,,,,,,,,,,,,,
forddo01,Don Ford,False,,,,,,,,,,,,,,,,,,,,,,,,,,,
fordjo01,Jordan Ford,True,PG,right,185.4,79.4,1998,5,26,1998-05-26,Saint Mary's,1,2023-10-25,2023,2023,NBA Draft,,,,,,,,,,,,,
formado01,Donnie Forman,False,,,,,,,,,,,,,,,,,,,,,,,,,,,
forretr01,Trent Forrest,True,SG,right,193.0,95.3,1998,6,12,1998-06-12,Florida State,4,2021-01-05,2021,2023,NBA Draft,,,,,,,,,,,,,
fostegr01,Greg Foster,False,,,,,,,,,,,,,,,,,,,,,,,,,,,
fostemi02,Michael Foster Jr.,True,PF,right,203.2,113.4,2003,1,16,2003-01-16,,1,2022-11-22,2022,2023,NBA Draft,,,,,,,,,,,,,
fournev01,Evan Fournier,True,SG,right,198.1,93.0,1992,10,29,1992-10-29,,12,2012-10-31,2012,2012,Denver Nuggets,1,20,20,,,,,,,,,,
fowlktr01,Tremaine Fowlkes,False,,,,,,,,,,,,,,,,,,,,,,,,,,,
foxde01,De'Aaron Fox,True,PG,left,190.5,83.9,1997,12,20,1997-12-20,Kentucky,8,2017-10-18,2017,2017,Sacramento Kings,1,5,5,531,21.5,3.9,6.1,47.0,33.0,74.6,51.5,18.6,33.9
foxri01,Rick Fox,False,,,,,,,,,,,,,,,,,,,,,,,,,,,
frankro01,Robert Franks,True,PF,right,200.7,102.1,1996,12,18,1996-12-18,Washington State,,2021-04-12,2021,2023,NBA Draft,,,,,,,,,,,,,
frazime01,Melvin Frazier,True,SG,left,195.6,97.5,1996,8,30,1996-08-30,Tulane,3,2018-11-02,2018,2018,Orlando Magic,2,5,35,,,,,,,,,,
frazimi01,Michael Frazier,True,SG,right,190.5,90.7,1994,3,8,1994-03-08,Florida,,2020-01-09,2020,2023,NBA Draft,,,,,,,,,,,,,
fraziti01,Tim Frazier,True,PG,right,182.9,77.1,1990,11,1,1990-11-01,Penn State,,2015-02-06,2015,2023,NBA Draft,,,,,,,,,,,,,
fraziwa01,Walt Frazier,False,,,,,,,,,,,,,,,,,,,,,,,,,,,
fredeji01,Jimmer Fredette,True,SG,right,188.0,88.5,1989,2,25,1989-02-25,BYU,,2011-12-26,2011,2011,Milwaukee Bucks,1,10,10,,,,,,,,,,
freemdo01,Donnie Freeman,False,,,,,,,,,,,,,,,,,,,,,,,,,,,
freemen01,Enrique Freeman,True,PF,right,200.7,93.4,2000,7,29,2000-07-29,University of Akron,1,2024-10-23,2024,2024,Indiana Pacers,2,20,50,22,2.1,1.4,0.4,43.2,10.0,68.4,44.6,7.4,0.2
freemga01,Gary Freeman,False,,,,,,,,,,,,,,,,,,,,,,,,,,,
freemja01,Javon Freeman-Liberty,True,PG,right,193.0,81.6,1999,10,20,1999-10-20,Valparaiso,1,2024-01-17,2024,2023,NBA Draft,,,,,,,,,,,,,
freemza01,Zach Freemantle,False,,,,,,,,,,,,,,,,,,,,,,,,,,,
fritsji01,Jim Fritsche,False,,,,,,,,,,,,,,,,,,,,,,,,,,,
fryech01,Channing Frye,True,C,right,213.4,115.7,1983,5,17,1983-05-17,Arizona,,2005-11-04,2005,2005,New York Knicks,1,8,8,,,,,,,,,,
fudgeal01,Alex Fudge,True,SF,right,203.2,90.7,2003,5,6,2003-05-06,LSU,1,2023-11-04,2023,2023,NBA Draft,,,,,,,,,,,,,
fuetshe01,Herm Fuetsch,False,,,,,,,,,,,,,,,,,,,,,,,,,,,
fulksjo01,Joe Fulks,False,,,,,,,,,,,,,,,,,,,,,,,,,,,
fultzma01,Markelle Fultz,True,PG,right,193.0,94.8,1998,5,29,1998-05-29,Washington,8,2017-10-18,2017,2017,Philadelphia 76ers,1,1,1,255,10.4,3.2,4.4,47.0,28.0,73.2,48.8,14.3,8.4
funkan01,Andrew Funk,True,SG,right,195.6,90.7,1999,9,21,1999-09-21,Bucknell,1,2024-03-14,2024,2023,NBA Draft,,,,,,,,,,,,,
furphjo01,Johnny Furphy,True,SG,right,203.2,90.7,2004,12,8,2004-12-08,Kansas,1,2024-10-25,2024,2024,San Antonio Spurs,2,5,35,50,2.1,1.4,0.4,38.0,30.0,81.8,46.2,9.8,0.5
gaborbi01,Bill Gabor,False,,,,,,,,,,,,,,,,,,,,,,,,,,,
gabriwe01,Wenyen Gabriel,True,PF,right,205.7,93.0,1997,3,26,1997-03-26,Kentucky,5,2019-10-23,2019,2023,NBA Draft,,,,,,,,,,,,,
gaffoda01,Daniel Gafford,True,C,right,208.3,106.1,1998,10,1,1998-10-01,Arkansas,6,2019-10-26,2019,2019,Chicago Bulls,2,8,38,378,9.3,5.6,1.1,70.9,0.0,67.2,70.9,21.4,31.1
gaineel01,Elmer Gainer,False,,,,,,,,,,,,,,,,,,,,,,,,,,,
galemi01,Mike Gale,False,,,,,,,,,,,,,,,,,,,,,,,,,,,
gallida01,Danilo Gallinari,True,SF,right,208.3,105.7,1988,8,8,1988-08-08,,14,2008-10-29,2008,2008,New York Knicks,1,6,6,,,,,,,,,,
gallola01,Langston Galloway,True,SG,right,185.4,90.7,1991,12,9,1991-12-09,Saint Joseph's,8,2015-01-07,2015,2023,NBA Draft,,,,,,,,,,,,,
gambeda01,Dave Gambee,False,,,,,,,,,,,,,,,,,,,,,,,,,,,
garcida01,Dawson Garcia,False,,,,,,,,,,,,,,,,,,,,,,,,,,,
gardnea01,Earl Gardner,False,,,,,,,,,,,,,,,,,,,,,,,,,,,
gardnmy01,Myron Gardner,False,,,,,,,,,,,,,,,,,,,,,,,,,,,
garlada01,Darius Garland,True,PG,right,185.4,87.1,2000,1,26,2000-01-26,Vanderbilt,6,2019-10-23,2019,2019,Cleveland Cavaliers,1,5,5,382,18.9,2.7,6.7,45.3,38.8,86.7,53.0,16.3,24.6
garneke01,Kevin Garnett,False,,,,,,,,,,,,,,,,,,,,,,,,,,,
garrebi01,Billy Garrett,True,SG,right,198.1,96.6,1994,10,16,1994-10-16,DePaul,,2019-04-03,2019,2023,NBA Draft,,,,,,,,,,,,,
garrema01,Marcus Garrett,True,SG,right,195.6,93.0,1998,11,9,1998-11-09,Kansas,2,2021-10-21,2021,2023,NBA Draft,,,,16,2.6,1.8,1.3,33.3,33.3,55.6,37.5,6.2,0.1
garubus01,Usman Garuba,True,PF,right,203.2,99.8,2002,3,9,2002-03-09,,3,2021-10-20,2021,2021,Houston Rockets,1,23,23,,,,,,,,,,
garzalu01,Luka Garza,True,C,right,208.3,106.6,1998,12,27,1998-12-27,Iowa,4,2021-10-23,2021,2021,Detroit Pistons,2,22,52,124,4.9,2.0,0.4,49.0,31.4,69.9,54.5,18.9,2.9
gasolma01,Marc Gasol,True,C,right,210.8,115.7,1985,1,29,1985-01-29,,,2008-10-29,2008,2007,Los Angeles Lakers,2,18,48,,,,,,,,,,
gasolpa01,Pau Gasol,True,C,right,213.4,113.4,1980,7,6,1980-07-06,,,2001-11-01,2001,2001,Atlanta Hawks,1,3,3,,,,,,,,,,
gateska01,Kaiser Gates,True,SF,right,203.2,98.4,1996,11,8,1996-11-08,Xavier,1,2023-10-30,2023,2023,NBA Draft,,,,,,,,,,,,,
gayru01,Rudy Gay,True,SF,right,203.2,113.4,1986,8,17,1986-08-17,UConn,,2006-11-01,2006,2006,Houston Rockets,1,8,8,,,,,,,,,,
gazean01,Andrew Gaze,False,,,,,,,,,,,,,,,,,,,,,,,,,,,
georgde01,Devean George,False,,,,,,,,,,,,,,,,,,,,,,,,,,,
georgja01,Jack George,False,,,,,,,,,,,,,,,,,,,,,,,,,,,
georgke01,Keyonte George,True,PG,right,193.0,83.9,2003,11,8,2003-11-08,Baylor,2,2023-10-25,2023,2023,Utah Jazz,1,16,16,142,14.8,3.3,5.0,39.1,33.9,83.1,48.4,11.7,0.7
georgky01,Kyshawn George,True,SG,right,200.7,90.7,2003,12,12,2003-12-12,Miami (FL),1,2024-10-24,2024,2024,New York Knicks,1,24,24,68,8.7,4.2,2.5,37.2,32.2,75.3,47.6,8.8,0.1
georgpa01,Paul George,True,SF,right,203.2,99.8,1990,5,2,1990-05-02,Fresno State,15,2010-10-27,2010,2010,Indiana Pacers,1,10,10,908,20.6,6.3,3.7,44.0,38.3,85.3,52.0,19.2,89.5
gianejo01,John Gianelli,False,,,,,,,,,,,,,,,,,,,,,,,,,,,
gibsota01,Taj Gibson,True,PF,right,205.7,105.2,1985,6,24,1985-06-24,USC,16,2009-10-29,2009,2009,Chicago Bulls,1,26,26,1002,8.4,5.7,0.9,51.7,26.6,71.2,52.1,15.1,60.2
giddejo01,Josh Giddey,True,SG,right,203.2,95.3,2002,10,10,2002-10-10,,4,2021-10-20,2021,2021,Oklahoma City Thunder,1,6,6,280,14.1,7.5,6.1,46.4,33.0,76.4,51.0,16.4,13.9
gilbeke01,Keshon Gilbert,False,,,,,,,,,,,,,,,,,,,,,,,,,,,
gilesha01,Harry Giles,True,C,right,210.8,108.9,1998,4,22,1998-04-22,Duke,4,2018-10-17,2018,2017,Portland Trail Blazers,1,20,20,,,,,,,,,,
gilgesh01,Shai Gilgeous-Alexander,True,PG,right,198.1,90.7,1998,7,12,1998-07-12,Kentucky,7,2018-10-17,2018,2018,Charlotte Hornets,1,11,11,462,24.4,4.8,5.1,50.1,35.5,86.2,54.0,23.4,60.4
gillan01,Anthony Gill,True,PF,right,200.7,104.3,1992,10,17,1992-10-17,South Carolina,5,2020-12-29,2020,2023,NBA Draft,,,,230,3.4,1.7,0.5,51.2,29.8,75.1,55.3,12.2,4.1
gilleco01,Collin Gillespie,True,PG,right,185.4,88.5,1999,6,25,1999-06-25,Villanova,2,2023-10-24,2023,2023,NBA Draft,,,,57,4.9,1.7,1.8,44.1,42.2,79.4,55.9,14.9,1.6
gillefr01,Freddie Gillespie,True,PF,right,205.7,111.1,1997,6,14,1997-06-14,Carleton College,,2021-04-10,2021,2023,NBA Draft,,,,,,,,,,,,,
gillihe01,Herm Gilliam,False,,,,,,,,,,,,,,,,,,,,,,,,,,,
gilmoar01,Artis Gilmore,False,,,,,,,,,,,,,,,,,,,,,,,,,,,
gilyaja01,Jacob Gilyard,True,PG,right,175.3,72.6,1998,7,14,1998-07-14,Richmond,2,2023-04-09,2023,2023,NBA Draft,,,,,,,,,,,,,
ginobma01,Manu Ginóbili,False,,,,,,,,,,,,,,,,,,,,,,,,,,,
gladnmi01,Mickell Gladness,False,,,,,,,,,,,,,,,,,,,,,,,,,,,
glickno01,Normie Glick,False,,,,,,,,,,,,,,,,,,,,,,,,,,,
glovedi01,Dion Glover,False,,,,,,,,,,,,,,,,,,,,,,,,,,,
goberru01,Rudy Gobert,True,C,right,215.9,117.0,1992,6,26,1992-06-26,,12,2013-10-30,2013,2013,Denver Nuggets,1,27,27,829,12.6,11.7,1.4,65.6,0.0,64.1,65.6,21.2,116.1
golato01,Tom Gola,False,,,,,,,,,,,,,,,,,,,,,,,,,,,
goldivl01,Vladislav Goldin,False,,,,,,,,,,,,,,,,,,,,,,,,,,,
goldwan01,Anthony Goldwire,False,,,,,,,,,,,,,,,,,,,,,,,,,,,
gonzahu01,Hugo González,False,,,,,,,,,,,,,,,,,,,,,,,,,,,
goodrga01,Gail Goodrich,False,,,,,,,,,,,,,,,,,,,,,,,,,,,
goodwbr01,Brandon Goodwin,True,PG,right,182.9,81.6,1995,10,2,1995-10-02,Central Florida,4,2018-12-18,2018,2023,NBA Draft,,,,,,,,,,,,,
goodwjo01,Jordan Goodwin,True,PG,right,190.5,90.7,1998,10,23,1998-10-23,Saint Louis,4,2021-12-28,2021,2023,NBA Draft,,,,150,6.2,3.8,2.4,41.0,32.3,76.3,47.1,13.3,4.3
gordoaa01,Aaron Gordon,True,PF,right,203.2,106.6,1995,9,16,1995-09-16,Arizona,11,2014-10-28,2014,2014,Orlando Magic,1,4,4,720,13.6,6.2,2.7,48.4,33.1,69.3,53.4,15.9,46.9
gordoer01,Eric Gordon,True,SG,right,190.5,97.5,1988,12,25,1988-12-25,Indiana,17,2008-10-29,2008,2008,Los Angeles Clippers,1,7,7,925,15.3,2.3,2.7,43.0,37.2,81.0,52.3,13.7,41.9
gortama01,Marcin Gortat,True,C,right,210.8,108.9,1984,2,17,1984-02-17,,,2008-03-01,2008,2005,Phoenix Suns,2,27,57,,,,,,,,,,
gortmja01,Jazian Gortman,True,PG,right,188.0,83.5,2003,4,14,2003-04-14,,1,2024-10-26,2024,2023,NBA Draft,,,,16,1.5,0.3,0.4,39.1,36.4,50.0,47.8,6.5,-0.1
grabojo01,Joe Graboski,False,,,,,,,,,,,,,,,,,,,,,,,,,,,
grahaca01,Calvin Graham,False,,,,,,,,,,,,,,,,,,,,,,,,,,,
grahade01,Devonte' Graham,True,PG,right,185.4,88.5,1995,2,22,1995-02-22,Kansas,6,2018-10-22,2018,2018,Atlanta Hawks,2,4,34,,,,,,,,,,
grahama01,Mal Graham,False,,,,,,,,,,,,,,,,,,,,,,,,,,,
grahatr01,Treveon Graham,True,SG,right,195.6,99.3,1993,10,28,1993-10-28,VCU,4,2016-11-02,2016,2023,NBA Draft,,,,,,,,,,,,,
grantbu01,Bud Grant,False,,,,,,,,,,,,,,,,,,,,,,,,,,,
grantdo01,Donte Grantham,True,SF,right,203.2,97.5,1995,3,19,1995-03-19,Clemson,,2019-02-07,2019,2023,NBA Draft,,,,,,,,,,,,,
grantho01,Horace Grant,False,,,,,,,,,,,,,,,,,,,,,,,,,,,
grantje01,Jerami Grant,True,PF,right,200.7,95.3,1994,3,12,1994-03-12,Syracuse,11,2014-11-29,2014,2014,Philadelphia 76ers,2,9,39,719,13.1,3.9,1.6,44.9,36.4,75.3,51.4,13.9,36.6
grantje02,Jerian Grant,True,PG,right,193.0,93.0,1992,10,9,1992-10-09,Notre Dame,,2015-10-28,2015,2015,Washington Wizards,1,19,19,,,,,,,,,,
graveha01,Hassani Gravett,True,PG,right,188.0,85.3,1996,7,16,1996-07-16,Pensacola State,1,2021-12-17,2021,2023,NBA Draft,,,,,,,,,,,,,
grayjo01,Josh Gray,True,PG,right,182.9,81.6,1993,9,9,1993-09-09,LSU,,2018-02-02,2018,2023,NBA Draft,,,,,,,,,,,,,
grayra01,RaiQuan Gray,True,PF,right,203.2,117.9,1999,7,7,1999-07-07,Florida State,2,2023-04-09,2023,2021,Brooklyn Nets,2,29,59,,,,,,,,,,
greacbo01,Bob Greacen,False,,,,,,,,,,,,,,,,,,,,,,,,,,,
greenac01,A.C. Green,False,,,,,,,,,,,,,,,,,,,,,,,,,,,
greenaj01,A.J. Green,True,SG,right,193.0,90.7,1999,9,27,1999-09-27,University of Northern Iowa,3,2022-10-22,2022,2023,NBA Draft,,,,164,5.8,1.7,1.0,42.7,42.1,86.0,60.7,9.8,4.7
greenda01,Dave Greenwood,False,,,,,,,,,,,,,,,,,,,,,,,,,,,
greenda02,Danny Green,True,SG,right,198.1,97.5,1987,6,22,1987-06-22,UNC,,2009-11-12,2009,2009,Cleveland Cavaliers,2,16,46,,,,,,,,,,
greendr01,Draymond Green,True,PF,right,198.1,104.3,1990,3,4,1990-03-04,Michigan State,13,2012-10-31,2012,2012,Golden State Warriors,2,5,35,881,8.7,6.9,5.6,44.9,32.0,71.0,50.8,14.4,64.6
greenge01,Gerald Green,True,SG,right,198.1,93.0,1986,1,26,1986-01-26,,,2006-02-03,2006,2005,Boston Celtics,1,18,18,,,,,,,,,,
greenja01,JaMychal Green,True,PF,right,203.2,103.0,1990,6,21,1990-06-21,Alabama,9,2015-01-18,2015,2023,NBA Draft,,,,,,,,,,,,,
greenja02,Javonte Green,True,SG,right,193.0,93.0,1993,7,23,1993-07-23,Radford,6,2019-10-25,2019,2023,NBA Draft,,,,263,5.3,3.1,0.7,50.9,33.8,74.7,57.0,13.2,10.5
greenja05,Jalen Green,True,SG,right,193.0,80.7,2002,2,9,2002-02-09,,4,2021-10-20,2021,2021,Houston Rockets,1,2,2,307,20.1,4.3,3.4,42.2,34.2,79.9,49.8,14.3,10.7
greenje02,Jeff Green,True,PF,right,203.2,106.6,1986,8,28,1986-08-28,Georgetown,17,2007-10-31,2007,2007,Boston Celtics,1,5,5,1217,11.8,4.0,1.5,45.0,33.8,80.4,50.2,13.1,55.9
greenjo02,Josh Green,True,SG,right,195.6,90.7,2000,11,16,2000-11-16,Arizona,5,2020-12-23,2020,2020,Dallas Mavericks,1,18,18,291,6.7,2.7,1.5,48.2,38.0,68.7,57.0,9.9,9.2
greensi01,Si Green,False,,,,,,,,,,,,,,,,,,,,,,,,,,,
greerha01,Hal Greer,False,,,,,,,,,,,,,,,,,,,,,,,,,,,
gregoga01,Gary Gregor,False,,,,,,,,,,,,,,,,,,,,,,,,,,,
greveke01,Kevin Grevey,False,,,,,,,,,,,,,,,,,,,,,,,,,,,
griffaj01,AJ Griffin,True,SF,right,198.1,100.7,2003,8,25,2003-08-25,Duke,2,2022-10-23,2022,2022,Atlanta Hawks,1,16,16,,,,,,,,,,
griffbl01,Blake Griffin,True,PF,right,205.7,113.4,1989,3,16,1989-03-16,Oklahoma,,2010-10-27,2010,2009,Los Angeles Clippers,1,1,1,,,,,,,,,,
grillca01,Caleb Grill,False,,,,,,,,,,,,,,,,,,,,,,,,,,,
grimequ01,Quentin Grimes,True,SG,right,195.6,93.0,2000,5,8,2000-05-08,Kansas,4,2021-10-20,2021,2021,Los Angeles Clippers,1,25,25,243,10.4,3.1,2.0,44.4,37.5,76.3,56.3,12.5,10.8
grossbo01,Bob Gross,False,,,,,,,,,,,,,,,,,,,,,,,,,,,
grubadi01,Dick Grubar,False,,,,,,,,,,,,,,,,,,,,,,,,,,,
guarige01,Gene Guarilia,False,,,,,,,,,,,,,,,,,,,,,,,,,,,
gudurma01,Marko Gudurić,True,SG,left,198.1,91.2,1995,3,8,1995-03-08,,,2019-10-23,2019,2023,NBA Draft,,,,,,,,,,,,,
gueyemo01,Mouhamadou Gueye,True,PF,right,205.7,95.3,1998,7,6,1998-07-06,Monroe Community College,1,2024-02-12,2024,2023,NBA Draft,,,,,,,,,,,,,
gueyemo02,Mouhamed Gueye,True,PF,right,210.8,95.3,2002,11,9,2002-11-09,Washington State,2,2023-10-29,2023,2023,Charlotte Hornets,2,9,39,39,5.7,4.1,0.8,41.2,26.7,77.1,47.4,14.5,1.4
guokama01,Matt Guokas,False,,,,,,,,,,,,,,,,,,,,,,,,,,,
guokama02,Matt Guokas,False,,,,,,,,,,,,,,,,,,,,,,,,,,,
guyky01,Kyle Guy,True,SG,right,185.4,75.7,1997,8,11,1997-08-11,Virginia,3,2020-01-10,2020,2019,New York Knicks,2,25,55,,,,,,,,,,
hachiru01,Rui Hachimura,True,PF,right,203.2,104.3,1998,2,8,1998-02-08,Gonzaga,6,2019-10-23,2019,2019,Washington Wizards,1,9,9,337,12.8,4.9,1.3,49.6,38.1,76.4,55.1,13.5,15.6
haganas01,Ashton Hagans,True,PG,right,190.5,86.2,1999,7,8,1999-07-08,Kentucky,2,2021-01-25,2021,2023,NBA Draft,,,,,,,,,,,,,
hagancl01,Cliff Hagan,False,,,,,,,,,,,,,,,,,,,,,,,,,,,
hairsha01,Happy Hairston,False,,,,,,,,,,,,,,,,,,,,,,,,,,,
haleyja01,Jack Haley,False,,,,,,,,,,,,,,,,,,,,,,,,,,,
halibty01,Tyrese Haliburton,True,PG,right,195.6,83.9,2000,2,29,2000-02-29,Iowa State,5,2020-12-23,2020,2020,Sacramento Kings,1,12,12,333,17.5,3.7,8.8,47.7,39.2,85.5,57.4,20.6,37.6
hallde01,Devon Hall,True,PG,left,188.0,97.5,1995,7,7,1995-07-07,Virginia,1,2019-11-12,2019,2018,Oklahoma City Thunder,2,23,53,,,,,,,,,,
halldo01,Donta Hall,True,PF,right,205.7,105.2,1997,8,7,1997-08-07,Alabama,,2020-02-25,2020,2023,NBA Draft,,,,,,,,,,,,,
halljo01,Josh Hall,True,SF,right,205.7,86.2,2000,10,8,2000-10-08,,1,2020-12-29,2020,2023,NBA Draft,,,,,,,,,,,,,
halljo02,Jordan Hall,True,SF,right,200.7,97.5,2002,1,14,2002-01-14,Saint Joseph's,1,2022-11-02,2022,2023,NBA Draft,,,,,,,,,,,,,
hallpj01,PJ Hall,True,C,right,203.2,111.1,2002,2,21,2002-02-21,Clemson,1,2024-11-17,2024,2023,NBA Draft,,,,19,1.7,1.2,0.2,58.3,25.0,75.0,62.5,18.3,0.2
hallty01,Tyler Hall,True,SG,right,195.6,94.8,1997,3,25,1997-03-25,Montana State,1,2021-12-25,2021,2023,NBA Draft,,,,,,,,,,,,,
hamda01,Darvin Ham,False,,,,,,,,,,,,,,,,,,,,,,,,,,,
hamilda02,Daniel Hamilton,True,SG,right,200.7,88.5,1995,8,8,1995-08-08,UConn,,2017-11-15,2017,2016,Denver Nuggets,2,26,56,,,,,,,,,,
hamiljo01,Joe Hamilton,False,,,,,,,,,,,,,,,,,,,,,,,,,,,
hamilri01,Richard Hamilton,False,,,,,,,,,,,,,,,,,,,,,,,,,,,
hamptrj01,R.J. Hampton,True,SG,right,193.0,79.4,2001,2,7,2001-02-07,,4,2020-12-28,2020,2020,Milwaukee Bucks,1,24,24,,,,,,,,,,
hankiph01,Phil Hankinson,False,,,,,,,,,,,,,,,,,,,,,,,,,,,
hannadu01,Dusty Hannahs,True,SG,right,190.5,95.3,1993,9,2,1993-09-02,Texas Tech,2,2019-03-31,2019,2023,NBA Draft,,,,,,,,,,,,,
hansebo01,Bob Hansen,False,,,,,,,,,,,,,,,,,,,,,,,,,,,
hansela01,Lars Hansen,False,,,,,,,,,,,,,,,,,,,,,,,,,,,
hardati02,Tim Hardaway Jr.,True,SG,right,195.6,93.0,1992,3,16,1992-03-16,Michigan,12,2013-10-30,2013,2013,New York Knicks,1,24,24,813,13.7,2.9,1.8,41.7,36.1,81.5,51.7,13.1,33.8
hardeja01,James Harden,True,PG,left,195.6,99.8,1989,8,26,1989-08-26,Arizona State,16,2009-10-28,2009,2009,Oklahoma City Thunder,1,3,3,1151,24.1,5.6,7.2,43.9,36.3,86.1,52.5,23.7,174.7
hardyja02,Jaden Hardy,True,SG,right,193.0,89.8,2002,7,5,2002-07-05,,3,2022-10-22,2022,2022,Sacramento Kings,2,7,37,178,8.1,1.7,1.4,42.5,38.1,76.3,51.5,11.9,0.7
hargeir01,Ira Harge,False,,,,,,,,,,,,,,,,,,,,,,,,,,,
harklej01,Elijah Harkless,True,SG,right,190.5,88.5,2000,2,3,2000-02-03,Cal State Northridge,1,2025-01-11,2025,2023,NBA Draft,,,,10,3.2,2.1,0.8,31.4,28.0,50.0,41.4,7.8,0.1
harklma01,Maurice Harkless,True,SF,right,200.7,99.8,1993,5,11,1993-05-11,St. John's,10,2012-11-07,2012,2012,Philadelphia 76ers,1,15,15,,,,,,,,,,
harpedy01,Dylan Harper,False,,,,,,,,,,,,,,,,,,,,,,,,,,,
harpeja01,Jared Harper,True,PG,right,177.8,79.4,1997,9,14,1997-09-14,Auburn,,2019-10-23,2019,2023,NBA Draft,,,,,,,,,,,,,
harpero01,Ron Harper,False,,,,,,,,,,,,,,,,,,,,,,,,,,,
harpero02,Ron Harper Jr.,True,SF,right,198.1,111.1,2000,4,12,2000-04-12,Rutgers University,3,2022-10-31,2022,2023,NBA Draft,,,,11,2.2,1.3,0.6,37.5,20.0,100.0,43.8,12.9,0.1
harrejo01,Josh Harrellson,False,,,,,,,,,,,,,,,,,,,,,,,,,,,
harremo01,Montrezl Harrell,True,C,right,200.7,108.9,1994,1,26,1994-01-26,Louisville,8,2015-10-28,2015,2015,Houston Rockets,2,2,32,,,,,,,,,,
harrian01,Andrew Harrison,True,PG,right,198.1,96.6,1994,10,28,1994-10-28,Kentucky,,2016-10-26,2016,2015,Phoenix Suns,2,14,44,,,,,,,,,,
harribo02,Bob Harrison,False,,,,,,,,,,,,,,,,,,,,,,,,,,,
harride01,Devin Harris,True,PG,right,190.5,83.9,1983,2,27,1983-02-27,Wisconsin,,2004-11-02,2004,2004,Washington Wizards,1,5,5,,,,,,,,,,
harriga01,Gary Harris,True,SG,right,193.0,95.3,1994,9,14,1994-09-14,Michigan State,11,2014-11-14,2014,2014,Chicago Bulls,1,19,19,618,10.4,2.3,1.8,44.6,36.9,81.0,53.1,11.9,26.8
harrija01,Jalen Harris,True,SG,right,195.6,88.5,1998,8,14,1998-08-14,Louisiana Tech,1,2021-01-08,2021,2020,Toronto Raptors,2,29,59,,,,,,,,,,
harrijo01,Joe Harris,True,SG,right,198.1,99.8,1991,9,6,1991-09-06,Virginia,,2014-10-31,2014,2014,Cleveland Cavaliers,2,3,33,,,,,,,,,,
harrike01,Kevon Harris,True,SG,right,195.6,98.0,1997,6,24,1997-06-24,Stephen F. Austin,2,2022-10-21,2022,2023,NBA Draft,,,,,,,,,,,,,
harrish01,Shaquille Harrison,True,SG,left,193.0,86.2,1993,10,6,1993-10-06,Tulsa,7,2018-02-23,2018,2023,NBA Draft,,,,,,,,,,,,,
harrist01,Steve Harris,False,,,,,,,,,,,,,,,,,,,,,,,,,,,
harrite01,Terrel Harris,False,,,,,,,,,,,,,,,,,,,,,,,,,,,
harrito02,Tobias Harris,True,PF,right,203.2,102.5,1992,7,15,1992-07-15,Tennessee,14,2012-01-07,2012,2011,Charlotte Bobcats,1,19,19,970,16.1,6.2,2.4,47.8,36.6,83.6,53.1,16.5,75.3
harteis01,Isaiah Hartenstein,True,C,left,213.4,115.7,1998,5,5,1998-05-05,,7,2018-10-17,2018,2017,Houston Rockets,2,13,43,379,6.8,6.4,2.0,59.2,25.5,68.6,60.0,18.0,28.0
hartjo01,Josh Hart,True,SF,right,193.0,97.5,1995,3,6,1995-03-06,Villanova,8,2017-10-20,2017,2017,Utah Jazz,1,30,30,530,10.3,7.0,3.2,47.1,34.2,75.3,54.7,13.3,36.7
hasleud01,Udonis Haslem,True,PF,right,203.2,106.6,1980,6,9,1980-06-09,Florida,,2003-10-28,2003,2023,NBA Draft,,,,,,,,,,,,,
hassebi01,Billy Hassett,False,,,,,,,,,,,,,,,,,,,,,,,,,,,
hassejo01,Joe Hassett,False,,,,,,,,,,,,,,,,,,,,,,,,,,,
hastisc01,Scott Hastings,False,,,,,,,,,,,,,,,,,,,,,,,,,,,
hausesa01,Sam Hauser,True,SF,right,203.2,97.5,1997,12,8,1997-12-08,Marquette,4,2021-11-20,2021,2023,NBA Draft,,,,256,7.4,2.9,0.9,45.1,42.0,85.1,62.7,12.9,13.2
havlijo01,John Havlicek,False,,,,,,,,,,,,,,,,,,,,,,,,,,,
hawkico01,Connie Hawkins,False,,,,,,,,,,,,,,,,,,,,,,,,,,,
hawkijo01,Jordan Hawkins,True,SG,right,195.6,88.5,2002,4,29,2002-04-29,UConn,2,2023-10-25,2023,2023,New Orleans Pelicans,1,14,14,123,9.2,2.5,1.1,37.6,34.8,82.6,48.5,9.9,0.7
hayesel01,Elvin Hayes,False,,,,,,,,,,,,,,,,,,,,,,,,,,,
hayesja02,Jaxson Hayes,True,C,right,213.4,99.8,2000,5,23,2000-05-23,Texas,6,2019-10-28,2019,2019,Atlanta Hawks,1,8,8,367,6.8,3.9,0.7,64.9,26.1,69.6,65.9,16.8,20.1
hayeski01,Killian Hayes,True,PG,left,195.6,88.5,2001,7,27,2001-07-27,,5,2020-12-23,2020,2020,Detroit Pistons,1,7,7,216,8.1,2.9,5.2,38.3,28.1,77.7,43.1,9.5,-0.2
hayesni01,Nigel Hayes-Davis,False,,,,,,,,,,,,,,,,,,,,,,,,,,,
haywago01,Gordon Hayward,True,SF,right,200.7,102.1,1990,3,23,1990-03-23,Butler,,2010-10-27,2010,2010,Utah Jazz,1,9,9,,,,,,,,,,
haywobr01,Brendan Haywood,False,,,,,,,,,,,,,,,,,,,,,,,,,,,
haywosp01,Spencer Haywood,False,,,,,,,,,,,,,,,,,,,,,,,,,,,
heinsto01,Tom Heinsohn,False,,,,,,,,,,,,,,,,,,,,,,,,,,,
hemridi01,Dick Hemric,False,,,,,,,,,,,,,,,,,,,,,,,,,,,
hendege01,Gerald Henderson,False,,,,,,,,,,,,,,,,,,,,,,,,,,,
hendesc01,Scoot Henderson,True,PG,right,190.5,91.6,2004,2,3,2004-02-03,,2,2023-10-25,2023,2023,Portland Trail Blazers,1,3,3,128,13.3,3.1,5.2,40.1,34.0,79.3,46.6,11.0,0.1
hendeto01,Tom Henderson,False,,,,,,,,,,,,,,,,,,,,,,,,,,,
hendrta01,Taylor Hendricks,True,PF,right,205.7,95.3,2003,11,22,2003-11-22,Central Florida,2,2023-10-25,2023,2023,Utah Jazz,1,9,9,43,7.1,4.7,0.8,43.4,36.8,78.8,54.3,11.4,1.2
hennela01,Larry Hennessy,False,,,,,,,,,,,,,,,,,,,,,,,,,,,
henryaa01,Aaron Henry,True,SF,left,198.1,95.3,1999,8,30,1999-08-30,Michigan State,,2021-10-20,2021,2023,NBA Draft,,,,,,,,,,,,,
hensojo01,John Henson,True,C,right,205.7,99.3,1990,12,28,1990-12-28,UNC,,2012-11-07,2012,2012,Milwaukee Bucks,1,14,14,,,,,,,,,,
hepbuch01,Chucky Hepburn,False,,,,,,,,,,,,,,,,,,,,,,,,,,,
hermskl01,Kleggie Hermsen,False,,,,,,,,,,,,,,,,,,,,,,,,,,,
hernade01,Dewan Hernandez,True,C,right,208.3,106.6,1996,12,9,1996-12-09,Miami (FL),1,2019-11-18,2019,2019,Toronto Raptors,2,29,59,,,,,,,,,,
hernaju01,Juancho Hernangómez,True,PF,right,205.7,97.1,1995,9,28,1995-09-28,,7,2016-10-26,2016,2016,Denver Nuggets,1,15,15,,,,,,,,,,
hernawi01,Willy Hernangómez,True,C,right,210.8,113.4,1994,5,27,1994-05-27,,7,2016-10-25,2016,2015,Philadelphia 76ers,2,5,35,,,,,,,,,,
herreca01,Carl Herrera,False,,,,,,,,,,,,,,,,,,,,,,,,,,,
herroty01,Tyler Herro,True,SG,right,195.6,88.5,2000,1,20,2000-01-20,Kentucky,6,2019-10-23,2019,2019,Miami Heat,1,13,13,361,19.4,5.0,4.0,44.8,38.2,87.4,53.4,15.9,19.9
herveke01,Kevin Hervey,True,PF,right,205.7,104.3,1996,7,9,1996-07-09,UT Arlington,1,2019-12-26,2019,2018,Oklahoma City Thunder,2,27,57,,,,,,,,,,
heymaar01,Art Heyman,False,,,,,,,,,,,,,,,,,,,,,,,,,,,
hezonma01,Mario Hezonja,True,SF,right,203.2,99.8,1995,2,25,1995-02-25,,,2015-10-28,2015,2015,Orlando Magic,1,5,5,,,,,,,,,,
hicksis01,Isaiah Hicks,True,PF,right,205.7,104.3,1994,7,24,1994-07-24,UNC,,2018-02-08,2018,2023,NBA Draft,,,,,,,,,,,,,
hieldbu01,Buddy Hield,True,SG,right,193.0,99.8,1992,12,17,1992-12-17,Oklahoma,9,2016-10-26,2016,2016,New Orleans Pelicans,1,6,6,714,15.0,4.1,2.5,43.3,39.7,85.8,55.1,14.3,27.7
highsha01,Haywood Highsmith,True,SF,right,200.7,99.8,1996,12,9,1996-12-09,Wheeling University,5,2019-01-08,2019,2023,NBA Draft,,,,218,5.4,3.1,1.1,44.9,37.4,60.5,55.5,9.8,7.5
hightwa01,Wayne Hightower,False,,,,,,,,,,,,,,,,,,,,,,,,,,,
hilarne01,Nenê,True,C,right,210.8,113.4,1982,9,13,1982-09-13,,,2002-10-30,2002,2002,New York Knicks,1,7,7,,,,,,,,,,
hillge01,George Hill,True,PG,right,193.0,85.3,1986,5,4,1986-05-04,IUPUI,15,2008-11-04,2008,2008,San Antonio Spurs,1,26,26,,,,,,,,,,
hillhar01,Art Hillhouse,False,,,,,,,,,,,,,,,,,,,,,,,,,,,
hillma01,Malcolm Hill,True,SF,right,198.1,99.8,1995,10,26,1995-10-26,Illinois,2,2021-12-25,2021,2023,NBA Draft,,,,,,,,,,,,,
hillmda01,Darnell Hillman,False,,,,,,,,,,,,,,,,,,,,,,,,,,,
hillso01,Solomon Hill,True,SF,right,198.1,102.5,1991,3,18,1991-03-18,Arizona,,2013-10-29,2013,2013,Indiana Pacers,1,23,23,,,,,,,,,,
hintona01,Nate Hinton,True,SG,right,195.6,95.3,1999,6,8,1999-06-08,Houston,3,2021-01-03,2021,2023,NBA Draft,,,,,,,,,,,,,
hitchle01,Lew Hitch,False,,,,,,,,,,,,,,,,,,,,,,,,,,,
hoardja01,Jaylen Hoard,True,SF,right,203.2,98.0,1999,3,30,1999-03-30,Wake Forest,,2019-11-10,2019,2023,NBA Draft,,,,,,,,,,,,,
hodgecr01,Craig Hodges,False,,,,,,,,,,,,,,,,,,,,,,,,,,,
hodgedm01,D'Moi Hodge,True,SG,right,193.0,85.3,1998,12,20,1998-12-20,State College of Florida Manatee-Sarasota,1,2023-11-04,2023,2023,NBA Draft,,,,,,,,,,,,,
hoffmpa01,Paul Hoffman,False,,,,,,,,,,,,,,,,,,,,,,,,,,,
hogsebo01,Bob Hogsett,False,,,,,,,,,,,,,,,,,,,,,,,,,,,
holidaa01,Aaron Holiday,True,PG,right,182.9,83.9,1996,9,30,1996-09-30,UCLA,7,2018-10-17,2018,2018,Indiana Pacers,1,23,23,448,6.5,1.6,2.0,42.1,38.2,85.1,50.6,11.2,10.1
holidjr01,Jrue Holiday,True,PG,right,193.0,93.0,1990,6,12,1990-06-12,UCLA,16,2009-10-30,2009,2009,Philadelphia 76ers,1,17,17,1037,15.8,4.2,6.2,46.2,37.0,78.8,51.8,17.0,74.6
holidju01,Justin Holiday,True,SG,right,198.1,81.6,1989,4,5,1989-04-05,Washington,11,2013-04-03,2013,2023,NBA Draft,,,,,,,,,,,,,
hollabr01,Brad Holland,False,,,,,,,,,,,,,,,,,,,,,,,,,,,
hollajo02,John Holland,True,SF,right,195.6,93.0,1988,11,6,1988-11-06,Boston University,,2016-04-19,2016,2023,NBA Draft,,,,,,,,,,,,,
hollaro01,Ron Holland,True,SF,right,203.2,93.4,2005,7,7,2005-07-07,,1,2024-10-23,2024,2024,Detroit Pistons,1,5,5,81,6.4,2.7,1.0,47.4,23.8,75.4,51.7,11.1,1.8
hollili01,Lionel Hollins,False,,,,,,,,,,,,,,,,,,,,,,,,,,,
holliro01,Rondae Hollis-Jefferson,True,SF,left,198.1,98.4,1995,1,3,1995-01-03,Arizona,,2015-10-28,2015,2015,Portland Trail Blazers,1,23,23,,,,,,,,,,
holmeda01,DaRon Holmes,False,,,,,,,,,,,,,,,,,,,,,,,,,,,
holmeri01,Richaun Holmes,True,C,right,208.3,106.6,1993,10,15,1993-10-15,Bowling Green,10,2015-10-28,2015,2015,Philadelphia 76ers,2,7,37,489,8.5,5.3,1.0,60.5,26.9,75.1,61.4,18.5,30.7
holmgch01,Chet Holmgren,True,C,right,215.9,96.6,2002,5,1,2002-05-01,Gonzaga,2,2023-10-25,2023,2022,Oklahoma City Thunder,1,2,2,114,16.1,7.9,2.3,51.9,37.2,78.0,58.6,20.1,12.1
holstji01,Jim Holstein,False,,,,,,,,,,,,,,,,,,,,,,,,,,,
holzmre01,Red Holzman,False,,,,,,,,,,,,,,,,,,,,,,,,,,,
hoodro01,Rodney Hood,True,SG,left,203.2,94.3,1992,10,20,1992-10-20,Mississippi State,,2014-10-29,2014,2014,Utah Jazz,1,23,23,,,,,,,,,,
hoodsja01,Jalen Hood-Schifino,True,SG,right,198.1,97.5,2003,6,19,2003-06-19,Indiana,2,2023-11-27,2023,2023,Los Angeles Lakers,1,17,17,36,3.9,1.1,1.3,32.9,26.2,73.2,38.5,5.5,-0.6
hopsode01,Dennis Hopson,False,,,,,,,,,,,,,,,,,,,,,,,,,,,
hopsosc01,Scotty Hopson,True,SG,right,200.7,92.5,1989,8,8,1989-08-08,Tennessee,3,2014-04-02,2014,2023,NBA Draft,,,,,,,,,,,,,
horfoal01,Al Horford,True,C,right,205.7,108.9,1986,6,3,1986-06-03,Florida,18,2007-11-02,2007,2007,Atlanta Hawks,1,3,3,1138,12.9,7.9,3.2,50.9,37.7,76.3,55.0,17.8,117.3
horryro01,Robert Horry,False,,,,,,,,,,,,,,,,,,,,,,,,,,,
hortota01,Talen Horton-Tucker,True,SG,right,193.0,106.1,2000,11,25,2000-11-25,Iowa State,6,2019-12-08,2019,2019,Orlando Magic,2,16,46,305,9.2,2.6,2.8,42.7,29.9,77.1,47.8,12.8,6.0
hoskebi01,Bill Hosket,False,,,,,,,,,,,,,,,,,,,,,,,,,,,
houseda01,Danuel House Jr.,True,SF,right,198.1,99.8,1993,6,7,1993-06-07,Texas A&M,8,2016-11-11,2016,2023,NBA Draft,,,,,,,,,,,,,
houseed01,Eddie House,False,,,,,,,,,,,,,,,,,,,,,,,,,,,
houstca01,Caleb Houstan,True,SF,right,203.2,93.0,2003,1,9,2003-01-09,Michigan,3,2022-10-19,2022,2022,Orlando Magic,2,2,32,168,4.1,1.5,0.6,39.1,37.2,83.6,54.8,8.0,4.0
howardw01,Dwight Howard,True,C,right,208.3,120.2,1985,12,8,1985-12-08,,,2004-11-03,2004,2004,Orlando Magic,1,1,1,,,,,,,,,,
howarje01,Jett Howard,True,SF,right,203.2,97.5,2003,9,14,2003-09-14,Michigan,2,2023-10-25,2023,2023,Orlando Magic,1,11,11,78,3.8,1.0,0.6,37.0,29.4,66.7,47.6,7.3,0.2
howarju01,Juwan Howard,False,,,,,,,,,,,,,,,,,,,,,,,,,,,
howarma02,Markus Howard,True,SG,right,177.8,79.4,1999,3,3,1999-03-03,Marquette,,2020-12-25,2020,2023,NBA Draft,,,,,,,,,,,,,
howarwi01,William Howard,True,PF,right,203.2,93.9,1993,10,25,1993-10-25,,,2020-02-07,2020,2023,NBA Draft,,,,,,,,,,,,,
howelba01,Bailey Howell,False,,,,,,,,,,,,,,,,,,,,,,,,,,,
hudgitr01,Trevor Hudgins,True,PG,left,182.9,81.6,1999,3,23,1999-03-23,Northwest Missouri State University,1,2022-10-22,2022,2023,NBA Draft,,,,,,,,,,,,,
huertke01,Kevin Huerter,True,SG,right,200.7,86.2,1998,8,27,1998-08-27,Maryland,7,2018-10-17,2018,2018,Atlanta Hawks,1,19,19,482,11.6,3.4,2.9,44.1,37.5,76.0,54.8,12.1,19.1
huffja01,Jay Huff,True,C,right,215.9,108.9,1998,8,25,1998-08-25,Virginia,4,2021-11-06,2021,2023,NBA Draft,,,,95,5.4,1.7,0.5,52.0,40.4,82.4,64.9,18.2,3.2
hugheel01,Elijah Hughes,True,SG,right,195.6,97.5,1998,3,10,1998-03-10,East Carolina University,2,2020-12-23,2020,2020,New Orleans Pelicans,2,9,39,,,,,,,,,,
hugheki01,Kim Hughes,False,,,,,,,,,,,,,,,,,,,,,,,,,,,
hukpoar01,Ariel Hukporti,True,C,left,213.4,111.6,2002,4,11,2002-04-11,,1,2024-10-22,2024,2024,Dallas Mavericks,2,28,58,25,1.9,2.0,0.4,67.7,,46.2,67.7,7.6,0.1
humphis01,Isaac Humphries,True,C,right,213.4,115.7,1998,1,5,1998-01-05,Kentucky,,2019-04-02,2019,2023,NBA Draft,,,,,,,,,,,,,
huntede01,De'Andre Hunter,True,SF,right,203.2,102.1,1997,12,2,1997-12-02,Virginia,6,2019-10-24,2019,2019,Los Angeles Lakers,1,4,4,327,14.8,4.1,1.5,45.2,37.3,81.9,53.0,12.0,12.1
hunteli01,Lindsey Hunter,False,,,,,,,,,,,,,,,,,,,,,,,,,,,
hunterj01,R.J. Hunter,True,SG,right,195.6,83.9,1993,10,24,1993-10-24,Georgia State University,4,2015-11-04,2015,2015,Boston Celtics,1,28,28,,,,,,,,,,
huntfe01,Feron Hunt,True,SF,right,203.2,88.5,1999,7,5,1999-07-05,SMU,1,2022-04-08,2022,2023,NBA Draft,,,,,,,,,,,,,
huntlcj01,CJ Huntley,False,,,,,,,,,,,,,,,,,,,,,,,,,,,
hurtma01,Matthew Hurt,True,PF,right,205.7,106.6,2000,4,20,2000-04-20,Duke,1,2024-01-29,2024,2023,NBA Draft,,,,,,,,,,,,,
hutchch01,Chandler Hutchison,True,SF,right,198.1,95.3,1996,4,26,1996-04-26,Boise State,4,2018-10-18,2018,2018,Chicago Bulls,1,22,22,,,,,,,,,,
huttojo01,Joe Hutton,False,,,,,,,,,,,,,,,,,,,,,,,,,,,
hylanbo01,Bones Hyland,True,PG,right,188.0,78.5,2000,9,14,2000-09-14,VCU,4,2021-10-25,2021,2021,Denver Nuggets,1,26,26,186,9.5,2.2,2.6,39.8,36.4,84.8,50.6,14.1,4.3
iavarma01,Marc Iavaroni,False,,,,,,,,,,,,,,,,,,,,,,,,,,,
ibakase01,Serge Ibaka,True,PF,right,210.8,106.6,1989,9,18,1989-09-18,,,2009-10-30,2009,2008,Seattle SuperSonics,1,24,24,,,,,,,,,,
ighodos01,Oso Ighodaro,True,PF,right,208.3,106.6,2002,7,14,2002-07-14,Marquette,1,2024-10-23,2024,2024,Portland Trail Blazers,2,10,40,61,4.2,3.6,1.2,60.4,0.0,58.0,60.4,11.1,1.6
iguodan01,Andre Iguodala,True,SF,right,198.1,97.5,1984,1,28,1984-01-28,Arizona,,2004-11-03,2004,2004,Philadelphia 76ers,1,9,9,,,,,,,,,,
ilyaser01,Ersan İlyasova,True,PF,right,205.7,106.6,1987,5,15,1987-05-15,,,2006-11-01,2006,2005,Milwaukee Bucks,2,6,36,,,,,,,,,,
inglejo01,Joe Ingles,True,SF,left,203.2,99.8,1987,10,2,1987-10-02,,11,2014-10-29,2014,2023,NBA Draft,,,,723,7.9,3.0,3.6,44.7,40.9,77.4,58.3,12.4,42.0
ingraan01,Andre Ingram,True,SG,right,190.5,86.2,1985,11,19,1985-11-19,American University,,2018-04-10,2018,2023,NBA Draft,,,,,,,,,,,,,
ingrabr01,Brandon Ingram,True,SF,right,203.2,86.2,1997,9,2,1997-09-02,Duke,9,2016-10-26,2016,2016,Los Angeles Lakers,1,2,2,495,19.5,5.2,4.3,46.8,36.3,78.8,51.3,16.1,27.3
ingraha01,Harrison Ingram,True,SF,right,195.6,104.3,2002,11,27,2002-11-27,Stanford,1,2024-11-06,2024,2024,San Antonio Spurs,2,18,48,5,0.8,1.8,0.6,50.0,0.0,,50.0,10.9,0.1
irvinky01,Kyrie Irving,True,PG,right,188.0,88.5,1992,3,23,1992-03-23,Duke,14,2011-12-26,2011,2011,Cleveland Cavaliers,1,1,1,779,23.7,4.1,5.6,47.4,39.4,88.8,54.0,22.2,91.0
isaacjo01,Jonathan Isaac,True,PF,right,208.3,104.3,1997,10,3,1997-10-03,Florida State,6,2017-10-18,2017,2017,Orlando Magic,1,6,6,276,7.6,4.9,0.8,44.3,32.3,74.9,50.6,15.3,14.0
isselda01,Dan Issel,False,,,,,,,,,,,,,,,,,,,,,,,,,,,
iversal01,,False,,,,,,,,,,,,,,,,,,,,,,,,,,,
iveyja01,Jaden Ivey,True,SG,right,193.0,88.5,2002,2,13,2002-02-13,Purdue,3,2022-10-19,2022,2022,Detroit Pistons,1,5,5,181,16.1,3.7,4.4,42.9,35.2,74.6,49.4,12.7,1.6
iwundwe01,Wes Iwundu,True,SF,right,198.1,88.5,1994,12,20,1994-12-20,Kansas State,5,2017-10-21,2017,2017,Orlando Magic,2,3,33,,,,,,,,,,
jabalwa01,Warren Jabali,False,,,,,,,,,,,,,,,,,,,,,,,,,,,
jacksan01,Andre Jackson Jr.,True,SG,right,198.1,95.3,2001,11,13,2001-11-13,UConn,2,2023-10-29,2023,2023,Orlando Magic,2,6,36,124,2.9,2.4,1.1,48.5,38.5,57.1,56.4,8.6,2.2
jacksde01,Demetrius Jackson,True,PG,right,185.4,91.2,1994,9,7,1994-09-07,Notre Dame,,2016-11-06,2016,2016,Boston Celtics,2,15,45,,,,,,,,,,
jacksfr01,Frank Jackson,True,PG,right,190.5,93.0,1998,5,4,1998-05-04,Duke,5,2018-10-17,2018,2017,Charlotte Hornets,2,1,31,,,,,,,,,,
jacksgg01,GG Jackson II,True,PF,right,205.7,97.5,2004,12,17,2004-12-17,South Carolina,2,2023-10-30,2023,2023,Memphis Grizzlies,2,15,45,77,11.8,3.7,1.1,41.3,35.2,74.6,50.1,12.5,1.3
jacksis01,Isaiah Jackson,True,C,right,208.3,93.4,2002,1,10,2002-01-10,Kentucky,4,2021-10-23,2021,2021,Los Angeles Lakers,1,22,22,163,7.2,4.3,0.7,59.5,20.6,67.1,59.9,19.4,7.7
jacksja01,Jaren Jackson,False,,,,,,,,,,,,,,,,,,,,,,,,,,,
jacksja02,Jaren Jackson Jr.,True,C,right,208.3,109.8,1999,9,15,1999-09-15,Michigan State,7,2018-10-17,2018,2018,Memphis Grizzlies,1,4,4,407,18.5,5.5,1.5,46.6,35.1,79.2,52.8,18.1,28.8
jacksjo02,Josh Jackson,True,SF,right,203.2,93.9,1997,2,10,1997-02-10,Kansas,5,2017-10-18,2017,2017,Phoenix Suns,1,4,4,,,,,,,,,,
jacksju01,Justin Jackson,True,SF,right,203.2,99.8,1995,3,28,1995-03-28,UNC,7,2017-10-18,2017,2017,Portland Trail Blazers,1,15,15,,,,,,,,,,
jackslu01,Luke Jackson,False,,,,,,,,,,,,,,,,,,,,,,,,,,,
jacksme01,Merv Jackson,False,,,,,,,,,,,,,,,,,,,,,,,,,,,
jacksph01,Phil Jackson,False,,,,,,,,,,,,,,,,,,,,,,,,,,,
jacksqu01,Quenton Jackson,True,PG,right,195.6,79.4,1998,9,15,1998-09-15,Texas A&M,3,2023-02-11,2023,2023,NBA Draft,,,,40,5.5,1.4,1.8,46.7,30.8,78.1,51.5,14.1,1.3
jacksre01,Reggie Jackson,True,PG,right,188.0,94.3,1990,4,16,1990-04-16,Boston College,14,2011-12-31,2011,2011,Oklahoma City Thunder,1,24,24,884,12.3,2.8,4.1,42.3,34.5,85.4,48.4,14.5,36.3
jacksst02,Stephen Jackson,False,,,,,,,,,,,,,,,,,,,,,,,,,,,
jackstr02,Trayce Jackson-Davis,True,PF,left,205.7,111.1,2000,2,22,2000-02-22,Indiana,2,2023-10-27,2023,2023,Washington Wizards,2,27,57,130,7.3,5.0,1.4,64.2,0.0,56.8,64.2,20.2,8.2
jacobsa01,Sam Jacobson,False,,,,,,,,,,,,,,,,,,,,,,,,,,,
jakucka01,Kasparas Jakucionis,False,,,,,,,,,,,,,,,,,,,,,,,,,,,
jamesbr02,Bronny James,True,SG,right,188.0,95.3,2004,10,6,2004-10-06,USC,1,2024-10-22,2024,2024,Los Angeles Lakers,2,25,55,27,2.3,0.7,0.8,31.3,28.1,78.6,38.1,7.1,-0.2
jamesda01,Damion James,False,,,,,,,,,,,,,,,,,,,,,,,,,,,
jamesju01,Justin James,True,SF,right,200.7,86.2,1997,1,24,1997-01-24,Wyoming,2,2019-10-25,2019,2019,Sacramento Kings,2,10,40,,,,,,,,,,
jamesle01,LeBron James,True,SF,right,205.7,113.4,1984,12,30,1984-12-30,,22,2003-10-29,2003,2003,Cleveland Cavaliers,1,1,1,1562,27.0,7.5,7.4,50.6,34.9,73.7,54.8,26.9,271.4
jamesmi01,Mike James,False,,,,,,,,,,,,,,,,,,,,,,,,,,,
jamesmi02,Mike James,True,PG,right,185.4,85.7,1990,8,18,1990-08-18,Lamar,,2017-10-18,2017,2023,NBA Draft,,,,,,,,,,,,,
jamessi01,Sion James,False,,,,,,,,,,,,,,,,,,,,,,,,,,,
jaqueja01,Jaime Jaquez Jr.,True,SF,right,198.1,102.1,2001,2,18,2001-02-18,UCLA,2,2023-10-25,2023,2023,Miami Heat,1,18,18,141,10.3,4.1,2.6,47.8,31.8,78.5,52.2,13.4,6.3
jarosto01,Tony Jaros,False,,,,,,,,,,,,,,,,,,,,,,,,,,,
jarrede01,DeJon Jarreau,True,SG,right,195.6,83.9,1998,1,23,1998-01-23,UMass,2,2021-10-29,2021,2023,NBA Draft,,,,,,,,,,,,,
jarviji01,Jim Jarvis,False,,,,,,,,,,,,,,,,,,,,,,,,,,,
jeannbu01,Buddy Jeannette,False,,,,,,,,,,,,,,,,,,,,,,,,,,,
jeffeam01,Amile Jefferson,True,PF,right,205.7,100.7,1993,5,7,1993-05-07,Duke,,2018-12-31,2018,2023,NBA Draft,,,,,,,,,,,,,
jeffeot01,Othyus Jeffers,False,,,,,,,,,,,,,,,,,,,,,,,,,,,
jefferi01,Richard Jefferson,False,,,,,,,,,,,,,,,,,,,,,,,,,,,
jeffrda01,DaQuan Jeffries,True,SG,right,195.6,104.3,1997,8,30,1997-08-30,Oral Roberts,6,2019-11-15,2019,2023,NBA Draft,,,,111,4.6,2.1,0.8,41.5,31.5,78.3,50.2,8.1,1.1
jemistr01,Trey Jemison,True,C,right,210.8,117.9,1999,11,28,1999-11-28,Clemson,2,2024-01-24,2024,2023,NBA Draft,,,,63,4.2,3.8,0.7,55.2,,58.6,55.2,10.6,1.2
jenkida01,Daniss Jenkins,True,PG,right,190.5,74.8,2001,8,17,2001-08-17,University of the Pacific,1,2024-10-25,2024,2023,NBA Draft,,,,7,1.0,0.3,0.4,30.0,14.3,0.0,35.0,-0.1,-0.1
jenkijo01,John Jenkins,True,SG,right,193.0,97.5,1991,3,6,1991-03-06,Vanderbilt,6,2012-11-11,2012,2012,Atlanta Hawks,1,23,23,,,,,,,,,,
jentch01,Chris Jent,False,,,,,,,,,,,,,,,,,,,,,,,,,,,
jerebjo01,Jonas Jerebko,True,PF,right,208.3,104.8,1987,3,2,1987-03-02,,,2009-10-31,2009,2009,Detroit Pistons,2,9,39,,,,,,,,,,
jeromty01,Ty Jerome,True,SG,right,195.6,88.5,1997,7,8,1997-07-08,Virginia,6,2019-12-02,2019,2019,Philadelphia 76ers,1,24,24,229,8.7,2.0,2.8,45.8,38.1,85.0,54.7,15.0,9.9
joeis01,Isaiah Joe,True,SG,right,195.6,82.1,1999,7,2,1999-07-02,Arkansas,5,2020-12-27,2020,2020,Philadelphia 76ers,2,19,49,321,7.6,2.0,1.1,43.1,40.2,83.7,58.5,12.9,13.5
johnsaj01,AJ Johnson,True,SG,right,193.0,72.6,2004,12,1,2004-12-01,,1,2024-10-23,2024,2024,Milwaukee Bucks,1,23,23,29,7.6,2.0,2.6,38.5,26.7,86.5,44.1,7.1,-0.4
johnsal02,Alize Johnson,True,PF,right,200.7,96.2,1996,4,22,1996-04-22,Frank Phillips College,5,2018-10-19,2018,2018,Indiana Pacers,2,20,50,,,,,,,,,,
johnsam01,Amir Johnson,True,PF,right,205.7,108.9,1987,5,1,1987-05-01,,,2006-01-24,2006,2005,Detroit Pistons,2,26,56,,,,,,,,,,
johnsar01,Arnie Johnson,False,,,,,,,,,,,,,,,,,,,,,,,,,,,
johnsav01,Avery Johnson,False,,,,,,,,,,,,,,,,,,,,,,,,,,,
johnsbj01,B.J. Johnson,True,SF,left,200.7,90.7,1995,12,21,1995-12-21,Syracuse,,2019-03-03,2019,2023,NBA Draft,,,,,,,,,,,,,
johnsca02,Cameron Johnson,True,PF,right,203.2,95.3,1996,3,3,1996-03-03,Pitt,6,2019-10-26,2019,2019,Minnesota Timberwolves,1,11,11,340,12.9,3.9,2.0,45.3,39.2,85.1,57.2,15.1,22.9
johnsch01,Charles Johnson,False,,,,,,,,,,,,,,,,,,,,,,,,,,,
johnscl01,Clemon Johnson,False,,,,,,,,,,,,,,,,,,,,,,,,,,,
johnscl02,Clay Johnson,False,,,,,,,,,,,,,,,,,,,,,,,,,,,
johnsda08,David Johnson,True,PG,right,195.6,95.3,2001,2,26,2001-02-26,Louisville,1,2021-10-27,2021,2021,Toronto Raptors,2,17,47,,,,,,,,,,
johnsde01,Dennis Johnson,False,,,,,,,,,,,,,,,,,,,,,,,,,,,
johnsge02,George Johnson,False,,,,,,,,,,,,,,,,,,,,,,,,,,,
johnsgu01,Gus Johnson,False,,,,,,,,,,,,,,,,,,,,,,,,,,,
johnsja01,James Johnson,True,PF,right,200.7,108.9,1987,2,20,1987-02-20,Wake Forest,16,2009-10-30,2009,2009,Chicago Bulls,1,16,16,786,7.4,3.5,2.0,47.3,30.0,67.8,51.2,13.9,27.4
johnsja05,Jalen Johnson,True,SF,right,205.7,99.8,2001,12,18,2001-12-18,Duke,4,2021-10-21,2021,2021,Atlanta Hawks,1,20,20,184,11.0,6.3,2.6,50.4,32.3,71.2,55.0,15.9,8.4
johnsjo01,John Johnson,False,,,,,,,,,,,,,,,,,,,,,,,,,,,
johnsjo02,Joe Johnson,True,SG,right,200.7,108.9,1981,6,29,1981-06-29,Arkansas,,2001-10-30,2001,2001,Boston Celtics,1,10,10,,,,,,,,,,
johnske04,Keldon Johnson,True,SF,right,195.6,99.8,1999,10,11,1999-10-11,Kentucky,6,2019-11-22,2019,2019,San Antonio Spurs,1,29,29,370,15.6,5.4,2.2,46.7,35.2,76.2,53.1,14.9,16.7
johnske07,Keon Johnson,True,SG,right,195.6,84.4,2002,3,10,2002-03-10,Tennessee,4,2021-11-07,2021,2021,New York Knicks,1,21,21,161,8.2,2.7,1.9,37.9,32.4,76.5,45.6,9.9,-0.3
johnske08,Keyontae Johnson,True,SF,right,195.6,104.3,2000,5,24,2000-05-24,Florida,1,2023-10-29,2023,2023,Oklahoma City Thunder,2,20,50,,,,,,,,,,
johnske10,Keshad Johnson,True,SF,right,198.1,102.1,2001,6,23,2001-06-23,San Diego State,1,2024-12-02,2024,2023,NBA Draft,,,,16,2.7,1.8,0.3,69.2,42.9,44.4,75.0,19.1,0.4
johnsko01,Kobe Johnson,False,,,,,,,,,,,,,,,,,,,,,,,,,,,
johnsli01,Linton Johnson,False,,,,,,,,,,,,,,,,,,,,,,,,,,,
johnsma02,Magic Johnson,False,,,,,,,,,,,,,,,,,,,,,,,,,,,
johnsne01,Neil Johnston,False,,,,,,,,,,,,,,,,,,,,,,,,,,,
johnsre01,Reggie Johnson,False,,,,,,,,,,,,,,,,,,,,,,,,,,,
johnsri01,Rich Johnson,False,,,,,,,,,,,,,,,,,,,,,,,,,,,
johnssa01,Samson Johnson,False,,,,,,,,,,,,,,,,,,,,,,,,,,,
johnsst04,Stanley Johnson,True,SF,right,198.1,109.8,1996,5,29,1996-05-29,Arizona,8,2015-10-27,2015,2015,Detroit Pistons,1,8,8,,,,,,,,,,
johnstr03,Tre Johnson,False,,,,,,,,,,,,,,,,,,,,,,,,,,,
johnsty01,Tyler Johnson,True,PG,left,190.5,84.4,1992,5,7,1992-05-07,Fresno State,,2015-01-14,2015,2023,NBA Draft,,,,,,,,,,,,,
johnsvi01,Vinnie Johnson,False,,,,,,,,,,,,,,,,,,,,,,,,,,,
johnswe01,Wesley Johnson,True,SF,right,200.7,97.5,1987,7,11,1987-07-11,Iowa State,,2010-10-27,2010,2010,Minnesota Timberwolves,1,4,4,,,,,,,,,,
jokicni01,Nikola Jokić,True,C,right,210.8,128.8,1995,2,19,1995-02-19,,10,2015-10-28,2015,2014,Denver Nuggets,2,11,41,745,21.8,10.9,7.2,56.0,36.0,82.4,59.6,28.5,128.0
jonesbo01,Bobby Jones,False,,,,,,,,,,,,,,,,,,,,,,,,,,,
jonesca03,Carlik Jones,True,PG,right,185.4,83.9,1997,12,23,1997-12-23,Radford,2,2021-12-23,2021,2023,NBA Draft,,,,,,,,,,,,,
jonesch01,Charles Jones,False,,,,,,,,,,,,,,,,,,,,,,,,,,,
jonesco02,Colby Jones,True,SG,right,198.1,93.0,2002,5,28,2002-05-28,Xavier,2,2023-10-25,2023,2023,Charlotte Hornets,2,4,34,69,3.2,1.8,0.9,43.5,25.4,63.0,48.0,10.7,0.6
jonescu01,Curtis Jones,False,,,,,,,,,,,,,,,,,,,,,,,,,,,
jonesda02,Dahntay Jones,False,,,,,,,,,,,,,,,,,,,,,,,,,,,
jonesda03,Damian Jones,True,C,right,210.8,111.1,1995,6,30,1995-06-30,Vanderbilt,8,2016-12-10,2016,2016,Golden State Warriors,1,30,30,,,,,,,,,,
jonesda06,David Jones García,False,,,,,,,,,,,,,,,,,,,,,,,,,,,
jonesde02,Derrick Jones Jr.,True,SF,left,195.6,95.3,1997,2,15,1997-02-15,UNLV,9,2016-11-19,2016,2023,NBA Draft,,,,497,7.2,3.3,0.7,50.7,32.5,70.6,56.7,13.0,23.7
jonesdi01,Dillon Jones,True,SF,right,195.6,108.9,2001,10,29,2001-10-29,Weber State,1,2024-10-24,2024,2024,Washington Wizards,1,26,26,54,2.5,2.2,1.1,38.3,25.4,60.7,44.4,8.1,0.8
jonesdo02,Dominique Jones,False,,,,,,,,,,,,,,,,,,,,,,,,,,,
jonesea01,Earl Jones,False,,,,,,,,,,,,,,,,,,,,,,,,,,,
joneshe01,Herbert Jones,True,SF,left,203.2,95.3,1998,10,6,1998-10-06,Alabama,4,2021-10-20,2021,2021,New Orleans Pelicans,2,5,35,240,10.1,3.8,2.5,47.7,36.6,82.4,54.5,12.4,15.6
jonesis01,Isaac Jones,True,PF,right,203.2,111.1,2000,7,11,2000-07-11,Wenatchee Valley College,1,2024-10-28,2024,2023,NBA Draft,,,,40,3.4,1.4,0.3,65.1,37.5,63.9,66.9,15.2,0.7
jonesja02,James Jones,False,,,,,,,,,,,,,,,,,,,,,,,,,,,
jonesja04,Jalen Jones,True,SF,right,200.7,99.8,1993,5,27,1993-05-27,SMU,,2017-10-28,2017,2023,NBA Draft,,,,,,,,,,,,,
jonesje01,Jemerrio Jones,True,SF,right,195.6,78.9,1995,4,9,1995-04-09,Hill College,2,2019-03-31,2019,2023,NBA Draft,,,,,,,,,,,,,
jonesjo01,Johnny Jones,False,,,,,,,,,,,,,,,,,,,,,,,,,,,
joneska01,Kai Jones,True,C,right,210.8,98.9,2001,1,19,2001-01-19,Texas,3,2021-10-22,2021,2021,New York Knicks,1,19,19,107,3.5,2.4,0.4,67.1,23.1,68.2,68.3,14.8,2.8
joneska03,Kam Jones,False,,,,,,,,,,,,,,,,,,,,,,,,,,,
joneskc01,K.C. Jones,False,,,,,,,,,,,,,,,,,,,,,,,,,,,
jonesma05,Mason Jones,True,SG,right,193.0,90.7,1998,7,21,1998-07-21,Connors State College,4,2021-01-08,2021,2023,NBA Draft,,,,51,4.4,1.5,1.2,42.7,32.9,66.3,51.2,13.2,0.6
jonesri01,Rich Jones,False,,,,,,,,,,,,,,,,,,,,,,,,,,,
jonesro01,Robin Jones,False,,,,,,,,,,,,,,,,,,,,,,,,,,,
jonessa01,Sam Jones,False,,,,,,,,,,,,,,,,,,,,,,,,,,,
jonessp01,Spencer Jones,True,SF,right,200.7,102.1,2001,6,14,2001-06-14,Stanford,1,2024-11-02,2024,2023,NBA Draft,,,,20,1.3,0.9,0.3,32.4,5.9,100.0,33.8,4.5,-0.1
joneste01,Terrence Jones,True,PF,left,205.7,114.3,1992,1,9,1992-01-09,Kentucky,,2012-11-10,2012,2012,Houston Rockets,1,18,18,,,,,,,,,,
jonestr01,Tre Jones,True,PG,right,185.4,83.9,2000,1,8,2000-01-08,Duke,5,2020-12-30,2020,2020,San Antonio Spurs,2,11,41,297,8.4,2.8,4.7,48.8,31.1,83.9,52.3,15.3,14.5
jonesty01,Tyus Jones,True,PG,right,185.4,88.9,1996,5,10,1996-05-10,Duke,10,2015-11-10,2015,2015,Cleveland Cavaliers,1,24,24,682,7.7,2.0,4.4,44.5,37.8,82.1,52.1,15.0,33.9
joneswa02,Wali Jones,False,,,,,,,,,,,,,,,,,,,,,,,,,,,
joneswi02,Wil Jones,False,,,,,,,,,,,,,,,,,,,,,,,,,,,
jordade01,DeAndre Jordan,True,C,left,210.8,120.2,1988,7,21,1988-07-21,Texas A&M,17,2008-11-01,2008,2008,Los Angeles Clippers,2,5,35,1111,8.5,9.7,0.9,67.4,15.4,47.5,67.4,18.3,98.8
jordaed01,Eddie Jordan,False,,,,,,,,,,,,,,,,,,,,,,,,,,,
jordami01,Michael Jordan,False,,,,,,,,,,,,,,,,,,,,,,,,,,,
jorgejo01,Johnny Jorgensen,False,,,,,,,,,,,,,,,,,,,,,,,,,,,
josepco01,Cory Joseph,True,PG,right,188.0,90.7,1991,8,20,1991-08-20,Texas,14,2011-12-26,2011,2011,San Antonio Spurs,1,29,29,866,6.7,2.4,2.9,44.0,35.0,78.6,49.2,12.0,32.1
jovicni01,Nikola Jović,True,PF,right,208.3,94.8,2003,6,9,2003-06-09,,3,2022-10-26,2022,2022,Miami Heat,1,27,27,107,8.7,3.8,2.2,45.0,37.0,80.4,55.4,13.1,4.7
juzanjo01,Johnny Juzang,True,SG,right,200.7,97.5,2001,3,17,2001-03-17,Kentucky,3,2023-02-28,2023,2023,NBA Draft,,,,102,7.9,2.5,1.0,42.1,36.3,80.3,54.1,10.7,1.8
kabenmf01,Mfiondu Kabengele,True,PF,right,205.7,113.4,1997,8,14,1997-08-14,Florida State,3,2019-10-24,2019,2019,Brooklyn Nets,1,27,27,,,,,,,,,,
kachawh01,Whitey Kachan,False,,,,,,,,,,,,,,,,,,,,,,,,,,,
kalaige01,Georgios Kalaitzakis,True,SF,right,203.2,87.1,1999,1,2,1999-01-02,,,2021-10-19,2021,2021,Indiana Pacers,2,30,60,,,,,,,,,,
kalkbry01,Ryan Kalkbrenner,False,,,,,,,,,,,,,,,,,,,,,,,,,,,
kalumar01,Arthur Kaluma,False,,,,,,,,,,,,,,,,,,,,,,,,,,,
kaminfr01,Frank Kaminsky,True,C,right,213.4,108.9,1993,4,4,1993-04-04,Wisconsin,8,2015-10-28,2015,2015,Charlotte Hornets,1,9,9,,,,,,,,,,
kanteen01,Enes Freedom,True,C,right,208.3,113.4,1992,5,20,1992-05-20,Kentucky,,2011-12-27,2011,2011,Utah Jazz,1,3,3,,,,,,,,,,
kaplora01,Ralph Kaplowitz,False,,,,,,,,,,,,,,,,,,,,,,,,,,,
kaponja01,Jason Kapono,False,,,,,,,,,,,,,,,,,,,,,,,,,,,
kaunsa01,Sasha Kaun,False,,,,,,,,,,,,,,,,,,,,,,,,,,,
kawamyu01,Yuki Kawamura,True,PG,right,172.7,72.1,2001,5,2,2001-05-02,,1,2024-10-25,2024,2023,NBA Draft,,,,22,1.6,0.5,0.9,36.7,30.4,77.8,48.3,11.0,0.2
keelstr01,Trevor Keels,True,SG,right,195.6,100.2,2003,8,26,2003-08-26,Duke,1,2022-10-21,2022,2022,New York Knicks,2,12,42,,,,,,,,,,
kellebi01,Bill Keller,False,,,,,,,,,,,,,,,,,,,,,,,,,,,
kelleky01,Kylor Kelley,True,C,right,213.4,97.5,1997,8,26,1997-08-26,Oregon State,1,2025-01-27,2025,2023,NBA Draft,,,,11,3.1,3.5,0.5,63.6,,60.0,63.6,12.1,0.3
kellyar01,Arvesta Kelly,False,,,,,,,,,,,,,,,,,,,,,,,,,,,
kellymi02,Miles Kelly,False,,,,,,,,,,,,,,,,,,,,,,,,,,,
kendrfr01,Frank Kendrick,False,,,,,,,,,,,,,,,,,,,,,,,,,,,
kennalu01,Luke Kennard,True,SG,left,195.6,93.4,1996,6,24,1996-06-24,Duke,8,2017-10-20,2017,2017,Detroit Pistons,1,12,12,460,9.8,2.8,2.3,45.7,43.8,88.1,58.6,13.0,23.6
kenonla01,Larry Kenon,False,,,,,,,,,,,,,,,,,,,,,,,,,,,
kenvibi01,Billy Kenville,False,,,,,,,,,,,,,,,,,,,,,,,,,,,
kerrre01,Red Kerr,False,,,,,,,,,,,,,,,,,,,,,,,,,,,
kerrst01,Steve Kerr,False,,,,,,,,,,,,,,,,,,,,,,,,,,,
kerseje01,Jerome Kersey,False,,,,,,,,,,,,,,,,,,,,,,,,,,,
kerwito01,Tom Kerwin,False,,,,,,,,,,,,,,,,,,,,,,,,,,,
kesslwa01,Walker Kessler,True,C,right,213.4,111.1,2001,7,26,2001-07-26,UNC,3,2022-10-19,2022,2022,Memphis Grizzlies,1,22,22,196,9.4,9.2,1.2,68.0,19.6,53.7,68.5,19.9,16.6
keybr01,Braxton Key,True,SF,right,203.2,104.3,1997,2,14,1997-02-14,Alabama,4,2022-01-07,2022,2023,NBA Draft,,,,37,2.9,1.9,0.5,43.6,29.6,62.1,47.9,14.0,0.4
kiddgmi01,Michael Kidd-Gilchrist,True,SF,right,198.1,105.2,1993,9,26,1993-09-26,Kentucky,,2012-11-02,2012,2012,Charlotte Bobcats,1,2,2,,,,,,,,,,
kiddja01,Jason Kidd,False,,,,,,,,,,,,,,,,,,,,,,,,,,,
kiddst01,Stanton Kidd,True,SG,right,198.1,97.5,1992,3,18,1992-03-18,South Plains College,,2019-10-25,2019,2023,NBA Draft,,,,,,,,,,,,,
kimbrst01,Stan Kimbrough,False,,,,,,,,,,,,,,,,,,,,,,,,,,,
kingge01,George King,False,,,,,,,,,,,,,,,,,,,,,,,,,,,
kingge02,Gerard King,False,,,,,,,,,,,,,,,,,,,,,,,,,,,
kingge03,George King,True,SF,right,198.1,102.1,1994,1,15,1994-01-15,Colorado,2,2018-12-11,2018,2018,Phoenix Suns,2,29,59,,,,,,,,,,
kinglo02,Louis King,True,SF,right,200.7,93.0,1999,4,6,1999-04-06,Oregon,4,2019-12-26,2019,2023,NBA Draft,,,,,,,,,,,,,
kingma01,Maurice King,False,,,,,,,,,,,,,,,,,,,,,,,,,,,
kingst01,Stacey King,False,,,,,,,,,,,,,,,,,,,,,,,,,,,
kispeco01,Corey Kispert,True,SF,right,200.7,99.8,1999,3,3,1999-03-03,Gonzaga,4,2021-10-22,2021,2021,Washington Wizards,1,15,15,292,11.1,2.8,1.5,47.4,38.2,80.5,59.2,11.6,9.3
kitegr01,Greg Kite,False,,,,,,,,,,,,,,,,,,,,,,,,,,,
klebima01,Maxi Kleber,True,PF,right,208.3,108.9,1992,1,29,1992-01-29,,8,2017-10-21,2017,2023,NBA Draft,,,,440,6.4,4.4,1.2,44.3,35.4,77.6,55.2,11.3,20.1
kleinjo01,Joe Kleine,False,,,,,,,,,,,,,,,,,,,,,,,,,,,
klintbo01,Bobi Klintman,True,SF,right,205.7,102.1,2003,3,6,2003-03-06,Wake Forest,1,2025-01-08,2025,2024,Minnesota Timberwolves,2,7,37,8,1.9,0.9,0.9,60.0,40.0,50.0,70.0,15.9,0.2
klotzhe01,Red Klotz,False,,,,,,,,,,,,,,,,,,,,,,,,,,,
knechda01,Dalton Knecht,True,SF,right,198.1,97.5,2001,4,19,2001-04-19,Northeastern Junior College,1,2024-10-22,2024,2024,Los Angeles Lakers,1,17,17,78,9.1,2.8,0.8,46.1,37.6,76.2,57.6,12.7,2.7
knighbr03,Brandon Knight,True,PG,right,188.0,82.6,1991,12,2,1991-12-02,Kentucky,,2011-12-26,2011,2011,Detroit Pistons,1,8,8,,,,,,,,,,
knighna01,Nathan Knight,True,PF,right,203.2,114.8,1997,9,20,1997-09-20,William & Mary,3,2020-12-23,2020,2023,NBA Draft,,,,,,,,,,,,,
knightr01,Travis Knight,False,,,,,,,,,,,,,,,,,,,,,,,,,,,
knoxke01,Kevin Knox,True,SF,right,200.7,97.5,1999,8,11,1999-08-11,Kentucky,7,2018-10-17,2018,2018,New York Knicks,1,9,9,320,7.3,2.8,0.7,39.3,34.0,72.3,47.4,9.4,0.9
knuepko01,Kon Knueppel,False,,,,,,,,,,,,,,,,,,,,,,,,,,,
kolekty01,Tyler Kolek,True,PG,left,185.4,88.5,2001,3,27,2001-03-27,George Mason,1,2024-10-22,2024,2024,Portland Trail Blazers,2,4,34,41,2.0,0.7,1.7,32.9,29.8,76.5,41.5,10.3,0.4
kolokch01,Christian Koloko,True,C,right,215.9,104.3,2000,6,20,2000-06-20,Arizona,2,2022-10-19,2022,2022,Toronto Raptors,2,3,33,95,2.9,2.8,0.5,51.9,6.3,64.4,52.1,11.9,2.7
konanya01,Yanic Konan Niederhauser,False,,,,,,,,,,,,,,,,,,,,,,,,,,,
konchjo01,John Konchar,True,SG,right,195.6,95.3,1996,3,22,1996-03-22,Purdue-Fort Wayne,6,2019-11-09,2019,2023,NBA Draft,,,,307,4.2,4.0,1.4,46.9,36.1,72.7,56.3,12.5,13.8
korkmfu01,Furkan Korkmaz,True,SG,right,200.7,91.6,1997,7,24,1997-07-24,,7,2017-11-11,2017,2016,Philadelphia 76ers,1,26,26,,,,,,,,,,
kornelu01,Luke Kornet,True,C,right,218.4,113.4,1995,7,15,1995-07-15,Vanderbilt,8,2018-02-08,2018,2023,NBA Draft,,,,353,5.2,3.5,1.1,53.6,32.1,77.0,58.9,16.9,19.4
korveky01,Kyle Korver,True,SG,right,200.7,96.2,1981,3,17,1981-03-17,Creighton,,2003-10-28,2003,2003,New Jersey Nets,2,22,51,,,,,,,,,,
koufoko01,Kosta Koufos,True,C,right,213.4,111.1,1989,2,24,1989-02-24,Ohio State,,2008-11-01,2008,2008,Utah Jazz,1,23,23,,,,,,,,,,
krejcvi01,Vit Krejci,True,PG,right,203.2,88.5,2000,6,19,2000-06-19,,4,2021-10-20,2021,2020,Washington Wizards,2,7,37,138,5.6,2.4,2.0,46.5,39.4,76.0,59.4,10.3,4.0
kreklwa01,Wayne Kreklow,False,,,,,,,,,,,,,,,,,,,,,,,,,,,
kuberst01,Steve Kuberski,False,,,,,,,,,,,,,,,,,,,,,,,,,,,
kukocto01,Toni Kukoč,False,,,,,,,,,,,,,,,,,,,,,,,,,,,
kulboar01,Arnoldas Kulboka,True,SF,right,205.7,89.8,1998,1,4,1998-01-04,,,2021-12-10,2021,2018,Charlotte Hornets,2,25,55,,,,,,,,,,
kuminjo01,Jonathan Kuminga,True,PF,right,203.2,95.3,2002,10,6,2002-10-06,,4,2021-10-30,2021,2021,Golden State Warriors,1,7,7,258,12.5,4.0,1.8,50.7,33.2,69.6,55.0,15.4,12.0
kupchmi01,Mitch Kupchak,False,,,,,,,,,,,,,,,,,,,,,,,,,,,
kurucro01,Rodions Kurucs,True,SF,right,205.7,103.4,1998,2,5,1998-02-05,,,2018-10-17,2018,2018,Brooklyn Nets,2,10,40,,,,,,,,,,
kuzmaky01,Kyle Kuzma,True,PF,right,205.7,100.2,1995,7,24,1995-07-24,Utah,8,2017-10-19,2017,2017,Brooklyn Nets,1,27,27,541,17.0,6.3,2.7,45.0,33.4,72.1,51.7,13.7,14.4
kuzmiog01,Ognjen Kuzmić,False,,,,,,,,,,,,,,,,,,,,,,,,,,,
labissk01,Skal Labissière,True,PF,right,208.3,106.6,1996,3,18,1996-03-18,Kentucky,,2016-11-05,2016,2016,Phoenix Suns,1,28,28,152,7.1,4.4,1.0,49.2,36.0,74.8,51.0,15.0,4.4
lackebo01,Bob Lackey,False,,,,,,,,,,,,,,,,,,,,,,,,,,,
ladnewe01,Wendell Ladner,False,,,,,,,,,,,,,,,,,,,,,,,,,,,
lagarto01,Tom LaGarde,False,,,,,,,,,,,,,,,,,,,,,,,,,,,
laimbbi01,Bill Laimbeer,False,,,,,,,,,,,,,,,,,,,,,,,,,,,
lamban01,Anthony Lamb,True,SF,right,198.1,103.0,1998,1,20,1998-01-20,University of Vermont,3,2021-03-11,2021,2023,NBA Draft,,,,,,,,,,,,,
lambje01,Jeremy Lamb,True,SG,right,195.6,81.6,1992,5,30,1992-05-30,UConn,,2012-11-02,2012,2012,Houston Rockets,1,12,12,,,,,,,,,,
lampje01,Jeff Lamp,False,,,,,,,,,,,,,,,,,,,,,,,,,,,
landajo01,Jock Landale,True,C,right,210.8,116.1,1995,10,25,1995-10-25,Saint Mary's,4,2021-10-20,2021,2023,NBA Draft,,,,221,5.4,3.3,1.0,51.8,29.7,76.5,55.8,16.1,8.2
landsma01,Mark Landsberger,False,,,,,,,,,,,,,,,,,,,,,,,,,,,
langfro01,Romeo Langford,True,SG,right,195.6,98.0,1999,10,25,1999-10-25,Indiana,4,2019-10-30,2019,2019,Boston Celtics,1,14,14,,,,,,,,,,
laniech01,Chaz Lanier,False,,,,,,,,,,,,,,,,,,,,,,,,,,,
laravja01,Jake LaRavia,True,PF,right,203.2,106.6,2001,11,3,2001-11-03,Indiana State University,3,2022-10-19,2022,2022,Minnesota Timberwolves,1,19,19,136,6.9,3.3,1.7,42.9,37.1,75.1,52.2,11.7,4.4
larsspe01,Pelle Larsson,True,SG,right,195.6,97.5,2001,2,23,2001-02-23,Utah,1,2024-10-23,2024,2024,Houston Rockets,2,14,44,55,4.6,1.7,1.2,43.8,33.7,67.2,51.7,10.2,1.4
larueru01,Rusty LaRue,False,,,,,,,,,,,,,,,,,,,,,,,,,,,
lavinza01,Zach LaVine,True,SG,right,195.6,90.7,1995,3,10,1995-03-10,UCLA,11,2014-10-30,2014,2014,Minnesota Timberwolves,1,13,13,654,20.8,4.1,4.0,47.0,39.1,83.3,54.4,17.3,37.3
lawsoaj01,A.J. Lawson,True,SG,right,198.1,81.2,2000,7,15,2000-07-15,South Carolina,3,2022-11-16,2022,2023,NBA Draft,,,,83,5.2,1.9,0.6,43.9,31.8,63.8,51.8,12.3,1.2
lawvi01,Vic Law,True,PF,right,200.7,90.7,1995,12,19,1995-12-19,Northwestern,,2020-01-26,2020,2023,NBA Draft,,,,,,,,,,,,,
laymaja01,Jake Layman,True,SF,right,203.2,94.8,1994,3,7,1994-03-07,Maryland,6,2016-11-01,2016,2016,Orlando Magic,2,17,47,,,,,,,,,,
leaftj01,T.J. Leaf,True,PF,right,208.3,100.7,1997,4,30,1997-04-30,UCLA,,2017-10-18,2017,2017,Indiana Pacers,1,18,18,,,,,,,,,,
lecquja01,Jalen Lecque,True,PG,right,193.0,83.9,2000,6,13,2000-06-13,,2,2020-01-16,2020,2023,NBA Draft,,,,,,,,,,,,,
leebu01,Butch Lee,False,,,,,,,,,,,,,,,,,,,,,,,,,,,
leeco01,Courtney Lee,True,SG,right,195.6,97.5,1985,10,3,1985-10-03,Western Kentucky,,2008-11-03,2008,2008,Orlando Magic,1,22,22,,,,,,,,,,
leeda02,David Lee,False,,,,,,,,,,,,,,,,,,,,,,,,,,,
leeda03,Damion Lee,True,SG,right,195.6,95.3,1992,10,21,1992-10-21,Drexel,7,2018-03-13,2018,2023,NBA Draft,,,,315,7.8,3.2,1.3,43.3,37.4,88.1,53.1,11.6,10.6
leesa01,Saben Lee,True,PG,right,188.0,83.0,1999,6,23,1999-06-23,Vanderbilt,4,2021-01-06,2021,2020,Utah Jazz,2,8,38,,,,,,,,,,
leiboba01,Barry Leibowitz,False,,,,,,,,,,,,,,,,,,,,,,,,,,,
lemonwa01,Walt Lemon Jr.,True,PG,left,190.5,81.6,1992,7,26,1992-07-26,Bradley,,2018-02-23,2018,2023,NBA Draft,,,,,,,,,,,,,
lenal01,Alex Len,True,C,right,213.4,113.4,1993,6,16,1993-06-16,Maryland,12,2013-10-30,2013,2013,Phoenix Suns,1,5,5,690,6.7,5.3,0.9,51.0,32.2,67.8,52.6,15.0,23.9
leonaka01,Kawhi Leonard,True,SF,right,200.7,102.1,1991,6,29,1991-06-29,San Diego State,13,2011-12-26,2011,2011,Indiana Pacers,1,15,15,733,20.1,6.4,3.1,49.9,39.2,86.0,55.4,23.2,102.7
leoname01,Meyers Leonard,True,C,right,213.4,117.9,1992,2,27,1992-02-27,Illinois,10,2012-10-31,2012,2012,Portland Trail Blazers,1,11,11,,,,,,,,,,
leonsma01,Malevy Leons,True,SF,right,205.7,93.0,1999,9,23,1999-09-23,Mineral Area College,1,2024-11-01,2024,2023,NBA Draft,,,,6,0.3,0.5,0.2,0.0,0.0,50.0,0.0,-2.3,0.0
lestero01,Ronnie Lester,False,,,,,,,,,,,,,,,,,,,,,,,,,,,
leuerjo01,Jon Leuer,True,PF,right,208.3,103.4,1989,5,14,1989-05-14,Wisconsin,,2011-12-26,2011,2011,Milwaukee Bucks,2,10,40,,,,,,,,,,
leverca01,Caris LeVert,True,SG,right,198.1,93.0,1994,8,25,1994-08-25,Michigan,9,2016-12-07,2016,2016,Indiana Pacers,1,20,20,524,13.9,3.8,4.0,43.7,34.5,73.6,50.0,14.6,23.9
levincl01,Cliff Levingston,False,,,,,,,,,,,,,,,,,,,,,,,,,,,
lewisfr02,Freddie Lewis,False,,,,,,,,,,,,,,,,,,,,,,,,,,,
lewisgr01,Grady Lewis,False,,,,,,,,,,,,,,,,,,,,,,,,,,,
lewiski01,Kira Lewis Jr.,True,PG,right,185.4,77.1,2001,4,6,2001-04-06,Alabama,4,2020-12-29,2020,2020,New Orleans Pelicans,1,13,13,,,,,,,,,,
lewisma05,Maxwell Lewis,True,SF,right,200.7,88.5,2002,7,27,2002-07-27,Pepperdine,2,2023-10-24,2023,2023,Denver Nuggets,2,10,40,62,2.0,1.0,0.4,38.0,33.9,69.2,45.7,6.6,-0.2
lewisra01,Ralph Lewis,False,,,,,,,,,,,,,,,,,,,,,,,,,,,
lewisra02,Rashard Lewis,False,,,,,,,,,,,,,,,,,,,,,,,,,,,
lewissc01,Scottie Lewis,True,SG,right,195.6,85.7,2000,3,12,2000-03-12,Florida,,2021-12-13,2021,2021,Charlotte Hornets,2,26,56,,,,,,,,,,
liddeej01,E.J. Liddell,True,PF,right,200.7,108.9,2000,12,18,2000-12-18,Ohio State,2,2023-10-28,2023,2022,New Orleans Pelicans,2,11,41,20,1.3,0.7,0.2,42.9,20.0,100.0,50.0,9.0,0.1
lillada01,Damian Lillard,True,PG,right,188.0,88.5,1990,7,15,1990-07-15,Weber State,13,2012-10-31,2012,2012,Portland Trail Blazers,1,6,6,900,25.1,4.3,6.7,43.9,37.1,89.9,52.3,22.2,118.4
linje01,Jeremy Lin,True,PG,right,190.5,90.7,1988,8,23,1988-08-23,Harvard University,,2010-10-29,2010,2023,NBA Draft,,,,,,,,,,,,,
littlge01,Gene Littles,False,,,,,,,,,,,,,,,,,,,,,,,,,,,
littlna01,Nassir Little,True,SF,right,195.6,99.8,2000,2,11,2000-02-11,UNC,5,2019-10-25,2019,2019,Portland Trail Blazers,1,25,25,,,,,,,,,,
livelde01,Dereck Lively II,True,C,right,215.9,104.3,2004,2,12,2004-02-12,Duke,2,2023-10-25,2023,2023,Oklahoma City Thunder,1,12,12,91,8.8,7.1,1.6,72.9,0.0,56.5,72.9,18.9,8.4
liveris01,Isaiah Livers,True,PF,right,200.7,104.3,1998,7,28,1998-07-28,Michigan,3,2021-12-16,2021,2021,Detroit Pistons,2,12,42,,,,,,,,,,
livinch01,Chris Livingston,True,SF,right,198.1,99.8,2003,10,15,2003-10-15,Kentucky,2,2023-11-01,2023,2023,Milwaukee Bucks,2,28,58,42,1.3,1.3,0.2,40.8,7.7,75.0,41.8,8.5,0.1
livinsh01,Shaun Livingston,True,PG,right,200.7,87.1,1985,9,11,1985-09-11,,,2004-11-03,2004,2004,Los Angeles Clippers,1,4,4,,,,,,,,,,
lloydea01,Earl Lloyd,False,,,,,,,,,,,,,,,,,,,,,,,,,,,
loftoke01,Kenneth Lofton Jr.,True,PF,left,200.7,124.7,2002,8,14,2002-08-14,Louisiana Tech,2,2022-10-22,2022,2023,NBA Draft,,,,,,,,,,,,,
loftoza01,Zach Lofton,True,SG,right,193.0,81.6,1992,11,18,1992-11-18,Illinois State,,2018-10-17,2018,2023,NBA Draft,,,,,,,,,,,,,
loganhe01,Henry Logan,False,,,,,,,,,,,,,,,,,,,,,,,,,,,
longjo01,John Long,False,,,,,,,,,,,,,,,,,,,,,,,,,,,
longllu01,Luc Longley,False,,,,,,,,,,,,,,,,,,,,,,,,,,,
looneke01,Kevon Looney,True,C,right,205.7,100.7,1996,2,6,1996-02-06,UCLA,10,2016-01-27,2016,2015,Golden State Warriors,1,30,30,599,5.0,5.7,1.6,57.5,18.5,60.8,57.7,15.7,37.4
lopezbr01,Brook Lopez,True,C,right,215.9,127.9,1988,4,1,1988-04-01,Stanford,17,2008-10-29,2008,2008,New Jersey Nets,1,10,10,1105,15.9,6.1,1.5,49.7,35.2,79.7,53.7,18.5,91.9
lopezro01,Robin Lopez,True,C,right,215.9,127.5,1988,4,1,1988-04-01,Stanford,,2008-10-29,2008,2008,Phoenix Suns,1,15,15,,,,,,,,,,
loscuji01,Jim Loscutoff,False,,,,,,,,,,,,,,,,,,,,,,,,,,,
louzama01,Didi Louzada,True,SF,right,195.6,85.3,1999,2,7,1999-02-07,,2,2021-05-12,2021,2019,Atlanta Hawks,2,5,35,,,,,,,,,,
loveca01,Caleb Love,False,,,,,,,,,,,,,,,,,,,,,,,,,,,
loveke01,Kevin Love,True,PF,right,203.2,113.9,1988,9,7,1988-09-07,UCLA,17,2008-10-29,2008,2008,Memphis Grizzlies,1,5,5,952,16.2,10.0,2.3,43.8,36.9,82.8,51.0,20.8,94.9
lovelcl01,Clyde Lovellette,False,,,,,,,,,,,,,,,,,,,,,,,,,,,
loverla01,Lawson Lovering,False,,,,,,,,,,,,,,,,,,,,,,,,,,,
lowryky01,Kyle Lowry,True,PG,right,182.9,88.9,1986,3,25,1986-03-25,Villanova,19,2006-11-01,2006,2006,Memphis Grizzlies,1,24,24,1173,13.9,4.2,6.1,42.3,36.8,81.5,51.2,17.3,112.6
loydjo01,Jordan Loyd,True,PG,right,193.0,95.3,1993,7,27,1993-07-27,Furman University,,2018-10-29,2018,2023,NBA Draft,,,,,,,,,,,,,
lucasje01,Jerry Lucas,False,,,,,,,,,,,,,,,,,,,,,,,,,,,
lucaska01,Kalin Lucas,True,PG,right,185.4,88.5,1989,5,24,1989-05-24,Michigan State,,2014-11-19,2014,2023,NBA Draft,,,,,,,,,,,,,
lucasma01,Maurice Lucas,False,,,,,,,,,,,,,,,,,,,,,,,,,,,
luety01,Tyronn Lue,False,,,,,,,,,,,,,,,,,,,,,,,,,,,
luisrj01,RJ Luis,False,,,,,,,,,,,,,,,,,,,,,,,,,,,
lundbga01,Gabriel Lundberg,True,SG,right,193.0,92.1,1994,12,4,1994-12-04,,,2022-04-03,2022,2023,NBA Draft,,,,,,,,,,,,,
lundyse01,Seth Lundy,True,SF,right,198.1,99.8,2000,4,2,2000-04-02,Penn State,1,2023-12-15,2023,2023,Atlanta Hawks,2,16,46,,,,,,,,,,
luwawti01,Timothé Luwawu-Cabarrot,True,SF,right,200.7,99.8,1995,5,9,1995-05-09,,6,2016-10-29,2016,2016,Philadelphia 76ers,1,24,24,,,,,,,,,,
lydonty01,Tyler Lydon,True,PF,right,208.3,102.1,1996,4,9,1996-04-09,Syracuse,,2017-11-20,2017,2017,Utah Jazz,1,24,24,,,,,,,,,,
lylestr01,Trey Lyles,True,PF,right,205.7,106.1,1995,11,5,1995-11-05,Kentucky,10,2015-10-28,2015,2015,Utah Jazz,1,12,12,650,7.6,4.3,1.1,44.1,34.7,74.1,52.1,13.4,22.0
macaued01,Ed Macauley,False,,,,,,,,,,,,,,,,,,,,,,,,,,,
machasc01,Scott Machado,True,PG,right,185.4,93.0,1990,6,8,1990-06-08,Iona College,,2012-11-28,2012,2023,NBA Draft,,,,,,,,,,,,,
mackol01,Ollie Mack,False,,,,,,,,,,,,,,,,,,,,,,,,,,,
macksh01,Shelvin Mack,True,PG,right,190.5,92.1,1990,4,22,1990-04-22,Butler,,2011-12-26,2011,2011,Washington Wizards,2,4,34,,,,,,,,,,
maconda01,Daryl Macon,True,PG,right,188.0,83.9,1995,11,29,1995-11-29,Arkansas,,2018-10-26,2018,2023,NBA Draft,,,,,,,,,,,,,
macurjp01,J.P. Macura,True,SG,right,195.6,92.1,1995,6,5,1995-06-05,Xavier,,2019-01-02,2019,2023,NBA Draft,,,,,,,,,,,,,
madsema01,Mark Madsen,False,,,,,,,,,,,,,,,,,,,,,,,,,,,
magetjo01,Josh Magette,True,PG,left,185.4,72.6,1989,11,28,1989-11-28,Alabama-Huntsville,,2017-10-18,2017,2023,NBA Draft,,,,,,,,,,,,,
magnawi01,Will Magnay,True,C,right,208.3,106.1,1998,6,10,1998-06-10,Tulsa,,2021-03-23,2021,2023,NBA Draft,,,,,,,,,,,,,
mahinia01,Ian Mahinmi,True,C,right,210.8,118.8,1986,11,5,1986-11-05,,,2007-10-30,2007,2005,San Antonio Spurs,1,28,28,,,,,,,,,,
mahorri01,Rick Mahorn,False,,,,,,,,,,,,,,,,,,,,,,,,,,,
makerth01,Thon Maker,True,C,right,213.4,100.2,1997,2,25,1997-02-25,,,2016-10-30,2016,2016,Milwaukee Bucks,1,10,10,,,,,,,,,,
maledth01,Théo Maledon,True,PG,right,193.0,79.4,2001,6,12,2001-06-12,,4,2020-12-26,2020,2020,Philadelphia 76ers,2,4,34,,,,,,,,,,
malonka01,,False,,,,,,,,,,,,,,,,,,,,,,,,,,,
malonmo01,Moses Malone,False,,,,,,,,,,,,,,,,,,,,,,,,,,,
maluakh01,Khaman Maluach,False,,,,,,,,,,,,,,,,,,,,,,,,,,,
mamuksa01,Sandro Mamukelashvili,True,C,left,210.8,108.9,1999,5,23,1999-05-23,Seton Hall,4,2021-10-19,2021,2021,Indiana Pacers,2,24,54,191,5.2,3.1,0.9,47.1,34.8,73.1,55.5,16.1,5.2
maneka01,Karim Mané,True,PG,right,190.5,86.2,2000,5,16,2000-05-16,Vanier College,1,2020-12-31,2020,2023,NBA Draft,,,,,,,,,,,,,
mannini01,Nico Mannion,True,PG,right,188.0,86.2,2001,3,14,2001-03-14,Arizona,1,2021-01-04,2021,2020,Golden State Warriors,2,18,48,,,,,,,,,,
mannipa01,Pace Mannion,False,,,,,,,,,,,,,,,,,,,,,,,,,,,
mannte01,Terance Mann,True,SG,right,195.6,97.5,1996,10,18,1996-10-18,Florida State,6,2019-10-24,2019,2019,Los Angeles Clippers,2,18,48,412,8.1,3.5,1.9,50.2,37.2,78.1,56.7,12.8,21.5
manntr01,Tre Mann,True,PG,right,190.5,80.7,2001,2,3,2001-02-03,Florida,4,2021-10-20,2021,2021,Oklahoma City Thunder,1,18,18,181,9.4,2.8,2.3,41.1,35.0,78.8,49.0,11.3,1.9
manonch01,Chris Mañon,False,,,,,,,,,,,,,,,,,,,,,,,,,,,
marciau01,Augustas Marčiulionis,False,,,,,,,,,,,,,,,,,,,,,,,,,,,
mariosh01,Shawn Marion,False,,,,,,,,,,,,,,,,,,,,,,,,,,,
marjabo01,Boban Marjanović,True,C,right,223.5,131.5,1988,8,15,1988-08-15,,9,2015-10-30,2015,2023,NBA Draft,,,,,,,,,,,,,
markkla01,Lauri Markkanen,True,PF,right,213.4,108.9,1997,5,22,1997-05-22,Arizona,8,2017-10-19,2017,2017,Minnesota Timberwolves,1,7,7,450,18.2,7.1,1.5,45.5,37.1,86.7,54.7,17.3,33.1
marksse01,Sean Marks,False,,,,,,,,,,,,,,,,,,,,,,,,,,,
marshna01,Naji Marshall,True,SF,right,200.7,99.8,1998,1,24,1998-01-24,Xavier,5,2021-01-15,2021,2023,NBA Draft,,,,299,8.8,3.8,2.3,45.6,30.2,78.6,51.1,12.9,10.3
martial01,Alijah Martin,False,,,,,,,,,,,,,,,,,,,,,,,,,,,
martica02,Caleb Martin,True,SF,right,195.6,93.0,1995,9,28,1995-09-28,NC State,6,2019-10-25,2019,2023,NBA Draft,,,,311,8.4,3.9,1.6,44.7,35.7,73.4,52.0,11.4,11.8
martico01,Cody Martin,True,SF,right,195.6,93.0,1995,9,28,1995-09-28,NC State,6,2019-10-25,2019,2019,Charlotte Hornets,2,6,36,259,6.2,3.7,2.2,43.6,30.8,66.1,49.6,11.2,7.2
martija01,Jarell Martin,True,PF,right,208.3,108.4,1994,5,24,1994-05-24,LSU,,2015-12-18,2015,2015,Memphis Grizzlies,1,25,25,,,,,,,,,,
martija02,Jaylen Martin,True,SF,right,198.1,98.0,2004,1,28,2004-01-28,,1,2024-10-27,2024,2023,NBA Draft,,,,16,4.9,2.8,1.1,41.9,30.4,90.0,46.6,9.1,0.0
martije02,Jeremiah Martin,True,PG,left,190.5,83.9,1996,6,19,1996-06-19,Memphis,,2020-01-31,2020,2023,NBA Draft,,,,,,,,,,,,,
martike03,Kelan Martin,True,SF,right,195.6,104.3,1995,8,3,1995-08-03,Butler,3,2019-10-25,2019,2023,NBA Draft,,,,,,,,,,,,,
martike04,KJ Martin,True,SF,right,198.1,97.5,2001,1,6,2001-01-06,,5,2021-01-08,2021,2020,Sacramento Kings,2,22,52,309,8.6,4.0,1.2,54.5,32.9,67.3,59.3,13.7,12.4
martisl01,Slater Martin,False,,,,,,,,,,,,,,,,,,,,,,,,,,,
martity01,Tyrese Martin,True,SG,right,198.1,97.5,1999,3,7,1999-03-07,Rhode Island,2,2022-10-23,2022,2022,Golden State Warriors,2,21,51,76,7.2,3.0,1.6,40.6,34.6,80.0,50.8,10.7,0.9
masonfr01,Frank Mason III,True,PG,right,180.3,86.2,1994,4,3,1994-04-03,Kansas,,2017-10-21,2017,2017,Sacramento Kings,2,4,34,,,,,,,,,,
masseto01,Tony Massenburg,False,,,,,,,,,,,,,,,,,,,,,,,,,,,
matenya01,Yante Maten,True,PF,right,203.2,108.9,1996,8,14,1996-08-14,Georgia,,2019-04-09,2019,2023,NBA Draft,,,,,,,,,,,,,
mathega01,Garrison Mathews,True,SG,right,195.6,97.5,1996,10,24,1996-10-24,Lipscomb,6,2019-10-23,2019,2023,NBA Draft,,,,314,6.5,1.8,0.7,40.5,38.2,83.8,56.8,10.3,9.8
mathida01,Dakota Mathias,True,SG,right,193.0,90.7,1995,7,11,1995-07-11,Purdue,2,2020-12-27,2020,2023,NBA Draft,,,,,,,,,,,,,
mathube01,Bennedict Mathurin,True,SF,right,198.1,95.3,2002,6,19,2002-06-19,Arizona,3,2022-10-19,2022,2022,Indiana Pacers,1,6,6,209,15.9,4.5,1.8,44.6,34.2,82.8,50.2,13.3,6.2
matkoka01,Karlo Matković,True,PF,right,210.8,104.8,2001,3,30,2001-03-30,,1,2024-10-23,2024,2022,New Orleans Pelicans,2,22,52,42,7.7,5.0,1.1,57.4,31.8,77.3,61.9,15.6,1.6
matthca01,Cameron Matthews,False,,,,,,,,,,,,,,,,,,,,,,,,,,,
matthwe01,Wes Matthews,False,,,,,,,,,,,,,,,,,,,,,,,,,,,
matthwe02,Wesley Matthews,True,SG,right,195.6,99.8,1986,10,14,1986-10-14,Marquette,15,2009-10-28,2009,2023,NBA Draft,,,,,,,,,,,,,
maxeyty01,Tyrese Maxey,True,PG,right,188.0,90.7,2000,11,4,2000-11-04,Kentucky,5,2020-12-23,2020,2020,Philadelphia 76ers,1,21,21,318,19.5,3.0,4.4,46.1,38.1,86.6,53.3,17.8,26.5
maxwece01,Cedric Maxwell,False,,,,,,,,,,,,,,,,,,,,,,,,,,,
maxweve01,Vernon Maxwell,False,,,,,,,,,,,,,,,,,,,,,,,,,,,
maydo01,Don May,False,,,,,,,,,,,,,,,,,,,,,,,,,,,
mayescl01,Clyde Mayes,False,,,,,,,,,,,,,,,,,,,,,,,,,,,
mayssk01,Skylar Mays,True,SG,right,193.0,93.0,1997,9,5,1997-09-05,LSU,4,2020-12-23,2020,2020,Atlanta Hawks,2,20,50,,,,,,,,,,
mbahalu01,Luc Mbah a Moute,True,PF,right,203.2,104.3,1986,9,9,1986-09-09,UCLA,,2008-10-28,2008,2008,Milwaukee Bucks,2,7,37,,,,,,,,,,
mbengdj01,D.J. Mbenga,False,,,,,,,,,,,,,,,,,,,,,,,,,,,
mcadobo01,Bob McAdoo,False,,,,,,,,,,,,,,,,,,,,,,,,,,,
mcadoja01,James Michael McAdoo,False,,,,,,,,,,,,,,,,,,,,,,,,,,,
mcbrimi01,Miles McBride,True,PG,right,188.0,90.7,2000,9,8,2000-09-08,West Virginia,4,2021-10-22,2021,2021,Oklahoma City Thunder,2,6,36,236,6.3,1.5,1.8,40.5,36.0,78.0,51.1,11.4,7.9
mccaija01,Jared McCain,True,SG,right,188.0,88.5,2004,2,20,2004-02-20,Duke,1,2024-10-23,2024,2024,Philadelphia 76ers,1,16,16,23,15.3,2.4,2.6,46.0,38.3,87.5,55.3,15.2,0.7
mccalta01,Tahjere McCall,True,SG,right,195.6,88.5,1994,8,17,1994-08-17,Tennessee State,,2019-02-27,2019,2023,NBA Draft,,,,,,,,,,,,,
mccarjo01,Johnny McCarthy,False,,,,,,,,,,,,,,,,,,,,,,,,,,,
mccawpa01,Patrick McCaw,True,SG,right,200.7,82.1,1995,10,25,1995-10-25,UNLV,5,2016-10-25,2016,2016,Milwaukee Bucks,2,8,38,,,,,,,,,,
mcclate01,Ted McClain,False,,,,,,,,,,,,,,,,,,,,,,,,,,,
mccluma01,Mac McClung,True,SG,right,188.0,83.9,1999,1,6,1999-01-06,Georgetown,3,2021-12-29,2021,2023,NBA Draft,,,,6,5.5,2.3,2.2,42.9,33.3,66.7,51.8,12.1,0.1
mccolcj01,CJ McCollum,True,SG,right,190.5,86.2,1991,9,19,1991-09-19,Lehigh,12,2014-01-08,2014,2013,Portland Trail Blazers,1,10,10,787,19.6,3.6,3.8,45.3,39.7,79.9,53.0,17.3,52.0
mccontj01,T.J. McConnell,True,PG,right,185.4,86.2,1992,3,25,1992-03-25,Duquesne,10,2015-10-28,2015,2023,NBA Draft,,,,706,7.6,2.9,5.0,51.6,34.5,77.8,53.5,15.7,32.0
mccoyje01,Jelani McCoy,False,,,,,,,,,,,,,,,,,,,,,,,,,,,
mccraro01,Rodney McCray,False,,,,,,,,,,,,,,,,,,,,,,,,,,,
mcculke01,Kevin McCullar Jr.,True,SF,right,198.1,95.3,2001,3,15,2001-03-15,Texas Tech,1,2025-03-25,2025,2024,Phoenix Suns,2,26,56,4,1.5,2.0,0.5,28.6,0.0,100.0,28.6,6.7,0.0
mcdanja01,Jalen McDaniels,True,SF,right,205.7,93.0,1998,1,31,1998-01-31,San Diego State,6,2019-10-25,2019,2019,Charlotte Hornets,2,22,52,252,6.7,3.3,1.2,44.9,32.2,77.7,51.1,11.0,5.3
mcdanja02,Jaden McDaniels,True,PF,right,205.7,83.9,2000,9,29,2000-09-29,Washington,5,2020-12-27,2020,2020,Los Angeles Lakers,1,28,28,366,10.3,4.2,1.5,48.2,34.8,75.2,55.4,11.1,17.9
mcderdo01,Doug McDermott,True,SF,right,198.1,102.1,1992,1,3,1992-01-03,Creighton,11,2014-10-29,2014,2014,Denver Nuggets,1,11,11,697,8.6,2.1,1.0,47.0,41.1,80.4,57.3,11.6,21.5
mcderse01,Sean McDermott,True,SF,right,198.1,88.5,1996,11,3,1996-11-03,Butler,1,2020-12-30,2020,2023,NBA Draft,,,,,,,,,,,,,
mcdongl01,Glenn McDonald,False,,,,,,,,,,,,,,,,,,,,,,,,,,,
mcdonro01,Rod McDonald,False,,,,,,,,,,,,,,,,,,,,,,,,,,,
mcgeeja01,JaVale McGee,True,C,right,213.4,122.5,1988,1,19,1988-01-19,Nevada,16,2008-10-29,2008,2008,Washington Wizards,1,18,18,,,,,,,,,,
mcgeemi01,Mike McGee,False,,,,,,,,,,,,,,,,,,,,,,,,,,,
mcginge01,George McGinnis,False,,,,,,,,,,,,,,,,,,,,,,,,,,,
mcgloga01,Gabe McGlothan,False,,,,,,,,,,,,,,,,,,,,,,,,,,,
mcglojo01,Jon McGlocklin,False,,,,,,,,,,,,,,,,,,,,,,,,,,,
mcgowbr01,Bryce McGowens,True,SG,right,200.7,81.2,2002,11,8,2002-11-08,Nebraska,3,2022-10-19,2022,2022,Minnesota Timberwolves,2,10,40,118,4.8,1.7,0.9,41.5,32.3,76.6,48.2,8.2,0.6
mcgrica01,Cameron McGriff,True,SF,right,200.7,104.3,1997,9,30,1997-09-30,Oklahoma State,,2021-12-27,2021,2023,NBA Draft,,,,,,,,,,,,,
mcgruro01,Rodney McGruder,True,SG,right,193.0,93.0,1991,7,29,1991-07-29,Kansas State,7,2016-10-26,2016,2023,NBA Draft,,,,,,,,,,,,,
mchalke01,Kevin McHale,False,,,,,,,,,,,,,,,,,,,,,,,,,,,
mckeeje01,Jerry McKee,False,,,,,,,,,,,,,,,,,,,,,,,,,,,
mckenke01,Kevin McKenna,False,,,,,,,,,,,,,,,,,,,,,,,,,,,
mckinal01,Alfonzo McKinnie,True,SF,right,200.7,97.5,1992,9,17,1992-09-17,Green Bay,5,2017-10-19,2017,2023,NBA Draft,,,,,,,,,,,,,
mclauja01,JaQuori McLaughlin,True,PG,right,193.0,86.2,1998,1,29,1998-01-29,Oregon State,1,2021-11-02,2021,2023,NBA Draft,,,,,,,,,,,,,
mclaujo01,Jordan McLaughlin,True,PG,right,182.9,83.9,1996,4,9,1996-04-09,USC,6,2019-11-06,2019,2023,NBA Draft,,,,288,4.1,1.4,2.8,44.5,37.3,74.3,53.4,13.5,9.6
mclembe01,Ben McLemore,True,SG,right,190.5,88.5,1993,2,11,1993-02-11,Kansas,,2013-10-30,2013,2013,Sacramento Kings,1,7,7,,,,,,,,,,
mclemmc01,McCoy McLemore,False,,,,,,,,,,,,,,,,,,,,,,,,,,,
mcmahja01,Jack McMahon,False,,,,,,,,,,,,,,,,,,,,,,,,,,,
mcmilji01,Jim McMillian,False,,,,,,,,,,,,,,,,,,,,,,,,,,,
mcnabch01,Chet McNabb,False,,,,,,,,,,,,,,,,,,,,,,,,,,,
mcnamjo01,Joe McNamee,False,,,,,,,,,,,,,,,,,,,,,,,,,,,
mcnamma01,Mark McNamara,False,,,,,,,,,,,,,,,,,,,,,,,,,,,
mcneeli01,Liam McNeeley,False,,,,,,,,,,,,,,,,,,,,,,,,,,,
mcraejo01,Jordan McRae,True,SG,right,195.6,81.2,1991,3,28,1991-03-28,Tennessee,,2016-01-29,2016,2014,San Antonio Spurs,2,28,58,,,,,,,,,,
mcveija01,Jack McVeigh,True,PF,right,203.2,97.5,1996,6,27,1996-06-27,Nebraska,1,2024-11-06,2024,2023,NBA Draft,,,,9,1.6,0.6,0.1,29.4,30.8,,41.2,4.0,0.0
medvest01,Stanislav Medvedenko,False,,,,,,,,,,,,,,,,,,,,,,,,,,,
meeksjo01,Jodie Meeks,True,SG,right,193.0,95.3,1987,8,21,1987-08-21,Kentucky,,2009-11-03,2009,2009,Milwaukee Bucks,2,11,41,,,,,,,,,,
meinhca01,Carl Meinhold,False,,,,,,,,,,,,,,,,,,,,,,,,,,,
mejrisa01,Salah Mejri,True,C,right,218.4,106.6,1986,6,15,1986-06-15,,,2015-10-28,2015,2023,NBA Draft,,,,,,,,,,,,,
melchbi01,Bill Melchionni,False,,,,,,,,,,,,,,,,,,,,,,,,,,,
mellini01,Nicolò Melli,True,PF,right,205.7,107.0,1991,1,26,1991-01-26,,,2019-10-22,2019,2023,NBA Draft,,,,,,,,,,,,,
meltode01,De'Anthony Melton,True,PG,right,188.0,90.7,1998,5,28,1998-05-28,USC,7,2018-10-22,2018,2018,Houston Rockets,2,16,46,356,9.1,3.7,2.8,41.0,36.9,77.9,50.6,13.4,14.3
meminde01,Dean Meminger,False,,,,,,,,,,,,,,,,,,,,,,,,,,,
mensana01,Nathan Mensah,True,C,left,203.2,104.3,1998,4,9,1998-04-09,San Diego State,1,2023-12-15,2023,2023,NBA Draft,,,,,,,,,,,,,
merrisa01,Sam Merrill,True,SG,right,193.0,93.0,1996,5,15,1996-05-15,Utah State University,5,2020-12-23,2020,2020,New Orleans Pelicans,2,30,60,173,6.5,1.9,1.4,40.5,38.6,92.5,57.3,11.9,6.8
metuch01,Chimezie Metu,True,C,right,205.7,102.1,1997,3,22,1997-03-22,USC,6,2018-10-20,2018,2018,San Antonio Spurs,2,19,49,,,,,,,,,,
meyerbi01,Bill Meyer,False,,,,,,,,,,,,,,,,,,,,,,,,,,,
micicva01,Vasilije Micić,True,PG,right,195.6,90.7,1994,1,13,1994-01-13,,2,2023-10-27,2023,2014,Philadelphia 76ers,2,22,52,101,6.8,1.8,3.9,39.5,31.5,81.9,46.3,9.0,-0.6
middlkh01,Khris Middleton,True,SF,right,200.7,100.7,1991,8,12,1991-08-12,Texas A&M,13,2012-11-10,2012,2012,Detroit Pistons,2,9,39,776,16.6,4.8,4.0,46.0,38.7,87.8,52.9,16.7,57.9
mihmch01,Chris Mihm,False,,,,,,,,,,,,,,,,,,,,,,,,,,,
mikaer01,Eric Mika,True,C,right,208.3,104.3,1995,1,5,1995-01-05,BYU,1,2020-02-01,2020,2023,NBA Draft,,,,,,,,,,,,,
mikaned01,Ed Mikan,False,,,,,,,,,,,,,,,,,,,,,,,,,,,
mikange01,George Mikan,False,,,,,,,,,,,,,,,,,,,,,,,,,,,
mikkeve01,Vern Mikkelsen,False,,,,,,,,,,,,,,,,,,,,,,,,,,,
milescj01,C.J. Miles,True,SF,left,198.1,99.8,1987,3,18,1987-03-18,,,2005-11-14,2005,2005,Utah Jazz,2,4,34,,,,,,,,,,
milicda01,Darko Miličić,False,,,,,,,,,,,,,,,,,,,,,,,,,,,
milicig01,Igor Milicic,False,,,,,,,,,,,,,,,,,,,,,,,,,,,
millebr02,Brandon Miller,True,SF,right,205.7,91.2,2002,11,22,2002-11-22,Alabama,2,2023-10-25,2023,2023,Charlotte Hornets,1,2,2,101,18.3,4.4,2.7,42.8,36.6,83.7,52.0,13.3,1.2
milleda01,Darius Miller,True,SF,right,198.1,102.1,1990,3,21,1990-03-21,Kentucky,,2012-10-31,2012,2012,New Orleans Hornets,2,16,46,,,,,,,,,,
milleem01,Emanuel Miller,True,PF,right,200.7,97.5,2000,6,19,2000-06-19,Texas A&M,1,2025-03-04,2025,2023,NBA Draft,,,,6,1.7,1.3,0.3,50.0,0.0,100.0,50.0,18.1,0.1
milleja01,Jay Miller,False,,,,,,,,,,,,,,,,,,,,,,,,,,,
millejo02,Jordan Miller,True,SF,left,200.7,88.5,2000,1,23,2000-01-23,George Mason,2,2023-10-25,2023,2023,Los Angeles Clippers,2,18,48,45,3.7,1.4,0.8,44.1,22.5,81.1,47.2,10.7,0.5
millele01,Leonard Miller,True,SF,left,208.3,95.3,2003,11,26,2003-11-26,,2,2023-10-28,2023,2023,San Antonio Spurs,2,3,33,30,1.6,1.0,0.3,54.3,20.0,90.0,57.1,24.3,0.4
millema01,Malcolm Miller,True,SF,right,200.7,95.3,1993,3,6,1993-03-06,Holy Cross,3,2017-12-20,2017,2023,NBA Draft,,,,,,,,,,,,,
millemi01,Mike Miller,False,,,,,,,,,,,,,,,,,,,,,,,,,,,
millspa01,Paul Millsap,True,PF,right,200.7,116.6,1985,2,10,1985-02-10,Louisiana Tech,,2006-11-01,2006,2006,Utah Jazz,2,17,47,,,,,,,,,,
millspa02,Patty Mills,True,PG,right,188.0,81.6,1988,8,11,1988-08-11,Saint Mary's,16,2010-01-04,2010,2009,Portland Trail Blazers,2,25,55,921,8.7,1.6,2.2,42.3,38.5,85.7,53.8,13.3,35.9
miltosh01,Shake Milton,True,SG,right,195.6,93.0,1996,9,26,1996-09-26,SMU,7,2018-11-30,2018,2018,Dallas Mavericks,2,24,54,359,8.1,2.2,2.4,45.1,35.8,82.4,51.3,12.6,11.7
minayju01,Justin Minaya,True,SF,left,195.6,95.3,1999,3,26,1999-03-26,,3,2023-04-04,2023,2023,NBA Draft,,,,57,1.7,1.4,0.6,31.4,23.9,41.7,38.6,5.4,-0.1
minixri01,Riley Minix,True,SF,right,200.7,104.3,2000,9,22,2000-09-22,Southeastern University,1,2024-11-06,2024,2023,NBA Draft,,,,1,0.0,2.0,0.0,0.0,0.0,,0.0,-1.7,0.0
minotjo01,Josh Minott,True,SF,right,203.2,93.0,2002,11,25,2002-11-25,Memphis,3,2022-11-28,2022,2022,Charlotte Hornets,2,15,45,93,2.3,1.0,0.3,48.8,33.9,90.2,54.9,17.0,1.6
mirotni01,Nikola Mirotić,True,PF,right,208.3,113.4,1991,2,11,1991-02-11,,,2014-10-29,2014,2011,Houston Rockets,1,23,23,,,,,,,,,,
missiyv01,Yves Missi,True,C,right,210.8,106.6,2004,5,14,2004-05-14,Baylor,1,2024-10-23,2024,2024,New Orleans Pelicans,1,21,21,73,9.1,8.2,1.4,54.7,0.0,62.3,54.7,15.4,3.6
mitchaj01,Ajay Mitchell,True,SG,left,195.6,90.7,2002,6,25,2002-06-25,UC Santa Barbara,1,2024-10-24,2024,2024,New York Knicks,2,8,38,36,6.5,1.9,1.8,49.5,38.3,82.9,55.7,12.0,1.5
mitchda01,Davion Mitchell,True,PG,right,188.0,93.0,1998,9,5,1998-09-05,Auburn,4,2021-10-20,2021,2021,Sacramento Kings,1,9,9,301,7.6,1.8,3.3,44.2,34.4,69.8,51.7,10.1,6.0
mitchdo01,Donovan Mitchell,True,SG,right,190.5,97.5,1996,9,7,1996-09-07,Louisville,8,2017-10-18,2017,2017,Denver Nuggets,1,13,13,539,24.7,4.3,4.7,44.9,36.6,84.0,52.6,20.0,51.9
mitrona01,Naz Mitrou-Long,True,SG,right,190.5,98.9,1993,8,3,1993-08-03,Iowa State,,2017-12-26,2017,2023,NBA Draft,,,,,,,,,,,,,
mobleev01,Evan Mobley,True,PF,right,210.8,97.5,2001,6,18,2001-06-18,USC,4,2021-10-20,2021,2021,Cleveland Cavaliers,1,3,3,269,16.4,9.0,2.9,54.8,31.5,69.4,57.1,18.9,28.3
mobleis01,Isaiah Mobley,True,PF,right,203.2,108.9,1999,9,24,1999-09-24,USC,3,2022-10-22,2022,2022,Cleveland Cavaliers,2,19,49,23,2.6,1.5,0.6,40.7,33.3,71.4,46.6,11.9,0.3
moedo01,Doug Moe,False,,,,,,,,,,,,,,,,,,,,,,,,,,,
mogbojo01,Jonathan Mogbo,True,PF,right,205.7,102.1,2001,10,29,2001-10-29,Missouri State,1,2024-10-23,2024,2024,Toronto Raptors,2,1,31,63,6.2,4.9,2.3,43.8,24.3,73.2,46.2,11.9,1.9
mohamna01,Nazr Mohammed,False,,,,,,,,,,,,,,,,,,,,,,,,,,,
mokokad01,Adam Mokoka,True,SG,right,193.0,86.2,1998,7,18,1998-07-18,,2,2019-12-28,2019,2023,NBA Draft,,,,,,,,,,,,,
monekch01,Chima Moneke,True,SF,right,198.1,100.7,1995,12,24,1995-12-24,Northeast Community College,1,2022-10-27,2022,2023,NBA Draft,,,,,,,,,,,,,
monkma01,Malik Monk,True,SG,right,190.5,90.7,1998,2,4,1998-02-04,Kentucky,8,2017-10-18,2017,2017,Charlotte Hornets,1,11,11,523,12.3,2.6,3.2,43.4,35.0,84.8,52.1,14.3,15.2
monroea01,Earl Monroe,False,,,,,,,,,,,,,,,,,,,,,,,,,,,
monrogr01,Greg Monroe,True,C,left,210.8,120.2,1990,6,4,1990-06-04,Georgetown,,2010-10-30,2010,2010,Detroit Pistons,1,7,7,,,,,,,,,,
moodymo01,Moses Moody,True,SG,right,195.6,93.0,2002,5,31,2002-05-31,Arkansas,4,2021-10-19,2021,2021,Golden State Warriors,1,14,14,255,7.0,2.2,0.9,44.9,36.7,77.5,55.2,12.1,8.5
moonema01,Matt Mooney,True,SG,right,190.5,90.3,1996,2,7,1996-02-07,Air Force,,2020-01-20,2020,2023,NBA Draft,,,,,,,,,,,,,
moonxa01,Xavier Moon,True,SG,right,188.0,74.8,1995,1,2,1995-01-02,Northwest Florida State College,3,2021-12-27,2021,2023,NBA Draft,,,,,,,,,,,,,
mooreet01,E'Twaun Moore,True,SG,right,190.5,86.6,1989,2,25,1989-02-25,Purdue,,2011-12-25,2011,2011,Boston Celtics,2,25,55,,,,,,,,,,
mooreis01,Isaih Moore,False,,,,,,,,,,,,,,,,,,,,,,,,,,,
mooreja01,Jackie Moore,False,,,,,,,,,,,,,,,,,,,,,,,,,,,
mooreta02,Taze Moore,True,SG,left,195.6,88.5,1998,6,29,1998-06-29,Cal State-Bakersfield,2,2024-01-21,2024,2023,NBA Draft,,,,6,4.0,2.7,1.0,34.5,18.2,50.0,37.9,10.2,-0.1
moorewe01,Wendell Moore Jr.,True,SG,right,195.6,96.6,2001,9,18,2001-09-18,Duke,3,2022-10-23,2022,2022,Dallas Mavericks,1,26,26,90,2.3,1.4,0.7,46.0,25.0,81.5,50.3,10.4,0.8
moranja01,Ja Morant,True,PG,right,188.0,78.9,1999,8,10,1999-08-10,Murray State,6,2019-10-23,2019,2019,Memphis Grizzlies,1,2,2,307,22.6,4.7,7.4,46.9,31.6,76.6,50.8,20.2,24.1
moreler01,Eric Moreland,True,PF,right,208.3,108.0,1991,12,24,1991-12-24,Oregon State,,2014-11-26,2014,2023,NBA Draft,,,,,,,,,,,,,
morgaju01,Juwan Morgan,True,PF,right,200.7,105.2,1997,4,17,1997-04-17,Indiana,3,2019-11-27,2019,2023,NBA Draft,,,,,,,,,,,,,
morriad01,Adam Morrison,False,,,,,,,,,,,,,,,,,,,,,,,,,,,
morrija01,Jaylen Morris,True,SG,right,195.6,83.9,1995,9,19,1995-09-19,Molloy,,2018-02-28,2018,2023,NBA Draft,,,,,,,,,,,,,
morrima02,Markieff Morris,True,PF,right,205.7,111.1,1989,9,2,1989-09-02,Kansas,14,2011-12-26,2011,2011,Phoenix Suns,1,13,13,791,10.2,4.9,1.5,44.3,34.1,77.9,49.0,13.4,27.3
morrima03,Marcus Morris,True,PF,right,203.2,98.9,1989,9,2,1989-09-02,Kansas,13,2011-12-26,2011,2011,Houston Rockets,1,14,14,,,,,,,,,,
morrimo01,Monte Morris,True,PG,right,188.0,83.0,1995,6,27,1995-06-27,Iowa State,8,2017-12-12,2017,2017,Denver Nuggets,2,21,51,420,9.5,2.4,3.6,47.4,38.9,82.7,54.5,14.9,24.7
morrire01,Red Morrison,False,,,,,,,,,,,,,,,,,,,,,,,,,,,
motiedo01,Donatas Motiejūnas,True,PF,left,213.4,100.7,1990,9,20,1990-09-20,,,2012-11-10,2012,2011,Minnesota Timberwolves,1,20,20,,,,,,,,,,
motlejo01,Johnathan Motley,True,PF,right,203.2,104.3,1995,5,4,1995-05-04,Baylor,,2017-12-14,2017,2023,NBA Draft,,,,,,,,,,,,,
mountri01,Rick Mount,False,,,,,,,,,,,,,,,,,,,,,,,,,,,
mournal01,Alonzo Mourning,False,,,,,,,,,,,,,,,,,,,,,,,,,,,
mozgoti01,Timofey Mozgov,False,,,,,,,,,,,,,,,,,,,,,,,,,,,
mudiaem01,Emmanuel Mudiay,True,PG,right,190.5,90.7,1996,3,5,1996-03-05,,6,2015-10-28,2015,2015,Denver Nuggets,1,7,7,,,,,,,,,,
muldemy01,Mychal Mulder,True,PG,right,190.5,83.5,1994,6,12,1994-06-12,Vincennes University,3,2020-02-27,2020,2023,NBA Draft,,,,,,,,,,,,,
mullije01,Jeff Mullins,False,,,,,,,,,,,,,,,,,,,,,,,,,,,
murkead01,Ade Murkey,True,SG,right,195.6,90.7,1998,1,29,1998-01-29,Denver,,2021-12-22,2021,2023,NBA Draft,,,,,,,,,,,,,
murphjo01,John Murphy,False,,,,,,,,,,,,,,,,,,,,,,,,,,,
murphtr02,Trey Murphy III,True,SF,right,203.2,93.4,2000,6,18,2000-06-18,Rice University,4,2021-10-20,2021,2021,Memphis Grizzlies,1,17,17,251,13.7,3.9,1.8,45.4,38.3,87.5,57.2,15.7,18.4
murraco01,Collin Murray-Boyles,False,,,,,,,,,,,,,,,,,,,,,,,,,,,
murrade01,Dejounte Murray,True,PG,right,195.6,81.6,1996,9,19,1996-09-19,Washington,8,2016-10-29,2016,2016,San Antonio Spurs,1,29,29,503,15.5,5.8,5.4,45.3,34.0,79.0,49.7,17.3,26.2
murraja01,Jamal Murray,True,PG,right,193.0,97.5,1997,2,23,1997-02-23,Kentucky,8,2016-10-26,2016,2016,Denver Nuggets,1,7,7,536,18.0,3.8,4.7,45.5,38.1,87.0,52.9,17.0,38.1
murrake02,Keegan Murray,True,SF,right,203.2,97.5,2000,8,19,2000-08-19,Iowa,3,2022-10-22,2022,2022,Sacramento Kings,1,4,4,233,13.3,5.6,1.4,45.1,37.2,81.2,55.6,12.5,13.9
murrakr01,Kris Murray,True,SF,left,203.2,99.8,2000,8,19,2000-08-19,Iowa,2,2023-10-25,2023,2023,Portland Trail Blazers,1,23,23,131,5.1,3.1,1.1,40.6,25.1,55.8,46.5,9.0,1.4
murratr01,Tracy Murray,False,,,,,,,,,,,,,,,,,,,,,,,,,,,
murrema01,Matthew Murrell,False,,,,,,,,,,,,,,,,,,,,,,,,,,,
musadz01,Džanan Musa,True,SF,right,205.7,98.4,1999,5,8,1999-05-08,,,2018-10-20,2018,2018,Brooklyn Nets,1,29,29,,,,,,,,,,
muscami01,Mike Muscala,True,C,right,208.3,108.9,1991,7,1,1991-07-01,Bucknell,11,2014-03-02,2014,2013,Dallas Mavericks,2,14,44,,,,,,,,,,
musian01,Angelo Musi,False,,,,,,,,,,,,,,,,,,,,,,,,,,,
mykhasv01,Svi Mykhailiuk,True,SF,right,200.7,93.0,1997,6,10,1997-06-10,Kansas,7,2018-10-22,2018,2018,Los Angeles Lakers,2,17,47,331,6.6,1.8,1.4,40.2,36.0,76.5,51.9,10.4,4.1
naderab01,Abdel Nader,True,SF,right,195.6,102.1,1993,9,25,1993-09-25,Northern Illinois,,2017-10-18,2017,2016,Boston Celtics,2,28,58,,,,,,,,,,
nancela02,Larry Nance Jr.,True,PF,right,203.2,111.1,1993,1,1,1993-01-01,Wyoming,10,2015-11-06,2015,2015,Los Angeles Lakers,1,27,27,546,7.7,6.1,1.9,53.9,35.3,69.6,57.7,16.2,34.7
nancepe01,Pete Nance,True,PF,right,210.8,104.3,2000,2,19,2000-02-19,Northwestern,2,2024-01-20,2024,2023,NBA Draft,,,,21,2.0,1.1,0.5,39.5,40.0,25.0,52.6,6.4,0.1
napiesh01,Shabazz Napier,True,PG,right,182.9,79.4,1991,7,14,1991-07-14,UConn,6,2014-10-29,2014,2014,Charlotte Hornets,1,24,24,,,,,,,,,,
nashst01,,False,,,,,,,,,,,,,,,,,,,,,,,,,,,
natersw01,Swen Nater,False,,,,,,,,,,,,,,,,,,,,,,,,,,,
naullwi01,Willie Naulls,False,,,,,,,,,,,,,,,,,,,,,,,,,,,
ndiayel01,Eli Ndiaye,False,,,,,,,,,,,,,,,,,,,,,,,,,,,
nealll01,Lloyd Neal,False,,,,,,,,,,,,,,,,,,,,,,,,,,,
nealyed01,Ed Nealy,False,,,,,,,,,,,,,,,,,,,,,,,,,,,
nelsodo01,Don Nelson,False,,,,,,,,,,,,,,,,,,,,,,,,,,,
nembhan01,Andrew Nembhard,True,SG,right,195.6,87.5,2000,1,16,2000-01-16,Florida,3,2022-10-21,2022,2022,Indiana Pacers,2,1,31,208,9.6,2.7,4.6,46.4,33.5,79.5,52.4,10.9,6.1
nembhrj01,RJ Nembhard Jr.,True,SG,right,195.6,90.7,1999,3,22,1999-03-22,TCU,1,2021-10-22,2021,2023,NBA Draft,,,,,,,,,,,,,
nembhry01,Ryan Nembhard,False,,,,,,,,,,,,,,,,,,,,,,,,,,,
nemeldi01,Dick Nemelka,False,,,,,,,,,,,,,,,,,,,,,,,,,,,
nesmiaa01,Aaron Nesmith,True,SF,right,195.6,97.5,1999,10,16,1999-10-16,Vanderbilt,5,2020-12-25,2020,2020,Boston Celtics,1,14,14,288,8.9,3.3,1.1,46.3,38.5,82.8,56.7,11.6,10.5
nestera01,Rasho Nesterović,False,,,,,,,,,,,,,,,,,,,,,,,,,,,
netolbo01,Bob Netolicky,False,,,,,,,,,,,,,,,,,,,,,,,,,,,
netora01,Raul Neto,True,PG,right,185.4,81.6,1992,5,19,1992-05-19,,8,2015-10-28,2015,2013,Atlanta Hawks,2,17,47,,,,,,,,,,
nevitch01,Chuck Nevitt,False,,,,,,,,,,,,,,,,,,,,,,,,,,,
newelas01,Asa Newell,False,,,,,,,,,,,,,,,,,,,,,,,,,,,
newmama01,Malik Newman,True,PG,right,190.5,86.2,1997,2,21,1997-02-21,Mississippi State,,2020-02-09,2020,2023,NBA Draft,,,,,,,,,,,,,
newtobi01,Bill Newton,False,,,,,,,,,,,,,,,,,,,,,,,,,,,
newtotr01,Tristen Newton,True,SG,right,195.6,86.2,2001,4,26,2001-04-26,East Carolina University,1,2024-11-18,2024,2024,Indiana Pacers,2,19,49,8,0.4,0.5,0.3,12.5,0.0,100.0,12.5,-6.1,-0.1
nfalyda01,N'Faly Dante,True,C,right,210.8,104.3,2001,10,19,2001-10-19,Oregon,1,2025-03-03,2025,2023,NBA Draft,,,,4,6.0,5.3,0.5,76.9,,80.0,76.9,24.0,0.3
niangge01,Georges Niang,True,PF,right,200.7,104.3,1993,6,17,1993-06-17,Iowa State,9,2016-10-28,2016,2016,Indiana Pacers,2,20,50,544,7.4,2.5,1.0,44.5,39.9,85.2,58.0,10.8,15.9
nichoja01,Jack Nichols,False,,,,,,,,,,,,,,,,,,,,,,,,,,,
nixda01,Daishen Nix,True,PG,right,195.6,101.6,2002,2,13,2002-02-13,,4,2021-11-29,2021,2023,NBA Draft,,,,99,3.3,1.4,1.8,35.6,28.8,59.5,43.6,6.0,-1.4
nixonno01,Norm Nixon,False,,,,,,,,,,,,,,,,,,,,,,,,,,,
nnajize01,Zeke Nnaji,True,PF,right,205.7,108.9,2001,1,9,2001-01-09,Arizona,5,2020-12-28,2020,2020,Denver Nuggets,1,22,22,251,4.2,2.3,0.4,50.9,36.2,65.3,57.4,12.5,6.7
noahjo01,Joakim Noah,True,C,right,210.8,104.3,1985,2,25,1985-02-25,Florida,,2007-11-06,2007,2007,Chicago Bulls,1,9,9,,,,,,,,,,
noelne01,Nerlens Noel,True,C,right,208.3,99.8,1994,4,10,1994-04-10,Kentucky,9,2014-10-29,2014,2013,New Orleans Hornets,1,6,6,,,,,,,,,,
noelpa01,Paul Noel,False,,,,,,,,,,,,,,,,,,,,,,,,,,,
nordmbe01,Bevo Nordmann,False,,,,,,,,,,,,,,,,,,,,,,,,,,,
norrimi01,Miles Norris,True,PF,right,208.3,99.8,2000,4,15,2000-04-15,Oregon,1,2025-03-06,2025,2023,NBA Draft,,,,3,2.3,3.0,0.0,22.2,28.6,50.0,33.3,8.5,0.0
norveza01,Zach Norvell,True,SG,left,195.6,93.4,1997,12,9,1997-12-09,Gonzaga,,2019-10-25,2019,2023,NBA Draft,,,,,,,,,,,,,
novakst01,Steve Novak,False,,,,,,,,,,,,,,,,,,,,,,,,,,,
nowelja01,Jaylen Nowell,True,SG,right,193.0,91.2,1999,7,9,1999-07-09,Washington,6,2019-11-06,2019,2019,Minnesota Timberwolves,2,13,43,205,8.9,2.2,1.9,44.2,31.6,79.2,50.4,13.6,4.7
nowelma01,Markquis Nowell,True,SG,right,172.7,72.6,1999,12,25,1999-12-25,Little Rock,1,2023-11-15,2023,2023,NBA Draft,,,,,,,,,,,,,
nowitdi01,Dirk Nowitzki,True,PF,right,213.4,111.1,1978,6,19,1978-06-19,,,1999-02-05,1999,1998,Milwaukee Bucks,1,9,9,,,,,,,,,,
ntilila01,Frank Ntilikina,True,PG,right,193.0,90.7,1998,7,28,1998-07-28,,7,2017-10-19,2017,2017,New York Knicks,1,8,8,,,,,,,,,,
nunnaja01,James Nunnally,True,SF,right,200.7,94.3,1990,7,14,1990-07-14,UC Santa Barbara,,2014-01-16,2014,2023,NBA Draft,,,,,,,,,,,,,
nunnke01,Kendrick Nunn,True,SG,left,188.0,86.2,1995,8,3,1995-08-03,Illinois,3,2019-10-23,2019,2023,NBA Draft,,,,,,,,,,,,,
nurkiju01,Jusuf Nurkić,True,C,right,213.4,131.5,1994,8,23,1994-08-23,,11,2014-10-29,2014,2014,Chicago Bulls,1,16,16,590,11.8,8.8,2.5,50.1,28.5,66.7,51.3,18.7,33.2
nwabada01,David Nwaba,True,SF,right,195.6,99.3,1993,1,14,1993-01-14,Cal Poly,6,2017-02-28,2017,2023,NBA Draft,,,,,,,,,,,,,
nworajo01,Jordan Nwora,True,SF,right,203.2,102.1,1998,9,9,1998-09-09,Louisville,4,2020-12-25,2020,2020,Milwaukee Bucks,2,15,45,,,,,,,,,,
obertfa01,Fabricio Oberto,False,,,,,,,,,,,,,,,,,,,,,,,,,,,
obrieji02,Jim O'Brien,False,,,,,,,,,,,,,,,,,,,,,,,,,,,
odomla01,Lamar Odom,False,,,,,,,,,,,,,,,,,,,,,,,,,,,
ojelese01,Semi Ojeleye,True,PF,right,198.1,108.9,1994,12,5,1994-12-05,Duke,,2017-10-17,2017,2017,Boston Celtics,2,7,37,,,,,,,,,,
okafoja01,Jahlil Okafor,True,C,right,208.3,122.5,1995,12,15,1995-12-15,Duke,7,2015-10-28,2015,2015,Philadelphia 76ers,1,3,3,248,10.3,4.7,0.9,54.2,22.2,67.6,54.3,16.4,7.2
okekech01,Chuma Okeke,True,PF,right,198.1,103.9,1998,8,18,1998-08-18,Auburn,5,2020-12-23,2020,2019,Orlando Magic,1,16,16,198,6.3,3.8,1.5,38.7,32.1,78.7,48.4,11.2,5.0
okoboel01,Elie Okobo,True,PG,left,190.5,86.2,1997,10,23,1997-10-23,,,2018-10-17,2018,2018,Phoenix Suns,2,1,31,,,,,,,,,,
okogijo01,Josh Okogie,True,SG,right,193.0,96.6,1998,9,1,1998-09-01,Georgia Tech,7,2018-10-20,2018,2018,Minnesota Timberwolves,1,20,20,416,6.3,3.0,1.2,40.6,29.9,74.7,47.1,11.3,11.6
okongon01,Onyeka Okongwu,True,C,right,203.2,106.6,2000,12,11,2000-12-11,USC,5,2021-01-15,2021,2020,Atlanta Hawks,1,6,6,307,9.6,6.7,1.3,61.4,32.2,75.5,63.4,18.6,24.9
okorois01,Isaac Okoro,True,SF,right,195.6,102.1,2001,1,26,2001-01-26,Auburn,5,2020-12-23,2020,2020,Cleveland Cavaliers,1,5,5,334,8.1,2.8,1.6,46.7,35.1,73.1,54.3,10.1,16.0
okpalkz01,KZ Okpala,True,PF,right,203.2,97.5,1999,4,28,1999-04-28,Stanford,4,2019-10-23,2019,2019,Phoenix Suns,2,2,32,,,,,,,,,,
okurme01,Mehmet Okur,False,,,,,,,,,,,,,,,,,,,,,,,,,,,
oladivi01,Victor Oladipo,True,SG,right,190.5,96.6,1992,5,4,1992-05-04,Indiana,10,2013-10-29,2013,2013,Orlando Magic,1,2,2,,,,,,,,,,
olajuha01,Hakeem Olajuwon,False,,,,,,,,,,,,,,,,,,,,,,,,,,,
olbrila01,Lachlan Olbrich,False,,,,,,,,,,,,,,,,,,,,,,,,,,,
olivaqu01,Quincy Olivari,True,PG,right,190.5,89.8,2001,5,27,2001-05-27,Rice University,1,2024-12-08,2024,2023,NBA Draft,,,,2,1.5,0.0,0.5,20.0,20.0,,30.0,-5.2,-0.1
oliveca01,Cameron Oliver,True,SF,right,203.2,108.4,1996,7,11,1996-07-11,Nevada,2,2021-05-10,2021,2023,NBA Draft,,,,,,,,,,,,,
olsenbu01,Bud Olsen,False,,,,,,,,,,,,,,,,,,,,,,,,,,,
olynyke01,Kelly Olynyk,True,C,right,210.8,108.9,1991,4,19,1991-04-19,Gonzaga,12,2013-10-30,2013,2013,Dallas Mavericks,1,13,13,800,10.2,5.2,2.5,48.6,37.1,79.6,56.2,15.8,46.2
omorueu01,Eugene Omoruyi,True,SF,right,200.7,110.7,1997,2,14,1997-02-14,Rutgers University,3,2021-10-29,2021,2023,NBA Draft,,,,,,,,,,,,,
onealro01,Royce O'Neale,True,SF,right,193.0,102.5,1993,6,5,1993-06-05,Denver,8,2017-10-21,2017,2023,NBA Draft,,,,600,7.1,4.8,2.4,42.6,38.5,77.0,55.7,10.2,30.1
onealsh01,Shaquille O'Neal,False,,,,,,,,,,,,,,,,,,,,,,,,,,,
onimi01,Miye Oni,True,SG,right,195.6,93.4,1997,8,4,1997-08-04,Yale,3,2019-11-11,2019,2019,Golden State Warriors,2,28,58,,,,,,,,,,
oquinky01,Kyle O'Quinn,True,C,right,205.7,113.4,1990,3,26,1990-03-26,Norfolk State,,2012-11-02,2012,2012,Orlando Magic,2,19,49,,,,,,,,,,
ormsba01,Barry Orms,False,,,,,,,,,,,,,,,,,,,,,,,,,,,
osmande01,Cedi Osman,True,SF,right,200.7,104.3,1995,4,8,1995-04-08,,7,2017-10-20,2017,2015,Minnesota Timberwolves,2,1,31,,,,,,,,,,
osterwa01,Wally Osterkorn,False,,,,,,,,,,,,,,,,,,,,,,,,,,,
oturuda01,Daniel Oturu,True,C,right,203.2,108.9,1999,9,20,1999-09-20,Minnesota,2,2020-12-25,2020,2020,Minnesota Timberwolves,2,3,33,,,,,,,,,,
oubreke01,Kelly Oubre Jr.,True,SF,left,203.2,92.1,1995,12,9,1995-12-09,Kansas,10,2015-10-30,2015,2015,Atlanta Hawks,1,15,15,655,13.3,4.6,1.1,43.8,32.5,75.1,50.6,13.3,24.8
owensta01,Tariq Owens,True,PF,right,208.3,93.0,1995,6,30,1995-06-30,Tennessee,,2020-02-02,2020,2023,NBA Draft,,,,,,,,,,,,,
pacejo01,Joe Pace,False,,,,,,,,,,,,,,,,,,,,,,,,,,,
pachuza01,Zaza Pachulia,True,C,right,210.8,122.5,1984,2,10,1984-02-10,,,2003-11-05,2003,2003,Orlando Magic,2,13,42,,,,,,,,,,
paigeja01,Jaysean Paige,True,PG,right,190.5,93.0,1994,7,30,1994-07-30,College of Southern Idaho,,2022-01-01,2022,2023,NBA Draft,,,,,,,,,,,,,
palazto01,Togo Palazzi,False,,,,,,,,,,,,,,,,,,,,,,,,,,,
palmetr01,Trayvon Palmer,True,SG,right,198.1,90.7,1994,11,13,1994-11-13,North Dakota State College of Science,1,2021-12-29,2021,2023,NBA Draft,,,,,,,,,,,,,
pangoke01,Kevin Pangos,True,PG,right,188.0,81.2,1993,1,26,1993-01-26,Gonzaga,,2021-10-22,2021,2023,NBA Draft,,,,,,,,,,,,,
pargoje01,Jeremy Pargo,True,PG,right,188.0,99.3,1986,3,17,1986-03-17,Gonzaga,3,2011-12-26,2011,2023,NBA Draft,,,,,,,,,,,,,
parisro01,Robert Parish,False,,,,,,,,,,,,,,,,,,,,,,,,,,,
parkeja01,Jabari Parker,True,PF,right,203.2,111.1,1995,3,15,1995-03-15,Duke,,2014-10-29,2014,2014,Milwaukee Bucks,1,2,2,,,,,,,,,,
parketo01,Tony Parker,True,PG,right,188.0,83.9,1982,5,17,1982-05-17,,,2001-10-30,2001,2001,San Antonio Spurs,1,28,28,,,,,,,,,,
parkme01,Med Park,False,,,,,,,,,,,,,,,,,,,,,,,,,,,
parksri01,Rich Parks,False,,,,,,,,,,,,,,,,,,,,,,,,,,,
parsoch01,Chandler Parsons,True,SF,right,205.7,104.3,1988,10,25,1988-10-25,Florida,,2011-12-29,2011,2011,Houston Rockets,2,8,38,,,,,,,,,,
pascher01,Eric Paschall,True,PF,right,198.1,115.7,1996,11,4,1996-11-04,Fordham,3,2019-10-24,2019,2019,Golden State Warriors,2,11,41,,,,,,,,,,
pasecan01,Anžejs Pasečņiks,True,C,right,215.9,103.9,1995,12,20,1995-12-20,,,2019-12-18,2019,2017,Orlando Magic,1,25,25,,,,,,,,,,
pattepa01,Patrick Patterson,True,PF,right,203.2,106.6,1989,3,14,1989-03-14,Kentucky,,2010-12-15,2010,2010,Houston Rockets,1,14,14,,,,,,,,,,
pattewo01,Worthy Patterson,False,,,,,,,,,,,,,,,,,,,,,,,,,,,
pattoju01,Justin Patton,True,C,right,210.8,109.3,1997,6,14,1997-06-14,Creighton,,2018-04-01,2018,2017,Chicago Bulls,1,16,16,,,,,,,,,,
paulch01,Chris Paul,True,PG,right,182.9,79.4,1985,5,6,1985-05-06,Wake Forest,20,2005-11-01,2005,2005,New Orleans Hornets,1,4,4,1354,17.0,4.4,9.2,47.0,37.0,87.1,52.3,23.5,215.1
paultbi01,Billy Paultz,False,,,,,,,,,,,,,,,,,,,,,,,,,,,
pavloal01,Sasha Pavlović,False,,,,,,,,,,,,,,,,,,,,,,,,,,,
paxsojo01,John Paxson,False,,,,,,,,,,,,,,,,,,,,,,,,,,,
payneca01,Cameron Payne,True,PG,left,190.5,83.0,1994,8,8,1994-08-08,Murray State,10,2015-11-01,2015,2015,Oklahoma City Thunder,1,14,14,477,7.8,2.0,3.2,41.9,36.8,83.6,50.1,13.4,13.9
paytoel01,Elfrid Payton,True,PG,right,190.5,88.5,1994,2,22,1994-02-22,Louisiana,9,2014-10-28,2014,2014,Philadelphia 76ers,1,10,10,524,9.8,4.0,5.8,44.4,28.6,62.3,46.4,14.3,15.1
paytoga01,Gary Payton,False,,,,,,,,,,,,,,,,,,,,,,,,,,,
paytoga02,Gary Payton II,True,SG,left,188.0,86.2,1992,12,1,1992-12-01,Oregon State,9,2017-04-02,2017,2023,NBA Draft,,,,270,5.5,2.8,1.2,55.7,34.0,62.5,61.5,15.1,11.8
peavymi01,Micah Peavy,False,,,,,,,,,,,,,,,,,,,,,,,,,,,
peeplge01,George Peeples,False,,,,,,,,,,,,,,,,,,,,,,,,,,,
pelleno01,Norvel Pelle,True,C,right,208.3,104.8,1993,2,3,1993-02-03,,3,2019-11-29,2019,2023,NBA Draft,,,,,,,,,,,,,
penbemi01,Mike Penberthy,False,,,,,,,,,,,,,,,,,,,,,,,,,,,
pendano01,Noah Penda,False,,,,,,,,,,,,,,,,,,,,,,,,,,,
pendeje02,Jeff Ayres,False,,,,,,,,,,,,,,,,,,,,,,,,,,,
perduwi01,Will Perdue,False,,,,,,,,,,,,,,,,,,,,,,,,,,,
pereima01,Mãozinha Pereira,True,SF,right,203.2,80.3,2000,8,28,2000-08-28,,1,2024-03-20,2024,2023,NBA Draft,,,,,,,,,,,,,
perkike01,Kendrick Perkins,False,,,,,,,,,,,,,,,,,,,,,,,,,,,
perryre01,Reggie Perry,True,PF,right,203.2,113.4,2000,3,21,2000-03-21,Mississippi State,2,2020-12-22,2020,2020,Los Angeles Clippers,2,27,57,,,,,,,,,,
peterdr01,Drew Peterson,True,PF,right,205.7,93.0,1999,11,9,1999-11-09,Rice University,2,2023-12-23,2023,2023,NBA Draft,,,,28,2.3,1.5,0.5,44.7,42.1,77.8,61.7,11.4,0.5
peterme01,Mel Peterson,False,,,,,,,,,,,,,,,,,,,,,,,,,,,
peterta01,Taelon Peter,False,,,,,,,,,,,,,,,,,,,,,,,,,,,
petrufi01,Filip Petrušev,True,C,right,210.8,106.1,2000,4,15,2000-04-15,Gonzaga,1,2023-10-29,2023,2021,Philadelphia 76ers,2,20,50,,,,,,,,,,
petruri01,Richard Petruška,False,,,,,,,,,,,,,,,,,,,,,,,,,,,
pettibo01,Bob Pettit,False,,,,,,,,,,,,,,,,,,,,,,,,,,,
phillan01,Andy Phillip,False,,,,,,,,,,,,,,,,,,,,,,,,,,,
phillga01,Gary Phillips,False,,,,,,,,,,,,,,,,,,,,,,,,,,,
phillju01,Julian Phillips,True,SF,right,203.2,89.8,2003,11,5,2003-11-05,Tennessee,2,2023-10-25,2023,2023,Boston Celtics,2,5,35,119,3.8,1.7,0.4,44.0,32.5,76.8,52.5,9.5,2.1
pickeja01,Jamorko Pickett,True,SF,right,205.7,93.4,1997,12,24,1997-12-24,Georgetown,1,2021-10-23,2021,2023,NBA Draft,,,,,,,,,,,,,
pickeja02,Jalen Pickett,True,SG,right,193.0,94.8,1999,10,22,1999-10-22,Siena College,2,2023-10-24,2023,2023,Indiana Pacers,2,2,32,76,3.2,1.1,1.7,42.8,38.9,75.0,54.2,10.7,1.2
piercpa01,Paul Pierce,False,,,,,,,,,,,,,,,,,,,,,,,,,,,
pierrjo01,Jonathan Pierre,False,,,,,,,,,,,,,,,,,,,,,,,,,,,
pilchjo01,John Pilch,False,,,,,,,,,,,,,,,,,,,,,,,,,,,
pinsoth01,Theo Pinson,True,SG,right,195.6,96.2,1995,11,5,1995-11-05,UNC,5,2018-10-20,2018,2023,NBA Draft,,,,,,,,,,,,,
pippesc01,Scottie Pippen,False,,,,,,,,,,,,,,,,,,,,,,,,,,,
pippesc02,Scotty Pippen Jr.,True,PG,right,185.4,83.9,2000,11,10,2000-11-10,Vanderbilt,3,2022-10-18,2022,2023,NBA Draft,,,,106,10.0,3.1,4.2,48.1,40.1,71.5,55.4,15.9,5.6
pittmde01,Dexter Pittman,False,,,,,,,,,,,,,,,,,,,,,,,,,,,
plowdda01,Daeqwon Plowden,True,SG,right,198.1,97.5,1998,8,29,1998-08-29,Bowling Green,1,2025-01-15,2025,2023,NBA Draft,,,,6,7.2,1.8,0.3,64.0,52.9,100.0,82.0,16.1,0.2
plumlma01,Mason Plumlee,True,C,both,208.3,115.2,1990,3,5,1990-03-05,Duke,12,2013-11-03,2013,2013,Brooklyn Nets,1,22,22,860,8.0,6.7,2.4,59.5,3.9,57.7,59.6,17.6,57.8
plumlmi01,Miles Plumlee,True,C,right,210.8,112.9,1988,9,1,1988-09-01,Duke,,2012-11-05,2012,2012,Indiana Pacers,1,26,26,,,,,,,,,,
podzibr01,Brandin Podziemski,True,SG,left,195.6,93.0,2003,2,25,2003-02-25,Illinois,2,2023-10-30,2023,2023,Golden State Warriors,1,19,19,138,10.4,5.4,3.6,44.9,37.8,70.1,53.3,13.6,8.3
poeltja01,Jakob Poeltl,True,C,right,213.4,111.1,1995,10,15,1995-10-15,Utah,9,2016-10-26,2016,2016,Toronto Raptors,1,9,9,595,8.9,7.0,1.8,63.1,42.9,55.5,63.1,19.0,44.2
poirivi01,Vincent Poirier,True,C,right,213.4,106.6,1993,10,17,1993-10-17,,,2019-10-26,2019,2023,NBA Draft,,,,,,,,,,,,,
pokusal01,Aleksej Pokusevski,True,PF,right,213.4,86.2,2001,12,26,2001-12-26,,4,2020-12-26,2020,2020,Minnesota Timberwolves,1,17,17,,,,,,,,,,
pollaji01,Jim Pollard,False,,,,,,,,,,,,,,,,,,,,,,,,,,,
pollasc01,Scot Pollard,False,,,,,,,,,,,,,,,,,,,,,,,,,,,
pondequ01,Quincy Pondexter,True,SF,right,200.7,104.3,1988,3,10,1988-03-10,Washington,,2010-11-06,2010,2010,Oklahoma City Thunder,1,26,26,,,,,,,,,,
pondssh01,Shamorie Ponds,True,PG,left,182.9,81.6,1998,6,29,1998-06-29,St. John's,1,2019-11-27,2019,2023,NBA Draft,,,,,,,,,,,,,
ponsyv01,Yves Pons,True,SF,left,198.1,97.5,1999,5,7,1999-05-07,Tennessee,1,2021-11-12,2021,2023,NBA Draft,,,,,,,,,,,,,
poolejo01,Jordan Poole,True,SG,right,193.0,88.0,1999,6,19,1999-06-19,Michigan,6,2019-10-24,2019,2019,Golden State Warriors,1,28,28,412,16.8,2.7,3.8,42.2,34.5,87.9,51.3,14.0,11.3
portecr01,Craig Porter Jr.,True,PG,right,188.0,84.4,2000,2,26,2000-02-26,Vincennes University,2,2023-10-28,2023,2023,NBA Draft,,,,102,4.6,1.7,1.9,51.1,40.2,72.7,55.6,14.4,2.6
portejo01,Jontay Porter,True,PF,left,210.8,108.9,1999,11,15,1999-11-15,Missouri,2,2021-03-15,2021,2023,NBA Draft,,,,,,,,,,,,,
porteke02,Kevin Porter Jr.,True,SG,left,193.0,92.1,2000,5,4,2000-05-04,USC,5,2019-10-23,2019,2019,Milwaukee Bucks,1,30,30,271,13.9,4.1,4.6,43.5,35.1,73.4,50.7,14.1,6.2
portemi01,Michael Porter Jr.,True,SF,right,208.3,98.9,1998,6,29,1998-06-29,Missouri,6,2019-10-31,2019,2018,Denver Nuggets,1,14,14,345,16.2,6.4,1.4,50.0,40.6,79.5,59.9,17.1,26.5
porteot01,Otto Porter Jr.,True,SF,right,203.2,89.8,1993,6,3,1993-06-03,Georgetown,,2013-12-06,2013,2013,Washington Wizards,1,3,3,,,,,,,,,,
portewi01,Willie Porter,False,,,,,,,,,,,,,,,,,,,,,,,,,,,
portibo01,Bobby Portis,True,PF,right,208.3,113.4,1995,2,10,1995-02-10,Arkansas,10,2015-11-03,2015,2015,Chicago Bulls,1,22,22,654,12.0,7.2,1.3,47.8,38.3,76.5,53.4,17.2,33.8
porzikr01,Kristaps Porziņģis,True,C,right,218.4,108.9,1995,8,2,1995-08-02,,9,2015-10-28,2015,2015,New York Knicks,1,4,4,501,19.6,7.8,1.8,46.1,36.6,82.9,52.5,20.8,48.0
poseyja01,James Posey,False,,,,,,,,,,,,,,,,,,,,,,,,,,,
postljo01,John Postley,False,,,,,,,,,,,,,,,,,,,,,,,,,,,
postqu01,Quinten Post,True,PF,right,213.4,108.0,2000,3,21,2000-03-21,Mississippi State,1,2024-12-27,2024,2024,Golden State Warriors,2,22,52,42,8.1,3.5,1.3,44.9,40.8,77.8,58.2,14.2,1.7
pottemi01,Micah Potter,True,PF,right,208.3,112.5,1998,4,6,1998-04-06,Ohio State,4,2022-01-01,2022,2023,NBA Draft,,,,64,3.9,3.6,0.6,45.3,34.4,83.3,56.2,9.7,1.0
poweldr01,Drake Powell,False,,,,,,,,,,,,,,,,,,,,,,,,,,,
poweldw01,Dwight Powell,True,C,right,208.3,108.9,1991,7,20,1991-07-20,Stanford,11,2014-11-14,2014,2014,Charlotte Hornets,2,15,45,705,6.7,4.2,1.0,60.4,29.4,73.6,62.6,17.2,47.9
powele01,Leon Powe,False,,,,,,,,,,,,,,,,,,,,,,,,,,,
poweljo01,Josh Powell,False,,,,,,,,,,,,,,,,,,,,,,,,,,,
powelmy01,Myles Powell,True,PG,right,188.0,88.5,1997,7,7,1997-07-07,Seton Hall,,2021-12-20,2021,2023,NBA Draft,,,,,,,,,,,,,
powelno01,Norman Powell,True,SG,right,190.5,97.5,1993,5,25,1993-05-25,UCLA,10,2015-11-01,2015,2015,Milwaukee Bucks,2,16,46,617,13.2,2.7,1.5,47.1,39.8,82.4,55.8,15.1,32.4
poythal01,Alex Poythress,True,PF,right,205.7,106.6,1993,9,6,1993-09-06,Kentucky,,2017-04-02,2017,2023,NBA Draft,,,,,,,,,,,,,
prestja01,Jason Preston,True,PG,right,193.0,84.8,1999,8,10,1999-08-10,Ohio University,2,2022-10-23,2022,2021,Orlando Magic,2,3,33,,,,,,,,,,
pricemi01,Mike Price,False,,,,,,,,,,,,,,,,,,,,,,,,,,,
primojo01,Joshua Primo,True,SG,right,198.1,86.2,2002,12,24,2002-12-24,Alabama,3,2021-10-20,2021,2021,San Antonio Spurs,1,12,12,,,,,,,,,,
princta01,Tayshaun Prince,False,,,,,,,,,,,,,,,,,,,,,,,,,,,
princta02,Taurean Prince,True,PF,right,198.1,98.9,1994,3,22,1994-03-22,Baylor,9,2016-10-27,2016,2016,Utah Jazz,1,12,12,582,9.9,3.6,1.7,42.8,38.4,81.1,53.1,10.7,15.0
pritcpa01,Payton Pritchard,True,PG,right,185.4,88.5,1998,1,28,1998-01-28,Oregon,5,2020-12-23,2020,2020,Boston Celtics,1,26,26,347,9.1,2.7,2.5,45.4,39.9,85.6,58.4,15.0,20.9
proctty01,Tyrese Proctor,False,,,,,,,,,,,,,,,,,,,,,,,,,,,
prospol01,Olivier-Maxence Prosper,True,PF,right,203.2,104.3,2002,7,3,2002-07-03,Clemson,2,2023-11-03,2023,2023,Sacramento Kings,1,24,24,92,3.5,2.2,0.7,39.6,26.0,65.8,44.1,12.2,1.4
pruitga01,Gabe Pruitt,False,,,,,,,,,,,,,,,,,,,,,,,,,,,
pullizy01,Zyon Pullin,True,SG,right,193.0,93.4,2001,3,3,2001-03-03,University of California Riverside,1,2025-02-03,2025,2023,NBA Draft,,,,3,0.0,0.0,0.0,0.0,,,0.0,-11.7,0.0
qizh01,Zhou Qi,True,PF,right,215.9,95.3,1996,1,16,1996-01-16,,,2017-10-21,2017,2016,Houston Rockets,2,13,43,,,,,,,,,,
queende01,Derik Queen,False,,,,,,,,,,,,,,,,,,,,,,,,,,,
queentr01,Trevelin Queen,True,SG,right,198.1,86.2,1997,2,25,1997-02-25,College of Marin,4,2021-12-18,2021,2023,NBA Draft,,,,62,4.1,1.7,1.1,37.2,27.1,85.7,44.5,11.1,0.8
quetane01,Neemias Queta,True,C,right,213.4,111.1,1999,7,13,1999-07-13,Utah State University,4,2021-12-17,2021,2021,Sacramento Kings,2,9,39,110,4.7,3.6,0.7,62.7,0.0,71.3,62.7,17.6,5.2
quickim01,Immanuel Quickley,True,PG,right,190.5,86.2,1999,6,17,1999-06-17,Kentucky,5,2020-12-23,2020,2020,Oklahoma City Thunder,1,25,25,324,14.0,3.4,3.7,42.1,37.5,85.8,51.6,16.1,21.3
quinole01,Lester Quiñones,True,SG,right,195.6,94.3,2000,11,16,2000-11-16,Memphis,3,2023-03-31,2023,2023,NBA Draft,,,,54,4.8,1.7,1.1,39.7,34.6,72.9,50.2,10.0,0.4
rabbiv01,Ivan Rabb,True,PF,right,208.3,99.8,1997,2,4,1997-02-04,California,,2017-10-28,2017,2017,Orlando Magic,2,5,35,,,,,,,,,,
rackllu01,Luther Rackley,False,,,,,,,,,,,,,,,,,,,,,,,,,,,
radmavl01,Vladimir Radmanović,False,,,,,,,,,,,,,,,,,,,,,,,,,,,
rambiku01,Kurt Rambis,False,,,,,,,,,,,,,,,,,,,,,,,,,,,
ramsefr01,Frank Ramsey,False,,,,,,,,,,,,,,,,,,,,,,,,,,,
ramseja01,Jahmi'us Ramsey,True,SG,right,190.5,86.2,2001,6,9,2001-06-09,Texas Tech,3,2020-12-27,2020,2020,Sacramento Kings,2,13,43,,,,,,,,,,
randama01,Mark Randall,False,,,,,,,,,,,,,,,,,,,,,,,,,,,
randlch01,Chasson Randle,True,PG,right,188.0,83.9,1993,2,5,1993-02-05,Stanford,4,2017-01-14,2017,2023,NBA Draft,,,,,,,,,,,,,
randlju01,Julius Randle,True,PF,left,205.7,113.4,1994,11,29,1994-11-29,Kentucky,11,2014-10-28,2014,2014,Los Angeles Lakers,1,7,7,710,19.0,9.1,3.8,47.1,33.4,75.3,51.2,18.1,49.6
raycl01,Clifford Ray,False,,,,,,,,,,,,,,,,,,,,,,,,,,,
raymocr01,Craig Raymond,False,,,,,,,,,,,,,,,,,,,,,,,,,,,
raynama01,Maxime Raynaud,False,,,,,,,,,,,,,,,,,,,,,,,,,,,
reathdu01,Duop Reath,True,C,right,210.8,111.1,1996,6,26,1996-06-26,Lee College,2,2023-11-12,2023,2023,NBA Draft,,,,114,7.1,3.0,0.8,45.1,34.8,77.4,54.3,14.7,3.4
reaveau01,Austin Reaves,True,SG,right,195.6,93.4,1998,5,29,1998-05-29,Wichita State,4,2021-10-22,2021,2023,NBA Draft,,,,280,14.5,3.8,4.3,48.1,37.0,86.3,56.9,15.5,21.9
reavejo02,Josh Reaves,True,SF,left,193.0,97.1,1997,6,4,1997-06-04,Penn State,1,2020-01-02,2020,2023,NBA Draft,,,,,,,,,,,,,
rebraze01,Željko Rebrača,False,,,,,,,,,,,,,,,,,,,,,,,,,,,
reddica01,Cam Reddish,True,SF,right,203.2,98.9,1999,9,1,1999-09-01,Duke,6,2019-10-24,2019,2019,Atlanta Hawks,1,10,10,254,8.5,2.7,1.2,39.8,32.2,82.1,47.2,9.6,3.3
redicjj01,JJ Redick,True,SG,right,190.5,90.7,1984,6,24,1984-06-24,Duke,,2006-11-25,2006,2006,Orlando Magic,1,11,11,,,,,,,,,,
reedda01,Davon Reed,True,SG,right,195.6,94.3,1995,6,11,1995-06-11,Miami (FL),4,2018-01-14,2018,2017,Phoenix Suns,2,2,32,,,,,,,,,,
reedpa01,Paul Reed,True,C,right,205.7,95.3,1999,6,14,1999-06-14,DePaul,5,2021-01-04,2021,2020,Philadelphia 76ers,2,28,58,260,4.9,3.9,0.8,54.8,30.5,70.5,56.4,18.6,11.5
reedwi01,Willis Reed,False,,,,,,,,,,,,,,,,,,,,,,,,,,,
reeseal01,Alex Reese,True,PF,right,205.7,111.1,1999,5,21,1999-05-21,Alabama,1,2024-10-27,2024,2023,NBA Draft,,,,15,5.1,3.1,0.3,48.1,36.6,75.0,62.0,14.0,0.5
reevean01,Antonio Reeves,True,SG,right,195.6,93.0,2000,11,20,2000-11-20,Illinois State,1,2024-10-23,2024,2024,Orlando Magic,2,17,47,44,6.9,1.4,0.9,45.6,39.5,80.0,55.8,11.7,0.4
reidna01,Naz Reid,True,C,right,205.7,119.7,1999,8,26,1999-08-26,LSU,6,2019-12-08,2019,2023,NBA Draft,,,,406,11.6,4.9,1.3,48.7,37.3,72.8,56.5,16.8,20.7
reisech01,Chick Reiser,False,,,,,,,,,,,,,,,,,,,,,,,,,,,
reynoca01,Cameron Reynolds,True,SF,left,200.7,102.1,1995,2,7,1995-02-07,Tulane,,2019-03-03,2019,2023,NBA Draft,,,,,,,,,,,,,
rhodeja01,Jared Rhoden,True,SG,right,198.1,95.3,1999,8,27,1999-08-27,Seton Hall,3,2023-01-10,2023,2023,NBA Draft,,,,45,5.5,2.5,0.8,46.7,32.2,84.6,54.1,11.2,1.0
ricegl01,Glen Rice,False,,,,,,,,,,,,,,,,,,,,,,,,,,,
richacl01,Clint Richardson,False,,,,,,,,,,,,,,,,,,,,,,,,,,,
richaja02,Jase Richardson,False,,,,,,,,,,,,,,,,,,,,,,,,,,,
richajo01,Josh Richardson,True,SG,right,195.6,90.7,1993,9,15,1993-09-15,Tennessee,10,2015-11-05,2015,2015,Miami Heat,2,10,40,554,11.5,3.0,2.6,42.8,36.3,84.6,50.9,12.4,27.7
richama01,Malachi Richardson,True,SG,right,198.1,93.0,1996,1,5,1996-01-05,Syracuse,,2016-10-26,2016,2016,Charlotte Hornets,1,22,22,,,,,,,,,,
richani01,Nick Richards,True,C,right,213.4,111.1,1997,11,29,1997-11-29,Kentucky,5,2020-12-30,2020,2020,New Orleans Pelicans,2,12,42,257,7.3,5.9,0.6,64.0,20.0,73.8,64.0,16.9,13.3
richmmi01,Mitch Richmond,False,,,,,,,,,,,,,,,,,,,,,,,,,,,
richtjo01,John Richter,False,,,,,,,,,,,,,,,,,,,,,,,,,,,
rideris01,Isaiah Rider,False,,,,,,,,,,,,,,,,,,,,,,,,,,,
rikerto01,Tom Riker,False,,,,,,,,,,,,,,,,,,,,,,,,,,,
rileyer01,Eric Riley,False,,,,,,,,,,,,,,,,,,,,,,,,,,,
rileypa01,Pat Riley,False,,,,,,,,,,,,,,,,,,,,,,,,,,,
rileywi01,Will Riley,False,,,,,,,,,,,,,,,,,,,,,,,,,,,
rillegr01,Grant Riller,True,PG,right,188.0,86.2,1997,2,8,1997-02-08,College of Charleston,1,2021-04-04,2021,2020,Charlotte Hornets,2,26,56,,,,,,,,,,
rinalri01,Rich Rinaldi,False,,,,,,,,,,,,,,,,,,,,,,,,,,,
riordmi01,Mike Riordan,False,,,,,,,,,,,,,,,,,,,,,,,,,,,
risacza01,Zaccharie Risacher,True,SF,right,203.2,90.7,2005,4,8,2005-04-08,,1,2024-10-23,2024,2024,Atlanta Hawks,1,1,1,75,12.6,3.6,1.2,45.8,35.5,71.1,53.7,12.2,1.8
risenar01,Arnie Risen,False,,,,,,,,,,,,,,,,,,,,,,,,,,,
riverau01,Austin Rivers,True,SG,right,193.0,90.7,1992,8,1,1992-08-01,Duke,11,2012-10-31,2012,2012,New Orleans Hornets,1,10,10,,,,,,,,,,
robbili01,Liam Robbins,True,C,right,213.4,113.4,1999,7,12,1999-07-12,Drake University,1,2024-10-31,2024,2023,NBA Draft,,,,13,0.7,0.9,0.2,25.0,0.0,50.0,25.0,2.6,-0.1
robbire01,Red Robbins,False,,,,,,,,,,,,,,,,,,,,,,,,,,,
roberan03,Andre Roberson,True,SG,right,200.7,95.3,1991,12,4,1991-12-04,Colorado,,2013-11-01,2013,2013,Minnesota Timberwolves,1,26,26,,,,,,,,,,
roberma01,Marv Roberts,False,,,,,,,,,,,,,,,,,,,,,,,,,,,
roberos01,Oscar Robertson,False,,,,,,,,,,,,,,,,,,,,,,,,,,,
robeyri01,Rick Robey,False,,,,,,,,,,,,,,,,,,,,,,,,,,,
robinda01,David Robinson,False,,,,,,,,,,,,,,,,,,,,,,,,,,,
robinde01,Devin Robinson,True,SF,right,203.2,90.7,1995,3,7,1995-03-07,Florida,,2018-04-11,2018,2023,NBA Draft,,,,,,,,,,,,,
robindu01,Duncan Robinson,True,SF,right,200.7,97.5,1994,4,22,1994-04-22,Williams,7,2018-10-24,2018,2023,NBA Draft,,,,423,11.3,2.6,1.8,43.4,39.7,87.4,59.4,11.4,19.9
robinfl01,Flynn Robinson,False,,,,,,,,,,,,,,,,,,,,,,,,,,,
robingl01,Glenn Robinson,False,,,,,,,,,,,,,,,,,,,,,,,,,,,
robingl02,Glenn Robinson III,True,SF,right,198.1,100.7,1994,1,8,1994-01-08,Michigan,,2014-11-14,2014,2014,Minnesota Timberwolves,2,10,40,,,,,,,,,,
robinja01,Jackie Robinson,False,,,,,,,,,,,,,,,,,,,,,,,,,,,
robinje01,Jerome Robinson,True,SG,right,193.0,86.2,1997,2,22,1997-02-22,Boston College,4,2018-10-26,2018,2018,Los Angeles Clippers,1,13,13,,,,,,,,,,
robinje02,Jeremiah Robinson-Earl,True,PF,right,205.7,104.3,2000,11,3,2000-11-03,Villanova,4,2021-10-20,2021,2021,New York Knicks,2,2,32,197,6.0,4.3,1.0,44.1,34.2,79.6,52.2,12.4,5.7
robinju01,Justin Robinson,True,PG,left,185.4,88.5,1997,10,12,1997-10-12,Virginia Tech,3,2019-10-23,2019,2023,NBA Draft,,,,,,,,,,,,,
robinla01,Larry Robinson,False,,,,,,,,,,,,,,,,,,,,,,,,,,,
robinmi01,Mitchell Robinson,True,C,right,213.4,108.9,1998,4,1,1998-04-01,Western Kentucky,7,2018-10-17,2018,2018,New York Knicks,2,6,36,337,7.8,7.8,0.6,70.0,,52.2,70.0,20.3,35.2
robinor01,Orlando Robinson,True,C,right,213.4,106.6,2000,7,10,2000-07-10,Fresno State,3,2022-11-18,2022,2023,NBA Draft,,,,111,4.7,3.9,1.2,47.2,34.2,75.4,50.1,13.2,3.2
robyis01,Isaiah Roby,True,PF,right,203.2,104.3,1998,2,3,1998-02-03,Nebraska,4,2020-01-29,2020,2019,Detroit Pistons,2,15,45,,,,,,,,,,
rochare01,Red Rocha,False,,,,,,,,,,,,,,,,,,,,,,,,,,,
rochejo01,John Roche,False,,,,,,,,,,,,,,,,,,,,,,,,,,,
roddyda01,David Roddy,True,PF,right,193.0,115.7,2001,3,27,2001-03-27,Colorado State,3,2022-10-19,2022,2022,Philadelphia 76ers,1,23,23,168,6.2,2.9,1.0,42.1,30.2,67.9,49.1,9.2,1.7
rodmade01,Dennis Rodman,False,,,,,,,,,,,,,,,,,,,,,,,,,,,
rolliry01,Ryan Rollins,True,PG,right,193.0,81.6,2002,7,3,2002-07-03,Toledo,3,2022-10-18,2022,2022,Atlanta Hawks,2,14,44,81,5.1,1.6,1.5,48.1,41.4,80.9,56.8,13.6,1.7
rondora01,Rajon Rondo,True,PG,right,185.4,81.6,1986,2,22,1986-02-22,Kentucky,,2006-11-01,2006,2006,Phoenix Suns,1,21,21,,,,,,,,,,
rosede01,Derrick Rose,True,PG,right,190.5,90.7,1988,10,4,1988-10-04,Memphis,,2008-10-28,2008,2008,Chicago Bulls,1,1,1,,,,,,,,,,
rosema01,Malik Rose,False,,,,,,,,,,,,,,,,,,,,,,,,,,,
rosenpe01,Petey Rosenberg,False,,,,,,,,,,,,,,,,,,,,,,,,,,,
rosste01,Terrence Ross,True,SG,right,198.1,93.4,1991,2,5,1991-02-05,Washington,,2012-10-31,2012,2012,Toronto Raptors,1,8,8,,,,,,,,,,
rotheir01,Irv Rothenberg,False,,,,,,,,,,,,,,,,,,,,,,,,,,,
roweja01,Jackson Rowe,True,PF,right,200.7,95.3,1997,1,4,1997-01-04,Cal State Fullerton,1,2025-02-05,2025,2023,NBA Draft,,,,6,3.7,1.8,0.7,47.1,30.0,50.0,55.9,15.9,0.2
rowinji01,Jim Rowinski,False,,,,,,,,,,,,,,,,,,,,,,,,,,,
roziete01,Terry Rozier,True,PG,right,185.4,86.2,1994,3,17,1994-03-17,Louisville,10,2015-10-28,2015,2015,Boston Celtics,1,16,16,665,13.9,3.9,3.5,41.8,36.1,82.9,50.2,14.7,30.6
rubiori01,Ricky Rubio,True,PG,right,188.0,86.2,1990,10,21,1990-10-21,,,2011-12-26,2011,2009,Minnesota Timberwolves,1,5,5,,,,,,,,,,
rulloje01,Jerry Rullo,False,,,,,,,,,,,,,,,,,,,,,,,,,,,
ruperra01,Rayan Rupert,True,SG,right,198.1,93.0,2004,5,31,2004-05-31,,2,2023-10-25,2023,2023,Portland Trail Blazers,2,13,43,91,3.4,1.8,1.0,37.0,32.1,76.4,44.2,6.8,-0.1
rushbr01,Brandon Rush,False,,,,,,,,,,,,,,,,,,,,,,,,,,,
russebi01,Bill Russell,False,,,,,,,,,,,,,,,,,,,,,,,,,,,
russeca01,Cazzie Russell,False,,,,,,,,,,,,,,,,,,,,,,,,,,,
russeda01,D'Angelo Russell,True,PG,left,190.5,87.5,1996,2,23,1996-02-23,Ohio State,10,2015-10-28,2015,2015,Los Angeles Lakers,1,2,2,629,17.3,3.4,5.7,42.7,36.5,79.6,51.3,16.2,26.5
ryanco01,Cormac Ryan,False,,,,,,,,,,,,,,,,,,,,,,,,,,,
ryanma01,Matt Ryan,True,SF,right,198.1,97.5,1997,4,17,1997-04-17,Notre Dame,4,2022-04-10,2022,2023,NBA Draft,,,,82,3.7,0.9,0.5,38.9,40.2,89.3,54.5,8.3,0.7
sabondo01,Domantas Sabonis,True,C,left,208.3,108.9,1996,5,3,1996-05-03,Gonzaga,9,2016-10-26,2016,2016,Orlando Magic,1,11,11,646,16.1,10.7,4.9,56.0,34.7,72.9,58.1,20.5,69.9
salauti01,Tidjane Salaün,True,PF,right,205.7,93.9,2005,8,10,2005-08-10,,1,2024-10-26,2024,2024,Charlotte Hornets,1,6,6,60,5.9,4.7,1.2,33.0,28.3,71.3,41.4,7.7,0.0
sallejo01,John Salley,False,,,,,,,,,,,,,,,,,,,,,,,,,,,
sallihu01,Hunter Sallis,False,,,,,,,,,,,,,,,,,,,,,,,,,,,
samanlu01,Luka Šamanić,True,PF,right,208.3,103.0,2000,1,9,2000-01-09,,4,2020-03-06,2020,2019,San Antonio Spurs,1,19,19,,,,,,,,,,
sampsbr01,Brandon Sampson,True,SG,right,195.6,83.5,1997,5,1,1997-05-01,LSU,1,2019-01-30,2019,2023,NBA Draft,,,,,,,,,,,,,
sampsja02,JaKarr Sampson,True,SF,right,200.7,97.1,1993,3,20,1993-03-20,St. John's,,2014-10-29,2014,2023,NBA Draft,,,,,,,,,,,,,
samueje01,Jermaine Samuels,True,SF,right,200.7,104.3,1998,11,13,1998-11-13,Villanova,1,2023-10-25,2023,2023,NBA Draft,,,,,,,,,,,,,
samuety01,Tyrese Samuel,False,,,,,,,,,,,,,,,,,,,,,,,,,,,
sandeko01,Kobe Sanders,False,,,,,,,,,,,,,,,,,,,,,,,,,,,
sandeto01,Tom Sanders,False,,,,,,,,,,,,,,,,,,,,,,,,,,,
sanogad01,Adama Sanogo,True,PF,right,205.7,111.1,2002,2,12,2002-02-12,UConn,2,2023-12-28,2023,2023,NBA Draft,,,,13,3.4,3.2,0.1,52.9,,66.7,52.9,20.3,0.2
santogu01,Gui Santos,True,PF,right,203.2,94.8,2002,6,22,2002-06-22,,2,2023-11-16,2023,2022,Golden State Warriors,2,25,55,79,3.9,2.8,1.2,47.0,33.8,76.3,56.4,12.4,2.4
santona01,Nate Santos,False,,,,,,,,,,,,,,,,,,,,,,,,,,,
sarafbe01,Ben Saraf,False,,,,,,,,,,,,,,,,,,,,,,,,,,,
saricda01,Dario Šarić,True,PF,right,208.3,102.1,1994,4,8,1994-04-08,,8,2016-10-26,2016,2014,Orlando Magic,1,12,12,493,10.4,5.3,1.9,44.4,36.0,83.7,52.1,14.0,20.9
sarral01,Alex Sarr,True,C,right,213.4,93.0,2005,4,26,2005-04-26,,1,2024-10-24,2024,2024,Washington Wizards,1,2,2,67,13.0,6.5,2.4,39.4,30.8,67.9,45.7,12.9,-0.3
sarrol01,Olivier Sarr,True,C,right,213.4,107.5,1999,2,20,1999-02-20,Wake Forest,3,2021-12-28,2021,2023,NBA Draft,,,,,,,,,,,,,
sassema01,Marcus Sasser,True,PG,right,188.0,88.5,2000,9,21,2000-09-21,Houston,2,2023-10-25,2023,2023,Memphis Grizzlies,1,25,25,128,7.5,1.5,2.9,44.1,37.8,86.3,53.2,12.6,2.8
satorto01,Tomáš Satoranský,True,SG,right,200.7,95.3,1991,10,30,1991-10-30,,,2016-10-27,2016,2012,Washington Wizards,2,2,32,,,,,,,,,,
sauldwo01,Woody Sauldsberry,False,,,,,,,,,,,,,,,,,,,,,,,,,,,
saulpe01,Pep Saul,False,,,,,,,,,,,,,,,,,,,,,,,,,,,
scalabr01,Brian Scalabrine,False,,,,,,,,,,,,,,,,,,,,,,,,,,,
schaebi01,Billy Schaeffer,False,,,,,,,,,,,,,,,,,,,,,,,,,,,
schaehe01,Herm Schaefer,False,,,,,,,,,,,,,,,,,,,,,,,,,,,
schafbo01,Bob Schafer,False,,,,,,,,,,,,,,,,,,,,,,,,,,,
schakjo01,Jordan Schakel,True,SF,right,198.1,90.7,1998,6,13,1998-06-13,San Diego State,2,2021-12-26,2021,2023,NBA Draft,,,,,,,,,,,,,
schaydo01,Dolph Schayes,False,,,,,,,,,,,,,,,,,,,,,,,,,,,
scheiba01,Baylor Scheierman,True,SG,left,198.1,93.0,2000,9,26,2000-09-26,South Dakota State,1,2024-10-24,2024,2024,Boston Celtics,1,30,30,31,3.6,2.1,1.1,35.5,31.7,75.0,47.3,10.3,0.7
schnidi01,Dick Schnittker,False,,,,,,,,,,,,,,,,,,,,,,,,,,,
schoeru01,Russ Schoene,False,,,,,,,,,,,,,,,,,,,,,,,,,,,
schofad01,Admiral Schofield,True,PF,right,195.6,109.3,1997,3,30,1997-03-30,Tennessee,4,2019-10-23,2019,2019,Philadelphia 76ers,2,12,42,,,,,,,,,,
schrode01,Dennis Schröder,True,PG,right,185.4,78.0,1993,9,15,1993-09-15,,12,2013-10-30,2013,2013,Atlanta Hawks,1,17,17,842,13.9,2.9,4.9,43.2,34.2,83.6,48.5,14.1,32.7
schuldi01,Dick Schulz,False,,,,,,,,,,,,,,,,,,,,,,,,,,,
schulho01,Howie Schultz,False,,,,,,,,,,,,,,,,,,,,,,,,,,,
scottby01,Byron Scott,False,,,,,,,,,,,,,,,,,,,,,,,,,,,
scottch01,Charlie Scott,False,,,,,,,,,,,,,,,,,,,,,,,,,,,
scottmi01,Mike Scott,True,PF,right,200.7,107.5,1988,7,16,1988-07-16,Virginia,,2012-11-11,2012,2012,Atlanta Hawks,2,13,43,,,,,,,,,,
scotttr01,Tre Scott,True,SF,right,203.2,102.1,1996,11,25,1996-11-25,Cincinnati,,2021-12-22,2021,2023,NBA Draft,,,,,,,,,,,,,
scrubja01,Jay Scrubb,True,SG,left,195.6,99.8,2000,9,1,2000-09-01,John A. Logan College,3,2021-05-11,2021,2020,Brooklyn Nets,2,25,55,,,,,,,,,,
seabrde01,Dereon Seabron,True,SG,right,200.7,81.6,2000,5,26,2000-05-26,NC State,2,2022-10-28,2022,2023,NBA Draft,,,,,,,,,,,,,
searced01,Ed Searcy,False,,,,,,,,,,,,,,,,,,,,,,,,,,,
searsma01,Mark Sears,False,,,,,,,,,,,,,,,,,,,,,,,,,,,
sefolth01,Thabo Sefolosha,True,SG,right,198.1,97.5,1984,5,2,1984-05-02,,,2006-10-31,2006,2006,Philadelphia 76ers,1,13,13,,,,,,,,,,
seldewa01,Wayne Selden,True,SG,right,195.6,104.3,1994,9,30,1994-09-30,Kansas,,2017-03-14,2017,2023,NBA Draft,,,,,,,,,,,,,
selvyfr01,Frank Selvy,False,,,,,,,,,,,,,,,,,,,,,,,,,,,
senesge01,George Senesky,False,,,,,,,,,,,,,,,,,,,,,,,,,,,
sengual01,Alperen Şengün,True,C,right,210.8,106.6,2002,7,25,2002-07-25,,4,2021-10-20,2021,2021,Oklahoma City Thunder,1,16,16,286,16.0,8.6,4.1,51.8,27.2,70.1,53.2,20.1,22.5
sensabr01,Brice Sensabaugh,True,SF,right,198.1,106.6,2003,10,30,2003-10-30,Ohio State,2,2023-10-25,2023,2023,Utah Jazz,1,28,28,103,9.8,3.0,1.6,44.1,39.2,89.5,55.8,12.0,0.9
sextoco01,Collin Sexton,True,SG,right,190.5,86.2,1999,1,4,1999-01-04,Alabama,7,2018-10-17,2018,2018,Cleveland Cavaliers,1,8,8,407,18.8,2.8,3.7,47.0,38.7,83.8,52.2,16.2,15.8
seymopa01,Paul Seymour,False,,,,,,,,,,,,,,,,,,,,,,,,,,,
shamela01,Landry Shamet,True,SG,right,193.0,86.2,1997,3,13,1997-03-13,Wichita State,7,2018-10-16,2018,2018,Philadelphia 76ers,1,26,26,398,8.3,1.7,1.5,41.3,38.5,83.3,54.7,10.1,13.1
shannte01,Terrence Shannon Jr.,True,SG,left,198.1,97.5,2000,7,30,2000-07-30,Texas Tech,1,2024-11-02,2024,2024,Minnesota Timberwolves,1,27,27,32,4.3,1.5,1.0,48.2,35.5,81.0,53.1,11.9,0.6
sharech01,Chuck Share,False,,,,,,,,,,,,,,,,,,,,,,,,,,,
sharmbi01,Bill Sharman,False,,,,,,,,,,,,,,,,,,,,,,,,,,,
sharpda01,Day'Ron Sharpe,True,C,right,210.8,120.2,2001,11,6,2001-11-06,UNC,4,2021-10-24,2021,2021,Phoenix Suns,1,29,29,191,6.5,5.6,1.2,55.0,29.5,64.8,56.2,19.6,8.4
sharpsh01,Shaedon Sharpe,True,SG,right,198.1,90.7,2003,5,30,2003-05-30,Kentucky,3,2022-10-19,2022,2022,Portland Trail Blazers,1,7,7,184,14.3,3.9,2.1,44.9,33.0,77.9,51.9,12.8,4.7
shawbr01,Brian Shaw,False,,,,,,,,,,,,,,,,,,,,,,,,,,,
shayoma01,Marial Shayok,True,SG,right,195.6,89.8,1995,7,26,1995-07-26,Virginia,1,2020-02-06,2020,2019,Philadelphia 76ers,2,24,54,,,,,,,,,,
sheadja01,Jamal Shead,True,PG,right,182.9,90.7,2002,6,24,2002-06-24,Houston,1,2024-10-23,2024,2024,Sacramento Kings,2,15,45,75,7.1,1.5,4.2,40.5,32.3,76.8,47.6,9.9,0.8
shefffr01,Fred Sheffield,False,,,,,,,,,,,,,,,,,,,,,,,,,,,
sheltlo01,Lonnie Shelton,False,,,,,,,,,,,,,,,,,,,,,,,,,,,
sheppbe01,Ben Sheppard,True,SG,right,198.1,86.2,2001,7,16,2001-07-16,Belmont,2,2023-10-25,2023,2023,Indiana Pacers,1,26,26,120,4.9,2.2,1.2,40.7,33.0,88.7,52.0,8.7,2.9
sheppre01,Reed Sheppard,True,PG,right,188.0,83.9,2004,6,24,2004-06-24,Kentucky,1,2024-10-23,2024,2024,Houston Rockets,1,3,3,52,4.4,1.5,1.4,35.1,33.8,81.3,45.2,9.7,0.8
shulgma01,Max Shulga,False,,,,,,,,,,,,,,,,,,,,,,,,,,,
shumach01,Christian Shumate,False,,,,,,,,,,,,,,,,,,,,,,,,,,,
shumpim01,Iman Shumpert,True,SG,right,195.6,97.5,1990,6,26,1990-06-26,Georgia Tech,,2011-12-25,2011,2011,New York Knicks,1,17,17,,,,,,,,,,
siakapa01,Pascal Siakam,True,PF,right,203.2,104.3,1994,4,2,1994-04-02,New Mexico State,9,2016-10-26,2016,2016,Toronto Raptors,1,27,27,629,18.0,6.7,3.6,49.9,33.9,76.3,53.9,18.5,55.5
siberjo01,Jordan Sibert,True,SG,right,193.0,84.8,1992,8,1,1992-08-01,Ohio State,,2019-02-27,2019,2023,NBA Draft,,,,,,,,,,,,,
sichtje01,Jerry Sichting,False,,,,,,,,,,,,,,,,,,,,,,,,,,,
sidledo01,Don Sidle,False,,,,,,,,,,,,,,,,,,,,,,,,,,,
siegfla01,Larry Siegfried,False,,,,,,,,,,,,,,,,,,,,,,,,,,,
sikmaja01,Jack Sikma,False,,,,,,,,,,,,,,,,,,,,,,,,,,,
silaspa01,Paul Silas,False,,,,,,,,,,,,,,,,,,,,,,,,,,,
silvach01,Chris Silva,True,PF,right,203.2,106.1,1996,9,19,1996-09-19,South Carolina,4,2019-10-23,2019,2023,NBA Draft,,,,,,,,,,,,,
simiewa01,Wayne Simien,False,,,,,,,,,,,,,,,,,,,,,,,,,,,
simmobe01,Ben Simmons,True,PG,left,208.3,108.9,1996,7,20,1996-07-20,LSU,7,2017-10-18,2017,2016,Philadelphia 76ers,1,1,1,383,13.1,7.4,7.2,55.8,13.9,59.2,55.9,18.4,35.4
simmoco01,Connie Simmons,False,,,,,,,,,,,,,,,,,,,,,,,,,,,
simmojo02,Jonathon Simmons,True,SG,right,198.1,88.5,1989,9,14,1989-09-14,Houston,,2015-11-14,2015,2023,NBA Draft,,,,,,,,,,,,,
simmoko01,Kobi Simmons,True,PG,right,195.6,75.3,1997,7,4,1997-07-04,Arizona,4,2017-11-29,2017,2023,NBA Draft,,,,,,,,,,,,,
simonan01,Anfernee Simons,True,SG,right,190.5,82.1,1999,6,8,1999-06-08,,7,2018-10-30,2018,2018,Portland Trail Blazers,1,24,24,389,15.0,2.5,3.3,43.1,38.1,88.0,53.1,13.9,12.8
simonma01,Marko Simonovic,True,C,right,210.8,98.0,1999,10,15,1999-10-15,,2,2021-11-22,2021,2020,Chicago Bulls,2,14,44,,,,,,,,,,
simpkdi01,Dickey Simpkins,False,,,,,,,,,,,,,,,,,,,,,,,,,,,
simpskj01,KJ Simpson,True,PG,right,182.9,85.7,2002,8,8,2002-08-08,Colorado,1,2024-11-04,2024,2024,Charlotte Hornets,2,12,42,36,7.8,3.0,3.1,34.6,25.4,82.0,40.0,8.3,-0.4
simpsza01,Zavier Simpson,True,PG,right,182.9,86.2,1997,2,11,1997-02-11,Michigan,2,2022-04-05,2022,2023,NBA Draft,,,,,,,,,,,,,
simsja01,Jaylen Sims,True,SG,right,198.1,88.5,1998,12,11,1998-12-11,UNC Wilmington,1,2025-04-04,2025,2023,NBA Draft,,,,6,7.0,1.0,2.0,42.9,40.0,80.0,53.6,9.8,0.1
simsje01,Jericho Sims,True,C,right,208.3,111.1,1998,10,20,1998-10-20,Texas,4,2021-10-20,2021,2021,New York Knicks,2,28,58,191,2.4,4.0,0.5,71.4,0.0,58.5,71.4,11.7,6.9
sirvyde01,Deividas Sirvydis,True,SG,left,203.2,86.2,2000,6,10,2000-06-10,,2,2021-01-06,2021,2019,Dallas Mavericks,2,7,37,,,,,,,,,,
skapidm01,Dmytro Skapintsev,True,C,right,215.9,117.9,1998,5,12,1998-05-12,Cal State Northridge,1,2023-12-23,2023,2023,NBA Draft,,,,,,,,,,,,,
skinnal01,Al Skinner,False,,,,,,,,,,,,,,,,,,,,,,,,,,,
skoogwh01,Whitey Skoog,False,,,,,,,,,,,,,,,,,,,,,,,,,,,
slawsja01,Jalen Slawson,True,SF,right,200.7,97.5,1999,10,22,1999-10-22,Furman University,1,2023-11-15,2023,2023,Sacramento Kings,2,24,54,,,,,,,,,,
smailal01,Alen Smailagić,True,PF,right,208.3,97.5,2000,8,18,2000-08-18,,2,2019-12-27,2019,2019,New Orleans Pelicans,2,9,39,,,,,,,,,,
smallja01,Javon Small,False,,,,,,,,,,,,,,,,,,,,,,,,,,,
smartja01,Javonte Smart,True,PG,right,193.0,93.0,1999,6,3,1999-06-03,LSU,2,2021-12-04,2021,2023,NBA Draft,,,,,,,,,,,,,
smartma01,Marcus Smart,True,PG,right,190.5,99.8,1994,3,6,1994-03-06,Oklahoma State,11,2014-10-29,2014,2014,Boston Celtics,1,6,6,635,10.6,3.4,4.6,38.8,32.4,77.6,47.4,12.4,34.2
smithde03,Dennis Smith Jr.,True,PG,right,188.0,93.0,1997,11,25,1997-11-25,NC State,7,2017-10-18,2017,2017,Dallas Mavericks,1,9,9,,,,,,,,,,
smithdo01,Don Smith,False,,,,,,,,,,,,,,,,,,,,,,,,,,,
smithdr01,Dru Smith,True,SG,right,190.5,92.1,1997,12,30,1997-12-30,University of Evansville,3,2022-10-26,2022,2023,NBA Draft,,,,38,4.5,1.9,1.6,46.0,42.4,82.4,56.1,12.7,1.3
smithgr01,Greg Smith,False,,,,,,,,,,,,,,,,,,,,,,,,,,,
smithis01,Ish Smith,True,PG,right,182.9,79.4,1988,7,5,1988-07-05,Wake Forest,14,2010-10-26,2010,2023,NBA Draft,,,,,,,,,,,,,
smithja02,Jason Smith,True,C,right,213.4,108.9,1986,3,2,1986-03-02,Colorado State,,2007-10-31,2007,2007,Miami Heat,1,20,20,,,,,,,,,,
smithja04,Jalen Smith,True,C,right,208.3,97.5,2000,3,16,2000-03-16,Maryland,5,2020-12-23,2020,2020,Phoenix Suns,1,10,10,271,8.5,5.3,0.8,50.5,33.2,75.4,57.2,17.9,12.0
smithja05,Jabari Smith Jr.,True,PF,right,210.8,99.8,2003,5,13,2003-05-13,Auburn,3,2022-10-19,2022,2022,Houston Rockets,1,3,3,212,13.0,7.5,1.3,43.2,34.0,80.5,51.0,12.5,11.7
smithjr01,J.R. Smith,True,SG,right,198.1,102.1,1985,9,9,1985-09-09,North Carolina A&T,,2004-11-03,2004,2004,New Orleans Hornets,1,18,18,,,,,,,,,,
smithke01,Kenny Smith,False,,,,,,,,,,,,,,,,,,,,,,,,,,,
smithni01,Nick Smith Jr.,True,SG,right,188.0,83.9,2004,4,18,2004-04-18,Arkansas,2,2023-10-25,2023,2023,Charlotte Hornets,1,27,27,111,8.0,1.8,1.8,39.1,36.9,91.8,48.8,8.2,-1.1
smithph01,Phil Smith,False,,,,,,,,,,,,,,,,,,,,,,,,,,,
smithsa01,Sam Smith,False,,,,,,,,,,,,,,,,,,,,,,,,,,,
smithst01,Steve Smith,False,,,,,,,,,,,,,,,,,,,,,,,,,,,
smithte01,Terquavion Smith,True,PG,right,193.0,74.8,2002,12,31,2002-12-31,NC State,1,2024-01-19,2024,2023,NBA Draft,,,,,,,,,,,,,
smithto05,Tolu Smith,True,PF,right,208.3,115.2,2000,7,26,2000-07-26,Western Kentucky,1,2025-04-13,2025,2023,NBA Draft,,,,1,14.0,8.0,0.0,66.7,,66.7,66.7,19.5,0.1
smithty02,Tyler Smith,True,PF,left,210.8,101.6,2004,11,2,2004-11-02,,1,2024-10-23,2024,2024,Milwaukee Bucks,2,3,33,23,2.9,1.1,0.2,48.0,43.3,75.0,61.0,15.2,0.2
smithzh01,Zhaire Smith,True,SG,right,190.5,93.0,1999,6,4,1999-06-04,Texas Tech,2,2019-03-25,2019,2018,Phoenix Suns,1,16,16,,,,,,,,,,
smrekmi01,Mike Smrek,False,,,,,,,,,,,,,,,,,,,,,,,,,,,
sneedxa01,Xavier Sneed,True,SF,right,195.6,97.5,1997,12,21,1997-12-21,Kansas State,2,2021-12-31,2021,2023,NBA Draft,,,,,,,,,,,,,
snellto01,Tony Snell,True,SG,right,198.1,96.6,1991,11,10,1991-11-10,New Mexico,,2013-10-29,2013,2013,Chicago Bulls,1,20,20,,,,,,,,,,
snydedi01,Dick Snyder,False,,,,,,,,,,,,,,,,,,,,,,,,,,,
sochaje01,Jeremy Sochan,True,PF,right,203.2,104.3,2003,5,20,2003-05-20,Baylor,3,2022-10-19,2022,2022,San Antonio Spurs,1,9,9,184,11.4,6.1,2.8,46.8,29.0,72.5,50.4,12.6,4.2
sojouwi01,Willie Sojourner,False,,,,,,,,,,,,,,,,,,,,,,,,,,,
sorbeth01,Thomas Sorber,False,,,,,,,,,,,,,,,,,,,,,,,,,,,
spaldra01,Ray Spalding,True,PF,right,208.3,97.5,1997,3,11,1997-03-11,Louisville,2,2018-10-17,2018,2018,Philadelphia 76ers,2,26,56,,,,,,,,,,
sparrro01,Rory Sparrow,False,,,,,,,,,,,,,,,,,,,,,,,,,,,
speigma01,Marreese Speights,False,,,,,,,,,,,,,,,,,,,,,,,,,,,
spellom01,Omari Spellman,True,C,right,203.2,111.1,1997,7,21,1997-07-21,Villanova,2,2018-10-17,2018,2018,Atlanta Hawks,1,30,30,,,,,,,,,,
spencca01,Cam Spencer,True,SG,right,190.5,93.0,2000,4,6,2000-04-06,Loyola (MD),1,2024-11-20,2024,2024,Detroit Pistons,2,23,53,25,4.2,1.2,1.4,41.5,36.5,100.0,53.0,14.2,0.8
spencpa01,Pat Spencer,True,PG,right,190.5,93.0,1996,7,4,1996-07-04,Loyola (MD),2,2024-02-25,2024,2023,NBA Draft,,,,45,2.3,1.1,1.2,41.0,20.8,73.3,43.3,12.3,0.3
splitti01,Tiago Splitter,False,,,,,,,,,,,,,,,,,,,,,,,,,,,
sprigla01,Larry Spriggs,False,,,,,,,,,,,,,,,,,,,,,,,,,,,
sprinja01,Jaden Springer,True,SG,right,193.0,92.5,2002,9,25,2002-09-25,Tennessee,4,2021-10-20,2021,2021,Philadelphia 76ers,1,28,28,110,2.9,1.4,0.8,40.9,23.8,77.3,45.3,11.4,1.4
stacoke01,Kevin Stacom,False,,,,,,,,,,,,,,,,,,,,,,,,,,,
stallda01,Dave Stallworth,False,,,,,,,,,,,,,,,,,,,,,,,,,,,
stanlca01,Cassius Stanley,True,SG,right,195.6,86.2,1999,8,18,1999-08-18,Duke,2,2020-12-26,2020,2020,Indiana Pacers,2,24,54,,,,,,,,,,
stausni01,Nik Stauskas,True,SG,right,198.1,93.0,1993,10,7,1993-10-07,Michigan,6,2014-10-29,2014,2014,Sacramento Kings,1,8,8,,,,,,,,,,
steella01,Larry Steele,False,,,,,,,,,,,,,,,,,,,,,,,,,,,
steigma01,Matt Steigenga,False,,,,,,,,,,,,,,,,,,,,,,,,,,,
stephdj01,D.J. Stephens,True,SG,right,195.6,85.3,1990,12,19,1990-12-19,Memphis,,2014-03-29,2014,2023,NBA Draft,,,,,,,,,,,,,
stephla01,Lance Stephenson,True,SG,right,198.1,104.3,1990,9,5,1990-09-05,Cincinnati,,2011-02-27,2011,2010,Indiana Pacers,2,10,40,,,,,,,,,,
stevede01,DeShawn Stevenson,False,,,,,,,,,,,,,,,,,,,,,,,,,,,
steveis01,Isaiah Stevens,True,PG,right,182.9,83.9,2000,11,1,2000-11-01,Colorado State,1,2025-03-29,2025,2023,NBA Draft,,,,3,0.0,0.7,0.0,0.0,0.0,,0.0,0.1,0.0
stevela01,Lamar Stevens,True,PF,right,198.1,104.3,1997,7,9,1997-07-09,Penn State,5,2020-12-27,2020,2023,NBA Draft,,,,220,5.6,2.9,0.6,46.3,28.7,72.6,49.8,11.1,4.9
stewais01,Isaiah Stewart,True,C,right,203.2,113.4,2001,5,22,2001-05-22,Washington,5,2020-12-28,2020,2020,Portland Trail Blazers,1,16,16,307,8.6,7.1,1.3,50.7,34.5,73.3,55.3,13.9,15.4
stojape01,Peja Stojaković,False,,,,,,,,,,,,,,,,,,,,,,,,,,,
stonege01,George Stone,False,,,,,,,,,,,,,,,,,,,,,,,,,,,
strawju01,Julian Strawther,True,SF,right,200.7,93.0,2002,4,18,2002-04-18,Gonzaga,2,2023-10-27,2023,2023,Indiana Pacers,1,29,29,115,7.1,1.8,1.1,41.2,33.2,79.3,50.8,9.2,1.4
strusma01,Max Strus,True,SF,right,195.6,97.5,1996,3,28,1996-03-28,Lewis (IL),6,2019-11-22,2019,2023,NBA Draft,,,,309,10.4,3.4,2.4,42.7,36.8,81.2,56.1,11.8,15.3
stumpge01,Gene Stump,False,,,,,,,,,,,,,,,,,,,,,,,,,,,
suggsja01,Jalen Suggs,True,SG,right,195.6,93.0,2001,6,3,2001-06-03,Gonzaga,4,2021-10-20,2021,2021,Orlando Magic,1,5,5,211,12.3,3.3,3.3,41.9,32.9,77.9,49.6,12.5,5.6
sumneed01,Edmond Sumner,True,SG,right,193.0,88.9,1995,12,31,1995-12-31,Xavier,5,2018-04-10,2018,2017,New Orleans Pelicans,2,22,52,,,,,,,,,,
surabo01,Bob Sura,False,,,,,,,,,,,,,,,,,,,,,,,,,,,
swainbe01,Bennie Swain,False,,,,,,,,,,,,,,,,,,,,,,,,,,,
swanica01,Caleb Swanigan,True,PF,right,205.7,117.9,1997,4,18,1997-04-18,Purdue,,2017-10-18,2017,2017,Portland Trail Blazers,1,26,26,,,,,,,,,,
swartda01,Dan Swartz,False,,,,,,,,,,,,,,,,,,,,,,,,,,,
swideco01,Cole Swider,True,SF,right,205.7,99.8,1999,5,8,1999-05-08,Villanova,3,2022-10-18,2022,2023,NBA Draft,,,,35,3.1,1.2,0.3,36.4,32.9,66.7,49.1,6.8,-0.1
swordcr01,Craig Sword,True,SG,right,190.5,88.9,1994,1,16,1994-01-16,Mississippi State,1,2021-12-28,2021,2023,NBA Draft,,,,,,,,,,,,,
sykeske01,Keifer Sykes,True,PG,right,182.9,81.6,1993,12,30,1993-12-30,Green Bay,1,2021-12-29,2021,2023,NBA Draft,,,,,,,,,,,,,
tabakza01,Žan Tabak,False,,,,,,,,,,,,,,,,,,,,,,,,,,,
tateja01,Jae'Sean Tate,True,SF,left,193.0,104.3,1995,10,28,1995-10-28,Ohio State,5,2020-12-26,2020,2023,NBA Draft,,,,296,8.3,4.1,2.0,49.3,30.9,70.0,53.8,12.9,10.9
tatumja01,Jayson Tatum,True,SF,right,203.2,95.3,1998,3,3,1998-03-03,Duke,8,2017-10-17,2017,2017,Boston Celtics,1,3,3,585,23.6,7.3,3.8,45.9,37.0,84.0,53.3,20.3,65.5
taylobr01,Brian Taylor,False,,,,,,,,,,,,,,,,,,,,,,,,,,,
taylool01,Ollie Taylor,False,,,,,,,,,,,,,,,,,,,,,,,,,,,
taylote01,Terry Taylor,True,PF,left,195.6,104.3,1999,9,23,1999-09-23,Austin Peay State University,4,2022-01-05,2022,2023,NBA Draft,,,,98,4.6,2.6,0.6,57.9,28.8,68.7,60.7,15.7,3.0
teaguje01,Jeff Teague,True,PG,right,190.5,88.5,1988,6,10,1988-06-10,Wake Forest,,2009-10-28,2009,2009,Atlanta Hawks,1,19,19,,,,,,,,,,
templga01,Garrett Temple,True,SG,right,195.6,88.5,1986,5,8,1986-05-08,LSU,15,2010-02-09,2010,2023,NBA Draft,,,,771,5.9,2.2,1.6,40.0,34.2,74.5,48.8,9.4,16.9
teodomi01,Miloš Teodosić,True,PG,right,195.6,88.9,1987,3,19,1987-03-19,,,2017-10-19,2017,2023,NBA Draft,,,,,,,,,,,,,
terreja01,Jared Terrell,True,SG,right,190.5,103.0,1995,2,10,1995-02-10,Rhode Island,,2018-11-04,2018,2023,NBA Draft,,,,,,,,,,,,,
terrych01,Chuck Terry,False,,,,,,,,,,,,,,,,,,,,,,,,,,,
terryda01,Dalen Terry,True,SG,right,200.7,88.5,2002,7,12,2002-07-12,Arizona,3,2022-10-22,2022,2022,Chicago Bulls,1,18,18,170,3.5,1.6,1.2,44.5,29.8,66.2,50.6,10.3,2.4
terryem01,Emanuel Terry,True,PF,right,205.7,99.8,1996,8,21,1996-08-21,Lincoln Memorial,,2019-01-27,2019,2023,NBA Draft,,,,,,,,,,,,,
terryja01,Jason Terry,False,,,,,,,,,,,,,,,,,,,,,,,,,,,
terryty01,Tyrell Terry,True,PG,right,188.0,72.6,2000,9,28,2000-09-28,Stanford,2,2020-12-25,2020,2020,Dallas Mavericks,2,1,31,,,,,,,,,,
teskejo01,Jon Teske,True,C,right,215.9,120.2,1997,5,4,1997-05-04,Michigan,,2022-01-03,2022,2023,NBA Draft,,,,,,,,,,,,,
thackto01,Tom Thacker,False,,,,,,,,,,,,,,,,,,,,,,,,,,,
theisda01,Daniel Theis,True,C,right,203.2,111.1,1992,4,4,1992-04-04,,8,2017-10-18,2017,2023,NBA Draft,,,,411,7.1,4.7,1.3,53.7,32.6,72.6,58.3,15.4,23.3
thierad01,Adou Thiero,False,,,,,,,,,,,,,,,,,,,,,,,,,,,
thirdda01,David Thirdkill,False,,,,,,,,,,,,,,,,,,,,,,,,,,,
thomabr01,Brodric Thomas,True,SG,right,195.6,83.9,1997,1,28,1997-01-28,Truman State University,2,2020-12-26,2020,2023,NBA Draft,,,,,,,,,,,,,
thomaca02,Cam Thomas,True,SG,right,193.0,95.3,2001,10,13,2001-10-13,LSU,4,2021-10-19,2021,2021,Brooklyn Nets,1,27,27,215,15.1,2.6,2.1,43.9,34.5,86.0,49.9,15.1,5.5
thomais01,Isiah Thomas,False,,,,,,,,,,,,,,,,,,,,,,,,,,,
thomais02,Isaiah Thomas,True,PG,left,175.3,83.9,1989,2,7,1989-02-07,Washington,12,2011-12-26,2011,2011,Sacramento Kings,2,30,60,,,,,,,,,,
thomakh01,Khyri Thomas,True,SG,right,190.5,95.3,1996,5,8,1996-05-08,Creighton,3,2018-11-09,2018,2018,Philadelphia 76ers,2,8,38,,,,,,,,,,
thomala01,Lance Thomas,True,PF,right,203.2,108.9,1988,4,24,1988-04-24,Duke,,2011-12-28,2011,2023,NBA Draft,,,,,,,,,,,,,
thomama01,Malcolm Thomas,False,,,,,,,,,,,,,,,,,,,,,,,,,,,
thomama02,Matt Thomas,True,SG,right,193.0,86.2,1994,8,4,1994-08-04,Iowa State,,2019-10-26,2019,2023,NBA Draft,,,,,,,,,,,,,
thomaro01,Ron Thomas,False,,,,,,,,,,,,,,,,,,,,,,,,,,,
thompam01,Amen Thompson,True,SF,right,200.7,94.8,2003,1,30,2003-01-30,,2,2023-10-25,2023,2023,Houston Rockets,1,4,4,131,11.9,7.4,3.3,54.9,22.1,68.4,56.3,18.5,12.3
thompau01,Ausar Thompson,True,SF,right,200.7,97.5,2003,1,30,2003-01-30,,2,2023-10-25,2023,2023,Detroit Pistons,1,5,5,122,9.4,5.8,2.1,50.9,19.8,62.1,52.6,14.8,5.6
thompbi01,Billy Thompson,False,,,,,,,,,,,,,,,,,,,,,,,,,,,
thompet01,Ethan Thompson,False,,,,,,,,,,,,,,,,,,,,,,,,,,,
thompjo01,John Thompson,False,,,,,,,,,,,,,,,,,,,,,,,,,,,
thompkl01,Klay Thompson,True,SG,right,195.6,97.5,1990,2,8,1990-02-08,Washington State,12,2011-12-25,2011,2011,Golden State Warriors,1,11,11,865,19.1,3.5,2.3,45.1,41.1,86.0,54.9,15.8,57.1
thompmy01,Mychal Thompson,False,,,,,,,,,,,,,,,,,,,,,,,,,,,
thomptr01,Tristan Thompson,True,C,both,205.7,115.2,1991,3,13,1991-03-13,Texas,14,2011-12-26,2011,2011,Cleveland Cavaliers,1,4,4,819,8.3,7.8,1.0,52.0,23.8,59.2,52.1,15.3,49.3
thorjt01,JT Thor,True,PF,left,208.3,93.0,2002,8,26,2002-08-26,Auburn,4,2021-10-22,2021,2021,Detroit Pistons,2,7,37,185,3.2,2.1,0.5,41.9,31.7,65.1,49.3,8.4,1.2
thornsi01,Sindarius Thornwell,True,SG,right,193.0,97.5,1994,11,15,1994-11-15,South Carolina,,2017-10-19,2017,2017,Milwaukee Bucks,2,18,48,,,,,,,,,,
thorpot01,Otis Thorpe,False,,,,,,,,,,,,,,,,,,,,,,,,,,,
thybuma01,Matisse Thybulle,True,SG,right,195.6,91.2,1997,3,4,1997-03-04,Washington,6,2019-10-23,2019,2019,Boston Celtics,1,20,20,347,4.9,2.0,1.1,43.8,34.3,66.1,54.0,10.8,14.1
tilliki02,Killian Tillie,True,C,right,205.7,99.8,1998,3,5,1998-03-05,Gonzaga,2,2021-02-28,2021,2023,NBA Draft,,,,,,,,,,,,,
tillmxa01,Xavier Tillman Sr.,True,C,right,203.2,111.1,1999,1,12,1999-01-12,Michigan State,5,2021-01-03,2021,2020,Sacramento Kings,2,5,35,260,5.3,3.8,1.2,50.9,25.2,57.7,53.6,14.2,10.0
timmedr01,Drew Timme,True,PF,right,208.3,106.6,2000,9,9,2000-09-09,Gonzaga,1,2025-03-28,2025,2023,NBA Draft,,,,9,12.1,7.2,2.2,44.1,25.7,62.5,48.5,11.0,0.0
tinglja01,Jack Tingle,False,,,,,,,,,,,,,,,,,,,,,,,,,,,
toddis01,Isaiah Todd,True,PF,right,208.3,99.8,2001,10,17,2001-10-17,,2,2021-10-25,2021,2021,Milwaukee Bucks,2,1,31,,,,,,,,,,
tolbera01,Ray Tolbert,False,,,,,,,,,,,,,,,,,,,,,,,,,,,
tollian01,Anthony Tolliver,True,PF,right,203.2,108.9,1985,6,1,1985-06-01,Creighton,,2008-11-07,2008,2023,NBA Draft,,,,,,,,,,,,,
tomlina01,Nae'Qwan Tomlin,True,PF,right,208.3,93.0,2000,12,10,2000-12-10,Monroe Community College,1,2025-02-20,2025,2023,NBA Draft,,,,5,7.2,4.2,0.4,40.6,20.0,72.7,43.8,14.4,0.1
toneyan01,Andrew Toney,False,,,,,,,,,,,,,,,,,,,,,,,,,,,
tonjejo01,John Tonje,False,,,,,,,,,,,,,,,,,,,,,,,,,,,
topicni01,Nikola Topić,False,,,,,,,,,,,,,,,,,,,,,,,,,,,
toppija01,Jacob Toppin,True,SF,right,205.7,93.0,2000,5,8,2000-05-08,Rhode Island,2,2023-12-05,2023,2023,NBA Draft,,,,26,1.4,0.8,0.3,45.2,42.9,100.0,54.8,10.9,0.2
toppiob01,Obi Toppin,True,PF,right,205.7,99.8,1998,3,4,1998-03-04,Dayton,5,2020-12-23,2020,2020,New York Knicks,1,8,8,362,8.5,3.4,1.2,52.3,35.5,77.1,60.5,16.2,16.6
toscaju01,Juan Toscano-Anderson,True,SF,right,198.1,94.8,1993,4,10,1993-04-10,Marquette,5,2020-02-08,2020,2023,NBA Draft,,,,,,,,,,,,,
toupaax01,Axel Toupane,True,SF,right,200.7,89.4,1992,7,23,1992-07-23,,,2016-03-04,2016,2023,NBA Draft,,,,,,,,,,,,,
townska01,Karl-Anthony Towns,True,C,right,213.4,112.5,1995,11,15,1995-11-15,Kentucky,10,2015-10-28,2015,2015,Minnesota Timberwolves,1,1,1,645,23.1,11.1,3.2,52.4,40.0,83.7,57.7,23.8,85.1
traorno01,Nolan Traoré,False,,,,,,,,,,,,,,,,,,,,,,,,,,,
trappjo01,John Trapp,False,,,,,,,,,,,,,,,,,,,,,,,,,,,
travelu01,Luke Travers,True,SG,right,203.2,90.3,2001,9,3,2001-09-03,,1,2024-11-01,2024,2022,Cleveland Cavaliers,2,26,56,12,1.0,1.7,0.7,25.0,0.0,100.0,25.0,1.9,-0.1
trentga02,Gary Trent Jr.,True,SG,right,195.6,94.8,1999,1,18,1999-01-18,Duke,7,2018-11-04,2018,2018,Sacramento Kings,2,7,37,415,13.7,2.4,1.4,42.3,39.1,82.3,52.9,13.1,19.1
trieral01,Allonzo Trier,True,SG,right,193.0,90.7,1996,1,17,1996-01-17,Arizona,,2018-10-17,2018,2023,NBA Draft,,,,,,,,,,,,,
tshieos01,Oscar Tshiebwe,True,PF,right,205.7,117.9,1999,11,27,1999-11-27,West Virginia,2,2023-12-09,2023,2023,NBA Draft,,,,22,6.0,6.3,0.5,57.8,,74.4,57.8,21.5,1.2
tsiorlo01,Lou Tsioropoulos,False,,,,,,,,,,,,,,,,,,,,,,,,,,,
tuckeji01,Jim Tucker,False,,,,,,,,,,,,,,,,,,,,,,,,,,,
tuckepj01,P.J. Tucker,True,SF,right,195.6,111.1,1985,5,5,1985-05-05,Texas,14,2006-11-01,2006,2006,Toronto Raptors,2,5,35,886,6.6,5.4,1.4,42.5,36.6,75.0,51.2,9.9,43.3
tuckera01,Rayjon Tucker,True,SG,right,190.5,94.8,1997,9,24,1997-09-24,Florida Gulf Coast,3,2019-12-30,2019,2023,NBA Draft,,,,,,,,,,,,,
tucketr01,Trent Tucker,False,,,,,,,,,,,,,,,,,,,,,,,,,,,
turiaro01,Ronny Turiaf,False,,,,,,,,,,,,,,,,,,,,,,,,,,,
turneev01,Evan Turner,True,SF,right,198.1,99.8,1988,10,27,1988-10-27,Ohio State,,2010-10-27,2010,2010,Philadelphia 76ers,1,2,2,,,,,,,,,,
turnehe01,Herschell Turner,False,,,,,,,,,,,,,,,,,,,,,,,,,,,
turnemy01,Myles Turner,True,C,right,210.8,113.4,1996,3,24,1996-03-24,Texas,10,2015-10-29,2015,2015,Indiana Pacers,1,11,11,642,14.1,6.8,1.3,49.9,36.2,77.1,55.6,17.3,48.7
twardda01,Dave Twardzik,False,,,,,,,,,,,,,,,,,,,,,,,,,,,
tysonhu01,Hunter Tyson,True,PF,right,203.2,97.5,2000,6,13,2000-06-13,Clemson,2,2023-10-29,2023,2023,Oklahoma City Thunder,2,7,37,69,2.2,1.3,0.3,37.9,30.7,75.0,47.5,8.6,0.4
tysonja01,Jaylon Tyson,True,SG,right,198.1,97.5,2002,12,2,2002-12-02,Texas,1,2024-10-23,2024,2024,Cleveland Cavaliers,1,20,20,47,3.6,2.0,0.9,43.0,34.5,79.2,49.7,11.1,0.8
udohek01,Ekpe Udoh,True,C,right,208.3,111.1,1987,5,20,1987-05-20,Michigan,,2010-12-10,2010,2010,Golden State Warriors,1,6,6,,,,,,,,,,
udrihbe01,Beno Udrih,False,,,,,,,,,,,,,,,,,,,,,,,,,,,
ulisty01,Tyler Ulis,True,PG,right,177.8,72.6,1996,1,5,1996-01-05,Kentucky,,2016-10-26,2016,2016,Phoenix Suns,2,4,34,,,,,,,,,,
umudest01,Stanley Umude,True,SG,right,198.1,95.3,1999,4,12,1999-04-12,South Dakota,3,2023-02-15,2023,2023,NBA Draft,,,,47,3.1,1.4,0.3,37.8,39.1,86.8,50.0,9.9,0.4
unselwe01,Wes Unseld,False,,,,,,,,,,,,,,,,,,,,,,,,,,,
uthofja01,Jarrod Uthoff,True,PF,right,205.7,100.2,1993,5,19,1993-05-19,Iowa,,2017-03-10,2017,2023,NBA Draft,,,,,,,,,,,,,
vacenst01,Steve Vacendak,False,,,,,,,,,,,,,,,,,,,,,,,,,,,
valanjo01,Jonas Valančiūnas,True,C,right,210.8,120.2,1992,5,6,1992-05-06,,13,2012-10-31,2012,2011,Toronto Raptors,1,5,5,937,13.1,9.3,1.4,56.0,34.1,79.4,57.4,20.5,84.6
valende01,Denzel Valentine,True,SG,right,193.0,99.8,1993,11,16,1993-11-16,Michigan State,5,2016-10-29,2016,2016,Chicago Bulls,1,14,14,,,,,,,,,,
vandeja01,Jarred Vanderbilt,True,PF,left,203.2,97.1,1999,4,3,1999-04-03,Kentucky,7,2019-01-25,2019,2018,Orlando Magic,2,11,41,309,5.9,6.2,1.4,56.0,28.8,63.8,57.9,14.8,16.8
vanvlfr01,Fred VanVleet,True,PG,right,182.9,89.4,1994,2,25,1994-02-25,Wichita State,9,2016-11-09,2016,2023,NBA Draft,,,,550,14.9,3.4,5.7,40.1,37.1,86.2,50.2,15.8,46.1
varejan01,Anderson Varejão,True,C,right,210.8,123.8,1982,9,28,1982-09-28,,,2004-11-04,2004,2004,Orlando Magic,2,1,30,,,,,,,,,,
varnaja01,Jarvis Varnado,False,,,,,,,,,,,,,,,,,,,,,,,,,,,
vassede01,Devin Vassell,True,SG,right,195.6,90.7,2000,8,23,2000-08-23,Florida State,5,2020-12-23,2020,2020,San Antonio Spurs,1,11,11,303,14.1,3.8,2.6,44.4,36.9,80.6,53.0,14.1,11.9
vaughch01,Chico Vaughn,False,,,,,,,,,,,,,,,,,,,,,,,,,,,
vaughda02,David Vaughn,False,,,,,,,,,,,,,,,,,,,,,,,,,,,
vaughja01,Jacque Vaughn,False,,,,,,,,,,,,,,,,,,,,,,,,,,,
vezenal01,Sasha Vezenkov,True,PF,left,205.7,102.1,1995,8,6,1995-08-06,,1,2023-10-25,2023,2017,Brooklyn Nets,2,27,57,,,,,,,,,,
vildolu01,Luca Vildoza,True,PG,,190.5,86.2,1995,8,11,1995-08-11,,1,2022-04-22,2022,2023,NBA Draft,,,,,,,,,,,,,
vincega01,Gabe Vincent,True,PG,right,190.5,88.5,1996,6,14,1996-06-14,UC Santa Barbara,6,2020-01-27,2020,2023,NBA Draft,,,,278,7.2,1.6,2.0,39.6,33.7,83.1,50.6,8.5,5.0
vincesa01,Sam Vincent,False,,,,,,,,,,,,,,,,,,,,,,,,,,,
vonleno01,Noah Vonleh,True,PF,right,208.3,116.6,1995,8,24,1995-08-24,Indiana,8,2014-11-15,2014,2014,Charlotte Hornets,1,9,9,,,,,,,,,,
vucevni01,Nikola Vučević,True,C,right,208.3,117.9,1990,10,24,1990-10-24,USC,14,2011-12-28,2011,2011,Philadelphia 76ers,1,16,16,972,17.2,10.5,2.9,49.7,34.8,77.0,52.9,20.1,79.9
vujacsa01,Sasha Vujačić,False,,,,,,,,,,,,,,,,,,,,,,,,,,,
vukcetr01,Tristan Vukcevic,True,C,right,208.3,101.2,2003,3,11,2003-03-11,,2,2024-03-23,2024,2023,Washington Wizards,2,12,42,45,9.2,3.7,1.2,48.2,34.8,77.5,56.0,16.9,0.9
wadede01,Dean Wade,True,PF,right,205.7,103.4,1996,11,20,1996-11-20,Kansas State,6,2019-11-18,2019,2023,NBA Draft,,,,283,5.2,3.5,1.0,42.8,36.8,67.8,56.6,10.2,11.7
wadedw01,Dwyane Wade,True,SG,right,193.0,99.8,1982,1,17,1982-01-17,Marquette,,2003-10-28,2003,2003,Miami Heat,1,5,5,,,,,,,,,,
wagnefr01,Franz Wagner,True,SF,right,208.3,102.1,2001,8,27,2001-08-27,Michigan,4,2021-10-20,2021,2021,Orlando Magic,1,8,8,291,19.1,4.8,3.7,47.4,32.2,85.6,52.3,16.9,21.4
wagnemi01,Milt Wagner,False,,,,,,,,,,,,,,,,,,,,,,,,,,,
wagnemo01,Moritz Wagner,True,C,right,210.8,111.1,1997,4,26,1997-04-26,Michigan,7,2018-11-17,2018,2018,Los Angeles Lakers,1,25,25,363,9.2,4.0,1.2,52.5,32.4,80.7,58.3,17.3,16.9
wainris01,Ish Wainright,True,SF,right,198.1,113.4,1994,9,12,1994-09-12,Baylor,3,2021-11-19,2021,2023,NBA Draft,,,,,,,,,,,,,
waitedi01,Dion Waiters,True,SG,right,190.5,97.5,1991,12,10,1991-12-10,Syracuse,,2012-10-30,2012,2012,Cleveland Cavaliers,1,4,4,,,,,,,,,,
walkean02,Antoine Walker,False,,,,,,,,,,,,,,,,,,,,,,,,,,,
walkech01,Chet Walker,False,,,,,,,,,,,,,,,,,,,,,,,,,,,
walkeda01,Darrell Walker,False,,,,,,,,,,,,,,,,,,,,,,,,,,,
walkeja01,Jabari Walker,True,SF,right,205.7,97.5,2002,7,30,2002-07-30,Colorado,3,2022-10-24,2022,2022,Portland Trail Blazers,2,27,57,188,6.2,4.5,0.8,46.5,31.8,73.9,51.0,12.8,5.1
walkeja02,Jarace Walker,True,PF,right,203.2,108.9,2003,9,4,2003-09-04,Houston,2,2023-10-25,2023,2023,Washington Wizards,1,8,8,108,5.4,2.7,1.4,45.7,40.4,69.2,56.1,11.9,2.0
walkeke02,Kemba Walker,True,PG,right,182.9,83.5,1990,5,8,1990-05-08,UConn,,2011-12-26,2011,2011,Charlotte Bobcats,1,9,9,,,,,,,,,,
walkelo01,Lonnie Walker IV,True,SG,right,193.0,92.5,1998,12,14,1998-12-14,Miami (FL),7,2019-01-03,2019,2018,San Antonio Spurs,1,18,18,342,10.0,2.3,1.5,42.2,35.6,79.5,50.4,11.6,4.9
walkemj01,M.J. Walker,True,SG,right,195.6,96.6,1998,3,28,1998-03-28,Florida State,1,2021-12-31,2021,2023,NBA Draft,,,,,,,,,,,,,
walkeph01,Phil Walker,False,,,,,,,,,,,,,,,,,,,,,,,,,,,
walkesa01,Samaki Walker,False,,,,,,,,,,,,,,,,,,,,,,,,,,,
walkewa01,Wally Walker,False,,,,,,,,,,,,,,,,,,,,,,,,,,,
wallabe01,Ben Wallace,False,,,,,,,,,,,,,,,,,,,,,,,,,,,
wallaca01,Cason Wallace,True,SG,right,193.0,93.0,2003,11,7,2003-11-07,Kentucky,2,2023-10-25,2023,2023,Dallas Mavericks,1,10,10,150,7.5,2.8,2.0,48.2,38.9,79.7,57.5,12.1,9.2
wallake01,Keaton Wallace,True,PG,left,190.5,88.5,1999,2,26,1999-02-26,Texas-San Antonio,1,2024-10-27,2024,2023,NBA Draft,,,,31,5.4,1.6,2.6,40.1,32.9,100.0,48.5,10.1,0.4
wallara01,Rasheed Wallace,False,,,,,,,,,,,,,,,,,,,,,,,,,,,
wallaty01,Tyrone Wallace,True,SG,left,195.6,89.8,1994,6,10,1994-06-10,California,,2018-01-06,2018,2016,Utah Jazz,2,30,60,,,,,,,,,,
walljo01,John Wall,True,PG,right,190.5,95.3,1990,9,6,1990-09-06,Kentucky,,2010-10-28,2010,2010,Washington Wizards,1,1,1,,,,,,,,,,
walshjo01,Jordan Walsh,True,SF,right,200.7,93.0,2004,3,3,2004-03-03,Arkansas,2,2024-01-17,2024,2023,Sacramento Kings,2,8,38,61,1.6,1.5,0.4,36.7,26.6,57.1,45.4,7.2,0.5
walshma01,Matt Walsh,False,,,,,,,,,,,,,,,,,,,,,,,,,,,
walteja01,Ja'Kobe Walter,True,SG,right,195.6,81.6,2004,9,4,2004-09-04,Baylor,1,2024-11-01,2024,2024,Toronto Raptors,1,19,19,52,8.6,3.1,1.6,40.5,34.9,79.5,48.7,10.8,1.2
walthpa01,Paul Walther,False,,,,,,,,,,,,,,,,,,,,,,,,,,,
waltobi01,Bill Walton,False,,,,,,,,,,,,,,,,,,,,,,,,,,,
waltode01,Derrick Walton,True,PG,right,182.9,85.7,1995,4,3,1995-04-03,Michigan,,2017-11-06,2017,2023,NBA Draft,,,,,,,,,,,,,
waltolu01,Luke Walton,False,,,,,,,,,,,,,,,,,,,,,,,,,,,
wanambr01,Brad Wanamaker,True,PG,right,190.5,95.3,1989,7,25,1989-07-25,Pitt,,2018-10-16,2018,2023,NBA Draft,,,,,,,,,,,,,
wanzebo01,Bobby Wanzer,False,,,,,,,,,,,,,,,,,,,,,,,,,,,
wardge01,Gerry Ward,False,,,,,,,,,,,,,,,,,,,,,,,,,,,
wareke01,Kel'el Ware,True,C,right,213.4,104.3,2004,4,20,2004-04-20,Oregon,1,2024-10-23,2024,2024,Miami Heat,1,15,15,64,9.3,7.4,0.9,55.4,31.5,68.7,59.2,17.4,4.1
warrejo01,John Warren,False,,,,,,,,,,,,,,,,,,,,,,,,,,,
warretj01,T.J. Warren,True,SF,right,203.2,99.8,1993,9,5,1993-09-05,NC State,9,2014-11-09,2014,2014,Phoenix Suns,1,14,14,,,,,,,,,,
washbju01,Julian Washburn,True,SF,right,203.2,95.3,1991,12,18,1991-12-18,Texas-El Paso,,2019-01-21,2019,2023,NBA Draft,,,,,,,,,,,,,
washidu02,Duane Washington Jr.,True,SG,right,190.5,95.3,2000,3,24,2000-03-24,Ohio State,2,2021-10-29,2021,2023,NBA Draft,,,,,,,,,,,,,
washipj01,P.J. Washington,True,PF,right,200.7,104.3,1998,8,23,1998-08-23,Kentucky,6,2019-10-23,2019,2019,Charlotte Hornets,1,12,12,390,13.1,5.9,2.3,44.8,35.8,70.9,52.8,13.0,14.8
washitr01,Trooper Washington,False,,,,,,,,,,,,,,,,,,,,,,,,,,,
washity02,TyTy Washington Jr.,True,PG,right,190.5,89.4,2001,11,15,2001-11-15,Kentucky,3,2022-11-14,2022,2022,Memphis Grizzlies,1,29,29,58,3.3,1.1,1.2,34.7,23.4,54.2,40.2,7.0,-0.4
watanyu01,Yuta Watanabe,True,SF,left,205.7,97.5,1994,10,13,1994-10-13,George Washington,6,2018-10-27,2018,2023,NBA Draft,,,,,,,,,,,,,
waterli01,Lindy Waters III,True,SG,right,198.1,97.5,1997,7,28,1997-07-28,Oklahoma State,4,2022-02-11,2022,2023,NBA Draft,,,,156,5.2,1.9,0.8,39.9,36.6,78.9,55.0,11.4,3.8
watertr01,Tremont Waters,True,PG,right,177.8,79.4,1998,1,10,1998-01-10,LSU,3,2019-11-25,2019,2019,Boston Celtics,2,21,51,,,,,,,,,,
watfotr01,Trendon Watford,True,PF,right,205.7,108.9,2000,11,9,2000-11-09,LSU,4,2021-11-14,2021,2023,NBA Draft,,,,217,7.9,3.6,1.9,52.0,34.9,75.8,55.6,14.4,6.4
watkija01,Jamir Watkins,False,,,,,,,,,,,,,,,,,,,,,,,,,,,
watsoan02,Anton Watson,True,SF,right,203.2,102.1,2000,10,6,2000-10-06,Gonzaga,1,2025-03-10,2025,2024,Boston Celtics,2,24,54,9,0.9,0.3,0.2,44.4,0.0,,44.4,5.9,0.0
watsopa01,Paul Watson,True,SF,right,198.1,95.3,1994,12,30,1994-12-30,Fresno State,,2020-01-08,2020,2023,NBA Draft,,,,,,,,,,,,,
watsope01,Peyton Watson,True,SF,right,203.2,90.7,2002,9,11,2002-09-11,UCLA,3,2022-10-19,2022,2022,Oklahoma City Thunder,1,30,30,171,6.8,3.1,1.1,47.2,32.8,67.3,52.5,11.6,5.3
wattsro01,Ron Watts,False,,,,,,,,,,,,,,,,,,,,,,,,,,,
weathqu01,Quinndary Weatherspoon,True,SG,right,190.5,93.0,1996,9,10,1996-09-10,Mississippi State,3,2020-02-08,2020,2019,San Antonio Spurs,2,19,49,,,,,,,,,,
webbje01,Jeff Webb,False,,,,,,,,,,,,,,,,,,,,,,,,,,,
weberbr01,Briante Weber,False,,,,,,,,,,,,,,,,,,,,,,,,,,,
wedmasc01,Scott Wedman,False,,,,,,,,,,,,,,,,,,,,,,,,,,,
weissbo01,Bob Weiss,False,,,,,,,,,,,,,,,,,,,,,,,,,,,
weitzri01,Rick Weitzman,False,,,,,,,,,,,,,,,,,,,,,,,,,,,
wellsja01,Jaylen Wells,True,SG,right,200.7,93.4,2003,8,26,2003-08-26,Sonoma State University,1,2024-10-23,2024,2024,Memphis Grizzlies,2,9,39,79,10.4,3.4,1.7,42.5,35.2,82.2,52.7,10.5,3.5
welshth01,Thomas Welsh,True,C,right,213.4,115.7,1996,2,3,1996-02-03,UCLA,1,2018-10-17,2018,2018,Denver Nuggets,2,28,58,,,,,,,,,,
wembavi01,Victor Wembanyama,True,C,right,221.0,106.6,2004,1,4,2004-01-04,,2,2023-10-25,2023,2023,San Antonio Spurs,1,1,1,117,22.5,10.8,3.8,46.9,33.9,80.9,53.5,23.5,7.5
wennibi01,Bill Wennington,False,,,,,,,,,,,,,,,,,,,,,,,,,,,
weslebl01,Blake Wesley,True,SG,right,195.6,83.9,2003,3,16,2003-03-16,Notre Dame,3,2022-10-28,2022,2022,San Antonio Spurs,1,25,25,156,4.3,1.5,2.4,40.9,29.7,63.4,44.9,8.1,-0.5
westbde01,Dexter Westbrook,False,,,,,,,,,,,,,,,,,,,,,,,,,,,
westbru01,Russell Westbrook,True,PG,right,193.0,90.7,1988,11,12,1988-11-12,UCLA,17,2008-10-29,2008,2008,Seattle SuperSonics,1,4,4,1237,21.2,7.0,8.0,43.9,30.5,77.2,47.1,21.6,112.5
westda01,David West,False,,,,,,,,,,,,,,,,,,,,,,,,,,,
westje01,Jerry West,False,,,,,,,,,,,,,,,,,,,,,,,,,,,
westppa01,Paul Westphal,False,,,,,,,,,,,,,,,,,,,,,,,,,,,
wheelph02,Phillip Wheeler,True,PF,right,205.7,95.7,2002,4,23,2002-04-23,,1,2025-03-26,2025,2023,NBA Draft,,,,5,1.6,1.6,0.4,14.3,0.0,100.0,14.3,-2.3,-0.3
whiteco01,Coby White,True,PG,right,195.6,88.5,2000,2,16,2000-02-16,UNC,6,2019-10-23,2019,2019,Chicago Bulls,1,7,7,422,15.2,3.6,3.8,43.3,36.9,86.5,52.7,13.4,17.9
whiteda01,Dariq Whitehead,True,SF,right,200.7,99.8,2004,8,1,2004-08-01,Duke,2,2023-11-25,2023,2023,Brooklyn Nets,1,22,22,22,5.3,1.5,0.7,39.6,42.9,57.1,55.9,9.0,0.0
whitede01,Derrick White,True,SG,right,193.0,86.2,1994,7,2,1994-07-02,Colorado-Colorado Springs,8,2017-10-18,2017,2017,San Antonio Spurs,1,29,29,494,13.0,3.7,4.2,44.8,36.9,85.2,54.4,15.8,39.7
whiteha01,Hassan Whiteside,True,C,right,213.4,120.2,1989,6,13,1989-06-13,Marshall,,2010-10-27,2010,2010,Sacramento Kings,2,3,33,,,,,,,,,,
whiteja02,James White,False,,,,,,,,,,,,,,,,,,,,,,,,,,,
whiteja03,Jack White,True,SF,right,200.7,102.1,1997,8,5,1997-08-05,Duke,2,2022-10-26,2022,2023,NBA Draft,,,,,,,,,,,,,
whitejo01,Jo Jo White,False,,,,,,,,,,,,,,,,,,,,,,,,,,,
whiteok01,Okaro White,True,PF,right,203.2,93.0,1992,8,13,1992-08-13,Florida State,3,2017-01-19,2017,2023,NBA Draft,,,,,,,,,,,,,
whitmca01,Cam Whitmore,True,SF,right,200.7,105.2,2004,7,8,2004-07-08,Villanova,2,2023-10-25,2023,2023,Houston Rockets,1,20,20,98,10.8,3.4,0.8,44.9,35.7,70.7,53.2,16.1,3.3
whittgr01,Greg Whittington,True,PF,right,203.2,95.3,1993,2,7,1993-02-07,Georgetown,,2021-02-27,2021,2023,NBA Draft,,,,,,,,,,,,,
wieskjo01,Joe Wieskamp,True,SF,right,198.1,96.2,1999,8,23,1999-08-23,Iowa,2,2021-11-10,2021,2021,San Antonio Spurs,2,11,41,,,,,,,,,,
wiggiaa01,Aaron Wiggins,True,SG,right,198.1,90.7,1999,1,2,1999-01-02,Maryland,4,2021-11-14,2021,2021,Oklahoma City Thunder,2,25,55,274,8.6,3.2,1.3,50.4,38.9,79.4,58.2,13.8,12.9
wiggian01,Andrew Wiggins,True,SF,right,200.7,89.4,1995,2,23,1995-02-23,Kansas,11,2014-10-29,2014,2014,Cleveland Cavaliers,1,1,1,766,18.5,4.5,2.3,44.9,35.6,72.5,49.8,14.7,33.1
wiggili01,Lindell Wigginton,True,PG,right,188.0,85.7,1998,3,28,1998-03-28,Iowa State,3,2022-01-13,2022,2023,NBA Draft,,,,,,,,,,,,,
wilfowi01,Win Wilfong,False,,,,,,,,,,,,,,,,,,,,,,,,,,,
wilkeja01,Jamaal Wilkes,False,,,,,,,,,,,,,,,,,,,,,,,,,,,
wilksmi01,Mike Wilks,False,,,,,,,,,,,,,,,,,,,,,,,,,,,
willial03,Alan Williams,True,PF,right,203.2,120.2,1993,1,28,1993-01-28,UC Santa Barbara,,2016-03-17,2016,2023,NBA Draft,,,,,,,,,,,,,
willial06,Alondes Williams,True,SG,right,193.0,95.3,1999,6,19,1999-06-19,Triton College,3,2022-12-10,2022,2023,NBA Draft,,,,9,1.1,0.2,0.1,40.0,20.0,100.0,45.0,-0.7,-0.1
william01,Amari Williams,False,,,,,,,,,,,,,,,,,,,,,,,,,,,
williar01,Art Williams,False,,,,,,,,,,,,,,,,,,,,,,,,,,,
willibr01,Brandon Williams,False,,,,,,,,,,,,,,,,,,,,,,,,,,,
willibr03,Brandon Williams,True,PG,right,185.4,86.2,1999,11,22,1999-11-22,Arizona,3,2021-12-27,2021,2023,NBA Draft,,,,74,8.6,2.0,2.5,42.6,32.0,74.4,48.1,13.7,0.7
willibr05,Brice Williams,False,,,,,,,,,,,,,,,,,,,,,,,,,,,
willich01,Charlie Williams,False,,,,,,,,,,,,,,,,,,,,,,,,,,,
willicj01,C.J. Williams,True,SG,right,195.6,102.5,1990,2,6,1990-02-06,NC State,,2017-11-10,2017,2023,NBA Draft,,,,,,,,,,,,,
willico01,Corey Williams,False,,,,,,,,,,,,,,,,,,,,,,,,,,,
willico02,Corliss Williamson,False,,,,,,,,,,,,,,,,,,,,,,,,,,,
willico04,Cody Williams,True,SG,right,200.7,86.2,2004,11,20,2004-11-20,Colorado,1,2024-10-23,2024,2024,Utah Jazz,1,10,10,50,4.6,2.3,1.2,32.3,25.9,72.5,39.1,3.7,-1.2
willido02,Donovan Williams,True,SG,right,198.1,86.2,2001,9,6,2001-09-06,Texas,1,2023-04-04,2023,2023,NBA Draft,,,,,,,,,,,,,
willier01,Eric Williams,False,,,,,,,,,,,,,,,,,,,,,,,,,,,
willigr01,Grant Williams,True,PF,right,198.1,107.0,1998,11,30,1998-11-30,Tennessee,6,2019-10-23,2019,2019,Boston Celtics,1,22,22,380,7.2,3.7,1.5,45.2,37.7,77.4,55.8,10.0,15.5
willigu01,Gus Williams,False,,,,,,,,,,,,,,,,,,,,,,,,,,,
willija02,Jason Williams,False,,,,,,,,,,,,,,,,,,,,,,,,,,,
willija06,Jalen Williams,True,SG,right,198.1,99.8,2001,4,14,2001-04-14,Santa Clara,3,2022-10-19,2022,2022,Oklahoma City Thunder,1,12,12,215,18.1,4.6,4.3,51.3,38.2,80.3,56.3,18.3,20.7
willija07,Jaylin Williams,True,C,right,203.2,113.4,2002,6,29,2002-06-29,Arkansas,3,2022-10-23,2022,2022,Oklahoma City Thunder,2,4,34,165,5.1,4.5,1.9,43.0,39.0,75.2,54.8,13.3,7.6
willije02,Jeenathan Williams,True,SG,left,195.6,93.0,1999,2,12,1999-02-12,Buffalo,3,2023-04-02,2023,2023,NBA Draft,,,,47,3.9,1.1,0.6,51.7,28.2,58.3,55.3,13.0,0.6
willijo01,John Williamson,False,,,,,,,,,,,,,,,,,,,,,,,,,,,
willijo04,Johnathan Williams,True,PF,left,205.7,103.4,1995,5,22,1995-05-22,Missouri,,2018-10-22,2018,2023,NBA Draft,,,,,,,,,,,,,
willike02,Kevin Willis,False,,,,,,,,,,,,,,,,,,,,,,,,,,,
willike04,Kenrich Williams,True,PF,right,200.7,95.3,1994,12,2,1994-12-02,TCU,7,2018-10-17,2018,2023,NBA Draft,,,,391,6.4,4.1,1.8,47.0,36.5,54.9,55.1,12.3,16.1
willilo02,Lou Williams,True,PG,right,188.0,79.4,1986,10,27,1986-10-27,,,2005-11-02,2005,2005,Philadelphia 76ers,2,15,45,,,,,,,,,,
willima01,Mo Williams,False,,,,,,,,,,,,,,,,,,,,,,,,,,,
willima02,Marvin Williams,True,PF,right,203.2,107.5,1986,6,19,1986-06-19,UNC,,2005-11-02,2005,2005,Atlanta Hawks,1,2,2,,,,,,,,,,
willima07,Mark Williams,True,C,right,213.4,109.3,2001,12,16,2001-12-16,Duke,3,2022-10-19,2022,2022,Charlotte Hornets,1,15,15,106,12.3,8.8,1.4,62.2,0.0,75.3,62.2,22.3,9.7
willima11,Malik Williams,True,C,right,210.8,113.4,1998,8,26,1998-08-26,Louisville,1,2024-04-03,2024,2023,NBA Draft,,,,,,,,,,,,,
willimi02,Micheal Williams,False,,,,,,,,,,,,,,,,,,,,,,,,,,,
willini01,Nigel Williams-Goss,True,PG,right,188.0,86.2,1994,9,16,1994-09-16,Gonzaga,,2019-10-25,2019,2017,Utah Jazz,2,25,55,,,,,,,,,,
willipa01,Patrick Williams,True,PF,right,200.7,97.5,2001,8,26,2001-08-26,Florida State,5,2020-12-23,2020,2020,Chicago Bulls,1,4,4,276,9.6,4.1,1.5,45.2,39.2,76.9,53.0,10.6,8.4
williro04,Robert Williams,True,C,right,205.7,107.5,1997,10,17,1997-10-17,Texas A&M,7,2018-10-22,2018,2018,Boston Celtics,1,27,27,235,7.2,6.8,1.4,72.3,14.3,67.4,72.3,22.0,23.9
willisc01,Scott Williams,False,,,,,,,,,,,,,,,,,,,,,,,,,,,
willisl01,Sly Williams,False,,,,,,,,,,,,,,,,,,,,,,,,,,,
willitr02,Troy Williams,True,SF,right,200.7,98.9,1994,12,30,1994-12-30,Indiana,,2016-10-29,2016,2023,NBA Draft,,,,,,,,,,,,,
willivi01,Vince Williams Jr.,True,SG,left,193.0,93.0,2000,8,30,2000-08-30,VCU,3,2022-10-22,2022,2022,Memphis Grizzlies,2,17,47,94,7.8,4.3,2.5,42.3,32.8,80.1,51.6,11.5,3.1
willizi01,Zion Williamson,True,PF,left,198.1,128.8,2000,7,6,2000-07-06,Duke,5,2020-01-22,2020,2019,New Orleans Pelicans,1,1,1,214,24.7,6.6,4.3,58.9,32.7,68.9,59.3,25.1,24.2
willizi02,Ziaire Williams,True,SF,right,205.7,97.5,2001,9,12,2001-09-12,Stanford,4,2021-10-20,2021,2021,New Orleans Pelicans,1,10,10,213,8.3,3.2,1.2,42.1,31.6,81.1,50.7,10.1,4.7
wilsodj01,D.J. Wilson,True,PF,right,208.3,104.8,1996,2,19,1996-02-19,Michigan,6,2017-10-20,2017,2017,Milwaukee Bucks,1,17,17,,,,,,,,,,
wilsoja03,Jalen Wilson,True,PF,right,203.2,102.1,2000,11,4,2000-11-04,Kansas,2,2023-11-01,2023,2023,Brooklyn Nets,2,21,51,122,7.9,3.3,1.6,40.3,33.5,82.0,49.4,9.8,3.0
windldy01,Dylan Windler,True,SF,left,198.1,88.9,1996,9,22,1996-09-22,Belmont,4,2020-12-23,2020,2019,Cleveland Cavaliers,1,26,26,,,,,,,,,,
wingoha01,Harthorne Wingo,False,,,,,,,,,,,,,,,,,,,,,,,,,,,
winklma01,Marv Winkler,False,,,,,,,,,,,,,,,,,,,,,,,,,,,
winslju01,Justise Winslow,True,PF,left,198.1,100.7,1996,3,26,1996-03-26,Duke,8,2015-10-28,2015,2015,Miami Heat,1,10,10,,,,,,,,,,
winstca01,Cassius Winston,True,PG,right,185.4,83.9,1998,2,28,1998-02-28,Michigan State,2,2021-01-11,2021,2020,Oklahoma City Thunder,2,23,53,,,,,,,,,,
wisemja01,James Wiseman,True,C,left,213.4,108.9,2001,3,31,2001-03-31,Memphis,4,2020-12-22,2020,2020,Golden State Warriors,1,2,2,148,9.1,5.6,0.7,56.0,26.2,68.3,56.8,14.6,4.3
wisewi01,Willie Wise,False,,,,,,,,,,,,,,,,,,,,,,,,,,,
wolfda01,Danny Wolf,False,,,,,,,,,,,,,,,,,,,,,,,,,,,
wongis01,Isaiah Wong,True,SG,right,193.0,83.5,2001,1,28,2001-01-28,Miami (FL),2,2023-12-09,2023,2023,Indiana Pacers,2,25,55,21,5.8,1.5,1.3,38.9,38.2,73.5,44.9,10.7,0.0
woodaro01,Robert Woodard II,True,SF,right,198.1,106.6,1999,9,22,1999-09-22,Mississippi State,2,2020-12-27,2020,2020,Memphis Grizzlies,2,10,40,,,,,,,,,,
woodch01,Christian Wood,True,PF,right,203.2,97.1,1995,9,27,1995-09-27,UNLV,8,2015-10-28,2015,2023,NBA Draft,,,,,,,,,,,,,
workmto01,Tom Workman,False,,,,,,,,,,,,,,,,,,,,,,,,,,,
worthja01,James Worthy,False,,,,,,,,,,,,,,,,,,,,,,,,,,,
wrighde01,Delon Wright,True,PG,right,195.6,83.9,1992,4,26,1992-04-26,Utah,10,2015-11-01,2015,2015,Toronto Raptors,1,20,20,548,6.7,3.0,3.0,44.7,34.8,79.9,50.7,15.1,28.9
wrighdo01,Dorell Wright,False,,,,,,,,,,,,,,,,,,,,,,,,,,,
wrighju02,Justin Wright-Foreman,True,PG,left,182.9,86.2,1997,10,27,1997-10-27,Hofstra,1,2020-02-21,2020,2019,Utah Jazz,2,23,53,,,,,,,,,,
wrighla01,Larry Wright,False,,,,,,,,,,,,,,,,,,,,,,,,,,,
wrighle01,Leroy Wright,False,,,,,,,,,,,,,,,,,,,,,,,,,,,
wrighmc01,McKinley Wright IV,True,PG,right,182.9,88.9,1998,10,25,1998-10-25,Colorado,2,2021-10-20,2021,2023,NBA Draft,,,,,,,,,,,,,
wrighmo01,Moses Wright,True,PF,right,205.7,105.7,1998,12,23,1998-12-23,Georgia Tech,,2021-12-22,2021,2023,NBA Draft,,,,,,,,,,,,,
yabusgu01,Guerschon Yabusele,True,C,right,203.2,117.9,1995,12,17,1995-12-17,,3,2017-10-20,2017,2016,Boston Celtics,1,16,16,144,6.5,3.5,1.2,48.9,36.9,71.4,57.8,14.2,5.0
yangha01,Yang Hansen,False,,,,,,,,,,,,,,,,,,,,,,,,,,,
yorkga01,Gabe York,True,SG,right,190.5,83.9,1993,8,2,1993-08-02,Arizona,2,2022-04-09,2022,2023,NBA Draft,,,,,,,,,,,,,
youngja05,Jahmir Young,True,PG,left,188.0,83.9,2000,10,7,2000-10-07,UNC Charlotte,1,2025-03-04,2025,2023,NBA Draft,,,,6,1.8,0.5,1.0,80.0,50.0,100.0,90.0,16.8,0.1
youngni01,Nick Young,True,SG,right,200.7,95.3,1985,6,1,1985-06-01,USC,,2007-10-31,2007,2007,Washington Wizards,1,16,16,,,,,,,,,,
youngth01,Thaddeus Young,True,PF,left,203.2,106.6,1988,6,21,1988-06-21,Georgia Tech,17,2007-11-07,2007,2007,Philadelphia 76ers,1,12,12,,,,,,,,,,
youngtr01,Trae Young,True,PG,right,185.4,74.4,1998,9,19,1998-09-19,Oklahoma,7,2018-10-17,2018,2018,Dallas Mavericks,1,5,5,483,25.3,3.5,9.8,43.3,35.2,87.3,50.4,21.3,43.3
yuesu01,Sun Yue,False,,,,,,,,,,,,,,,,,,,,,,,,,,,
yurtsom01,Omer Yurtseven,True,C,right,213.4,119.7,1998,6,19,1998-06-19,NC State,3,2021-10-21,2021,2023,NBA Draft,,,,,,,,,,,,,
zelleco01,Cody Zeller,True,C,right,210.8,108.9,1992,10,5,1992-10-05,Indiana,11,2013-10-30,2013,2013,Charlotte Bobcats,1,4,4,,,,,,,,,,
zellety01,Tyler Zeller,True,C,right,213.4,114.8,1990,1,17,1990-01-17,UNC,,2012-10-30,2012,2012,Dallas Mavericks,1,17,17,,,,,,,,,,
zengfa01,Fanbo Zeng,False,,,,,,,,,,,,,,,,,,,,,,,,,,,
zikarro01,Rocco Zikarsky,False,,,,,,,,,,,,,,,,,,,,,,,,,,,
zizican01,Ante Žižić,True,C,right,208.3,120.7,1997,1,4,1997-01-04,,,2017-10-21,2017,2016,Boston Celtics,1,23,23,,,,,,,,,,
zopfbi01,Bill Zopf,False,,,,,,,,,,,,,,,,,,,,,,,,,,,
zubaciv01,Ivica Zubac,True,C,right,213.4,108.9,1997,3,18,1997-03-18,,9,2016-11-02,2016,2016,Los Angeles Lakers,2,2,32,584,10.2,8.1,1.4,61.6,8.3,72.6,61.6,19.4,51.3
