season,player_id,player_efficiency_rate,true_shooting_percentage,three_point_attempt_rate,free_throw_attempt_rate,offensive_rebound_percentage,defensive_rebound_percentage,total_rebound_percentage,assist_percentage,steal_percentage,block_percentage,turnover_percentage,usage_percentage,offensive_win_shares,defensive_win_shares,win_shares,win_shares_per_48_minutes,offensive_box_plus_minus,defensive_box_plus_minus,value_over_replacement_player
2019,harrito02,17.2,0.592,0.313,0.245,2.6,20.8,12.0,12.5,0.8,1.0,9.8,22.8,4.5,2.6,7.1,0.12,2.1,-0.5,2.6
2019,holidju01,10.0,0.52,0.598,0.136,1.9,11.9,6.8,8.1,2.3,1.2,11.2,15.7,-0.4,2.5,2.1,0.038,-2.3,0.5,0.1
2019,barneha02,12.8,0.55,0.429,0.271,2.4,12.7,7.5,6.7,0.9,0.4,7.9,20.9,2.0,1.6,3.6,0.068,-0.2,-1.2,0.4
2019,gasolma01,16.7,0.546,0.314,0.291,3.6,25.1,14.3,22.2,1.7,3.2,13.6,20.7,2.0,4.0,6.0,0.118,0.8,2.3,3.1
2019,arizatr01,12.1,0.534,0.59,0.223,2.3,15.2,8.6,14.8,1.8,0.7,11.6,16.6,1.3,1.2,2.5,0.052,-0.7,-0.6,0.4
2019,butleji01,20.2,0.571,0.213,0.404,6.0,10.5,8.3,18.0,2.7,1.4,8.2,22.3,5.4,2.5,7.9,0.173,2.8,0.9,3.2
2019,matthwe02,10.3,0.546,0.577,0.234,1.7,7.1,4.4,11.1,1.3,0.7,10.6,17.8,1.1,1.5,2.7,0.062,-1.4,-0.5,0.1
2019,hardati02,13.6,0.527,0.48,0.278,1.7,9.8,5.7,12.8,1.3,0.3,8.6,25.4,1.0,0.9,1.8,0.043,-0.1,-2.0,0.0
2019,jordade01,19.0,0.674,0.0,0.592,11.7,35.2,23.5,11.6,1.0,3.0,21.4,15.0,4.0,3.1,7.1,0.167,0.8,1.3,2.1
2019,templga01,8.5,0.543,0.535,0.217,1.5,10.2,5.8,7.4,1.8,1.4,11.5,13.2,0.3,2.0,2.2,0.052,-3.3,0.5,-0.4
2019,riverau01,7.7,0.503,0.572,0.166,1.3,7.5,4.4,11.5,1.1,1.0,10.0,14.5,0.4,0.8,1.2,0.028,-3.3,-1.0,-1.1
2019,saricda01,13.1,0.563,0.464,0.216,6.6,17.5,12.1,8.8,1.1,0.4,11.3,17.8,2.3,1.2,3.5,0.084,-0.3,-1.3,0.2
2019,oubreke01,15.2,0.551,0.401,0.29,4.0,14.6,9.2,6.8,2.1,2.5,9.8,23.2,0.9,1.3,2.2,0.054,-0.3,-0.9,0.4
2019,bradlav01,7.6,0.496,0.403,0.082,2.5,7.3,4.9,11.8,1.0,0.7,12.4,16.2,-0.6,1.0,0.3,0.009,-2.8,-0.9,-0.8
2019,hoodro01,12.3,0.545,0.352,0.231,1.4,7.9,4.6,10.0,1.5,0.5,6.9,18.1,2.1,0.5,2.6,0.065,-1.2,-0.8,0.0
2019,bullore01,10.5,0.563,0.662,0.143,1.2,8.8,4.9,10.1,1.0,0.5,9.3,15.8,1.6,1.4,3.1,0.078,-0.7,-0.4,0.4
2019,shamela01,11.0,0.604,0.711,0.167,1.3,6.4,3.9,9.0,1.0,0.4,7.0,15.0,2.7,0.9,3.6,0.095,-0.3,-1.3,0.2
2019,parkeja01,15.5,0.56,0.26,0.246,4.9,21.8,13.3,14.1,1.3,1.5,15.4,24.6,0.1,1.3,1.4,0.039,-0.7,-0.9,0.2
2019,wrighde01,15.5,0.523,0.301,0.269,4.4,12.8,8.6,21.6,2.5,1.6,11.0,18.1,1.9,2.4,4.3,0.121,0.1,1.4,1.5
2019,porteot01,15.9,0.569,0.398,0.149,3.4,17.0,10.1,10.6,2.3,1.6,8.7,19.1,1.8,1.5,3.2,0.093,0.8,0.1,1.2
2019,kanteen01,22.3,0.594,0.05,0.288,16.4,26.1,21.1,12.1,0.9,1.3,13.3,23.1,3.9,1.6,5.4,0.159,2.5,-1.5,1.2
2019,jacksju01,11.3,0.561,0.505,0.163,2.8,11.0,6.9,8.1,0.9,0.7,5.3,14.3,2.0,0.9,2.9,0.086,-0.8,-0.8,0.2
2019,johnsty01,12.4,0.532,0.494,0.241,2.4,9.8,6.1,15.9,1.7,1.6,11.7,18.5,0.9,1.4,2.3,0.071,-0.7,0.3,0.6
2019,smithde03,12.3,0.502,0.32,0.24,2.2,8.7,5.5,27.3,2.1,1.1,17.6,24.8,-1.2,1.2,0.0,0.001,-1.6,-0.4,0.0
2019,shumpim01,9.1,0.499,0.612,0.101,1.9,11.4,6.5,9.9,1.9,1.4,9.7,14.5,0.1,1.2,1.4,0.045,-2.4,0.5,0.0
2019,seldewa01,8.3,0.491,0.36,0.19,2.8,11.0,6.9,11.3,1.1,0.8,13.1,18.4,-1.0,0.8,-0.3,-0.009,-3.8,-1.6,-1.2
2019,linje01,13.5,0.558,0.346,0.388,1.6,11.7,6.6,23.4,1.5,0.8,16.4,21.8,1.2,0.9,2.1,0.07,-1.4,-0.9,-0.1
2019,scottmi01,8.6,0.528,0.6,0.079,3.4,17.2,10.5,6.4,0.9,0.7,9.2,14.4,0.4,1.2,1.6,0.053,-1.9,-0.7,-0.2
2019,burksal01,12.7,0.523,0.354,0.297,2.3,17.0,9.4,13.7,1.4,1.3,10.8,19.0,0.7,0.8,1.5,0.052,-0.6,-0.7,0.3
2019,greenja01,14.7,0.587,0.37,0.212,8.3,24.3,16.4,5.8,1.6,2.3,14.3,19.4,0.9,1.9,2.9,0.101,-1.3,-0.4,0.1
2019,korveky01,11.2,0.582,0.72,0.151,0.7,12.4,6.6,8.9,0.9,0.7,10.3,18.5,1.0,1.3,2.3,0.082,-0.2,-0.3,0.5
2019,muscami01,10.8,0.564,0.709,0.235,4.7,14.7,9.8,7.7,0.8,2.3,10.8,14.3,1.2,1.2,2.5,0.091,-0.8,-0.3,0.3
2019,hillge01,12.1,0.554,0.407,0.226,3.2,8.3,5.9,14.0,1.9,0.5,11.0,15.1,1.5,1.3,2.8,0.103,-1.9,0.5,0.2
2019,portibo01,16.1,0.529,0.304,0.154,9.0,24.9,16.8,8.8,1.3,1.3,9.9,24.6,0.5,1.1,1.6,0.06,-0.2,-2.3,-0.1
2019,ellinwa01,11.8,0.569,0.814,0.107,1.1,7.9,4.5,8.3,2.0,0.4,7.7,17.2,1.3,1.4,2.6,0.097,-0.3,0.3,0.7
2019,morrima02,11.7,0.521,0.419,0.19,5.0,17.5,11.1,8.8,1.3,1.5,9.3,19.1,0.6,1.1,1.6,0.061,-2.1,-0.6,-0.2
2019,macksh01,10.4,0.489,0.323,0.208,1.6,7.9,4.7,22.6,1.9,0.3,13.0,18.1,-0.2,1.1,0.9,0.034,-2.7,-0.4,-0.3
2019,mirotni01,17.2,0.584,0.587,0.229,5.1,22.6,14.0,6.2,1.2,2.2,7.4,21.4,2.0,1.4,3.5,0.133,2.1,-0.6,1.1
2019,ennisja01,11.0,0.59,0.531,0.276,5.3,10.9,8.1,4.7,1.6,1.6,9.3,12.7,1.6,1.0,2.6,0.103,-1.4,-0.2,0.1
2019,johnsst04,9.6,0.485,0.489,0.145,3.0,16.9,9.7,10.6,2.4,1.0,14.7,19.4,-1.1,1.6,0.5,0.021,-3.1,0.9,0.0
2019,covinro01,13.3,0.58,0.622,0.246,2.5,14.6,8.5,5.2,2.9,3.2,10.5,15.6,0.9,1.6,2.5,0.1,-0.5,2.1,1.1
2019,chandwi01,8.5,0.537,0.579,0.092,4.4,14.6,9.7,9.1,1.0,1.4,13.9,11.8,0.5,1.0,1.5,0.062,-2.3,-0.5,-0.2
2019,burketr01,16.5,0.524,0.29,0.226,2.6,6.7,4.6,24.1,1.4,0.5,7.5,24.8,1.4,0.5,1.9,0.081,1.5,-1.4,0.6
2019,fraziti01,11.7,0.544,0.387,0.207,3.9,11.5,7.7,27.6,1.2,0.4,21.1,13.3,1.3,0.7,2.0,0.084,-1.4,-0.4,0.1
2019,valanjo01,24.4,0.616,0.089,0.344,10.7,31.4,21.1,12.0,0.8,4.4,12.7,28.5,2.2,1.9,4.2,0.183,2.2,0.4,1.3
2019,simmojo02,8.5,0.466,0.297,0.277,2.7,10.0,6.3,16.7,1.3,1.2,14.8,18.7,-0.8,1.1,0.3,0.013,-3.9,-0.3,-0.6
2019,zubaciv01,18.9,0.604,0.0,0.332,11.9,24.2,18.2,9.1,0.6,4.0,13.9,20.3,1.9,1.3,3.2,0.148,-0.2,-0.2,0.4
2019,stausni01,10.9,0.545,0.556,0.189,1.9,11.7,6.8,11.1,1.0,0.6,12.2,17.6,0.6,0.5,1.1,0.052,-0.7,-1.2,0.0
2019,makerth01,11.3,0.53,0.571,0.313,4.5,17.4,11.0,6.3,1.0,4.4,9.8,14.8,0.5,1.5,2.0,0.099,-2.2,1.0,0.2
2019,chandty01,11.2,0.63,0.01,0.879,11.1,25.3,18.3,5.3,1.1,2.2,23.4,8.5,0.9,1.2,2.1,0.114,-2.9,0.8,0.0
2019,milescj01,9.0,0.504,0.653,0.186,1.7,10.3,6.1,6.0,1.5,1.5,8.2,18.6,-0.2,0.9,0.7,0.041,-2.4,-0.5,-0.2
2019,dellama01,11.1,0.532,0.537,0.215,0.8,9.9,5.2,31.9,0.8,0.2,20.4,17.9,0.5,0.0,0.5,0.028,-1.7,-2.8,-0.5
2019,dekkesa01,13.3,0.519,0.242,0.18,7.2,13.5,10.2,8.3,2.3,0.7,8.0,16.2,0.6,0.5,1.0,0.064,-1.0,-0.7,0.1
2019,knighbr03,8.9,0.484,0.496,0.131,1.4,7.7,4.4,14.4,1.4,0.2,9.8,18.1,-0.1,0.0,0.0,-0.002,-3.5,-2.0,-0.6
2019,farieke01,21.6,0.622,0.094,0.374,14.4,23.4,18.8,4.6,1.1,2.7,9.7,20.3,2.1,0.9,2.9,0.193,1.3,-1.5,0.3
2019,payneca01,11.5,0.519,0.377,0.184,2.0,9.2,5.5,21.8,1.9,1.1,15.7,17.6,0.1,0.3,0.5,0.031,-2.3,-0.7,-0.2
2019,dorsety01,11.2,0.509,0.5,0.231,4.2,13.7,8.9,12.4,1.0,0.3,8.5,19.7,0.2,0.4,0.6,0.043,-1.4,-2.1,-0.3
2019,marjabo01,24.2,0.664,0.038,0.504,14.0,26.9,20.6,12.8,1.1,3.1,15.7,23.3,2.1,0.9,3.0,0.212,2.8,0.3,0.9
2019,luwawti01,8.0,0.489,0.532,0.188,1.7,14.1,7.8,5.5,1.4,1.0,8.2,16.6,-0.3,0.5,0.2,0.015,-4.1,-1.1,-0.5
2019,canaais01,8.0,0.518,0.585,0.146,1.0,9.2,5.1,18.2,1.1,0.3,16.7,14.2,0.0,0.1,0.1,0.008,-2.7,-1.4,-0.3
2019,johnswe01,5.5,0.469,0.594,0.148,2.4,11.7,7.1,5.3,1.2,1.9,11.7,12.0,-0.3,0.3,0.0,0.001,-4.3,-0.5,-0.4
2019,chrisma01,9.2,0.455,0.4,0.25,8.6,23.6,15.8,6.5,1.7,1.9,15.3,20.6,-0.6,0.4,-0.2,-0.023,-5.7,-1.9,-0.7
2019,breweco01,11.6,0.532,0.358,0.35,5.4,10.7,8.0,10.2,3.0,1.2,11.8,13.6,0.4,0.6,1.0,0.095,-2.9,1.6,0.1
2019,monrogr01,16.0,0.521,0.026,0.381,15.4,22.9,19.3,8.1,1.4,1.4,12.7,22.6,0.4,0.7,1.1,0.108,-2.0,-1.3,-0.1
2019,mykhasv01,6.0,0.447,0.636,0.143,2.2,6.2,4.2,10.9,1.5,0.2,12.4,16.0,-0.4,0.3,-0.1,-0.012,-3.9,-1.1,-0.3
2019,leeco01,10.3,0.492,0.426,0.163,2.2,11.2,6.7,12.8,2.4,0.6,9.2,15.3,0.1,0.4,0.4,0.05,-3.4,0.8,-0.1
2019,mccawpa01,7.5,0.532,0.444,0.238,2.0,10.9,6.5,9.2,2.8,0.4,19.6,9.4,0.0,0.5,0.5,0.065,-4.8,1.9,-0.1
2019,cartemi01,14.7,0.458,0.309,0.431,5.4,15.0,10.1,26.5,2.6,3.4,12.0,19.4,0.2,0.6,0.8,0.099,-1.4,2.2,0.3
2019,gasolpa01,16.7,0.529,0.138,0.426,6.7,34.2,20.6,19.1,0.7,3.5,12.5,15.6,0.5,0.5,1.1,0.142,1.0,2.1,0.5
2019,jenkijo01,9.7,0.536,0.552,0.171,1.8,10.0,5.8,9.9,0.0,0.5,7.4,15.7,0.2,0.0,0.2,0.031,-1.0,-2.4,-0.1
2019,anderry01,4.6,0.414,0.58,0.232,6.1,12.5,9.2,7.8,0.6,0.3,15.5,12.0,-0.3,0.0,-0.2,-0.035,-4.5,-1.9,-0.4
2019,ellenhe01,13.1,0.538,0.4,0.263,2.0,25.5,13.4,9.6,1.3,0.7,7.8,19.0,0.2,0.2,0.4,0.077,-1.0,-0.5,0.0
2019,woodch01,21.9,0.607,0.222,0.479,7.2,26.5,17.0,4.8,1.3,3.2,10.7,26.1,0.4,0.3,0.8,0.151,1.4,-1.0,0.1
2019,smithja02,9.8,0.492,0.441,0.271,9.0,20.2,14.6,9.7,0.7,3.1,16.4,17.5,0.0,0.2,0.2,0.038,-3.7,-1.0,-0.1
2019,harrian01,5.8,0.443,0.472,0.34,3.4,8.5,5.8,17.1,1.1,0.9,16.5,16.8,-0.1,0.0,-0.1,-0.027,-5.8,-1.2,-0.2
2019,swanica01,4.7,0.377,0.132,0.17,10.2,27.6,19.1,8.0,1.6,0.5,24.0,17.7,-0.5,0.2,-0.2,-0.06,-7.1,0.0,-0.2
2019,labissk01,12.6,0.593,0.265,0.347,5.4,20.3,12.8,8.6,1.4,2.8,16.3,16.0,0.1,0.2,0.3,0.089,-2.9,-0.1,0.0
2019,bakerro01,2.5,0.309,0.65,0.3,0.7,7.1,3.8,12.8,1.9,0.6,18.1,7.8,-0.2,0.1,-0.1,-0.034,-7.7,0.7,-0.2
2019,spaldra01,14.6,0.516,0.064,0.255,11.1,25.1,18.0,5.1,2.9,4.5,14.7,17.8,0.0,0.2,0.2,0.051,-4.3,-0.8,-0.1
2019,nunnaja01,7.3,0.503,0.735,0.118,0.0,5.3,2.6,9.5,0.5,0.0,2.7,15.3,0.1,0.0,0.1,0.035,-1.9,-2.9,-0.1
2019,zellety01,17.3,0.607,0.033,0.6,12.9,15.7,14.2,6.7,0.5,3.1,9.5,20.1,0.2,0.1,0.3,0.167,-3.1,-1.9,-0.1
2019,evansja01,0.1,0.214,0.214,0.0,1.7,19.0,10.2,19.7,2.2,0.0,30.0,13.2,-0.2,0.0,-0.2,-0.151,-10.4,0.1,-0.1
2019,johnsbj01,12.8,0.609,0.389,0.111,4.2,13.2,8.6,0.0,1.9,0.0,9.6,17.4,0.0,0.0,0.1,0.066,-2.3,-2.0,0.0
2019,creekmi01,20.2,0.55,0.125,0.438,13.2,13.1,13.2,18.6,2.0,0.0,5.0,17.6,0.1,0.0,0.2,0.196,2.4,1.1,0.1
2019,moreler01,6.7,0.5,0.143,0.0,10.3,39.6,25.2,11.8,1.1,1.9,41.7,12.0,-0.1,0.1,0.0,0.032,-6.7,2.0,0.0
2019,terryem01,19.7,0.571,0.0,0.571,14.1,19.6,16.8,12.2,6.2,0.0,18.6,20.1,0.0,0.0,0.1,0.117,-0.2,2.4,0.0
2020,covinro01,13.3,0.559,0.664,0.172,3.0,20.2,11.4,5.9,2.5,3.7,11.7,17.0,0.7,3.0,3.7,0.083,-1.2,1.3,1.1
2020,morrima03,14.3,0.57,0.43,0.272,3.2,14.0,8.5,6.8,1.2,1.4,9.7,21.9,2.1,1.5,3.6,0.088,0.6,-0.7,0.9
2020,drumman01,22.0,0.553,0.045,0.375,14.9,37.5,26.0,13.6,2.8,4.2,18.2,25.9,0.6,3.6,4.2,0.108,-0.1,1.1,1.4
2020,crowdja01,12.5,0.553,0.7,0.222,3.0,18.5,11.0,11.5,1.8,1.2,10.0,15.5,1.6,2.2,3.8,0.098,-0.5,0.4,0.9
2020,wiggian01,16.4,0.536,0.342,0.274,3.6,12.3,7.8,18.1,1.1,2.4,10.7,27.4,0.8,1.1,1.9,0.05,1.1,-1.4,0.8
2020,robingl02,13.3,0.577,0.333,0.145,4.8,11.9,8.2,8.4,1.4,0.8,8.0,16.4,2.0,0.9,2.9,0.078,-0.5,-1.2,0.1
2020,burksal01,16.7,0.561,0.392,0.345,2.9,14.9,8.7,17.2,1.7,0.9,9.3,23.8,2.5,1.2,3.7,0.101,1.2,-0.7,1.1
2020,clarkjo01,17.3,0.574,0.476,0.19,3.3,8.7,6.1,13.2,1.3,0.8,9.4,26.3,2.4,1.0,3.4,0.096,2.4,-1.3,1.3
2020,bazemke01,9.3,0.499,0.457,0.275,1.7,17.1,9.4,7.4,2.1,2.1,13.2,17.5,-0.9,1.5,0.6,0.017,-3.4,0.3,-0.5
2020,arizatr01,11.0,0.593,0.639,0.228,2.5,15.7,9.0,8.0,2.2,0.9,13.6,11.8,1.3,1.2,2.5,0.081,-1.4,0.9,0.6
2020,teaguje01,14.6,0.557,0.239,0.403,1.9,8.6,5.2,30.7,1.4,1.1,16.8,19.5,1.9,0.6,2.5,0.082,-0.2,-1.3,0.2
2020,russeda01,18.7,0.556,0.509,0.235,1.2,12.3,6.6,35.2,1.6,0.8,13.6,31.5,1.1,0.7,1.8,0.06,3.8,-1.9,1.4
2020,harklma01,9.8,0.572,0.346,0.233,4.1,13.3,8.8,6.4,1.9,2.1,14.5,10.7,0.8,1.9,2.7,0.09,-2.6,1.9,0.5
2020,napiesh01,13.8,0.552,0.526,0.336,2.0,10.9,6.3,27.8,2.4,0.7,19.7,20.0,0.8,0.9,1.7,0.059,-0.7,-0.4,0.3
2020,ennisja01,11.5,0.565,0.471,0.273,6.1,15.3,10.6,7.0,1.3,1.5,12.6,15.7,1.0,1.4,2.4,0.09,-2.2,-0.4,-0.2
2020,beaslma01,12.7,0.546,0.517,0.124,1.6,11.9,6.7,9.4,1.6,0.6,9.2,21.8,0.4,0.8,1.2,0.049,-0.7,-1.4,0.0
2020,morrima02,12.5,0.565,0.498,0.186,3.8,17.1,10.3,10.1,1.3,1.2,13.3,20.9,0.5,1.0,1.4,0.058,-1.1,-0.9,0.0
2020,willima02,11.2,0.587,0.584,0.213,2.8,14.3,8.5,7.6,1.6,2.4,10.2,12.5,1.1,1.3,2.4,0.102,-1.6,1.0,0.4
2020,caulewi01,17.0,0.589,0.003,0.219,8.0,23.3,15.5,9.9,2.1,5.0,10.8,14.4,1.5,1.5,2.9,0.128,-1.2,1.7,0.7
2020,dienggo01,17.1,0.568,0.418,0.277,8.5,25.8,17.0,9.7,2.2,4.5,12.8,17.6,1.3,1.7,2.9,0.129,-0.2,1.8,1.0
2020,hillso01,9.8,0.535,0.615,0.194,2.9,13.0,8.1,12.4,1.9,1.0,14.5,13.6,0.4,1.1,1.4,0.064,-2.0,0.3,0.1
2020,robinje01,7.4,0.476,0.494,0.184,1.4,12.8,7.0,11.9,1.3,1.5,12.8,16.4,-0.6,0.8,0.2,0.009,-3.8,-0.2,-0.5
2020,lenal01,17.7,0.6,0.185,0.329,11.1,25.2,18.0,7.9,1.1,4.3,13.1,18.1,1.5,1.0,2.5,0.122,-0.5,-0.3,0.3
2020,greenje02,13.7,0.59,0.532,0.265,2.7,12.0,7.5,7.9,1.3,1.7,9.9,19.0,1.2,0.9,2.1,0.104,0.0,-0.1,0.5
2020,grahatr01,6.6,0.456,0.496,0.231,5.7,11.7,8.6,6.6,1.2,0.5,9.8,13.1,-0.2,0.4,0.2,0.009,-4.5,-1.1,-0.8
2020,parkeja01,18.0,0.571,0.277,0.189,7.1,18.3,12.6,12.4,2.3,1.5,12.1,24.0,0.8,0.8,1.6,0.083,0.6,-0.3,0.5
2020,tollian01,7.0,0.513,0.797,0.159,4.1,14.3,9.3,6.0,1.0,1.1,14.9,11.1,0.0,0.4,0.5,0.026,-2.7,-0.5,-0.3
2020,hernaju01,10.4,0.518,0.522,0.287,5.6,20.5,12.8,6.6,1.1,1.0,10.3,15.7,0.2,0.7,0.9,0.052,-2.2,-1.1,-0.3
2020,mcraejo01,14.2,0.515,0.344,0.298,2.4,15.4,8.7,17.9,1.3,1.8,9.4,24.4,0.4,0.4,0.7,0.044,0.0,-1.5,0.1
2020,dedmode01,9.4,0.473,0.42,0.141,8.5,27.6,17.8,4.0,1.5,4.8,17.4,18.1,-1.0,1.0,0.1,0.005,-5.8,0.0,-0.7
2020,bateske01,12.4,0.539,0.44,0.321,3.5,15.1,9.1,5.8,1.2,2.7,6.0,15.8,0.6,0.6,1.2,0.078,-1.0,-0.4,0.1
2020,jacksre01,13.7,0.529,0.445,0.166,2.5,10.8,6.7,26.2,0.8,0.6,12.7,23.1,0.6,0.5,1.1,0.073,0.8,-1.2,0.3
2020,johnsty01,10.1,0.504,0.476,0.2,2.7,8.9,5.8,14.8,1.1,1.1,9.6,18.0,0.3,0.5,0.7,0.05,-2.0,-0.9,-0.2
2020,crabbal01,6.0,0.47,0.672,0.079,1.8,11.0,6.3,6.8,1.1,0.5,8.5,12.7,-0.2,0.2,-0.1,-0.007,-3.7,-1.5,-0.5
2020,johnsja01,14.8,0.572,0.423,0.223,4.3,16.3,10.3,18.4,1.9,4.6,16.9,19.4,0.3,0.8,1.1,0.089,-1.1,1.2,0.3
2020,hensojo01,17.0,0.578,0.211,0.269,8.5,21.8,15.1,13.4,2.0,6.0,15.8,16.3,0.6,0.8,1.4,0.109,-1.2,2.1,0.4
2020,clarkga01,10.7,0.568,0.835,0.075,6.8,14.0,10.3,4.1,0.5,3.4,6.8,11.0,0.7,0.5,1.2,0.1,-0.9,-0.9,0.0
2020,danietr01,8.4,0.518,0.71,0.086,2.5,8.2,5.4,4.3,1.0,0.5,5.9,16.3,0.1,0.5,0.6,0.056,-1.7,-1.2,-0.1
2020,burketr01,15.6,0.548,0.359,0.139,3.4,7.0,5.2,23.7,1.5,0.3,8.7,20.0,1.0,0.4,1.3,0.123,0.8,-1.0,0.2
2020,exumda01,10.3,0.576,0.361,0.361,2.7,12.6,7.7,11.5,1.3,1.4,18.4,15.0,0.2,0.2,0.4,0.043,-2.5,-0.4,-0.1
2020,knighbr03,8.5,0.503,0.784,0.204,1.0,9.1,5.0,21.6,1.1,0.6,17.3,20.6,-0.2,0.1,-0.1,-0.01,-1.8,-2.6,-0.3
2020,evansja02,5.5,0.436,0.291,0.216,2.3,8.6,5.3,10.8,1.3,2.6,14.6,17.5,-0.7,0.2,-0.5,-0.056,-5.8,-1.3,-0.5
2020,chiozch01,12.0,0.499,0.514,0.036,2.4,11.6,6.9,29.4,2.5,0.9,18.4,18.1,0.0,0.4,0.5,0.055,-1.6,0.5,0.1
2020,vonleno01,15.5,0.622,0.163,0.348,10.1,25.3,17.4,10.7,1.4,1.3,16.5,13.9,0.6,0.4,1.0,0.127,-1.2,0.3,0.1
2020,carrode01,9.1,0.515,0.5,0.636,4.4,15.8,10.1,11.2,1.3,1.5,16.8,14.8,0.0,0.2,0.3,0.045,-3.1,-0.7,-0.1
2020,swanica01,7.6,0.597,0.043,0.362,9.9,26.4,18.3,13.9,0.5,2.2,40.4,13.5,-0.2,0.2,0.0,0.004,-6.3,0.2,-0.3
2020,bendedr01,10.9,0.545,0.467,0.152,5.9,21.1,13.5,14.4,0.7,2.8,17.6,17.7,0.0,0.3,0.3,0.052,-3.1,0.2,-0.1
2020,kiddgmi01,4.2,0.416,0.303,0.212,5.3,20.4,12.8,7.1,0.3,1.9,18.1,13.7,-0.4,0.2,-0.2,-0.03,-6.3,-1.1,-0.4
2020,belljo01,13.9,0.577,0.179,0.463,12.0,21.8,16.7,8.9,0.5,3.2,20.7,16.4,0.2,0.2,0.4,0.07,-1.4,-1.1,0.0
2020,waltode01,8.7,0.617,0.615,0.231,0.9,5.8,3.4,13.9,1.4,0.0,10.4,8.1,0.4,0.2,0.6,0.111,-2.2,1.3,0.1
2020,cabocbr01,14.1,0.484,0.371,0.101,10.0,15.8,12.9,6.8,2.9,6.1,12.3,18.0,0.0,0.4,0.4,0.076,-3.0,0.9,0.0
2020,gabriwe01,9.6,0.546,0.417,0.458,9.5,13.9,11.7,4.4,2.2,2.6,21.7,13.4,0.0,0.2,0.2,0.048,-3.7,-0.1,-0.1
2020,waitedi01,11.5,0.521,0.475,0.172,1.1,11.5,6.4,14.4,0.9,2.7,13.1,25.2,-0.1,0.2,0.1,0.03,-0.7,-0.6,0.0
2020,halldo01,13.6,0.652,0.0,0.818,11.4,19.2,15.4,4.2,1.1,3.8,14.3,11.1,0.2,0.2,0.4,0.137,-3.5,-0.4,-0.1
2020,watsopa01,12.6,0.517,0.462,0.346,2.5,17.9,10.3,12.4,2.2,1.1,9.1,16.1,0.0,0.1,0.2,0.097,-1.1,0.9,0.0
2020,cookty01,19.4,0.741,0.0,0.667,12.3,16.6,14.4,2.9,2.7,0.0,16.2,14.7,0.2,0.0,0.2,0.182,0.3,-0.5,0.0
2020,uthofja01,8.8,0.503,0.5,0.111,4.0,8.6,6.1,0.0,0.9,0.0,0.0,14.8,0.0,0.0,0.0,0.018,-2.2,-2.4,0.0
2020,boldejo01,4.9,0.392,0.364,0.364,7.0,14.3,10.6,0.0,3.0,3.7,13.6,13.4,-0.1,0.1,0.0,-0.006,-8.8,-0.4,-0.1
2020,vandeja01,7.6,0.676,0.125,0.25,7.3,14.5,10.9,5.9,3.2,2.0,44.1,14.9,-0.1,0.1,0.0,-0.026,-6.8,0.5,-0.1
2020,norveza01,2.6,0.402,0.667,0.083,0.0,16.3,7.9,10.2,2.3,0.0,19.4,16.1,-0.1,0.0,-0.1,-0.084,-7.1,-1.2,-0.1
2021,vucevni01,22.9,0.56,0.315,0.112,6.5,30.9,18.5,21.3,1.3,1.8,7.9,29.3,3.3,3.0,6.3,0.129,4.9,0.4,4.4
2021,powelno01,16.2,0.618,0.453,0.295,2.0,8.8,5.3,9.2,1.8,0.8,10.3,22.6,3.4,1.3,4.7,0.103,1.1,-0.7,1.3
2021,olynyke01,16.4,0.61,0.528,0.251,4.8,22.5,13.6,16.0,1.9,2.1,14.0,19.7,2.5,2.6,5.1,0.121,0.3,0.9,1.6
2021,allenja01,20.1,0.661,0.039,0.602,11.6,26.3,18.9,8.7,0.8,4.3,14.1,16.6,4.3,2.1,6.4,0.166,1.3,-0.2,1.4
2021,trentga02,12.1,0.534,0.546,0.135,1.6,7.7,4.6,6.6,1.5,0.5,4.9,20.9,1.0,0.7,1.7,0.045,-0.5,-1.7,-0.1
2021,wrighde01,16.3,0.562,0.332,0.243,4.1,13.1,8.6,23.0,2.8,1.5,12.6,16.3,2.5,1.8,4.3,0.117,0.6,1.5,1.8
2021,hardeja01,24.5,0.618,0.455,0.44,2.5,20.6,11.9,44.4,1.6,1.8,16.8,28.4,5.3,1.7,7.0,0.208,6.2,1.0,3.7
2021,theisda01,15.0,0.609,0.326,0.236,6.5,18.3,12.4,9.5,1.2,3.3,11.4,15.6,2.4,1.8,4.3,0.128,-0.7,0.7,0.8
2021,birchkh01,15.1,0.552,0.137,0.339,11.6,15.3,13.4,8.5,1.5,3.1,9.2,13.6,2.3,1.4,3.8,0.118,-1.0,0.1,0.4
2021,leverca01,17.8,0.531,0.317,0.221,2.5,13.1,7.8,25.4,2.1,1.7,10.2,28.7,0.9,1.5,2.4,0.077,0.9,-0.5,0.9
2021,josepco01,12.5,0.556,0.31,0.207,2.7,9.7,6.1,21.4,2.0,1.1,14.5,16.3,1.3,0.8,2.1,0.069,-1.8,0.0,0.1
2021,willilo02,14.0,0.519,0.268,0.268,1.7,8.9,5.4,23.4,1.6,0.4,13.0,25.7,0.5,1.2,1.7,0.056,-1.0,-1.5,-0.2
2021,gordoaa01,14.5,0.547,0.353,0.299,6.0,16.4,11.1,17.8,1.2,2.3,14.7,20.7,0.7,1.2,1.9,0.066,0.2,-0.1,0.7
2021,cartewe01,16.7,0.566,0.112,0.392,10.2,24.6,17.4,11.2,1.2,2.7,12.7,19.3,1.7,1.7,3.4,0.118,-1.1,-0.2,0.2
2021,tuckepj01,5.5,0.51,0.672,0.158,3.9,12.3,8.0,5.7,1.4,1.3,17.4,7.2,0.1,0.9,1.0,0.034,-4.6,0.5,-0.7
2021,mykhasv01,10.4,0.529,0.621,0.099,1.9,11.4,6.6,12.9,1.9,0.8,14.3,20.0,-0.8,1.1,0.3,0.01,-1.9,-0.7,-0.2
2021,rosede01,18.3,0.55,0.211,0.208,1.7,9.3,5.5,28.0,1.9,1.4,10.5,25.8,1.6,1.6,3.1,0.118,1.6,0.3,1.3
2021,fournev01,16.7,0.598,0.523,0.253,0.8,10.2,5.4,18.6,1.8,1.4,10.8,23.1,1.8,1.0,2.8,0.107,1.5,-0.4,1.0
2021,drumman01,19.4,0.519,0.014,0.358,14.8,35.2,24.9,13.2,2.5,3.5,15.8,27.6,-0.6,2.5,2.0,0.077,-1.7,0.5,0.3
2021,diallha01,14.3,0.541,0.174,0.426,5.1,18.8,11.9,13.3,1.6,1.7,12.0,22.2,0.3,1.3,1.6,0.063,-2.2,0.1,0.0
2021,griffbl01,12.9,0.546,0.499,0.285,3.4,17.4,10.5,17.0,1.3,1.1,11.8,19.3,0.9,1.1,2.0,0.081,-0.8,0.0,0.3
2021,augusdj01,12.1,0.57,0.633,0.274,1.9,7.0,4.4,22.2,1.2,0.1,14.5,16.8,1.5,0.5,2.1,0.088,-0.6,-1.5,0.0
2021,oladivi01,14.3,0.512,0.415,0.24,1.2,15.1,8.0,22.8,2.0,1.2,11.5,28.5,-0.6,1.0,0.4,0.017,-0.9,-0.8,0.1
2021,harriga01,9.1,0.511,0.409,0.226,2.1,5.9,4.0,10.3,1.3,1.0,8.9,16.7,0.2,0.6,0.7,0.033,-2.8,-1.3,-0.6
2021,daviste02,12.7,0.555,0.586,0.121,2.0,14.1,7.9,11.4,2.0,1.2,11.6,21.8,0.1,0.8,0.8,0.038,-0.9,-0.9,0.1
2021,wanambr01,9.5,0.489,0.284,0.338,1.8,8.8,5.3,22.5,1.9,1.0,17.1,16.9,-0.2,1.0,0.9,0.039,-4.4,0.3,-0.5
2021,johnsja01,11.4,0.51,0.367,0.232,3.4,15.1,9.3,12.9,2.0,3.8,13.2,17.1,-0.1,1.3,1.2,0.055,-2.7,1.5,0.2
2021,lenal01,16.4,0.643,0.09,0.417,8.5,19.7,14.1,7.0,0.9,5.6,14.3,16.3,1.5,1.3,2.7,0.133,-1.2,1.0,0.5
2021,teaguje01,12.3,0.562,0.289,0.37,1.7,8.3,5.1,18.3,1.7,1.2,16.2,17.7,0.8,0.8,1.6,0.079,-1.7,-0.5,-0.1
2021,hoodro01,5.6,0.452,0.435,0.108,2.6,9.4,5.9,7.5,1.2,0.7,11.7,14.1,-0.7,0.3,-0.4,-0.019,-4.9,-1.4,-1.0
2021,princta02,12.1,0.54,0.474,0.232,2.3,15.3,8.8,12.8,1.5,2.3,11.5,19.6,0.2,0.8,1.0,0.052,-1.2,-0.6,0.0
2021,mclembe01,8.5,0.523,0.767,0.145,1.7,10.5,6.0,6.4,1.2,0.9,9.8,20.4,-0.5,0.7,0.2,0.013,-2.7,-1.2,-0.4
2021,hamptrj01,11.1,0.507,0.278,0.262,3.4,18.4,10.7,15.2,1.2,1.0,13.2,19.6,-0.3,0.7,0.4,0.021,-2.6,-1.2,-0.4
2021,riverau01,9.9,0.551,0.608,0.127,1.1,9.6,5.4,13.2,1.8,0.2,12.2,15.4,0.4,0.9,1.3,0.072,-2.2,0.3,0.0
2021,craigto01,14.2,0.579,0.467,0.097,8.1,19.1,13.7,7.9,1.7,2.9,9.6,14.3,1.1,1.1,2.2,0.133,-0.3,0.7,0.5
2021,gaffoda01,22.2,0.697,0.0,0.48,12.9,18.6,15.8,5.3,1.5,8.1,13.1,16.7,2.1,1.3,3.5,0.209,0.6,1.6,0.8
2021,harklma01,8.1,0.527,0.509,0.261,1.9,11.1,6.4,7.3,1.9,2.3,10.7,11.5,0.2,0.4,0.6,0.038,-3.8,0.1,-0.3
2021,rondora01,13.2,0.544,0.414,0.079,2.7,12.9,7.9,35.3,2.4,0.5,26.2,17.2,0.5,0.8,1.3,0.081,-0.5,0.3,0.4
2021,redicjj01,9.9,0.564,0.667,0.195,0.6,9.0,4.8,9.7,0.7,0.4,11.0,19.2,0.4,0.3,0.7,0.045,-1.4,-2.1,-0.3
2021,wagnemo01,12.5,0.58,0.397,0.38,3.9,17.7,10.7,9.7,1.7,2.2,13.9,18.1,0.5,0.8,1.2,0.082,-2.7,0.2,-0.1
2021,couside01,16.4,0.537,0.443,0.266,8.0,32.7,20.0,16.3,2.3,3.0,15.8,24.5,0.0,1.2,1.2,0.079,-1.2,1.6,0.4
2021,bradlto01,20.7,0.678,0.015,0.279,13.3,24.0,18.6,8.5,1.0,3.9,13.0,15.8,1.8,1.0,2.7,0.192,1.2,0.1,0.6
2021,mcgeeja01,17.0,0.541,0.085,0.238,12.6,27.3,19.8,9.7,1.4,7.3,16.2,23.9,-0.1,1.1,1.0,0.068,-3.3,0.8,-0.1
2021,aldrila01,15.7,0.556,0.27,0.159,3.0,15.8,9.4,11.0,0.8,3.7,7.9,22.2,0.5,0.6,1.1,0.08,-0.2,-0.2,0.3
2021,hillge01,13.1,0.596,0.406,0.254,2.6,7.2,4.9,16.0,1.6,0.7,12.4,15.9,0.9,0.6,1.4,0.1,-1.0,-0.2,0.1
2021,clarkga01,6.0,0.436,0.818,0.076,5.1,13.5,9.1,6.4,1.0,1.0,11.1,10.1,-0.3,0.4,0.1,0.008,-4.2,-0.7,-0.5
2021,porteot01,14.5,0.552,0.458,0.185,5.2,22.4,13.8,12.9,1.3,0.6,9.2,19.3,0.6,0.7,1.3,0.101,0.0,0.0,0.3
2021,bradlav01,6.3,0.487,0.591,0.088,1.4,9.1,5.2,10.8,1.7,0.5,13.6,14.9,-0.5,0.4,-0.1,-0.008,-4.9,-0.5,-0.5
2021,bjeline01,12.9,0.554,0.434,0.26,5.4,18.5,11.9,16.2,1.2,0.8,13.1,18.4,0.5,0.3,0.9,0.071,-1.4,-0.8,0.0
2021,jacksju01,10.4,0.516,0.529,0.167,2.9,11.1,6.9,13.9,1.2,0.3,11.9,19.8,-0.1,0.3,0.2,0.018,-2.3,-1.2,-0.2
2021,mellini01,7.9,0.441,0.603,0.177,5.6,17.9,11.8,9.8,1.2,0.5,7.3,12.5,0.1,0.5,0.6,0.048,-3.5,0.0,-0.2
2021,harteis01,17.9,0.583,0.035,0.415,13.0,23.7,18.2,15.3,1.7,6.5,17.9,19.2,0.7,0.9,1.6,0.134,-2.4,1.5,0.2
2021,dienggo01,19.2,0.67,0.429,0.411,7.6,19.5,13.5,12.0,2.3,2.6,14.3,17.4,1.3,0.8,2.1,0.185,1.8,1.5,0.7
2021,jonesda03,14.6,0.712,0.049,0.563,7.3,17.4,12.3,7.0,1.0,4.6,16.8,12.3,1.0,0.5,1.6,0.138,-2.2,0.8,0.1
2021,iwundwe01,4.3,0.428,0.402,0.304,3.0,15.2,9.1,4.2,1.4,0.7,14.1,10.8,-0.5,0.4,0.0,-0.003,-6.1,-0.3,-0.6
2021,browntr01,8.5,0.525,0.486,0.146,4.2,17.4,10.8,7.2,0.9,1.0,12.1,14.0,0.0,0.5,0.5,0.043,-3.3,-0.6,-0.3
2021,jeffrda01,7.9,0.514,0.558,0.067,4.1,11.8,7.8,6.1,1.4,1.8,10.2,11.9,0.0,0.2,0.3,0.027,-3.6,-1.1,-0.3
2021,greenja02,12.1,0.61,0.294,0.392,6.1,10.6,8.3,4.8,2.9,1.1,13.7,12.6,0.5,0.6,1.1,0.107,-2.2,1.7,0.2
2021,cookty01,12.8,0.659,0.019,0.34,7.0,17.2,12.1,5.9,0.9,0.4,15.1,13.9,0.5,0.3,0.8,0.09,-2.2,-0.9,-0.1
2021,aminual01,8.9,0.469,0.374,0.222,5.1,21.9,13.3,10.1,2.1,1.9,20.5,13.6,-0.4,0.5,0.1,0.01,-4.9,1.1,-0.2
2021,wilsodj01,11.5,0.511,0.518,0.149,4.8,23.2,13.7,7.9,1.2,3.3,10.9,19.7,-0.2,0.5,0.3,0.032,-2.7,-0.6,-0.1
2021,smithde03,13.6,0.492,0.4,0.179,3.1,11.5,7.3,27.8,2.7,2.9,14.3,19.0,0.1,0.5,0.6,0.07,-1.1,1.5,0.3
2021,thomabr01,8.0,0.487,0.546,0.426,2.2,12.9,7.4,10.7,1.8,2.2,14.6,16.4,-0.3,0.3,0.1,0.006,-4.7,0.3,-0.2
2021,kornelu01,13.3,0.511,0.584,0.059,4.4,17.0,10.7,9.5,0.6,8.5,6.3,13.7,0.2,0.5,0.7,0.095,-0.8,1.6,0.3
2021,hutchch01,6.8,0.469,0.214,0.243,1.9,22.2,12.1,6.3,1.6,1.2,14.9,16.2,-0.5,0.4,-0.1,-0.007,-5.7,0.2,-0.3
2021,jonesma05,12.1,0.556,0.537,0.52,2.2,16.0,8.8,18.9,1.0,0.3,16.1,23.0,0.0,0.2,0.2,0.028,-1.4,-1.2,-0.1
2021,harrish01,6.8,0.416,0.205,0.282,2.4,13.7,8.1,9.5,2.5,1.5,11.1,12.9,-0.2,0.4,0.2,0.03,-5.5,1.5,-0.2
2021,thomama02,9.1,0.522,0.63,0.11,2.3,12.2,7.3,8.6,0.6,0.0,9.5,19.5,0.0,0.2,0.2,0.031,-2.6,-2.0,-0.2
2021,kabenmf01,9.5,0.486,0.562,0.225,4.7,19.4,12.0,8.7,1.4,4.1,13.3,17.7,-0.2,0.3,0.2,0.026,-4.3,0.1,-0.2
2021,brazdig01,9.5,0.51,0.337,0.169,4.5,14.7,9.4,10.5,0.8,1.1,11.9,17.6,-0.1,0.1,0.1,0.016,-3.2,-2.1,-0.2
2021,thornsi01,6.6,0.414,0.5,0.174,1.4,7.4,4.4,13.0,2.9,0.9,12.4,11.1,-0.2,0.2,0.0,0.009,-5.7,0.9,-0.2
2021,parkeja01,14.7,0.593,0.2,0.236,6.7,21.8,14.2,9.9,0.3,2.8,14.1,18.5,0.2,0.1,0.3,0.089,-0.9,0.0,0.0
2021,cookqu01,12.7,0.531,0.382,0.118,1.4,10.9,6.1,18.3,1.3,0.6,8.9,21.8,0.1,0.1,0.2,0.061,-1.0,-0.2,0.0
2021,ferreyo01,14.4,0.459,0.491,0.158,4.1,11.4,7.8,22.9,2.5,2.0,4.7,20.7,0.1,0.2,0.3,0.099,-0.5,0.8,0.1
2021,kurucro01,6.3,0.459,0.656,0.125,4.3,15.4,9.8,10.3,3.4,2.9,27.8,15.9,-0.3,0.2,-0.1,-0.041,-6.4,1.8,-0.1
2021,silvach01,11.5,0.708,0.063,0.938,8.9,24.4,16.8,9.3,0.5,6.6,30.7,15.9,0.1,0.1,0.2,0.101,-6.7,1.1,-0.1
2021,pelleno01,11.6,0.567,0.0,0.4,8.1,16.5,12.4,3.0,0.6,10.0,14.5,10.8,0.1,0.1,0.2,0.112,-4.5,1.9,0.0
2021,belljo01,8.0,0.328,0.091,0.091,9.1,21.9,15.5,10.6,1.7,5.2,14.9,13.6,-0.1,0.1,0.0,-0.008,-5.9,0.1,-0.1
2021,reynoca01,6.5,0.417,0.667,0.0,5.1,8.3,6.7,7.5,0.0,0.0,0.0,19.2,0.0,0.0,0.0,-0.039,-3.5,-4.6,-0.1
2022,halibty01,18.2,0.595,0.428,0.209,2.5,10.3,6.3,34.1,2.4,1.6,16.7,19.0,5.2,1.8,7.0,0.125,2.7,-0.1,3.1
2022,hieldbu01,12.9,0.548,0.652,0.116,2.9,12.8,7.8,13.8,1.4,0.9,11.7,22.4,0.8,1.1,1.9,0.036,0.5,-1.7,0.5
2022,hardeja01,20.9,0.583,0.452,0.54,2.6,19.7,11.3,40.3,1.7,1.3,18.8,27.2,4.9,2.7,7.6,0.152,3.7,0.3,3.7
2022,whitede01,14.8,0.549,0.461,0.294,1.8,10.7,6.3,22.9,1.4,2.3,11.6,19.9,2.8,2.3,5.1,0.111,0.4,0.6,1.6
2022,mccolcj01,18.3,0.553,0.403,0.146,2.6,11.5,6.9,26.1,1.6,1.0,9.3,27.5,2.6,1.0,3.6,0.081,3.2,-1.3,2.1
2022,sabondo01,21.9,0.637,0.162,0.429,10.3,29.0,19.5,23.6,1.3,1.1,17.5,22.3,5.3,1.8,7.1,0.159,3.2,0.9,3.2
2022,curryse01,13.7,0.615,0.506,0.127,1.1,9.1,5.2,16.3,1.2,0.6,12.3,18.5,2.7,1.5,4.2,0.095,0.3,-0.9,0.8
2022,holidju01,9.5,0.543,0.728,0.094,1.5,8.8,5.1,8.6,1.3,1.4,9.2,15.8,0.8,0.6,1.4,0.033,-1.4,-0.8,-0.1
2022,dinwisp01,15.1,0.543,0.449,0.343,2.6,13.0,7.8,25.7,1.1,0.6,10.9,21.4,2.7,1.4,4.1,0.098,0.8,-0.4,1.1
2022,covinro01,12.4,0.572,0.681,0.139,3.3,18.9,11.0,6.8,2.6,4.4,12.4,13.5,0.8,2.4,3.2,0.08,-1.6,1.7,1.1
2022,schrode01,13.0,0.539,0.345,0.254,2.0,10.5,6.3,24.2,1.4,0.4,15.1,22.6,1.0,1.9,2.9,0.076,-1.5,-0.4,0.0
2022,hartjo01,16.1,0.61,0.374,0.371,3.7,20.7,12.0,18.9,1.7,0.7,14.7,18.6,2.8,1.5,4.4,0.117,0.5,0.5,1.3
2022,leverca01,15.1,0.525,0.3,0.226,2.7,10.7,6.7,22.0,1.4,1.1,10.3,25.4,1.2,1.0,2.2,0.059,0.0,-1.2,0.4
2022,harremo01,23.2,0.68,0.031,0.533,10.0,18.7,14.4,13.9,0.9,2.3,9.5,20.2,6.1,1.2,7.3,0.213,3.7,0.1,2.4
2022,richajo01,12.8,0.573,0.461,0.202,2.8,9.4,6.2,10.1,1.7,1.6,10.2,17.6,1.6,2.0,3.5,0.106,-0.6,0.7,0.9
2022,craigto01,11.0,0.556,0.531,0.118,5.9,15.4,10.7,7.6,1.4,2.0,12.6,14.3,0.9,1.4,2.3,0.07,-1.7,-0.1,0.1
2022,lylestr01,16.4,0.588,0.372,0.432,6.0,21.2,13.4,9.0,0.9,1.9,9.8,20.7,2.4,1.2,3.5,0.111,0.5,-0.8,0.7
2022,porzikr01,23.7,0.577,0.329,0.373,7.7,23.1,15.4,13.7,1.3,5.0,8.3,29.5,3.2,2.4,5.6,0.18,3.3,0.6,2.2
2022,alexani01,10.5,0.475,0.497,0.16,2.7,11.5,7.1,16.1,1.5,1.5,11.3,24.1,-1.1,1.1,0.1,0.003,-1.8,-1.1,-0.3
2022,powelno01,16.3,0.603,0.418,0.385,1.5,9.7,5.4,10.8,1.4,1.4,8.9,23.1,2.4,0.4,2.8,0.093,1.2,-1.5,0.6
2022,drumman01,21.0,0.574,0.007,0.379,18.0,34.1,26.2,13.7,2.7,4.2,18.5,19.0,2.0,3.1,5.1,0.17,-0.1,1.4,1.2
2022,forbebr01,11.5,0.574,0.547,0.161,0.9,6.9,3.9,8.3,0.9,0.3,8.8,21.2,0.8,0.6,1.4,0.054,-0.7,-2.2,-0.3
2022,eubandr01,18.0,0.638,0.062,0.35,11.0,22.2,16.5,10.1,1.2,2.8,15.9,17.5,2.2,1.1,3.4,0.13,-0.5,-0.9,0.2
2022,baglema01,15.7,0.551,0.217,0.226,9.7,22.6,16.0,5.2,0.9,1.4,7.4,19.8,1.2,0.9,2.0,0.085,-0.5,-1.8,-0.1
2022,smithis01,12.5,0.465,0.156,0.056,2.4,11.1,6.8,31.5,2.0,1.8,15.0,20.1,-0.3,0.9,0.5,0.023,-2.2,-0.6,-0.2
2022,nancela02,14.4,0.59,0.283,0.231,7.4,19.3,13.1,11.4,2.0,1.9,12.0,12.8,1.5,0.8,2.3,0.104,-0.4,0.3,0.5
2022,bembrde01,11.9,0.601,0.163,0.158,4.6,12.5,8.6,8.6,2.3,2.2,11.6,11.2,1.1,1.1,2.2,0.104,-2.2,1.5,0.3
2022,holidaa01,12.6,0.544,0.305,0.201,2.6,10.3,6.5,20.7,2.0,0.7,15.4,18.7,0.5,0.9,1.5,0.068,-1.9,0.3,0.1
2022,reddica01,12.8,0.543,0.451,0.275,2.7,8.6,5.7,7.0,2.3,1.4,11.1,22.2,0.2,0.8,1.0,0.046,-1.0,-0.3,0.2
2022,divindo01,11.3,0.51,0.649,0.247,4.3,14.0,9.1,16.1,2.3,0.7,16.2,18.9,-0.1,0.9,0.7,0.035,-1.8,-0.5,-0.1
2022,theisda01,13.2,0.595,0.368,0.247,6.6,18.8,12.7,6.3,1.0,2.9,12.5,16.2,0.9,1.0,1.9,0.093,-1.9,-0.2,0.0
2022,lambje01,13.3,0.521,0.49,0.305,3.0,15.3,9.1,12.3,1.6,2.0,8.6,19.7,0.6,0.6,1.2,0.063,-0.4,-0.5,0.3
2022,smithja04,18.4,0.595,0.349,0.291,12.0,24.5,18.2,3.9,0.8,3.9,9.6,20.3,1.7,1.1,2.8,0.145,0.9,-1.4,0.3
2022,satorto01,10.2,0.461,0.277,0.283,3.3,12.1,7.7,27.0,1.6,0.5,17.6,12.6,0.5,0.6,1.0,0.055,-3.3,-0.3,-0.4
2022,carteje01,9.6,0.531,0.672,0.071,1.7,11.2,6.6,14.0,1.3,1.4,11.5,14.0,0.5,0.7,1.2,0.062,-1.8,-0.4,-0.1
2022,thomptr01,14.9,0.541,0.011,0.434,14.7,20.8,17.7,5.5,1.2,2.0,12.4,17.5,0.9,0.8,1.6,0.087,-1.6,-1.5,-0.3
2022,augusdj01,9.7,0.61,0.739,0.194,1.4,7.0,4.2,16.8,0.9,0.1,18.9,14.3,0.7,0.1,0.8,0.043,-1.2,-2.4,-0.4
2022,ibakase01,14.4,0.579,0.334,0.149,7.7,22.2,15.1,8.4,0.6,3.3,12.0,17.8,0.8,1.1,2.0,0.108,-1.3,-0.2,0.1
2022,youngth01,17.0,0.548,0.176,0.18,9.8,16.8,13.1,17.7,3.1,2.0,15.0,17.4,0.9,1.3,2.2,0.126,0.1,2.1,0.9
2022,brookar01,8.4,0.483,0.862,0.073,2.5,10.9,6.7,10.4,1.6,1.2,8.3,16.4,-0.1,0.4,0.2,0.014,-2.6,-1.3,-0.4
2022,jacksjo02,9.5,0.491,0.433,0.257,2.6,16.4,9.2,10.0,1.5,2.4,12.3,19.7,-0.7,0.7,0.0,0.001,-4.1,-0.4,-0.5
2022,snellto01,6.3,0.541,0.749,0.023,2.1,12.0,6.9,4.7,1.0,1.1,9.9,10.1,0.2,0.2,0.4,0.023,-3.4,-0.8,-0.5
2022,stephla01,13.6,0.536,0.279,0.248,1.6,16.0,8.7,30.2,1.4,0.4,16.7,22.6,0.4,0.4,0.8,0.048,-1.6,-1.6,-0.2
2022,bertada01,9.4,0.531,0.836,0.145,1.7,14.3,8.0,5.5,1.0,1.3,6.1,17.3,0.2,0.7,0.9,0.053,-1.7,-0.9,-0.1
2022,winslju01,13.1,0.479,0.257,0.257,7.0,20.9,14.0,16.1,2.2,2.9,14.6,18.9,-0.3,1.1,0.8,0.048,-2.7,1.0,0.1
2022,langfro01,9.2,0.52,0.445,0.22,4.3,10.7,7.6,3.7,1.4,1.9,7.1,12.9,0.3,1.0,1.3,0.082,-2.3,1.0,0.1
2022,houseda01,10.6,0.555,0.591,0.293,2.8,13.8,8.4,8.4,1.4,2.1,12.9,15.2,0.4,0.7,1.0,0.068,-1.3,0.2,0.2
2022,couside01,18.2,0.567,0.377,0.386,11.7,29.1,20.6,15.2,2.4,2.7,18.3,28.1,0.3,1.3,1.6,0.104,-1.8,0.2,0.1
2022,hoodro01,7.2,0.493,0.58,0.121,2.3,9.1,5.8,6.9,1.0,0.8,6.2,10.7,0.2,0.5,0.7,0.048,-3.0,-0.3,-0.2
2022,johnske07,8.7,0.453,0.368,0.188,3.7,9.1,6.3,16.3,2.0,1.7,13.5,21.2,-0.8,0.4,-0.5,-0.031,-4.0,-2.0,-0.7
2022,rondora01,10.9,0.496,0.5,0.148,2.4,14.4,8.5,33.1,2.1,0.8,26.6,16.0,-0.1,0.8,0.7,0.048,-2.4,0.7,0.1
2022,jordade01,17.2,0.641,0.0,0.28,14.7,31.4,23.1,4.9,0.9,5.0,18.7,13.9,0.9,1.0,1.9,0.145,-1.5,0.1,0.1
2022,dragigo01,10.0,0.474,0.417,0.219,2.9,11.3,7.1,22.9,1.9,0.7,17.0,17.2,-0.1,0.4,0.4,0.034,-2.8,-0.5,-0.2
2022,martike03,9.4,0.484,0.439,0.076,4.1,9.6,6.8,6.7,1.4,1.7,7.3,18.1,-0.1,0.2,0.0,0.005,-2.6,-1.0,-0.2
2022,hernaju01,11.5,0.542,0.651,0.321,7.0,17.1,12.2,6.0,1.6,2.0,11.7,13.4,0.3,0.6,0.9,0.095,-0.7,0.1,0.2
2022,hugheel01,5.4,0.426,0.66,0.063,1.5,13.4,7.3,7.2,1.6,1.8,10.3,16.5,-0.6,0.3,-0.4,-0.043,-5.2,-1.7,-0.5
2022,ojelese01,6.7,0.438,0.505,0.293,7.2,12.0,9.7,2.9,0.8,1.4,7.5,12.8,-0.1,0.3,0.2,0.029,-4.1,-1.6,-0.4
2022,millspa01,10.8,0.458,0.304,0.209,12.3,20.7,16.6,10.4,1.3,3.1,13.1,16.7,0.0,0.5,0.5,0.061,-3.7,0.2,-0.1
2022,gabriwe01,12.5,0.549,0.255,0.382,11.8,17.2,14.5,5.6,0.7,2.7,11.1,17.4,0.4,0.3,0.7,0.09,-3.7,-2.1,-0.4
2022,brownmo01,18.5,0.612,0.0,0.667,12.7,30.5,21.7,0.4,1.0,4.2,12.5,20.7,0.5,0.7,1.2,0.16,-2.4,-0.9,-0.1
2022,thomais02,12.0,0.516,0.497,0.156,1.3,8.1,4.6,15.7,1.0,1.4,7.8,24.8,0.0,0.1,0.2,0.026,-1.9,-2.6,-0.2
2022,wanambr01,7.5,0.472,0.221,0.325,2.1,11.6,6.8,22.4,1.1,1.6,20.7,14.9,-0.1,0.1,0.0,0.004,-5.3,-0.5,-0.3
2022,anderju01,10.4,0.493,0.621,0.2,1.4,15.0,8.1,14.2,1.2,1.7,7.2,15.1,0.2,0.2,0.4,0.054,-1.9,-1.3,-0.1
2022,robinju01,3.6,0.404,0.656,0.086,1.4,6.0,3.7,14.0,1.4,0.3,15.0,16.0,-0.5,0.2,-0.3,-0.055,-6.4,-1.3,-0.4
2022,muldemy01,3.7,0.438,0.701,0.052,0.9,9.8,5.3,3.0,0.8,0.8,9.2,15.8,-0.4,0.1,-0.2,-0.05,-5.9,-1.8,-0.3
2022,valende01,8.1,0.523,0.712,0.0,4.6,16.1,10.4,7.0,1.8,0.0,15.4,15.5,-0.1,0.3,0.2,0.039,-3.1,0.4,0.0
2022,knoxke01,10.9,0.491,0.635,0.259,6.8,14.8,10.7,6.5,0.9,0.8,6.9,20.0,0.1,0.2,0.2,0.047,-1.9,-2.2,-0.1
2022,kalaige01,8.6,0.536,0.388,0.448,3.0,7.3,5.1,8.8,2.5,0.9,20.0,20.2,-0.3,0.2,-0.1,-0.024,-5.1,-1.9,-0.3
2022,hillma01,12.7,0.619,0.692,0.269,5.8,12.6,9.2,5.0,1.6,1.2,4.9,12.7,0.4,0.2,0.6,0.126,-1.1,-0.5,0.0
2022,fraziti01,3.3,0.398,0.378,0.2,2.5,7.1,4.8,22.5,0.7,0.4,23.5,13.3,-0.3,0.1,-0.2,-0.046,-6.8,-1.8,-0.3
2022,smartja01,5.1,0.407,0.45,0.1,2.7,10.0,6.5,10.4,1.5,1.5,14.9,15.9,-0.3,0.2,-0.2,-0.038,-5.9,-0.8,-0.2
2022,keybr01,13.7,0.508,0.292,0.181,6.8,21.4,13.7,8.9,2.5,5.0,12.4,19.4,-0.1,0.3,0.2,0.052,-3.8,0.6,-0.1
2022,monrogr01,19.5,0.566,0.0,0.404,16.9,18.8,17.7,16.2,2.0,4.8,15.2,17.3,0.4,0.3,0.7,0.169,-0.3,0.7,0.1
2022,perryre01,15.6,0.537,0.203,0.19,8.5,19.5,13.8,11.1,2.4,3.2,11.4,22.4,0.1,0.2,0.2,0.058,-3.1,-1.0,-0.1
2022,caulewi01,8.3,0.474,0.057,0.057,7.9,16.4,12.2,7.5,1.7,1.5,16.3,10.6,0.0,0.3,0.2,0.066,-4.1,1.1,0.0
2022,brownch02,6.5,0.346,0.308,0.256,9.0,11.2,10.1,4.5,2.8,2.0,10.3,12.3,-0.2,0.2,0.0,0.012,-5.2,0.4,-0.1
2022,johnsal02,10.7,0.463,0.103,0.308,18.8,22.1,20.4,7.1,1.5,0.0,21.3,14.8,0.0,0.1,0.1,0.041,-3.6,-1.8,-0.1
2022,fernabr01,21.2,0.671,0.036,0.436,13.0,26.6,19.8,7.5,0.3,6.5,17.6,22.4,0.2,0.2,0.4,0.14,-0.4,0.2,0.1
2022,louzama01,6.4,0.517,0.697,0.061,4.1,10.6,7.2,5.3,0.8,1.5,12.9,13.0,0.0,0.0,0.0,-0.005,-4.1,-3.4,-0.2
2022,dowtije01,6.8,0.353,0.346,0.077,7.9,9.8,8.9,12.7,2.2,0.9,15.7,12.8,-0.1,0.1,0.0,-0.01,-5.7,0.1,-0.1
2022,gallola01,0.7,0.269,0.615,0.0,3.1,14.7,9.0,13.7,0.4,0.0,18.8,12.8,-0.3,0.1,-0.2,-0.1,-8.0,-1.8,-0.2
2022,brownch05,6.4,0.447,0.563,0.188,1.1,15.7,8.4,5.1,0.9,0.0,2.8,14.9,0.0,0.0,0.0,0.002,-4.3,-2.4,-0.1
2022,kornelu01,16.6,0.506,0.185,0.222,14.0,16.4,15.2,12.4,1.4,2.6,0.0,12.7,0.2,0.2,0.4,0.194,-0.9,0.4,0.0
2022,silvach01,11.6,0.641,0.0,0.8,16.5,28.2,22.4,10.6,0.0,1.2,28.3,13.8,0.1,0.1,0.3,0.137,-5.0,0.1,-0.1
2022,johnsty01,7.1,0.425,0.65,0.0,3.5,10.7,7.1,9.5,1.6,2.8,9.1,10.5,0.0,0.1,0.1,0.033,-3.9,0.8,0.0
2022,tuckera01,17.7,0.869,0.556,0.778,4.7,7.5,6.1,18.1,2.7,0.0,7.6,7.9,0.3,0.1,0.4,0.243,2.3,1.2,0.1
2022,fittsma01,10.7,0.553,0.526,0.0,3.5,25.2,14.7,12.7,0.0,0.0,9.5,14.6,0.1,0.1,0.1,0.097,-0.6,-0.5,0.0
2022,ennisja01,17.7,0.553,0.333,0.208,9.9,13.1,11.6,7.4,1.7,3.1,7.1,22.0,0.1,0.1,0.1,0.114,-0.1,-1.0,0.0
2022,watertr01,5.4,0.357,0.643,0.0,0.0,9.2,4.3,18.2,5.0,0.0,22.2,15.5,-0.1,0.1,0.0,-0.042,-7.8,0.1,-0.1
2022,careyve01,15.8,0.534,0.0,1.0,19.9,9.8,14.8,0.0,2.2,1.9,13.8,21.6,0.0,0.0,0.1,0.068,-3.0,-4.5,-0.1
2022,sneedxa01,0.4,0.25,0.8,0.0,5.5,10.9,8.3,3.3,0.0,0.0,0.0,11.0,-0.1,0.0,0.0,-0.056,-6.9,-3.7,-0.1
2022,stausni01,10.5,0.541,0.714,0.429,3.0,5.7,4.4,7.3,0.0,0.0,5.7,20.0,0.0,0.0,0.1,0.078,-0.9,-2.7,0.0
2022,jacksju01,7.7,0.472,0.6,0.133,3.0,16.9,10.1,7.1,0.0,0.0,5.9,19.7,0.0,0.0,0.0,0.032,-2.2,-1.1,0.0
2022,morgaju01,8.3,0.833,0.667,0.0,6.6,7.4,7.0,4.2,0.0,0.0,0.0,4.1,0.1,0.0,0.1,0.124,-3.3,-3.9,0.0
2022,mccluma01,5.2,0.621,0.5,0.167,0.0,12.9,6.5,5.2,1.9,3.6,31.8,16.3,0.0,0.0,0.0,-0.043,-8.4,-1.2,0.0
2022,jonesca03,-1.8,0.202,0.111,0.222,4.8,9.7,7.3,26.7,2.2,0.0,23.3,25.1,-0.2,0.0,-0.1,-0.285,-11.3,-4.2,-0.1
2022,wrighmo01,18.3,0.47,0.25,0.75,7.9,15.9,11.9,16.8,0.0,6.5,0.0,17.1,0.0,0.0,0.1,0.18,1.1,0.4,0.0
2023,bridgmi01,16.8,0.587,0.349,0.279,2.9,10.8,6.8,13.7,1.5,1.8,8.2,22.6,4.4,3.1,7.5,0.121,1.5,0.2,2.8
2023,dinwisp01,16.0,0.573,0.467,0.314,1.2,10.2,5.7,28.1,1.2,0.8,10.8,22.1,4.5,1.8,6.3,0.111,1.6,-0.9,1.8
2023,hartjo01,14.1,0.622,0.315,0.338,6.5,21.0,13.7,16.1,1.8,0.8,16.4,12.6,3.8,2.2,6.0,0.118,-0.2,1.1,1.8
2023,russeda01,16.3,0.605,0.517,0.228,1.7,8.5,5.2,27.4,1.4,1.1,15.1,22.7,3.1,1.9,5.1,0.106,2.1,-0.7,2.0
2023,irvinky01,22.4,0.613,0.412,0.227,3.0,12.3,7.7,25.4,1.4,1.7,8.8,28.9,5.4,2.0,7.4,0.159,4.8,-0.7,3.5
2023,beysa01,14.6,0.564,0.5,0.285,5.0,14.0,9.4,8.1,1.6,0.5,7.0,20.2,2.6,1.2,3.9,0.087,0.9,-1.2,0.9
2023,westbru01,16.1,0.513,0.289,0.317,4.7,16.5,10.8,38.6,1.7,1.3,18.4,27.7,-0.6,2.6,1.9,0.044,0.3,-0.1,1.2
2023,beaslma01,10.9,0.531,0.702,0.069,1.8,12.5,7.3,8.4,1.5,0.4,8.5,21.1,-0.2,1.6,1.4,0.032,-0.9,-1.0,0.0
2023,plumlma01,19.6,0.689,0.0,0.647,11.8,25.1,18.4,17.3,1.1,2.0,15.8,15.2,5.5,2.4,7.9,0.185,1.2,1.0,2.2
2023,conlemi01,14.7,0.583,0.575,0.277,1.8,7.9,4.9,29.4,1.7,0.6,13.1,16.3,4.1,1.4,5.5,0.13,1.0,-0.1,1.5
2023,finnedo01,9.2,0.523,0.675,0.118,6.5,11.5,9.0,6.7,1.4,1.6,10.5,13.2,0.6,1.6,2.1,0.051,-1.7,-0.3,0.0
2023,gordoer01,11.8,0.587,0.545,0.265,0.9,6.7,3.8,13.4,1.1,1.2,12.5,17.8,1.8,0.5,2.3,0.056,-0.5,-1.4,0.1
2023,mcdanja01,11.8,0.557,0.376,0.224,3.6,16.3,9.9,9.6,2.1,1.6,12.1,17.2,0.5,2.2,2.7,0.068,-2.7,0.6,-0.1
2023,poeltja01,21.0,0.635,0.002,0.325,13.0,25.5,19.0,15.2,1.7,4.0,15.0,18.2,3.7,2.2,6.0,0.15,1.1,0.8,1.9
2023,vandeja01,15.1,0.604,0.2,0.308,10.0,23.2,16.7,13.1,2.1,0.9,15.9,13.6,2.7,2.5,5.2,0.132,-0.6,1.6,1.5
2023,beverpa01,8.9,0.534,0.664,0.181,2.7,12.0,7.5,13.3,1.7,2.0,13.4,10.6,0.8,2.1,3.0,0.079,-2.9,1.7,0.3
2023,duranke01,25.9,0.677,0.267,0.387,1.2,19.5,10.5,24.5,1.0,3.4,13.4,30.7,4.7,2.1,6.8,0.194,6.0,1.2,3.9
2023,jacksre01,10.0,0.514,0.45,0.122,1.7,8.0,4.9,20.0,1.4,0.3,14.6,20.8,-0.6,1.2,0.6,0.018,-2.9,-1.1,-0.8
2023,richajo01,12.3,0.555,0.529,0.146,2.9,9.9,6.3,15.8,2.2,1.2,12.7,18.4,0.6,1.1,1.8,0.055,-1.0,-0.1,0.3
2023,hachiru01,13.2,0.556,0.274,0.204,4.1,16.5,10.5,5.8,0.6,1.5,7.7,20.2,0.6,1.3,1.8,0.06,-1.3,-1.0,-0.1
2023,grahade01,12.5,0.552,0.784,0.304,1.6,8.7,5.1,19.4,1.6,1.1,9.8,17.1,1.5,1.0,2.5,0.091,0.1,-0.2,0.6
2023,rosste01,10.2,0.544,0.555,0.073,1.8,11.2,6.5,10.2,1.3,0.7,8.2,16.8,0.5,1.2,1.6,0.059,-1.8,-0.3,0.0
2023,kennalu01,13.0,0.684,0.704,0.102,1.2,11.8,6.6,9.4,1.2,0.3,10.3,14.5,2.2,1.2,3.4,0.124,0.6,-0.1,0.8
2023,loveke01,13.1,0.548,0.698,0.215,5.5,32.6,18.9,13.2,0.6,0.9,13.1,19.2,0.6,2.0,2.6,0.099,0.2,0.4,0.8
2023,thybuma01,10.5,0.552,0.585,0.111,3.9,9.7,6.8,5.9,3.4,2.4,8.3,10.6,0.6,1.5,2.1,0.086,-2.7,2.2,0.4
2023,johnsca02,17.1,0.617,0.538,0.253,3.2,14.0,8.6,9.6,2.0,1.0,6.6,20.6,2.1,1.4,3.5,0.142,2.0,0.6,1.4
2023,nworajo01,12.2,0.561,0.474,0.193,4.7,15.8,10.4,10.5,1.0,1.0,12.0,19.4,0.5,1.0,1.5,0.06,-0.8,-1.3,0.0
2023,hylanbo01,14.9,0.535,0.552,0.179,2.1,11.8,7.1,23.4,1.8,1.2,11.7,28.0,0.3,1.1,1.4,0.062,0.4,-1.2,0.3
2023,bryanth01,19.7,0.682,0.16,0.341,8.9,24.6,17.0,4.3,0.7,2.4,8.2,18.2,2.7,1.4,4.1,0.183,1.1,-0.5,0.7
2023,bartowi01,10.0,0.493,0.495,0.129,1.7,13.5,7.7,15.4,1.4,1.1,11.1,18.9,-0.4,0.8,0.4,0.021,-2.0,-0.6,-0.2
2023,reddica01,10.6,0.561,0.462,0.24,2.0,8.1,5.0,8.1,1.9,1.3,12.0,17.1,0.3,0.7,0.9,0.046,-2.6,-0.8,-0.4
2023,nunnke01,11.1,0.53,0.496,0.091,1.8,10.3,6.2,13.8,1.4,0.6,12.4,23.7,-0.6,0.8,0.2,0.008,-2.0,-1.5,-0.4
2023,knoxke01,11.1,0.579,0.56,0.181,3.9,17.3,10.5,5.2,1.2,1.1,12.2,18.4,0.2,0.5,0.7,0.034,-2.1,-1.4,-0.4
2023,muscami01,13.0,0.608,0.709,0.178,4.2,19.1,11.6,7.1,0.8,2.3,6.8,15.1,1.4,1.1,2.5,0.128,-0.3,-0.1,0.4
2023,alexani01,11.6,0.565,0.539,0.203,1.9,10.5,6.3,16.7,1.7,2.0,14.6,17.9,0.3,0.8,1.1,0.062,-1.4,0.4,0.2
2023,dragigo01,10.3,0.514,0.433,0.134,2.1,8.2,5.2,24.3,0.7,0.4,15.1,21.1,-0.3,0.7,0.4,0.025,-2.1,-1.8,-0.4
2023,wisemja01,15.6,0.589,0.059,0.286,9.2,25.2,17.0,5.5,0.4,2.7,11.8,21.2,0.7,0.7,1.4,0.077,-2.1,-1.4,-0.3
2023,hillge01,10.6,0.61,0.572,0.331,2.0,8.6,5.4,16.7,1.5,0.6,15.2,11.3,1.1,0.8,1.9,0.107,-2.4,0.9,0.1
2023,saricda01,13.5,0.583,0.415,0.274,7.1,21.4,14.1,12.7,1.2,0.8,15.1,19.2,0.7,1.0,1.7,0.099,-1.5,0.1,0.1
2023,bambamo01,15.7,0.602,0.515,0.257,8.5,24.2,16.4,8.7,0.8,5.3,10.1,16.6,1.1,1.1,2.2,0.139,-0.2,0.7,0.5
2023,hamptrj01,10.8,0.558,0.489,0.321,2.6,10.5,6.5,10.4,1.7,1.1,13.4,17.8,0.1,0.5,0.7,0.042,-2.3,-0.6,-0.2
2023,holidju01,6.6,0.494,0.701,0.039,0.8,8.1,4.4,7.5,1.3,2.3,9.6,14.1,-0.4,0.5,0.1,0.008,-3.7,-0.1,-0.3
2023,toscaju01,7.2,0.505,0.301,0.168,4.4,14.4,9.5,11.8,1.1,1.2,18.1,11.3,-0.1,0.6,0.5,0.038,-4.6,0.8,-0.3
2023,warretj01,13.5,0.55,0.248,0.13,4.2,15.4,9.8,8.7,1.6,1.5,6.5,19.5,0.4,0.8,1.2,0.081,-1.7,-0.2,0.0
2023,mathega01,9.7,0.573,0.896,0.264,1.7,10.0,5.8,5.1,1.7,0.7,7.8,14.7,0.7,0.3,1.0,0.067,-2.0,-0.4,-0.1
2023,mamuksa01,13.4,0.516,0.43,0.248,11.2,19.0,15.1,12.8,1.0,1.5,12.1,18.2,0.4,0.5,0.9,0.063,-1.1,-1.3,-0.1
2023,omorueu01,10.9,0.533,0.39,0.329,7.1,11.8,9.4,6.3,2.1,0.4,11.5,19.3,0.1,0.5,0.6,0.042,-3.5,-0.9,-0.4
2023,bazleda01,13.1,0.524,0.29,0.383,5.8,18.5,12.1,8.3,1.7,5.1,11.2,16.4,0.1,0.9,1.0,0.078,-2.0,1.0,0.2
2023,jonesda03,12.9,0.719,0.198,0.337,9.7,17.7,13.8,4.1,0.8,3.7,18.9,10.7,0.7,0.5,1.2,0.119,-2.0,0.3,0.0
2023,mykhasv01,14.0,0.584,0.572,0.225,3.4,8.9,6.1,16.5,1.5,0.7,11.2,19.3,0.5,0.3,0.8,0.081,0.5,-0.7,0.2
2023,bitadgo01,17.1,0.582,0.208,0.336,15.0,18.7,16.8,12.1,1.7,5.3,13.3,15.4,0.8,0.6,1.3,0.141,-0.8,1.1,0.3
2023,dedmode01,15.5,0.577,0.258,0.325,9.1,28.3,18.5,9.5,1.1,4.4,12.7,20.6,0.3,0.7,1.0,0.115,-2.6,1.0,0.0
2023,fernabr01,16.6,0.571,0.036,0.446,14.5,22.8,18.6,10.8,0.7,8.1,15.7,16.3,0.5,0.4,0.9,0.109,-2.8,0.7,0.0
2023,edwarke02,8.4,0.502,0.591,0.161,6.9,11.1,9.0,7.5,1.7,1.4,11.5,12.7,0.1,0.3,0.4,0.048,-3.2,-0.7,-0.2
2023,leesa01,13.1,0.517,0.248,0.471,3.8,9.7,6.7,24.3,2.5,0.2,14.1,19.5,0.2,0.4,0.7,0.088,-2.7,0.9,0.0
2023,paytoga02,13.3,0.701,0.377,0.101,7.4,13.9,10.6,11.0,2.9,1.2,18.2,10.3,0.6,0.4,1.0,0.125,-1.2,1.5,0.2
2023,morrima02,10.4,0.553,0.617,0.087,4.2,18.2,11.3,12.2,1.2,1.2,13.1,17.2,0.1,0.4,0.4,0.059,-2.3,-0.4,-0.1
2023,reedda01,6.2,0.471,0.548,0.286,3.4,16.0,9.9,8.2,2.1,1.0,17.5,14.5,-0.4,0.4,0.1,0.008,-5.4,0.0,-0.3
2023,champju02,13.4,0.6,0.631,0.131,3.3,17.7,10.2,4.5,0.9,1.3,7.4,19.2,0.3,0.1,0.4,0.061,-0.6,-2.7,-0.1
2023,ryanma01,8.1,0.538,0.778,0.111,1.4,7.6,4.6,6.9,0.8,0.3,5.8,16.5,0.1,0.2,0.3,0.044,-1.9,-1.5,-0.1
2023,brownmo01,22.2,0.607,0.0,0.75,22.0,30.9,26.5,2.1,0.7,4.2,10.5,21.2,0.7,0.4,1.1,0.179,0.6,-1.2,0.1
2023,taylote01,11.0,0.557,0.253,0.147,11.4,8.4,9.9,5.1,0.5,2.0,10.1,14.2,0.2,0.1,0.3,0.054,-2.3,-1.8,-0.1
2023,kaminfr01,15.3,0.635,0.524,0.254,3.2,21.2,12.1,17.8,1.2,1.6,11.4,14.1,0.5,0.2,0.7,0.141,1.2,1.7,0.3
2023,noelne01,7.9,0.424,0.056,0.333,5.6,21.0,13.1,6.7,4.0,4.5,23.9,12.0,-0.3,0.3,0.0,0.007,-6.5,2.6,-0.1
2023,arcidry01,2.7,0.351,0.622,0.0,0.0,10.0,5.0,16.9,1.4,0.0,15.9,11.1,-0.2,0.1,-0.2,-0.043,-7.3,-1.5,-0.3
2023,smithdr01,11.4,0.475,0.422,0.067,1.4,15.9,8.7,19.3,3.1,2.5,6.1,13.8,0.1,0.3,0.3,0.099,-3.8,2.9,0.0
2023,greenda02,10.8,0.617,0.755,0.02,2.5,9.1,5.8,6.1,2.2,2.0,16.8,18.9,0.0,0.2,0.2,0.059,-2.1,0.2,0.0
2023,lawsoaj01,13.9,0.589,0.568,0.182,6.4,16.3,11.3,3.0,0.9,0.0,5.9,21.1,0.1,0.1,0.1,0.063,-1.5,-2.9,-0.1
2023,bouyeja01,6.5,0.504,0.429,0.143,1.6,8.4,4.9,7.8,2.8,2.9,21.2,11.8,-0.1,0.1,0.0,0.013,-5.8,1.6,0.0
2023,champju01,10.3,0.367,0.333,0.0,9.6,17.1,13.1,16.3,1.4,0.0,0.0,19.2,0.0,0.0,0.0,0.009,-5.1,-2.8,-0.1
2024,siakapa01,19.7,0.601,0.194,0.312,5.8,18.1,11.9,19.4,1.1,0.8,8.9,25.3,5.4,1.5,6.9,0.124,2.6,-0.7,2.7
2024,schrode01,13.3,0.55,0.397,0.23,1.7,9.2,5.3,28.0,1.2,0.6,13.0,20.3,2.3,1.0,3.3,0.063,-0.5,-1.3,0.1
2024,washipj01,12.2,0.537,0.509,0.179,4.2,16.5,10.3,9.3,1.6,2.4,9.9,19.1,0.0,1.9,1.9,0.04,-1.7,-0.4,-0.1
2024,hieldbu01,13.3,0.578,0.668,0.069,3.1,10.9,7.0,14.5,1.6,1.6,10.5,19.2,1.9,1.6,3.5,0.077,1.0,-0.6,1.3
2024,dinwisp01,11.7,0.543,0.575,0.328,1.5,9.0,5.2,22.7,1.2,0.9,11.1,16.6,2.3,1.3,3.6,0.081,-1.3,-0.6,0.1
2024,willigr01,10.6,0.588,0.555,0.231,4.4,12.2,8.3,11.3,1.0,1.6,14.1,15.9,1.3,1.3,2.6,0.059,-1.9,-0.7,-0.3
2024,roziete01,17.3,0.555,0.411,0.198,1.9,12.0,6.8,27.5,1.5,1.0,8.9,25.9,2.3,1.6,3.9,0.091,2.2,-0.7,1.8
2024,quickim01,16.7,0.577,0.484,0.274,0.9,13.7,7.2,24.6,1.2,0.5,9.2,23.8,3.5,1.2,4.7,0.115,2.2,-0.9,1.7
2024,onealro01,11.1,0.548,0.783,0.065,3.4,17.9,10.7,15.0,1.5,2.0,11.6,13.9,1.3,2.1,3.4,0.085,-1.0,1.0,1.0
2024,brownbr01,11.6,0.563,0.282,0.244,3.1,14.0,8.5,13.2,1.5,0.8,11.8,16.5,1.2,1.0,2.2,0.058,-2.4,-1.0,-0.6
2024,barrerj01,16.4,0.58,0.284,0.331,3.1,16.0,9.5,16.7,0.8,1.1,11.1,26.5,1.6,1.2,2.9,0.075,0.7,-1.5,0.6
2024,gaffoda01,21.7,0.731,0.0,0.365,11.4,22.1,16.7,9.1,1.7,7.1,11.7,14.7,5.2,2.5,7.8,0.205,0.7,1.9,2.1
2024,olynyke01,17.4,0.661,0.312,0.362,6.7,19.0,12.9,27.6,2.0,1.5,20.9,17.5,3.5,1.4,4.9,0.133,0.7,1.1,1.7
2024,anunoog01,12.8,0.595,0.463,0.154,3.0,10.6,6.8,9.0,2.0,1.9,11.6,17.6,1.1,1.5,2.6,0.073,-1.0,0.5,0.6
2024,lowryky01,10.9,0.594,0.663,0.199,2.2,10.8,6.4,20.1,1.7,1.2,17.2,12.9,1.6,1.9,3.5,0.1,-1.9,0.9,0.4
2024,fontesi01,12.1,0.6,0.609,0.12,4.3,12.2,8.3,8.7,1.3,1.2,10.5,16.5,1.5,0.6,2.1,0.061,0.0,-1.0,0.4
2024,agbajoc01,7.7,0.497,0.487,0.129,4.9,9.6,7.2,6.6,1.4,2.4,12.3,13.4,-0.5,0.6,0.1,0.002,-3.5,-0.9,-1.0
2024,achiupr01,14.6,0.545,0.207,0.239,13.0,20.5,16.7,8.4,1.4,3.9,13.8,15.9,1.2,2.2,3.4,0.102,-1.7,0.3,0.2
2024,batumni01,10.2,0.603,0.723,0.082,5.0,13.1,9.0,10.7,1.5,2.3,13.1,8.6,1.7,1.6,3.3,0.103,-1.3,0.8,0.6
2024,bogdabo02,12.6,0.581,0.49,0.219,1.6,10.0,5.7,10.3,1.0,0.3,11.9,24.6,0.3,0.7,1.1,0.034,-0.7,-2.5,-0.4
2024,beverpa01,11.6,0.539,0.478,0.237,3.7,14.3,9.0,19.0,1.4,1.9,13.4,14.3,1.2,1.5,2.7,0.09,-1.5,0.5,0.3
2024,payneca01,12.8,0.566,0.555,0.139,1.8,8.1,4.9,21.9,1.6,0.8,11.4,19.1,1.4,1.0,2.4,0.089,-0.5,-0.6,0.3
2024,haywago01,12.8,0.548,0.223,0.298,3.4,13.0,8.1,18.3,1.6,1.0,12.6,18.4,0.6,0.9,1.5,0.058,-1.6,-0.5,0.0
2024,burksal01,12.9,0.536,0.58,0.293,2.2,11.8,6.9,10.7,1.1,0.9,7.0,24.4,0.7,0.7,1.4,0.054,-0.3,-2.0,-0.1
2024,roddyda01,8.7,0.484,0.401,0.166,4.8,15.2,9.8,10.3,1.1,0.9,11.5,18.1,-0.9,1.0,0.1,0.004,-4.0,-1.0,-0.9
2024,micicva01,10.7,0.524,0.416,0.203,1.3,7.1,4.2,31.1,1.3,0.6,19.7,18.8,-0.1,0.4,0.4,0.015,-2.5,-2.2,-0.8
2024,goodwjo01,12.6,0.451,0.369,0.154,9.3,17.3,13.3,20.9,2.2,1.6,12.1,19.0,-0.2,1.4,1.2,0.054,-1.5,0.5,0.3
2024,baglema01,19.4,0.629,0.056,0.309,13.1,19.2,16.1,8.1,0.9,2.6,11.3,21.0,2.0,0.7,2.7,0.122,1.0,-1.4,0.4
2024,bantoda01,13.3,0.504,0.398,0.24,4.2,15.2,9.5,19.4,1.6,1.7,12.2,25.7,-0.4,0.9,0.5,0.024,-0.7,-0.6,0.2
2024,grimequ01,8.9,0.516,0.732,0.137,1.6,9.3,5.5,8.7,1.7,0.6,7.5,15.8,0.3,1.0,1.3,0.06,-2.6,0.4,-0.1
2024,theisda01,14.4,0.597,0.242,0.171,9.8,17.1,13.6,8.3,1.0,4.5,11.8,15.4,1.4,1.2,2.5,0.119,-1.7,0.1,0.1
2024,manntr01,13.7,0.559,0.399,0.187,2.2,15.0,8.5,24.1,2.5,0.3,16.0,18.2,0.4,0.8,1.2,0.058,-1.7,0.4,0.2
2024,tillmxa01,12.2,0.472,0.29,0.179,7.7,16.1,11.8,11.3,2.6,4.2,10.1,14.8,-0.1,1.6,1.4,0.071,-3.1,1.9,0.2
2024,mcderdo01,9.1,0.6,0.806,0.067,1.2,6.0,3.6,10.3,0.8,0.2,8.7,14.9,0.6,0.3,0.9,0.046,-1.5,-1.9,-0.3
2024,flynnma01,11.9,0.533,0.52,0.218,2.6,12.0,7.2,21.1,2.1,0.8,15.0,20.4,-0.1,0.6,0.5,0.029,-2.0,-0.2,0.0
2024,metuch01,13.3,0.61,0.385,0.262,5.5,19.6,12.7,7.4,2.4,1.6,16.0,16.2,0.5,1.1,1.5,0.085,-2.1,0.8,0.2
2024,browntr01,8.8,0.51,0.624,0.164,3.5,16.0,9.8,9.7,1.4,0.3,11.0,14.3,0.0,0.9,0.8,0.048,-2.8,0.2,-0.1
2024,morrima03,9.9,0.558,0.451,0.167,3.1,15.2,9.1,6.1,0.9,1.4,9.6,16.6,0.2,0.8,1.0,0.06,-2.5,-1.3,-0.4
2024,biyombi01,9.9,0.562,0.0,0.412,8.3,21.1,14.5,9.5,0.7,4.4,21.3,10.7,0.1,1.0,1.1,0.066,-4.8,1.4,-0.3
2024,martike04,9.9,0.563,0.155,0.227,6.0,13.6,9.7,9.4,1.5,1.5,13.9,13.4,0.3,0.8,1.1,0.071,-4.0,-0.1,-0.4
2024,wrighde01,13.6,0.505,0.362,0.239,2.7,10.0,6.3,20.8,3.5,1.3,6.3,12.8,0.8,0.9,1.7,0.109,-2.0,2.5,0.5
2024,nworajo01,13.7,0.565,0.438,0.177,4.3,19.1,11.6,12.3,1.8,1.6,14.1,22.4,-0.1,0.6,0.5,0.034,-1.1,-1.5,-0.1
2024,gilyaja01,11.1,0.573,0.84,0.013,1.4,6.0,3.6,27.7,2.3,0.7,16.6,11.1,0.8,0.6,1.4,0.095,-2.0,0.6,0.1
2024,bertada01,11.6,0.583,0.855,0.141,1.5,8.8,5.1,7.2,1.9,1.7,6.8,17.4,0.5,0.4,0.9,0.061,-0.8,-0.6,0.1
2024,bateske01,11.5,0.534,0.416,0.253,5.5,12.8,9.3,7.4,1.8,2.9,7.5,13.0,0.5,0.8,1.3,0.091,-1.5,0.4,0.2
2024,gallida01,13.4,0.601,0.489,0.516,3.4,15.3,9.3,11.6,1.1,0.8,9.0,17.2,1.0,0.3,1.3,0.098,-0.8,-1.0,0.0
2024,curryse01,9.9,0.519,0.529,0.152,3.2,9.0,6.1,9.7,1.7,0.9,8.8,16.8,0.1,0.4,0.5,0.04,-2.6,-0.6,-0.2
2024,muscami01,7.5,0.47,0.615,0.16,7.0,15.8,11.3,7.6,0.7,1.8,11.6,13.4,-0.2,0.3,0.1,0.009,-3.9,-1.4,-0.5
2024,miltosh01,9.2,0.499,0.328,0.251,2.8,11.5,7.3,14.4,1.6,0.9,12.5,18.7,-0.2,0.8,0.6,0.048,-4.3,0.6,-0.3
2024,fournev01,8.5,0.464,0.588,0.163,0.9,10.4,5.6,11.6,2.4,1.0,8.1,19.0,-0.5,0.4,-0.1,-0.005,-4.7,0.3,-0.3
2024,jemistr01,11.8,0.582,0.0,0.184,11.7,13.9,12.8,7.1,1.0,4.6,18.8,13.5,0.3,0.6,0.9,0.073,-4.7,-0.4,-0.5
2024,stevela01,14.6,0.516,0.192,0.225,6.9,18.2,12.4,7.9,2.0,3.6,8.3,22.2,0.0,0.8,0.8,0.068,-2.2,-0.1,0.0
2024,holmeri01,14.5,0.593,0.02,0.32,13.7,21.8,17.7,6.0,0.9,2.9,12.5,14.7,0.8,0.5,1.3,0.114,-2.4,-0.8,-0.2
2024,sprinja01,10.7,0.49,0.324,0.284,7.1,9.8,8.4,11.5,3.5,2.7,17.0,17.1,-0.3,0.8,0.6,0.052,-4.9,1.5,-0.2
2024,covinro01,13.6,0.58,0.571,0.265,6.9,15.2,11.0,6.3,3.9,3.4,9.1,10.7,0.6,0.9,1.5,0.145,-1.1,3.2,0.5
2024,tuckepj01,5.9,0.507,0.7,0.06,6.7,12.9,9.8,3.9,1.6,1.3,13.5,5.3,0.2,0.5,0.7,0.068,-4.0,0.4,-0.2
2024,morrimo01,13.2,0.508,0.458,0.124,1.7,11.5,6.8,20.0,2.0,1.7,4.2,15.5,0.5,0.7,1.2,0.123,-0.8,1.5,0.3
2024,watanyu01,4.7,0.474,0.733,0.147,2.8,10.1,6.5,4.2,1.3,1.3,13.3,13.3,-0.5,0.4,-0.1,-0.009,-5.3,-1.1,-0.5
2024,youngth01,15.9,0.598,0.065,0.139,11.7,14.5,13.0,17.9,2.5,1.0,11.6,12.6,0.9,0.4,1.3,0.138,-0.5,0.8,0.2
2024,mayssk01,12.0,0.466,0.34,0.107,2.5,8.9,5.6,29.1,2.4,0.8,10.7,18.4,0.1,0.3,0.4,0.044,-2.1,0.1,0.0
2024,millspa02,7.2,0.467,0.664,0.084,2.3,7.1,4.7,11.1,2.4,0.2,10.5,15.9,-0.3,0.4,0.1,0.009,-5.0,0.4,-0.3
2024,pokusal01,12.7,0.525,0.455,0.339,4.6,20.4,12.3,12.0,1.8,3.0,12.0,17.2,0.0,0.4,0.4,0.05,-1.8,-0.1,0.0
2024,evbuoto01,9.9,0.616,0.451,0.352,5.3,13.0,9.1,5.9,0.8,1.2,9.9,10.6,0.4,0.2,0.5,0.071,-2.4,-0.7,-0.1
2024,lewiski01,8.6,0.441,0.359,0.217,3.8,7.0,5.4,18.8,1.7,0.7,12.2,18.5,-0.2,0.2,0.0,-0.005,-4.4,-1.4,-0.3
2024,nowelja01,9.2,0.494,0.372,0.115,3.0,9.6,6.2,13.6,0.9,0.8,7.9,17.8,0.0,0.1,0.1,0.016,-4.1,-1.4,-0.2
2024,maledth01,3.2,0.385,0.429,0.214,2.0,10.8,6.3,17.8,1.6,0.0,19.0,19.6,-0.6,0.1,-0.5,-0.122,-8.3,-2.1,-0.5
2024,gibsota01,5.9,0.449,0.27,0.054,6.6,13.8,10.2,6.9,0.7,3.2,11.7,9.0,0.0,0.2,0.2,0.044,-5.3,0.1,-0.2
2024,loftoke01,14.7,0.537,0.308,0.333,6.6,14.6,10.5,25.7,1.5,2.3,13.5,22.1,0.1,0.2,0.3,0.068,-0.6,0.3,0.1
2024,bazleda01,13.9,0.68,0.267,0.4,5.8,14.4,10.1,6.0,1.9,4.1,18.5,11.9,0.2,0.1,0.3,0.084,-0.9,0.5,0.1
2024,boldema01,16.0,0.691,0.04,0.16,9.0,22.8,15.8,4.8,1.2,5.4,10.1,10.9,0.2,0.1,0.3,0.134,-2.1,-0.5,0.0
2024,windldy01,14.2,0.717,0.9,0.0,2.9,13.4,8.1,12.3,0.9,0.0,6.3,12.5,0.3,0.0,0.3,0.14,1.7,-1.0,0.1
2024,gilesha01,14.8,0.503,0.28,0.26,12.8,20.0,16.4,10.5,1.0,2.7,9.7,26.7,0.0,0.1,0.1,0.027,-2.7,-2.0,-0.1
2024,bouyeja01,1.5,0.375,0.321,0.0,3.4,19.2,11.0,15.9,0.5,0.0,24.3,16.5,-0.3,0.1,-0.3,-0.129,-10.2,-2.0,-0.2
2024,rolliry01,22.0,0.638,0.148,0.63,2.7,15.4,8.9,25.0,6.0,3.1,18.8,23.0,0.1,0.1,0.3,0.155,0.6,5.1,0.2
2024,wainris01,8.9,0.462,0.833,0.083,5.8,20.8,12.7,2.0,3.2,1.5,7.4,18.5,0.0,0.1,0.0,0.029,-2.9,0.5,0.0
2024,fudgeal01,9.8,0.472,0.333,0.133,11.3,2.7,6.9,0.0,3.6,0.0,11.2,19.2,0.0,0.0,0.0,-0.007,-3.7,-1.5,0.0
2024,diakima01,18.6,0.694,0.167,1.0,4.5,13.8,9.1,13.5,2.1,3.5,10.4,17.0,0.1,0.0,0.1,0.168,0.8,2.7,0.0
2024,petrufi01,5.1,0.521,0.0,1.0,0.0,11.2,5.5,0.0,0.0,0.0,0.0,12.3,0.0,0.0,0.0,0.029,-4.7,-3.3,0.0
2025,lavinza01,17.3,0.639,0.438,0.233,0.9,12.0,6.5,18.3,1.1,0.4,13.4,25.3,3.7,1.4,5.1,0.094,2.3,-1.6,1.8
2025,foxde01,18.3,0.56,0.328,0.273,2.7,12.1,7.4,27.2,2.0,1.1,11.8,28.3,2.6,1.7,4.3,0.093,1.3,-1.0,1.3
2025,chrisma02,10.4,0.57,0.532,0.258,2.0,11.2,6.7,9.2,1.5,1.3,11.8,15.2,1.1,1.6,2.7,0.06,-2.1,-0.5,-0.3
2025,schrode01,12.7,0.531,0.449,0.261,1.4,9.2,5.2,28.7,1.5,0.6,13.3,21.6,1.5,1.7,3.2,0.073,-1.3,-0.9,-0.1
2025,mitchda01,10.2,0.573,0.443,0.176,1.9,7.1,4.5,24.2,1.7,0.8,20.0,13.6,1.3,1.6,3.0,0.07,-2.8,0.2,-0.3
2025,grimequ01,15.9,0.595,0.512,0.26,3.2,14.7,8.9,17.7,1.8,1.0,13.3,22.8,2.0,1.4,3.4,0.081,1.3,-0.9,1.2
2025,kuzmaky01,10.6,0.514,0.369,0.238,3.0,17.1,10.2,12.1,0.9,0.9,13.5,24.0,-2.3,1.3,-0.9,-0.024,-2.9,-2.0,-1.4
2025,wiggian01,16.4,0.566,0.415,0.306,5.1,10.8,7.9,13.5,1.6,2.6,9.4,24.5,1.9,2.1,4.0,0.104,1.2,-0.3,1.4
2025,finnedo01,10.1,0.604,0.722,0.103,5.0,10.4,7.7,6.9,1.6,1.2,11.0,12.3,1.5,1.4,2.9,0.078,-1.1,0.1,0.5
2025,doncilu01,24.1,0.587,0.469,0.385,2.6,22.6,12.8,36.1,2.5,1.1,13.0,33.9,3.5,2.4,5.9,0.16,5.5,1.2,3.9
2025,butleji01,22.4,0.626,0.174,0.657,7.7,10.8,9.2,25.5,2.2,1.0,8.8,20.8,6.6,2.0,8.7,0.238,4.0,1.0,3.0
2025,huntede01,15.9,0.623,0.509,0.333,2.7,13.4,8.1,7.5,1.4,0.7,8.6,22.8,3.0,1.4,4.4,0.122,1.2,-0.8,1.0
2025,davisan02,26.3,0.588,0.136,0.405,9.1,29.1,19.4,18.3,1.7,6.0,9.5,30.4,3.7,3.0,6.7,0.188,3.9,1.5,3.2
2025,niangge01,11.2,0.607,0.66,0.094,3.1,14.3,8.7,8.8,0.8,0.8,11.3,17.9,1.5,1.4,2.9,0.081,-1.1,-1.2,-0.1
2025,huertke01,11.3,0.544,0.647,0.081,2.0,11.3,6.7,12.6,1.9,1.3,9.7,17.5,0.6,1.3,1.9,0.054,-1.8,-0.2,0.0
2025,leverca01,15.2,0.582,0.474,0.259,2.8,11.0,6.9,18.1,1.7,1.9,10.2,19.4,2.4,1.6,4.0,0.119,0.8,0.1,1.2
2025,valanjo01,20.8,0.602,0.059,0.263,13.3,30.7,22.0,17.6,1.2,2.8,14.6,22.8,2.6,1.7,4.3,0.137,0.8,-0.1,1.0
2025,porteke02,15.4,0.531,0.271,0.259,3.2,17.3,10.4,25.9,2.7,0.9,15.8,25.4,-0.1,2.3,2.2,0.072,-1.6,0.9,0.5
2025,russeda01,14.0,0.522,0.564,0.227,1.5,11.0,6.2,31.2,1.9,1.5,13.3,24.0,0.7,1.3,1.9,0.063,0.0,-0.4,0.6
2025,mannte01,12.0,0.584,0.395,0.165,5.3,10.4,7.8,11.7,1.6,1.0,9.6,14.7,1.7,1.3,3.0,0.101,-1.4,0.0,0.2
2025,laravja01,12.6,0.591,0.421,0.341,7.2,13.3,10.3,14.6,2.2,1.6,18.2,14.4,1.4,1.5,2.9,0.104,-0.8,1.1,0.8
2025,bogdabo01,11.1,0.559,0.587,0.134,2.0,11.2,6.6,15.2,1.5,0.8,12.4,18.7,0.7,1.2,1.9,0.069,-1.8,-0.2,0.0
2025,greenja02,10.7,0.541,0.491,0.265,5.0,13.9,9.4,5.9,2.5,2.4,9.1,11.8,0.7,0.9,1.6,0.063,-2.8,0.5,-0.1
2025,richani01,16.6,0.634,0.006,0.461,13.1,27.5,20.4,5.9,0.5,4.2,16.3,17.3,1.8,1.2,3.0,0.114,-2.0,-1.3,-0.4
2025,martica02,9.6,0.513,0.339,0.322,4.8,11.7,8.2,10.7,1.9,1.8,13.9,14.4,0.0,0.7,0.6,0.025,-2.9,-0.2,-0.4
2025,martico01,11.3,0.509,0.465,0.188,4.8,15.9,10.3,13.0,2.4,2.7,12.7,14.7,0.1,1.2,1.3,0.054,-2.8,1.1,0.1
2025,simmobe01,12.4,0.539,0.0,0.148,4.6,20.3,12.2,37.0,1.7,2.0,30.0,13.2,0.5,1.3,1.8,0.078,-2.3,1.8,0.4
2025,nurkiju01,15.2,0.555,0.298,0.364,8.8,32.0,20.5,16.8,1.9,3.1,19.2,20.6,0.0,1.5,1.5,0.066,-2.2,0.9,0.2
2025,butleja02,15.6,0.549,0.373,0.201,2.5,9.3,5.8,33.8,2.0,1.2,14.0,23.6,1.0,0.4,1.4,0.063,0.5,-1.5,0.3
2025,anderky01,15.1,0.538,0.231,0.215,5.7,16.8,11.2,20.7,2.0,3.1,10.0,15.9,1.3,1.5,2.8,0.135,-0.6,2.2,0.9
2025,colliza01,16.0,0.605,0.351,0.258,11.1,19.9,15.6,15.6,1.4,2.6,15.1,17.1,1.7,1.0,2.7,0.132,-0.8,0.8,0.5
2025,bryanth01,17.2,0.614,0.461,0.199,9.7,19.2,14.5,7.6,1.4,3.9,7.9,17.1,1.8,1.2,3.1,0.152,0.7,0.0,0.6
2025,brownbr01,10.9,0.504,0.262,0.21,4.5,14.9,9.6,12.8,1.8,1.0,10.4,17.2,0.1,0.6,0.7,0.035,-3.2,-0.6,-0.4
2025,martike04,10.2,0.618,0.289,0.234,3.6,11.8,7.6,7.4,0.9,2.3,9.8,11.5,1.1,0.2,1.3,0.068,-3.2,-0.3,-0.4
2025,jonestr01,16.3,0.617,0.202,0.282,3.7,9.9,6.8,28.6,1.9,1.0,11.6,14.1,2.3,0.6,2.9,0.155,0.5,1.0,0.8
2025,olynyke01,14.9,0.609,0.295,0.403,7.3,17.9,12.4,20.5,1.8,2.0,19.4,18.5,1.0,0.7,1.7,0.092,-1.1,0.4,0.3
2025,middlkh01,16.7,0.588,0.395,0.249,1.7,15.4,8.7,26.8,2.0,0.9,13.0,22.0,1.2,0.8,2.0,0.116,0.4,0.3,0.6
2025,miltosh01,11.9,0.563,0.417,0.232,4.2,9.9,7.0,18.3,1.5,0.5,12.5,16.7,0.8,0.5,1.3,0.077,-1.7,-0.5,0.0
2025,micicva01,6.5,0.462,0.458,0.15,2.7,9.6,6.0,24.3,0.9,0.0,20.9,19.9,-1.2,0.2,-1.0,-0.06,-4.6,-2.4,-1.0
2025,waterli01,8.8,0.504,0.747,0.044,2.7,12.8,7.6,9.1,1.7,1.3,7.3,14.8,0.1,0.9,1.0,0.062,-3.0,0.2,-0.2
2025,robinor01,12.9,0.519,0.199,0.268,12.1,18.7,15.4,14.0,1.1,2.0,14.4,18.5,0.4,0.8,1.2,0.072,-3.0,-0.4,-0.3
2025,eubandr01,15.6,0.622,0.031,0.366,8.9,24.1,16.5,10.6,0.8,5.0,15.4,15.1,1.0,0.7,1.7,0.107,-1.2,0.6,0.3
2025,smartma01,12.4,0.529,0.549,0.276,2.8,8.3,5.6,21.7,2.7,1.2,15.8,20.6,0.1,0.6,0.7,0.051,-1.6,0.1,0.1
2025,johnsaj01,7.1,0.48,0.423,0.174,1.3,8.3,4.8,17.1,0.9,0.4,13.2,17.4,-0.5,0.0,-0.4,-0.032,-5.6,-2.5,-1.0
2025,wrighde01,9.2,0.44,0.557,0.191,4.9,6.5,5.7,15.0,2.7,1.8,13.4,11.3,0.0,0.7,0.7,0.053,-2.8,1.4,0.1
2025,simsje01,10.0,0.639,0.0,0.183,12.9,22.0,17.6,6.4,0.8,2.8,30.1,7.6,0.5,0.7,1.3,0.096,-3.1,0.1,-0.2
2025,okogijo01,16.3,0.567,0.434,0.401,8.0,11.8,9.9,7.9,3.8,2.8,11.1,19.5,0.6,0.7,1.3,0.1,-0.1,1.6,0.6
2025,jonesco02,11.4,0.544,0.38,0.271,4.3,13.6,9.0,12.0,2.4,2.4,13.7,13.7,0.1,0.4,0.6,0.053,-3.3,0.4,-0.1
2025,paytoel01,8.5,0.34,0.049,0.057,3.1,13.9,8.3,43.3,2.3,2.1,32.1,15.2,-0.9,0.3,-0.6,-0.057,-5.1,-1.3,-0.6
2025,moorewe01,11.0,0.553,0.325,0.175,6.4,14.3,10.3,11.6,1.9,1.0,16.6,13.8,0.2,0.5,0.7,0.063,-2.6,-0.1,-0.1
2025,beekmre01,7.5,0.4,0.374,0.196,3.0,6.6,4.7,19.1,3.5,0.4,15.3,12.8,-0.4,0.5,0.1,0.01,-6.7,1.3,-0.4
2025,joneska01,20.2,0.804,0.046,0.294,9.6,19.7,14.8,7.9,1.6,4.6,12.8,13.0,1.4,0.7,2.1,0.216,1.4,1.5,0.6
2025,castlco01,11.3,0.536,0.163,0.388,13.0,17.9,15.4,8.9,0.9,2.2,16.7,13.4,0.3,0.4,0.7,0.075,-4.0,-1.0,-0.3
2025,bambamo01,13.9,0.557,0.482,0.241,8.8,30.5,19.7,6.0,1.1,7.4,13.9,15.2,0.2,0.8,1.0,0.117,-2.7,1.9,0.1
2025,roddyda01,11.9,0.561,0.488,0.208,3.4,19.5,11.2,11.5,1.6,2.0,13.9,16.0,0.1,0.4,0.5,0.062,-1.6,0.1,0.1
2025,jemistr01,8.9,0.537,0.0,0.446,12.4,17.1,14.8,5.5,1.1,3.6,21.3,12.4,0.0,0.3,0.3,0.037,-6.3,-0.5,-0.5
2025,lenal01,10.6,0.525,0.143,0.27,11.3,16.7,14.0,12.6,1.2,5.4,22.1,10.3,0.2,0.4,0.7,0.083,-3.9,1.2,-0.1
2025,sprinja01,10.7,0.511,0.533,0.422,5.1,12.1,8.6,12.1,3.2,1.0,13.0,14.3,0.1,0.4,0.5,0.07,-4.3,1.6,-0.1
2025,lewisma05,9.9,0.516,0.463,0.093,6.0,13.5,9.5,9.0,1.4,2.1,11.1,16.9,-0.1,0.3,0.2,0.03,-3.2,-1.1,-0.2
2025,millspa02,8.4,0.543,0.781,0.146,1.4,6.0,3.7,11.1,1.9,0.9,14.3,15.6,0.0,0.1,0.1,0.017,-3.2,0.0,-0.1
2025,hoodsja01,7.9,0.494,0.469,0.214,1.1,9.0,4.9,16.7,0.8,2.2,14.4,17.3,-0.2,0.1,-0.1,-0.015,-4.4,-2.5,-0.4
2025,craigto01,12.9,0.567,0.733,0.133,9.3,15.6,12.5,7.2,1.3,3.5,7.7,14.1,0.4,0.4,0.8,0.122,-1.0,0.1,0.1
2025,mclaujo01,12.3,0.6,0.639,0.306,2.1,8.5,5.3,21.0,2.5,0.3,16.4,13.3,0.4,0.2,0.6,0.098,-1.6,0.0,0.0
2025,baglema01,18.4,0.56,0.179,0.33,15.0,18.2,16.6,6.5,1.6,2.7,9.0,20.9,0.4,0.2,0.6,0.108,0.4,-1.6,0.1
2025,thorjt01,10.0,0.517,0.356,0.373,8.4,11.8,10.1,3.3,1.5,3.2,11.6,13.1,0.0,0.2,0.2,0.033,-4.3,-1.1,-0.2
2025,martija02,9.1,0.497,0.311,0.135,4.8,14.4,9.6,10.3,1.8,0.0,13.3,15.9,-0.1,0.1,0.0,-0.004,-4.5,-1.9,-0.3
2025,hylanbo01,16.0,0.576,0.695,0.22,2.4,9.3,5.9,20.1,3.7,1.7,16.2,28.2,0.1,0.4,0.5,0.095,0.9,1.8,0.3
2025,rhodeja01,16.4,0.602,0.448,0.287,6.5,13.5,9.9,10.5,2.1,0.8,8.4,19.7,0.4,0.2,0.6,0.131,-0.5,0.0,0.1
2025,reeseal01,14.0,0.641,0.759,0.222,4.5,20.8,12.3,2.6,2.3,4.5,9.2,13.2,0.3,0.2,0.5,0.109,-0.9,-0.3,0.0
2025,okekech01,15.3,0.641,0.7,0.075,11.7,15.5,13.5,10.5,1.3,2.0,6.8,9.8,0.5,0.1,0.6,0.145,1.6,-1.8,0.1
2025,quinole01,9.5,0.514,0.564,0.167,2.4,9.1,5.7,19.4,0.8,1.0,14.3,22.6,-0.1,0.0,-0.1,-0.025,-3.2,-2.9,-0.2
2025,swideco01,6.5,0.465,0.746,0.016,3.1,14.3,8.6,2.3,1.1,1.1,5.9,16.7,-0.2,0.1,0.0,-0.009,-4.9,-2.4,-0.2
2025,morrima02,6.0,0.385,0.514,0.086,2.1,13.1,7.8,17.5,0.6,1.7,6.4,20.5,-0.3,0.1,-0.2,-0.044,-5.2,-2.5,-0.2
2025,beaucma01,12.3,0.535,0.446,0.308,8.0,22.6,15.6,10.2,1.2,0.6,16.9,24.9,-0.1,0.2,0.1,0.02,-2.7,-1.6,-0.1
2025,nancepe01,8.5,0.578,0.75,0.063,4.0,12.9,8.4,9.7,0.7,1.4,10.8,11.7,0.1,0.1,0.2,0.064,-3.1,-1.7,-0.1
2025,kelleky01,12.1,0.644,0.0,0.455,10.4,23.4,16.8,5.3,0.4,2.1,13.2,10.3,0.2,0.1,0.3,0.102,-3.5,-1.9,-0.1
2025,brownmo01,22.4,0.706,0.0,0.224,11.3,29.0,20.3,2.9,2.4,2.9,17.0,23.5,0.2,0.2,0.4,0.146,-0.3,0.5,0.1
2025,cissosi01,6.7,0.471,0.433,0.3,7.4,12.4,9.9,17.7,0.9,0.8,24.5,16.6,-0.2,0.1,-0.1,-0.045,-4.8,-0.3,-0.1
2025,baldwpa01,16.2,0.721,0.657,0.114,4.8,19.7,12.3,4.6,1.3,1.7,12.0,16.4,0.1,0.1,0.2,0.098,2.4,-0.9,0.1
2025,toppija01,9.2,0.523,0.455,0.0,4.5,17.9,11.2,10.2,1.3,0.0,12.0,13.9,0.0,0.1,0.0,0.03,-1.8,-0.8,0.0
2025,newtotr01,-6.1,0.178,0.375,0.125,14.1,13.6,13.9,15.4,3.1,0.0,19.2,28.2,-0.1,0.0,-0.1,-0.33,-16.7,-4.0,-0.1
2019,bealbr01,20.8,0.581,0.37,0.278,3.1,11.7,7.4,24.1,1.9,1.6,11.0,28.4,5.9,1.7,7.6,0.12,3.8,-0.8,3.7
2019,hardeja01,30.6,0.616,0.539,0.449,2.5,17.8,10.0,39.5,2.7,1.7,14.5,40.5,11.4,3.8,15.2,0.254,9.4,1.6,9.3
2019,walkeke02,21.7,0.558,0.434,0.267,1.9,11.9,6.8,29.4,1.7,1.0,10.1,31.5,5.5,1.9,7.4,0.123,5.2,-1.0,4.4
2019,georgpa01,23.3,0.583,0.469,0.335,3.7,19.6,11.4,17.7,2.8,1.0,10.0,29.5,7.0,4.9,11.9,0.201,5.6,1.6,6.6
2019,lillada01,23.7,0.588,0.419,0.335,2.6,11.1,7.0,30.6,1.5,1.0,10.8,29.3,9.7,2.4,12.1,0.205,6.6,-0.3,6.0
2019,tuckepj01,9.2,0.547,0.74,0.113,4.7,14.4,9.5,4.6,2.3,1.2,10.3,9.5,2.0,3.0,5.0,0.086,-1.6,1.0,1.0
2019,duranke01,24.2,0.631,0.281,0.366,1.4,17.5,9.8,26.2,1.0,2.6,12.3,29.0,8.6,2.9,11.5,0.204,5.4,0.1,5.1
2019,simmobe01,20.0,0.582,0.006,0.446,6.9,20.0,13.7,34.2,2.0,1.8,19.3,22.1,4.6,3.6,8.2,0.146,2.2,1.3,3.8
2019,derozde01,19.6,0.542,0.034,0.336,2.2,16.4,9.4,27.6,1.6,1.1,11.7,27.9,3.6,2.6,6.3,0.112,1.0,0.1,2.2
2019,aldrila01,22.9,0.576,0.032,0.312,10.3,19.8,15.1,11.6,0.8,3.4,8.8,26.9,6.4,2.9,9.3,0.167,2.4,-0.6,2.6
2019,adamsst01,18.5,0.591,0.002,0.361,14.7,14.8,14.7,6.6,2.0,2.4,12.6,16.4,5.1,4.0,9.1,0.163,0.7,0.4,2.1
2019,thompkl01,16.6,0.571,0.427,0.113,1.6,10.1,6.0,10.5,1.5,1.5,7.2,25.6,2.9,2.3,5.3,0.095,1.1,-1.4,1.2
2019,drumman01,23.4,0.555,0.036,0.392,16.8,34.7,25.4,7.2,2.5,4.4,12.4,22.9,4.1,5.9,10.0,0.181,1.3,0.8,2.7
2019,gordoaa01,15.1,0.538,0.332,0.242,5.2,18.4,11.7,16.6,1.1,1.8,12.3,21.8,1.8,3.3,5.1,0.093,0.3,0.3,1.7
2019,westbru01,21.1,0.501,0.279,0.306,4.1,28.3,15.8,46.5,2.5,1.1,16.3,30.9,1.8,5.0,6.8,0.124,2.8,2.4,4.7
2019,griffbl01,21.0,0.581,0.389,0.41,4.0,20.1,11.8,27.1,1.0,0.9,13.8,30.2,5.1,2.9,8.0,0.147,4.9,0.2,4.7
2019,hieldbu01,17.5,0.587,0.479,0.142,4.1,12.4,8.1,11.9,1.0,1.1,9.2,25.1,4.3,1.6,5.9,0.108,3.5,-1.4,2.7
2019,grantje01,13.8,0.592,0.356,0.269,3.7,13.1,8.2,4.2,1.1,3.2,6.8,15.4,4.0,3.3,7.3,0.134,-0.4,0.6,1.5
2019,sextoco01,12.0,0.52,0.245,0.211,2.3,8.0,5.0,15.3,0.8,0.2,12.3,25.2,-0.1,-0.5,-0.6,-0.011,-1.4,-3.3,-1.8
2019,mitchdo01,17.2,0.537,0.339,0.259,2.5,10.5,6.6,21.2,2.0,0.9,11.3,31.6,1.3,3.7,5.0,0.092,1.2,0.1,2.2
2019,goberru01,24.6,0.682,0.0,0.733,13.2,30.2,21.9,9.6,1.2,5.8,12.1,17.8,8.7,5.7,14.4,0.268,3.0,2.5,4.8
2019,bogdabo02,16.1,0.613,0.367,0.29,1.5,12.7,7.2,9.5,1.3,0.0,10.2,22.4,3.9,2.8,6.8,0.126,1.3,-0.6,1.7
2019,inglejo01,13.4,0.581,0.602,0.153,1.5,12.2,7.0,26.1,1.8,0.6,18.4,17.5,2.5,3.6,6.0,0.113,0.3,1.1,2.2
2019,fournev01,12.3,0.536,0.421,0.159,1.6,9.4,5.4,17.6,1.4,0.4,11.9,22.1,0.8,2.5,3.2,0.061,-1.8,-0.6,-0.3
2019,siakapa01,18.7,0.628,0.226,0.32,5.4,17.5,11.6,14.6,1.4,1.7,12.5,20.8,5.7,3.6,9.3,0.175,1.6,0.8,2.8
2019,foxde01,18.1,0.544,0.211,0.378,1.7,10.8,6.2,33.2,2.4,1.5,15.0,24.5,3.2,2.5,5.6,0.106,1.3,0.2,2.3
2019,townska01,26.3,0.622,0.27,0.342,10.9,29.3,20.0,17.2,1.3,4.2,13.7,28.9,7.2,3.2,10.4,0.197,5.4,0.6,5.1
2019,wiggian01,12.4,0.493,0.288,0.245,3.5,11.4,7.4,10.9,1.3,1.6,9.3,24.4,-0.6,1.3,0.6,0.012,-1.2,-1.8,-0.6
2019,richajo01,14.0,0.536,0.448,0.225,2.3,8.8,5.5,17.9,1.5,1.2,9.1,20.9,3.0,2.6,5.6,0.106,0.1,0.2,1.5
2019,vucevni01,25.5,0.573,0.171,0.168,9.4,31.9,20.5,21.9,1.6,3.0,9.9,28.0,5.4,4.7,10.1,0.193,5.0,1.7,5.5
2019,jokicni01,26.3,0.589,0.224,0.292,9.8,27.6,18.7,37.0,2.1,1.9,15.4,27.4,7.5,4.3,11.8,0.226,6.2,2.9,7.0
2019,youngtr01,17.0,0.539,0.384,0.33,2.6,10.2,6.3,40.5,1.3,0.5,17.6,28.4,2.5,0.7,3.3,0.062,2.3,-2.8,0.9
2019,youngth01,16.2,0.569,0.174,0.161,8.7,14.4,11.7,12.0,2.4,1.3,12.0,18.0,3.0,3.9,6.9,0.133,0.4,1.1,2.2
2019,tatumja01,15.1,0.547,0.3,0.22,3.0,17.7,10.4,10.0,1.6,2.1,9.7,22.1,1.6,3.4,5.0,0.097,-0.4,0.2,1.1
2019,russeda01,19.4,0.533,0.419,0.135,2.3,11.2,6.8,41.3,1.9,0.6,13.6,31.9,2.4,2.6,5.0,0.097,4.0,-0.6,3.4
2019,murraja01,16.0,0.538,0.353,0.19,2.9,11.2,7.0,22.4,1.3,1.0,11.1,24.9,2.8,2.3,5.1,0.1,1.4,-0.8,1.6
2019,osmande01,11.5,0.536,0.443,0.214,2.0,14.8,8.1,12.1,1.2,0.4,11.0,18.6,1.2,0.2,1.5,0.029,-1.4,-1.8,-0.8
2019,bridgmi01,10.8,0.556,0.556,0.21,2.5,9.7,6.0,9.8,2.5,1.3,10.2,12.2,1.7,1.2,2.9,0.058,-2.0,0.4,0.3
2019,holidjr01,19.4,0.555,0.313,0.234,3.3,11.0,7.2,31.8,2.1,1.8,14.1,25.4,3.5,1.9,5.4,0.108,3.1,-0.1,3.1
2019,middlkh01,16.5,0.558,0.413,0.225,2.3,16.5,9.8,20.1,1.6,0.2,12.1,25.1,2.5,3.6,6.1,0.123,0.7,0.1,1.7
2019,redicjj01,15.1,0.602,0.589,0.248,0.9,7.2,4.1,12.9,0.6,0.6,8.1,21.9,4.6,1.2,5.9,0.118,2.2,-2.0,1.3
2019,mccolcj01,17.0,0.553,0.358,0.154,2.9,9.7,6.3,13.8,1.1,0.9,7.4,25.5,4.0,1.7,5.6,0.114,2.1,-1.0,1.8
2019,antetgi01,30.9,0.644,0.163,0.55,7.3,30.0,19.3,30.3,1.8,3.9,14.8,32.3,8.9,5.5,14.4,0.292,6.3,4.1,7.4
2019,batumni01,11.9,0.581,0.53,0.158,3.2,14.9,8.9,14.5,1.5,1.6,16.3,13.2,2.0,1.7,3.7,0.076,-0.7,0.4,1.0
2019,conlemi01,21.4,0.569,0.38,0.363,1.9,9.7,5.7,33.4,2.0,0.9,9.1,27.3,5.7,2.3,8.0,0.164,4.6,0.1,3.9
2019,curryst01,24.4,0.641,0.604,0.214,2.2,14.2,8.4,24.2,1.9,0.9,11.6,30.4,7.2,2.5,9.7,0.199,7.1,-0.5,5.1
2019,lopezbr01,14.6,0.597,0.651,0.169,1.5,15.0,8.7,5.7,1.0,6.5,8.9,16.7,2.3,4.3,6.7,0.138,0.4,1.8,2.4
2019,doncilu01,19.6,0.545,0.433,0.409,4.0,21.9,13.0,31.6,1.6,0.9,15.0,30.5,2.1,2.8,4.9,0.101,3.6,0.3,3.4
2019,schrode01,12.7,0.508,0.33,0.206,1.6,11.3,6.3,20.4,1.3,0.4,12.5,24.2,0.4,2.4,2.9,0.06,-1.3,-0.7,0.0
2019,kuzmaky01,14.0,0.546,0.388,0.23,2.7,14.1,8.5,11.5,0.8,0.9,10.0,23.8,1.2,1.9,3.1,0.065,-0.2,-1.2,0.4
2019,forbebr01,12.0,0.586,0.522,0.099,0.9,10.4,5.7,10.6,1.0,0.1,8.8,17.4,2.5,1.3,3.8,0.079,-0.3,-0.9,0.5
2019,harrijo01,13.5,0.645,0.516,0.178,2.4,10.9,6.7,11.9,0.8,0.6,13.0,17.0,3.8,1.7,5.5,0.116,0.8,-0.3,1.4
2019,aminual01,13.2,0.568,0.472,0.292,5.3,22.6,14.2,6.0,1.4,1.2,9.7,13.7,3.0,2.8,5.8,0.121,0.1,0.6,1.5
2019,jacksre01,15.2,0.547,0.45,0.225,2.1,8.5,5.2,24.7,1.2,0.3,11.4,24.5,3.1,1.9,5.0,0.105,1.3,-0.9,1.4
2019,bledser01,19.3,0.577,0.388,0.243,3.9,11.8,8.1,27.4,2.4,1.1,13.3,22.9,4.4,3.7,8.2,0.173,1.9,1.2,2.9
2019,augusdj01,15.7,0.616,0.459,0.309,1.9,7.8,4.8,26.9,1.1,0.1,14.3,17.2,5.0,1.9,6.9,0.146,1.1,-0.7,1.4
2019,lambje01,17.3,0.552,0.337,0.266,3.1,18.1,10.4,11.9,1.9,1.2,6.8,22.5,3.3,2.0,5.3,0.113,1.2,0.0,1.8
2019,capelca01,23.8,0.658,0.0,0.357,14.4,27.6,20.8,7.1,1.0,3.9,10.0,18.2,7.8,3.0,10.8,0.23,3.3,-0.3,2.8
2019,bookede01,20.2,0.584,0.33,0.362,1.9,11.3,6.5,34.1,1.2,0.5,15.4,32.9,3.3,0.3,3.5,0.076,3.3,-2.3,1.7
2019,randlju01,20.9,0.6,0.179,0.447,7.6,21.6,14.7,15.8,1.1,1.6,13.8,27.8,4.2,1.9,6.1,0.131,2.1,-0.6,2.0
2019,greenda02,13.0,0.632,0.69,0.07,3.0,12.2,7.7,7.7,1.6,2.0,10.4,14.1,3.0,2.9,5.9,0.128,1.1,0.8,2.2
2019,clarkjo01,16.8,0.539,0.377,0.163,3.9,9.9,6.8,15.6,1.3,0.5,9.6,27.6,1.9,-0.1,1.8,0.039,2.1,-2.6,0.8
2019,irvinky01,24.3,0.592,0.35,0.197,3.4,12.7,8.1,35.0,2.2,1.4,11.3,29.6,6.2,2.9,9.1,0.197,6.0,1.1,5.1
2019,caulewi01,18.0,0.566,0.003,0.343,8.2,23.7,15.8,12.3,2.0,2.0,9.0,17.5,3.8,2.9,6.7,0.146,0.2,1.1,1.8
2019,lowryky01,16.5,0.562,0.613,0.263,2.1,12.9,7.6,34.8,2.0,1.2,18.1,19.6,3.6,3.0,6.6,0.144,1.7,0.6,2.4
2019,smartma01,13.1,0.568,0.61,0.228,2.8,8.6,5.7,19.1,3.1,1.1,16.5,14.6,2.2,3.1,5.3,0.116,-1.2,2.0,1.5
2019,aytonde01,20.5,0.608,0.005,0.217,11.1,26.1,18.5,9.6,1.3,2.6,11.7,21.2,4.1,1.7,5.8,0.128,1.3,-1.1,1.2
2019,gilgesh01,13.4,0.554,0.194,0.272,2.9,8.3,5.7,17.8,2.1,1.6,15.0,18.3,1.5,1.9,3.3,0.074,-0.9,0.4,0.8
2019,lavinza01,18.7,0.574,0.283,0.33,2.0,12.9,7.4,22.6,1.3,1.0,14.2,30.5,1.7,1.1,2.8,0.062,2.4,-1.6,1.5
2019,crowdja01,12.1,0.538,0.655,0.247,3.1,15.9,9.6,8.9,1.4,1.1,8.8,19.1,1.3,3.1,4.4,0.097,-0.3,0.6,1.2
2019,satorto01,14.1,0.59,0.306,0.302,4.0,10.0,7.0,24.6,1.8,0.5,16.7,14.1,3.8,0.9,4.7,0.104,-0.4,-0.3,0.7
2019,harremo01,23.4,0.636,0.019,0.466,9.3,16.7,13.1,12.5,1.6,4.0,11.0,23.5,6.1,2.6,8.7,0.193,2.6,0.7,2.9
2019,knoxke01,8.7,0.475,0.398,0.247,2.9,13.6,8.1,6.0,1.0,0.9,10.1,22.3,-2.2,0.9,-1.3,-0.03,-3.4,-2.3,-2.0
2019,gordoer01,12.2,0.549,0.64,0.162,0.9,6.9,3.8,9.4,0.9,1.1,8.2,22.0,1.7,1.0,2.6,0.059,0.5,-1.8,0.4
2019,embiijo01,26.1,0.593,0.219,0.541,8.1,34.0,21.4,18.4,1.0,4.4,13.2,33.3,4.9,3.8,8.7,0.194,4.0,0.9,3.8
2019,rosste01,15.4,0.561,0.551,0.14,1.3,12.8,7.0,9.9,1.6,1.1,7.6,23.9,1.7,2.6,4.3,0.095,1.1,-0.3,1.5
2019,collida01,16.7,0.574,0.294,0.288,1.9,9.9,6.0,29.9,2.5,0.4,14.4,17.7,3.9,2.9,6.8,0.153,0.8,1.0,2.1
2019,beverpa01,11.8,0.561,0.591,0.258,3.9,15.0,9.6,18.4,1.5,1.6,13.8,12.2,2.8,2.0,4.8,0.108,-0.3,1.2,1.5
2019,willima02,12.6,0.548,0.586,0.132,3.8,17.1,10.3,6.1,1.6,2.5,6.4,14.9,1.9,1.9,3.8,0.086,-0.4,0.2,0.9
2019,turnemy01,18.0,0.567,0.251,0.258,5.4,22.0,13.9,8.0,1.4,8.4,10.3,20.0,1.9,4.4,6.3,0.144,0.0,2.4,2.4
2019,greenje02,13.6,0.608,0.466,0.3,2.9,13.3,8.0,9.2,1.0,1.6,11.5,17.8,2.8,0.8,3.6,0.083,0.0,-1.4,0.3
2019,allenja01,18.5,0.632,0.079,0.489,9.6,24.0,16.8,7.9,1.0,4.5,13.0,15.9,4.4,3.3,7.6,0.175,0.2,1.4,1.9
2019,morrima03,14.2,0.568,0.461,0.205,3.9,19.5,11.7,7.5,1.0,1.1,9.1,20.9,2.1,2.5,4.5,0.104,-0.2,-0.7,0.6
2019,greendr01,12.9,0.526,0.391,0.216,3.2,20.8,12.4,26.8,2.2,2.8,26.8,13.1,1.1,3.2,4.3,0.1,-1.3,2.7,1.8
2019,josepco01,11.0,0.474,0.312,0.078,2.1,12.6,7.5,20.7,2.2,0.9,12.4,13.7,0.5,2.9,3.5,0.081,-2.1,1.7,0.9
2019,gallida01,21.0,0.633,0.421,0.459,2.9,18.1,10.7,13.2,1.1,0.9,8.5,23.8,6.4,1.8,8.2,0.191,4.9,-0.5,3.3
2019,huertke01,10.1,0.533,0.537,0.085,3.0,9.7,6.3,14.5,1.5,1.1,13.8,15.7,0.7,0.7,1.5,0.034,-1.6,-0.8,-0.2
2019,leonaka01,25.8,0.606,0.267,0.377,4.2,18.6,11.6,16.4,2.5,1.0,8.4,30.3,6.1,3.4,9.5,0.224,6.1,1.1,4.7
2019,caldwke01,12.9,0.568,0.575,0.209,2.5,9.4,6.0,7.5,1.7,0.5,7.3,18.1,2.3,1.8,4.0,0.095,-0.3,-0.1,0.8
2019,ibakase01,18.7,0.582,0.193,0.202,8.6,23.2,16.1,7.7,0.7,4.3,10.7,22.9,2.8,3.3,6.1,0.146,0.2,0.1,1.2
2019,dotsoda01,10.8,0.526,0.49,0.14,1.7,12.2,6.8,10.4,1.4,0.4,8.7,17.3,0.7,0.9,1.5,0.037,-1.7,-0.8,-0.3
2019,isaacjo01,13.0,0.537,0.435,0.221,5.2,17.0,11.0,5.7,1.4,4.1,10.1,16.3,0.9,3.1,4.0,0.096,-1.4,1.0,0.8
2019,willilo02,21.2,0.554,0.256,0.426,2.2,9.4,5.9,33.0,1.3,0.4,11.8,32.4,3.9,1.2,5.1,0.123,4.3,-2.1,2.1
2019,jacksjo02,10.6,0.487,0.268,0.253,3.6,15.9,9.7,14.1,1.8,2.3,15.6,23.9,-2.8,1.1,-1.7,-0.04,-3.3,-1.2,-1.3
2019,finnedo01,11.0,0.53,0.481,0.195,7.5,13.4,10.5,6.9,1.7,1.5,11.4,14.0,1.2,2.0,3.3,0.079,-1.8,0.4,0.3
2019,nurkiju01,23.4,0.57,0.035,0.442,13.4,26.7,20.2,17.9,1.7,4.2,14.6,24.7,4.4,3.3,7.8,0.189,2.1,1.7,2.8
2019,horfoal01,20.2,0.605,0.281,0.131,6.5,18.3,12.4,21.2,1.4,3.9,11.8,18.9,4.5,2.9,7.5,0.181,3.3,1.9,3.6
2019,morrimo01,16.2,0.577,0.323,0.115,1.9,8.8,5.3,21.7,1.8,0.2,6.6,17.1,4.4,1.8,6.2,0.151,1.1,0.3,1.7
2019,arcidry01,11.6,0.588,0.519,0.244,1.5,10.8,6.1,18.9,1.6,0.2,12.0,11.7,2.8,0.9,3.7,0.09,-2.0,0.1,0.1
2019,winslju01,12.8,0.513,0.342,0.183,3.4,15.9,9.6,21.9,1.8,0.9,14.9,20.8,0.2,2.6,2.8,0.067,-1.3,0.6,0.7
2019,bogdabo01,14.1,0.53,0.431,0.188,2.1,11.0,6.4,19.3,1.7,0.7,11.1,22.3,1.3,1.4,2.7,0.067,-0.1,-0.6,0.7
2019,jamesle01,25.6,0.588,0.299,0.382,3.1,21.3,12.4,39.4,1.7,1.4,13.3,31.6,4.7,2.6,7.2,0.179,6.4,1.7,4.9
2019,bembrde01,10.8,0.508,0.281,0.221,2.9,16.9,9.7,14.7,2.5,1.8,17.4,17.2,-0.9,1.7,0.9,0.022,-3.3,0.8,-0.2
2019,fergute01,6.4,0.566,0.673,0.118,1.7,6.0,3.8,4.8,1.0,0.7,9.4,10.6,1.2,1.6,2.8,0.07,-3.9,0.1,-0.9
2019,dinwisp01,16.3,0.58,0.447,0.43,1.4,7.6,4.6,25.6,1.0,0.7,13.4,24.9,3.5,1.4,4.8,0.121,1.4,-0.8,1.3
2019,adebaba01,17.9,0.623,0.031,0.465,9.2,24.0,16.6,14.2,1.8,3.0,17.1,15.8,3.4,3.4,6.8,0.171,-0.4,2.2,1.8
2019,brownja02,13.5,0.547,0.348,0.255,3.6,13.9,8.7,7.7,1.7,1.5,10.1,22.1,0.7,2.4,3.0,0.076,-1.6,-0.4,0.0
2019,millspa02,13.2,0.572,0.609,0.155,1.4,8.9,5.2,17.6,1.3,0.4,11.6,18.5,2.2,1.2,3.5,0.087,0.4,-0.8,0.8
2019,rubiori01,14.0,0.52,0.348,0.312,1.9,11.8,6.9,32.1,2.3,0.4,17.8,22.7,0.9,2.8,3.7,0.095,-1.0,0.8,0.9
2019,millspa01,17.9,0.57,0.239,0.374,8.7,20.2,14.4,10.6,2.2,2.5,10.9,19.6,3.2,2.9,6.1,0.155,0.7,1.0,1.8
2019,wadedw01,15.8,0.51,0.272,0.243,3.9,12.2,8.0,26.5,1.5,1.8,13.5,27.9,0.1,2.3,2.4,0.061,0.8,-0.2,1.2
2019,beaslma01,14.2,0.599,0.55,0.09,2.0,9.5,5.8,7.5,1.4,0.5,6.7,18.7,2.9,1.6,4.5,0.115,0.8,-0.7,1.0
2019,haywago01,15.6,0.575,0.364,0.294,2.9,15.5,9.2,18.4,1.6,1.1,12.8,19.0,2.6,2.3,4.9,0.126,0.4,0.4,1.3
2019,paulch01,19.7,0.56,0.493,0.282,2.1,13.9,7.9,39.3,3.0,0.8,15.8,22.5,4.4,2.2,6.6,0.172,2.7,1.1,2.8
2019,davisan02,30.3,0.597,0.141,0.422,9.9,27.5,18.8,19.0,2.2,6.0,8.4,29.5,6.4,3.1,9.5,0.247,7.1,2.3,5.3
2019,gayru01,17.5,0.583,0.247,0.197,3.8,23.9,13.9,14.7,1.4,1.6,12.3,22.1,2.2,2.2,4.4,0.115,0.8,0.6,1.6
2019,sabondo01,21.9,0.63,0.024,0.416,11.5,29.8,20.8,18.2,1.3,1.5,16.2,23.5,4.3,3.3,7.6,0.197,1.9,1.3,2.4
2019,brogdma01,17.8,0.614,0.326,0.203,3.8,11.7,8.0,16.2,1.2,0.6,10.0,20.7,4.2,2.3,6.5,0.171,2.0,0.1,1.9
2019,collijo01,21.8,0.627,0.19,0.32,12.3,22.1,17.1,11.0,0.6,1.8,11.2,23.7,5.0,1.0,6.0,0.158,2.8,-1.9,1.3
2019,belinma01,11.9,0.557,0.572,0.18,1.0,10.8,5.9,10.1,0.9,0.4,8.8,19.8,1.4,1.1,2.5,0.065,-0.5,-1.2,0.1
2019,olynyke01,14.4,0.61,0.566,0.328,4.2,17.8,11.0,11.4,1.4,1.8,15.0,18.0,2.3,2.5,4.7,0.126,-0.2,0.9,1.2
2019,nancela02,18.6,0.583,0.205,0.28,10.0,24.9,17.1,17.8,2.8,1.9,15.3,15.5,3.3,1.6,4.9,0.131,1.0,1.4,2.0
2019,roziete01,12.9,0.501,0.506,0.14,1.9,16.4,9.1,17.7,1.8,1.0,8.8,18.6,0.9,2.3,3.2,0.086,-0.7,0.5,0.8
2019,bjeline01,15.4,0.585,0.433,0.155,7.0,18.8,12.8,11.1,1.4,2.7,11.5,16.5,2.7,1.9,4.5,0.122,0.4,0.5,1.3
2019,favorde01,21.8,0.624,0.126,0.368,12.9,21.3,17.2,8.0,1.5,4.8,10.5,19.4,4.4,3.5,7.9,0.215,1.8,1.5,2.4
2019,vanvlfr01,13.7,0.539,0.493,0.192,1.3,8.7,5.1,23.9,1.6,0.9,11.2,17.9,2.4,1.9,4.3,0.117,0.4,0.1,1.1
2019,ingrabr01,13.4,0.555,0.129,0.396,2.5,13.0,7.8,12.9,0.7,1.4,13.1,23.2,0.6,1.4,2.0,0.055,-1.3,-0.7,0.0
2019,okogijo01,9.4,0.492,0.423,0.319,2.5,10.9,6.6,6.9,2.4,1.6,9.8,15.4,-0.1,1.4,1.2,0.034,-3.5,0.4,-0.5
2019,milleda01,8.4,0.55,0.752,0.147,0.8,6.6,3.8,10.4,1.1,1.1,10.3,13.4,1.1,0.6,1.6,0.045,-2.1,-0.8,-0.4
2019,gallola01,10.7,0.534,0.647,0.164,3.0,7.9,5.4,7.3,1.0,0.4,3.7,16.1,2.1,1.3,3.4,0.094,-0.9,-0.6,0.2
2019,plumlma01,17.8,0.602,0.023,0.448,10.3,22.5,16.4,19.5,1.9,3.9,19.2,16.2,2.9,2.9,5.8,0.16,-0.5,2.6,1.8
2019,whitede01,14.8,0.555,0.262,0.227,2.2,13.3,7.8,21.0,1.9,2.3,14.0,17.7,1.7,1.9,3.6,0.101,-0.4,1.3,1.3
2019,vonleno01,13.9,0.561,0.311,0.355,6.7,25.8,16.0,11.1,1.3,2.5,14.7,14.8,1.5,1.7,3.2,0.09,-1.2,0.5,0.6
2019,hartjo01,9.3,0.526,0.591,0.172,2.2,12.6,7.5,7.0,1.7,1.9,10.4,13.5,0.2,1.9,2.1,0.059,-2.3,1.0,0.3
2019,carrode01,12.1,0.546,0.539,0.421,4.2,17.3,10.8,7.2,0.9,0.5,9.7,18.6,1.5,1.6,3.1,0.088,-0.9,-0.6,0.2
2019,bridgmi02,13.1,0.548,0.391,0.151,4.2,16.6,10.3,8.1,1.6,2.5,8.4,15.1,1.4,1.5,2.9,0.083,-0.9,0.1,0.5
2019,gibsota01,17.8,0.612,0.063,0.33,10.8,18.3,14.5,7.3,1.5,2.0,10.6,17.2,3.7,1.4,5.1,0.144,0.3,-0.4,0.8
2019,markkla01,17.1,0.553,0.418,0.245,4.7,25.9,15.2,7.2,1.1,1.7,8.8,25.1,1.3,1.5,2.7,0.078,1.4,-1.5,0.7
2019,whiteha01,23.5,0.564,0.024,0.357,16.3,35.6,25.9,5.6,1.3,7.3,11.0,22.6,2.3,4.0,6.3,0.18,1.1,1.2,1.8
2019,onealro01,9.0,0.589,0.513,0.122,1.5,16.7,9.2,10.0,1.5,1.1,16.2,11.0,0.7,2.5,3.3,0.094,-2.6,2.1,0.6
2019,mcgeeja01,21.8,0.634,0.019,0.237,12.3,22.5,17.5,4.8,1.3,7.3,13.2,20.2,3.0,2.9,5.9,0.171,0.3,1.2,1.4
2019,poweldw01,20.4,0.682,0.261,0.523,9.1,17.3,13.2,10.7,1.3,2.6,10.1,17.2,5.6,1.9,7.5,0.215,2.0,0.9,2.1
2019,bazemke01,11.9,0.507,0.434,0.253,2.3,14.6,8.3,13.5,2.5,2.2,13.6,22.0,-0.7,1.4,0.7,0.021,-2.5,0.2,-0.1
2019,harriga01,12.2,0.526,0.38,0.226,2.7,7.9,5.3,11.0,1.6,1.0,8.9,20.0,1.1,1.5,2.6,0.076,-1.2,-0.4,0.2
2019,bertada01,13.0,0.632,0.746,0.132,1.6,16.0,8.8,8.2,1.0,1.7,8.2,14.1,2.6,1.5,4.0,0.118,1.1,0.2,1.4
2019,dedmode01,16.0,0.602,0.413,0.215,6.7,25.0,15.7,8.1,2.0,3.8,12.7,16.7,2.1,1.9,4.0,0.119,-0.3,0.8,1.0
2019,mudiaem01,14.6,0.531,0.284,0.251,2.1,10.9,6.4,24.2,1.3,1.0,14.6,25.6,0.1,0.7,0.8,0.023,-0.2,-1.8,0.0
2019,lopezro01,15.9,0.598,0.058,0.23,9.4,10.0,9.7,8.8,0.3,4.2,14.0,18.6,2.0,0.7,2.7,0.081,-0.6,-1.4,0.0
2019,turneev01,11.6,0.504,0.117,0.239,2.5,18.9,10.9,23.6,1.0,0.9,18.9,15.9,0.5,1.5,2.0,0.06,-1.8,0.5,0.3
2019,brunsja01,12.8,0.549,0.32,0.212,1.7,9.6,5.7,22.6,1.1,0.2,12.5,19.1,1.5,1.0,2.6,0.077,-1.2,-0.5,0.1
2019,iguodan01,13.1,0.587,0.477,0.222,3.4,13.2,8.5,16.8,1.8,2.7,13.6,10.4,2.4,1.8,4.2,0.129,0.1,1.7,1.5
2019,baglema01,18.9,0.562,0.136,0.371,10.4,20.8,15.5,5.9,1.0,3.2,10.7,24.2,2.0,1.6,3.6,0.11,0.5,-1.5,0.4
2019,jonesty01,13.7,0.491,0.283,0.155,1.6,7.7,4.6,28.3,2.5,0.3,9.0,14.1,2.1,0.9,3.0,0.091,-0.9,0.3,0.6
2019,princta02,11.9,0.575,0.53,0.195,1.5,12.3,6.7,11.1,1.6,1.1,13.4,19.5,0.8,0.7,1.5,0.047,-1.0,-1.0,0.0
2019,mcgruro01,9.4,0.51,0.488,0.156,4.1,12.2,8.2,10.3,1.1,0.7,11.5,15.4,0.4,1.6,1.9,0.059,-2.2,-0.1,-0.1
2019,lenal01,17.2,0.575,0.315,0.333,10.5,18.5,14.4,8.6,0.8,3.9,11.5,22.1,2.2,1.0,3.2,0.1,0.0,-1.3,0.3
2019,jacksja02,16.4,0.591,0.241,0.334,5.3,15.0,10.1,7.2,1.7,5.1,12.7,22.8,1.2,2.2,3.3,0.105,-1.2,1.0,0.7
2019,craigto01,10.4,0.547,0.519,0.193,6.4,12.6,9.5,6.3,1.2,2.7,10.1,12.4,1.4,1.7,3.0,0.096,-2.0,0.2,0.0
2019,klebima01,13.1,0.579,0.565,0.192,6.5,16.9,11.7,6.8,1.2,4.4,11.4,13.5,1.6,1.8,3.5,0.111,-0.8,1.2,0.9
2019,bryanth01,21.0,0.674,0.197,0.273,8.1,25.1,16.5,9.3,0.8,3.8,9.6,17.6,4.3,1.3,5.6,0.178,2.3,-0.3,1.5
2019,looneke01,17.3,0.636,0.029,0.303,14.6,15.4,15.0,10.9,1.5,3.0,11.5,12.8,4.2,1.8,6.0,0.194,0.1,0.4,0.9
2019,greenge01,11.4,0.555,0.763,0.118,2.2,11.7,6.8,4.1,1.1,1.6,8.3,19.5,0.9,1.0,1.9,0.061,-0.2,-1.5,0.1
2019,mccontj01,13.4,0.555,0.1,0.088,2.1,10.2,6.3,24.7,2.5,0.9,17.3,15.0,1.2,1.7,2.9,0.094,-1.8,0.9,0.4
2019,mooreet01,11.5,0.567,0.331,0.111,2.5,6.4,4.5,9.5,1.3,0.4,9.6,17.3,1.2,0.5,1.7,0.055,-1.2,-1.1,-0.1
2019,trieral01,12.2,0.564,0.255,0.431,2.2,12.2,7.1,12.9,0.9,0.8,15.8,21.5,0.4,0.5,0.9,0.03,-1.6,-1.5,-0.4
2019,brownbr01,6.9,0.469,0.296,0.191,3.5,10.7,7.0,8.8,1.4,2.1,11.9,11.5,-0.1,1.6,1.5,0.048,-4.4,1.0,-0.5
2019,davised01,17.3,0.632,0.007,0.536,15.8,34.6,25.2,6.0,1.2,1.8,14.6,12.7,3.3,2.5,5.7,0.191,-0.6,0.7,0.7
2019,kennalu01,11.9,0.56,0.517,0.117,0.9,13.5,7.0,12.3,0.9,0.6,9.4,18.1,1.3,1.3,2.5,0.085,-0.4,-0.6,0.3
2019,harrish01,12.4,0.494,0.209,0.289,2.5,14.5,8.4,14.1,3.0,1.8,11.1,16.5,-0.1,1.6,1.4,0.048,-2.8,1.5,0.2
2019,balllo01,11.7,0.487,0.5,0.105,4.0,14.0,9.1,23.8,2.3,1.1,17.8,16.9,-0.2,1.7,1.6,0.052,-1.6,1.3,0.6
2019,harklma01,13.2,0.547,0.309,0.188,5.9,14.1,10.1,7.1,2.3,3.0,9.7,13.9,1.5,1.9,3.4,0.114,-1.0,1.7,1.0
2019,evansty01,11.5,0.483,0.327,0.242,2.7,13.0,7.9,17.5,2.0,1.1,13.9,26.4,-1.7,2.0,0.3,0.01,-2.4,-0.3,-0.2
2019,curryse01,11.4,0.595,0.54,0.112,2.1,6.9,4.6,6.5,1.2,0.7,11.1,16.6,1.5,0.9,2.4,0.082,-0.4,-0.7,0.3
2019,rosede01,19.5,0.557,0.194,0.212,2.5,8.3,5.4,26.4,1.1,0.7,9.1,27.3,2.6,0.3,3.0,0.102,3.2,-1.7,1.2
2019,dunnkr01,12.4,0.484,0.19,0.136,1.5,13.3,7.3,30.0,2.4,1.3,16.2,20.1,-0.5,1.2,0.6,0.022,-2.8,0.2,-0.2
2019,rondora01,12.1,0.473,0.329,0.083,2.6,15.5,9.2,35.5,1.9,0.4,22.1,17.4,-0.2,1.5,1.3,0.047,-1.7,0.2,0.2
2019,robinmi01,22.0,0.692,0.0,0.464,13.3,19.4,16.3,4.2,1.8,10.0,9.1,12.1,4.0,2.2,6.1,0.217,0.1,2.4,1.6
2019,warretj01,16.3,0.58,0.295,0.203,2.5,11.8,7.1,7.7,1.8,1.8,7.2,22.7,1.6,0.5,2.1,0.074,0.9,-1.1,0.6
2019,hernaju01,11.0,0.58,0.576,0.274,5.1,16.1,10.6,5.3,1.0,1.6,9.5,12.2,1.6,1.4,3.0,0.105,-0.9,-0.2,0.3
2019,colliza01,13.5,0.562,0.303,0.315,8.8,16.5,12.7,7.1,0.9,3.9,14.5,16.6,1.4,1.5,2.9,0.104,-1.5,0.3,0.3
2019,anunoog01,9.8,0.544,0.5,0.153,4.8,10.8,7.9,4.7,1.6,1.3,11.3,15.5,0.3,1.7,2.0,0.07,-2.4,0.1,-0.1
2019,mcderdo01,11.6,0.617,0.488,0.187,1.4,7.5,4.5,7.1,0.7,0.5,8.4,16.3,1.8,1.1,2.9,0.103,-0.5,-0.9,0.2
2019,cartevi01,11.8,0.565,0.675,0.141,2.4,13.2,7.7,9.3,1.5,1.8,8.8,16.7,1.2,0.7,1.9,0.07,-0.4,-0.3,0.5
2019,laymaja01,13.5,0.594,0.427,0.167,4.6,12.6,8.7,5.6,1.1,1.8,9.2,15.9,1.9,1.2,3.1,0.111,-0.1,-0.3,0.5
2019,snellto01,10.7,0.585,0.565,0.116,2.4,9.4,6.1,6.7,0.9,1.2,5.7,12.9,1.6,1.6,3.2,0.117,-1.0,0.3,0.4
2019,kurucro01,11.0,0.545,0.41,0.205,4.6,15.4,10.0,6.0,1.5,1.5,13.6,18.4,0.1,1.5,1.6,0.059,-2.9,0.3,-0.2
2019,anderky01,12.8,0.569,0.123,0.232,4.1,18.1,11.0,15.0,2.1,2.7,16.0,12.6,0.8,1.8,2.7,0.1,-1.6,2.4,0.9
2019,poeltja01,19.4,0.64,0.0,0.317,15.4,19.7,17.6,10.0,1.1,4.5,12.7,13.1,3.5,1.6,5.1,0.193,1.3,0.7,1.3
2019,teaguje01,15.4,0.528,0.252,0.368,1.3,7.7,4.5,37.6,1.6,1.2,16.7,19.3,1.7,0.5,2.2,0.085,0.8,-1.2,0.5
2019,connapa01,13.6,0.573,0.571,0.114,5.2,15.0,10.4,12.6,1.2,1.7,8.2,13.3,2.0,1.9,3.9,0.149,0.3,0.8,1.0
2019,monkma01,11.8,0.518,0.563,0.174,1.3,10.6,5.9,14.3,1.4,1.3,12.0,24.6,-0.4,0.7,0.3,0.012,-1.3,-1.7,-0.3
2019,smithis01,11.8,0.485,0.276,0.127,1.9,11.1,6.3,25.4,1.1,0.7,10.6,19.9,0.5,1.1,1.7,0.064,-1.6,-0.3,0.0
2019,paytoel01,14.0,0.502,0.255,0.18,4.1,14.0,9.1,33.5,1.6,1.1,20.1,18.3,0.6,0.9,1.5,0.058,-0.7,-0.7,0.2
2019,zelleco01,17.2,0.611,0.064,0.409,9.4,19.7,14.5,12.1,1.5,2.9,13.2,16.3,2.6,1.2,3.9,0.15,-0.6,0.7,0.7
2019,holliro01,12.5,0.464,0.101,0.376,7.1,19.2,13.2,11.7,1.7,1.7,10.7,21.6,-0.5,1.7,1.2,0.047,-3.0,0.4,-0.2
2019,iwundwe01,8.7,0.531,0.288,0.376,3.2,13.0,8.0,7.9,1.1,1.5,12.1,12.8,0.5,1.4,1.9,0.073,-3.8,0.6,-0.4
2019,ilyaser01,11.6,0.548,0.42,0.194,8.2,16.2,12.5,5.5,1.2,1.4,10.4,15.7,1.2,1.9,3.0,0.119,-2.4,0.1,-0.1
2019,dudleja01,7.8,0.554,0.632,0.192,2.9,10.4,6.7,9.2,1.4,1.0,14.2,10.4,0.6,1.2,1.8,0.07,-2.9,1.1,0.1
2019,jerebjo01,13.5,0.588,0.53,0.225,6.6,18.1,12.6,10.1,1.1,1.2,9.9,15.2,2.1,1.2,3.3,0.13,-0.3,-0.4,0.4
2019,crawfja01,11.7,0.522,0.461,0.251,0.7,7.2,3.9,27.7,1.3,0.8,16.9,20.8,0.1,0.0,0.2,0.006,-1.1,-2.8,-0.6
2019,hezonma01,10.8,0.497,0.328,0.246,2.4,18.7,10.4,11.5,2.3,0.6,14.6,21.3,-1.1,1.1,-0.1,-0.003,-3.5,-0.3,-0.5
2019,thomptr01,18.4,0.551,0.0,0.279,15.4,25.7,20.3,11.2,1.2,1.2,12.1,17.7,2.1,0.5,2.6,0.105,1.4,-1.9,0.4
2019,bartowi01,11.0,0.501,0.426,0.161,2.9,15.3,9.1,14.6,0.7,1.6,11.7,20.0,0.1,1.1,1.2,0.049,-1.1,-0.8,0.0
2019,holmeri01,20.7,0.647,0.0,0.479,10.6,20.5,15.5,7.9,1.7,5.6,10.5,17.9,3.1,1.1,4.3,0.173,0.1,0.5,0.8
2019,kiddgmi01,13.3,0.553,0.142,0.37,7.9,14.8,11.3,7.4,1.3,2.9,10.0,15.7,1.5,1.0,2.5,0.1,-2.3,-0.1,-0.1
2019,jacksfr01,9.4,0.517,0.378,0.163,2.2,9.5,5.9,8.0,1.0,0.1,9.1,18.5,0.1,0.4,0.4,0.018,-2.9,-1.7,-0.8
2019,johnsja01,10.9,0.522,0.393,0.185,2.0,14.1,8.0,17.0,1.5,2.1,15.3,17.8,0.0,1.5,1.5,0.062,-2.4,1.1,0.2
2019,jonesde02,14.0,0.559,0.281,0.377,8.8,13.3,11.1,4.7,1.9,3.3,10.2,15.6,1.2,1.7,2.9,0.121,-1.5,1.0,0.4
2019,oladivi01,17.6,0.519,0.367,0.24,2.1,17.1,9.8,25.2,2.6,0.9,11.2,27.9,0.4,1.9,2.3,0.097,1.8,1.2,1.4
2019,waitedi01,11.4,0.53,0.605,0.092,0.7,10.2,5.4,16.4,1.2,0.7,11.4,21.1,0.1,1.1,1.2,0.052,-0.5,-0.6,0.3
2019,crabbal01,7.7,0.519,0.694,0.15,1.5,12.2,6.9,5.8,1.0,0.9,10.4,16.4,-0.2,1.0,0.8,0.035,-2.4,-0.4,-0.2
2019,powelno01,13.3,0.596,0.425,0.188,1.6,11.5,6.7,11.6,1.7,1.0,13.1,19.0,1.0,1.4,2.4,0.102,-0.9,0.2,0.4
2019,stephla01,11.8,0.529,0.456,0.169,3.0,16.5,9.9,17.3,1.7,0.5,15.6,20.3,-0.1,1.2,1.1,0.049,-1.6,0.1,0.1
2019,lylestr01,12.7,0.5,0.404,0.234,4.2,19.6,11.9,11.3,1.3,1.8,11.1,23.4,-0.2,1.4,1.2,0.05,-1.8,-0.7,-0.1
2019,cartewe01,15.2,0.541,0.086,0.302,8.4,21.8,15.0,10.7,1.1,4.5,13.4,19.1,0.7,1.2,1.9,0.08,-2.2,0.6,0.1
2019,walljo01,18.0,0.527,0.306,0.317,1.5,10.1,5.7,39.2,2.1,2.2,16.1,28.8,0.5,0.7,1.2,0.051,2.2,-1.4,0.8
2019,zizican01,16.2,0.59,0.0,0.399,10.6,22.8,16.4,7.7,0.6,1.8,13.6,18.2,1.7,0.3,2.0,0.087,-1.1,-2.1,-0.3
2019,tollian01,8.6,0.571,0.83,0.232,1.5,16.2,8.8,5.5,0.8,1.7,11.2,12.5,0.6,0.5,1.2,0.052,-1.7,-0.7,-0.1
2019,willike04,9.7,0.485,0.559,0.068,5.4,15.5,10.5,9.5,1.9,1.4,11.1,12.3,0.3,0.9,1.2,0.053,-2.3,0.4,0.0
2019,harride01,10.7,0.527,0.576,0.386,1.2,9.9,5.6,16.7,1.6,1.3,12.1,18.5,0.6,0.9,1.5,0.068,-2.6,0.4,-0.1
2019,ferreyo01,12.7,0.55,0.423,0.19,1.2,9.5,5.3,17.0,1.6,0.3,9.5,16.3,1.3,0.6,1.9,0.087,-1.0,-0.4,0.2
2019,leverca01,14.9,0.509,0.319,0.255,3.5,11.4,7.5,23.2,1.9,1.0,11.4,24.0,0.5,1.2,1.7,0.077,-0.3,0.5,0.6
2019,cookqu01,13.1,0.565,0.456,0.059,2.3,13.0,7.9,15.2,0.9,0.2,10.0,20.2,1.0,0.8,1.8,0.082,-0.5,-1.6,0.0
2019,noelne01,19.3,0.608,0.0,0.286,12.1,20.0,15.9,5.9,2.9,7.7,13.4,13.8,1.9,2.5,4.3,0.198,-1.2,3.3,1.1
2019,brownst02,10.9,0.563,0.471,0.135,3.0,14.4,9.0,10.7,1.1,0.7,12.2,15.2,0.7,1.4,2.1,0.098,-1.8,0.3,0.1
2019,dienggo01,18.1,0.572,0.149,0.281,8.3,24.1,16.1,10.3,2.2,3.4,11.9,19.6,1.5,1.3,2.8,0.132,-0.3,0.9,0.7
2019,mckinal01,11.2,0.569,0.429,0.175,9.0,16.9,13.1,4.0,0.9,1.3,9.2,13.9,1.2,0.9,2.1,0.1,-2.2,-1.3,-0.4
2019,parketo01,15.3,0.512,0.11,0.268,1.5,7.6,4.5,33.3,1.0,0.6,12.7,25.5,0.6,0.3,0.9,0.044,-0.3,-2.3,-0.1
2019,dragigo01,13.9,0.517,0.379,0.233,2.1,9.8,6.0,27.3,1.5,0.5,12.9,23.7,0.6,1.0,1.6,0.079,-0.5,-0.6,0.2
2019,nwabada01,12.5,0.558,0.286,0.324,4.4,14.4,9.2,8.1,1.8,1.5,8.8,14.6,1.1,0.3,1.4,0.069,-1.8,-0.3,0.0
2019,meltode01,9.9,0.466,0.371,0.109,2.8,12.5,7.5,22.3,3.3,1.9,21.8,15.0,-0.8,0.8,0.0,0.002,-3.8,1.1,-0.2
2019,napiesh01,15.3,0.534,0.524,0.317,1.9,8.7,5.3,22.2,2.0,1.3,11.7,24.0,1.0,1.0,2.0,0.098,0.9,0.6,0.9
2019,houseda01,12.2,0.646,0.706,0.282,2.8,13.3,7.9,5.9,1.1,1.0,11.0,14.1,1.6,0.7,2.3,0.113,0.1,-0.5,0.4
2019,clarkia01,8.3,0.502,0.527,0.097,1.4,8.0,4.7,12.9,1.1,0.7,12.7,19.3,-0.4,0.3,-0.1,-0.003,-3.3,-1.8,-0.8
2019,livinsh01,11.7,0.555,0.01,0.243,4.9,7.9,6.5,14.8,1.5,2.3,14.1,12.0,1.2,0.9,2.0,0.101,-1.7,0.7,0.2
2019,okoboel01,7.6,0.489,0.455,0.162,1.4,10.1,5.7,18.7,1.6,0.6,18.2,17.0,-0.7,0.2,-0.5,-0.027,-4.2,-1.5,-0.9
2019,grantje02,10.8,0.526,0.5,0.182,2.1,9.1,5.6,22.4,2.3,0.5,17.7,13.4,0.5,1.1,1.7,0.085,-2.9,1.3,0.1
2019,okafoja01,17.9,0.603,0.014,0.246,9.2,21.4,15.4,6.3,0.7,3.5,11.5,19.9,1.4,0.8,2.2,0.115,-0.6,-0.9,0.1
2019,cunnida01,10.2,0.585,0.411,0.114,5.7,16.3,11.0,6.8,1.4,1.2,11.7,8.9,1.0,0.9,1.9,0.097,-1.3,0.6,0.3
2019,theisda01,17.0,0.624,0.252,0.286,10.2,16.2,13.2,10.5,1.1,4.1,9.9,15.8,2.3,1.3,3.5,0.188,-0.8,0.9,0.5
2019,ntilila01,6.0,0.417,0.408,0.106,1.4,8.9,5.0,19.5,1.6,1.3,15.9,16.6,-1.3,0.4,-0.8,-0.045,-5.2,-0.8,-0.9
2019,diallch01,17.5,0.644,0.015,0.247,8.8,29.3,19.2,5.1,1.5,3.0,14.0,16.0,1.4,1.2,2.6,0.14,-1.1,0.1,0.2
2019,hutchch01,8.8,0.507,0.239,0.182,3.7,18.9,11.2,5.3,1.2,0.6,10.0,12.2,0.0,0.6,0.6,0.03,-3.4,-0.5,-0.4
2019,wilsodj01,10.3,0.515,0.506,0.187,5.5,19.2,12.8,7.6,0.9,1.9,10.5,14.4,0.3,1.4,1.7,0.093,-2.4,0.2,0.0
2019,pachuza01,13.7,0.539,0.021,0.642,11.9,21.5,16.5,14.7,1.7,1.6,18.7,15.0,1.1,1.3,2.3,0.128,-2.8,1.6,0.2
2019,leoname01,15.8,0.675,0.459,0.211,6.1,21.8,14.2,11.8,0.7,0.8,14.0,14.8,2.1,0.9,3.0,0.164,1.5,0.3,0.8
2019,hillso01,6.8,0.497,0.567,0.18,4.1,11.5,7.8,7.6,1.2,0.9,13.9,10.4,0.1,0.4,0.5,0.029,-3.1,-0.4,-0.3
2019,pattepa01,8.1,0.493,0.626,0.137,4.9,13.0,8.8,4.6,0.9,1.3,8.7,12.0,0.2,0.9,1.1,0.064,-2.0,-0.4,-0.1
2019,blakean01,10.6,0.487,0.23,0.192,0.9,13.1,6.9,8.2,0.7,0.9,7.5,24.5,-0.8,0.3,-0.5,-0.03,-2.4,-2.7,-0.7
2019,bendedr01,9.5,0.521,0.513,0.274,4.5,20.3,12.3,9.4,1.0,2.2,14.4,13.4,0.0,0.4,0.5,0.027,-3.4,-0.8,-0.5
2019,baynear01,14.0,0.567,0.274,0.278,11.4,19.8,15.6,9.3,0.7,3.7,13.8,15.2,1.3,1.1,2.4,0.139,-1.8,0.3,0.1
2019,gilesha01,14.4,0.526,0.017,0.261,8.1,20.1,14.0,15.2,1.8,2.3,15.8,23.2,0.0,1.0,1.0,0.056,-3.4,0.4,-0.2
2019,hernawi01,20.4,0.587,0.132,0.488,15.3,26.3,20.7,11.5,1.0,2.1,13.9,22.1,1.8,0.8,2.6,0.153,1.1,-1.1,0.4
2019,spellom01,12.4,0.516,0.525,0.184,9.2,16.3,12.7,8.0,1.5,2.7,10.5,14.9,0.6,0.5,1.2,0.07,-0.5,-0.7,0.2
2019,cabocbr01,12.4,0.571,0.578,0.222,5.8,16.5,11.1,9.4,0.9,3.9,13.3,15.9,0.6,0.9,1.5,0.09,-1.1,0.1,0.2
2019,nowitdi01,9.6,0.469,0.545,0.133,0.7,20.5,10.6,6.9,0.5,1.9,4.3,22.5,-0.5,0.8,0.3,0.016,-2.7,-1.2,-0.4
2019,belljo01,12.9,0.531,0.01,0.214,7.8,16.7,12.5,12.3,1.2,5.4,16.7,13.7,0.5,1.1,1.6,0.096,-2.2,1.3,0.2
2019,kornelu01,14.8,0.531,0.682,0.163,3.6,14.6,9.0,10.5,1.7,4.5,7.6,17.9,0.6,0.7,1.4,0.083,1.4,0.7,0.8
2019,biyombi01,14.4,0.602,0.0,0.583,11.0,23.3,17.0,5.9,0.7,4.6,14.8,12.7,1.2,0.8,2.0,0.125,-2.4,0.0,-0.1
2019,thomala01,6.4,0.482,0.401,0.183,2.7,13.1,7.8,5.0,1.0,0.8,10.1,12.9,-0.3,0.3,0.1,0.004,-4.8,-0.9,-0.7
2019,couside01,21.4,0.562,0.256,0.388,6.2,27.0,17.1,20.4,2.5,4.8,14.2,28.1,0.9,1.5,2.4,0.151,0.4,2.6,1.0
2019,bambamo01,14.9,0.539,0.288,0.259,8.8,24.0,16.3,7.4,0.8,7.0,13.7,17.8,0.3,1.4,1.7,0.106,-2.8,1.4,0.1
2019,danietr01,9.8,0.558,0.705,0.084,1.9,8.9,5.3,5.0,1.6,0.5,8.7,17.6,0.2,0.1,0.3,0.02,-1.7,-2.0,-0.3
2019,bacondw01,11.7,0.57,0.339,0.179,1.1,11.7,6.3,9.2,0.8,0.6,6.1,16.8,0.9,0.3,1.2,0.073,-2.1,-1.6,-0.3
2019,kaminfr01,16.8,0.587,0.466,0.359,5.5,18.1,11.7,12.9,0.8,1.4,10.6,22.1,1.3,0.5,1.8,0.114,1.4,-1.1,0.4
2019,bareajo01,16.3,0.495,0.332,0.203,1.9,11.6,6.8,47.5,1.4,0.1,14.7,28.1,0.4,0.6,1.0,0.064,1.2,-1.8,0.3
2019,gortama01,12.8,0.562,0.0,0.258,9.8,26.5,18.4,12.0,0.4,2.5,19.4,14.4,0.6,0.8,1.4,0.089,-1.7,0.4,0.1
2019,feliccr01,13.4,0.568,0.022,0.408,11.4,20.5,15.9,7.2,0.7,0.8,13.5,14.3,0.9,0.4,1.4,0.088,-2.0,-2.1,-0.4
2019,randlch01,9.9,0.555,0.53,0.286,1.4,6.8,4.1,17.5,1.6,0.3,15.0,16.4,0.4,0.2,0.6,0.041,-2.7,-1.3,-0.4
2019,browntr01,11.1,0.487,0.295,0.201,5.1,16.6,10.8,14.9,1.4,0.6,10.5,16.5,0.2,0.4,0.6,0.039,-1.7,-1.0,-0.1
2019,rabbiv01,16.1,0.586,0.071,0.325,10.7,21.5,16.0,12.0,1.2,1.8,12.6,17.2,1.2,0.9,2.1,0.137,-1.1,-0.3,0.1
2019,grahatr01,6.1,0.458,0.67,0.115,3.4,12.3,7.9,6.5,0.9,0.8,7.8,12.8,-0.1,0.6,0.5,0.033,-3.7,0.0,-0.3
2019,naderab01,8.8,0.522,0.465,0.167,2.0,15.7,8.6,3.8,1.3,1.5,10.1,15.1,0.0,0.9,0.9,0.062,-3.6,0.3,-0.2
2019,noahjo01,18.6,0.571,0.005,0.512,9.2,29.6,19.3,20.6,1.4,4.2,16.1,20.0,1.0,1.2,2.2,0.15,-0.3,2.4,0.7
2019,korkmfu01,11.5,0.528,0.588,0.18,2.6,13.8,8.3,10.7,2.0,0.2,8.6,17.9,0.4,0.7,1.1,0.079,-1.6,-0.2,0.0
2019,grahade01,10.3,0.459,0.56,0.213,1.6,8.6,5.0,24.8,1.7,0.3,11.3,17.0,0.2,0.3,0.5,0.035,-2.6,-1.3,-0.3
2019,exumda01,11.2,0.516,0.257,0.357,2.7,8.3,5.5,24.1,1.0,0.6,15.7,21.3,0.2,0.7,1.0,0.069,-2.0,-0.1,0.0
2019,bayleje01,8.5,0.431,0.426,0.122,1.8,8.4,5.0,24.6,1.3,0.3,11.7,17.6,-0.2,0.2,0.0,-0.003,-2.9,-1.7,-0.4
2019,holidaa01,11.9,0.518,0.485,0.191,0.9,10.4,5.8,19.3,1.6,1.8,12.3,21.9,0.1,0.8,0.9,0.065,-1.7,0.1,0.1
2019,birchkh01,19.2,0.64,0.007,0.55,13.0,18.8,15.8,8.5,1.4,3.8,9.6,14.1,1.8,1.0,2.8,0.212,0.1,1.0,0.5
2019,clarkga01,9.2,0.48,0.914,0.046,4.1,16.2,10.0,3.8,1.5,3.5,4.3,10.9,0.3,0.7,1.0,0.071,-1.1,0.4,0.2
2019,boldejo01,12.7,0.595,0.593,0.167,8.0,19.0,13.7,8.5,1.3,4.8,17.2,13.8,0.5,0.9,1.4,0.106,-1.8,1.1,0.2
2019,caldejo01,7.1,0.453,0.475,0.092,1.8,8.8,5.2,24.9,1.2,0.4,21.9,10.9,0.0,0.5,0.6,0.043,-4.2,0.3,-0.3
2019,wallaty01,7.0,0.45,0.088,0.263,3.5,13.2,8.5,9.5,1.6,0.9,12.9,18.7,-0.8,0.5,-0.3,-0.023,-5.6,-0.8,-0.7
2019,robingl02,8.7,0.511,0.352,0.227,2.9,10.0,6.4,5.1,1.1,1.1,8.5,15.0,0.1,0.6,0.7,0.054,-2.8,-0.1,-0.2
2019,sefolth01,12.1,0.599,0.523,0.148,1.4,20.1,10.9,6.1,3.4,0.7,13.6,12.9,0.2,1.2,1.5,0.115,-1.6,3.1,0.5
2019,loveke01,19.5,0.561,0.519,0.403,5.9,40.0,22.2,12.8,0.5,0.7,11.2,27.4,1.0,0.4,1.3,0.106,3.3,-1.6,0.6
2019,ojelese01,8.5,0.531,0.563,0.247,4.3,11.2,7.7,5.1,0.8,0.6,9.8,14.1,0.2,0.5,0.7,0.057,-2.8,-1.2,-0.3
2019,abrinal01,6.3,0.507,0.809,0.083,0.9,7.8,4.2,4.3,1.3,0.9,7.9,12.2,0.1,0.6,0.6,0.053,-3.7,0.4,-0.2
2019,carteje01,7.8,0.432,0.551,0.173,2.7,10.3,6.4,17.4,2.2,1.8,14.2,18.0,-0.7,0.7,0.0,-0.003,-4.1,0.1,-0.3
2019,briscis01,6.7,0.455,0.246,0.188,0.9,13.4,7.1,21.0,1.0,0.3,17.2,14.1,-0.3,0.5,0.3,0.023,-5.4,0.4,-0.4
2019,hilarne01,11.9,0.552,0.026,0.405,6.7,18.4,12.5,6.8,1.6,2.3,7.4,11.7,0.8,0.6,1.4,0.123,-3.1,0.9,0.0
2019,carusal01,13.9,0.569,0.289,0.37,4.0,9.0,6.5,19.7,2.1,1.4,17.3,19.0,0.5,0.6,1.0,0.093,-1.0,0.7,0.2
2019,johnsam01,13.1,0.574,0.255,0.261,9.7,19.5,14.7,16.0,1.4,1.9,20.5,17.4,0.4,0.7,1.1,0.098,-2.9,0.6,0.0
2019,diallha01,10.1,0.497,0.145,0.358,7.2,12.0,9.5,4.4,1.9,1.6,10.7,16.6,0.1,0.7,0.8,0.069,-4.4,0.2,-0.3
2019,leaftj01,16.9,0.572,0.169,0.169,9.3,17.1,13.3,6.9,0.8,3.2,5.8,17.5,0.9,0.7,1.6,0.148,0.3,-0.6,0.2
2019,casspom01,15.7,0.606,0.267,0.36,3.6,21.5,12.4,8.1,1.9,1.6,11.0,18.0,0.6,0.7,1.3,0.119,-0.3,0.7,0.3
2019,niangge01,13.0,0.613,0.58,0.133,2.4,15.7,9.1,10.1,0.9,0.9,10.7,17.8,0.7,0.7,1.3,0.123,-0.2,0.2,0.3
2019,bateske01,9.6,0.489,0.366,0.197,3.4,14.4,8.8,4.6,1.7,2.4,8.3,14.1,0.0,0.4,0.3,0.032,-2.8,-0.6,-0.2
2019,koufoko01,12.3,0.477,0.0,0.157,10.4,26.3,18.2,9.5,1.4,3.1,14.2,15.7,0.0,0.7,0.7,0.063,-3.6,0.2,-0.2
2019,mahinia01,12.0,0.531,0.154,0.587,10.3,17.7,13.9,6.5,2.4,2.7,13.8,12.9,0.5,0.5,1.0,0.092,-3.5,0.6,-0.1
2019,parsoch01,8.5,0.484,0.516,0.137,0.9,15.2,7.9,13.4,1.9,1.0,14.2,20.3,-0.6,0.6,0.0,-0.004,-3.9,-0.5,-0.3
2019,netora01,13.5,0.558,0.373,0.205,1.4,12.6,7.1,28.7,1.4,0.7,16.6,19.0,0.5,0.6,1.1,0.116,-1.1,0.8,0.2
2019,anderju01,11.2,0.516,0.49,0.223,5.3,13.9,9.5,6.9,2.2,2.4,11.8,17.2,0.1,0.4,0.4,0.043,-2.4,-0.3,-0.1
2019,broekry01,10.7,0.621,0.738,0.151,1.9,12.9,7.4,7.2,0.6,0.8,10.6,14.3,0.5,0.3,0.8,0.086,-0.5,-0.5,0.1
2019,wagnemo01,10.1,0.533,0.45,0.31,4.0,15.4,9.8,7.4,1.1,2.4,16.7,21.7,-0.3,0.5,0.2,0.02,-3.9,-0.4,-0.3
2019,blossja01,10.2,0.51,0.368,0.123,6.3,19.1,12.4,4.2,0.8,1.6,9.0,12.2,0.2,0.1,0.3,0.03,-1.9,-1.8,-0.2
2019,masonfr01,12.4,0.502,0.379,0.337,1.4,9.0,5.1,26.3,1.7,0.8,15.6,21.8,0.0,0.3,0.3,0.033,-1.9,-1.3,-0.1
2019,adamsja01,7.6,0.474,0.673,0.082,2.6,12.3,7.4,19.8,1.5,1.0,19.7,13.5,-0.1,0.2,0.1,0.011,-3.8,-0.5,-0.2
2019,fultzma01,10.5,0.452,0.09,0.239,6.6,10.6,8.7,19.5,1.9,0.9,12.7,19.3,-0.1,0.4,0.3,0.035,-3.3,0.2,-0.1
2019,allengr01,7.5,0.516,0.556,0.337,0.8,5.1,3.0,8.9,0.7,1.1,13.9,24.4,-0.4,0.4,0.0,0.002,-4.2,-2.1,-0.5
2019,allenka01,16.2,0.574,0.255,0.383,2.0,11.1,6.4,28.7,1.9,0.8,13.6,19.6,0.7,0.2,1.0,0.111,0.2,0.3,0.3
2019,divindo01,9.1,0.507,0.669,0.097,4.2,11.4,8.0,9.7,1.5,1.2,12.8,15.1,0.0,0.6,0.6,0.069,-2.8,0.6,0.0
2019,jonesda03,15.3,0.72,0.0,0.5,8.4,11.0,9.8,8.7,1.4,5.1,15.1,11.1,1.0,0.5,1.5,0.173,-0.6,1.7,0.3
2019,leuerjo01,13.2,0.616,0.097,0.274,7.1,19.8,13.2,5.5,1.5,0.8,15.4,16.1,0.4,0.5,0.9,0.11,-2.8,0.4,0.0
2019,mejrisa01,16.1,0.559,0.304,0.286,9.7,25.3,17.6,13.2,1.2,5.5,14.3,15.8,0.5,0.6,1.1,0.136,-1.1,1.9,0.3
2019,denglu01,14.6,0.588,0.373,0.297,5.4,14.6,10.0,6.5,1.8,1.7,9.5,15.8,0.5,0.3,0.8,0.101,0.2,-0.3,0.2
2019,brookma01,11.6,0.518,0.32,0.195,3.4,9.7,6.5,11.0,1.2,1.0,10.3,23.6,-0.2,0.3,0.1,0.018,-1.9,-1.1,-0.1
2019,feltora01,11.2,0.505,0.452,0.096,1.1,8.4,4.6,18.7,1.2,1.3,9.0,16.6,0.3,0.4,0.7,0.087,-1.7,0.4,0.1
2019,leeda03,11.9,0.578,0.535,0.173,2.4,15.3,9.1,4.5,1.6,0.0,7.4,16.8,0.3,0.4,0.7,0.09,-1.2,-1.1,0.0
2019,willijo04,15.1,0.599,0.018,0.436,13.6,13.9,13.7,4.9,1.0,1.5,10.9,16.4,0.7,0.3,1.0,0.135,-2.0,-1.1,-0.1
2019,oquinky01,16.8,0.537,0.088,0.154,8.9,26.4,17.8,22.4,1.2,6.0,17.6,20.8,0.2,0.8,1.0,0.125,-2.5,3.0,0.2
2019,wanambr01,14.3,0.597,0.371,0.267,0.9,11.8,6.4,22.5,1.7,0.5,13.9,17.1,0.6,0.4,1.0,0.134,-1.3,0.7,0.1
2019,fryech01,8.9,0.524,0.675,0.12,1.2,16.4,8.5,8.6,0.9,1.3,9.5,17.5,0.1,0.0,0.1,0.016,-1.7,-1.8,-0.1
2019,mcraejo01,14.3,0.55,0.269,0.269,1.9,11.3,6.5,13.2,1.8,1.8,9.4,20.4,0.3,0.2,0.5,0.066,-0.9,-0.8,0.0
2019,brookdi01,7.6,0.499,0.328,0.246,3.0,7.6,5.3,7.6,1.5,1.1,12.3,20.9,-0.3,0.3,0.0,-0.004,-5.0,-1.2,-0.4
2019,martija01,9.4,0.528,0.548,0.106,3.5,20.5,11.9,7.8,0.4,2.0,9.2,15.9,0.1,0.4,0.5,0.073,-3.7,-0.2,-0.2
2019,udohek01,20.9,0.698,0.0,0.417,9.3,20.9,15.2,12.8,1.5,7.7,13.2,13.1,0.9,0.7,1.6,0.238,0.8,3.9,0.5
2019,robinje01,7.2,0.491,0.518,0.082,1.0,12.2,6.8,8.3,1.6,0.7,10.2,16.7,-0.2,0.3,0.1,0.012,-4.2,-0.5,-0.2
2019,thornsi01,5.2,0.485,0.306,0.694,1.7,12.8,7.5,7.2,2.1,1.8,23.8,11.3,-0.3,0.3,0.0,0.004,-5.8,1.0,-0.2
2019,willitr02,10.5,0.531,0.449,0.153,3.9,15.9,9.7,4.7,1.5,2.2,7.9,15.0,0.1,0.3,0.4,0.064,-2.4,0.0,0.0
2019,poythal01,12.2,0.571,0.284,0.358,9.8,16.6,13.1,7.7,0.6,2.8,12.2,14.2,0.4,0.2,0.5,0.086,-2.5,-1.0,-0.1
2019,anthoca01,10.9,0.513,0.529,0.182,3.3,17.3,10.2,2.6,0.7,2.0,5.8,20.5,0.1,0.2,0.3,0.048,-1.3,-1.4,-0.1
2019,pondequ01,13.2,0.641,0.31,0.724,3.0,14.1,8.6,10.6,1.8,0.3,14.5,13.5,0.5,0.3,0.8,0.128,-1.6,0.7,0.1
2019,williro04,18.8,0.703,0.0,0.294,10.2,20.4,15.3,3.3,1.5,12.5,14.8,10.3,0.5,0.6,1.2,0.201,-1.7,3.4,0.3
2019,beaslmi01,15.9,0.532,0.111,0.255,4.9,17.2,11.2,14.8,1.5,3.0,13.7,29.5,-0.1,0.4,0.2,0.039,-1.9,0.5,0.0
2019,miltosh01,9.3,0.483,0.506,0.08,3.7,10.0,6.9,9.2,1.4,2.3,6.2,15.0,0.1,0.3,0.3,0.059,-2.6,-0.6,-0.1
2019,reynoca01,10.4,0.58,0.654,0.115,1.6,11.3,6.4,6.8,1.1,0.7,5.7,14.1,0.3,0.1,0.4,0.078,-1.3,-1.2,0.0
2019,washbju01,6.5,0.402,0.5,0.083,3.5,14.8,9.1,7.7,2.5,0.7,12.3,10.0,-0.2,0.3,0.1,0.023,-5.1,0.5,-0.2
2019,yabusgu01,12.4,0.542,0.364,0.286,9.8,12.8,11.3,8.2,1.5,2.5,14.8,17.5,0.2,0.3,0.5,0.09,-2.5,-0.2,0.0
2019,burtode02,7.0,0.47,0.329,0.146,1.7,10.7,6.0,5.0,1.2,2.8,9.3,16.3,-0.2,0.3,0.1,0.027,-4.9,0.6,-0.1
2019,howardw01,17.4,0.638,0.0,0.696,11.1,28.3,19.6,2.6,1.4,1.5,15.1,19.6,0.4,0.2,0.6,0.124,-1.3,-1.7,-0.1
2019,smithjr01,7.8,0.444,0.494,0.127,0.0,9.4,4.5,13.8,2.5,1.2,11.7,18.6,-0.3,0.1,-0.2,-0.038,-3.7,0.5,-0.1
2019,harteis01,10.0,0.562,0.146,0.341,10.3,13.3,11.8,9.4,1.6,4.6,21.6,11.8,0.2,0.3,0.5,0.101,-5.1,1.2,-0.1
2019,jonesja04,11.7,0.548,0.452,0.435,5.5,12.5,8.8,4.8,2.1,0.8,9.8,16.7,0.2,0.1,0.3,0.056,-2.3,-1.9,-0.1
2019,sampsbr01,8.5,0.567,0.483,0.1,1.5,6.7,4.1,6.8,1.8,1.2,16.1,15.2,-0.1,0.1,0.0,0.01,-3.9,-0.9,-0.1
2019,brownlo01,6.3,0.38,0.394,0.042,2.6,12.9,7.9,17.3,2.7,2.0,18.1,17.9,-0.5,0.3,-0.1,-0.027,-5.4,1.9,-0.1
2019,pinsoth01,8.1,0.49,0.63,0.301,2.0,15.9,9.0,14.1,1.4,0.0,17.9,20.0,-0.2,0.2,0.0,0.004,-3.6,0.4,-0.1
2019,sumneed01,7.6,0.443,0.422,0.375,4.9,7.8,6.3,6.3,2.8,2.1,11.8,17.6,-0.2,0.3,0.1,0.02,-5.8,0.5,-0.2
2019,evansja02,3.5,0.374,0.283,0.019,3.3,9.5,6.5,13.7,1.2,1.2,17.1,13.5,-0.3,0.2,-0.1,-0.03,-6.9,-1.2,-0.3
2019,hamilda02,7.1,0.455,0.383,0.1,5.0,19.5,12.1,14.5,1.4,0.4,20.3,15.7,-0.2,0.1,-0.1,-0.024,-3.6,-0.5,-0.1
2019,thomakh01,6.2,0.413,0.507,0.159,2.2,9.3,5.6,6.0,1.8,2.2,5.1,17.2,-0.2,0.2,0.0,0.005,-4.9,-0.1,-0.2
2019,adelde01,2.7,0.424,0.639,0.111,1.6,9.6,5.4,3.4,0.3,1.8,13.7,9.9,-0.2,0.0,-0.2,-0.054,-5.9,-1.6,-0.3
2019,hensojo01,17.1,0.553,0.463,0.149,9.2,28.0,19.2,10.1,1.7,4.9,14.4,18.6,0.1,0.4,0.6,0.146,0.4,2.1,0.2
2019,thomais02,7.0,0.437,0.434,0.273,3.0,4.8,3.9,18.6,1.4,0.5,14.0,30.4,-0.4,0.1,-0.3,-0.077,-4.0,-2.5,-0.2
2019,watanyu01,3.3,0.352,0.314,0.196,2.5,17.7,10.0,6.6,1.1,0.5,9.8,15.8,-0.4,0.2,-0.2,-0.065,-7.0,-2.1,-0.3
2019,plumlmi01,18.9,0.654,0.0,0.625,9.5,14.3,11.8,14.7,1.6,2.0,14.0,16.7,0.4,0.1,0.5,0.145,1.6,0.0,0.2
2019,bertada02,2.0,0.362,0.723,0.0,1.3,4.3,2.8,7.2,0.3,0.0,4.1,12.0,-0.2,0.0,-0.2,-0.054,-5.6,-3.2,-0.3
2019,lemonwa01,16.3,0.468,0.057,0.126,2.6,15.1,8.8,30.3,3.2,0.5,9.8,26.6,-0.1,0.2,0.1,0.026,-2.4,0.2,0.0
2019,bouchch01,22.2,0.563,0.487,0.197,10.9,25.8,18.5,1.9,1.8,12.2,7.8,23.6,0.2,0.4,0.7,0.194,-0.2,2.8,0.2
2019,robindu01,7.6,0.514,0.761,0.13,1.3,11.2,6.3,4.4,1.5,0.0,7.6,14.0,0.0,0.2,0.2,0.051,-3.6,0.1,-0.1
2019,mclembe01,10.5,0.541,0.641,0.188,1.9,9.4,5.5,3.4,1.8,1.6,6.7,19.4,0.1,0.1,0.2,0.055,-2.1,-1.4,-0.1
2019,motlejo01,18.9,0.563,0.041,0.548,12.6,21.7,17.3,11.7,1.5,1.5,15.0,28.8,0.1,0.2,0.3,0.092,-1.2,-0.7,0.0
2019,teodomi01,6.5,0.557,0.675,0.175,2.2,8.9,5.7,28.8,0.9,0.5,32.8,18.0,-0.1,0.1,-0.1,-0.019,-3.8,-1.7,-0.1
2019,metuch01,6.4,0.389,0.034,0.293,6.8,20.1,13.5,12.0,2.0,1.2,18.6,24.4,-0.5,0.2,-0.3,-0.099,-7.3,-1.4,-0.2
2019,jonesje01,12.1,0.398,0.303,0.061,11.8,23.4,17.7,11.4,2.3,2.9,12.9,11.3,0.0,0.2,0.2,0.084,-2.2,2.4,0.1
2019,simonan01,11.1,0.535,0.46,0.254,2.3,7.4,4.9,13.7,0.3,0.0,13.6,24.3,0.0,0.0,0.1,0.02,-1.5,-3.7,-0.1
2019,bogutan01,13.4,0.523,0.0,0.083,10.0,32.8,21.9,10.6,1.1,5.0,17.7,14.5,0.1,0.2,0.3,0.111,-3.7,0.8,0.0
2019,willicj01,8.8,0.55,0.457,0.029,0.8,5.9,3.3,12.9,2.2,0.0,12.4,13.3,0.1,0.1,0.1,0.042,-3.8,0.2,-0.1
2019,sampsja02,22.5,0.633,0.259,0.389,4.2,23.4,13.7,5.3,1.5,2.0,5.9,23.1,0.3,0.1,0.5,0.173,3.6,0.2,0.2
2019,acyqu01,2.9,0.379,0.833,0.556,2.7,20.1,11.3,8.2,0.4,2.7,15.2,9.2,-0.1,0.0,-0.1,-0.022,-7.6,-0.5,-0.2
2019,bongais01,6.0,0.24,0.242,0.455,7.9,13.5,10.8,14.9,3.5,2.7,13.2,15.7,-0.3,0.2,-0.1,-0.059,-7.0,2.2,-0.1
2019,alkinra01,8.1,0.418,0.308,0.308,9.9,13.7,11.8,15.2,0.4,0.0,15.3,19.0,-0.1,0.0,-0.1,-0.042,-3.8,-3.5,-0.2
2019,walkelo01,10.8,0.446,0.283,0.217,0.0,15.6,7.9,10.3,2.9,2.2,7.4,20.3,-0.1,0.2,0.0,0.019,-3.4,1.0,0.0
2019,davisde01,15.6,0.682,0.045,0.455,8.7,23.7,16.0,5.8,1.2,3.7,10.2,10.1,0.3,0.1,0.4,0.145,-1.5,-0.6,0.0
2019,eubandr01,15.1,0.646,0.0,0.5,5.8,26.8,16.4,8.3,0.9,3.7,20.1,15.5,0.1,0.2,0.3,0.12,-1.9,0.7,0.0
2019,trentga02,3.6,0.377,0.42,0.14,1.0,9.4,5.3,6.2,0.4,1.4,7.0,21.7,-0.3,0.1,-0.2,-0.092,-6.6,-4.2,-0.2
2019,terreja01,0.7,0.372,0.436,0.154,1.0,4.9,2.9,14.4,1.3,1.5,19.4,19.6,-0.4,0.0,-0.3,-0.14,-8.5,-2.3,-0.2
2019,smithzh01,9.5,0.533,0.471,0.235,2.9,9.3,6.2,12.3,0.9,1.4,13.8,16.4,0.0,0.1,0.1,0.048,-2.8,-2.2,-0.1
2019,meeksjo01,16.0,0.647,0.462,0.026,1.1,11.1,6.2,11.5,0.5,0.8,4.8,17.1,0.2,0.1,0.3,0.153,1.4,-0.8,0.1
2019,richama01,0.9,0.481,0.862,0.172,2.2,11.2,6.8,0.0,0.5,0.0,20.4,16.4,-0.2,0.1,-0.1,-0.06,-6.6,-2.1,-0.2
2019,colsobo01,12.9,0.454,0.538,0.231,8.8,21.5,15.5,4.0,2.4,0.9,6.5,19.6,0.0,0.2,0.2,0.085,-2.6,-0.8,0.0
2019,robinde01,20.6,0.616,0.063,0.438,6.7,16.2,11.4,9.5,2.0,5.3,5.0,17.9,0.2,0.1,0.3,0.175,0.8,1.1,0.1
2019,lydonty01,9.3,0.595,0.556,0.167,8.0,12.7,10.4,8.2,1.0,0.0,17.2,10.6,0.1,0.1,0.2,0.086,-2.8,-1.4,-0.1
2019,baldwwa01,1.3,0.396,0.273,0.333,2.3,14.4,8.5,16.6,0.5,1.7,27.0,23.3,-0.4,0.1,-0.3,-0.153,-8.4,-1.9,-0.2
2019,maconda01,5.5,0.482,0.407,0.259,2.4,11.8,7.1,11.2,0.5,0.0,16.6,17.2,-0.1,0.0,0.0,-0.022,-5.3,-2.6,-0.1
2019,mitrona01,2.2,0.383,0.55,0.1,1.3,6.3,3.9,23.3,0.6,0.9,27.7,14.7,-0.2,0.1,-0.1,-0.046,-7.1,-1.6,-0.1
2019,hasleud01,3.6,0.36,0.364,0.121,4.3,34.5,19.4,4.0,0.0,0.0,7.9,21.9,-0.2,0.1,-0.1,-0.075,-8.4,-2.4,-0.2
2019,vandeja01,12.4,0.513,0.053,0.526,10.9,25.2,18.0,5.9,4.3,1.3,25.5,19.4,-0.1,0.1,0.1,0.037,-5.2,1.0,0.0
2019,jeffeam01,21.1,0.692,0.0,0.5,9.3,24.0,16.5,6.4,2.2,3.7,4.9,13.1,0.2,0.1,0.4,0.258,0.5,2.0,0.1
2019,derrima01,19.4,0.653,0.606,0.152,13.3,7.6,10.4,2.2,0.0,1.3,7.9,24.4,0.2,0.0,0.2,0.155,2.6,-5.3,0.0
2019,millema01,13.7,0.63,0.808,0.154,1.7,6.3,4.0,2.1,0.7,1.2,3.5,18.5,0.1,0.1,0.2,0.13,1.2,-1.6,0.0
2019,fredeji01,3.6,0.348,0.448,0.207,1.7,10.4,6.0,17.5,2.2,0.0,13.6,24.2,-0.2,0.0,-0.2,-0.166,-8.4,-2.9,-0.2
2019,johnsal02,6.3,0.333,0.125,0.5,7.1,25.5,16.5,2.0,0.8,4.2,0.0,13.3,-0.1,0.1,0.0,0.027,-5.7,-2.0,-0.1
2019,garrebi01,9.8,0.452,0.296,0.148,0.0,5.1,2.5,18.0,0.8,1.3,6.5,20.9,0.0,0.0,0.0,-0.019,-3.9,-1.7,-0.1
2019,mbahalu01,6.7,0.495,0.333,0.278,3.6,8.4,6.1,4.5,0.8,1.3,9.0,15.4,0.0,0.0,0.0,0.009,-2.9,0.0,0.0
2019,goodwbr01,8.3,0.413,0.261,0.478,1.9,3.8,2.8,32.1,0.0,0.0,9.7,23.1,0.0,0.0,0.0,0.021,-4.7,-4.8,-0.1
2019,humphis01,3.4,0.357,0.524,0.0,7.4,13.4,10.3,0.0,0.8,0.0,0.0,15.2,-0.1,0.0,-0.1,-0.047,-6.2,-4.7,-0.1
2019,loydjo01,16.3,0.635,0.444,0.611,2.0,15.3,8.8,15.1,0.0,0.0,8.1,19.4,0.2,0.0,0.2,0.19,0.0,-0.9,0.0
2019,doziepj01,16.0,0.434,0.381,0.095,12.5,23.1,17.8,13.7,1.9,0.0,0.0,18.5,0.1,0.1,0.1,0.125,-1.3,-0.6,0.0
2019,reedda01,8.1,0.5,0.333,0.0,4.8,9.2,7.1,8.5,1.0,0.0,7.7,12.1,0.0,0.0,0.1,0.064,-3.3,-2.2,0.0
2019,frazime01,1.2,0.33,0.286,0.19,7.2,4.9,6.1,3.3,1.1,0.0,4.2,23.5,-0.2,0.0,-0.1,-0.133,-11.3,-3.2,-0.1
2019,highsha01,4.5,0.414,0.5,0.2,0.0,12.9,6.6,6.6,1.2,0.0,8.4,12.4,0.0,0.0,0.0,-0.023,-5.8,-2.4,-0.1
2019,cavanty01,5.0,0.414,0.5,0.2,8.5,13.6,11.1,3.4,0.0,0.0,8.4,13.0,0.0,0.0,0.0,0.026,-5.3,-3.1,-0.1
2019,musadz01,5.8,0.415,0.455,0.091,2.7,10.7,6.7,8.6,2.4,0.0,14.9,29.0,-0.2,0.0,-0.1,-0.152,-6.3,-0.9,-0.1
2019,jacksde01,21.0,0.656,0.4,0.267,5.6,2.6,4.1,19.6,2.4,0.0,5.6,19.1,0.2,0.0,0.2,0.231,3.6,0.9,0.1
2019,youngni01,2.3,0.5,0.889,0.0,0.0,2.9,1.5,6.8,0.0,2.4,18.2,12.7,0.0,0.0,0.0,-0.021,-4.3,-2.5,0.0
2019,welshth01,16.1,0.648,0.538,0.154,0.0,12.1,6.0,20.5,0.0,0.0,6.7,17.7,0.1,0.0,0.1,0.162,2.2,-1.1,0.0
2019,bradlto01,19.6,0.504,0.0,0.125,27.6,17.7,22.6,4.5,2.7,4.4,15.1,23.6,0.0,0.1,0.1,0.13,-3.6,-2.4,0.0
2019,chiozch01,7.0,0.375,0.625,0.0,3.3,10.3,6.7,16.1,1.5,2.6,11.1,11.8,0.0,0.0,0.0,0.023,-2.7,1.4,0.0
2019,hicksis01,17.4,0.588,0.0,0.625,6.4,16.7,11.4,9.4,1.5,7.9,8.9,15.0,0.1,0.0,0.1,0.153,-2.1,2.2,0.0
2019,morrija01,12.2,0.46,0.3,0.2,0.0,16.5,8.8,18.1,3.2,0.0,8.4,17.2,0.0,0.1,0.1,0.084,-3.7,3.3,0.0
2019,willial03,32.9,0.61,0.077,0.308,16.2,60.3,38.4,22.3,1.8,0.0,6.3,25.5,0.1,0.1,0.2,0.312,7.6,4.2,0.1
2019,hannadu01,4.5,0.311,0.417,0.167,0.0,4.4,2.2,28.8,1.9,0.0,7.2,23.9,-0.1,0.0,-0.1,-0.125,-6.5,-3.2,-0.1
2019,hunterj01,21.5,0.612,0.769,0.154,4.1,8.2,6.2,18.0,1.9,0.0,0.0,23.0,0.1,0.0,0.1,0.226,3.2,0.4,0.0
2019,akoonde01,8.2,0.322,0.4,0.2,4.9,14.8,9.8,37.1,4.5,0.0,15.5,25.0,-0.1,0.0,0.0,-0.051,-7.9,2.1,0.0
2019,pattoju01,10.5,0.317,0.286,0.286,10.4,19.6,15.1,18.7,4.5,0.0,0.0,15.7,0.0,0.0,0.0,0.079,-5.2,3.2,0.0
2019,machasc01,22.2,0.776,0.167,0.167,0.0,0.0,0.0,23.5,2.4,0.0,0.0,14.0,0.1,0.0,0.1,0.281,2.9,2.7,0.0
2019,macurjp01,5.7,0.333,0.444,0.0,0.0,19.4,9.5,18.0,0.0,0.0,0.0,22.8,0.0,0.0,0.0,-0.11,-4.7,-2.9,0.0
2019,caupatr01,30.7,0.625,0.375,0.0,6.6,13.6,10.0,42.5,3.1,0.0,0.0,21.8,0.1,0.0,0.1,0.347,9.6,3.7,0.1
2019,paytoga02,36.9,0.688,0.25,0.0,6.7,6.9,6.8,45.1,8.9,5.3,11.1,23.8,0.1,0.0,0.1,0.358,8.3,10.6,0.1
2019,edwarvi01,3.8,0.375,1.0,0.0,6.8,7.1,6.9,0.0,0.0,0.0,0.0,10.9,0.0,0.0,0.0,-0.014,-1.6,-4.8,0.0
2019,ingraan01,-11.9,0.0,0.5,0.0,7.0,6.7,6.9,0.0,3.1,0.0,14.3,19.3,-0.1,0.0,-0.1,-0.408,-14.8,-4.8,-0.1
2019,delgaan01,4.3,0.255,0.0,0.4,14.6,13.7,14.1,0.0,3.1,0.0,0.0,16.5,0.0,0.0,0.0,-0.055,-7.0,-5.0,0.0
2019,motiedo01,-0.5,0.436,0.0,0.333,16.9,8.3,12.6,11.9,0.0,6.5,30.4,33.5,-0.1,0.0,-0.1,-0.246,-19.4,-2.3,-0.1
2019,matenya01,5.7,0.25,0.25,0.0,8.2,16.4,12.3,0.0,3.8,0.0,0.0,13.2,0.0,0.0,0.0,-0.026,-7.5,-1.6,0.0
2019,antetko01,-0.9,0.21,0.0,1.333,0.0,9.7,4.9,0.0,8.8,0.0,17.4,22.5,-0.1,0.0,-0.1,-0.247,-12.6,-0.1,0.0
2019,chealjo01,2.0,0.333,0.0,0.0,0.0,0.0,0.0,17.7,0.0,0.0,0.0,16.2,0.0,0.0,0.0,-0.08,-8.5,-6.0,0.0
2019,mccalta01,9.6,0.581,0.333,0.333,0.0,13.1,6.6,0.0,0.0,0.0,0.0,18.1,0.0,0.0,0.0,0.055,-6.0,-0.6,0.0
2019,stephdj01,5.5,0.5,0.0,0.0,0.0,0.0,0.0,0.0,7.1,0.0,33.3,19.1,0.0,0.0,0.0,-0.119,-7.1,1.6,0.0
2019,anigbik01,-6.0,0.0,0.0,0.0,18.9,36.2,27.7,19.4,0.0,14.8,25.0,29.1,-0.1,0.0,-0.1,-0.48,-14.0,-2.3,0.0
2019,duvaltr01,38.3,0.833,0.333,0.0,0.0,16.0,8.5,59.0,0.0,0.0,0.0,20.9,0.1,0.0,0.1,0.537,19.1,5.3,0.0
2019,whiteok01,-4.5,0.0,1.0,0.0,17.8,18.4,18.1,0.0,0.0,0.0,0.0,14.1,0.0,0.0,0.0,-0.251,-9.0,-7.8,0.0
2019,kingge03,1.9,,,,0.0,18.8,9.2,0.0,0.0,0.0,,0.0,0.0,0.0,0.0,-0.001,-5.8,-2.1,0.0
2019,lucaska01,16.6,0.532,1.0,2.0,0.0,56.7,27.3,20.8,0.0,0.0,0.0,13.5,0.0,0.0,0.0,0.238,-5.6,6.4,0.0
2019,joneste01,-15.8,0.225,0.5,0.25,0.0,90.3,44.2,0.0,0.0,0.0,18.4,47.2,-0.1,0.0,-0.1,-0.661,-24.7,-6.4,0.0
2019,loftoza01,-10.0,0.0,1.0,0.0,0.0,0.0,0.0,0.0,12.3,0.0,50.0,21.6,-0.1,0.0,0.0,-0.447,-17.4,6.0,0.0
2019,siberjo01,29.7,1.5,1.0,0.0,0.0,0.0,0.0,0.0,0.0,0.0,0.0,10.2,0.0,0.0,0.0,0.183,13.7,2.2,0.0
2019,grantdo01,-38.1,0.0,1.0,0.0,0.0,0.0,0.0,0.0,0.0,0.0,0.0,40.7,0.0,0.0,0.0,-0.946,-23.6,-14.0,0.0
2019,simmoko01,0.0,,,,0.0,0.0,0.0,0.0,0.0,0.0,,0.0,0.0,0.0,0.0,-0.033,-7.4,-3.2,0.0
2019,davisty01,0.0,0.0,0.0,0.0,100.0,0.0,51.6,0.0,0.0,0.0,0.0,40.7,0.0,0.0,0.0,-0.471,-9.6,-31.1,0.0
2019,hollajo02,0.0,,,,0.0,0.0,0.0,0.0,0.0,0.0,,0.0,0.0,0.0,0.0,-0.032,-3.4,-1.6,0.0
2019,qizh01,80.4,1.0,0.0,0.0,0.0,0.0,0.0,0.0,0.0,0.0,0.0,43.4,0.0,0.0,0.0,1.261,40.1,11.9,0.0
2019,ulisty01,0.0,,,,0.0,0.0,0.0,0.0,0.0,0.0,,0.0,0.0,0.0,0.0,-0.015,-7.7,-2.7,0.0
2020,mccolcj01,17.0,0.541,0.378,0.136,1.9,10.2,6.1,19.1,1.0,1.4,8.1,25.9,3.5,0.6,4.1,0.077,2.3,-1.8,1.6
2020,bookede01,20.6,0.618,0.31,0.397,1.3,12.0,6.6,30.0,0.9,0.6,14.9,30.0,6.0,1.5,7.5,0.143,3.4,-1.3,2.6
2020,hardeja01,29.1,0.626,0.557,0.528,2.9,16.0,9.4,35.9,2.3,2.1,14.2,36.3,9.9,3.2,13.1,0.254,8.1,1.6,7.3
2020,barneha02,13.3,0.574,0.338,0.337,3.4,12.9,8.1,9.2,0.8,0.5,8.8,17.4,3.4,1.1,4.6,0.088,0.0,-1.3,0.5
2020,lillada01,26.9,0.627,0.5,0.384,1.4,10.5,6.0,34.4,1.3,0.8,11.0,30.3,10.9,0.7,11.6,0.225,8.3,-0.9,5.9
2020,harrito02,17.2,0.556,0.304,0.184,3.1,19.1,11.1,14.6,1.0,1.4,7.6,23.9,3.5,2.7,6.2,0.121,1.3,-0.5,1.8
2020,tuckepj01,8.3,0.559,0.702,0.113,4.7,15.6,10.1,6.0,1.4,1.2,13.9,8.7,1.6,2.4,4.0,0.078,-2.4,0.6,0.1
2020,gilgesh01,17.7,0.568,0.247,0.352,2.2,16.1,9.4,15.2,1.6,1.7,10.3,23.7,3.1,3.0,6.1,0.121,1.3,0.4,2.2
2020,adebaba01,20.3,0.598,0.018,0.484,8.5,24.9,17.0,24.2,1.7,3.8,17.6,21.2,4.6,3.9,8.5,0.168,1.4,2.0,3.3
2020,mitchdo01,18.8,0.558,0.352,0.24,2.6,11.3,7.1,21.6,1.4,0.5,11.0,30.8,3.2,2.2,5.4,0.11,2.4,-0.6,2.3
2020,jokicni01,24.9,0.605,0.238,0.281,8.0,26.1,17.1,35.2,1.8,1.7,15.8,26.6,6.7,3.1,9.8,0.202,5.5,2.0,5.5
2020,goberru01,21.7,0.699,0.0,0.724,11.2,31.3,21.6,6.5,1.1,4.8,15.0,16.2,6.5,4.2,10.7,0.221,1.7,1.9,3.3
2020,derozde01,21.6,0.603,0.033,0.43,2.0,15.4,8.7,26.1,1.4,0.8,11.6,26.3,5.9,1.3,7.3,0.151,2.3,-0.4,2.3
2020,jamesle01,25.5,0.577,0.326,0.292,3.2,21.5,12.4,49.1,1.6,1.4,15.1,31.5,6.2,3.6,9.8,0.204,6.6,1.8,6.1
2020,tatumja01,20.4,0.567,0.383,0.255,3.1,18.5,10.9,14.5,2.0,2.3,10.2,28.6,3.2,3.7,6.9,0.146,3.5,0.6,3.4
2020,hieldbu01,16.0,0.566,0.592,0.117,2.8,14.1,8.3,15.5,1.4,0.7,12.1,27.2,1.4,1.5,3.0,0.064,2.5,-1.4,1.7
2020,grahade01,15.8,0.537,0.607,0.242,2.0,8.7,5.2,35.3,1.4,0.6,14.5,24.8,2.4,0.9,3.4,0.073,2.5,-2.1,1.4
2020,paulch01,21.7,0.61,0.343,0.315,1.3,15.7,8.7,34.0,2.4,0.4,13.8,23.3,5.9,3.0,8.9,0.193,3.0,1.4,3.5
2020,warretj01,18.4,0.61,0.227,0.205,3.4,10.5,7.0,7.1,1.7,1.4,7.2,23.3,4.0,2.6,6.5,0.143,1.2,0.0,1.7
2020,robindu01,13.1,0.684,0.882,0.105,0.5,11.0,6.0,7.1,0.8,0.9,8.9,16.0,3.7,1.6,5.3,0.118,1.5,-1.0,1.3
2020,roziete01,14.8,0.553,0.45,0.202,2.4,11.8,7.0,20.4,1.4,0.4,12.1,23.7,1.9,1.1,3.0,0.066,0.8,-1.2,0.8
2020,sabondo01,20.7,0.586,0.079,0.349,9.7,29.3,19.6,21.7,1.1,1.2,14.8,23.3,4.1,3.4,7.5,0.168,2.0,1.2,2.9
2020,sextoco01,16.3,0.56,0.235,0.246,3.1,7.5,5.3,15.1,1.5,0.3,11.6,27.2,2.1,0.4,2.5,0.057,0.3,-2.1,0.1
2020,inglejo01,12.6,0.595,0.638,0.17,1.4,12.5,7.2,24.4,1.5,0.4,19.3,15.1,2.7,2.1,4.8,0.108,0.1,0.7,1.5
2020,davisan02,27.4,0.61,0.199,0.479,7.4,22.1,14.8,15.1,2.0,6.0,10.4,29.3,6.7,4.4,11.1,0.25,5.4,2.6,5.4
2020,harrijo01,13.3,0.606,0.518,0.114,3.2,11.2,7.3,10.4,0.9,0.7,11.2,18.3,2.5,1.8,4.3,0.097,0.4,-0.6,1.0
2020,finnedo01,12.3,0.595,0.58,0.207,7.3,12.7,10.0,7.2,1.0,1.6,10.8,12.9,3.3,1.5,4.9,0.11,0.1,-0.3,0.9
2020,youngtr01,23.9,0.595,0.455,0.448,1.6,11.5,6.5,45.6,1.4,0.3,16.2,34.9,5.3,0.6,5.9,0.133,6.2,-2.3,3.1
2020,holidjr01,17.0,0.537,0.344,0.181,3.8,10.9,7.3,29.1,2.2,1.9,14.5,24.5,2.0,1.9,3.9,0.088,1.6,0.2,2.0
2020,brookdi01,11.3,0.51,0.385,0.19,3.5,8.6,6.1,10.5,1.4,1.1,9.7,25.2,-0.4,1.6,1.2,0.027,-2.7,-1.4,-1.1
2020,siakapa01,17.9,0.554,0.331,0.274,3.3,18.3,11.0,16.4,1.4,2.5,10.7,28.1,1.8,3.6,5.4,0.123,1.3,0.5,2.0
2020,ingrabr01,18.8,0.587,0.35,0.336,2.6,16.6,9.6,19.3,1.3,1.5,13.1,28.1,3.3,1.8,5.1,0.115,2.5,-0.4,2.2
2020,lowryky01,17.7,0.59,0.58,0.427,1.6,12.8,7.3,30.6,1.9,1.2,15.7,23.1,4.2,3.3,7.5,0.171,2.2,1.0,2.8
2020,hardati02,14.5,0.581,0.58,0.206,1.3,10.2,5.8,9.7,0.9,0.2,6.7,21.1,3.4,1.1,4.4,0.102,1.2,-1.4,1.0
2020,lavinza01,19.4,0.568,0.404,0.279,2.1,13.8,7.7,21.7,2.0,1.3,13.3,31.7,1.8,2.2,4.0,0.091,3.3,-0.8,2.4
2020,bogdabo02,15.6,0.603,0.489,0.296,2.1,11.2,6.8,10.0,0.8,0.3,13.1,25.5,2.6,1.6,4.2,0.096,1.6,-1.5,1.1
2020,randlju01,17.5,0.538,0.23,0.35,7.5,24.9,16.0,15.8,1.2,1.0,14.3,27.6,0.9,1.8,2.7,0.062,0.7,-1.0,0.9
2020,fournev01,16.4,0.595,0.467,0.237,0.9,8.2,4.4,16.6,1.7,0.7,10.9,23.9,2.9,1.7,4.6,0.106,1.4,-0.4,1.6
2020,moranja01,17.4,0.556,0.191,0.329,2.6,10.4,6.6,35.2,1.3,0.8,17.0,25.9,2.3,1.5,3.8,0.088,1.4,-1.2,1.2
2020,anunoog01,13.2,0.6,0.403,0.18,4.2,14.2,9.3,7.5,2.2,2.1,11.5,14.3,2.1,3.7,5.7,0.134,-0.8,2.0,1.7
2020,bealbr01,23.2,0.579,0.369,0.351,2.7,10.5,6.4,29.5,1.6,1.0,11.4,34.4,4.5,0.6,5.1,0.118,5.3,-2.4,2.5
2020,onealro01,9.5,0.578,0.668,0.151,1.5,18.8,10.4,11.6,1.4,1.3,13.5,9.6,1.8,2.5,4.3,0.101,-1.3,2.2,1.5
2020,westbru01,21.0,0.536,0.166,0.297,5.1,18.1,11.5,35.6,2.1,0.8,15.0,34.4,1.7,2.5,4.2,0.098,1.6,-0.1,1.8
2020,doncilu01,27.6,0.585,0.431,0.448,4.1,25.0,14.7,45.7,1.5,0.6,14.8,36.8,6.5,2.3,8.8,0.207,7.4,1.0,5.4
2020,bridgmi01,12.9,0.62,0.401,0.252,3.5,12.4,7.9,8.6,2.4,2.0,12.0,12.7,2.5,2.3,4.8,0.113,-0.6,1.5,1.5
2020,horfoal01,15.7,0.536,0.399,0.113,5.6,19.3,12.4,19.2,1.2,2.6,9.7,17.5,2.8,2.6,5.4,0.128,1.3,1.0,2.2
2020,balllo01,13.1,0.517,0.575,0.111,3.7,16.4,10.0,29.1,2.0,1.6,21.1,18.5,0.4,2.0,2.4,0.058,0.1,0.6,1.3
2020,huntede01,8.6,0.521,0.445,0.211,2.3,13.1,7.6,8.0,1.0,0.7,12.1,17.5,-0.4,0.5,0.1,0.002,-2.9,-1.8,-1.4
2020,gordoaa01,15.1,0.516,0.309,0.292,5.5,20.3,12.7,17.4,1.2,1.7,10.4,20.7,1.4,2.3,3.7,0.087,-0.1,0.1,1.0
2020,simmobe01,20.4,0.602,0.011,0.461,6.2,18.2,12.2,33.8,2.9,1.4,20.4,20.9,3.8,3.1,6.9,0.165,1.3,2.3,2.8
2020,rubiori01,16.5,0.535,0.312,0.327,2.5,14.4,8.4,39.7,2.2,0.5,17.9,20.4,2.9,2.0,4.9,0.117,0.7,0.2,1.5
2020,bjeline01,15.7,0.602,0.49,0.129,6.1,19.9,12.8,14.7,1.5,1.9,12.5,17.0,3.4,1.9,5.3,0.127,1.2,0.5,1.9
2020,whiteha01,25.0,0.644,0.01,0.34,13.6,33.3,23.6,5.9,0.6,8.4,12.9,19.6,5.6,3.0,8.5,0.204,2.5,0.7,2.6
2020,schrode01,16.7,0.575,0.337,0.245,1.1,11.6,6.5,21.9,1.1,0.6,13.4,27.2,1.9,1.8,3.6,0.087,1.1,-1.1,1.0
2020,vucevni01,21.9,0.549,0.28,0.162,7.3,29.7,18.1,19.5,1.3,2.1,7.4,25.8,3.5,2.9,6.4,0.153,3.7,0.5,3.1
2020,fultzma01,14.3,0.517,0.175,0.206,2.1,11.0,6.4,29.0,2.2,0.5,14.9,21.4,0.6,2.0,2.7,0.065,-1.8,0.0,0.1
2020,bridgmi02,12.1,0.52,0.398,0.174,4.6,15.6,9.9,9.4,1.0,2.2,10.5,20.0,0.3,1.3,1.6,0.039,-1.5,-1.0,-0.3
2020,dinwisp01,17.8,0.541,0.392,0.437,1.7,9.6,5.7,35.0,0.9,0.9,12.5,29.2,3.2,1.6,4.8,0.116,2.7,-0.9,1.9
2020,nunnke01,12.9,0.534,0.428,0.109,1.2,8.7,5.1,18.5,1.4,0.8,10.6,24.1,0.4,1.6,2.0,0.049,-1.0,-1.3,-0.1
2020,butleji01,23.6,0.585,0.157,0.693,6.3,15.4,11.0,28.1,2.6,1.6,11.4,25.1,6.3,2.7,9.0,0.221,4.0,1.5,3.7
2020,brownja02,16.9,0.583,0.381,0.274,3.5,16.5,10.1,9.7,1.6,1.0,11.2,24.7,2.3,2.6,4.9,0.123,1.0,-0.2,1.4
2020,oubreke01,14.9,0.56,0.372,0.298,3.8,17.1,10.4,6.6,1.7,1.8,8.2,22.4,1.7,2.1,3.8,0.093,-0.3,-0.3,0.7
2020,vanvlfr01,16.3,0.553,0.484,0.256,1.0,9.9,5.6,27.7,2.5,0.9,12.3,21.7,2.8,3.1,5.8,0.145,1.3,1.4,2.3
2020,smartma01,13.8,0.518,0.579,0.223,2.4,10.1,6.3,21.1,2.5,1.4,12.1,18.9,1.7,2.8,4.5,0.112,0.0,1.4,1.6
2020,antetgi01,31.9,0.613,0.237,0.508,7.7,34.8,22.1,34.2,1.5,3.0,13.2,37.5,6.1,5.0,11.1,0.279,7.4,4.1,6.6
2020,bartowi01,15.6,0.549,0.39,0.18,4.5,16.9,10.7,16.0,1.6,1.4,9.9,20.1,2.4,1.8,4.2,0.106,1.2,-0.2,1.5
2020,houseda01,11.3,0.572,0.659,0.167,3.1,11.6,7.3,6.1,1.6,1.5,8.5,13.7,1.9,1.8,3.6,0.091,-0.8,0.0,0.6
2020,osmande01,10.7,0.552,0.527,0.154,2.2,11.3,6.7,11.6,1.4,0.7,12.3,16.6,1.0,0.6,1.6,0.04,-1.7,-0.9,-0.3
2020,murraja01,17.7,0.559,0.362,0.207,2.7,11.2,6.9,22.9,1.7,0.8,11.5,25.2,2.8,1.5,4.3,0.107,2.0,-0.8,1.5
2020,anthoca01,12.4,0.525,0.289,0.206,3.9,16.1,10.1,6.4,1.2,1.2,10.5,21.2,0.4,0.9,1.3,0.033,-1.8,-1.8,-0.8
2020,grantje01,14.4,0.591,0.397,0.309,3.4,11.2,7.3,6.6,1.3,2.8,8.0,18.0,2.8,1.6,4.4,0.111,0.1,-0.6,0.7
2020,klebima01,13.6,0.605,0.621,0.181,6.3,15.1,10.8,6.3,0.6,3.8,9.5,13.9,3.2,1.7,4.8,0.123,0.4,0.0,1.1
2020,rosste01,14.0,0.548,0.596,0.217,0.7,12.3,6.3,6.8,2.0,1.1,7.0,22.8,1.1,2.0,3.0,0.077,-0.1,-0.3,0.8
2020,satorto01,13.5,0.533,0.361,0.22,4.3,11.0,7.5,27.1,2.1,0.4,17.7,16.7,1.8,1.7,3.5,0.09,-1.1,-0.2,0.4
2020,willilo02,17.3,0.546,0.337,0.362,1.8,9.2,5.6,30.1,1.1,0.6,14.4,28.4,2.3,1.8,4.1,0.105,2.2,-1.4,1.3
2020,princta02,9.1,0.497,0.583,0.12,2.8,18.1,10.6,9.2,1.5,1.1,14.0,20.4,-1.7,2.3,0.6,0.014,-2.8,-0.1,-0.4
2020,middlkh01,21.1,0.619,0.374,0.24,2.5,17.0,10.2,22.2,1.3,0.3,11.6,26.4,4.6,3.3,7.9,0.205,3.4,0.7,2.9
2020,allenja01,20.7,0.664,0.013,0.581,12.3,24.9,18.7,8.9,1.0,4.2,11.7,14.9,5.2,2.9,8.2,0.212,1.4,1.0,2.0
2020,leonaka01,26.9,0.589,0.287,0.355,3.1,19.1,11.3,26.4,2.6,1.6,10.2,33.0,5.4,3.3,8.7,0.226,6.5,2.4,5.1
2020,valanjo01,22.2,0.631,0.123,0.271,12.4,32.2,22.5,10.9,0.8,3.6,13.3,21.5,4.2,2.8,7.0,0.182,2.1,0.2,2.0
2020,gallida01,19.5,0.612,0.537,0.365,2.1,16.8,9.7,10.3,1.1,0.2,7.4,24.6,4.5,1.9,6.3,0.166,4.1,-0.9,2.4
2020,holidju01,12.1,0.585,0.681,0.138,1.9,12.2,7.1,6.7,2.3,2.2,7.9,13.4,1.6,2.6,4.2,0.112,-0.5,1.8,1.5
2020,turnemy01,14.8,0.566,0.426,0.288,5.2,19.1,12.2,5.4,1.2,6.4,11.4,17.9,1.1,3.1,4.2,0.111,-1.0,1.1,1.0
2020,garlada01,8.5,0.498,0.423,0.103,1.6,5.2,3.4,18.5,1.1,0.2,17.1,20.7,-1.3,0.0,-1.3,-0.034,-2.7,-2.8,-1.7
2020,lopezbr01,15.0,0.551,0.484,0.227,3.4,13.0,8.5,7.4,1.2,7.9,8.7,18.3,1.4,4.1,5.5,0.145,-0.4,2.5,1.9
2020,porzikr01,20.2,0.551,0.432,0.304,5.9,25.1,15.6,8.8,1.1,5.4,8.0,27.0,2.6,2.6,5.2,0.138,1.8,0.1,1.8
2020,smithis01,13.9,0.509,0.245,0.125,1.8,12.0,6.7,27.1,1.5,1.5,11.6,19.1,1.3,0.6,1.9,0.051,-0.3,-1.0,0.3
2020,browntr01,13.7,0.524,0.288,0.223,4.5,19.6,11.7,14.1,2.2,0.3,10.4,17.8,1.3,1.2,2.4,0.065,-0.8,-0.4,0.3
2020,harriga01,9.7,0.519,0.405,0.177,1.6,8.6,5.1,8.9,2.1,0.7,9.7,15.1,0.5,1.4,1.9,0.052,-2.8,0.3,-0.2
2020,loveke01,17.9,0.599,0.536,0.301,3.3,31.1,17.1,15.4,0.9,0.9,14.5,23.1,2.5,1.3,3.8,0.101,2.6,-0.5,1.8
2020,bogdabo01,15.2,0.565,0.576,0.151,1.6,11.8,6.6,18.0,1.8,0.8,11.1,22.6,1.8,1.3,3.1,0.084,1.2,-0.5,1.2
2020,caldwke01,11.0,0.584,0.471,0.201,2.4,6.4,4.4,8.5,1.5,0.7,10.1,14.7,1.9,1.9,3.7,0.102,-1.2,0.4,0.5
2020,huertke01,11.5,0.536,0.548,0.105,2.1,12.0,7.0,17.5,1.4,1.3,12.0,17.1,1.0,0.6,1.6,0.043,-0.7,-0.9,0.2
2020,josepco01,10.1,0.517,0.386,0.17,2.7,9.4,6.0,19.1,1.5,1.1,15.3,12.9,1.2,1.1,2.3,0.062,-2.1,0.1,0.0
2020,washipj01,12.4,0.547,0.39,0.231,3.5,16.6,9.8,11.3,1.5,2.3,12.5,18.6,0.5,1.5,2.0,0.054,-1.7,0.1,0.2
2020,hartjo01,11.9,0.563,0.665,0.216,3.7,22.1,12.8,8.2,1.7,1.1,11.4,15.3,1.3,1.8,3.1,0.085,-1.1,0.4,0.6
2020,aldrila01,19.7,0.571,0.198,0.241,6.3,17.8,12.0,11.4,1.0,4.4,7.8,23.4,3.0,1.4,4.5,0.122,1.8,-0.5,1.5
2020,harremo01,23.2,0.607,0.022,0.432,9.9,16.3,13.2,10.3,1.1,3.6,10.1,25.7,4.4,2.5,7.0,0.191,2.5,0.5,2.2
2020,walkeke02,20.0,0.575,0.532,0.272,2.2,11.0,6.7,24.2,1.3,1.5,10.5,27.2,3.9,2.0,5.9,0.162,4.9,-0.3,2.9
2020,haywago01,18.1,0.595,0.317,0.207,3.4,17.8,10.7,18.7,1.1,1.2,11.2,21.1,3.5,2.2,5.7,0.158,2.6,0.1,2.0
2020,templga01,10.5,0.513,0.658,0.148,1.8,11.1,6.5,12.8,1.3,1.4,9.0,16.6,0.7,1.7,2.4,0.066,-1.4,0.3,0.4
2020,thomptr01,16.8,0.54,0.041,0.286,14.5,22.9,18.6,10.5,0.9,2.5,14.0,18.3,2.0,1.1,3.1,0.085,-0.2,-1.3,0.2
2020,barrerj01,10.7,0.479,0.271,0.349,3.0,14.8,8.7,12.8,1.6,0.9,12.9,24.0,-1.6,1.1,-0.5,-0.015,-2.9,-1.5,-1.0
2020,gallola01,12.3,0.584,0.611,0.157,2.2,7.8,5.0,8.8,1.4,0.5,6.5,15.9,2.4,0.7,3.1,0.087,0.0,-0.9,0.5
2020,richajo01,12.0,0.533,0.385,0.218,2.7,8.7,5.7,13.9,1.5,1.8,12.8,20.6,0.5,1.7,2.1,0.061,-1.4,-0.4,0.1
2020,greenda02,10.8,0.552,0.69,0.101,3.3,11.2,7.3,7.1,2.4,1.7,11.3,13.9,0.8,2.5,3.4,0.096,-1.1,1.5,1.1
2020,murrade01,16.2,0.524,0.174,0.179,4.4,20.1,12.2,23.1,3.1,0.9,15.4,20.8,0.7,2.0,2.6,0.074,-0.9,1.3,1.0
2020,adamsst01,20.5,0.604,0.006,0.421,14.0,24.0,19.2,13.2,1.5,3.4,14.2,17.3,3.8,2.7,6.5,0.185,1.9,1.1,2.1
2020,whitede01,16.4,0.593,0.391,0.382,2.3,12.1,7.2,20.0,1.3,3.1,12.1,18.9,3.1,1.1,4.2,0.119,1.2,0.1,1.4
2020,whiteco01,11.9,0.506,0.475,0.163,1.8,14.0,7.6,16.5,1.4,0.3,11.4,24.4,-0.5,1.4,0.9,0.026,-1.3,-1.6,-0.4
2020,brogdma01,17.7,0.541,0.309,0.25,3.1,14.1,8.6,33.8,1.0,0.5,13.7,25.2,2.3,1.7,4.0,0.114,2.3,-0.5,1.6
2020,dragigo01,16.3,0.573,0.467,0.34,2.0,10.2,6.3,29.2,1.2,0.6,14.8,25.9,2.2,1.3,3.5,0.102,1.4,-1.6,0.8
2020,pascher01,14.5,0.571,0.202,0.331,5.2,13.1,9.0,12.7,0.9,0.7,11.4,21.4,1.6,0.5,2.1,0.062,-0.7,-2.0,-0.3
2020,bledser01,17.6,0.571,0.306,0.304,2.8,13.5,8.5,28.7,1.6,1.4,15.7,23.7,2.4,3.0,5.4,0.157,0.8,1.0,1.6
2020,snellto01,9.7,0.598,0.665,0.084,0.6,7.1,3.8,10.9,1.0,0.8,7.3,11.4,2.1,0.5,2.6,0.076,-1.2,-0.6,0.1
2020,morrimo01,14.9,0.545,0.304,0.157,1.6,7.7,4.7,22.1,1.7,1.0,8.1,17.5,2.7,1.1,3.8,0.112,0.4,-0.5,0.7
2020,matthwe02,8.1,0.547,0.704,0.161,1.4,8.2,5.0,7.1,1.1,0.5,8.7,12.5,0.8,2.4,3.2,0.093,-2.6,0.7,0.1
2020,brownbr01,11.9,0.518,0.215,0.266,4.2,15.0,9.5,20.4,1.9,1.5,16.7,16.0,0.7,1.4,2.1,0.062,-2.0,0.8,0.3
2020,foxde01,20.6,0.558,0.227,0.42,2.4,11.4,6.8,35.3,2.2,1.5,14.1,29.8,2.6,1.4,4.0,0.118,2.3,-0.5,1.6
2020,saricda01,14.2,0.592,0.437,0.238,6.7,21.1,13.8,10.8,1.1,0.9,12.9,17.8,2.1,1.5,3.6,0.105,-0.1,-0.3,0.7
2020,jacksja02,16.3,0.593,0.489,0.247,3.6,13.2,8.5,7.2,1.2,5.0,10.6,24.0,1.6,1.8,3.5,0.103,0.3,0.1,1.0
2020,mclembe01,11.8,0.622,0.829,0.123,1.3,8.9,5.1,5.2,1.3,0.8,8.0,16.0,2.2,1.1,3.3,0.099,0.1,-0.6,0.6
2020,holidaa01,11.6,0.521,0.393,0.155,1.5,9.0,5.3,19.1,1.7,0.9,12.8,18.7,0.4,1.7,2.1,0.063,-1.6,0.0,0.2
2020,riverau01,10.4,0.542,0.539,0.222,1.8,9.8,5.8,10.0,1.4,0.5,8.3,15.6,1.2,1.2,2.4,0.072,-2.1,-0.4,-0.2
2020,youngth01,13.3,0.521,0.369,0.12,6.2,16.1,10.9,11.3,2.8,1.4,13.9,19.7,-0.2,2.1,1.9,0.058,-1.4,0.2,0.3
2020,bertada01,15.5,0.628,0.774,0.2,2.3,15.1,8.5,8.4,1.1,1.8,8.2,19.0,3.0,0.5,3.5,0.107,2.7,-1.8,1.1
2020,redicjj01,15.4,0.644,0.629,0.293,0.7,9.5,5.1,10.8,0.6,0.5,9.5,20.4,3.6,0.6,4.1,0.125,2.3,-1.7,1.1
2020,forbebr01,11.1,0.57,0.656,0.155,0.8,7.8,4.3,9.5,1.0,0.0,8.4,18.5,1.3,0.3,1.5,0.047,-0.6,-2.1,-0.3
2020,curryse01,15.5,0.643,0.559,0.169,1.8,7.8,4.8,11.6,1.2,0.5,9.1,18.4,3.5,0.8,4.3,0.13,1.7,-0.9,1.2
2020,wrighde01,15.4,0.554,0.309,0.243,4.7,13.8,9.4,21.0,2.6,1.2,13.8,14.4,2.6,1.8,4.4,0.134,0.0,1.9,1.5
2020,theisda01,17.9,0.631,0.225,0.268,9.7,19.3,14.6,10.1,1.1,5.0,10.2,14.4,4.0,2.6,6.5,0.201,0.6,1.8,1.7
2020,korkmfu01,12.0,0.579,0.632,0.181,1.3,10.6,6.0,7.3,1.3,0.9,8.8,18.4,1.4,1.4,2.8,0.085,-0.4,-1.0,0.3
2020,reddica01,9.0,0.5,0.451,0.227,2.4,12.7,7.5,8.0,1.9,1.5,13.6,18.9,-1.2,0.8,-0.4,-0.011,-3.3,-1.0,-0.9
2020,okogijo01,11.5,0.553,0.387,0.48,5.7,12.8,9.1,8.9,2.0,1.4,15.3,15.1,0.9,1.2,2.2,0.068,-2.4,0.0,-0.2
2020,kuzmaky01,12.2,0.531,0.407,0.232,3.8,15.7,9.8,7.6,0.9,1.5,11.0,22.9,0.1,1.9,2.0,0.063,-1.6,-1.0,-0.2
2020,divindo01,14.1,0.557,0.484,0.169,4.6,15.5,10.3,13.6,2.6,1.2,14.1,17.3,1.0,3.2,4.3,0.135,-1.1,2.4,1.3
2020,herroty01,12.5,0.55,0.472,0.158,1.2,14.9,8.3,12.7,1.1,0.6,11.4,22.3,0.2,1.3,1.6,0.05,-0.4,-1.2,0.1
2020,culveja01,9.6,0.467,0.388,0.206,4.7,10.3,7.4,10.8,1.8,2.1,11.5,19.2,-1.2,1.1,-0.1,-0.004,-3.3,-0.7,-0.8
2020,embiijo01,25.8,0.59,0.215,0.543,10.3,33.2,21.7,16.9,1.4,3.7,13.8,32.9,3.3,2.7,6.0,0.192,3.7,1.0,2.5
2020,markkla01,14.3,0.56,0.536,0.259,4.2,19.7,11.6,7.6,1.4,1.5,11.0,21.1,1.0,1.6,2.6,0.084,0.2,-0.8,0.5
2020,millspa02,14.8,0.592,0.674,0.187,1.6,6.2,3.9,11.4,1.7,0.4,7.7,20.4,2.3,0.5,2.8,0.091,1.2,-1.2,0.8
2020,ibakase01,17.3,0.583,0.272,0.185,8.3,23.5,16.1,8.6,0.9,3.0,13.1,24.0,1.2,2.7,3.9,0.126,0.1,0.0,0.8
2020,powelno01,16.8,0.624,0.457,0.256,1.9,11.4,6.8,9.7,1.9,1.4,10.4,21.5,2.3,2.3,4.6,0.15,1.2,0.8,1.5
2020,nancela02,17.3,0.608,0.369,0.172,7.9,23.1,15.4,12.3,1.9,1.3,11.5,15.2,2.8,1.1,3.9,0.128,1.4,0.4,1.4
2020,gayru01,15.4,0.553,0.369,0.228,4.5,22.2,13.4,11.3,1.1,2.0,11.8,22.0,0.9,1.1,2.1,0.068,0.0,-0.9,0.4
2020,shamela01,8.5,0.58,0.757,0.194,0.4,6.6,3.6,9.1,0.7,0.6,9.0,13.4,1.5,1.1,2.6,0.086,-1.8,-0.3,0.0
2020,simonan01,9.0,0.502,0.422,0.172,1.8,9.1,5.5,9.2,0.9,0.6,9.6,18.7,0.0,0.1,0.2,0.005,-2.6,-1.9,-0.9
2020,hachiru01,13.5,0.535,0.16,0.257,5.7,17.0,11.1,8.8,1.2,0.5,8.0,19.0,1.3,0.5,1.8,0.06,-1.2,-2.0,-0.4
2020,leeda03,12.7,0.548,0.468,0.247,2.4,16.3,9.1,14.4,1.7,0.4,10.6,19.0,0.9,0.8,1.7,0.058,-1.5,-0.8,-0.1
2020,augusdj01,14.0,0.554,0.436,0.393,1.6,7.8,4.6,26.8,1.2,0.1,13.7,19.1,2.0,0.9,2.9,0.098,-0.3,-1.3,0.2
2020,georgpa01,21.1,0.589,0.487,0.277,1.8,17.7,10.0,21.1,2.3,1.2,12.5,29.6,2.5,2.3,4.8,0.161,3.8,1.1,2.5
2020,robinmi01,23.5,0.726,0.0,0.434,13.7,18.8,16.2,3.9,1.8,8.0,8.3,13.3,4.8,2.0,6.8,0.23,1.6,1.4,1.8
2020,portibo01,14.6,0.53,0.317,0.158,6.0,20.4,12.9,11.1,1.1,1.2,10.4,21.4,0.9,1.0,1.9,0.064,0.0,-1.1,0.3
2020,jonesde02,14.9,0.62,0.378,0.352,5.6,13.1,9.5,6.7,2.1,2.7,6.9,13.9,2.6,1.8,4.4,0.153,-0.3,1.1,1.0
2020,mcderdo01,14.4,0.62,0.537,0.106,2.1,11.7,7.0,8.4,0.4,0.3,6.8,19.6,2.3,1.1,3.3,0.117,1.4,-1.3,0.7
2020,wanambr01,12.8,0.577,0.282,0.376,1.7,9.4,5.6,17.8,2.2,0.9,15.3,15.5,1.8,1.8,3.5,0.124,-1.9,1.3,0.5
2020,conlemi01,14.1,0.537,0.451,0.245,2.8,9.2,6.1,23.1,1.3,0.3,12.8,23.1,1.4,1.1,2.5,0.089,0.7,-0.4,0.8
2020,collijo01,23.5,0.659,0.243,0.248,9.0,24.0,16.4,7.6,1.1,4.1,10.1,22.7,3.8,1.2,4.9,0.174,3.7,-0.6,1.7
2020,beverpa01,12.5,0.56,0.604,0.138,4.5,15.8,10.3,18.2,1.9,1.6,15.4,13.3,1.6,2.0,3.6,0.128,-0.3,2.5,1.4
2020,zelleco01,18.8,0.576,0.157,0.374,12.6,21.2,16.7,11.3,1.5,1.7,11.9,20.8,2.3,1.3,3.6,0.129,0.2,-0.8,0.5
2020,trentga02,12.9,0.587,0.608,0.102,2.0,5.8,3.9,6.3,1.7,1.0,4.4,15.3,2.2,0.3,2.5,0.089,0.5,-0.8,0.6
2020,anderky01,12.5,0.534,0.257,0.236,4.7,17.6,11.3,15.9,1.9,2.4,15.3,13.5,0.9,1.7,2.5,0.091,-1.5,2.0,0.9
2020,leverca01,16.1,0.514,0.301,0.269,3.9,10.7,7.4,25.0,1.9,0.6,12.6,29.5,0.1,1.4,1.5,0.055,0.6,-0.9,0.5
2020,zubaciv01,21.7,0.651,0.005,0.431,15.9,26.4,21.3,9.1,0.6,4.4,11.8,16.4,4.4,2.3,6.6,0.241,1.9,0.9,1.6
2020,mccontj01,16.5,0.54,0.041,0.102,3.2,12.4,7.8,37.6,2.0,0.7,18.9,17.5,1.7,1.7,3.3,0.121,0.1,0.4,0.8
2020,woodch01,23.2,0.659,0.276,0.476,8.8,24.8,16.7,7.6,1.3,3.4,12.0,23.0,3.6,1.5,5.1,0.183,3.5,-0.3,1.7
2020,greenja01,11.1,0.576,0.676,0.136,6.3,24.1,15.4,5.0,1.0,1.6,12.6,13.7,1.1,2.0,3.1,0.115,-1.2,0.7,0.5
2020,howardw01,18.7,0.696,0.018,0.773,14.6,27.8,21.2,4.8,1.1,5.4,18.5,14.7,2.8,2.6,5.4,0.197,-1.0,1.2,0.7
2020,olynyke01,14.6,0.621,0.588,0.251,3.9,21.6,13.1,13.3,1.7,1.8,13.8,17.4,1.9,1.8,3.7,0.135,0.0,1.0,1.0
2020,clarkbr01,20.9,0.663,0.134,0.234,7.6,20.1,14.0,9.5,1.1,3.2,9.4,18.7,3.4,1.6,5.0,0.183,2.4,0.7,1.7
2020,rosede01,21.0,0.555,0.195,0.185,2.3,8.3,5.3,40.5,1.5,1.0,13.4,31.6,1.8,0.7,2.5,0.092,3.9,-1.7,1.4
2020,lambje01,14.0,0.547,0.33,0.23,2.1,14.8,8.5,10.5,2.1,1.5,8.7,19.6,0.9,1.8,2.7,0.099,-1.1,0.8,0.5
2020,thybuma01,10.0,0.539,0.592,0.155,3.8,5.4,4.6,8.0,3.5,3.1,15.3,11.2,0.3,2.0,2.3,0.086,-2.8,3.1,0.8
2020,capelca01,20.6,0.626,0.0,0.268,13.6,30.5,22.0,5.7,1.2,4.8,12.7,16.1,2.8,2.1,4.9,0.184,1.0,0.4,1.1
2020,poolejo01,7.2,0.454,0.528,0.237,0.7,9.6,5.0,15.8,1.3,0.7,11.8,21.1,-1.6,0.4,-1.2,-0.047,-4.4,-2.2,-1.5
2020,lylestr01,12.6,0.557,0.49,0.131,6.0,24.6,15.3,7.2,1.1,1.9,9.7,13.6,1.2,1.0,2.2,0.083,-0.5,-0.7,0.3
2020,hillge01,16.9,0.659,0.468,0.269,4.1,9.3,6.9,19.0,1.7,0.3,11.9,15.5,3.5,2.1,5.5,0.21,1.6,1.3,1.6
2020,dunnkr01,12.1,0.51,0.327,0.158,1.9,14.9,8.1,19.4,3.8,1.3,15.7,14.6,0.3,2.0,2.3,0.085,-3.8,3.1,0.4
2020,mykhasv01,11.2,0.578,0.704,0.173,1.5,7.9,4.7,12.3,1.6,0.3,12.3,17.1,1.0,0.6,1.6,0.06,-0.7,-1.2,0.0
2020,fergute01,3.7,0.481,0.764,0.091,2.1,4.4,3.3,5.3,1.0,1.2,11.9,9.1,-0.3,0.9,0.6,0.021,-4.8,0.3,-0.8
2020,cartewe01,15.5,0.59,0.085,0.443,11.6,24.6,17.8,6.0,1.3,2.7,14.9,16.4,1.7,1.6,3.3,0.127,-2.1,-0.3,-0.1
2020,johnsca02,12.9,0.586,0.672,0.141,4.3,12.4,8.3,7.7,1.4,1.4,6.9,15.7,1.7,1.0,2.7,0.102,0.8,-0.4,0.7
2020,bongais01,10.2,0.608,0.303,0.363,6.0,13.8,9.7,7.9,1.7,1.5,17.6,11.0,1.2,0.6,1.8,0.068,-2.7,-0.1,-0.3
2020,paytoel01,16.0,0.47,0.157,0.195,4.3,14.1,9.1,38.6,2.7,1.3,16.7,19.5,0.5,1.2,1.7,0.065,-0.4,0.4,0.6
2020,connapa01,11.5,0.565,0.551,0.133,5.1,16.8,11.3,10.9,0.9,2.2,14.0,12.3,1.1,2.3,3.4,0.13,-0.9,1.5,0.8
2020,favorde01,18.5,0.62,0.021,0.209,13.9,28.9,21.4,9.2,1.1,3.1,12.9,14.0,2.6,1.6,4.2,0.162,0.7,0.3,0.9
2020,holmeri01,19.7,0.681,0.0,0.343,11.2,21.5,16.2,5.1,1.6,4.3,11.6,15.6,3.4,1.5,4.9,0.19,0.3,0.7,0.9
2020,millspa01,16.9,0.591,0.283,0.322,8.9,17.6,13.2,9.6,1.8,2.2,12.3,20.0,2.1,1.4,3.5,0.136,0.3,-0.2,0.7
2020,aytonde01,20.0,0.568,0.023,0.157,13.0,26.3,19.6,9.7,1.0,4.1,11.6,23.7,1.5,1.6,3.1,0.121,0.8,-0.4,0.7
2020,jordade01,19.9,0.682,0.0,0.425,12.1,34.5,23.5,12.6,0.7,3.5,17.8,14.1,3.0,2.2,5.2,0.2,1.2,1.8,1.5
2020,jonesty01,15.7,0.532,0.289,0.135,0.8,7.9,4.4,32.0,2.2,0.4,10.8,17.2,1.9,1.1,3.0,0.117,0.4,0.2,0.8
2020,greendr01,12.5,0.489,0.408,0.263,2.0,22.3,11.8,31.2,2.3,2.4,21.8,15.7,-0.2,1.3,1.1,0.044,-2.1,1.9,0.5
2020,daviste02,13.8,0.588,0.555,0.135,4.5,16.0,10.3,14.2,1.5,1.1,14.1,19.0,1.2,1.9,3.1,0.122,0.1,0.7,0.8
2020,scottmi01,11.2,0.557,0.62,0.106,5.9,16.8,11.3,6.4,0.8,0.4,6.6,14.0,1.4,1.1,2.5,0.1,-0.7,-1.1,0.1
2020,chrisma01,19.5,0.604,0.101,0.405,10.0,23.6,16.5,15.3,1.6,4.7,14.7,19.0,2.1,1.3,3.4,0.136,0.0,0.6,0.8
2020,ntilila01,9.8,0.497,0.411,0.177,2.0,9.1,5.4,20.2,2.2,1.3,16.5,15.4,0.1,0.8,0.9,0.037,-3.6,0.4,-0.4
2020,townska01,26.5,0.642,0.445,0.363,8.1,26.1,16.8,22.8,1.3,2.9,13.2,28.8,3.7,1.3,5.1,0.204,7.0,0.8,2.9
2020,bradlav01,8.9,0.537,0.452,0.063,1.7,8.9,5.3,7.2,1.7,0.4,10.7,15.7,0.2,1.4,1.5,0.062,-3.0,0.5,-0.2
2020,carusal01,10.8,0.525,0.412,0.323,1.6,9.8,5.7,13.6,2.8,1.4,13.8,13.8,0.5,1.8,2.3,0.095,-2.6,2.4,0.5
2020,poeltja01,19.1,0.612,0.0,0.323,12.1,22.5,17.3,13.6,1.5,7.1,15.1,13.2,2.4,1.6,4.0,0.163,0.5,2.0,1.3
2020,monkma01,12.6,0.53,0.418,0.205,2.4,12.6,7.3,16.6,1.1,1.3,12.6,22.9,0.1,0.6,0.7,0.028,-1.1,-1.3,-0.1
2020,meltode01,13.5,0.501,0.349,0.302,4.0,15.7,9.9,20.1,3.1,1.5,15.6,19.2,0.1,1.7,1.7,0.072,-2.2,2.0,0.5
2020,knoxke01,8.3,0.47,0.496,0.252,2.5,14.7,8.4,7.4,1.0,2.3,9.2,17.8,-0.5,0.7,0.2,0.007,-3.1,-1.1,-0.7
2020,porteke02,10.8,0.535,0.375,0.24,2.1,13.5,7.7,13.9,1.9,1.0,16.7,20.5,-0.3,0.6,0.3,0.012,-3.2,-0.6,-0.5
2020,gasolma01,11.8,0.551,0.53,0.176,2.9,21.7,12.5,17.3,1.4,3.2,16.4,13.2,0.8,2.2,3.0,0.124,-1.2,2.8,1.1
2020,bryanth01,21.1,0.649,0.218,0.278,9.0,23.1,15.8,11.1,1.0,3.7,10.2,18.9,3.1,0.8,3.9,0.164,2.9,-0.7,1.2
2020,mcgeeja01,19.4,0.652,0.02,0.268,12.2,25.4,18.9,4.6,1.5,7.5,13.9,14.8,2.2,2.4,4.7,0.198,-0.6,2.1,1.0
2020,bazleda01,9.6,0.497,0.445,0.196,3.0,20.5,12.0,5.1,1.0,3.1,11.6,15.1,-0.5,1.5,1.0,0.041,-2.1,0.5,0.1
2020,noelne01,20.4,0.711,0.011,0.394,9.2,19.9,14.7,7.6,2.5,6.9,17.3,14.9,2.6,2.3,4.9,0.209,-0.3,3.4,1.5
2020,holliro01,15.1,0.533,0.07,0.435,10.6,15.9,13.3,13.6,2.0,2.0,13.1,17.2,1.4,2.0,3.4,0.146,-1.2,1.5,0.6
2020,hayesja02,17.6,0.689,0.015,0.734,9.5,16.0,12.7,7.2,1.1,4.3,13.4,15.0,2.8,1.1,3.9,0.171,-0.9,0.6,0.5
2020,craigto01,10.8,0.553,0.513,0.134,6.6,13.2,9.9,5.9,1.1,3.1,8.1,12.6,1.1,0.9,2.0,0.091,-2.0,-0.3,-0.1
2020,poweldw01,15.9,0.677,0.17,0.485,7.5,14.8,11.2,7.7,1.5,1.8,11.5,12.6,2.6,1.0,3.6,0.162,0.4,0.9,0.9
2020,plumlma01,18.8,0.613,0.017,0.538,10.4,23.2,16.8,20.9,1.5,3.3,18.7,18.0,2.0,1.4,3.4,0.153,0.3,1.7,1.1
2020,jacksju01,9.5,0.496,0.478,0.147,2.7,12.6,7.7,6.8,0.7,0.8,3.7,15.4,0.6,0.6,1.2,0.054,-2.1,-1.3,-0.4
2020,willigr01,7.9,0.505,0.455,0.256,6.1,12.1,9.1,8.5,1.4,3.2,17.6,11.6,0.1,1.4,1.6,0.071,-4.1,1.4,-0.2
2020,mellini01,11.4,0.556,0.638,0.226,3.9,14.5,9.2,10.5,1.5,1.8,11.5,15.7,0.9,0.9,1.8,0.082,-1.5,0.2,0.2
2020,leoname01,10.6,0.627,0.547,0.12,3.4,24.0,14.1,7.6,0.7,1.4,13.7,12.2,0.9,1.2,2.1,0.096,-1.3,0.4,0.3
2020,biyombi01,16.1,0.57,0.0,0.543,12.3,20.7,16.3,7.8,0.5,4.4,12.2,16.8,1.5,0.9,2.4,0.113,-1.8,-0.7,-0.1
2020,gibsota01,16.1,0.61,0.049,0.196,11.2,16.7,13.9,7.6,1.3,2.8,13.1,14.8,1.8,0.8,2.6,0.12,-0.8,-0.3,0.2
2020,brunsja01,14.9,0.553,0.309,0.193,2.3,11.3,6.9,27.0,1.0,0.3,13.6,20.4,1.6,0.6,2.1,0.101,0.1,-1.0,0.3
2020,mooreet01,11.3,0.51,0.382,0.103,3.2,10.4,6.8,11.0,1.5,0.9,8.1,19.9,0.3,0.7,0.9,0.043,-1.9,-0.8,-0.2
2020,gordoer01,10.3,0.51,0.654,0.231,0.9,6.5,3.7,7.9,1.0,1.1,7.8,22.5,-0.1,0.6,0.5,0.024,-1.8,-2.1,-0.5
2020,bowmaky01,9.1,0.494,0.333,0.128,2.5,10.7,6.5,19.4,2.1,0.9,17.1,17.2,-0.6,0.6,-0.1,-0.003,-4.0,-0.3,-0.6
2020,ojelese01,7.7,0.562,0.648,0.163,2.8,12.5,7.7,4.7,1.0,0.5,8.3,9.7,0.8,1.0,1.9,0.088,-2.1,0.4,0.1
2020,walkelo01,10.5,0.507,0.283,0.171,2.5,12.7,7.6,9.6,1.5,1.2,10.3,18.7,-0.2,0.6,0.3,0.016,-2.5,-1.0,-0.4
2020,ilyaser01,14.9,0.589,0.438,0.278,6.6,22.7,15.1,6.6,1.1,1.5,8.8,16.1,1.6,2.0,3.6,0.174,-0.3,0.8,0.6
2020,rondora01,12.4,0.494,0.381,0.125,2.6,13.1,7.9,32.9,1.9,0.2,20.8,18.7,0.1,1.3,1.4,0.068,-1.2,-0.1,0.2
2020,kanteen01,22.4,0.599,0.02,0.284,18.0,28.9,23.5,8.8,1.1,3.9,12.5,19.4,2.6,1.8,4.4,0.214,1.8,-0.3,0.9
2020,isaacjo01,17.3,0.552,0.283,0.232,6.2,19.6,12.7,7.4,2.6,7.2,11.8,18.3,0.6,1.9,2.5,0.12,-0.6,2.9,1.1
2020,korveky01,11.3,0.62,0.809,0.14,1.6,10.4,6.3,9.2,1.2,1.1,13.4,15.4,0.9,1.5,2.5,0.124,-0.6,0.7,0.5
2020,lopezro01,10.2,0.554,0.351,0.177,6.2,10.2,8.3,6.3,0.5,4.1,16.4,16.6,-0.1,1.6,1.5,0.077,-3.0,0.4,-0.2
2020,iwundwe01,10.3,0.544,0.352,0.416,2.6,12.5,7.4,8.8,1.3,1.2,8.6,13.7,0.8,0.8,1.7,0.084,-2.7,0.0,-0.2
2020,carteje01,11.3,0.563,0.601,0.111,3.5,10.5,6.9,11.9,2.4,1.6,11.2,12.9,0.8,1.0,1.8,0.093,-0.7,1.3,0.6
2020,baynear01,15.2,0.581,0.441,0.197,8.3,20.0,14.1,10.9,0.5,2.1,10.8,21.1,1.3,0.8,2.1,0.107,-0.2,-0.8,0.2
2020,arcidry01,9.0,0.551,0.627,0.173,2.3,11.2,6.5,14.3,1.4,0.3,13.5,12.5,0.7,0.7,1.4,0.071,-2.7,-0.1,-0.2
2020,thomais02,11.6,0.531,0.444,0.178,1.2,7.0,4.0,23.4,0.7,0.6,14.4,24.1,0.1,-0.1,0.0,0.002,-0.5,-3.9,-0.5
2020,niangge01,11.7,0.589,0.699,0.075,1.9,12.9,7.6,7.0,0.9,0.4,8.3,17.2,1.0,0.8,1.8,0.092,0.4,-0.5,0.4
2020,birchkh01,11.7,0.566,0.007,0.706,10.3,15.6,12.9,7.3,1.1,2.3,14.2,10.2,1.2,0.9,2.2,0.112,-2.5,0.2,-0.1
2020,kennalu01,14.4,0.589,0.535,0.219,1.1,11.1,6.0,19.2,0.6,0.5,10.3,19.8,1.6,0.3,1.9,0.1,1.1,-1.4,0.4
2020,bembrde01,9.6,0.5,0.285,0.211,3.9,14.1,8.9,12.3,2.8,1.7,19.4,14.0,-0.5,0.8,0.2,0.012,-3.5,1.1,-0.1
2020,mccawpa01,7.3,0.5,0.438,0.111,2.3,7.6,5.0,11.5,2.0,0.4,14.6,9.4,0.2,1.2,1.4,0.075,-3.6,1.8,0.0
2020,portemi01,19.8,0.617,0.384,0.188,8.2,23.9,16.1,7.9,1.5,2.6,10.6,22.3,1.8,1.1,2.9,0.154,2.4,-0.8,0.8
2020,martico01,10.5,0.505,0.372,0.314,4.4,15.1,9.6,15.7,2.2,0.9,15.7,13.6,0.2,0.8,1.0,0.052,-3.1,1.0,0.0
2020,diallha01,9.3,0.491,0.193,0.213,5.6,14.7,10.3,5.9,2.0,0.9,13.6,18.4,-0.7,1.1,0.4,0.022,-4.2,0.3,-0.4
2020,jonesda03,15.6,0.712,0.051,0.472,8.9,16.2,12.5,5.6,1.4,3.8,11.5,11.4,2.2,0.6,2.8,0.152,-1.6,0.1,0.1
2020,spellom01,14.4,0.551,0.373,0.312,9.1,18.0,13.4,8.1,1.8,2.4,13.9,18.8,0.5,0.7,1.2,0.066,-0.8,-1.0,0.1
2020,belinma01,10.8,0.532,0.567,0.185,0.9,11.2,6.0,10.7,0.6,0.1,5.3,17.5,0.7,0.2,0.8,0.046,-0.7,-2.0,-0.2
2020,bambamo01,17.5,0.542,0.374,0.161,11.9,25.6,18.5,7.2,1.3,8.8,12.1,17.1,0.8,1.7,2.5,0.135,-1.2,1.6,0.5
2020,cartevi01,7.5,0.47,0.664,0.095,2.2,13.2,7.6,7.7,1.2,2.4,9.4,16.6,-0.6,0.4,-0.2,-0.011,-3.1,-1.2,-0.5
2020,mcgruro01,6.7,0.477,0.492,0.188,3.6,14.2,9.0,5.3,1.4,0.8,10.9,10.6,-0.1,1.1,1.0,0.055,-3.7,0.8,-0.2
2020,hezonma01,9.5,0.525,0.358,0.271,3.6,18.3,11.0,7.5,2.0,0.9,14.7,13.9,0.1,0.6,0.8,0.043,-3.1,0.2,-0.2
2020,naderab01,11.3,0.591,0.487,0.251,1.8,10.6,6.4,6.4,1.3,2.0,12.8,17.0,0.5,0.9,1.3,0.074,-1.2,0.2,0.2
2020,luwawti01,11.0,0.599,0.595,0.301,3.6,11.6,7.7,4.9,1.0,0.7,10.8,16.8,0.9,0.7,1.7,0.095,-1.8,-0.5,-0.1
2020,mudiaem01,13.0,0.543,0.266,0.254,2.4,13.5,8.2,20.9,1.4,1.0,17.3,22.6,0.1,0.9,1.0,0.057,-1.8,-0.1,0.0
2020,dotsoda01,10.9,0.527,0.562,0.114,1.2,10.6,5.8,10.0,1.3,0.5,6.5,16.5,0.6,0.4,0.9,0.053,-0.9,-0.5,0.1
2020,wagnemo01,15.1,0.638,0.301,0.357,7.0,22.2,14.3,9.8,1.6,2.0,17.7,18.6,1.1,0.6,1.7,0.099,-2.0,-0.3,-0.1
2020,cartemi01,15.3,0.535,0.288,0.365,5.8,13.5,9.5,19.1,2.9,2.4,14.7,18.3,0.7,1.2,1.9,0.111,-1.5,1.6,0.5
2020,willike04,7.5,0.429,0.66,0.177,6.5,17.3,11.9,8.4,1.5,2.1,12.2,8.9,0.1,0.8,0.9,0.05,-3.4,0.9,-0.1
2020,dellama01,8.1,0.463,0.52,0.211,2.4,7.8,5.1,29.0,1.2,0.2,23.6,13.0,0.1,0.1,0.2,0.011,-3.6,-1.6,-0.7
2020,dortlu01,7.6,0.506,0.463,0.243,3.3,7.5,5.5,4.6,1.8,0.4,8.4,14.1,0.1,0.8,0.8,0.049,-4.1,0.4,-0.4
2020,bouchch01,20.7,0.587,0.395,0.388,14.1,21.4,17.9,4.8,1.3,7.3,7.4,19.7,2.1,1.8,3.8,0.224,1.0,1.0,0.8
2020,mahinia01,14.2,0.545,0.124,0.538,10.1,19.7,14.7,8.3,1.8,4.8,14.8,15.7,0.7,0.7,1.4,0.083,-2.8,0.0,-0.2
2020,miltosh01,14.4,0.617,0.487,0.235,2.1,10.0,6.0,18.8,1.2,0.7,13.3,18.9,1.4,0.7,2.1,0.126,0.0,-1.0,0.2
2020,jacksfr01,9.1,0.51,0.435,0.227,2.9,8.1,5.5,10.8,1.0,0.4,11.9,21.2,-0.2,0.3,0.2,0.01,-3.3,-2.2,-0.7
2020,kaminfr01,14.2,0.545,0.404,0.293,4.9,20.4,12.6,14.3,0.9,1.1,9.6,21.0,0.7,0.7,1.4,0.087,-0.1,-0.4,0.3
2020,makerth01,13.7,0.582,0.332,0.57,7.8,16.7,12.2,8.0,1.6,4.2,15.7,16.1,0.7,0.8,1.5,0.096,-2.1,0.7,0.1
2020,pattepa01,11.5,0.58,0.738,0.185,4.8,15.1,10.1,7.2,0.4,0.3,7.7,14.7,1.1,0.8,1.9,0.118,0.8,-0.5,0.5
2020,brownst02,9.5,0.486,0.531,0.156,4.3,18.5,11.8,8.6,1.7,0.8,13.3,17.0,-0.4,1.5,1.1,0.07,-3.0,1.0,0.0
2020,doumbse01,6.2,0.474,0.415,0.195,3.0,14.9,8.9,3.6,1.3,0.9,12.0,16.9,-0.8,0.5,-0.3,-0.02,-5.2,-1.4,-0.9
2020,chandwi01,7.4,0.531,0.661,0.126,1.6,18.5,10.2,7.3,1.0,1.4,15.0,12.9,-0.1,0.9,0.7,0.046,-3.7,1.0,-0.1
2020,okoboel01,10.6,0.516,0.392,0.392,2.4,11.6,6.9,21.2,1.6,0.5,15.2,14.8,0.5,0.5,1.0,0.067,-1.9,0.0,0.0
2020,allengr01,12.0,0.609,0.562,0.179,1.2,11.1,6.2,10.0,0.7,0.2,10.9,17.6,0.8,0.4,1.2,0.082,-0.1,-1.2,0.1
2020,fernabr01,11.9,0.542,0.186,0.256,10.0,20.0,15.0,9.9,1.2,2.0,15.9,15.3,0.4,0.4,0.8,0.055,-3.2,-0.9,-0.4
2020,bacondw01,6.1,0.419,0.275,0.217,2.3,14.0,7.9,11.7,1.7,0.3,12.2,19.5,-1.2,0.4,-0.8,-0.053,-5.9,-0.9,-0.8
2020,kurucro01,8.9,0.555,0.508,0.215,3.9,16.6,10.4,10.4,1.7,0.6,19.2,14.7,-0.1,0.8,0.8,0.055,-3.6,0.9,-0.1
2020,bullore01,9.3,0.502,0.496,0.094,2.0,8.8,5.3,8.8,1.8,0.4,7.5,15.6,0.2,0.3,0.5,0.036,-2.8,-0.3,-0.2
2020,netora01,12.7,0.567,0.396,0.212,1.8,8.3,5.0,20.3,1.7,0.8,16.2,18.7,0.5,0.6,1.2,0.083,-1.2,-0.6,0.0
2020,willizi01,24.1,0.616,0.039,0.494,10.1,13.7,11.9,13.3,1.1,1.1,11.9,30.5,1.5,0.4,2.0,0.141,3.5,-1.4,0.7
2020,gilesha01,16.4,0.58,0.008,0.195,7.1,25.1,15.9,14.2,1.6,2.6,13.9,20.6,0.8,0.8,1.6,0.112,-2.2,0.9,0.1
2020,bradlto01,21.7,0.681,0.016,0.243,19.1,25.0,22.2,5.4,1.0,4.1,12.5,15.8,2.2,1.1,3.3,0.236,1.0,0.3,0.6
2020,irvinky01,26.2,0.595,0.341,0.245,3.5,12.5,8.1,36.7,1.9,1.3,10.1,32.6,2.1,0.8,2.9,0.21,6.7,0.9,1.6
2020,hoodro01,12.2,0.625,0.413,0.157,1.7,10.4,6.1,7.0,1.3,0.6,9.4,13.9,0.9,0.2,1.1,0.084,-0.4,-0.5,0.2
2020,gaffoda01,16.2,0.686,0.0,0.448,9.0,10.3,9.6,5.2,1.0,8.7,15.3,13.3,1.1,0.8,1.9,0.146,-2.8,1.5,0.1
2020,mckinal01,8.7,0.493,0.38,0.181,6.9,14.4,10.6,3.3,1.9,1.2,12.3,15.2,-0.2,0.3,0.2,0.014,-4.4,-0.9,-0.5
2020,alexani01,8.9,0.473,0.5,0.139,1.6,13.5,7.5,21.1,1.3,1.1,16.1,23.3,-0.7,0.4,-0.2,-0.02,-3.2,-1.4,-0.4
2020,mclaujo01,16.3,0.587,0.427,0.219,1.2,7.8,4.4,31.0,2.7,0.6,13.7,15.8,1.1,0.4,1.6,0.13,0.3,0.0,0.3
2020,littlna01,9.6,0.505,0.391,0.291,5.7,13.9,9.9,5.0,1.1,2.1,8.1,13.7,0.3,0.3,0.6,0.047,-2.9,-0.6,-0.2
2020,muscami01,12.5,0.569,0.757,0.116,3.2,17.3,10.4,10.1,0.8,1.8,7.9,16.6,0.7,0.6,1.3,0.107,0.1,-0.2,0.3
2020,labissk01,15.4,0.588,0.088,0.224,12.1,19.0,15.6,10.1,0.6,4.7,15.7,14.3,1.0,0.4,1.4,0.119,-1.5,0.2,0.1
2020,kornelu01,12.7,0.539,0.578,0.15,4.1,12.9,8.3,8.5,0.9,4.4,6.6,16.3,0.5,0.6,1.1,0.091,-0.9,-0.2,0.1
2020,ellinwa01,8.5,0.509,0.822,0.075,0.7,12.0,6.2,11.0,1.1,0.7,9.1,15.0,0.2,0.2,0.4,0.035,-1.9,-1.0,-0.1
2020,smithde03,7.4,0.399,0.256,0.251,4.1,11.7,7.7,26.4,2.5,1.4,19.8,23.1,-1.4,0.5,-0.9,-0.079,-5.2,-0.9,-0.6
2020,ferreyo01,12.2,0.528,0.42,0.223,1.2,9.4,5.2,18.8,1.6,0.7,11.9,19.2,0.3,0.3,0.7,0.06,-1.5,-0.3,0.0
2020,oladivi01,11.3,0.506,0.423,0.24,1.9,13.6,7.8,15.4,1.6,0.7,14.7,26.5,-0.6,0.6,0.0,0.002,-2.2,-1.1,-0.2
2020,hutchch01,12.4,0.521,0.217,0.446,3.6,19.8,11.3,7.4,2.5,1.3,11.4,19.1,0.0,0.7,0.7,0.06,-2.7,0.1,-0.1
2020,griffbl01,11.9,0.476,0.444,0.392,3.7,15.0,9.3,18.0,0.7,1.1,12.0,28.4,-0.4,0.3,-0.1,-0.012,-1.7,-2.6,-0.3
2020,cookqu01,10.0,0.509,0.397,0.065,2.4,8.5,5.5,13.8,1.1,0.4,13.0,21.0,-0.2,0.5,0.3,0.03,-2.3,-1.4,-0.2
2020,laymaja01,10.3,0.544,0.402,0.179,3.4,8.7,6.0,4.4,1.6,1.6,11.1,17.7,0.0,0.3,0.3,0.03,-2.8,-0.9,-0.2
2020,batumni01,9.2,0.463,0.605,0.123,5.2,16.8,10.8,18.3,1.7,1.5,20.5,9.4,0.2,0.4,0.6,0.055,-2.8,0.9,0.0
2020,martike03,9.2,0.506,0.53,0.171,2.5,18.6,10.2,6.8,0.7,1.5,9.3,17.8,-0.1,0.3,0.2,0.023,-3.3,-1.0,-0.3
2020,reidna01,15.3,0.505,0.399,0.218,7.0,19.9,13.2,11.2,1.8,3.7,7.6,24.0,0.2,0.6,0.8,0.074,-1.6,-0.3,0.0
2020,valende01,13.0,0.511,0.578,0.034,1.9,15.5,8.4,14.2,2.6,1.2,9.8,23.3,-0.1,0.6,0.5,0.048,-0.8,0.2,0.2
2020,musadz01,9.4,0.484,0.453,0.349,4.6,13.5,9.1,12.6,1.5,0.2,15.4,20.1,-0.3,0.5,0.2,0.016,-3.5,-0.9,-0.3
2020,gudurma01,8.8,0.514,0.529,0.166,3.1,12.6,7.9,12.3,1.2,1.4,17.6,17.6,-0.3,0.4,0.1,0.014,-2.7,-0.7,-0.2
2020,harrish01,17.8,0.559,0.255,0.303,4.8,15.3,9.8,15.3,3.4,3.7,9.2,18.1,0.7,0.8,1.5,0.153,0.4,2.4,0.6
2020,diallch01,16.5,0.688,0.021,0.275,6.9,23.7,15.2,6.9,1.1,2.2,16.7,17.0,0.8,0.5,1.3,0.132,-1.1,-0.2,0.1
2020,bitadgo01,12.1,0.523,0.28,0.22,5.9,18.7,12.3,6.7,1.0,6.9,14.5,17.9,-0.1,0.8,0.7,0.067,-4.1,1.8,0.0
2020,sampsja02,12.6,0.615,0.113,0.235,4.7,15.7,10.2,6.1,1.6,2.2,10.6,13.2,0.6,0.7,1.2,0.124,-2.8,1.4,0.1
2020,greenja02,13.1,0.564,0.262,0.333,5.6,15.6,10.6,7.7,2.5,1.6,13.7,15.3,0.4,0.8,1.1,0.113,-2.1,1.4,0.2
2020,okafoja01,18.3,0.642,0.019,0.383,10.9,18.0,14.4,12.0,0.7,3.9,16.7,19.9,0.9,0.4,1.3,0.133,-0.5,0.3,0.2
2020,bareajo01,14.6,0.512,0.411,0.106,2.4,9.9,6.2,37.1,0.5,0.4,14.9,24.2,0.5,0.2,0.7,0.072,1.6,-3.0,0.1
2020,sumneed01,10.1,0.491,0.373,0.204,2.7,8.5,5.6,16.7,1.6,1.8,12.4,17.3,-0.1,0.5,0.4,0.047,-3.1,0.2,-0.1
2020,thomama02,13.3,0.65,0.66,0.08,2.2,12.2,7.3,7.5,1.1,0.2,9.3,16.6,0.7,0.6,1.2,0.133,1.0,0.1,0.3
2020,pasecan01,11.3,0.551,0.026,0.5,10.1,16.9,13.4,5.7,1.0,2.4,14.5,15.8,0.3,0.2,0.5,0.054,-4.1,-1.5,-0.4
2020,sefolth01,9.4,0.487,0.593,0.088,5.0,17.5,11.2,7.5,2.5,2.4,13.7,10.4,0.0,0.6,0.7,0.072,-2.9,1.7,0.1
2020,paytoga02,11.3,0.473,0.397,0.069,6.3,14.2,10.1,14.8,3.6,1.4,14.3,13.4,0.0,0.4,0.5,0.051,-3.1,1.5,0.0
2020,goodwbr01,11.6,0.507,0.458,0.158,2.7,15.5,9.0,18.0,1.3,0.8,12.5,22.4,-0.1,0.2,0.1,0.013,-1.6,-1.3,-0.1
2020,marjabo01,25.7,0.612,0.081,0.27,16.6,32.1,24.5,8.3,0.9,2.0,11.3,26.9,1.2,0.6,1.8,0.2,2.8,-1.6,0.3
2020,iguodan01,10.5,0.507,0.534,0.17,4.7,15.7,10.4,16.9,1.6,5.0,21.6,12.7,0.0,0.6,0.6,0.065,-1.9,1.4,0.2
2020,doziepj01,11.6,0.495,0.312,0.185,2.7,12.2,7.5,21.6,1.7,1.3,13.7,20.8,0.0,0.4,0.4,0.044,-2.5,-1.2,-0.2
2020,williro04,23.1,0.728,0.0,0.386,11.2,24.0,17.7,10.1,2.7,8.4,16.9,13.6,1.1,1.0,2.0,0.253,0.8,4.3,0.7
2020,feliccr01,12.8,0.671,0.037,0.426,15.0,14.1,14.6,5.7,1.2,0.5,21.9,9.1,0.7,0.3,1.0,0.126,-1.4,-1.7,-0.1
2020,jacksjo02,14.1,0.547,0.453,0.314,3.1,14.9,9.1,13.1,2.2,2.1,13.4,22.8,0.1,0.5,0.5,0.069,-1.0,1.1,0.2
2020,aminual01,7.6,0.395,0.419,0.337,6.6,18.4,12.3,7.4,2.3,1.9,14.7,13.2,-0.4,0.5,0.1,0.014,-4.4,1.4,-0.1
2020,hernawi01,19.2,0.576,0.158,0.424,12.1,27.5,19.5,13.5,1.3,1.7,15.4,22.9,0.4,0.4,0.8,0.107,0.6,-0.5,0.2
2020,langfro01,5.4,0.434,0.338,0.313,4.4,7.4,5.9,4.5,1.0,2.0,10.8,11.8,-0.2,0.4,0.2,0.025,-4.7,-0.3,-0.3
2020,schofad01,6.1,0.502,0.663,0.163,2.0,12.4,7.0,5.3,1.0,0.9,6.6,11.9,0.1,0.1,0.1,0.017,-4.3,-1.2,-0.3
2020,pinsoth01,5.2,0.37,0.516,0.103,2.9,12.2,7.7,21.7,2.2,0.9,16.9,22.3,-1.0,0.4,-0.6,-0.078,-6.8,-0.2,-0.5
2020,dudleja01,7.8,0.558,0.7,0.033,1.8,13.7,7.8,9.5,2.0,0.7,11.6,8.0,0.3,0.5,0.8,0.102,-2.7,2.0,0.1
2020,wilsodj01,8.2,0.475,0.553,0.136,3.5,20.5,12.5,9.1,0.4,1.2,12.0,18.1,-0.3,0.6,0.3,0.046,-4.1,0.0,-0.2
2020,mannte01,10.6,0.545,0.253,0.342,2.9,12.6,7.9,19.3,1.4,1.2,16.5,12.6,0.4,0.4,0.8,0.106,-2.7,1.2,0.0
2020,burtode02,4.3,0.396,0.424,0.112,2.2,15.1,8.8,6.8,1.0,2.4,12.7,18.5,-0.9,0.4,-0.5,-0.067,-6.3,-0.5,-0.4
2020,fraziti01,9.8,0.464,0.319,0.255,2.8,7.8,5.3,36.5,1.9,0.9,25.6,17.3,-0.1,0.2,0.1,0.016,-3.0,-1.6,-0.2
2020,winslju01,8.5,0.44,0.209,0.209,5.3,17.5,11.6,18.7,1.0,1.4,14.6,20.6,-0.4,0.4,0.0,-0.004,-3.5,-0.1,-0.1
2020,edwarca01,6.9,0.444,0.594,0.148,1.9,12.4,7.2,9.3,1.7,1.1,9.9,18.4,-0.3,0.4,0.1,0.014,-4.4,-0.2,-0.2
2020,silvach01,17.3,0.651,0.038,0.705,20.2,20.6,20.4,9.9,1.3,6.0,23.8,17.1,0.7,0.5,1.3,0.178,-3.1,0.8,0.0
2020,leeco01,10.8,0.629,0.573,0.085,2.2,7.5,4.9,4.7,2.5,1.5,11.4,11.9,0.3,0.3,0.7,0.092,-2.1,1.5,0.1
2020,baglema01,15.6,0.512,0.132,0.186,9.5,23.5,16.3,4.9,0.9,3.4,9.1,25.8,0.0,0.3,0.4,0.051,-2.2,-1.4,-0.1
2020,porteot01,15.8,0.55,0.443,0.193,4.1,12.3,8.0,11.9,2.2,1.7,6.8,21.0,0.4,0.4,0.8,0.112,0.8,0.2,0.3
2020,jeromty01,7.9,0.425,0.442,0.142,2.3,13.4,7.8,18.2,2.2,0.8,13.0,17.9,-0.3,0.3,0.0,-0.003,-3.9,0.1,-0.1
2020,martica02,12.0,0.595,0.44,0.25,3.3,10.0,6.5,11.1,1.9,2.0,13.9,15.0,0.3,0.2,0.5,0.081,-1.6,0.6,0.1
2020,oquinky01,18.6,0.544,0.318,0.235,12.0,29.0,20.5,22.7,1.1,6.5,17.6,15.7,0.5,0.6,1.1,0.165,0.3,2.7,0.4
2020,davised01,9.5,0.489,0.0,0.304,13.2,24.6,19.1,5.2,1.8,2.5,20.0,9.4,0.2,0.5,0.6,0.102,-4.6,1.5,-0.1
2020,johnske04,19.1,0.711,0.247,0.494,3.6,16.8,10.2,7.2,2.2,0.6,10.7,17.4,0.8,0.2,1.1,0.174,1.5,0.0,0.3
2020,mcdanja01,10.7,0.574,0.343,0.243,5.4,19.4,12.1,6.8,1.4,0.9,12.4,13.3,0.2,0.2,0.5,0.078,-3.4,0.1,-0.1
2020,clemoch01,13.1,0.548,0.754,0.077,1.4,9.4,5.4,14.3,1.4,1.8,11.5,23.6,0.1,0.2,0.4,0.058,0.3,-1.3,0.1
2020,trieral01,14.5,0.62,0.5,0.406,2.1,8.7,5.3,14.8,0.5,1.3,15.0,21.4,0.5,0.1,0.5,0.087,1.0,-1.4,0.1
2020,colliza01,9.9,0.538,0.279,0.118,9.1,15.7,12.4,7.2,0.8,1.5,16.4,12.5,0.2,0.1,0.3,0.052,-1.7,-1.4,-0.1
2020,eubandr01,17.3,0.682,0.015,0.388,11.1,22.6,16.8,7.7,0.9,5.5,21.1,15.8,0.5,0.3,0.8,0.134,-1.4,-0.4,0.0
2020,toscaju01,9.4,0.529,0.365,0.079,3.5,17.8,10.4,13.8,2.3,1.7,19.7,12.7,-0.1,0.2,0.2,0.03,-4.1,0.5,-0.1
2020,nwabada01,14.0,0.627,0.394,0.38,3.2,14.0,8.7,4.3,1.9,3.7,8.8,14.2,0.4,0.4,0.8,0.138,-1.0,2.0,0.2
2020,harteis01,18.6,0.674,0.075,0.418,11.3,24.3,17.7,10.0,1.6,3.9,16.8,14.8,0.7,0.4,1.1,0.19,-1.0,1.3,0.2
2020,looneke01,9.4,0.403,0.177,0.152,11.2,16.3,13.6,11.1,2.2,2.1,12.5,15.7,-0.2,0.2,0.0,0.006,-4.8,-0.8,-0.2
2020,nurkiju01,22.6,0.567,0.092,0.321,9.6,24.1,16.9,19.1,2.1,5.4,13.2,24.0,0.5,0.3,0.9,0.164,1.0,1.0,0.2
2020,turneev01,6.8,0.424,0.075,0.209,3.4,13.0,8.2,20.6,1.7,2.7,26.2,16.4,-0.5,0.1,-0.3,-0.064,-4.9,-0.7,-0.2
2020,shumpim01,5.3,0.403,0.516,0.109,3.9,10.5,7.3,6.7,2.4,0.7,13.0,13.4,-0.3,0.3,0.0,-0.005,-6.2,0.7,-0.2
2020,jamesju01,11.0,0.477,0.345,0.25,2.8,12.9,7.8,11.2,1.3,3.7,7.9,18.9,-0.1,0.2,0.1,0.028,-1.4,0.0,0.0
2020,pelleno01,10.5,0.526,0.021,0.292,9.5,24.8,17.1,4.6,0.6,11.4,24.9,13.4,-0.2,0.5,0.3,0.069,-7.8,2.6,-0.2
2020,mathega01,13.1,0.691,0.821,0.607,2.8,9.0,5.8,5.8,1.6,0.4,10.1,14.5,0.6,0.1,0.6,0.131,-0.6,-0.5,0.1
2020,leaftj01,12.9,0.451,0.209,0.186,11.5,23.5,17.5,5.7,2.2,1.6,7.9,20.0,-0.1,0.4,0.3,0.061,-2.5,0.1,0.0
2020,zizican01,16.4,0.597,0.0,0.264,9.0,24.4,16.6,4.2,1.5,1.9,11.1,17.5,0.3,0.2,0.5,0.106,-1.7,-1.5,-0.1
2020,chandty01,10.8,0.717,0.0,0.722,11.8,19.8,15.8,3.5,1.3,3.1,25.2,6.0,0.3,0.3,0.6,0.131,-2.6,1.1,0.0
2020,muldemy01,7.8,0.533,0.776,0.179,1.5,11.0,6.1,5.8,0.5,0.4,6.5,16.2,0.0,0.0,0.1,0.017,-3.2,-2.9,-0.2
2020,claxtni01,14.8,0.577,0.146,0.438,10.7,13.6,12.2,12.4,0.3,3.6,13.6,14.8,0.3,0.2,0.5,0.121,-0.7,0.1,0.1
2020,payneca01,15.7,0.612,0.426,0.103,2.4,16.6,9.4,19.5,2.1,1.0,13.4,19.1,0.3,0.2,0.5,0.12,0.7,1.0,0.2
2020,konchjo01,18.0,0.713,0.27,0.054,10.7,16.6,13.7,16.2,1.8,1.5,15.6,10.3,0.5,0.2,0.7,0.182,2.5,2.0,0.3
2020,broekry01,13.1,0.568,0.864,0.136,3.0,21.9,12.5,8.3,1.3,1.9,8.8,16.3,0.2,0.2,0.4,0.109,0.5,0.3,0.1
2020,willijo04,14.0,0.566,0.059,0.382,14.0,25.3,19.4,5.9,0.3,3.9,11.2,10.3,0.3,0.1,0.4,0.109,-0.8,-1.3,0.0
2020,millema01,6.7,0.538,0.759,0.276,1.3,8.9,5.2,8.9,1.5,1.2,11.0,9.6,0.1,0.2,0.3,0.082,-3.5,1.2,0.0
2020,tuckera01,9.7,0.584,0.395,0.535,2.1,11.2,6.8,4.4,0.3,0.5,13.1,16.6,0.1,0.1,0.2,0.063,-3.8,-2.2,-0.2
2020,milescj01,11.1,0.472,0.593,0.339,2.6,5.7,4.1,10.0,2.9,2.2,5.6,18.6,0.0,0.1,0.1,0.035,-1.7,0.0,0.0
2020,wallaty01,3.9,0.389,0.341,0.386,2.0,13.0,7.4,10.9,2.0,0.5,16.3,16.0,-0.3,0.1,-0.2,-0.075,-7.8,-1.0,-0.3
2020,coffeam01,8.5,0.493,0.352,0.204,2.7,7.6,5.2,12.3,1.5,1.1,12.0,17.6,0.0,0.2,0.1,0.041,-4.3,0.1,-0.1
2020,nowelja01,10.5,0.471,0.491,0.321,2.0,7.3,4.5,17.8,0.9,0.6,4.7,17.3,0.1,0.0,0.2,0.051,-2.9,-0.8,-0.1
2020,johnsst04,9.9,0.454,0.407,0.271,5.0,20.6,13.0,19.4,1.9,2.6,18.5,23.1,-0.3,0.3,0.0,0.014,-3.9,1.4,0.0
2020,frazimi01,-0.9,0.384,0.793,0.483,0.7,6.6,3.6,1.7,0.6,0.0,12.5,11.5,-0.2,0.1,-0.2,-0.06,-8.9,-2.1,-0.3
2020,jeffrda01,11.2,0.586,0.45,0.15,2.3,12.3,7.2,7.1,1.4,0.7,4.5,13.7,0.2,0.1,0.3,0.1,-2.8,-1.1,-0.1
2020,smailal01,14.5,0.61,0.325,0.475,7.5,13.7,10.5,14.3,1.0,2.6,18.5,18.2,0.2,0.1,0.2,0.081,-1.5,-0.7,0.0
2020,curryst01,21.7,0.557,0.598,0.317,3.0,17.8,10.1,42.3,1.7,1.3,14.6,33.6,0.2,0.1,0.3,0.103,4.5,-0.6,0.2
2020,brissos01,6.7,0.458,0.417,0.278,7.2,13.0,10.2,7.0,1.4,0.7,14.8,15.0,-0.1,0.2,0.1,0.043,-5.8,0.4,-0.1
2020,morgaju01,10.1,0.648,0.308,0.154,8.5,15.1,11.9,6.2,0.4,1.2,17.8,11.0,0.2,0.1,0.3,0.106,-2.9,-0.3,0.0
2020,poirivi01,12.7,0.525,0.056,0.194,10.8,24.4,17.7,8.5,0.7,6.4,17.0,15.4,0.1,0.2,0.3,0.113,-4.8,1.0,-0.1
2020,antetth01,12.2,0.496,0.208,0.354,9.8,8.7,9.2,16.3,2.5,1.4,17.8,21.6,-0.1,0.2,0.2,0.07,-4.6,1.4,0.0
2020,frazime01,9.8,0.559,0.471,0.118,1.7,7.1,4.3,3.4,3.5,1.4,12.3,14.0,0.0,0.2,0.2,0.057,-3.5,1.2,0.0
2020,watertr01,4.3,0.381,0.49,0.163,0.0,10.7,5.4,18.3,4.1,1.6,22.2,24.2,-0.5,0.2,-0.3,-0.103,-8.5,1.0,-0.2
2020,johnsal02,13.3,0.509,0.276,0.345,15.0,29.4,22.3,7.7,1.2,1.5,17.3,15.0,0.1,0.2,0.3,0.111,-1.8,0.2,0.0
2020,masonfr01,16.9,0.53,0.412,0.333,4.5,11.1,8.0,35.0,1.9,0.7,15.8,24.3,0.1,0.2,0.4,0.143,-0.6,0.6,0.1
2020,allenka01,14.0,0.512,0.364,0.25,1.8,6.6,4.1,27.0,2.1,1.6,14.1,20.6,0.1,0.1,0.1,0.053,-0.3,-0.7,0.0
2020,mokokad01,8.2,0.538,0.536,0.143,6.6,3.1,4.9,5.0,1.7,0.0,6.3,12.1,0.1,0.1,0.2,0.073,-2.9,-1.2,-0.1
2020,onimi01,9.7,0.512,0.594,0.156,5.2,11.7,8.6,5.1,1.8,1.5,10.5,15.3,0.0,0.1,0.1,0.063,-3.1,-1.1,-0.1
2020,anderju01,3.2,0.352,0.763,0.105,1.0,18.9,10.2,10.1,0.0,4.7,9.1,17.1,-0.2,0.1,-0.1,-0.054,-6.8,-1.0,-0.2
2020,metuch01,22.2,0.608,0.048,0.31,12.3,21.6,16.9,14.9,1.4,5.0,17.3,23.7,0.2,0.1,0.3,0.13,1.7,-0.1,0.1
2020,watanyu01,11.2,0.48,0.235,0.235,7.2,12.8,10.0,6.4,2.2,0.8,5.1,15.7,0.0,0.1,0.1,0.065,-2.4,0.7,0.0
2020,hoardja01,14.9,0.504,0.094,0.406,14.4,18.1,16.2,5.3,2.3,0.0,9.6,17.2,0.1,0.1,0.2,0.093,-0.8,-1.3,0.0
2020,martije02,21.8,0.541,0.34,0.264,1.1,9.2,5.2,30.8,3.3,1.7,6.3,26.7,0.2,0.1,0.4,0.176,1.5,1.7,0.1
2020,thomala01,3.0,0.485,0.565,0.174,2.2,11.4,6.9,8.2,0.0,0.0,19.5,13.1,-0.1,0.1,0.0,-0.015,-5.7,-2.5,-0.2
2020,brantja01,8.0,0.416,0.464,0.071,2.4,19.9,11.5,15.8,1.5,4.3,19.5,16.3,-0.2,0.1,0.0,-0.006,-5.3,0.7,-0.1
2020,bolbo01,14.4,0.617,0.321,0.357,6.4,18.0,12.2,9.8,1.1,6.4,23.6,21.2,0.0,0.1,0.1,0.063,-2.3,-0.7,0.0
2020,roberan03,5.4,0.335,0.483,0.069,9.2,24.7,17.1,6.3,0.6,3.0,6.3,16.1,-0.1,0.1,0.0,-0.017,-5.2,-0.2,-0.1
2020,johnsbj01,5.4,0.412,0.281,0.313,3.8,16.1,9.7,5.1,1.8,0.0,14.2,22.1,-0.2,0.1,-0.1,-0.074,-5.8,-3.2,-0.1
2020,vincega01,1.2,0.297,0.73,0.0,0.0,6.5,3.4,10.1,2.9,0.0,2.6,20.2,-0.3,0.1,-0.2,-0.117,-8.5,-1.9,-0.2
2020,hallde01,3.1,0.298,0.567,0.267,2.8,6.6,4.8,21.3,2.4,1.1,13.0,20.9,-0.3,0.1,-0.2,-0.116,-6.0,-0.7,-0.1
2020,hortota01,12.3,0.535,0.433,0.133,2.7,6.7,4.7,10.5,4.7,1.1,15.9,19.7,0.0,0.2,0.1,0.07,-4.0,2.0,0.0
2020,grantje02,6.6,0.449,0.296,0.259,2.6,5.7,4.1,15.3,0.6,1.1,9.1,17.2,0.0,0.0,0.0,-0.018,-4.5,-2.0,-0.1
2020,smithjr01,0.0,0.372,0.5,0.091,0.0,6.9,3.5,4.8,0.6,0.0,14.9,14.3,-0.2,0.1,-0.1,-0.077,-7.8,-2.0,-0.2
2020,weathqu01,3.2,0.336,0.294,0.118,1.4,8.3,4.8,17.5,1.8,1.1,21.9,12.7,-0.2,0.0,-0.1,-0.071,-6.4,-1.0,-0.1
2020,jeffeam01,8.9,0.372,0.0,1.0,14.1,19.5,16.7,7.2,0.7,3.7,13.0,13.5,0.0,0.1,0.0,0.023,-4.8,-1.0,-0.1
2020,wadede01,13.9,0.744,0.308,0.077,4.6,25.3,14.9,4.0,1.4,4.8,18.2,9.9,0.1,0.1,0.2,0.105,-1.7,0.5,0.0
2020,kabenmf01,18.2,0.614,0.625,0.156,1.7,15.8,8.9,4.9,1.5,2.8,5.5,23.7,0.1,0.1,0.2,0.173,2.3,-0.1,0.1
2020,kinglo02,6.2,0.448,0.524,0.143,1.8,16.7,9.2,11.8,1.6,0.0,8.2,17.1,-0.1,0.0,0.0,-0.007,-5.1,-1.1,-0.1
2020,lawvi01,3.7,0.363,0.389,0.333,3.4,16.2,9.6,6.7,1.6,0.0,8.8,15.8,-0.1,0.1,-0.1,-0.052,-7.0,-2.6,-0.1
2020,thomakh01,3.1,0.453,0.824,0.235,1.8,0.0,0.9,6.7,2.4,0.0,13.8,15.6,-0.1,0.0,0.0,-0.038,-6.2,-1.7,-0.1
2020,parsoch01,5.6,0.389,0.778,0.0,2.0,12.1,7.0,7.5,3.5,1.6,14.3,16.1,-0.1,0.0,-0.1,-0.065,-4.4,-1.6,-0.1
2020,bonejo01,0.8,0.3,0.5,0.0,0.0,8.7,4.3,21.0,0.9,0.0,9.1,18.1,-0.1,0.0,-0.1,-0.117,-9.1,-2.8,-0.1
2020,brazdig01,3.2,0.351,0.409,0.227,3.9,6.2,5.0,10.6,0.0,1.8,7.6,21.0,-0.1,0.0,-0.1,-0.108,-5.1,-3.9,-0.1
2020,herveke01,5.0,0.315,0.741,0.0,2.2,22.7,12.7,13.9,0.9,1.7,0.0,22.8,-0.2,0.1,-0.1,-0.085,-4.0,-1.1,0.0
2020,cheatzy01,6.7,0.667,0.111,0.0,6.2,12.5,9.4,7.7,0.9,1.6,30.8,10.4,0.0,0.0,0.0,0.034,-6.6,-0.5,-0.1
2020,willini01,8.1,0.415,0.438,0.125,4.6,8.5,6.6,16.4,2.9,1.7,15.1,17.4,-0.1,0.1,0.0,0.017,-5.2,1.3,0.0
2020,noahjo01,11.1,0.608,0.0,1.0,10.7,22.3,16.6,17.9,0.9,1.8,34.2,14.7,0.0,0.1,0.1,0.096,-4.1,2.5,0.0
2020,robinju01,8.2,0.542,0.417,0.0,2.1,9.3,5.6,18.8,0.0,1.8,20.0,12.7,0.0,0.0,0.0,0.007,-2.6,-3.1,0.0
2020,samanlu01,8.8,0.45,0.5,0.25,2.2,20.2,11.2,16.3,0.0,3.7,10.1,17.8,0.0,0.0,0.0,0.011,-2.4,-1.7,0.0
2020,mitrona01,7.8,0.412,0.706,0.0,0.0,16.2,8.2,22.8,1.0,1.9,15.0,18.7,-0.1,0.1,0.0,-0.022,-3.5,2.1,0.0
2020,clevean01,2.5,0.34,0.214,0.357,4.6,11.3,8.0,2.8,1.1,5.6,11.0,16.9,-0.1,0.0,-0.1,-0.076,-9.0,-1.0,-0.1
2020,cancavl01,11.4,0.507,0.4,0.267,12.5,12.4,12.4,9.1,1.1,2.1,15.2,19.1,0.0,0.0,0.1,0.062,-3.6,-1.2,0.0
2020,wrighju02,8.8,0.437,0.5,0.2,0.0,11.8,6.1,23.0,2.2,0.0,12.1,24.1,-0.1,0.1,0.0,-0.008,-7.0,-2.0,-0.1
2020,hasleud01,6.5,0.47,0.273,0.364,2.6,36.7,20.3,3.2,0.0,0.0,7.3,13.8,0.0,0.1,0.0,0.041,-5.8,-1.6,-0.1
2020,pargoje01,12.6,0.557,0.318,0.045,2.4,5.1,3.7,33.2,1.1,0.0,15.1,25.7,0.0,0.0,0.0,0.011,-2.8,-3.1,0.0
2020,motlejo01,28.5,0.774,0.067,0.467,7.8,17.3,12.7,32.9,3.5,0.0,21.7,23.5,0.2,0.1,0.3,0.299,4.8,3.3,0.1
2020,brownch02,11.0,0.472,0.474,0.263,5.3,5.5,5.4,7.3,2.3,4.2,12.4,25.1,0.0,0.0,0.0,-0.028,-1.2,-1.4,0.0
2020,randlch01,6.7,0.377,0.5,1.5,0.0,5.6,2.7,15.7,2.4,0.0,0.0,7.1,0.0,0.0,0.0,0.045,-6.0,0.2,0.0
2020,magetjo01,5.1,0.378,0.267,0.133,2.7,14.6,8.5,19.2,3.8,2.4,23.9,23.7,-0.2,0.1,-0.1,-0.127,-7.9,1.6,0.0
2020,thornsi01,14.7,0.627,0.364,0.364,0.0,12.2,6.1,16.1,1.3,2.4,13.6,17.3,0.0,0.0,0.1,0.101,0.4,-1.2,0.0
2020,brownmo01,6.7,0.407,0.0,0.8,9.6,34.5,22.2,4.0,1.4,2.6,18.2,21.2,-0.1,0.0,0.0,-0.065,-8.2,-1.8,-0.1
2020,fallta01,28.4,0.751,0.0,0.214,3.3,44.9,24.3,5.8,1.5,11.2,16.4,23.7,0.1,0.1,0.2,0.223,0.4,6.0,0.1
2020,breweco01,8.7,0.47,0.25,0.75,6.7,21.0,13.6,7.7,5.9,0.0,27.3,9.6,0.0,0.1,0.0,0.064,-6.0,2.8,0.0
2020,chealjo01,-2.9,0.127,0.571,0.286,0.0,0.0,0.0,3.9,6.1,0.0,20.2,13.2,-0.2,0.0,-0.1,-0.188,-14.3,1.7,-0.1
2020,smithzh01,1.1,0.313,0.273,0.364,0.0,6.9,3.5,8.2,4.5,0.0,13.6,19.9,-0.1,0.1,-0.1,-0.12,-10.2,0.4,-0.1
2020,lecquja01,2.7,0.46,0.4,0.2,0.0,7.0,3.5,8.6,0.0,0.0,15.5,17.1,0.0,0.0,0.0,-0.065,-6.6,-2.9,-0.1
2020,bowenbr02,0.1,0.3,0.2,0.0,3.6,21.0,12.4,0.0,0.0,2.8,9.1,15.6,-0.1,0.0,-0.1,-0.107,-9.1,-1.8,-0.1
2020,hernade01,12.9,0.432,0.143,0.357,19.3,33.2,26.4,16.4,1.7,0.0,15.6,29.3,0.0,0.1,0.0,0.043,-6.6,-3.0,-0.1
2020,reavejo02,5.8,0.405,0.222,0.222,3.8,7.4,5.6,14.2,0.0,0.0,0.0,15.1,0.0,0.0,0.0,0.031,-5.3,-4.0,-0.1
2020,shayoma01,1.4,0.4,0.5,0.333,3.9,23.7,13.8,4.8,0.0,3.0,17.9,25.8,-0.1,0.0,-0.1,-0.13,-9.3,-3.7,-0.1
2020,okpalkz01,13.7,0.595,0.2,0.4,4.5,16.6,10.8,5.5,3.8,3.8,14.5,11.7,0.0,0.0,0.1,0.118,-1.3,3.7,0.0
2020,mbahalu01,6.4,0.425,0.4,0.4,4.2,4.2,4.2,0.0,3.7,0.0,14.5,11.4,0.0,0.0,0.0,-0.008,-5.2,-2.2,0.0
2020,pattoju01,4.7,0.45,0.4,0.0,4.7,17.9,11.5,12.6,0.0,0.0,16.7,22.0,-0.1,0.0,0.0,-0.063,-6.8,-3.3,0.0
2020,grayjo01,-5.0,0.5,0.0,0.0,4.6,4.6,4.6,10.4,0.0,0.0,71.4,12.5,-0.1,0.0,-0.1,-0.226,-11.4,-4.7,-0.1
2020,antetko01,16.3,0.902,0.0,0.667,11.1,5.4,8.2,13.7,0.0,0.0,20.5,10.3,0.1,0.0,0.1,0.193,0.2,-0.9,0.0
2020,moonema01,8.1,0.25,0.5,0.0,0.0,17.7,8.8,6.7,5.1,4.5,0.0,9.0,0.0,0.0,0.0,0.007,-5.3,5.0,0.0
2020,mikaer01,13.9,0.773,0.0,0.667,11.6,30.4,20.7,0.0,0.0,0.0,0.0,8.9,0.1,0.0,0.1,0.218,-1.9,-1.5,0.0
2020,ellenhe01,-1.3,0.143,0.571,0.0,14.1,27.0,20.7,8.7,0.0,0.0,0.0,19.5,-0.1,0.0,-0.1,-0.183,-7.5,-3.4,0.0
2020,kiddst01,-13.7,0.0,0.333,0.0,0.0,21.3,11.0,8.0,0.0,0.0,40.0,14.6,-0.1,0.0,-0.1,-0.327,-16.2,-1.4,-0.1
2020,owensta01,8.4,0.34,0.4,0.4,14.6,7.5,11.1,0.0,3.2,0.0,0.0,16.7,0.0,0.0,0.0,0.021,-3.1,-2.7,0.0
2020,maconda01,-3.1,0.5,0.667,0.0,0.0,0.0,0.0,9.7,0.0,0.0,40.0,15.7,0.0,0.0,0.0,-0.161,-7.3,-4.8,0.0
2020,anderry01,9.4,0.357,0.714,0.0,0.0,52.9,26.2,20.4,3.3,0.0,12.5,23.7,0.0,0.0,0.0,-0.037,-3.3,0.5,0.0
2020,alexaky01,4.7,0.5,0.0,0.0,17.9,8.3,12.9,0.0,0.0,0.0,33.3,10.2,0.0,0.0,0.0,-0.003,-6.4,-3.7,0.0
2020,hannadu01,21.3,0.607,0.333,0.222,0.0,8.0,4.1,0.0,0.0,0.0,0.0,31.6,0.0,0.0,0.0,0.146,5.1,-2.1,0.0
2020,howarwi01,-12.7,0.0,1.0,0.0,0.0,16.3,8.1,9.1,0.0,0.0,20.0,15.9,-0.1,0.0,-0.1,-0.357,-14.2,-5.4,-0.1
2020,pondssh01,33.1,0.765,0.4,0.4,0.0,9.4,4.8,32.4,0.0,8.9,0.0,22.8,0.1,0.0,0.1,0.45,8.4,5.3,0.0
2020,robyis01,-7.7,0.0,0.0,0.0,0.0,19.5,10.0,0.0,0.0,0.0,50.0,8.0,-0.1,0.0,0.0,-0.188,-12.0,-3.4,0.0
2020,guyky01,6.6,0.4,0.6,0.0,0.0,11.5,5.6,15.6,0.0,0.0,0.0,21.7,0.0,0.0,0.0,-0.045,-7.5,-4.8,0.0
2020,cacokde01,28.6,0.5,0.0,0.0,24.6,36.1,30.4,20.3,0.0,0.0,0.0,28.1,0.0,0.0,0.0,0.226,4.8,-4.6,0.0
2020,harpeja01,-5.3,0.25,0.5,0.0,0.0,0.0,0.0,0.0,0.0,0.0,0.0,21.3,0.0,0.0,0.0,-0.249,-10.1,-5.6,0.0
2020,strusma01,30.7,0.727,0.333,0.333,17.5,0.0,9.2,0.0,0.0,0.0,0.0,24.4,0.0,0.0,0.0,0.316,5.7,-1.7,0.0
2020,crawfja01,33.2,0.625,0.5,0.0,0.0,0.0,0.0,100.0,0.0,0.0,0.0,27.9,0.1,0.0,0.1,0.492,12.4,2.6,0.0
2020,zellety01,22.4,0.25,0.0,0.0,80.9,26.9,53.9,0.0,0.0,0.0,0.0,43.2,0.0,0.0,0.0,-0.075,-0.3,-22.1,0.0
2020,newmama01,-11.4,0.347,0.5,1.0,0.0,0.0,0.0,0.0,0.0,0.0,25.8,41.5,0.0,0.0,0.0,-0.502,-14.5,-11.2,0.0
2020,boldema01,19.8,,,,0.0,74.7,37.0,0.0,16.2,0.0,,0.0,0.0,0.0,0.0,0.282,-5.8,11.3,0.0
2020,macurjp01,0.0,,,,0.0,0.0,0.0,0.0,0.0,0.0,,0.0,0.0,0.0,0.0,-0.022,-5.2,-1.2,0.0
2021,randlju01,19.7,0.567,0.294,0.325,3.5,25.7,14.7,27.2,1.2,0.6,13.8,29.3,3.4,4.3,7.8,0.14,2.9,0.9,3.9
2021,barrerj01,13.4,0.535,0.292,0.26,3.0,14.8,8.9,13.8,1.1,0.8,10.5,23.4,0.9,3.1,4.1,0.078,-0.9,-0.3,0.5
2021,jokicni01,31.3,0.647,0.183,0.305,9.4,26.1,17.8,40.4,1.9,1.9,13.1,29.6,12.2,3.4,15.6,0.301,9.1,3.0,8.8
2021,hieldbu01,12.8,0.567,0.727,0.105,1.3,14.1,7.6,14.7,1.2,1.0,11.1,20.7,1.5,0.7,2.2,0.044,1.0,-1.6,0.9
2021,lillada01,25.6,0.623,0.528,0.363,1.4,11.5,6.3,34.6,1.3,0.6,11.6,31.4,9.6,0.8,10.4,0.209,7.5,-1.3,5.0
2021,roziete01,17.1,0.575,0.504,0.178,2.1,11.8,6.9,20.0,1.8,1.1,9.5,24.4,3.3,2.0,5.2,0.105,2.2,-0.5,2.2
2021,westbru01,19.5,0.509,0.221,0.334,4.9,28.6,16.8,48.6,1.7,0.8,18.0,30.2,0.5,3.2,3.7,0.075,2.6,1.1,3.4
2021,wiggian01,15.0,0.568,0.348,0.225,3.7,11.8,7.8,10.9,1.3,2.6,9.8,23.3,1.2,2.7,3.9,0.08,0.0,-0.4,1.0
2021,bridgmi01,16.4,0.667,0.471,0.196,3.7,11.1,7.5,8.8,1.6,2.4,7.3,14.9,5.4,2.6,8.0,0.164,2.4,0.9,3.1
2021,edwaran01,13.9,0.523,0.429,0.225,2.7,13.5,7.9,14.6,1.7,1.3,10.7,27.0,-0.6,1.4,0.8,0.017,-0.4,-1.7,-0.1
2021,tatumja01,21.3,0.576,0.368,0.258,2.4,20.7,11.5,20.3,1.6,1.3,10.4,30.8,4.1,2.5,6.5,0.137,4.2,-0.3,3.4
2021,bookede01,19.2,0.587,0.288,0.305,1.7,12.1,7.0,20.6,1.2,0.6,12.4,32.7,2.9,2.0,4.9,0.104,1.7,-1.4,1.3
2021,middlkh01,18.2,0.588,0.34,0.22,2.6,15.7,9.4,23.2,1.5,0.4,13.1,25.0,4.1,2.2,6.4,0.135,1.7,-0.3,1.9
2021,robindu01,11.0,0.628,0.855,0.105,0.4,12.1,6.3,8.3,0.9,0.9,9.7,16.6,1.9,1.8,3.7,0.079,-0.2,-0.8,0.6
2021,doncilu01,25.3,0.587,0.406,0.349,2.7,22.9,12.8,44.1,1.4,1.5,15.3,36.0,5.1,2.6,7.7,0.163,6.1,0.7,5.1
2021,covinro01,11.2,0.553,0.699,0.122,2.8,19.8,11.1,6.8,2.2,3.4,10.7,11.5,1.4,2.4,3.7,0.08,-1.3,1.5,1.2
2021,onealro01,9.9,0.599,0.706,0.117,4.4,18.0,11.5,10.4,1.2,1.2,16.7,9.6,2.3,3.3,5.6,0.121,-1.2,2.1,1.7
2021,sabondo01,20.6,0.601,0.179,0.363,7.3,28.6,18.0,27.5,1.6,1.2,16.9,24.1,4.0,3.0,6.9,0.149,2.3,1.6,3.3
2021,bogdabo02,14.0,0.588,0.498,0.286,2.0,11.1,6.7,9.1,1.0,0.1,10.9,22.8,2.7,2.5,5.2,0.113,0.2,-0.7,0.9
2021,paulch01,21.4,0.599,0.294,0.206,1.3,14.5,8.0,40.9,2.2,0.8,14.0,22.6,6.5,2.7,9.2,0.201,3.5,1.1,3.6
2021,goberru01,23.5,0.683,0.007,0.646,12.2,33.5,23.3,6.0,0.9,7.0,13.7,17.0,6.1,5.2,11.3,0.248,2.1,2.8,3.8
2021,holidju01,10.4,0.571,0.725,0.136,1.6,11.1,6.4,7.0,1.6,1.5,7.5,14.0,1.4,1.8,3.1,0.069,-0.9,-0.1,0.6
2021,okorois01,7.9,0.514,0.383,0.281,3.4,7.3,5.3,8.6,1.4,1.0,12.0,14.3,-0.1,1.0,0.9,0.02,-4.2,-0.9,-1.7
2021,whiteco01,12.0,0.54,0.503,0.157,1.5,13.0,7.3,21.8,0.9,0.6,13.9,22.5,0.7,1.7,2.4,0.052,-1.2,-1.2,-0.2
2021,curryst01,26.3,0.655,0.587,0.289,1.5,15.4,8.5,30.5,1.7,0.3,12.2,34.8,6.5,2.5,9.0,0.201,8.3,0.4,5.8
2021,bealbr01,22.7,0.593,0.27,0.332,3.6,10.4,7.0,21.3,1.5,0.9,10.6,34.1,4.2,1.7,5.9,0.132,4.8,-1.4,2.9
2021,adebaba01,22.7,0.626,0.01,0.443,7.7,22.6,15.3,26.9,1.7,3.2,15.0,23.7,5.6,3.2,8.8,0.197,2.9,2.0,3.7
2021,harrijo01,14.1,0.663,0.628,0.089,2.3,10.1,6.4,8.4,1.0,0.6,7.8,16.2,4.1,1.1,5.2,0.117,1.6,-1.2,1.3
2021,murrade01,16.5,0.509,0.204,0.138,2.8,21.1,11.8,25.9,2.3,0.3,10.2,23.4,0.7,2.6,3.3,0.074,-0.2,1.0,1.5
2021,huertke01,12.2,0.541,0.528,0.088,2.0,9.7,6.0,16.3,1.9,0.7,9.4,17.2,1.9,1.7,3.6,0.08,-0.6,0.4,1.0
2021,youngtr01,23.0,0.589,0.357,0.491,2.0,10.5,6.3,45.5,1.2,0.5,16.2,33.0,5.9,1.3,7.2,0.163,5.3,-1.7,3.0
2021,aytonde01,20.3,0.653,0.029,0.252,12.4,26.3,19.5,6.8,1.0,3.4,11.9,18.2,5.3,3.1,8.4,0.191,1.1,0.1,1.7
2021,sextoco01,18.0,0.573,0.239,0.347,3.0,7.0,4.9,22.6,1.4,0.4,11.6,29.7,2.6,0.9,3.5,0.08,1.8,-1.9,1.0
2021,bledser01,11.5,0.533,0.486,0.267,1.5,11.1,6.3,17.3,1.2,1.1,12.3,18.5,1.1,1.3,2.3,0.053,-1.2,-0.9,0.0
2021,barneha02,15.4,0.626,0.399,0.366,3.3,17.2,10.2,13.0,1.0,0.4,11.1,17.2,4.0,0.5,4.5,0.103,1.5,-1.3,1.1
2021,ingrabr01,19.2,0.584,0.341,0.291,1.8,13.7,7.8,22.4,1.0,1.6,11.0,28.0,3.9,1.3,5.3,0.12,3.3,-1.1,2.2
2021,derozde01,22.0,0.591,0.08,0.478,2.0,11.6,6.7,32.0,1.3,0.6,9.7,26.1,5.9,1.5,7.4,0.172,3.2,-0.1,2.6
2021,moranja01,16.7,0.537,0.252,0.389,3.0,10.1,6.5,33.5,1.3,0.6,15.3,27.2,1.6,1.6,3.2,0.074,1.3,-1.6,0.8
2021,tateja01,13.8,0.576,0.312,0.235,6.6,13.2,9.8,13.2,2.0,1.6,12.4,16.4,2.2,1.6,3.8,0.088,-1.6,0.3,0.3
2021,foxde01,20.7,0.565,0.288,0.376,1.8,9.4,5.5,32.7,2.1,1.1,11.9,31.0,3.4,0.8,4.2,0.098,3.1,-1.3,2.0
2021,lavinza01,21.5,0.634,0.425,0.265,2.0,13.6,7.9,23.4,1.1,1.2,13.9,31.0,4.0,1.8,5.9,0.138,4.9,-0.8,3.1
2021,willizi01,27.1,0.649,0.033,0.51,8.9,14.7,11.8,19.7,1.3,1.8,11.6,29.8,7.1,1.6,8.7,0.205,6.1,-0.3,4.0
2021,harrito02,20.0,0.597,0.225,0.221,3.5,19.2,11.4,17.6,1.3,2.3,9.5,23.9,4.1,3.1,7.1,0.17,2.9,0.8,2.9
2021,antetgi01,29.2,0.633,0.201,0.528,5.3,28.9,17.5,28.7,1.7,3.2,13.2,32.5,6.9,3.3,10.2,0.244,6.2,2.8,5.6
2021,siakapa01,17.7,0.547,0.256,0.313,5.0,17.6,11.1,20.5,1.5,1.8,10.6,26.3,2.3,2.0,4.2,0.101,1.0,-0.3,1.4
2021,brownja02,19.9,0.586,0.37,0.225,3.9,15.5,9.7,16.5,1.8,1.5,11.5,29.7,2.8,2.0,4.8,0.115,3.2,-0.7,2.3
2021,brookdi01,12.1,0.515,0.361,0.189,2.8,7.7,5.2,11.7,1.9,1.2,9.6,26.1,-0.5,1.8,1.4,0.033,-2.6,-1.1,-0.9
2021,hardati02,15.7,0.589,0.581,0.191,1.1,11.5,6.4,9.8,0.8,0.5,6.1,23.4,3.2,1.2,4.3,0.105,2.0,-1.7,1.2
2021,willipa01,10.5,0.562,0.261,0.237,3.7,14.4,9.1,6.7,1.6,2.0,14.4,14.9,0.3,2.2,2.5,0.06,-2.8,0.4,-0.2
2021,greendr01,13.3,0.53,0.332,0.232,3.0,20.8,12.0,36.4,2.5,2.3,31.0,13.1,1.2,3.4,4.6,0.112,-1.6,3.3,1.9
2021,johnske04,13.8,0.557,0.257,0.278,4.9,17.6,11.1,8.9,1.0,1.0,9.0,19.2,1.6,1.7,3.3,0.079,-0.9,-0.7,0.2
2021,schrode01,13.8,0.543,0.279,0.32,1.7,10.3,6.1,26.9,1.7,0.6,15.8,22.9,1.0,2.7,3.8,0.093,-1.3,0.2,0.4
2021,kuzmaky01,12.7,0.546,0.502,0.128,6.3,17.7,12.0,9.8,0.9,1.9,12.4,20.3,0.4,2.9,3.3,0.08,-0.4,-0.1,0.8
2021,washipj01,13.4,0.549,0.423,0.211,5.1,18.3,11.6,12.2,1.7,4.0,14.6,19.4,0.3,2.4,2.7,0.066,-1.5,0.6,0.6
2021,bullore01,11.1,0.606,0.709,0.098,0.9,11.4,6.2,7.4,1.3,0.5,7.1,14.4,2.3,2.3,4.6,0.114,-0.9,0.8,0.9
2021,greenda02,12.1,0.582,0.794,0.074,3.2,11.5,7.4,8.3,2.3,2.6,10.7,14.0,1.6,3.1,4.6,0.115,0.4,1.5,1.9
2021,bridgmi02,14.7,0.625,0.466,0.182,4.5,18.0,11.1,11.4,1.1,2.7,13.6,17.3,2.4,1.9,4.2,0.105,0.2,0.1,1.1
2021,brogdma01,17.9,0.561,0.382,0.181,3.3,13.2,8.3,25.7,1.2,0.6,9.8,25.9,2.9,1.3,4.2,0.105,3.0,-0.9,2.0
2021,finnedo01,12.0,0.609,0.648,0.088,5.7,13.0,9.3,7.2,1.3,1.2,9.0,12.2,2.8,1.6,4.4,0.11,0.2,0.0,1.0
2021,portemi01,20.6,0.663,0.468,0.164,5.4,20.9,13.2,5.6,1.0,2.8,8.1,21.7,4.8,2.1,6.9,0.173,4.0,-0.9,2.5
2021,beysa01,12.6,0.567,0.666,0.213,2.5,16.2,9.3,7.6,1.3,0.6,7.4,18.7,1.6,1.7,3.3,0.082,0.3,-0.8,0.7
2021,holidjr01,20.0,0.592,0.344,0.165,4.2,10.4,7.4,26.3,2.4,1.7,12.6,22.2,4.3,2.2,6.6,0.165,2.8,0.6,2.6
2021,lopezbr01,15.4,0.611,0.439,0.222,6.0,13.0,9.6,3.5,1.0,4.8,8.3,16.9,3.1,2.2,5.3,0.133,0.0,0.0,0.9
2021,caldwke01,10.7,0.588,0.579,0.221,1.6,8.9,5.3,9.2,1.6,1.2,10.6,14.2,1.6,2.6,4.2,0.107,-1.6,1.0,0.7
2021,vanvlfr01,16.8,0.534,0.547,0.22,1.8,11.3,6.4,26.7,2.2,2.0,9.1,23.9,2.4,1.8,4.3,0.108,2.2,0.2,2.2
2021,capelca01,24.3,0.601,0.0,0.327,17.5,34.3,26.1,4.1,1.1,6.0,8.4,19.9,4.9,3.3,8.2,0.207,2.7,0.0,2.2
2021,anderky01,17.2,0.578,0.397,0.28,2.9,19.5,11.1,18.3,2.1,2.7,10.4,18.5,2.9,2.7,5.6,0.143,1.4,1.9,2.5
2021,irvinky01,24.4,0.614,0.348,0.201,3.2,11.4,7.5,28.6,1.9,1.7,9.9,30.4,5.8,1.6,7.4,0.189,5.7,-0.2,3.6
2021,simmobe01,18.3,0.584,0.017,0.492,5.6,18.7,12.2,31.3,2.4,1.7,19.6,20.2,2.7,3.3,6.0,0.153,0.7,2.2,2.3
2021,inglejo01,15.9,0.672,0.722,0.16,1.6,11.8,6.9,24.0,1.2,0.5,16.3,16.6,4.7,2.3,7.0,0.18,2.6,0.9,2.6
2021,bacondw01,9.9,0.49,0.285,0.242,1.7,11.2,6.3,7.9,1.2,0.2,5.4,19.8,-0.3,0.9,0.5,0.013,-3.7,-1.4,-1.5
2021,collijo01,20.6,0.645,0.27,0.265,7.1,20.3,13.8,6.9,0.9,3.0,8.9,22.2,4.8,1.9,6.7,0.174,2.5,-0.2,2.0
2021,poeltja01,17.5,0.612,0.0,0.288,12.4,19.3,15.8,10.1,1.2,5.7,14.6,13.4,3.2,2.5,5.7,0.148,-0.5,1.2,1.3
2021,greenje02,13.0,0.624,0.472,0.304,2.2,13.1,7.9,7.8,0.9,1.3,8.2,15.6,2.9,1.2,4.1,0.107,0.0,-0.9,0.5
2021,batumni01,12.9,0.617,0.66,0.141,3.2,15.9,9.7,10.5,1.9,1.8,10.8,11.8,2.7,2.3,5.0,0.132,0.6,1.5,1.9
2021,grantje01,16.9,0.556,0.353,0.368,2.1,13.2,7.6,14.3,0.9,2.8,9.1,28.5,1.6,1.6,3.2,0.083,1.9,-0.8,1.4
2021,georgpa01,20.5,0.598,0.437,0.239,2.9,18.9,11.1,24.6,1.7,1.2,14.5,30.0,3.0,2.3,5.3,0.139,3.9,0.3,2.9
2021,clarkjo01,17.1,0.549,0.557,0.134,2.9,12.7,8.0,15.3,1.6,0.4,9.2,29.7,1.7,2.5,4.2,0.111,1.8,-0.4,1.6
2021,divindo01,13.0,0.542,0.574,0.118,4.9,16.7,11.0,14.2,1.9,0.7,12.5,16.7,1.5,2.1,3.6,0.095,-0.2,0.4,1.0
2021,hachiru01,11.4,0.549,0.211,0.248,2.9,15.5,9.2,6.3,1.1,0.3,8.6,18.1,0.7,1.4,2.1,0.056,-2.2,-1.0,-0.5
2021,mccontj01,16.9,0.583,0.098,0.098,3.3,12.1,7.7,34.3,3.4,1.0,20.9,15.3,2.6,2.2,4.8,0.128,-0.2,1.7,1.5
2021,richajo01,11.9,0.537,0.432,0.175,3.2,8.8,6.0,12.1,1.7,1.2,10.6,18.4,1.0,1.4,2.4,0.066,-1.5,-0.2,0.1
2021,garlada01,14.2,0.547,0.332,0.165,1.4,6.8,4.0,30.9,1.8,0.3,16.0,24.9,0.3,0.9,1.2,0.033,0.0,-2.1,-0.1
2021,holmeri01,20.2,0.669,0.019,0.296,8.8,22.7,15.7,8.3,1.1,4.6,10.3,17.5,4.7,1.4,6.1,0.165,0.6,0.0,1.2
2021,maledth01,8.2,0.489,0.51,0.22,1.4,11.0,6.2,18.8,1.5,0.5,17.3,19.4,-1.9,1.1,-0.8,-0.021,-4.0,-1.0,-1.3
2021,leonaka01,26.0,0.622,0.28,0.325,3.6,17.4,10.7,24.9,2.3,1.1,9.2,28.6,6.4,2.4,8.8,0.238,6.0,1.3,4.2
2021,rubiori01,13.5,0.516,0.43,0.301,1.6,12.4,6.8,33.3,2.6,0.2,16.4,16.0,1.9,1.3,3.1,0.085,-1.9,0.0,0.0
2021,mitchdo01,21.3,0.569,0.423,0.29,3.1,10.6,7.0,26.7,1.4,0.7,10.7,33.5,3.9,2.2,6.2,0.167,4.6,-0.2,2.8
2021,kanteen01,22.4,0.636,0.007,0.292,16.8,31.9,24.2,7.2,0.9,2.4,11.0,17.4,5.7,1.7,7.5,0.204,2.1,-1.4,1.2
2021,valanjo01,24.4,0.636,0.077,0.273,15.1,31.9,23.4,10.0,1.0,2.9,10.7,22.4,5.1,2.6,7.8,0.213,3.2,-0.3,2.2
2021,balllo01,15.2,0.551,0.65,0.091,2.1,14.3,8.2,25.4,2.3,1.7,14.5,20.5,1.5,1.7,3.2,0.089,1.4,0.3,1.6
2021,halibty01,16.2,0.585,0.478,0.09,2.4,8.6,5.5,24.6,2.1,1.4,12.5,18.1,2.8,0.7,3.5,0.096,1.9,-0.5,1.5
2021,butleji01,26.5,0.607,0.139,0.565,6.3,17.1,11.8,35.1,3.1,1.1,10.6,26.6,6.6,2.7,9.3,0.255,5.4,2.3,4.3
2021,bartowi01,11.8,0.538,0.423,0.199,2.6,12.2,7.4,14.1,1.4,1.3,12.7,19.0,0.7,1.5,2.2,0.061,-1.0,-0.8,0.1
2021,bazleda01,9.7,0.491,0.414,0.258,3.1,21.2,12.0,8.9,0.8,1.3,13.7,22.1,-2.3,1.4,-0.9,-0.026,-3.1,-1.3,-1.0
2021,murraja01,18.3,0.592,0.399,0.193,2.5,10.4,6.5,20.3,1.9,0.7,11.2,24.8,3.1,1.5,4.6,0.129,2.7,-0.7,1.7
2021,brunsja01,17.1,0.618,0.319,0.241,1.8,13.1,7.5,21.3,1.0,0.1,10.3,20.2,3.9,1.1,5.1,0.143,1.5,-0.6,1.2
2021,anthoca01,14.6,0.547,0.418,0.198,2.0,11.8,6.8,9.2,1.3,2.0,6.7,23.1,1.7,0.8,2.6,0.073,0.2,-1.3,0.4
2021,townska01,23.1,0.612,0.36,0.355,8.2,26.4,17.0,22.6,1.1,2.9,13.7,29.1,3.8,1.6,5.4,0.153,4.3,0.2,2.8
2021,oubreke01,13.3,0.529,0.394,0.244,5.2,15.4,10.4,6.5,1.6,2.2,8.0,22.1,0.0,2.2,2.2,0.062,-1.4,-0.5,0.0
2021,millspa02,11.8,0.57,0.702,0.128,1.1,6.3,3.7,13.5,1.2,0.2,9.3,18.4,1.3,0.8,2.2,0.062,0.0,-1.2,0.4
2021,grahade01,14.6,0.552,0.713,0.236,1.4,8.4,4.8,26.3,1.4,0.4,10.2,21.4,2.5,0.9,3.4,0.099,1.8,-1.1,1.1
2021,youngth01,20.3,0.578,0.068,0.171,11.4,16.9,14.2,27.1,2.2,2.1,16.1,22.3,2.8,2.2,5.1,0.147,1.9,1.4,2.2
2021,nunnke01,14.2,0.596,0.486,0.091,1.5,10.8,6.2,14.5,1.6,0.9,10.5,20.9,1.4,1.5,2.9,0.084,-0.1,-0.4,0.6
2021,crowdja01,11.8,0.574,0.772,0.152,2.2,16.9,9.7,10.0,1.4,1.5,9.5,15.7,1.4,1.9,3.3,0.097,0.3,0.8,1.3
2021,curryse01,12.9,0.607,0.507,0.139,0.7,8.3,4.6,13.6,1.3,0.4,10.0,17.1,2.3,1.7,4.0,0.118,0.1,-0.4,0.7
2021,herroty01,13.3,0.543,0.425,0.167,1.8,16.7,9.4,18.0,1.1,1.1,11.9,23.5,0.1,1.6,1.7,0.049,-0.3,-1.0,0.3
2021,mcderdo01,15.6,0.635,0.43,0.147,4.0,10.7,7.4,7.8,0.6,0.3,7.0,20.0,3.1,0.7,3.8,0.112,1.4,-2.0,0.6
2021,zubaciv01,19.1,0.693,0.01,0.434,13.6,22.4,18.1,7.9,0.7,3.4,14.7,15.1,4.8,2.1,6.9,0.206,0.6,0.4,1.2
2021,adamsst01,15.1,0.596,0.01,0.438,14.4,20.4,17.4,9.1,1.6,2.2,17.5,11.7,2.3,1.7,4.0,0.119,-0.4,0.1,0.7
2021,lowryky01,16.5,0.593,0.555,0.268,2.3,15.1,8.5,31.8,1.4,0.9,15.9,21.4,2.9,1.3,4.1,0.124,2.0,-0.4,1.5
2021,mccolcj01,20.8,0.577,0.475,0.15,2.0,10.6,6.2,23.0,1.3,1.2,6.5,27.1,4.1,0.6,4.7,0.141,5.0,-1.1,2.4
2021,embiijo01,30.3,0.636,0.171,0.61,8.0,29.1,18.7,16.2,1.5,3.9,12.2,35.3,5.6,3.2,8.8,0.266,6.3,1.2,3.8
2021,smartma01,13.8,0.539,0.553,0.318,2.5,9.3,5.9,23.6,2.2,1.4,14.2,18.4,1.8,1.5,3.3,0.1,-0.4,0.2,0.7
2021,harremo01,22.7,0.65,0.017,0.425,11.3,19.1,15.2,7.7,1.4,2.8,9.4,21.7,4.5,2.7,7.3,0.221,2.3,0.7,2.0
2021,connapa01,11.3,0.578,0.703,0.103,4.4,17.3,11.1,6.3,1.5,1.3,7.5,11.6,1.8,1.7,3.5,0.108,-0.5,0.5,0.8
2021,jacksjo02,12.0,0.516,0.364,0.308,4.0,14.2,9.1,15.1,1.7,2.6,15.0,26.5,-1.6,1.7,0.1,0.004,-2.5,-0.5,-0.4
2021,noelne01,14.8,0.638,0.013,0.314,10.1,18.4,14.3,4.1,2.3,8.7,20.4,9.2,1.6,3.6,5.2,0.162,-2.4,3.8,1.3
2021,jacksre01,14.2,0.576,0.482,0.14,1.8,11.9,7.0,19.0,1.3,0.4,10.6,19.9,2.3,1.4,3.7,0.115,0.6,-0.2,0.9
2021,dortlu01,10.1,0.513,0.515,0.257,2.5,10.3,6.4,8.8,1.4,1.1,10.0,21.7,-0.6,1.0,0.3,0.011,-2.6,-0.9,-0.6
2021,templga01,8.2,0.525,0.525,0.131,2.1,9.4,5.8,10.5,1.4,1.7,12.6,13.1,0.2,1.4,1.6,0.05,-3.3,0.3,-0.4
2021,walkelo01,9.8,0.523,0.463,0.115,1.0,10.1,5.4,9.6,0.9,0.8,9.2,20.1,-0.5,0.9,0.4,0.012,-2.3,-1.4,-0.7
2021,banede01,12.2,0.6,0.543,0.098,2.1,12.6,7.3,10.6,1.3,0.9,10.2,16.1,1.6,1.3,2.9,0.093,-0.6,-0.2,0.5
2021,hillso01,6.7,0.498,0.711,0.154,3.1,12.2,7.7,6.4,1.6,0.6,11.7,10.4,0.1,1.2,1.3,0.04,-3.0,0.5,-0.2
2021,mcdanja02,8.9,0.552,0.54,0.123,3.6,13.4,8.3,6.4,1.1,3.4,10.8,12.0,0.5,0.9,1.4,0.046,-3.3,-0.2,-0.6
2021,osmande01,10.3,0.488,0.553,0.162,2.8,12.4,7.5,17.7,1.7,0.5,11.3,20.4,-0.5,1.0,0.5,0.014,-2.3,-0.9,-0.5
2021,jamesle01,24.2,0.602,0.346,0.31,2.2,23.6,12.9,41.8,1.6,1.5,15.2,31.9,3.0,2.6,5.6,0.179,5.9,2.3,3.8
2021,morrima03,14.5,0.614,0.507,0.152,2.7,14.5,8.8,5.6,1.1,0.9,8.4,20.1,2.1,1.5,3.6,0.115,0.9,-0.8,0.8
2021,plumlma01,18.7,0.638,0.018,0.444,10.6,28.1,19.3,21.0,1.4,2.9,18.7,16.3,3.0,2.1,5.1,0.164,0.2,2.0,1.6
2021,conlemi01,19.2,0.589,0.523,0.222,2.7,9.6,6.3,30.6,2.3,0.5,12.4,23.1,4.0,2.1,6.1,0.197,3.6,1.3,2.6
2021,haywago01,17.6,0.584,0.312,0.281,2.6,16.3,9.3,19.5,1.7,0.9,11.0,23.9,2.2,1.4,3.5,0.114,1.6,-0.1,1.4
2021,paytoel01,11.7,0.478,0.158,0.172,4.7,11.0,7.9,21.6,1.6,0.6,13.3,23.2,-0.9,1.9,1.0,0.032,-2.9,-0.1,-0.4
2021,ballla01,17.5,0.539,0.388,0.246,4.6,17.9,11.1,33.9,2.7,1.2,16.3,26.1,1.0,1.9,2.8,0.093,1.1,0.7,1.4
2021,bertada01,11.4,0.62,0.895,0.241,1.3,10.8,6.1,4.4,1.0,0.7,5.9,15.9,2.1,1.0,3.1,0.101,0.3,-1.1,0.4
2021,miltosh01,14.6,0.549,0.304,0.264,2.5,8.5,5.6,20.3,1.3,1.1,12.2,24.9,1.1,1.6,2.8,0.091,-0.7,-1.0,0.1
2021,stewais01,16.4,0.597,0.154,0.225,12.0,22.7,17.3,6.3,1.3,5.2,13.0,15.5,1.9,2.1,4.0,0.132,-1.6,0.5,0.3
2021,turnemy01,15.3,0.599,0.477,0.329,4.7,18.0,11.4,4.4,1.3,8.8,11.9,16.4,1.1,2.2,3.3,0.11,-1.6,2.0,0.9
2021,bouchch01,21.9,0.634,0.42,0.345,8.5,22.5,15.3,6.9,1.2,7.6,6.7,20.5,4.0,2.1,6.1,0.201,2.7,0.6,2.0
2021,brownbr01,16.1,0.604,0.139,0.277,8.9,17.2,13.3,9.8,1.9,1.7,10.2,15.9,2.8,1.5,4.4,0.144,-0.4,0.2,0.7
2021,johnsca02,11.8,0.563,0.694,0.122,2.6,12.9,7.9,8.0,1.3,1.0,7.3,17.0,1.2,1.4,2.6,0.086,0.0,-0.2,0.7
2021,anunoog01,15.4,0.605,0.503,0.197,4.0,14.6,9.1,10.1,2.2,2.2,11.7,19.3,1.5,1.6,3.1,0.104,0.8,0.4,1.2
2021,willike04,14.0,0.599,0.285,0.153,6.1,14.0,10.0,16.4,1.8,1.1,14.8,15.3,1.6,1.2,2.8,0.096,-1.2,0.5,0.4
2021,campafa01,11.6,0.558,0.686,0.289,1.8,8.9,5.3,20.2,2.7,1.0,17.1,13.1,1.6,1.5,3.1,0.105,-1.7,1.2,0.5
2021,robyis01,11.9,0.555,0.254,0.273,6.4,18.6,12.4,11.4,1.7,2.3,19.0,17.7,-0.3,1.5,1.3,0.043,-3.7,0.4,-0.5
2021,clarkbr01,17.3,0.56,0.156,0.228,7.2,17.5,12.3,9.5,2.0,3.2,5.7,17.2,2.2,2.0,4.2,0.142,0.4,1.2,1.3
2021,netora01,13.0,0.575,0.367,0.19,2.1,9.6,5.9,14.0,2.4,0.4,9.9,15.8,1.5,1.3,2.8,0.097,-1.4,0.9,0.5
2021,shamela01,10.3,0.578,0.73,0.171,0.9,7.6,4.4,9.3,1.1,0.6,8.9,16.7,1.2,0.6,1.8,0.063,-0.9,-1.5,-0.2
2021,portibo01,19.9,0.598,0.263,0.122,9.9,25.3,17.9,7.4,1.8,1.7,8.2,20.9,2.8,2.0,4.8,0.167,1.8,-0.4,1.2
2021,walkeke02,17.7,0.559,0.522,0.22,1.3,12.6,6.9,23.8,1.7,0.8,10.6,26.1,2.1,1.1,3.3,0.115,2.8,-0.7,1.4
2021,gayru01,14.7,0.532,0.443,0.162,3.2,20.9,11.9,9.7,1.6,2.5,8.8,23.6,0.0,1.7,1.7,0.059,-0.1,0.0,0.6
2021,lopezro01,16.7,0.661,0.042,0.322,11.1,10.2,10.6,5.9,0.5,2.7,13.4,17.1,2.8,0.9,3.7,0.131,0.2,-1.2,0.4
2021,forbebr01,12.8,0.631,0.645,0.115,0.9,7.6,4.3,4.5,0.8,0.1,7.3,18.5,2.0,0.7,2.7,0.096,0.4,-1.7,0.2
2021,biyombi01,11.7,0.574,0.004,0.434,10.8,17.1,13.9,8.3,0.6,5.4,19.8,11.5,0.9,1.4,2.3,0.081,-3.4,0.4,-0.4
2021,hartjo01,12.2,0.566,0.561,0.259,4.3,26.1,15.2,10.6,1.4,0.8,11.3,13.5,1.4,1.3,2.7,0.097,-1.1,0.3,0.4
2021,reidna01,18.2,0.599,0.299,0.286,6.4,20.0,12.9,8.7,1.2,4.9,9.5,22.5,1.9,1.3,3.2,0.113,-0.1,-0.2,0.6
2021,rosste01,13.2,0.53,0.429,0.224,1.1,11.4,6.1,13.2,1.7,1.4,9.9,24.1,-0.1,1.0,0.9,0.03,-1.4,-0.8,-0.1
2021,klebima01,10.6,0.606,0.771,0.135,3.9,17.4,10.7,6.6,0.9,2.4,9.3,10.6,1.6,1.3,2.9,0.103,-0.5,0.5,0.7
2021,iguodan01,9.2,0.519,0.734,0.153,3.3,15.4,9.4,14.3,2.1,2.7,20.2,11.2,-0.1,1.8,1.7,0.062,-2.2,1.8,0.5
2021,dragigo01,13.0,0.552,0.44,0.22,2.2,12.1,7.2,25.9,1.2,0.6,16.2,24.5,0.2,1.2,1.3,0.048,-1.1,-1.3,-0.1
2021,bazemke01,10.6,0.564,0.469,0.199,2.1,16.0,9.1,11.1,2.4,2.2,16.1,16.3,-0.2,2.1,1.8,0.065,-2.9,1.7,0.2
2021,porzikr01,21.3,0.582,0.378,0.202,6.9,24.6,15.8,8.4,0.7,4.1,6.4,26.5,2.6,1.7,4.3,0.154,3.0,-0.8,1.4
2021,woodch01,20.0,0.591,0.322,0.309,5.9,26.8,15.9,9.4,1.2,3.2,9.9,25.9,1.4,1.4,2.8,0.1,1.7,-0.3,1.1
2021,jonesde02,11.9,0.576,0.447,0.299,6.1,10.7,8.3,4.8,1.4,3.7,8.5,12.3,1.6,0.8,2.4,0.089,-1.4,0.0,0.2
2021,markkla01,15.2,0.619,0.568,0.177,3.0,19.4,11.3,5.0,1.0,1.0,8.5,20.2,1.7,1.3,3.0,0.109,1.0,-0.9,0.7
2021,satorto01,13.8,0.614,0.359,0.24,2.6,9.4,6.0,27.9,1.5,0.9,20.9,15.2,1.9,1.1,3.1,0.113,-0.6,0.1,0.5
2021,bogdabo01,17.6,0.616,0.589,0.078,1.7,11.5,6.7,17.6,1.8,0.9,8.5,21.3,2.8,1.1,3.9,0.142,3.3,0.3,1.8
2021,hortota01,12.9,0.536,0.268,0.264,2.2,12.3,7.3,20.8,2.4,1.4,16.1,21.7,-0.1,2.2,2.1,0.078,-2.6,1.5,0.3
2021,thybuma01,10.1,0.508,0.588,0.074,2.6,7.8,5.3,6.3,3.9,4.9,11.3,9.4,0.1,2.7,2.8,0.102,-2.6,4.5,1.3
2021,walljo01,15.4,0.503,0.343,0.291,1.3,9.7,5.3,36.2,1.5,2.1,14.7,31.7,-1.0,0.8,-0.2,-0.007,1.2,-1.9,0.4
2021,thomptr01,14.2,0.54,0.009,0.368,14.5,23.5,19.0,7.2,0.9,2.4,14.1,14.8,1.5,1.4,2.9,0.107,-1.5,-1.0,-0.2
2021,anthoco01,12.1,0.496,0.312,0.237,3.0,15.4,9.0,24.2,1.1,1.3,14.8,24.3,-0.9,0.9,0.0,-0.001,-1.9,-1.4,-0.4
2021,pritcpa01,12.4,0.582,0.593,0.108,2.9,11.1,6.9,13.3,1.4,0.7,10.8,16.7,1.6,0.9,2.5,0.095,-0.3,-0.4,0.4
2021,mannte01,13.8,0.603,0.26,0.269,5.1,16.1,10.8,11.3,1.1,0.9,9.3,15.1,2.4,1.3,3.7,0.141,-0.5,0.3,0.6
2021,allengr01,12.8,0.586,0.662,0.22,1.6,12.0,6.7,11.5,1.7,0.6,9.6,16.8,1.5,1.2,2.7,0.101,-0.2,0.1,0.6
2021,avdijde01,7.6,0.515,0.538,0.144,1.9,20.2,11.0,6.3,1.2,1.0,9.0,12.0,0.0,1.2,1.2,0.046,-3.6,0.4,-0.4
2021,burksal01,14.8,0.564,0.492,0.236,1.8,17.6,9.8,13.2,1.2,1.1,8.2,21.3,1.5,1.8,3.3,0.126,0.9,0.6,1.1
2021,jordade01,17.1,0.736,0.004,0.369,10.9,26.1,18.9,10.1,0.7,4.6,22.7,13.1,2.4,1.5,3.9,0.152,0.1,1.0,0.9
2021,quickim01,15.8,0.557,0.522,0.3,2.2,9.7,6.0,16.2,1.2,0.9,8.1,25.6,1.8,1.4,3.2,0.125,1.4,-0.5,0.9
2021,kennalu01,12.7,0.608,0.541,0.075,1.4,13.0,7.3,11.9,0.9,0.7,10.1,17.1,1.6,1.1,2.7,0.105,0.3,-0.5,0.6
2021,brownst02,11.1,0.597,0.642,0.093,3.2,16.8,9.7,8.4,1.5,0.9,10.5,13.5,1.0,0.8,1.8,0.071,-1.6,0.0,0.1
2021,jonesty01,15.0,0.511,0.339,0.109,1.8,10.4,6.1,28.6,2.5,0.4,10.0,16.6,1.5,1.3,2.8,0.11,-0.1,0.9,0.9
2021,gallida01,16.3,0.613,0.535,0.366,1.6,17.0,9.5,9.2,1.2,0.7,7.2,21.2,2.7,1.0,3.7,0.146,1.7,-0.6,1.0
2021,carusal01,11.1,0.547,0.449,0.249,2.9,12.8,7.9,18.1,2.6,1.1,18.3,14.8,0.3,2.1,2.4,0.095,-2.5,2.5,0.6
2021,beaslma01,14.6,0.57,0.535,0.133,2.4,12.4,7.2,11.6,1.2,0.5,8.6,24.0,0.9,0.4,1.3,0.053,1.6,-1.8,0.6
2021,wadede01,11.3,0.573,0.685,0.125,3.4,16.8,9.9,8.9,1.4,1.5,8.4,12.9,1.1,0.9,2.0,0.08,-1.1,-0.1,0.2
2021,morrima02,9.3,0.509,0.553,0.132,4.5,20.3,12.5,8.6,0.9,1.4,11.9,16.4,-0.2,1.8,1.6,0.062,-2.9,0.3,-0.2
2021,okogijo01,9.1,0.524,0.425,0.425,5.5,8.7,7.1,7.0,2.1,2.0,12.5,12.1,0.5,0.8,1.3,0.051,-3.7,0.3,-0.4
2021,howardw01,17.8,0.61,0.066,0.693,17.8,35.3,26.7,7.2,1.2,4.7,22.1,18.2,1.3,2.6,4.0,0.159,-2.1,0.6,0.1
2021,morrimo01,14.0,0.574,0.346,0.189,1.0,8.0,4.6,17.1,1.4,1.1,7.5,16.5,2.0,0.8,2.9,0.115,0.1,-0.5,0.5
2021,russeda01,17.6,0.555,0.475,0.229,1.4,8.9,5.0,33.6,1.8,1.3,13.5,29.1,1.0,0.6,1.6,0.063,3.3,-1.7,1.1
2021,gilgesh01,21.6,0.623,0.301,0.405,1.7,13.1,7.3,31.2,1.1,1.7,13.7,27.8,2.7,0.8,3.5,0.143,3.9,0.2,1.8
2021,holidaa01,9.2,0.503,0.417,0.19,1.4,6.8,4.1,14.0,1.8,0.9,12.3,19.5,-0.6,0.8,0.2,0.009,-3.3,-0.9,-0.7
2021,millspa01,16.4,0.565,0.357,0.244,7.4,18.1,12.8,11.6,2.2,3.0,10.3,18.6,1.7,1.6,3.2,0.133,0.3,0.7,0.9
2021,davisan02,22.1,0.556,0.163,0.349,6.0,21.5,13.8,16.4,1.9,4.5,9.5,29.2,1.3,2.4,3.7,0.152,2.6,2.2,2.0
2021,looneke01,11.9,0.575,0.086,0.244,10.9,18.6,14.8,13.4,0.8,1.7,14.5,9.4,2.0,1.4,3.4,0.139,-1.8,1.0,0.3
2021,duranke01,26.4,0.666,0.313,0.395,1.3,21.3,11.8,27.5,1.0,3.4,14.5,31.2,3.7,1.2,5.0,0.206,6.4,0.8,2.7
2021,niangge01,11.4,0.602,0.721,0.057,2.7,13.0,8.1,7.3,1.1,0.6,10.9,17.4,1.2,1.4,2.6,0.108,-0.4,0.1,0.5
2021,vandeja01,16.2,0.612,0.021,0.432,10.8,24.7,17.5,9.3,2.7,3.5,15.9,12.3,1.6,1.5,3.1,0.132,-1.4,1.4,0.5
2021,willigr01,7.5,0.546,0.522,0.206,4.7,12.8,8.7,7.4,1.4,2.0,17.2,12.3,0.1,1.0,1.1,0.046,-4.0,0.3,-0.5
2021,okekech01,11.8,0.511,0.435,0.123,3.7,13.2,8.3,13.2,2.1,1.8,10.0,14.5,0.3,1.0,1.3,0.056,-1.9,0.5,0.1
2021,matthwe02,7.2,0.517,0.782,0.163,2.0,7.2,4.6,6.3,1.6,1.3,8.8,11.4,0.2,1.5,1.7,0.073,-3.1,1.4,0.1
2021,greenja01,13.6,0.59,0.529,0.152,8.6,19.4,14.0,6.4,1.1,1.9,11.7,17.6,1.4,1.2,2.6,0.11,-0.5,-1.0,0.1
2021,baglema01,16.3,0.554,0.22,0.273,10.4,21.5,15.9,5.8,0.9,1.6,9.7,23.5,0.9,0.5,1.4,0.059,-0.4,-2.7,-0.3
2021,toscaju01,12.6,0.676,0.44,0.148,2.8,19.6,11.3,18.1,1.7,2.1,21.5,11.0,1.4,1.6,3.0,0.13,-1.4,2.2,0.8
2021,simonan01,12.3,0.589,0.703,0.142,1.3,12.5,6.8,11.4,0.8,0.6,9.2,18.3,1.5,0.3,1.8,0.078,0.6,-1.6,0.3
2021,nancela02,13.2,0.557,0.419,0.18,5.4,19.0,12.1,14.4,2.8,1.4,15.8,13.9,0.5,1.3,1.8,0.08,-1.4,1.8,0.7
2021,pokusal01,6.1,0.43,0.507,0.103,2.8,17.6,10.1,13.1,0.9,3.4,18.8,20.5,-2.9,1.0,-1.9,-0.084,-5.1,-1.0,-1.1
2021,doziepj01,10.4,0.501,0.42,0.186,3.7,15.3,9.5,11.2,1.4,2.0,10.7,17.2,0.1,1.1,1.1,0.051,-2.3,-0.4,-0.2
2021,tillmxa01,14.7,0.605,0.217,0.177,7.2,18.0,12.5,9.4,1.9,2.7,12.3,14.3,1.4,1.5,2.9,0.127,-1.3,1.1,0.5
2021,payneca01,17.4,0.602,0.42,0.142,1.7,13.2,7.6,28.1,1.6,1.3,12.5,19.8,2.4,1.2,3.6,0.158,2.1,1.0,1.4
2021,leeda03,11.8,0.636,0.708,0.161,2.2,15.4,8.9,9.1,1.7,0.7,9.3,12.8,1.4,1.3,2.7,0.119,-0.7,0.9,0.6
2021,martike04,14.6,0.59,0.302,0.264,7.0,17.6,12.1,6.8,1.3,3.4,9.7,15.6,1.3,0.9,2.2,0.099,-1.4,-0.4,0.0
2021,whitede01,15.0,0.55,0.536,0.252,1.3,9.6,5.4,17.4,1.2,2.9,8.2,22.4,1.0,0.9,1.9,0.085,1.3,0.0,0.9
2021,korkmfu01,12.8,0.544,0.634,0.193,1.8,9.8,5.9,11.1,2.2,0.8,9.1,20.5,0.6,1.5,2.0,0.092,-0.3,0.2,0.5
2021,vassede01,10.6,0.524,0.495,0.168,2.4,15.4,8.8,7.1,2.0,1.4,6.3,14.3,0.4,1.1,1.5,0.069,-2.2,0.7,0.1
2021,luwawti01,7.8,0.493,0.671,0.121,3.1,10.1,6.8,8.6,1.5,0.5,10.3,17.4,-0.3,0.7,0.3,0.015,-3.2,-1.2,-0.6
2021,meltode01,15.2,0.568,0.537,0.13,3.0,13.4,8.2,17.5,2.7,2.7,13.7,19.5,0.7,1.5,2.2,0.103,0.6,1.7,1.1
2021,favorde01,19.7,0.663,0.008,0.329,14.7,23.3,19.2,6.0,1.5,5.3,11.5,13.0,2.9,2.2,5.1,0.237,0.3,2.4,1.2
2021,mathega01,9.7,0.635,0.835,0.401,1.6,7.2,4.4,3.1,1.3,0.6,3.5,11.5,1.7,0.6,2.3,0.108,-1.7,-0.1,0.1
2021,valende01,10.1,0.479,0.582,0.041,2.6,18.3,10.5,14.0,1.4,0.6,9.0,19.5,-0.4,1.1,0.7,0.032,-2.2,-0.4,-0.2
2021,ellinwa01,12.2,0.625,0.814,0.104,1.3,8.1,4.7,10.2,0.9,0.8,8.5,16.7,1.3,0.5,1.9,0.088,1.1,-1.3,0.5
2021,alexani01,12.5,0.522,0.478,0.144,1.4,14.1,7.8,14.7,2.2,2.1,12.4,23.2,-0.3,1.0,0.7,0.035,-1.4,0.1,0.2
2021,johnsst04,8.8,0.519,0.588,0.236,3.1,14.1,8.4,12.0,2.5,1.8,17.4,13.4,-0.1,1.1,1.0,0.048,-3.8,1.2,-0.1
2021,zelleco01,18.2,0.599,0.086,0.367,12.6,22.9,17.7,13.2,1.3,1.7,11.9,18.3,2.1,1.1,3.3,0.156,-0.2,-0.2,0.4
2021,gasolma01,12.2,0.606,0.629,0.258,4.3,19.9,12.2,14.7,1.3,5.2,19.7,11.8,0.8,1.9,2.8,0.133,-1.4,3.7,1.1
2021,snellto01,9.5,0.708,0.637,0.064,2.0,10.2,6.2,7.9,0.6,1.0,10.7,8.6,1.6,0.5,2.0,0.099,-0.4,-0.1,0.4
2021,poolejo01,15.1,0.581,0.582,0.251,1.6,8.2,5.0,15.4,1.2,0.8,8.8,25.0,1.1,0.9,1.9,0.094,0.7,-1.2,0.4
2021,ennisja01,12.5,0.613,0.428,0.358,4.4,13.4,8.7,9.3,1.6,0.6,11.3,13.9,1.3,0.7,2.0,0.097,-1.9,-0.3,-0.1
2021,williro04,25.7,0.719,0.008,0.283,14.9,25.6,20.2,14.2,2.1,8.6,15.2,15.0,3.4,1.9,5.3,0.258,2.9,3.1,2.0
2021,baynear01,10.5,0.503,0.339,0.135,9.4,21.7,15.3,7.0,0.8,2.3,12.5,16.2,0.1,0.9,1.0,0.049,-3.4,-1.1,-0.6
2021,bembrde01,11.2,0.57,0.232,0.289,3.6,13.3,8.3,15.6,2.6,1.9,21.6,14.6,0.1,1.1,1.2,0.059,-3.2,1.4,0.0
2021,poweldw01,16.8,0.688,0.108,0.639,9.2,17.4,13.3,8.9,1.8,2.9,13.9,13.2,2.6,1.2,3.8,0.188,-0.7,1.3,0.6
2021,hayesja02,19.1,0.675,0.05,0.429,10.4,18.6,14.5,5.2,1.2,3.7,10.5,16.2,2.6,1.0,3.5,0.176,0.6,0.0,0.6
2021,ibakase01,18.2,0.585,0.315,0.145,8.9,23.1,16.2,11.5,0.5,4.4,10.2,20.1,1.7,1.3,3.0,0.15,1.2,0.2,0.8
2021,ojelese01,8.3,0.553,0.715,0.145,3.6,13.7,8.6,5.1,0.9,0.0,8.2,11.6,0.7,0.6,1.2,0.063,-1.7,-0.7,-0.1
2021,mclaujo01,12.0,0.502,0.38,0.124,2.3,10.4,6.2,28.0,2.6,0.6,16.7,13.7,0.6,0.6,1.2,0.062,-2.0,0.2,0.1
2021,gibsota01,16.0,0.661,0.095,0.348,11.6,17.3,14.5,5.4,1.7,5.0,10.8,9.7,2.1,1.7,3.8,0.195,-0.7,2.1,0.8
2021,maxeyty01,14.5,0.531,0.24,0.163,1.3,10.8,6.1,19.9,1.3,1.2,8.2,23.0,0.8,1.1,1.9,0.099,-1.0,-0.5,0.1
2021,houseda01,9.1,0.525,0.574,0.232,2.0,13.6,7.5,10.6,1.0,1.5,10.7,15.3,0.0,0.5,0.5,0.026,-2.8,-0.7,-0.3
2021,flynnma01,10.9,0.484,0.494,0.165,1.1,13.0,6.9,21.4,2.0,0.8,10.5,19.0,0.0,0.8,0.8,0.041,-2.5,-0.2,-0.1
2021,smithis01,11.6,0.473,0.165,0.111,2.5,14.6,8.6,24.7,1.6,1.2,11.6,15.8,0.2,0.9,1.1,0.056,-2.1,0.5,0.1
2021,brownmo01,18.8,0.572,0.0,0.47,17.2,26.2,21.6,1.7,1.6,4.5,11.7,16.9,1.3,1.3,2.6,0.138,-1.3,-1.2,-0.1
2021,burketr01,12.6,0.544,0.465,0.161,1.2,5.3,3.3,12.9,1.9,0.7,8.0,20.0,0.7,0.7,1.4,0.071,-1.4,-0.4,0.0
2021,dotsoda01,8.1,0.499,0.543,0.123,0.6,11.1,5.7,15.1,0.9,0.4,12.0,16.9,-0.4,0.3,0.0,-0.002,-3.4,-1.4,-0.6
2021,caulewi01,14.3,0.647,0.06,0.429,8.1,20.5,14.3,5.3,1.1,4.4,11.8,12.0,1.6,1.2,2.8,0.147,-2.2,0.9,0.2
2021,lewiski01,10.3,0.477,0.356,0.151,1.4,7.1,4.3,18.7,2.0,1.0,8.6,18.3,0.2,0.6,0.9,0.045,-3.2,-0.2,-0.3
2021,mcdanja01,11.4,0.554,0.37,0.225,5.3,15.1,10.1,8.6,1.5,2.1,12.6,17.0,0.3,0.9,1.2,0.062,-2.8,-0.4,-0.3
2021,hernaju01,12.1,0.549,0.562,0.324,5.2,20.0,12.3,5.6,1.0,0.7,7.3,17.2,0.6,0.5,1.1,0.06,-1.1,-1.8,-0.2
2021,nurkiju01,20.5,0.554,0.09,0.339,10.2,30.7,20.2,21.4,2.1,4.0,16.0,22.3,1.2,1.2,2.4,0.133,0.7,1.8,1.0
2021,monkma01,13.6,0.569,0.531,0.18,1.7,10.9,6.2,15.7,1.1,0.5,11.3,23.8,0.5,0.5,1.0,0.054,0.2,-2.0,0.0
2021,saricda01,14.3,0.567,0.395,0.289,6.1,18.4,12.4,10.4,1.7,0.4,12.9,22.6,0.7,1.0,1.7,0.093,-1.4,-0.6,0.0
2021,doumbse01,6.9,0.459,0.408,0.227,4.9,13.5,9.2,8.0,1.4,0.9,12.4,17.8,-0.9,0.7,-0.2,-0.012,-5.4,-1.3,-1.0
2021,sumneed01,12.7,0.626,0.312,0.294,2.3,9.5,5.9,7.9,1.8,0.9,13.8,18.3,0.7,0.7,1.4,0.077,-2.3,-0.5,-0.2
2021,robinmi01,17.7,0.642,0.0,0.301,14.5,17.5,16.0,2.9,2.1,5.0,11.5,11.8,1.8,1.7,3.4,0.192,-0.3,1.5,0.7
2021,scottmi01,6.8,0.492,0.735,0.057,1.4,13.8,7.8,6.1,1.4,1.5,8.1,11.9,-0.1,1.1,1.0,0.058,-3.2,0.3,-0.2
2021,martico01,10.6,0.5,0.309,0.229,6.5,14.1,10.3,13.9,2.1,1.4,16.2,12.5,0.2,0.9,1.1,0.061,-2.7,0.7,0.0
2021,hernawi01,19.6,0.591,0.037,0.347,15.0,27.8,21.4,8.5,1.2,2.6,9.9,17.0,1.9,1.0,2.9,0.163,1.0,-1.0,0.4
2021,arizatr01,11.9,0.542,0.593,0.183,3.7,15.6,9.8,9.4,1.8,2.2,7.5,15.1,0.5,1.0,1.6,0.091,-1.2,0.1,0.2
2021,randlch01,7.4,0.515,0.549,0.203,0.8,9.6,5.1,12.9,1.3,0.5,15.1,15.7,-0.4,0.4,0.0,-0.001,-4.8,-1.1,-0.8
2021,wisemja01,13.1,0.552,0.103,0.234,7.1,21.5,14.4,4.9,0.6,3.8,12.9,23.8,-0.4,1.2,0.7,0.042,-4.0,-1.0,-0.6
2021,porteke02,12.5,0.528,0.439,0.256,2.4,10.5,6.3,31.2,1.1,0.9,18.2,25.4,-0.3,0.3,0.0,0.0,-1.1,-2.4,-0.3
2021,beverpa01,12.0,0.58,0.641,0.205,4.0,11.8,8.0,12.0,1.7,3.0,12.4,14.6,1.0,1.0,2.1,0.119,-0.7,1.4,0.6
2021,martica02,9.5,0.465,0.488,0.25,4.0,14.8,9.3,11.5,2.2,1.5,10.4,16.7,-0.4,0.9,0.5,0.03,-3.6,0.2,-0.3
2021,cartemi01,9.5,0.449,0.226,0.296,4.9,13.4,9.0,24.3,1.5,1.9,18.4,20.2,-1.1,0.6,-0.5,-0.028,-4.6,-0.2,-0.6
2021,gordoer01,14.4,0.577,0.572,0.311,1.0,7.1,3.9,14.6,0.8,1.5,10.9,25.2,0.6,0.2,0.8,0.048,0.7,-1.7,0.2
2021,jeromty01,13.4,0.585,0.585,0.118,1.3,10.8,6.0,23.7,1.2,0.7,13.5,18.8,0.9,0.4,1.3,0.079,0.1,-0.8,0.3
2021,horfoal01,17.4,0.538,0.422,0.061,3.8,21.4,12.5,20.1,1.5,2.9,7.3,21.6,0.8,0.9,1.6,0.101,2.0,1.4,1.1
2021,leesa01,13.8,0.536,0.11,0.424,2.8,11.1,6.9,33.2,2.0,1.5,18.1,17.0,0.7,0.8,1.5,0.091,-2.1,0.2,0.0
2021,muldemy01,10.8,0.613,0.808,0.083,1.1,7.1,4.2,4.8,0.7,1.4,5.5,16.2,0.6,0.6,1.2,0.075,-0.6,-1.2,0.0
2021,lambje01,15.8,0.587,0.464,0.272,3.6,14.9,9.3,9.4,2.1,2.4,6.6,18.4,1.2,0.9,2.1,0.132,0.7,0.7,0.7
2021,nowelja01,12.3,0.528,0.448,0.164,2.6,11.3,6.8,12.5,1.4,1.4,7.2,21.4,0.3,0.4,0.7,0.044,-1.5,-1.4,-0.2
2021,eubandr01,17.9,0.618,0.01,0.517,10.2,24.0,17.0,7.9,1.2,5.5,15.2,17.1,1.2,1.1,2.3,0.145,-1.0,1.0,0.4
2021,reddica01,9.3,0.488,0.479,0.312,3.3,11.7,7.6,6.5,2.2,1.1,10.2,19.3,-0.3,0.7,0.4,0.026,-3.3,0.1,-0.2
2021,jacksfr01,13.2,0.598,0.512,0.256,2.2,10.8,6.5,7.9,1.0,0.1,9.4,21.3,0.7,0.4,1.2,0.076,-0.1,-1.6,0.1
2021,achiupr01,14.2,0.55,0.004,0.482,11.5,20.6,16.1,6.1,1.3,4.0,13.5,19.5,0.3,1.0,1.3,0.085,-3.6,-0.5,-0.4
2021,bambamo01,19.3,0.556,0.392,0.219,10.5,28.0,19.0,8.1,0.9,7.3,9.8,21.8,0.7,1.1,1.8,0.117,0.2,0.0,0.4
2021,watanyu01,12.2,0.565,0.5,0.161,5.3,19.4,12.1,7.7,1.7,2.6,9.0,12.7,0.7,0.8,1.5,0.102,-1.1,0.5,0.2
2021,carteje01,12.2,0.548,0.677,0.031,2.6,11.8,7.3,13.0,2.0,1.1,6.6,15.0,0.7,0.8,1.6,0.104,-0.4,0.9,0.5
2021,kaminfr01,15.8,0.547,0.331,0.233,5.8,23.7,14.9,15.3,1.0,2.1,7.2,19.0,1.1,0.9,2.0,0.133,0.4,0.8,0.6
2021,marshna01,11.4,0.508,0.397,0.359,2.3,20.6,11.5,16.5,1.8,1.4,13.6,16.8,0.2,0.7,0.9,0.061,-2.1,0.8,0.1
2021,pascher01,13.4,0.561,0.181,0.315,4.3,15.1,9.8,11.4,0.8,0.9,11.2,23.5,0.2,0.7,0.9,0.062,-1.8,-0.9,-0.1
2021,johnsty01,8.2,0.546,0.721,0.115,1.0,10.9,6.2,8.7,1.0,0.0,8.1,13.3,0.4,0.3,0.7,0.049,-2.4,-1.0,-0.2
2021,toppiob01,12.7,0.574,0.407,0.124,4.2,17.6,11.0,6.4,1.2,2.1,9.4,15.9,0.5,1.0,1.5,0.109,-1.4,0.7,0.2
2021,nwabada01,14.4,0.557,0.289,0.312,6.0,12.8,9.3,6.9,2.1,2.8,6.4,16.6,0.7,0.6,1.3,0.094,-1.4,0.6,0.2
2021,huntede01,15.7,0.603,0.383,0.343,2.8,14.7,8.9,9.7,1.4,1.6,9.2,20.2,1.2,0.6,1.7,0.123,0.6,0.6,0.5
2021,hayeski01,5.3,0.422,0.358,0.085,1.0,10.6,5.7,29.7,2.0,1.3,28.5,19.0,-1.8,0.6,-1.1,-0.081,-6.3,-0.9,-0.9
2021,nesmiaa01,9.4,0.573,0.607,0.157,4.6,16.6,10.6,4.6,1.1,1.3,10.8,13.7,0.5,0.6,1.1,0.076,-2.8,-0.4,-0.2
2021,vincega01,7.6,0.498,0.639,0.099,1.8,7.9,4.9,15.1,1.6,0.3,12.3,19.1,-0.4,0.5,0.2,0.011,-4.5,-0.9,-0.6
2021,muscami01,14.7,0.599,0.689,0.135,3.0,18.4,10.6,7.0,0.6,1.5,6.9,20.0,0.9,0.4,1.3,0.096,0.9,-1.0,0.3
2021,littlna01,11.6,0.589,0.479,0.269,5.2,16.5,10.7,4.9,0.4,1.8,8.8,13.8,0.9,0.2,1.1,0.082,-1.1,-1.6,-0.1
2021,laymaja01,11.4,0.577,0.424,0.201,2.2,9.7,5.8,6.4,2.2,2.6,11.5,15.1,0.2,0.5,0.7,0.051,-2.2,0.2,0.0
2021,loveke01,15.1,0.556,0.619,0.202,3.0,31.2,16.7,16.0,1.3,0.3,12.2,21.9,0.3,0.6,0.9,0.073,0.9,-0.9,0.3
2021,goodwbr01,9.2,0.471,0.462,0.193,1.4,10.6,6.1,21.6,1.3,0.0,13.0,19.5,-0.2,0.4,0.2,0.013,-2.5,-0.6,-0.2
2021,okongon01,16.8,0.655,0.02,0.383,11.5,18.0,14.9,4.4,1.9,4.8,14.3,14.7,1.1,0.8,1.9,0.155,-2.2,0.8,0.1
2021,claxtni01,16.9,0.612,0.034,0.441,8.4,21.8,15.4,6.4,1.9,5.9,9.4,14.0,1.0,0.9,1.9,0.153,-1.0,1.4,0.4
2021,pattepa01,10.9,0.571,0.679,0.103,3.8,10.5,7.2,6.7,1.2,1.2,6.0,14.0,0.7,0.5,1.2,0.101,-0.4,-0.1,0.2
2021,konchjo01,14.8,0.608,0.406,0.217,6.4,17.3,11.8,10.7,2.5,1.4,10.6,12.4,0.9,0.8,1.7,0.145,-0.2,1.4,0.5
2021,bitadgo01,16.3,0.523,0.407,0.314,11.7,17.3,14.5,8.9,0.8,8.7,7.1,18.1,0.7,0.8,1.5,0.129,-2.0,1.0,0.1
2021,antetth01,10.3,0.523,0.212,0.358,10.7,12.9,11.8,10.3,1.9,1.6,21.3,15.3,0.0,0.6,0.7,0.057,-3.7,0.2,-0.2
2021,whiteha01,19.2,0.566,0.004,0.353,12.2,31.8,21.9,5.6,0.8,7.1,13.4,23.5,0.3,0.6,0.9,0.081,-1.8,-0.4,0.0
2021,brookar01,10.4,0.565,0.818,0.063,2.0,12.4,7.0,8.7,1.1,0.9,10.0,17.9,0.1,0.2,0.3,0.03,-1.1,-2.1,-0.2
2021,onimi01,6.4,0.517,0.889,0.061,4.9,11.9,8.6,6.8,1.0,1.2,13.6,9.8,0.2,0.7,0.9,0.081,-3.0,1.3,0.0
2021,brissos01,17.2,0.638,0.517,0.43,6.1,17.9,12.0,4.6,1.7,3.1,5.3,15.6,1.2,0.6,1.8,0.165,1.1,-0.5,0.3
2021,windldy01,10.8,0.567,0.592,0.208,4.3,19.5,11.7,9.4,1.8,2.1,18.4,14.8,0.0,0.5,0.5,0.045,-2.0,0.3,0.0
2021,strusma01,12.1,0.597,0.791,0.128,1.1,8.0,4.6,7.3,1.1,0.4,3.9,18.3,0.6,0.3,0.9,0.088,-0.5,-1.7,0.0
2021,winslju01,6.2,0.395,0.257,0.167,3.7,21.1,12.3,13.3,1.4,2.1,14.1,21.9,-1.3,0.6,-0.7,-0.066,-6.2,0.2,-0.5
2021,stevela01,10.5,0.521,0.184,0.375,5.3,16.6,10.8,7.4,1.7,2.3,12.7,15.8,0.0,0.5,0.4,0.043,-4.2,0.0,-0.3
2021,culveja01,8.8,0.476,0.315,0.286,7.1,15.8,11.3,6.8,1.6,1.6,12.9,18.2,-0.4,0.3,-0.1,-0.006,-4.5,-1.1,-0.5
2021,metuch01,14.5,0.571,0.207,0.24,7.0,18.7,12.7,8.2,1.4,3.1,12.8,20.0,0.3,0.3,0.6,0.061,-2.2,-1.3,-0.2
2021,knoxke01,9.1,0.537,0.622,0.14,2.4,11.8,7.1,5.9,1.3,1.2,10.1,16.2,0.0,0.6,0.6,0.065,-1.7,0.4,0.1
2021,arcidry01,9.8,0.541,0.573,0.171,1.2,15.1,8.3,16.3,1.0,0.0,7.4,13.1,0.5,0.4,0.9,0.093,-2.6,0.3,0.0
2021,okpalkz01,5.2,0.448,0.521,0.156,5.5,11.8,8.7,5.8,1.1,2.6,12.8,11.9,-0.3,0.4,0.1,0.015,-6.5,-0.6,-0.6
2021,greenjo02,8.8,0.49,0.269,0.247,7.0,12.3,9.7,8.3,1.8,0.6,14.2,11.9,0.1,0.4,0.5,0.05,-3.7,0.1,-0.2
2021,gallola01,12.1,0.605,0.578,0.156,1.8,8.9,5.4,8.0,0.9,0.0,7.6,17.3,0.6,0.3,0.9,0.096,-0.1,-0.8,0.1
2021,bongais01,4.0,0.461,0.58,0.099,4.4,11.7,8.1,6.5,1.2,1.7,20.7,10.2,-0.4,0.4,0.0,-0.001,-5.8,0.0,-0.4
2021,lamban01,8.7,0.523,0.602,0.178,6.7,11.5,9.0,7.9,0.7,1.1,13.0,15.0,0.1,0.1,0.2,0.023,-3.4,-2.7,-0.4
2021,nnajize01,11.3,0.615,0.567,0.144,4.0,14.5,9.3,3.3,1.0,1.0,6.0,12.9,0.6,0.3,0.9,0.104,-0.6,-1.1,0.0
2021,coffeam01,10.1,0.585,0.544,0.369,2.9,9.4,6.3,7.4,1.3,0.0,11.1,15.1,0.4,0.3,0.7,0.085,-1.9,-0.1,0.0
2021,gillefr01,13.4,0.563,0.0,0.393,11.4,16.0,13.6,3.2,1.6,5.1,10.9,12.2,0.5,0.5,0.9,0.116,-3.1,-0.1,-0.1
2021,mooreet01,10.4,0.523,0.289,0.116,4.2,8.9,6.6,13.7,1.9,1.2,15.3,17.2,0.0,0.4,0.4,0.049,-3.1,0.2,-0.1
2021,joeis01,9.5,0.533,0.797,0.18,1.8,8.5,5.2,7.2,1.5,0.9,7.1,17.4,0.2,0.4,0.6,0.078,-2.0,-1.0,-0.1
2021,robingl02,9.0,0.554,0.444,0.232,3.3,10.4,6.8,7.0,0.5,0.7,9.2,14.0,0.3,0.0,0.3,0.033,-1.9,-2.2,-0.2
2021,mannini01,9.3,0.487,0.526,0.246,1.8,11.5,6.7,25.6,2.1,0.2,19.7,18.5,-0.2,0.4,0.2,0.029,-3.4,-0.5,-0.2
2021,lylestr01,11.4,0.574,0.444,0.256,2.6,23.3,12.8,5.3,0.8,0.2,5.7,12.9,0.3,0.3,0.6,0.085,-1.3,-0.5,0.0
2021,naderab01,13.4,0.605,0.371,0.319,2.3,17.3,9.9,7.3,1.4,2.3,12.6,19.0,0.3,0.4,0.7,0.095,-1.0,1.0,0.2
2021,gilesha01,12.4,0.496,0.237,0.278,9.3,32.2,20.4,11.3,1.1,3.3,15.5,15.9,0.1,0.4,0.5,0.069,-3.2,0.2,-0.1
2021,okafoja01,13.1,0.644,0.088,0.235,7.3,13.9,10.6,6.1,0.8,1.3,15.7,16.8,0.3,0.3,0.6,0.082,-2.5,-0.7,-0.1
2021,halljo01,1.0,0.363,0.374,0.444,1.8,16.6,9.1,11.6,0.6,0.3,17.4,18.1,-1.1,0.2,-0.9,-0.126,-9.7,-2.2,-0.8
2021,martike03,13.9,0.551,0.435,0.072,6.1,20.1,13.1,7.5,1.5,2.5,10.1,20.9,0.1,0.4,0.4,0.066,-1.1,-1.3,0.0
2021,ntilila01,7.7,0.512,0.608,0.228,2.0,8.3,5.2,8.1,2.8,1.2,11.2,13.6,0.0,0.5,0.5,0.07,-4.2,2.5,0.0
2021,hoardja01,13.4,0.547,0.125,0.466,6.7,14.5,10.6,11.2,1.9,1.4,13.8,16.3,0.2,0.3,0.5,0.07,-2.2,-0.3,0.0
2021,sampsja02,10.9,0.533,0.133,0.257,9.3,17.1,13.2,1.8,0.3,3.6,10.7,19.0,0.0,0.3,0.3,0.044,-5.2,-2.3,-0.4
2021,jamesju01,11.3,0.548,0.342,0.324,3.2,7.6,5.4,9.9,1.2,0.8,10.6,19.7,0.1,0.0,0.1,0.02,-2.0,-2.3,-0.2
2021,samanlu01,9.8,0.518,0.41,0.276,5.4,18.3,11.7,6.9,1.3,2.2,14.5,19.5,-0.2,0.3,0.1,0.015,-4.2,-0.7,-0.2
2021,robinje01,4.1,0.4,0.442,0.211,1.4,11.8,6.6,10.2,1.8,1.6,15.5,16.7,-0.7,0.3,-0.4,-0.057,-6.9,-0.1,-0.4
2021,forretr01,11.2,0.554,0.366,0.268,4.0,11.1,7.7,19.9,1.5,1.1,20.9,14.3,0.3,0.4,0.7,0.106,-2.5,1.2,0.1
2021,davised01,13.1,0.487,0.0,0.273,16.1,26.0,20.8,9.0,2.1,3.8,12.4,7.9,0.5,0.4,0.8,0.135,-3.3,1.1,0.0
2021,watsopa01,10.9,0.649,0.78,0.098,1.4,15.7,8.3,8.2,1.0,1.0,9.5,13.7,0.4,0.2,0.6,0.096,-0.8,-0.6,0.1
2021,langfro01,5.1,0.436,0.305,0.203,4.7,9.1,6.9,5.9,1.0,1.7,13.5,11.3,-0.2,0.2,0.0,0.003,-4.9,0.2,-0.2
2021,cancavl01,9.7,0.547,0.458,0.181,4.5,15.7,10.1,6.4,1.9,0.7,15.3,14.2,0.0,0.3,0.3,0.053,-2.6,0.0,0.0
2021,knighna01,13.9,0.499,0.33,0.55,10.8,17.3,14.1,4.0,1.6,3.2,10.8,21.7,0.1,0.3,0.4,0.07,-2.6,-1.0,-0.1
2021,edwarca01,10.2,0.527,0.568,0.117,1.2,9.4,5.2,7.4,1.2,0.3,5.7,19.3,0.1,0.2,0.3,0.051,-3.2,-1.3,-0.2
2021,nworajo01,16.1,0.586,0.459,0.185,3.6,18.9,11.5,3.6,2.7,2.3,14.1,26.0,0.0,0.4,0.4,0.068,-0.7,-0.4,0.1
2021,marjabo01,22.6,0.562,0.066,0.311,19.3,32.7,26.0,5.9,0.4,2.1,8.0,24.6,0.7,0.3,1.0,0.183,1.9,-2.6,0.1
2021,bryanth01,18.7,0.704,0.231,0.264,7.1,16.8,11.9,8.2,0.7,2.5,9.8,17.2,0.7,0.2,1.0,0.171,1.4,-0.6,0.2
2021,jonestr01,12.1,0.544,0.064,0.244,3.1,5.2,4.2,20.0,1.4,0.0,13.1,16.1,0.2,0.1,0.4,0.066,-2.2,-1.3,-0.1
2021,mayssk01,16.8,0.569,0.408,0.255,4.2,10.0,7.1,16.4,2.6,0.7,7.6,19.1,0.5,0.3,0.8,0.14,1.2,0.7,0.3
2021,mckinal01,15.5,0.604,0.419,0.194,9.6,13.9,11.8,3.6,1.3,0.0,4.7,17.8,0.5,0.3,0.8,0.156,0.3,-0.8,0.1
2021,jacksja02,18.0,0.551,0.48,0.336,6.9,18.7,12.7,6.8,2.2,6.3,9.5,25.9,0.2,0.5,0.7,0.123,-0.7,0.7,0.1
2021,pattoju01,11.6,0.488,0.486,0.057,5.8,15.8,10.6,8.1,2.3,5.1,5.3,13.0,0.1,0.3,0.4,0.076,-3.6,1.4,0.0
2021,bateske01,12.0,0.518,0.254,0.313,3.8,17.7,10.6,6.6,2.2,1.7,8.4,14.8,0.1,0.3,0.3,0.068,-2.3,0.4,0.0
2021,gabriwe01,9.8,0.533,0.533,0.283,9.0,15.3,12.2,5.9,1.8,3.1,18.2,14.4,0.0,0.3,0.3,0.052,-3.2,-0.1,-0.1
2021,watertr01,14.6,0.541,0.452,0.202,2.3,7.5,4.9,36.4,3.1,0.4,22.8,21.4,0.2,0.2,0.4,0.08,0.4,-0.1,0.1
2021,jamesmi02,11.9,0.481,0.337,0.293,1.5,12.9,7.5,30.6,1.2,0.4,16.1,22.9,0.0,0.1,0.1,0.028,-2.1,-2.3,-0.1
2021,guyky01,8.5,0.449,0.523,0.227,2.3,14.4,8.3,17.9,1.2,0.0,10.2,19.7,-0.1,0.1,-0.1,-0.015,-3.7,-2.1,-0.2
2021,merrisa01,11.9,0.603,0.653,0.056,2.8,10.4,6.8,11.4,1.6,0.4,11.9,15.0,0.3,0.2,0.5,0.102,-0.7,-0.3,0.1
2021,chiozch01,12.9,0.461,0.477,0.193,1.5,9.5,5.7,36.9,1.5,2.3,14.4,21.0,0.1,0.2,0.3,0.063,-0.1,-0.6,0.1
2021,fernabr01,6.2,0.475,0.045,0.5,7.9,29.4,18.9,5.8,0.9,1.2,28.1,14.4,-0.3,0.3,-0.1,-0.019,-6.1,-0.4,-0.3
2021,dellama01,7.3,0.312,0.446,0.071,2.9,9.2,6.0,35.3,0.9,0.4,9.4,12.4,-0.1,0.1,0.0,0.005,-4.5,-1.9,-0.3
2021,gillan01,13.7,0.597,0.4,0.267,7.8,17.0,12.4,6.7,2.1,1.5,10.7,14.2,0.3,0.3,0.6,0.123,-1.6,0.3,0.0
2021,fultzma01,12.0,0.458,0.154,0.183,2.3,10.0,6.0,33.1,1.8,0.8,13.8,26.2,-0.3,0.1,-0.1,-0.024,-3.6,-0.9,-0.1
2021,deckga01,16.1,0.548,0.224,0.328,7.8,11.9,9.8,17.3,1.8,0.0,7.3,16.6,0.4,0.1,0.5,0.12,0.0,-0.4,0.1
2021,perryre01,11.0,0.466,0.269,0.167,14.9,22.9,19.1,9.0,1.4,2.5,15.2,20.4,-0.1,0.2,0.2,0.04,-5.3,-1.4,-0.2
2021,dedmode01,24.5,0.735,0.077,0.415,15.5,31.0,23.4,9.6,2.1,3.0,14.5,19.3,0.7,0.4,1.1,0.256,1.2,0.5,0.2
2021,howarma02,6.4,0.477,0.613,0.085,0.6,11.0,5.8,12.6,1.0,0.5,14.1,27.2,-0.4,0.1,-0.3,-0.068,-5.5,-3.2,-0.3
2021,milleda01,15.9,0.685,0.875,0.25,1.0,11.8,6.3,15.4,3.1,2.3,13.1,13.2,0.4,0.2,0.6,0.156,0.8,2.7,0.3
2021,bonejo01,8.9,0.519,0.593,0.0,2.0,11.0,6.4,13.6,0.5,0.0,5.3,12.6,0.1,0.1,0.2,0.045,-3.0,-1.2,-0.1
2021,mcgruro01,16.1,0.619,0.343,0.114,4.5,8.1,6.3,13.6,2.0,0.4,8.7,18.1,0.3,0.2,0.5,0.121,0.7,0.0,0.1
2021,ellebcj01,9.4,0.468,0.515,0.227,6.0,12.0,8.9,7.1,1.5,1.4,6.4,17.4,0.0,0.1,0.1,0.032,-4.0,-0.9,-0.1
2021,johnsal02,23.5,0.638,0.088,0.191,16.6,35.0,26.3,10.9,1.3,2.3,10.9,19.1,0.6,0.3,0.9,0.227,2.7,0.0,0.2
2021,tilliki02,8.5,0.461,0.579,0.193,3.5,10.6,7.0,5.6,1.3,4.0,3.1,14.8,0.0,0.2,0.2,0.055,-3.4,-0.3,-0.1
2021,halldo01,22.3,0.731,0.0,0.971,13.5,22.8,18.0,9.4,1.4,5.1,13.8,14.0,0.6,0.2,0.8,0.223,0.9,0.6,0.2
2021,reedpa01,21.2,0.54,0.077,0.103,19.0,18.9,19.0,11.0,2.7,6.6,12.8,22.7,0.2,0.4,0.6,0.162,-1.8,0.8,0.0
2021,harrija01,15.2,0.632,0.5,0.125,1.9,9.9,5.8,16.0,2.3,0.0,15.6,22.6,0.1,0.1,0.3,0.079,0.5,-0.3,0.1
2021,oturuda01,12.5,0.471,0.096,0.231,15.1,18.3,16.8,8.5,1.2,3.9,13.6,18.2,0.0,0.2,0.3,0.081,-4.1,-1.1,-0.1
2021,bolbo01,9.4,0.534,0.414,0.259,0.0,16.9,8.5,6.0,0.9,6.1,16.8,21.2,-0.2,0.2,0.0,-0.004,-3.8,-0.3,-0.1
2021,mcderse01,7.2,0.534,0.667,0.242,4.0,8.8,6.4,3.1,0.6,1.7,9.9,10.8,0.1,0.1,0.2,0.05,-3.1,-1.2,-0.1
2021,smithja04,8.4,0.499,0.34,0.14,5.2,21.4,13.4,3.4,0.3,2.9,11.7,17.1,-0.1,0.2,0.1,0.022,-4.8,-1.3,-0.2
2021,thomakh01,21.3,0.586,0.409,0.136,4.7,8.0,6.3,26.9,2.8,3.5,7.9,21.1,0.4,0.1,0.5,0.164,2.5,-0.1,0.2
2021,brownch02,4.1,0.422,0.488,0.233,2.0,9.7,5.8,8.2,1.3,1.2,11.2,14.9,-0.2,0.1,-0.1,-0.032,-7.4,-1.3,-0.3
2021,ilyaser01,12.1,0.578,0.759,0.093,5.3,15.1,10.4,3.8,3.3,1.6,12.5,18.7,0.1,0.3,0.4,0.122,-2.5,1.7,0.0
2021,morgaju01,8.5,0.529,0.433,0.233,6.8,13.1,10.1,8.0,1.3,0.6,10.8,10.9,0.1,0.2,0.3,0.105,-3.5,1.2,0.0
2021,diakima01,12.3,0.477,0.2,0.35,6.2,18.7,12.7,7.0,2.3,3.8,6.1,14.6,0.1,0.2,0.3,0.102,-3.3,0.9,0.0
2021,brantja01,16.6,0.605,0.538,0.038,7.2,13.3,10.4,16.1,2.5,1.2,13.1,19.0,0.3,0.2,0.5,0.172,0.6,1.6,0.1
2021,fallta01,19.6,0.66,0.0,0.517,13.0,29.7,21.3,3.1,0.4,13.7,14.4,13.2,0.2,0.3,0.5,0.177,-1.7,2.9,0.1
2021,sirvyde01,5.7,0.481,0.7,0.15,0.0,24.5,12.1,5.4,0.7,0.0,10.5,15.7,-0.1,0.1,0.0,-0.01,-4.2,-1.2,-0.1
2021,mathida01,9.8,0.474,0.542,0.125,0.9,5.3,3.1,15.1,0.4,2.2,1.9,18.1,0.0,0.1,0.2,0.061,-1.5,-1.0,0.0
2021,weathqu01,9.6,0.547,0.171,0.457,2.6,7.2,4.8,9.1,3.2,1.4,19.2,18.7,-0.1,0.1,0.1,0.023,-5.8,0.7,-0.1
2021,warretj01,11.6,0.56,0.137,0.196,1.9,11.1,6.5,6.5,0.8,0.0,6.7,21.6,0.1,0.1,0.1,0.045,-3.6,-1.9,-0.1
2021,exumda01,5.9,0.428,0.423,0.077,1.9,14.8,8.2,15.8,1.7,1.5,20.7,12.7,-0.2,0.1,-0.1,-0.025,-5.4,1.6,-0.1
2021,careyve01,11.7,0.563,0.194,0.306,5.6,20.1,12.7,2.6,0.4,4.3,10.9,17.2,0.0,0.1,0.2,0.066,-4.4,-1.7,-0.1
2021,holliro01,14.4,0.539,0.056,0.889,10.7,15.4,13.0,15.7,0.9,3.4,7.4,10.9,0.3,0.1,0.3,0.147,-1.1,1.2,0.1
2021,frankro01,16.5,0.638,0.536,0.464,6.0,8.5,7.2,7.4,1.4,2.7,5.6,15.3,0.3,0.1,0.3,0.158,0.7,-0.8,0.0
2021,tollian01,4.0,0.433,0.824,0.353,3.4,7.6,5.6,2.5,1.5,1.8,13.3,9.8,-0.1,0.1,0.1,0.025,-5.6,-1.5,-0.1
2021,winstca01,10.8,0.575,0.515,0.182,0.0,9.7,4.9,16.3,0.9,0.9,12.3,17.2,0.1,0.1,0.1,0.066,-2.1,-1.1,0.0
2021,cacokde01,17.2,0.576,0.0,0.379,13.8,22.8,18.4,1.5,2.5,3.7,12.9,17.2,0.1,0.2,0.3,0.142,-1.5,0.4,0.0
2021,ramseja01,10.5,0.498,0.5,0.132,2.3,9.6,5.9,8.8,2.0,0.9,6.9,19.8,0.0,0.0,0.0,0.012,-3.1,-1.4,-0.1
2021,stanlca01,5.5,0.383,0.302,0.209,9.4,13.9,11.7,1.4,0.5,1.7,2.1,22.0,-0.2,0.1,-0.1,-0.05,-7.2,-4.0,-0.2
2021,hintona01,10.4,0.442,0.452,0.238,1.2,9.4,5.3,12.4,3.7,2.0,9.7,24.4,-0.2,0.1,0.0,-0.015,-4.5,1.0,0.0
2021,maneka01,1.3,0.362,0.154,0.385,1.1,15.9,8.3,6.0,0.0,2.1,16.5,8.9,-0.1,0.0,-0.1,-0.045,-9.1,-0.8,-0.2
2021,robinju01,6.0,0.453,0.667,0.238,1.2,7.2,4.1,14.1,1.6,0.0,7.9,12.2,0.0,0.0,0.0,0.021,-5.8,-1.0,-0.1
2021,oliveca01,17.2,0.619,0.394,0.121,5.9,20.5,12.9,9.6,1.1,4.1,7.9,18.5,0.1,0.1,0.2,0.114,-1.0,-1.0,0.0
2021,kinglo02,21.2,0.6,0.324,0.176,6.4,17.2,11.8,15.4,4.0,3.0,9.8,20.6,0.2,0.1,0.3,0.16,2.3,2.5,0.1
2021,feliccr01,14.7,0.574,0.154,1.231,13.3,20.9,17.2,13.6,2.3,0.0,16.6,12.4,0.2,0.1,0.3,0.151,-1.1,1.2,0.0
2021,smailal01,8.9,0.472,0.37,0.222,7.7,12.5,10.1,6.5,1.7,5.2,14.4,17.6,-0.1,0.1,0.0,0.015,-4.9,-0.4,-0.1
2021,scrubja01,6.3,0.458,0.25,0.139,2.8,15.6,9.4,1.7,2.4,0.0,15.5,23.8,-0.2,0.1,-0.1,-0.072,-8.1,-2.8,-0.2
2021,dudleja01,4.4,0.333,0.667,0.0,5.6,23.5,14.6,7.6,0.6,1.1,18.2,5.9,0.0,0.1,0.1,0.053,-4.4,0.9,0.0
2021,masonfr01,7.5,0.462,0.208,0.292,3.8,12.2,7.9,22.3,0.0,0.0,15.6,17.5,0.0,0.0,0.0,-0.018,-5.2,-2.4,-0.1
2021,makerth01,18.6,0.657,0.111,0.611,11.5,15.1,13.3,7.9,1.3,4.7,11.6,14.8,0.2,0.1,0.3,0.174,-0.3,1.1,0.1
2021,blevike01,-0.9,0.3,0.4,0.0,4.2,10.3,7.1,6.7,1.3,0.0,20.0,14.3,-0.2,0.0,-0.2,-0.137,-8.3,-2.3,-0.2
2021,martije02,1.4,0.313,0.364,0.152,2.9,7.6,5.2,7.9,3.3,2.4,14.6,23.9,-0.4,0.1,-0.3,-0.207,-8.3,-1.1,-0.1
2021,cannade01,11.2,0.547,0.571,0.25,0.0,7.3,3.5,2.1,3.3,1.2,6.0,19.3,0.0,0.1,0.1,0.057,-4.0,1.0,0.0
2021,beyty01,5.9,0.372,0.182,0.227,12.5,16.9,14.7,5.6,0.0,1.3,11.0,16.9,-0.1,0.0,0.0,-0.033,-5.5,-3.9,-0.1
2021,tuckera01,15.1,0.645,0.389,1.056,1.6,15.9,8.9,12.2,1.4,0.0,13.2,19.2,0.1,0.1,0.2,0.166,-3.0,-0.4,0.0
2021,hugheel01,8.4,0.488,0.767,0.133,1.7,12.7,7.5,13.4,0.8,1.3,15.9,25.4,-0.1,0.1,0.0,-0.013,-1.4,-1.3,0.0
2021,dinwisp01,10.1,0.536,0.438,0.375,0.0,21.3,11.2,17.6,1.5,1.4,21.2,16.1,0.0,0.1,0.1,0.045,-2.4,2.6,0.0
2021,richani01,5.5,0.542,0.111,1.222,6.8,12.2,9.5,4.2,0.0,0.0,17.8,11.5,0.0,0.0,0.0,0.026,-5.9,-2.1,-0.1
2021,roberan03,4.2,0.202,0.571,0.143,12.9,13.3,13.2,7.4,2.3,1.4,11.8,11.7,-0.1,0.1,-0.1,-0.043,-5.2,-0.9,-0.1
2021,fraziti01,-0.5,0.177,0.4,0.3,0.0,13.8,6.8,30.8,1.5,1.5,15.0,18.1,-0.3,0.1,-0.2,-0.169,-10.7,-1.2,-0.2
2021,toupaax01,9.0,0.497,0.182,0.636,0.0,10.0,5.2,7.6,1.5,4.4,0.0,9.7,0.1,0.1,0.1,0.097,-4.1,1.1,0.0
2021,azubuud01,10.3,0.597,0.0,1.111,7.8,16.0,12.1,0.0,0.9,5.7,18.3,12.4,0.0,0.1,0.1,0.119,-5.5,1.7,0.0
2021,antetko01,0.0,0.382,0.0,1.3,8.1,29.9,19.1,2.3,1.7,6.4,41.2,20.7,-0.3,0.1,-0.2,-0.174,-13.3,0.8,-0.1
2021,mokokad01,2.2,0.386,0.526,0.053,2.0,7.8,4.9,11.9,1.7,1.6,20.5,18.9,-0.2,0.1,-0.1,-0.112,-7.7,-1.6,-0.1
2021,terryty01,6.0,0.318,0.438,0.188,0.0,11.7,5.9,14.0,4.4,0.0,10.4,15.3,-0.1,0.1,-0.1,-0.049,-7.5,2.6,0.0
2021,louzama01,-0.9,0.308,0.615,0.0,1.9,3.9,2.9,6.5,1.7,0.0,18.8,12.0,-0.1,0.0,-0.1,-0.099,-7.8,-1.8,-0.1
2021,portejo01,9.2,0.64,0.533,0.333,7.8,19.9,13.7,2.5,2.7,1.7,28.9,18.9,-0.1,0.1,0.0,0.019,-6.8,0.3,-0.1
2021,dotsode01,19.3,0.548,0.333,0.0,4.5,6.6,5.5,21.4,3.9,0.0,0.0,18.2,0.1,0.1,0.2,0.177,-0.1,2.2,0.1
2021,fergute01,-7.1,0.143,0.714,0.0,0.0,2.2,1.1,4.9,1.0,0.0,36.4,9.7,-0.2,0.0,-0.2,-0.161,-12.1,-2.2,-0.2
2021,nunnaja01,8.3,0.54,0.923,0.154,4.5,15.8,10.2,8.1,0.0,0.0,12.6,13.9,0.0,0.0,0.0,0.031,-0.9,-1.8,0.0
2021,thomais02,2.4,0.412,0.444,0.074,2.3,6.8,4.5,15.1,1.0,0.0,17.7,29.7,-0.2,0.0,-0.2,-0.179,-7.8,-5.2,-0.1
2021,alexaty01,4.2,0.349,0.75,0.167,4.9,19.0,12.1,15.4,0.0,1.9,18.9,15.0,-0.1,0.0,0.0,-0.048,-4.8,-1.7,-0.1
2021,woodaro01,12.5,0.425,0.3,0.4,9.7,30.0,19.7,6.3,0.0,5.6,4.1,23.4,0.0,0.0,0.0,-0.011,-2.7,-2.6,0.0
2021,dunnkr01,-5.7,0.182,0.167,0.333,0.0,14.3,7.3,5.4,2.2,3.9,17.9,16.2,-0.2,0.1,-0.2,-0.202,-13.7,-0.1,-0.1
2021,paytoga02,29.2,0.847,0.308,0.308,5.4,23.6,14.6,4.1,7.0,2.2,6.3,16.8,0.2,0.1,0.3,0.331,1.0,8.2,0.1
2021,poirivi01,1.6,0.273,0.083,0.5,17.2,22.2,19.8,6.6,0.0,6.9,21.5,20.6,-0.2,0.1,-0.1,-0.127,-12.3,-2.4,-0.1
2021,ellenhe01,12.8,0.476,0.643,0.286,8.4,27.0,17.4,18.9,0.0,0.0,0.0,17.9,0.1,0.0,0.1,0.127,-1.7,-0.1,0.0
2021,cabocbr01,9.0,0.475,0.294,0.118,8.5,34.0,20.7,4.7,0.0,5.0,18.3,25.8,-0.1,0.0,-0.1,-0.088,-8.4,-1.7,-0.1
2021,varejan01,12.9,0.326,0.063,0.563,21.3,41.4,31.1,12.2,0.0,5.0,4.8,25.4,-0.1,0.0,0.0,-0.029,-3.7,-3.3,0.0
2021,leaftj01,11.2,0.551,0.0,0.2,0.0,15.7,7.6,4.0,2.8,2.6,15.5,15.8,0.0,0.0,0.0,0.022,-3.9,0.9,0.0
2021,pinsoth01,-8.1,0.111,0.889,0.0,0.0,15.8,8.0,3.7,0.0,0.0,10.0,13.1,-0.2,0.0,-0.1,-0.205,-13.2,-2.5,-0.1
2021,mccawpa01,12.0,1.078,0.0,3.0,3.2,6.9,5.0,15.2,2.9,0.0,0.0,3.0,0.1,0.0,0.1,0.209,-2.7,3.6,0.0
2021,bryanel01,10.6,0.559,0.385,0.231,6.8,12.7,9.9,12.6,0.0,2.8,21.8,24.0,0.0,0.0,0.0,0.008,-3.9,-3.4,0.0
2021,boldema01,13.3,0.537,0.0,2.667,11.3,11.9,11.6,0.0,3.4,6.1,23.5,12.8,0.0,0.0,0.0,0.063,-3.8,0.8,0.0
2021,brimaam01,16.6,0.697,0.0,0.375,7.5,22.3,15.0,4.8,0.0,14.0,30.0,19.6,0.0,0.1,0.0,0.073,-6.2,1.4,0.0
2021,leoname01,6.6,0.635,1.0,0.286,0.0,27.1,13.8,9.7,0.0,0.0,20.2,15.4,0.0,0.0,0.0,0.038,-3.3,-0.4,0.0
2021,rillegr01,23.6,0.75,0.333,0.0,0.0,4.1,2.0,20.9,1.8,0.0,7.7,20.7,0.1,0.0,0.1,0.177,4.6,0.5,0.0
2021,chrisma01,11.8,0.412,0.357,0.286,12.0,38.9,25.6,11.0,0.0,6.5,11.3,28.1,-0.1,0.1,0.0,-0.03,-2.4,0.3,0.0
2021,darlina01,8.2,0.541,1.0,0.429,4.1,0.0,2.1,5.1,0.0,3.8,10.7,15.4,0.0,0.0,0.0,0.038,-1.5,-2.5,0.0
2021,spaldra01,0.8,0.41,0.25,0.5,10.8,11.7,11.2,0.0,0.0,9.4,38.1,17.6,-0.1,0.0,-0.1,-0.184,-12.2,-2.1,-0.1
2021,adamsja01,-6.5,0.125,0.25,0.0,0.0,16.9,8.8,12.7,0.0,0.0,0.0,18.6,-0.1,0.0,-0.1,-0.252,-15.1,-4.6,-0.1
2021,harpeja01,-10.8,0.26,0.25,1.0,0.0,13.4,6.8,7.7,0.0,0.0,34.2,24.4,-0.1,0.0,-0.1,-0.365,-16.6,-5.5,-0.1
2021,bowenbr02,1.0,0.338,0.25,0.25,0.0,21.6,10.8,0.0,0.0,0.0,0.0,12.6,0.0,0.0,0.0,-0.063,-8.1,-2.9,0.0
2021,lecquja01,4.7,0.242,0.111,0.333,18.2,27.0,22.6,20.6,0.0,0.0,0.0,36.6,-0.1,0.0,-0.1,-0.232,-6.6,-6.3,0.0
2021,whittgr01,-10.2,0.0,0.667,0.0,0.0,0.0,0.0,0.0,0.0,0.0,0.0,10.9,-0.1,0.0,-0.1,-0.259,-11.4,-5.7,0.0
2021,vonleno01,-19.0,0.0,0.667,0.0,0.0,9.6,5.0,10.2,0.0,0.0,40.0,19.8,-0.1,0.0,-0.1,-0.488,-21.3,-5.0,-0.1
2021,fittsma01,2.9,0.5,0.667,0.0,0.0,29.8,15.3,0.0,0.0,0.0,0.0,12.1,0.0,0.0,0.0,0.049,-7.0,-2.1,0.0
2021,shumpim01,-0.4,0.25,0.75,0.0,10.6,0.0,5.0,0.0,4.4,0.0,20.0,19.8,-0.1,0.0,0.0,-0.212,-10.4,-2.2,0.0
2021,pasecan01,-40.6,0.0,1.0,0.0,17.7,0.0,8.8,18.7,0.0,0.0,83.3,41.4,-0.1,0.0,-0.1,-1.113,-40.7,-5.9,-0.1
2021,haganas01,-12.4,,,,0.0,0.0,0.0,0.0,0.0,0.0,100.0,10.5,0.0,0.0,0.0,-0.353,-13.7,-7.4,0.0
2021,hasleud01,54.6,1.0,0.0,0.0,0.0,37.5,19.1,0.0,0.0,0.0,0.0,30.1,0.0,0.0,0.0,0.475,24.1,7.0,0.0
2021,magnawi01,-35.1,0.0,1.0,0.0,0.0,0.0,0.0,0.0,0.0,0.0,50.0,28.0,0.0,0.0,0.0,-0.787,-30.7,-8.6,0.0
2022,bridgmi01,14.4,0.627,0.364,0.183,2.9,10.0,6.5,8.7,1.6,1.1,6.8,15.0,5.2,3.7,8.9,0.15,0.5,1.1,2.6
2022,bridgmi02,17.9,0.593,0.383,0.274,3.3,17.8,10.4,15.7,1.3,2.2,9.9,22.6,5.0,2.3,7.2,0.123,1.8,-0.3,2.5
2022,derozde01,23.1,0.59,0.093,0.386,2.3,13.7,8.0,23.3,1.2,0.8,9.2,31.8,7.0,1.8,8.8,0.154,3.4,-0.9,3.1
2022,tatumja01,21.8,0.578,0.416,0.3,3.5,20.2,12.1,21.1,1.4,1.6,10.9,32.1,5.0,4.6,9.6,0.169,4.3,0.6,4.8
2022,beysa01,14.0,0.529,0.537,0.224,4.1,14.1,8.8,13.8,1.3,0.5,7.1,21.3,2.4,1.6,4.0,0.071,0.9,-1.2,1.2
2022,westbru01,15.0,0.512,0.215,0.324,4.4,18.8,11.6,31.6,1.3,0.7,17.3,27.3,-0.6,2.3,1.7,0.03,-0.7,-0.9,0.2
2022,youngtr01,25.4,0.603,0.395,0.358,2.1,9.6,5.9,46.7,1.3,0.2,14.5,34.4,9.0,1.0,10.0,0.181,7.1,-2.0,4.8
2022,maxeyty01,16.2,0.594,0.311,0.247,1.1,8.9,5.1,19.1,1.0,1.1,7.4,20.2,5.4,1.9,7.3,0.132,1.3,-0.7,1.8
2022,finnedo01,12.5,0.604,0.629,0.12,5.1,10.7,7.9,8.2,1.7,1.3,9.9,13.8,3.4,3.2,6.6,0.121,0.1,0.7,1.9
2022,barnesc01,16.3,0.552,0.207,0.231,7.7,15.8,11.5,14.7,1.5,2.1,11.7,19.0,3.7,2.9,6.6,0.122,0.5,0.4,1.9
2022,barneha02,15.7,0.623,0.432,0.495,3.4,14.9,9.1,10.5,1.0,0.5,10.4,18.8,5.0,1.0,6.0,0.112,1.5,-1.3,1.4
2022,siakapa01,20.3,0.565,0.181,0.314,5.1,20.1,12.2,23.0,1.6,1.6,11.6,25.8,4.9,3.2,8.1,0.151,2.7,0.8,3.6
2022,randlju01,15.7,0.509,0.313,0.322,5.2,25.5,15.1,25.1,1.0,1.5,14.7,28.7,-0.3,3.4,3.1,0.059,0.4,0.2,1.6
2022,harrito02,15.9,0.566,0.269,0.198,3.4,18.1,10.9,15.9,0.9,1.5,9.5,21.7,3.0,2.6,5.6,0.105,0.6,-0.6,1.3
2022,brunsja01,17.1,0.583,0.25,0.211,1.9,11.7,6.8,24.3,1.3,0.1,10.1,21.9,4.9,2.7,7.5,0.143,0.9,0.0,1.9
2022,jokicni01,32.8,0.661,0.22,0.357,9.6,35.5,23.0,42.6,2.2,2.3,15.6,31.9,10.8,4.5,15.2,0.296,9.2,4.5,9.8
2022,townska01,24.1,0.64,0.301,0.385,8.2,23.6,15.7,18.0,1.4,3.2,13.7,27.8,7.1,3.2,10.3,0.199,4.5,0.5,4.4
2022,edwaran01,16.5,0.56,0.484,0.225,2.6,12.5,7.5,17.4,2.0,1.8,12.2,26.4,1.8,2.4,4.3,0.084,1.6,-0.4,2.0
2022,vanvlfr01,17.3,0.552,0.585,0.202,1.8,11.4,6.4,26.7,2.3,1.4,12.5,23.7,3.9,2.8,6.7,0.131,3.1,0.5,3.5
2022,roziete01,17.6,0.566,0.508,0.151,2.4,11.3,6.8,19.7,1.8,1.0,7.2,23.2,4.3,1.6,5.9,0.115,2.4,-0.7,2.3
2022,trentga02,14.7,0.546,0.502,0.188,1.1,7.7,4.2,8.8,2.5,0.8,5.8,21.8,3.1,2.5,5.6,0.11,-0.1,0.3,1.3
2022,garlada01,19.0,0.576,0.387,0.205,1.8,8.2,5.1,39.9,1.8,0.3,16.2,27.8,3.8,2.5,6.3,0.125,3.4,-0.8,2.8
2022,wagnefr01,14.7,0.559,0.278,0.225,3.6,11.9,7.7,15.7,1.4,1.3,10.0,21.2,2.1,1.9,4.0,0.079,-0.4,-0.3,0.8
2022,ballla01,19.7,0.554,0.451,0.194,4.7,17.4,11.0,35.7,2.4,1.2,15.3,28.2,3.4,2.5,5.8,0.116,3.3,0.1,3.3
2022,vucevni01,18.2,0.533,0.287,0.105,6.6,30.7,18.7,15.2,1.4,2.5,10.1,24.5,1.4,3.2,4.5,0.09,0.8,0.1,1.8
2022,barrerj01,13.7,0.511,0.338,0.34,2.9,15.5,9.1,14.9,0.9,0.7,9.9,27.6,0.1,2.2,2.3,0.046,-0.3,-1.3,0.2
2022,onealro01,10.3,0.608,0.689,0.126,3.0,13.4,8.4,10.5,1.8,1.2,14.4,9.9,2.7,2.8,5.5,0.109,-0.8,1.7,1.7
2022,johnske04,15.2,0.574,0.395,0.231,3.5,16.7,10.0,9.5,1.2,0.5,7.6,21.3,2.9,2.0,4.9,0.099,0.7,-1.2,0.9
2022,gordoaa01,15.3,0.602,0.312,0.276,6.1,14.3,10.3,11.6,0.9,1.7,12.5,19.7,3.2,2.0,5.2,0.105,0.5,-1.1,0.9
2022,murrade01,22.3,0.533,0.237,0.199,3.5,21.6,12.5,40.6,2.8,0.8,11.8,27.3,3.9,3.4,7.3,0.149,3.7,1.7,4.4
2022,fournev01,12.3,0.554,0.641,0.117,1.5,8.2,4.8,11.9,1.7,0.8,9.4,20.8,1.5,2.2,3.7,0.075,-0.4,-0.3,0.7
2022,millspa02,10.4,0.563,0.715,0.074,0.9,6.2,3.6,10.6,1.1,0.6,8.2,16.4,1.9,0.9,2.8,0.058,-0.3,-1.4,0.2
2022,bookede01,21.3,0.576,0.336,0.255,2.1,13.2,7.8,22.4,1.6,1.0,9.3,32.0,4.3,3.3,7.6,0.156,3.9,0.2,3.6
2022,jacksre01,12.1,0.488,0.419,0.133,1.8,10.2,6.1,24.6,1.2,0.5,11.8,27.6,-1.7,2.0,0.4,0.008,-1.4,-1.6,-0.6
2022,joneshe01,12.3,0.573,0.293,0.283,4.5,9.6,7.0,10.0,2.7,2.5,13.4,13.7,2.1,2.5,4.6,0.096,-2.0,1.5,0.9
2022,mobleev01,16.1,0.549,0.111,0.304,6.9,19.8,13.5,11.6,1.2,4.4,12.4,20.4,1.5,3.7,5.2,0.107,-0.9,1.5,1.5
2022,caldwke01,12.6,0.568,0.492,0.186,2.0,10.3,6.2,9.1,1.8,0.9,9.8,19.0,1.4,1.4,2.8,0.058,-0.9,-0.6,0.3
2022,wiggian01,15.0,0.56,0.392,0.231,4.1,10.9,7.6,10.8,1.6,2.1,9.0,23.1,1.8,3.4,5.1,0.105,0.3,0.1,1.4
2022,lavinza01,20.0,0.605,0.401,0.316,1.1,13.8,7.4,20.8,0.9,0.9,11.2,28.8,4.5,1.3,5.8,0.12,3.9,-1.5,2.6
2022,burksal01,13.7,0.559,0.534,0.363,2.1,16.6,9.2,15.7,1.8,1.1,9.7,17.7,3.2,2.9,6.1,0.126,-0.4,1.2,1.7
2022,mannte01,13.4,0.572,0.301,0.238,4.9,14.3,9.7,13.1,1.2,0.8,9.9,16.0,3.1,2.4,5.5,0.113,-0.8,0.2,0.8
2022,doncilu01,25.1,0.571,0.406,0.349,2.7,26.0,14.3,46.0,1.6,1.4,15.3,37.4,3.8,3.8,7.6,0.159,6.4,1.8,5.9
2022,embiijo01,31.2,0.616,0.188,0.602,7.2,31.1,19.4,23.5,1.7,3.9,11.3,37.2,7.9,4.1,12.0,0.252,7.2,2.0,6.5
2022,smartma01,13.6,0.54,0.501,0.249,2.0,10.5,6.4,25.6,2.6,0.7,16.6,18.3,1.9,3.7,5.6,0.116,-1.2,1.7,1.5
2022,poolejo01,16.1,0.598,0.548,0.251,1.7,10.5,6.2,21.0,1.3,1.0,13.7,26.0,3.1,2.9,6.0,0.126,1.3,-0.3,1.7
2022,bartowi01,13.4,0.548,0.48,0.142,2.2,14.1,8.3,17.6,1.2,1.2,11.8,20.8,1.2,1.9,3.2,0.067,0.4,-0.9,0.9
2022,banede01,17.6,0.592,0.475,0.141,2.1,13.6,7.7,13.5,1.9,1.1,8.7,23.1,4.5,2.7,7.2,0.153,2.5,0.3,2.7
2022,mitchdo01,21.6,0.572,0.475,0.227,2.7,10.6,6.8,27.7,2.2,0.5,11.7,32.9,4.7,2.5,7.2,0.152,4.6,-0.3,3.6
2022,valanjo01,21.2,0.617,0.168,0.308,10.9,31.2,20.8,14.0,0.9,2.6,14.4,23.8,4.6,2.7,7.3,0.156,2.0,-0.1,2.2
2022,morrimo01,14.7,0.583,0.406,0.109,1.4,9.6,5.6,21.4,1.2,0.6,8.8,17.4,3.9,1.5,5.4,0.116,0.8,-0.8,1.1
2022,brownja02,18.9,0.574,0.381,0.261,2.6,16.7,9.8,17.9,1.6,0.7,11.6,30.5,2.3,3.4,5.8,0.124,1.9,0.1,2.2
2022,curryst01,21.4,0.601,0.613,0.243,1.7,14.4,8.3,30.4,1.9,1.0,13.2,30.8,4.6,3.4,8.0,0.173,5.4,0.4,4.4
2022,holidjr01,19.8,0.593,0.336,0.189,3.4,10.9,7.2,31.8,2.4,1.3,15.0,23.5,4.5,2.4,6.9,0.15,2.9,0.3,2.9
2022,antetgi01,32.1,0.633,0.194,0.615,6.6,30.4,18.7,31.7,1.6,4.0,12.2,34.9,9.2,3.7,12.9,0.281,7.6,3.5,7.4
2022,kuzmaky01,15.2,0.547,0.401,0.234,3.6,24.3,14.1,16.3,0.9,2.2,14.1,24.2,0.0,2.0,2.0,0.044,0.2,-0.4,1.0
2022,huertke01,11.9,0.57,0.541,0.068,1.6,11.0,6.4,13.2,1.2,1.1,10.4,17.5,1.8,1.0,2.8,0.062,-0.5,-0.7,0.4
2022,grahade01,12.1,0.514,0.691,0.172,1.9,7.3,4.5,21.0,1.6,0.5,10.7,19.5,1.6,1.2,2.8,0.062,0.2,-1.2,0.5
2022,herroty01,16.2,0.561,0.391,0.195,1.7,15.4,8.7,20.9,1.0,0.4,12.5,28.8,1.3,2.4,3.8,0.084,1.6,-0.9,1.5
2022,clarkjo01,14.9,0.532,0.536,0.156,3.5,10.2,7.0,14.5,1.5,0.7,9.8,26.8,1.5,2.0,3.5,0.079,0.5,-1.2,0.7
2022,middlkh01,18.1,0.577,0.425,0.285,2.1,15.3,8.8,25.5,1.7,0.8,14.2,26.7,3.2,2.2,5.3,0.119,1.9,-0.3,1.9
2022,monkma01,14.4,0.597,0.535,0.142,1.9,11.0,6.4,15.2,1.4,1.2,12.2,20.1,2.3,1.4,3.6,0.081,0.5,-1.0,0.8
2022,paulch01,20.8,0.581,0.27,0.274,1.1,12.8,7.1,44.5,2.7,0.8,15.6,19.7,5.8,3.6,9.4,0.21,3.1,2.3,4.0
2022,greenja05,12.5,0.547,0.48,0.247,1.7,10.0,5.8,13.1,1.0,0.8,11.3,23.7,0.5,0.2,0.7,0.015,-0.5,-2.4,-0.5
2022,lowryky01,15.0,0.6,0.609,0.278,1.8,13.0,7.5,32.3,1.6,0.8,19.3,18.2,3.7,2.7,6.4,0.143,1.1,0.8,2.1
2022,bogdabo02,15.7,0.599,0.504,0.28,3.1,11.8,7.6,8.7,0.8,0.0,10.2,23.7,3.6,1.6,5.2,0.118,1.6,-1.6,1.1
2022,jacksja02,17.0,0.535,0.387,0.333,5.7,16.9,11.2,5.8,1.6,7.4,9.9,25.4,1.7,3.7,5.4,0.121,-0.9,0.8,1.0
2022,goberru01,24.7,0.732,0.008,0.864,12.9,36.3,25.0,5.1,1.0,5.7,14.5,16.9,7.3,4.3,11.7,0.264,2.9,1.7,3.6
2022,dosunay01,11.2,0.596,0.348,0.146,1.4,9.9,5.7,16.5,1.4,1.2,15.9,14.1,1.7,1.3,3.0,0.069,-1.9,-0.1,0.0
2022,woodch01,19.1,0.595,0.383,0.378,5.7,30.4,18.0,12.2,1.2,2.8,11.0,23.3,2.9,2.0,4.9,0.112,2.1,-0.4,1.9
2022,cunnica01,13.1,0.504,0.352,0.163,2.9,16.2,9.2,29.1,1.8,1.9,17.5,27.5,-2.4,1.9,-0.5,-0.011,-1.1,-0.5,0.2
2022,jamesle01,26.2,0.619,0.367,0.275,3.3,20.4,11.8,30.6,1.7,2.5,12.5,32.3,5.2,2.3,7.5,0.172,6.9,0.8,5.1
2022,foxde01,17.4,0.549,0.228,0.319,1.3,10.9,6.0,26.8,1.6,1.0,11.9,29.1,1.5,1.0,2.5,0.058,0.6,-1.2,0.7
2022,russeda01,16.3,0.544,0.531,0.246,1.3,10.1,5.6,33.1,1.4,1.0,13.2,25.1,2.9,1.5,4.4,0.101,2.2,-1.5,1.4
2022,mitchda01,10.8,0.489,0.38,0.101,1.7,7.0,4.4,22.5,1.3,1.0,11.5,20.6,-0.5,0.6,0.1,0.003,-2.1,-1.7,-0.9
2022,anthoco01,13.5,0.519,0.429,0.277,1.6,16.2,8.9,28.9,1.1,0.8,14.2,25.1,-0.1,1.7,1.6,0.038,-0.6,-0.6,0.4
2022,conlemi01,17.2,0.572,0.523,0.205,2.6,8.8,5.8,27.7,2.3,0.9,12.5,20.9,4.4,2.3,6.7,0.157,2.4,0.7,2.7
2022,tateja01,14.3,0.567,0.277,0.252,7.2,15.3,11.2,16.9,1.7,1.8,14.6,19.6,1.9,1.1,3.0,0.071,-1.3,-0.5,0.1
2022,duranke01,25.6,0.634,0.269,0.367,1.6,19.6,10.8,29.1,1.1,2.3,12.9,31.2,6.4,2.0,8.4,0.198,6.4,0.7,4.8
2022,robindu01,10.6,0.573,0.86,0.084,1.4,9.8,5.6,9.3,1.0,0.7,7.4,17.7,1.9,2.0,3.9,0.092,-0.3,-0.3,0.7
2022,capelca01,21.4,0.604,0.002,0.28,15.0,31.9,23.5,6.6,1.3,4.1,6.1,15.5,5.6,2.7,8.3,0.195,2.1,-0.1,2.1
2022,portibo01,17.7,0.571,0.388,0.13,9.6,24.4,17.2,6.4,1.3,2.4,8.9,21.3,2.9,2.6,5.5,0.131,1.2,-1.0,1.1
2022,horfoal01,16.7,0.574,0.466,0.167,6.0,22.2,14.3,16.4,1.2,4.2,9.6,14.8,3.7,3.8,7.6,0.181,1.4,2.9,3.2
2022,adamsst01,17.6,0.56,0.003,0.518,17.9,22.0,19.9,16.1,1.6,2.7,19.6,12.0,3.8,3.0,6.8,0.163,1.0,1.0,2.0
2022,oubreke01,14.9,0.56,0.593,0.203,4.1,12.0,8.0,6.2,1.8,1.5,6.2,23.0,1.8,1.4,3.3,0.079,0.2,-1.6,0.3
2022,avdijde01,11.6,0.536,0.447,0.235,3.0,20.5,11.9,11.8,1.5,1.9,12.0,16.3,0.6,1.8,2.4,0.058,-2.1,0.4,0.1
2022,tuckepj01,11.3,0.593,0.451,0.143,5.8,16.2,11.1,10.6,1.5,0.8,12.7,11.7,2.4,2.6,5.0,0.121,-0.8,1.4,1.3
2022,okorois01,10.4,0.589,0.364,0.36,4.1,7.1,5.6,8.5,1.4,1.0,10.4,12.4,2.4,1.9,4.2,0.103,-2.4,0.7,0.1
2022,beaslma01,11.9,0.544,0.749,0.071,1.4,11.2,6.2,8.5,1.0,0.6,4.7,19.4,1.7,1.2,2.9,0.069,0.7,-1.5,0.7
2022,poeltja01,20.8,0.613,0.002,0.287,13.9,20.0,16.9,14.0,1.1,5.0,12.7,18.3,4.4,2.5,6.9,0.168,0.9,0.7,1.7
2022,gilgesh01,20.9,0.557,0.282,0.385,1.9,13.0,7.4,31.1,1.8,2.2,11.1,30.8,2.8,1.8,4.6,0.113,2.9,0.5,2.7
2022,vassede01,13.3,0.54,0.497,0.13,2.4,14.3,8.3,9.7,1.9,1.8,6.7,18.9,1.3,2.0,3.3,0.082,-0.5,0.0,0.7
2022,butleji01,23.6,0.592,0.14,0.549,6.1,13.5,9.9,26.4,2.4,1.5,10.5,26.5,6.2,2.9,9.2,0.228,4.5,1.9,4.0
2022,bazleda01,12.6,0.515,0.414,0.262,3.7,19.8,11.6,7.7,1.5,3.4,11.1,18.3,-0.5,2.2,1.8,0.044,-2.1,0.3,0.1
2022,kennalu01,13.3,0.619,0.662,0.121,1.1,11.2,6.3,11.2,1.1,0.3,8.2,16.8,2.8,1.7,4.5,0.113,0.8,-0.3,1.2
2022,porteke02,13.5,0.531,0.511,0.239,2.5,13.0,7.7,30.7,1.7,1.0,17.7,24.1,0.0,0.8,0.8,0.021,-0.1,-1.6,0.2
2022,bullore01,9.2,0.558,0.782,0.096,1.9,12.2,7.0,6.1,1.1,0.7,7.1,13.3,1.2,2.0,3.2,0.08,-1.4,0.0,0.3
2022,moranja01,24.4,0.575,0.218,0.353,4.2,14.1,9.0,34.1,1.7,1.0,12.6,33.7,4.6,2.1,6.7,0.171,6.2,-0.1,3.9
2022,crowdja01,11.3,0.541,0.671,0.165,1.8,18.0,10.1,8.3,2.4,1.4,8.6,14.6,0.9,3.4,4.3,0.11,-1.3,2.4,1.5
2022,vandeja01,15.3,0.612,0.039,0.363,12.0,23.9,17.8,6.7,2.5,2.4,14.8,10.9,3.1,2.9,6.0,0.153,-0.8,1.0,1.1
2022,markkla01,14.7,0.582,0.541,0.226,3.5,16.5,10.2,6.6,1.2,1.4,6.5,19.5,2.7,2.3,5.0,0.127,0.4,-0.1,1.1
2022,willigr01,11.2,0.635,0.597,0.22,3.8,11.8,7.9,5.7,1.0,2.8,11.6,12.6,2.4,2.6,5.1,0.13,-1.4,1.1,0.8
2022,ingrabr01,18.7,0.554,0.23,0.328,2.0,17.3,9.5,27.8,0.9,1.3,11.8,29.3,2.5,1.3,3.9,0.099,2.6,-0.6,1.9
2022,martico01,12.7,0.579,0.376,0.253,4.6,11.7,8.1,12.4,2.3,1.6,11.5,12.1,2.4,1.5,3.9,0.101,-1.2,0.7,0.7
2022,zubaciv01,19.2,0.66,0.0,0.459,12.8,23.7,18.4,9.8,1.0,3.5,16.1,16.8,4.3,2.9,7.2,0.187,-0.1,0.8,1.3
2022,cartewe01,18.4,0.601,0.313,0.303,7.9,29.1,18.5,15.4,0.9,2.1,13.1,20.9,2.6,2.4,5.0,0.129,1.0,0.6,1.7
2022,greenje02,12.5,0.627,0.318,0.374,2.6,11.1,7.0,7.3,0.7,1.3,10.3,16.3,2.7,1.2,3.9,0.101,-1.2,-1.3,-0.2
2022,robinmi01,20.7,0.722,0.0,0.528,16.8,19.1,17.9,3.2,1.6,7.1,12.4,11.4,5.3,3.2,8.5,0.221,1.0,1.2,2.0
2022,bogdabo01,15.4,0.562,0.578,0.145,1.7,13.0,7.4,15.5,1.8,0.7,7.7,21.6,2.5,1.2,3.7,0.095,1.5,-0.2,1.5
2022,adebaba01,21.8,0.608,0.008,0.466,8.7,26.1,17.5,17.5,2.2,2.6,14.4,25.0,3.6,3.5,7.2,0.188,1.7,2.1,2.7
2022,bambamo01,16.5,0.582,0.455,0.118,8.5,24.6,16.5,7.4,1.0,5.9,10.6,17.2,1.8,2.7,4.5,0.118,-0.2,0.9,1.2
2022,stewais01,14.0,0.55,0.094,0.21,12.8,24.5,18.4,6.9,0.6,3.9,13.7,14.6,1.6,1.8,3.4,0.091,-2.5,-0.8,-0.6
2022,allenja01,23.0,0.698,0.018,0.428,12.0,24.5,18.4,8.2,1.2,3.7,12.7,18.1,5.4,3.0,8.5,0.225,2.7,1.2,2.7
2022,allengr01,12.7,0.609,0.684,0.13,1.9,10.9,6.5,7.6,1.2,1.0,6.7,15.2,2.8,1.4,4.2,0.11,0.6,-0.2,1.1
2022,williro04,22.1,0.745,0.003,0.245,14.6,20.5,17.6,9.7,1.5,6.8,13.4,11.5,6.0,3.9,9.9,0.262,2.4,3.1,3.4
2022,mcdanja02,10.3,0.553,0.455,0.128,4.4,13.2,8.7,6.1,1.4,2.9,11.4,15.3,0.7,1.7,2.4,0.065,-2.9,-0.1,-0.4
2022,quickim01,14.6,0.543,0.547,0.278,1.8,13.1,7.4,24.5,1.5,0.2,10.9,22.2,2.5,1.8,4.2,0.113,0.2,0.0,1.0
2022,kispeco01,10.9,0.586,0.623,0.121,3.3,9.4,6.4,6.7,1.0,1.0,8.5,14.6,1.6,0.7,2.3,0.061,-0.8,-1.5,-0.1
2022,poweldw01,18.1,0.725,0.092,0.529,10.7,14.3,12.5,8.1,1.0,2.0,11.5,14.0,6.0,2.2,8.2,0.219,0.4,0.5,1.3
2022,plumlma01,14.7,0.603,0.006,0.534,10.2,23.3,16.7,16.4,1.6,2.7,20.2,11.7,2.7,2.0,4.7,0.127,-1.5,1.5,0.9
2022,anthoca01,14.8,0.579,0.549,0.22,3.7,13.5,8.6,5.6,1.3,2.6,6.9,20.4,2.2,1.4,3.6,0.097,0.4,-0.8,0.7
2022,brownbr01,15.0,0.575,0.186,0.253,6.3,14.7,10.6,11.5,2.1,2.6,9.1,15.0,2.8,2.0,4.8,0.13,-0.4,1.1,1.2
2022,washipj01,13.6,0.588,0.566,0.152,4.8,15.5,10.1,11.2,1.5,3.3,12.6,15.6,1.8,1.6,3.4,0.091,-0.2,0.2,0.9
2022,okekech01,12.0,0.501,0.645,0.113,2.8,18.2,10.5,10.1,2.7,2.2,8.6,16.4,-0.3,2.5,2.2,0.06,-1.6,1.5,0.8
2022,niangge01,10.7,0.594,0.687,0.105,1.6,11.3,6.5,8.7,0.9,0.7,9.1,16.8,1.5,1.3,2.8,0.077,-0.8,-1.1,0.0
2022,looneke01,15.7,0.586,0.003,0.343,13.5,23.8,18.8,13.2,1.4,2.9,13.8,12.2,3.5,3.2,6.8,0.187,-0.9,1.7,1.3
2022,johnsca02,15.2,0.625,0.644,0.188,2.7,14.0,8.5,7.7,1.6,0.8,6.7,17.5,3.2,2.4,5.6,0.156,2.0,0.7,2.1
2022,harriga01,10.9,0.571,0.546,0.172,2.2,5.3,3.7,9.5,1.6,0.5,9.3,16.4,1.1,1.0,2.2,0.06,-2.0,-0.4,-0.2
2022,anunoog01,14.8,0.549,0.455,0.169,4.4,12.6,8.3,11.0,2.1,1.4,9.7,20.5,1.8,1.9,3.7,0.104,0.4,0.1,1.1
2022,achiupr01,12.7,0.503,0.259,0.217,8.7,21.7,14.9,6.9,1.1,2.3,11.3,18.5,0.4,2.1,2.5,0.07,-2.0,-0.6,-0.2
2022,aytonde01,21.9,0.656,0.027,0.204,9.6,27.1,18.6,7.6,1.1,2.1,10.7,21.4,4.1,3.1,7.3,0.203,2.2,0.6,2.1
2022,mathega01,11.0,0.602,0.837,0.39,2.0,10.2,6.1,5.3,1.6,1.3,7.1,14.4,2.2,0.5,2.8,0.077,-1.3,-1.0,-0.1
2022,giddejo01,13.3,0.478,0.318,0.118,5.8,19.8,12.7,32.3,1.5,1.1,19.5,22.2,-1.3,1.7,0.4,0.01,-1.2,0.3,0.5
2022,connapa01,13.4,0.62,0.746,0.109,2.9,14.0,8.6,6.6,1.7,0.9,6.3,14.0,2.8,1.6,4.4,0.125,0.8,0.3,1.4
2022,bouchch01,17.9,0.57,0.397,0.334,10.9,21.3,15.8,2.2,1.4,4.3,6.0,17.8,3.5,2.4,6.0,0.169,0.5,-0.4,0.9
2022,thybuma01,11.2,0.594,0.48,0.143,2.8,7.1,5.0,6.1,3.4,3.8,10.9,9.5,1.2,2.5,3.7,0.107,-2.2,3.3,1.3
2022,simonan01,15.3,0.583,0.555,0.146,1.6,8.5,4.9,22.2,0.9,0.4,11.9,24.8,2.0,-0.1,1.9,0.055,1.9,-2.7,0.5
2022,whiteco01,12.6,0.564,0.548,0.141,1.1,11.0,6.1,15.0,0.8,0.6,9.3,19.8,1.6,0.8,2.4,0.067,-0.4,-1.7,0.0
2022,gallida01,14.3,0.579,0.492,0.261,2.3,17.8,10.1,8.5,0.8,0.6,5.4,18.4,2.8,0.8,3.6,0.105,1.0,-1.2,0.8
2022,gordoer01,12.1,0.614,0.534,0.239,1.0,6.5,3.7,14.1,0.8,1.0,14.6,18.6,1.5,-0.1,1.4,0.04,-0.1,-2.2,-0.1
2022,loveke01,19.6,0.594,0.627,0.26,5.9,29.2,17.8,15.3,0.8,1.0,10.4,25.1,3.2,2.5,5.7,0.164,4.4,0.1,2.7
2022,dortlu01,12.3,0.541,0.539,0.263,2.3,10.9,6.5,8.6,1.3,1.0,9.8,23.3,0.2,1.1,1.4,0.04,-1.5,-0.7,-0.1
2022,collijo01,18.7,0.61,0.273,0.262,6.2,21.5,13.9,8.9,1.0,3.0,7.7,20.5,3.6,1.4,5.1,0.146,1.5,0.0,1.5
2022,meltode01,15.2,0.529,0.535,0.173,4.0,17.1,10.4,16.0,3.0,2.1,13.0,21.3,0.9,2.8,3.7,0.107,0.3,1.6,1.6
2022,martike04,14.3,0.603,0.321,0.235,5.3,14.5,9.9,9.4,1.0,2.2,9.4,16.3,2.3,0.6,2.9,0.084,0.0,-1.2,0.4
2022,hayeski01,9.3,0.461,0.364,0.161,2.2,12.0,6.9,24.6,2.3,1.9,18.4,15.7,-1.0,1.5,0.5,0.014,-4.3,0.8,-0.6
2022,walkelo01,12.3,0.512,0.462,0.194,1.2,10.7,5.9,13.4,1.3,1.0,7.9,23.6,0.1,1.1,1.2,0.037,-1.2,-1.3,-0.2
2022,josepco01,11.4,0.579,0.393,0.283,1.9,10.3,5.9,21.8,1.3,1.0,15.9,14.3,1.7,0.8,2.5,0.075,-2.0,-0.1,0.0
2022,vincega01,10.6,0.551,0.63,0.105,1.6,7.3,4.5,19.4,2.0,0.8,15.4,17.8,0.7,1.9,2.5,0.076,-1.9,0.5,0.2
2022,strusma01,12.7,0.614,0.784,0.094,1.7,12.5,7.2,8.8,0.9,1.1,8.8,18.1,2.0,1.7,3.6,0.11,1.4,-0.4,1.2
2022,nurkiju01,20.0,0.586,0.093,0.447,11.2,32.6,21.5,16.6,1.9,2.1,16.6,23.6,2.0,1.7,3.6,0.11,0.1,0.2,0.9
2022,huntede01,10.6,0.547,0.339,0.289,1.8,10.4,6.1,6.1,1.1,1.2,9.6,19.9,0.4,0.7,1.1,0.034,-2.4,-1.5,-0.8
2022,coffeam01,13.0,0.598,0.545,0.251,1.8,11.2,6.7,11.4,1.2,0.8,8.0,15.8,2.3,1.5,3.8,0.116,-0.3,0.0,0.7
2022,brissos01,12.9,0.53,0.468,0.324,7.6,18.1,12.8,6.4,1.4,1.6,8.5,17.3,1.4,0.9,2.2,0.069,-0.5,-1.7,-0.1
2022,morrima03,13.7,0.549,0.398,0.214,1.8,14.0,8.1,11.3,0.9,1.0,8.4,23.2,0.9,1.5,2.4,0.074,-0.3,-1.0,0.3
2022,haywago01,15.1,0.57,0.357,0.241,2.5,12.8,7.6,16.1,1.4,1.3,10.6,20.7,1.9,1.0,2.8,0.087,0.1,-0.8,0.5
2022,jonesty01,16.5,0.544,0.371,0.12,1.1,11.0,5.9,28.2,2.0,0.1,7.3,16.6,3.4,1.6,5.1,0.158,1.2,0.5,1.4
2022,duartch01,12.3,0.537,0.411,0.18,2.9,13.6,8.2,10.9,1.8,0.6,11.8,21.1,0.2,0.7,0.9,0.029,-1.2,-1.1,-0.1
2022,greenja02,14.0,0.637,0.311,0.295,6.8,13.6,10.2,5.3,2.2,1.8,7.6,11.5,2.9,1.5,4.4,0.139,-0.6,0.7,0.8
2022,hortota01,11.0,0.503,0.338,0.232,2.6,11.1,6.9,14.9,1.9,1.7,12.1,19.2,-0.2,1.2,1.1,0.033,-3.2,-0.2,-0.5
2022,grantje01,16.1,0.556,0.363,0.371,1.9,12.4,6.9,12.5,1.4,2.9,9.5,25.7,1.2,1.1,2.3,0.075,1.4,-0.2,1.2
2022,sengual01,16.0,0.552,0.223,0.442,10.1,18.9,14.5,19.1,1.9,4.1,18.8,22.0,0.8,1.3,2.1,0.068,-1.6,0.6,0.4
2022,anderky01,14.4,0.506,0.232,0.224,4.8,21.6,13.0,16.2,2.5,2.7,12.1,16.2,1.0,2.5,3.5,0.113,-0.9,2.1,1.2
2022,riverau01,7.2,0.546,0.66,0.126,1.5,6.9,4.3,8.0,1.7,0.4,12.8,12.6,0.1,1.1,1.2,0.037,-3.5,-0.3,-0.7
2022,beverpa01,14.8,0.539,0.555,0.305,4.4,13.2,8.7,24.5,2.2,3.4,12.9,16.1,2.3,1.7,4.1,0.132,0.6,2.1,1.7
2022,osmande01,13.3,0.563,0.628,0.229,1.9,9.0,5.5,14.1,1.8,0.6,9.6,21.1,1.3,1.6,2.9,0.094,-0.3,0.5,0.8
2022,batumni01,13.5,0.608,0.698,0.098,2.2,15.8,9.2,9.7,1.9,2.4,9.0,13.3,1.6,2.1,3.7,0.123,0.5,1.9,1.6
2022,wrighde01,13.8,0.576,0.431,0.234,3.8,12.7,8.3,16.6,3.1,1.2,13.2,10.3,2.2,1.5,3.6,0.121,-0.2,2.4,1.6
2022,klebima01,11.0,0.537,0.72,0.184,5.4,21.5,13.4,6.5,1.0,3.6,10.9,13.3,0.7,2.3,3.0,0.098,-1.6,1.2,0.6
2022,rosste01,10.0,0.515,0.477,0.235,1.5,10.3,5.9,12.5,0.9,0.8,10.9,20.5,-0.5,0.9,0.3,0.011,-2.5,-1.1,-0.6
2022,gaffoda01,21.8,0.708,0.002,0.372,12.1,19.0,15.6,7.3,1.0,5.8,12.0,16.7,4.4,1.6,6.0,0.198,1.1,0.5,1.3
2022,bealbr01,17.5,0.539,0.272,0.263,3.0,11.4,7.3,30.8,1.2,0.9,13.6,30.8,0.6,0.7,1.4,0.046,2.0,-1.2,1.0
2022,shamela01,10.2,0.55,0.689,0.167,1.2,8.0,4.7,9.7,0.9,0.6,7.3,16.8,1.1,1.5,2.6,0.085,-0.9,-0.4,0.3
2022,reaveau01,11.5,0.6,0.525,0.371,3.4,11.2,7.3,10.3,1.0,1.3,9.8,12.4,2.1,0.8,2.9,0.097,-1.3,-0.6,0.0
2022,korkmfu01,10.2,0.502,0.566,0.179,1.8,11.9,6.9,13.1,1.2,0.6,8.6,17.6,0.1,1.1,1.2,0.041,-2.0,-1.1,-0.4
2022,bradlav01,7.8,0.55,0.6,0.051,2.4,8.0,5.2,4.5,1.8,0.6,9.6,12.1,0.3,0.9,1.2,0.04,-3.5,-0.1,-0.6
2022,davisan02,23.9,0.578,0.101,0.351,8.1,22.0,15.1,14.7,1.7,5.7,9.3,27.1,2.6,2.0,4.5,0.155,2.6,1.2,2.0
2022,hamptrj01,8.5,0.481,0.4,0.256,1.7,12.9,7.3,16.9,1.4,0.8,14.6,18.4,-1.3,1.1,-0.2,-0.005,-4.0,-0.1,-0.7
2022,hayesja02,18.5,0.68,0.143,0.472,8.9,16.2,12.5,4.7,1.2,3.8,10.1,16.4,3.7,1.3,5.1,0.174,0.6,-0.3,0.8
2022,porteot01,15.9,0.581,0.519,0.147,6.9,21.0,14.2,9.6,2.4,2.0,7.7,15.0,2.2,2.7,4.9,0.168,1.0,2.1,1.8
2022,netora01,12.4,0.538,0.272,0.245,1.1,9.6,5.4,22.9,2.0,0.2,13.9,18.4,0.7,0.8,1.5,0.053,-2.5,-0.5,-0.4
2022,martica02,14.8,0.611,0.378,0.227,5.9,13.0,9.5,7.0,2.1,2.3,10.3,16.3,1.9,2.1,4.0,0.139,0.1,0.9,1.1
2022,manntr01,10.2,0.501,0.463,0.139,1.9,11.2,6.4,10.7,1.7,0.8,10.2,22.0,-1.0,1.0,0.1,0.002,-3.3,-1.1,-0.8
2022,bledser01,12.5,0.514,0.348,0.25,2.2,11.6,7.1,24.1,2.5,1.2,18.3,20.5,-0.5,1.8,1.3,0.047,-2.1,1.3,0.4
2022,greenda02,9.5,0.561,0.847,0.044,2.7,10.1,6.5,6.5,2.2,2.5,12.1,12.3,0.3,1.6,1.9,0.067,-1.4,0.8,0.5
2022,willizi02,9.7,0.559,0.571,0.13,2.0,8.2,5.0,6.3,1.2,0.8,8.4,14.9,1.1,1.1,2.2,0.08,-2.4,-0.6,-0.3
2022,chrisjo01,12.2,0.534,0.378,0.226,4.3,11.1,7.7,17.3,2.3,0.9,17.2,21.1,-0.4,0.7,0.3,0.01,-2.2,-1.3,-0.5
2022,greendr01,14.3,0.582,0.21,0.354,3.8,23.2,13.8,32.5,2.2,3.6,31.9,14.3,0.8,2.8,3.6,0.131,-1.4,4.6,1.8
2022,hylanbo01,14.4,0.558,0.627,0.219,1.2,14.4,8.0,21.2,1.5,1.4,12.1,23.8,1.1,1.3,2.4,0.088,0.3,-0.7,0.5
2022,suggsja01,8.6,0.455,0.358,0.297,2.1,11.7,6.9,24.9,2.2,1.3,18.7,25.3,-3.0,1.3,-1.6,-0.06,-5.3,-0.2,-1.2
2022,konchjo01,14.0,0.615,0.481,0.187,6.9,20.1,13.3,10.6,1.7,1.5,9.3,9.9,2.4,1.8,4.2,0.155,0.2,1.3,1.2
2022,mclembe01,11.7,0.567,0.774,0.163,1.0,8.1,4.4,7.3,1.4,0.8,8.7,21.3,0.7,0.2,0.8,0.031,-0.7,-2.5,-0.4
2022,metuch01,13.4,0.546,0.414,0.203,2.9,25.9,14.3,6.9,1.9,2.2,11.1,18.5,0.1,1.4,1.5,0.056,-1.6,0.1,0.2
2022,payneca01,13.8,0.5,0.359,0.152,2.1,12.3,7.3,30.7,1.5,1.2,14.1,24.6,0.2,1.8,1.9,0.073,-0.4,0.4,0.7
2022,diallha01,15.7,0.541,0.177,0.266,5.6,18.7,11.8,9.8,2.7,1.2,9.0,21.8,0.6,1.5,2.1,0.079,-1.2,0.7,0.5
2022,leeda03,10.9,0.561,0.488,0.196,2.4,14.9,8.8,7.1,1.5,0.5,8.4,15.8,0.9,1.8,2.7,0.102,-2.4,0.4,0.0
2022,hillge01,10.2,0.552,0.487,0.225,3.3,9.7,6.6,12.4,1.6,0.5,11.9,11.7,1.3,1.0,2.3,0.087,-2.2,0.6,0.1
2022,paytoga02,17.8,0.679,0.349,0.169,6.5,14.9,10.8,7.6,3.8,1.7,9.8,14.3,2.5,2.6,5.2,0.199,0.3,3.4,1.8
2022,clarkbr01,23.7,0.66,0.049,0.291,11.1,17.8,14.4,10.3,1.5,4.9,6.3,17.7,4.4,1.9,6.3,0.241,3.1,1.1,2.0
2022,hardati02,12.7,0.52,0.574,0.194,1.2,12.8,7.0,11.4,1.5,0.4,5.6,22.0,0.5,1.5,2.0,0.077,-0.4,0.2,0.6
2022,turnemy01,17.4,0.615,0.466,0.267,5.8,21.3,13.4,5.1,1.1,8.3,10.9,17.1,1.7,1.4,3.1,0.12,0.1,1.4,1.1
2022,pokusal01,12.0,0.485,0.432,0.11,6.0,20.8,13.3,16.5,1.5,2.9,16.4,20.0,-1.1,1.5,0.4,0.014,-2.7,0.1,-0.2
2022,toppiob01,18.3,0.614,0.357,0.262,5.9,17.7,11.7,10.9,1.0,2.6,9.6,20.8,2.5,1.5,3.9,0.153,1.7,0.3,1.2
2022,mcderdo01,11.4,0.593,0.551,0.11,1.5,8.4,4.9,7.3,0.5,0.4,8.1,18.3,1.1,0.5,1.6,0.062,-0.4,-2.1,-0.1
2022,harteis01,22.0,0.664,0.082,0.361,10.5,18.2,14.5,20.5,2.0,5.4,16.5,18.4,3.3,2.2,5.5,0.215,1.4,3.1,2.0
2022,reidna01,17.2,0.588,0.349,0.313,8.8,18.0,13.3,8.7,1.6,5.6,13.2,21.4,1.5,1.6,3.2,0.125,-0.5,0.5,0.6
2022,balllo01,14.5,0.575,0.679,0.073,3.3,14.3,8.8,20.0,2.6,2.2,17.2,17.4,0.8,1.4,2.2,0.088,0.9,1.6,1.4
2022,wiggiaa01,10.3,0.556,0.409,0.252,4.3,11.0,7.6,8.5,1.2,0.8,12.6,15.3,0.5,0.8,1.2,0.048,-3.4,-0.9,-0.7
2022,brogdma01,18.0,0.557,0.343,0.308,3.0,14.3,8.6,26.9,1.2,1.0,11.1,24.6,2.2,0.4,2.7,0.106,2.8,-0.5,1.3
2022,johnsja01,10.3,0.513,0.277,0.179,4.8,14.6,9.8,14.5,1.2,2.6,12.7,13.7,0.6,1.1,1.7,0.068,-2.7,0.6,-0.1
2022,kuminjo01,15.2,0.6,0.324,0.413,5.1,16.1,10.8,8.4,1.3,1.8,12.0,22.7,1.3,1.8,3.0,0.123,-1.3,-0.2,0.1
2022,nworajo01,9.9,0.506,0.491,0.093,3.4,16.1,9.9,7.0,1.0,1.4,10.6,19.4,-0.4,1.1,0.6,0.025,-2.7,-1.5,-0.6
2022,campafa01,11.1,0.503,0.652,0.264,2.2,8.6,5.5,24.1,2.6,1.8,16.9,14.7,0.6,1.3,2.0,0.081,-2.1,1.3,0.4
2022,miltosh01,11.9,0.517,0.33,0.181,2.9,10.4,6.7,17.6,1.2,1.3,9.2,18.3,0.7,1.0,1.7,0.069,-1.6,-0.6,-0.1
2022,princta02,12.4,0.589,0.587,0.21,2.3,13.8,7.9,8.1,1.9,1.9,11.1,17.0,1.0,1.2,2.2,0.09,-1.0,0.0,0.3
2022,thomaca02,11.7,0.519,0.346,0.209,1.5,13.1,7.5,9.7,1.4,0.6,9.1,22.1,0.0,0.8,0.8,0.033,-2.0,-1.4,-0.4
2022,ellebcj01,9.2,0.491,0.409,0.273,6.0,15.6,10.6,10.6,1.5,1.6,14.0,14.8,-0.1,0.5,0.4,0.016,-3.8,-1.5,-1.0
2022,mcgeeja01,22.6,0.651,0.02,0.319,15.3,29.7,22.7,5.4,0.9,6.1,15.8,22.8,2.4,2.6,4.9,0.201,-0.1,0.9,0.8
2022,jacksfr01,10.6,0.53,0.578,0.215,1.7,6.7,4.0,7.6,1.1,0.7,6.7,20.9,0.3,0.4,0.7,0.031,-1.8,-1.7,-0.4
2022,whiteha01,22.9,0.662,0.0,0.506,16.2,29.9,23.3,3.4,0.9,7.8,11.6,17.1,3.4,2.3,5.8,0.238,0.6,1.4,1.2
2022,jonestr01,15.0,0.545,0.15,0.268,2.6,11.6,7.1,27.0,1.8,0.5,10.8,15.6,1.9,0.9,2.9,0.121,-0.9,0.4,0.4
2022,carusal01,11.7,0.528,0.492,0.285,3.3,11.2,7.3,18.5,3.0,1.1,16.5,13.3,0.7,1.2,2.0,0.082,-2.2,2.3,0.6
2022,bjeline01,14.2,0.573,0.436,0.237,6.1,21.5,14.1,19.8,1.8,2.2,18.7,17.8,1.0,2.1,3.0,0.128,-0.9,2.3,1.0
2022,inglejo01,10.0,0.551,0.789,0.077,1.2,11.2,6.4,19.0,1.0,0.4,13.5,13.2,1.3,0.9,2.2,0.094,-0.7,0.5,0.5
2022,templga01,8.6,0.494,0.627,0.139,2.9,11.8,7.2,9.2,1.9,2.0,11.8,13.9,-0.1,1.0,0.8,0.037,-2.8,0.3,-0.1
2022,johnsst04,10.5,0.564,0.418,0.295,3.4,11.9,7.6,9.8,1.9,1.1,11.0,12.5,0.9,0.9,1.8,0.079,-2.8,0.1,-0.2
2022,irvinky01,21.4,0.592,0.388,0.209,1.6,10.8,6.3,25.2,1.8,1.4,9.8,29.4,2.4,0.9,3.3,0.147,4.2,-1.2,1.4
2022,littlna01,13.5,0.575,0.489,0.298,5.7,18.7,11.9,7.4,1.1,3.3,10.1,15.8,1.2,0.6,1.7,0.076,-0.9,-0.6,0.2
2022,robinje02,11.7,0.526,0.509,0.167,7.0,19.1,13.0,6.7,1.3,1.3,10.1,15.4,0.4,1.0,1.5,0.066,-1.9,-0.4,-0.1
2022,greenja01,14.1,0.587,0.379,0.284,8.6,19.9,14.5,7.6,1.9,2.2,13.4,17.2,1.2,1.4,2.7,0.118,-2.0,0.1,0.0
2022,georgpa01,18.6,0.538,0.404,0.233,1.2,19.2,10.5,28.1,3.0,1.0,15.2,33.7,-0.6,1.9,1.3,0.057,1.8,1.9,1.6
2022,holmeri01,17.8,0.689,0.017,0.3,9.3,22.9,16.1,6.8,0.8,3.3,14.2,15.8,2.4,0.9,3.2,0.145,-0.4,-0.1,0.4
2022,willike04,13.3,0.532,0.382,0.174,7.1,14.1,10.5,15.3,2.0,0.9,11.9,15.6,0.8,1.0,1.8,0.081,-1.3,1.1,0.5
2022,dedmode01,15.9,0.632,0.162,0.345,11.4,29.4,20.6,6.7,1.1,4.2,17.3,16.9,1.5,2.0,3.5,0.157,-2.2,1.1,0.3
2022,lillada01,18.5,0.55,0.514,0.328,1.3,11.6,6.2,34.0,0.8,1.0,11.6,29.3,1.7,0.1,1.7,0.079,4.0,-2.7,0.9
2022,browntr01,10.1,0.525,0.516,0.101,4.2,17.4,10.8,8.2,1.7,0.4,8.8,12.3,0.5,0.9,1.4,0.065,-1.7,-0.2,0.1
2022,aldrila01,19.6,0.604,0.1,0.223,7.8,18.7,13.4,6.3,0.6,4.0,8.0,22.4,2.1,1.0,3.1,0.141,1.3,-0.6,0.7
2022,greenjo02,11.9,0.578,0.305,0.176,5.6,11.7,8.6,11.0,2.2,1.2,13.8,13.9,1.0,1.4,2.4,0.111,-2.4,1.4,0.3
2022,gayru01,13.0,0.539,0.536,0.208,6.0,19.1,12.8,7.8,1.2,1.6,10.2,19.3,0.8,1.3,2.1,0.097,-0.7,-0.3,0.3
2022,jonesda03,18.3,0.701,0.109,0.492,7.9,18.5,13.2,10.2,1.2,4.0,15.4,16.2,2.4,0.9,3.3,0.156,-0.2,0.5,0.6
2022,stevela01,11.3,0.544,0.204,0.235,5.2,12.5,8.9,6.5,1.5,1.6,10.4,17.1,0.4,1.2,1.6,0.078,-3.2,0.3,-0.2
2022,matthwe02,6.9,0.536,0.714,0.127,3.2,6.4,4.9,4.6,1.1,0.8,7.2,10.7,0.6,0.6,1.2,0.056,-3.0,-0.3,-0.3
2022,pritcpa01,15.0,0.578,0.657,0.056,3.5,10.8,7.2,20.4,1.2,0.5,9.7,18.6,1.8,1.2,3.1,0.148,1.7,0.1,1.0
2022,toscaju01,11.0,0.561,0.37,0.298,3.2,15.8,9.7,17.6,2.4,1.6,20.4,14.7,0.3,1.8,2.0,0.098,-3.3,2.4,0.3
2022,okongon01,19.8,0.714,0.0,0.487,12.8,18.4,15.6,7.6,1.5,5.4,13.8,14.0,3.1,1.1,4.2,0.202,0.0,0.8,0.7
2022,birchkh01,13.2,0.534,0.07,0.355,12.7,13.5,13.1,7.6,1.5,2.6,11.1,11.2,1.5,1.1,2.6,0.126,-1.7,0.4,0.2
2022,edwarke02,8.3,0.516,0.509,0.071,5.0,13.8,9.5,4.1,1.4,2.2,13.2,13.8,-0.2,0.9,0.6,0.031,-3.1,-0.8,-0.5
2022,wadede01,10.1,0.584,0.654,0.138,3.6,13.1,8.5,7.3,1.5,0.6,6.5,11.1,1.1,1.1,2.3,0.111,-1.9,1.3,0.4
2022,nowelja01,16.8,0.581,0.387,0.223,2.4,11.4,6.8,20.2,1.3,1.0,7.4,21.0,2.1,0.7,2.8,0.138,1.5,-0.7,0.7
2022,claxtni01,18.6,0.672,0.0,0.352,10.4,18.9,14.8,6.4,1.2,4.7,11.1,15.1,2.3,1.2,3.5,0.171,0.3,0.2,0.6
2022,howardw01,18.2,0.657,0.068,0.667,13.1,26.3,19.7,5.0,1.7,3.3,14.2,14.6,2.2,1.3,3.5,0.174,-0.2,0.0,0.4
2022,rubiori01,14.0,0.488,0.423,0.251,1.7,14.1,8.0,34.6,2.5,0.6,16.5,24.9,-0.1,1.4,1.3,0.064,-1.0,1.2,0.5
2022,washidu02,10.2,0.521,0.504,0.143,0.5,9.3,4.8,13.0,1.3,0.3,11.2,22.6,-0.2,0.2,0.0,-0.002,-1.9,-2.8,-0.7
2022,primojo01,7.1,0.487,0.507,0.219,3.5,8.9,6.1,10.6,1.0,2.0,16.1,15.4,-0.6,0.6,0.0,0.001,-3.8,-1.1,-0.7
2022,wagnemo01,18.1,0.623,0.508,0.326,4.6,21.0,12.8,15.4,1.0,1.2,11.0,22.9,1.8,1.0,2.8,0.138,1.5,0.1,0.9
2022,griffbl01,13.7,0.518,0.463,0.243,7.0,18.6,13.0,15.0,1.4,1.3,8.2,16.9,1.2,0.9,2.1,0.106,-0.6,0.1,0.3
2022,bateske01,12.4,0.578,0.209,0.232,6.8,18.7,12.7,5.7,1.4,1.2,13.4,14.8,0.6,1.0,1.6,0.08,-2.1,-0.5,-0.1
2022,robyis01,18.3,0.607,0.307,0.359,8.0,15.6,11.8,12.1,1.8,3.3,10.3,19.0,1.8,1.1,2.9,0.147,0.4,0.2,0.6
2022,walkeke02,13.9,0.537,0.538,0.192,1.6,11.2,6.3,22.2,1.4,0.7,10.7,20.8,1.0,0.9,1.8,0.093,0.7,-0.2,0.6
2022,gibsota01,12.0,0.606,0.229,0.313,9.8,16.3,13.0,4.9,1.2,4.2,12.5,10.0,1.4,1.2,2.7,0.135,-3.0,1.0,0.0
2022,hachiru01,14.9,0.579,0.323,0.173,3.0,15.6,9.4,7.9,1.2,0.8,7.4,20.9,0.9,0.6,1.4,0.073,0.2,-1.7,0.1
2022,thompkl01,16.7,0.547,0.517,0.089,1.8,12.4,7.3,16.1,0.8,1.7,6.7,29.6,0.6,1.2,1.8,0.091,2.6,-1.6,0.7
2022,maledth01,10.6,0.5,0.473,0.315,2.2,12.8,7.4,18.5,1.7,1.1,15.3,20.3,-0.5,0.8,0.3,0.015,-3.7,-0.7,-0.6
2022,mclaujo01,13.4,0.535,0.425,0.2,2.6,8.8,5.6,26.1,3.0,1.1,14.9,11.8,1.3,1.0,2.3,0.123,-1.2,1.6,0.6
2022,jonesde02,13.0,0.633,0.313,0.359,7.6,13.6,10.6,4.4,1.4,3.2,11.7,12.5,1.4,0.8,2.2,0.119,-1.5,0.5,0.2
2022,mcdanja01,12.7,0.595,0.425,0.283,4.3,16.0,10.1,8.7,1.4,2.3,11.2,15.3,1.0,0.7,1.7,0.093,-1.9,-0.4,-0.1
2022,brookdi01,15.5,0.515,0.283,0.202,3.4,8.8,6.0,15.4,1.9,0.8,8.0,28.8,0.7,0.9,1.6,0.087,-1.0,-0.8,0.0
2022,watfotr01,15.8,0.59,0.142,0.352,7.0,18.6,12.6,14.6,1.4,3.2,12.5,17.6,1.4,0.5,1.9,0.104,-1.4,-0.4,0.1
2022,murphtr02,12.5,0.558,0.671,0.184,5.9,13.1,9.4,6.2,1.3,0.8,5.1,15.7,1.3,0.6,1.9,0.104,0.2,-1.4,0.2
2022,harklma01,7.7,0.561,0.558,0.155,1.5,12.7,7.1,3.6,1.6,2.4,13.8,11.2,-0.1,0.6,0.5,0.026,-3.7,0.4,-0.3
2022,hernawi01,22.2,0.582,0.037,0.431,18.5,26.3,22.3,11.9,1.2,2.2,11.6,22.5,2.2,0.9,3.2,0.18,1.8,-1.5,0.5
2022,alvarjo01,16.4,0.52,0.374,0.18,3.2,10.2,6.6,26.9,4.2,0.8,11.2,18.4,1.0,1.1,2.1,0.121,-0.5,2.4,0.8
2022,ellinwa01,9.9,0.593,0.89,0.046,1.3,8.9,5.1,5.0,1.4,0.5,7.3,13.8,0.6,0.4,1.0,0.062,-0.7,-0.6,0.1
2022,jeromty01,11.3,0.488,0.567,0.143,2.4,7.7,5.0,21.3,1.8,0.6,9.6,20.8,0.0,0.5,0.5,0.032,-2.2,-0.2,-0.1
2022,willilo02,12.1,0.5,0.319,0.244,2.2,9.7,6.0,18.6,1.7,0.3,10.8,21.7,0.2,0.4,0.6,0.034,-2.0,-1.4,-0.3
2022,grimequ01,10.7,0.565,0.804,0.081,3.2,9.8,6.4,8.5,2.0,1.4,10.3,15.1,0.6,0.9,1.4,0.087,-1.2,0.9,0.3
2022,forretr01,10.9,0.554,0.174,0.31,3.4,10.5,7.1,18.6,1.9,0.7,21.4,12.8,0.5,0.8,1.3,0.084,-2.3,1.2,0.2
2022,olynyke01,16.7,0.561,0.416,0.311,7.3,18.3,12.5,23.3,2.0,2.2,15.1,21.5,0.8,0.8,1.6,0.104,0.5,1.0,0.7
2022,bostobr01,11.2,0.481,0.342,0.222,2.4,12.7,7.7,10.1,1.7,1.5,8.0,22.4,-0.5,0.9,0.4,0.026,-3.0,-0.4,-0.3
2022,mcgruro01,11.6,0.577,0.649,0.116,4.2,12.1,8.0,9.6,1.4,0.8,9.2,14.8,0.7,0.4,1.2,0.075,-0.7,-0.7,0.1
2022,pascher01,13.9,0.612,0.46,0.366,4.6,10.9,7.9,7.1,0.6,0.6,9.0,17.7,1.4,0.5,2.0,0.128,0.5,-1.0,0.3
2022,marshna01,12.3,0.505,0.39,0.346,5.6,16.0,10.7,12.3,2.2,1.0,12.9,20.8,0.0,0.7,0.8,0.05,-2.7,-0.5,-0.2
2022,bitadgo01,18.0,0.595,0.317,0.373,11.9,15.3,13.5,11.2,1.4,5.0,13.6,19.9,1.3,0.6,1.9,0.122,-0.2,-0.6,0.2
2022,mykhasv01,9.6,0.509,0.573,0.158,2.9,11.5,7.0,8.8,1.8,0.5,11.3,16.9,0.1,0.7,0.8,0.052,-2.7,-0.2,-0.2
2022,taylote01,19.0,0.656,0.173,0.232,14.6,12.2,13.4,8.6,1.0,1.0,8.7,15.9,2.2,0.2,2.4,0.16,2.1,-2.8,0.2
2022,yurtsom01,17.4,0.546,0.045,0.247,13.9,33.0,23.6,11.0,1.2,3.0,13.0,19.9,0.8,1.4,2.1,0.145,-1.4,0.4,0.2
2022,tillmxa01,15.1,0.51,0.227,0.329,9.6,14.5,12.0,11.6,3.3,1.9,12.1,16.4,0.6,1.2,1.8,0.121,-1.1,1.8,0.5
2022,nnajize01,13.5,0.629,0.43,0.349,9.3,14.1,11.8,3.4,1.1,1.7,9.7,14.9,1.2,0.6,1.8,0.123,-0.7,-1.6,0.0
2022,bantoda01,10.0,0.463,0.252,0.218,5.6,14.1,9.7,19.8,2.0,1.4,19.3,16.9,-0.4,0.8,0.4,0.03,-3.5,0.4,-0.2
2022,krejcvi01,8.5,0.529,0.587,0.132,2.6,12.6,7.5,11.9,1.3,1.1,14.1,12.9,0.1,0.5,0.6,0.042,-4.3,-1.0,-0.6
2022,ntilila01,10.4,0.513,0.498,0.112,1.9,10.9,6.4,14.7,2.0,0.9,11.7,17.4,0.1,0.9,0.9,0.065,-2.8,0.9,0.0
2022,luwawti01,9.3,0.556,0.656,0.22,2.7,10.3,6.6,7.7,1.3,0.8,8.9,14.3,0.6,0.3,0.9,0.061,-2.3,-1.0,-0.2
2022,reedda01,12.2,0.624,0.534,0.093,2.4,15.2,9.0,10.7,1.8,1.2,8.7,12.1,0.9,0.7,1.6,0.117,-0.6,0.3,0.3
2022,favorde01,13.6,0.534,0.088,0.137,9.0,20.2,14.5,5.9,1.3,1.7,4.5,13.4,0.8,0.7,1.4,0.105,-2.3,0.3,0.0
2022,mccontj01,15.1,0.525,0.159,0.111,3.4,12.2,7.7,28.7,2.2,1.3,11.7,16.2,1.0,0.4,1.3,0.098,-0.4,1.4,0.5
2022,browngr01,11.0,0.515,0.321,0.342,6.3,17.3,11.6,8.1,2.0,3.7,14.1,17.2,-0.1,0.5,0.4,0.029,-4.0,-0.7,-0.4
2022,willibr03,11.0,0.476,0.376,0.344,3.1,9.8,6.4,23.1,1.8,1.5,15.2,25.9,-0.7,0.2,-0.5,-0.037,-2.6,-3.1,-0.6
2022,smithde03,13.2,0.474,0.143,0.339,3.3,12.2,7.6,30.5,3.4,1.9,19.0,18.2,-0.1,0.5,0.4,0.031,-2.8,1.2,0.1
2022,rosede01,16.9,0.541,0.336,0.113,3.5,9.8,6.6,27.5,1.7,1.9,11.9,22.5,0.8,0.7,1.4,0.108,2.3,0.0,0.7
2022,brownst02,8.4,0.495,0.594,0.097,4.6,21.8,13.2,7.5,1.1,1.0,12.5,13.2,-0.1,0.9,0.8,0.061,-3.4,0.5,-0.1
2022,lenal01,13.1,0.577,0.119,0.358,9.0,19.3,14.1,10.6,1.0,3.5,17.4,17.1,0.4,0.5,0.9,0.07,-3.2,0.3,-0.1
2022,lopezro01,13.7,0.57,0.03,0.271,11.7,10.0,10.9,14.4,0.2,2.7,16.5,18.9,0.5,0.3,0.8,0.064,-2.4,-1.4,-0.3
2022,joeis01,7.7,0.519,0.763,0.175,1.1,9.0,5.1,8.1,1.1,0.4,9.1,15.5,0.0,0.4,0.4,0.035,-3.1,-1.5,-0.4
2022,nwabada01,15.3,0.567,0.278,0.381,7.4,20.0,13.6,8.5,2.2,2.9,9.3,15.8,0.8,0.5,1.3,0.105,-0.6,0.0,0.2
2022,moodymo01,10.5,0.573,0.601,0.197,3.2,11.0,7.2,5.3,0.6,1.6,6.1,15.2,0.6,0.7,1.3,0.101,-1.4,-1.1,-0.1
2022,leesa01,13.8,0.499,0.339,0.401,3.1,13.0,7.8,26.2,2.9,1.8,14.7,17.3,0.3,0.7,0.9,0.073,-1.9,1.5,0.2
2022,iguodan01,12.3,0.478,0.612,0.165,3.9,13.9,9.1,24.7,2.2,3.5,17.7,11.4,0.5,1.1,1.6,0.125,-0.9,3.7,0.7
2022,muscami01,19.7,0.63,0.657,0.23,3.6,19.1,11.2,6.2,1.5,4.1,4.9,20.9,1.4,0.7,2.1,0.17,3.8,1.2,1.1
2022,landajo01,16.0,0.597,0.436,0.201,11.1,13.5,12.3,10.6,0.8,2.0,12.3,18.1,1.0,0.4,1.5,0.121,0.7,-1.1,0.2
2022,nesmiaa01,7.3,0.507,0.632,0.143,2.9,13.6,8.4,5.4,1.7,0.8,13.8,17.2,-0.4,0.9,0.4,0.038,-4.9,0.7,-0.3
2022,sykeske01,5.9,0.456,0.474,0.089,1.5,7.4,4.4,14.9,1.0,0.6,14.3,17.4,-0.5,0.1,-0.5,-0.04,-4.4,-2.4,-0.7
2022,noelne01,11.8,0.581,0.05,0.5,9.0,18.1,13.5,5.7,2.7,5.4,21.5,7.3,0.4,1.0,1.5,0.128,-3.1,3.3,0.3
2022,simsje01,11.6,0.674,0.0,0.537,11.6,21.3,16.4,5.3,1.0,3.9,23.1,6.9,0.7,0.8,1.5,0.128,-2.8,1.1,0.0
2022,bradlto01,14.9,0.6,0.0,0.236,13.8,24.3,19.1,6.7,0.9,5.2,20.0,13.6,0.6,0.7,1.3,0.112,-2.0,0.2,0.0
2022,paytoel01,7.9,0.397,0.103,0.183,4.2,12.8,8.6,23.0,2.2,1.0,19.9,18.5,-1.0,0.8,-0.2,-0.014,-4.6,1.2,-0.2
2022,bazemke01,6.0,0.451,0.576,0.122,2.6,11.0,6.8,8.1,2.2,1.5,12.5,13.2,-0.4,0.5,0.1,0.006,-5.1,0.8,-0.3
2022,jacksis01,20.5,0.607,0.078,0.427,12.2,18.7,15.4,2.9,2.3,8.4,14.0,22.5,0.7,0.7,1.4,0.126,-1.6,0.0,0.0
2022,flynnma01,11.7,0.488,0.492,0.131,1.9,11.3,6.4,18.5,1.9,0.7,6.3,16.5,0.5,0.5,1.0,0.092,-1.8,0.4,0.1
2022,brazdig01,10.2,0.52,0.463,0.17,4.5,9.7,7.1,10.7,0.9,0.5,7.8,17.7,0.2,0.3,0.5,0.041,-2.7,-1.6,-0.3
2022,daviste02,14.6,0.543,0.558,0.165,2.2,17.0,9.5,11.9,2.2,1.8,10.3,25.6,0.0,0.5,0.5,0.044,-0.6,-0.4,0.2
2022,okogijo01,9.0,0.526,0.452,0.49,5.9,8.7,7.3,6.2,2.4,2.2,15.4,12.1,0.1,0.5,0.7,0.062,-3.7,0.9,-0.1
2022,biyombi01,17.3,0.596,0.0,0.49,13.7,21.5,17.7,6.2,1.1,4.6,12.4,17.1,0.9,0.9,1.8,0.17,-1.7,0.4,0.1
2022,goodwbr01,11.8,0.501,0.357,0.247,3.1,11.4,7.4,26.0,2.5,0.2,17.4,18.2,0.1,0.7,0.7,0.069,-2.6,1.1,0.1
2022,colliza01,16.4,0.594,0.265,0.419,9.5,22.5,16.0,16.3,1.2,3.8,19.7,19.2,0.6,0.7,1.2,0.118,-1.2,1.0,0.2
2022,antetth01,12.5,0.577,0.109,0.359,9.2,13.4,11.3,6.5,1.6,2.4,14.9,15.7,0.4,0.5,0.9,0.095,-3.5,-0.1,-0.2
2022,schofad01,7.5,0.538,0.612,0.116,3.8,16.3,10.0,7.9,0.4,1.0,13.4,14.5,-0.1,0.3,0.3,0.027,-4.2,-1.2,-0.4
2022,waterli01,13.0,0.562,0.834,0.029,1.3,15.0,8.1,8.1,2.0,1.6,5.8,17.5,0.3,0.5,0.8,0.081,-0.8,-0.8,0.1
2022,gillan01,14.7,0.682,0.239,0.477,8.0,12.2,10.2,8.3,0.5,2.0,12.0,14.4,1.1,0.2,1.4,0.14,-0.6,-1.3,0.0
2022,arizatr01,7.0,0.449,0.747,0.182,2.3,16.7,9.5,7.5,1.3,1.2,9.3,11.0,-0.2,0.4,0.2,0.02,-3.3,-0.2,-0.2
2022,tilliki02,7.6,0.452,0.677,0.063,4.7,9.1,6.8,5.9,2.4,2.9,9.1,12.8,-0.1,0.6,0.6,0.058,-3.8,1.1,-0.1
2022,windldy01,8.8,0.519,0.714,0.184,5.2,16.0,10.7,10.0,1.5,0.6,13.1,11.8,0.2,0.6,0.8,0.084,-3.0,1.2,0.0
2022,thomama02,9.9,0.564,0.679,0.149,0.7,11.5,6.1,5.8,0.9,0.6,5.3,14.5,0.3,0.2,0.6,0.058,-1.2,-1.5,-0.1
2022,watanyu01,11.5,0.524,0.572,0.29,4.2,19.0,11.2,6.6,1.2,3.5,10.9,16.8,0.1,0.6,0.7,0.075,-1.9,0.0,0.0
2022,burketr01,10.0,0.475,0.381,0.107,1.0,7.3,4.2,20.7,1.4,0.0,10.4,25.6,-0.4,0.4,0.0,0.003,-3.6,-1.4,-0.3
2022,bryanth01,16.6,0.607,0.284,0.27,6.7,20.4,13.6,7.9,0.7,4.1,10.3,18.7,0.7,0.4,1.1,0.118,-0.4,-0.7,0.1
2022,harrijo01,9.6,0.624,0.71,0.048,1.3,12.8,7.2,4.5,0.8,0.4,11.2,14.5,0.3,0.2,0.5,0.06,-0.9,-0.5,0.1
2022,willipa01,12.7,0.637,0.284,0.402,4.6,13.8,9.2,4.8,1.0,1.8,11.8,14.2,0.6,0.3,0.9,0.099,-0.9,-0.7,0.0
2022,sarrol01,14.0,0.672,0.287,0.287,8.2,14.6,11.4,6.9,0.7,3.3,16.2,13.9,0.7,0.3,1.0,0.117,-2.7,-1.3,-0.2
2022,kanteen01,15.0,0.585,0.052,0.289,16.5,25.4,21.0,2.7,0.6,3.1,15.5,13.9,0.6,0.7,1.4,0.16,-1.2,-0.2,0.1
2022,mamuksa01,14.7,0.618,0.452,0.191,9.3,12.0,10.7,7.4,1.1,2.1,10.7,14.6,0.8,0.3,1.1,0.135,0.6,-1.0,0.2
2022,sharpda01,20.7,0.593,0.047,0.275,23.2,21.4,22.3,6.7,1.2,3.4,15.2,21.7,0.8,0.5,1.2,0.152,-0.3,-2.5,-0.1
2022,garzalu01,15.6,0.535,0.333,0.415,15.3,12.3,13.9,8.3,1.1,1.4,9.4,21.1,0.5,0.2,0.8,0.093,-0.5,-2.0,-0.1
2022,liveris01,11.1,0.629,0.711,0.156,4.0,12.5,8.0,8.0,1.7,1.6,13.5,12.4,0.4,0.3,0.7,0.085,-1.3,-0.2,0.0
2022,clarkga01,11.4,0.547,0.795,0.114,6.6,20.1,13.2,6.4,1.7,1.8,9.8,11.6,0.3,0.4,0.7,0.092,0.1,0.0,0.2
2022,mcbrimi01,6.1,0.393,0.63,0.111,1.1,11.2,6.1,15.9,1.9,0.3,4.2,13.9,-0.1,0.4,0.2,0.032,-5.5,1.0,-0.2
2022,chiozch01,4.4,0.407,0.654,0.037,2.7,7.7,5.3,22.5,1.7,0.0,28.0,13.4,-0.5,0.5,0.0,-0.004,-5.7,-0.2,-0.4
2022,dienggo01,17.3,0.624,0.607,0.232,9.5,26.1,17.8,12.7,1.5,3.1,13.9,16.9,0.8,0.4,1.2,0.155,1.4,0.8,0.4
2022,richani01,15.9,0.689,0.0,0.478,9.7,15.2,12.4,4.9,1.2,5.4,18.1,15.4,0.6,0.3,1.0,0.125,-2.6,-0.2,-0.1
2022,butleja02,12.1,0.509,0.583,0.106,1.6,11.8,6.8,26.0,2.3,2.0,17.3,23.1,0.0,0.5,0.4,0.057,-2.3,0.7,0.0
2022,aldamsa01,10.2,0.452,0.364,0.242,9.4,16.1,12.6,7.7,0.8,2.5,9.9,18.4,-0.1,0.4,0.3,0.044,-4.2,-1.5,-0.3
2022,fultzma01,17.7,0.517,0.097,0.177,1.2,13.2,7.2,48.9,2.7,1.3,17.5,27.5,0.0,0.4,0.4,0.053,-0.1,0.4,0.2
2022,wainris01,9.4,0.494,0.567,0.115,8.3,7.9,8.1,5.3,2.7,1.5,10.6,14.7,0.0,0.6,0.6,0.079,-3.0,1.0,0.0
2022,zelleco01,17.2,0.627,0.044,0.544,14.9,24.1,19.3,9.4,1.1,1.7,14.6,15.9,0.9,0.2,1.1,0.143,-1.2,-1.0,0.0
2022,blevike01,4.8,0.41,0.649,0.099,4.9,9.5,7.1,7.7,1.8,0.3,12.8,16.5,-0.6,0.1,-0.5,-0.066,-5.6,-2.9,-0.6
2022,chrisma01,14.8,0.518,0.187,0.246,10.6,22.5,16.5,7.7,1.9,3.1,10.3,21.5,0.2,0.6,0.8,0.108,-3.8,0.0,-0.2
2022,lewiski01,9.8,0.466,0.397,0.082,2.9,10.0,6.3,21.7,1.6,0.3,14.7,22.3,-0.3,0.2,-0.1,-0.017,-2.8,-1.2,-0.2
2022,dukeda01,10.0,0.444,0.343,0.194,9.8,11.5,10.7,6.6,2.0,1.8,7.1,15.9,0.0,0.3,0.3,0.048,-3.0,-0.9,-0.2
2022,doziepj01,8.7,0.463,0.485,0.131,4.8,15.6,10.3,11.3,1.6,1.6,11.0,15.2,-0.1,0.4,0.3,0.038,-3.0,1.0,0.0
2022,culveja01,8.7,0.433,0.348,0.252,3.9,11.1,7.4,13.0,2.8,1.3,11.8,20.6,-0.4,0.5,0.1,0.012,-5.7,0.3,-0.3
2022,dunnkr01,12.5,0.482,0.108,0.176,2.8,13.6,8.0,35.1,3.3,0.9,22.5,18.3,-0.1,0.3,0.2,0.024,-4.6,-0.8,-0.3
2022,sextoco01,11.2,0.523,0.298,0.258,4.6,7.9,6.3,11.9,1.6,0.0,15.6,27.9,-0.4,0.3,-0.1,-0.009,-3.5,-0.7,-0.2
2022,bouknja01,10.1,0.459,0.348,0.22,7.6,10.6,9.1,11.9,1.1,0.3,8.8,23.7,-0.1,0.1,0.0,0.001,-3.4,-3.7,-0.4
2022,reedpa01,21.4,0.568,0.083,0.146,16.6,17.4,17.0,8.3,5.5,4.2,8.9,16.7,0.6,0.7,1.3,0.212,-0.8,2.9,0.3
2022,morrima02,10.9,0.547,0.342,0.079,6.6,10.5,8.6,12.1,1.0,0.4,14.5,20.6,0.0,0.3,0.3,0.054,-1.5,-0.4,0.0
2022,lopezbr01,16.0,0.57,0.405,0.176,6.9,11.9,9.4,3.0,1.3,4.8,7.8,21.9,0.3,0.3,0.7,0.108,-0.7,-0.7,0.1
2022,champju01,13.6,0.571,0.418,0.134,13.5,14.3,13.9,5.4,1.4,1.4,10.1,12.0,0.5,0.3,0.8,0.138,-1.3,-0.7,0.0
2022,knighna01,18.7,0.603,0.148,0.682,12.5,21.8,17.1,11.9,1.2,2.9,13.6,20.7,0.6,0.3,1.0,0.171,-0.7,0.1,0.1
2022,portemi01,7.5,0.416,0.466,0.087,3.9,20.4,12.4,8.9,1.9,0.7,10.1,19.7,-0.5,0.3,-0.2,-0.032,-3.9,0.5,-0.1
2022,thorjt01,9.7,0.525,0.491,0.364,4.4,13.1,8.7,9.2,1.5,4.0,13.6,12.0,0.1,0.2,0.3,0.058,-3.1,0.1,-0.1
2022,nixda01,8.1,0.48,0.388,0.448,2.9,11.0,6.9,21.5,2.7,0.0,24.5,17.3,-0.3,0.1,-0.2,-0.033,-5.4,-1.0,-0.3
2022,okpalkz01,10.4,0.521,0.377,0.159,5.2,13.7,9.5,8.3,0.8,3.0,6.3,14.4,0.2,0.3,0.5,0.097,-3.2,0.4,-0.1
2022,bolmale01,5.4,0.419,0.333,0.241,6.9,12.3,9.6,11.0,1.2,0.0,17.9,12.6,-0.1,0.2,0.0,0.004,-5.1,-0.7,-0.2
2022,hoardja01,18.0,0.536,0.278,0.156,12.7,23.5,18.0,11.6,1.2,1.9,7.7,18.7,0.3,0.3,0.6,0.118,1.2,-2.1,0.1
2022,garubus01,12.9,0.51,0.455,0.159,9.6,28.7,19.1,9.6,2.0,4.1,11.3,9.4,0.2,0.3,0.5,0.105,-1.8,0.9,0.1
2022,laymaja01,9.0,0.5,0.479,0.247,2.7,14.3,8.4,5.3,1.4,2.1,11.0,16.4,-0.1,0.2,0.1,0.024,-3.3,-0.6,-0.1
2022,mayssk01,11.7,0.589,0.391,0.141,2.5,9.9,6.2,10.8,1.6,0.0,12.8,15.5,0.2,0.1,0.3,0.061,-1.2,-0.8,0.0
2022,mckinal01,5.6,0.457,0.443,0.131,7.1,10.9,9.0,3.2,0.5,1.3,9.8,15.3,-0.2,0.1,-0.1,-0.015,-5.6,-3.4,-0.4
2022,wieskjo01,7.1,0.494,0.768,0.232,2.0,5.2,3.6,5.5,0.9,1.2,3.1,13.1,0.1,0.1,0.1,0.035,-2.9,-1.1,-0.1
2022,davised01,9.3,0.632,0.0,0.875,7.9,26.9,17.6,4.5,0.7,4.0,18.4,6.0,0.2,0.3,0.5,0.126,-4.2,2.5,0.0
2022,cookty01,13.0,0.643,0.0,0.842,9.1,20.7,14.9,2.0,1.0,1.7,11.8,13.0,0.4,0.2,0.5,0.127,-3.0,-1.1,-0.1
2022,wiggili01,10.2,0.524,0.426,0.574,1.6,11.5,6.7,15.7,1.2,0.5,13.6,19.0,0.0,0.1,0.2,0.044,-3.2,-1.9,-0.2
2022,azubuud01,17.6,0.743,0.0,0.224,10.5,28.8,19.9,0.0,0.3,5.0,18.2,14.7,0.3,0.3,0.6,0.157,-1.8,0.4,0.0
2022,diakima01,11.6,0.54,0.106,0.234,9.2,23.3,16.1,1.6,1.3,4.5,11.9,13.5,0.1,0.3,0.3,0.08,-5.9,0.9,-0.1
2022,guyky01,9.5,0.526,0.615,0.185,2.5,7.8,5.2,13.5,1.9,0.6,15.6,19.9,-0.1,0.2,0.1,0.035,-3.1,-0.3,-0.1
2022,kaminfr01,21.3,0.635,0.227,0.303,6.7,17.3,12.1,10.1,2.1,3.4,6.3,19.0,0.5,0.3,0.9,0.228,2.4,2.5,0.3
2022,howarma02,16.1,0.567,0.693,0.228,1.3,6.1,3.8,6.2,2.5,0.0,5.9,29.4,0.1,0.2,0.3,0.082,0.8,-2.0,0.0
2022,cancavl01,12.7,0.657,0.293,0.341,5.2,14.1,9.8,13.2,0.6,1.5,16.0,14.0,0.3,0.1,0.4,0.114,-0.9,-0.9,0.0
2022,pickeja01,7.6,0.491,0.78,0.04,3.5,16.8,9.8,5.8,0.0,3.6,8.9,13.6,0.0,0.1,0.1,0.015,-2.8,-2.1,-0.1
2022,simpsza01,7.7,0.406,0.154,0.096,1.2,11.4,6.2,25.2,1.4,2.1,15.6,15.9,-0.2,0.1,-0.1,-0.018,-6.0,-1.9,-0.3
2022,oladivi01,16.8,0.608,0.493,0.26,2.0,12.9,7.5,26.3,1.4,0.6,16.4,25.1,0.2,0.2,0.4,0.124,1.8,-0.5,0.1
2022,graveha01,10.1,0.629,0.684,0.105,0.6,12.4,6.5,17.0,1.4,0.5,18.5,12.3,0.1,0.1,0.3,0.071,-2.4,0.2,0.0
2022,bassech01,21.5,0.66,0.085,0.255,14.9,26.1,20.6,6.5,1.5,9.1,13.3,16.1,0.4,0.3,0.8,0.22,-0.4,2.1,0.2
2022,pangoke01,6.5,0.408,0.565,0.087,1.4,5.9,3.7,24.6,0.9,0.0,12.8,14.6,-0.1,0.1,0.1,0.016,-4.7,-1.4,-0.2
2022,highsha01,7.0,0.446,0.609,0.109,7.1,10.9,9.0,5.1,0.6,1.9,5.9,14.0,0.0,0.2,0.1,0.041,-3.3,-1.3,-0.1
2022,hausesa01,14.8,0.65,0.88,0.0,3.5,16.0,9.9,9.1,0.3,1.2,3.8,14.5,0.4,0.2,0.6,0.171,2.7,-0.3,0.2
2022,watsopa01,5.7,0.432,0.743,0.057,1.9,16.1,8.9,7.2,0.9,1.8,10.0,11.0,-0.1,0.1,0.0,0.001,-4.8,-0.6,-0.1
2022,stanlca01,8.0,0.516,0.37,0.217,3.3,10.3,6.6,3.9,1.6,1.2,10.6,15.6,0.0,0.1,0.1,0.021,-4.9,-1.0,-0.2
2022,pinsoth01,11.9,0.553,0.769,0.256,1.5,14.3,7.9,15.9,1.7,1.2,10.3,14.7,0.2,0.2,0.4,0.122,-1.5,1.0,0.1
2022,naderab01,4.9,0.431,0.4,0.286,3.0,16.6,10.0,5.9,2.7,2.5,21.8,15.0,-0.3,0.3,0.0,-0.009,-7.1,2.2,-0.1
2022,cannade01,8.6,0.531,0.841,0.159,0.7,3.7,2.2,10.0,1.7,1.9,9.6,15.5,0.0,0.1,0.1,0.033,-2.8,-0.4,0.0
2022,hillso01,3.3,0.2,0.65,0.0,4.8,13.3,9.1,10.3,1.4,1.3,4.8,6.6,-0.1,0.1,0.0,-0.006,-5.2,1.2,-0.1
2022,moonxa01,16.2,0.545,0.275,0.098,1.6,9.0,5.4,27.0,2.5,1.9,10.1,19.0,0.2,0.2,0.3,0.121,-1.1,1.0,0.1
2022,ramseja01,7.9,0.468,0.31,0.241,3.2,7.4,5.3,7.9,0.4,0.6,7.2,22.2,-0.1,0.0,-0.1,-0.048,-3.5,-3.4,-0.2
2022,marjabo01,18.5,0.615,0.057,0.314,6.9,27.0,16.9,4.8,0.0,2.1,15.8,33.3,-0.1,0.2,0.1,0.045,-3.2,-1.2,-0.1
2022,garrema01,4.7,0.28,0.19,0.238,8.1,12.2,10.2,7.0,2.0,2.5,7.9,8.8,-0.1,0.2,0.1,0.032,-6.4,1.0,-0.1
2022,scrubja01,9.3,0.486,0.457,0.217,1.8,11.9,7.0,9.7,1.6,2.1,12.2,20.8,-0.1,0.1,0.0,0.002,-4.4,-0.4,-0.1
2022,cacokde01,20.2,0.675,0.0,0.226,6.9,29.7,18.2,6.9,3.2,4.9,8.1,12.9,0.3,0.3,0.5,0.206,0.7,3.5,0.2
2022,johnsja05,11.3,0.59,0.317,0.171,1.8,21.8,11.9,3.7,1.2,1.5,17.0,19.3,-0.1,0.1,0.0,0.013,-3.9,-1.1,-0.1
2022,quetane01,12.7,0.495,0.0,0.447,12.6,15.6,14.1,7.2,0.4,5.8,11.7,18.4,0.0,0.1,0.1,0.051,-4.1,-1.0,-0.1
2022,frazime01,-0.4,0.313,0.438,0.146,4.2,7.0,5.6,1.2,0.4,0.0,5.5,19.5,-0.4,0.0,-0.4,-0.16,-9.7,-6.7,-0.4
2022,gillefr01,9.5,0.419,0.045,0.318,11.5,20.5,16.0,5.9,1.2,6.9,16.6,10.9,-0.1,0.2,0.1,0.049,-5.6,1.0,-0.1
2022,parkeja01,14.8,0.632,0.421,0.237,5.0,21.7,13.5,7.9,1.8,0.8,16.0,19.6,0.1,0.2,0.3,0.141,-0.3,1.1,0.1
2022,waltode01,5.9,0.342,0.5,0.154,1.9,8.4,5.0,26.4,3.2,3.3,28.4,15.4,-0.3,0.1,-0.2,-0.071,-5.3,1.0,-0.1
2022,kinglo02,8.1,0.438,0.574,0.213,0.0,12.7,6.3,12.5,0.9,0.8,0.0,21.2,0.0,0.0,0.0,0.0,-3.0,-1.6,-0.1
2022,dotsode01,9.8,0.538,0.391,0.391,1.3,10.5,6.0,23.9,0.6,0.0,15.6,16.6,0.1,0.0,0.1,0.048,-3.4,-1.5,-0.1
2022,hasleud01,8.6,0.495,0.129,0.097,5.6,28.2,17.1,7.4,0.6,1.3,13.4,20.0,-0.1,0.1,0.1,0.033,-6.4,-0.7,-0.1
2022,iwundwe01,7.1,0.557,0.278,0.222,4.0,13.3,8.7,0.0,0.6,0.0,4.8,11.1,0.1,0.0,0.1,0.046,-4.1,-2.7,-0.1
2022,bolbo01,13.5,0.565,0.148,0.185,5.7,21.4,13.8,9.1,0.6,2.2,12.0,18.0,0.0,0.1,0.1,0.065,-0.5,-0.4,0.0
2022,edwarca01,5.5,0.378,0.533,0.033,2.6,5.8,4.1,26.2,1.2,0.0,14.1,19.2,-0.1,0.0,-0.1,-0.075,-6.0,-3.4,-0.1
2022,arcidry01,6.1,0.667,0.75,0.0,0.0,11.5,5.7,7.5,0.7,0.0,20.0,8.6,0.0,0.1,0.1,0.052,-4.6,0.0,-0.1
2022,wallaty01,2.5,0.383,0.4,0.25,0.0,12.1,5.9,1.8,2.0,1.3,8.3,13.9,-0.2,0.1,-0.1,-0.057,-7.7,-0.6,-0.1
2022,toddis01,4.7,0.349,0.615,0.231,4.6,13.3,9.0,7.3,2.7,2.3,12.3,19.6,-0.2,0.1,-0.2,-0.104,-5.7,-1.2,-0.1
2022,queentr01,18.2,0.619,0.727,0.121,10.3,13.4,11.9,8.8,3.2,1.2,16.8,23.9,0.1,0.1,0.1,0.08,2.7,-0.8,0.1
2022,fordal03,0.5,0.35,0.75,0.0,2.8,18.6,10.7,3.8,0.7,0.0,16.7,14.0,-0.2,0.1,-0.2,-0.103,-9.1,-2.2,-0.2
2022,weathqu01,12.0,0.647,0.238,0.238,3.1,17.4,10.5,10.1,0.7,1.3,11.5,15.7,0.1,0.1,0.2,0.148,-4.5,0.1,0.0
2022,ponsyv01,5.9,0.385,0.563,0.125,7.2,10.6,8.8,1.7,0.7,5.0,5.6,10.3,0.0,0.1,0.0,0.03,-4.9,-1.7,-0.1
2022,bongais01,8.7,0.363,0.308,0.615,6.0,5.0,5.5,7.3,5.8,2.8,10.8,11.5,-0.1,0.1,0.1,0.06,-5.4,5.0,0.0
2022,knighbr03,13.0,0.561,0.68,0.32,0.0,13.7,6.8,18.6,0.8,0.0,12.3,22.5,0.1,0.1,0.1,0.091,-2.7,-1.9,0.0
2022,johnsbj01,12.1,0.52,0.4,0.0,9.7,14.7,12.2,0.0,0.0,1.4,0.0,16.7,0.1,0.0,0.1,0.065,-0.7,-3.9,0.0
2022,joneska01,9.2,0.628,0.143,0.571,5.0,13.7,9.2,8.6,0.8,3.0,25.5,15.9,0.0,0.0,0.0,0.009,-5.2,-1.4,-0.1
2022,nembhrj01,8.0,0.38,0.111,0.222,5.4,6.9,6.1,26.1,0.8,0.0,13.2,16.0,0.0,0.0,0.0,0.01,-4.4,-1.5,-0.1
2022,thomabr01,10.0,0.52,0.5,0.278,3.7,14.1,9.0,26.0,0.8,1.5,22.9,19.2,0.0,0.1,0.1,0.052,-3.6,0.8,0.0
2022,fallta01,11.3,0.398,0.0,0.583,13.4,29.4,21.6,4.6,0.0,9.1,16.6,13.6,-0.1,0.1,0.1,0.043,-4.1,0.8,0.0
2022,merrisa01,7.5,0.485,0.958,0.167,1.8,11.1,6.3,9.0,0.0,0.0,7.2,19.6,0.0,0.0,0.0,0.029,-2.2,-3.4,-0.1
2022,deckga01,11.5,0.643,0.286,0.0,1.8,9.3,5.5,13.7,0.9,0.0,12.5,12.3,0.1,0.0,0.1,0.08,-1.2,-1.3,0.0
2022,wilsodj01,27.9,0.773,0.133,0.667,1.9,31.8,16.1,14.6,4.6,1.8,9.3,17.0,0.2,0.1,0.4,0.328,1.8,3.2,0.1
2022,powelmy01,0.2,0.364,0.353,0.118,2.2,10.6,6.4,8.0,1.0,0.0,14.4,18.0,-0.2,0.0,-0.1,-0.109,-10.5,-2.2,-0.1
2022,jonesma05,17.8,0.625,0.267,1.0,2.1,18.9,10.5,10.9,1.9,0.0,4.4,19.0,0.2,0.0,0.2,0.201,-1.2,0.3,0.0
2022,mcgrica01,12.5,0.47,0.429,0.143,13.8,22.3,17.9,9.4,0.0,2.1,0.0,14.0,0.1,0.0,0.1,0.097,-1.0,-3.0,0.0
2022,onimi01,0.4,0.265,0.889,0.111,2.6,14.4,8.7,14.2,0.0,0.0,9.6,10.3,-0.1,0.0,0.0,-0.032,-7.6,-0.3,-0.1
2022,lundbga01,7.7,0.342,0.421,0.0,5.0,11.9,8.5,31.5,3.3,0.0,13.6,21.5,-0.1,0.1,0.0,-0.005,-5.3,0.5,0.0
2022,harpeja01,36.9,0.666,0.462,0.154,5.0,0.0,2.6,64.1,4.6,2.2,6.7,29.7,0.3,0.1,0.4,0.422,14.2,3.1,0.2
2022,oliveca01,21.4,0.705,0.2,0.2,5.1,10.1,7.6,11.1,1.1,2.1,0.0,16.6,0.2,0.0,0.2,0.219,2.3,-0.5,0.0
2022,woodaro01,2.1,0.207,0.25,0.125,12.8,15.7,14.3,9.0,1.1,2.1,5.6,18.3,-0.2,0.0,-0.1,-0.147,-6.8,-3.6,-0.1
2022,coopesh01,-5.4,0.25,0.429,0.0,0.0,14.0,7.0,16.3,0.0,0.0,26.3,21.3,-0.2,0.0,-0.2,-0.297,-11.3,-5.0,-0.1
2022,winstca01,6.0,0.549,0.545,0.364,0.0,2.8,1.4,24.4,0.0,0.0,19.0,18.0,0.0,0.0,0.0,0.015,-5.9,-3.5,-0.1
2022,cornepe01,9.6,0.418,0.533,0.267,21.3,19.9,20.6,10.8,1.3,2.4,19.3,24.0,-0.1,0.0,0.0,-0.015,-6.1,-2.7,-0.1
2022,collida01,-0.2,0.286,0.429,0.0,0.0,11.6,5.8,6.8,1.3,0.0,12.5,9.3,-0.1,0.0,-0.1,-0.07,-10.0,-0.9,-0.1
2022,simonma01,10.2,0.428,0.333,0.733,16.2,16.0,16.1,0.0,1.4,2.5,9.2,27.5,0.0,0.0,0.0,-0.011,-6.1,-5.0,-0.1
2022,diallch01,12.3,0.517,0.0,0.75,13.3,29.4,20.9,0.0,1.6,0.0,8.6,16.1,0.0,0.0,0.1,0.108,-4.2,-3.3,0.0
2022,pottemi01,13.6,0.505,0.182,0.182,13.3,18.4,15.7,0.0,1.6,2.9,7.8,17.8,0.0,0.0,0.0,0.073,-4.0,-3.0,0.0
2022,schakjo01,-1.2,0.21,0.545,0.182,7.5,21.8,14.8,0.0,1.6,0.0,7.8,19.1,-0.2,0.0,-0.1,-0.204,-8.6,-4.3,-0.1
2022,oturuda01,13.4,0.549,0.167,0.833,3.8,17.0,10.0,0.0,0.0,7.2,0.0,13.0,0.0,0.0,0.1,0.121,-2.7,-2.5,0.0
2022,sirvyde01,0.1,0.15,0.7,0.0,0.0,25.3,12.0,4.9,5.4,3.3,0.0,15.9,-0.1,0.1,-0.1,-0.139,-10.8,2.2,0.0
2022,harrish01,4.6,0.333,0.333,0.0,4.9,13.8,9.5,16.6,2.1,3.9,25.0,15.0,-0.1,0.0,0.0,-0.067,-9.0,0.6,0.0
2022,hutchch01,1.0,0.694,0.0,1.0,0.0,23.8,12.2,10.5,0.0,0.0,58.1,13.5,-0.1,0.0,0.0,-0.086,-8.0,-0.5,0.0
2022,dotsoda01,6.4,0.5,0.25,0.0,0.0,10.4,5.1,6.9,0.0,0.0,0.0,8.3,0.0,0.0,0.0,0.045,-3.7,-1.2,0.0
2022,yorkga01,12.7,0.435,0.857,0.714,0.0,10.8,5.3,25.1,4.7,4.1,9.8,20.8,0.0,0.0,0.0,0.059,-3.7,2.2,0.0
2022,ayayijo01,3.4,0.167,0.167,0.0,5.6,10.9,8.3,25.4,0.0,0.0,0.0,13.3,0.0,0.0,0.0,-0.098,-4.3,-1.7,0.0
2022,huffja01,0.6,0.0,0.667,0.0,5.4,16.1,10.8,5.9,2.4,4.5,25.0,8.6,-0.1,0.0,0.0,-0.117,-8.3,0.9,0.0
2022,wrighmc01,9.5,0.833,0.667,0.0,0.0,0.0,0.0,20.9,0.0,0.0,25.0,8.8,0.0,0.0,0.0,0.092,-1.4,-2.8,0.0
2022,kingge03,-12.3,0.085,0.8,0.4,0.0,29.3,14.6,0.0,0.0,0.0,14.5,16.3,-0.1,0.0,-0.1,-0.296,-16.5,-3.5,-0.1
2022,pelleno01,12.2,0.6,0.0,0.0,17.9,16.7,17.3,0.0,0.0,4.6,28.6,16.0,0.0,0.0,0.0,0.038,-3.0,-4.1,0.0
2022,seldewa01,4.3,0.434,0.5,1.0,0.0,5.8,2.8,7.2,0.0,0.0,0.0,13.3,0.0,0.0,0.0,0.016,-4.3,-1.6,0.0
2022,swordcr01,14.2,0.75,0.25,0.0,0.0,0.0,0.0,7.7,10.4,0.0,20.0,11.7,0.0,0.0,0.1,0.158,-8.6,10.0,0.0
2022,omorueu01,17.0,0.518,0.4,0.8,12.3,30.9,21.6,15.8,0.0,0.0,0.0,16.9,0.1,0.0,0.1,0.201,3.3,0.7,0.0
2022,terryem01,-0.1,0.0,0.0,0.0,48.9,40.6,44.7,12.2,2.7,0.0,50.0,23.9,-0.1,0.0,-0.1,-0.256,-13.0,-5.3,-0.1
2022,hopsosc01,0.1,0.5,0.25,0.0,0.0,5.8,2.9,8.1,0.0,0.0,33.3,14.4,-0.1,0.0,0.0,-0.132,-8.7,-2.9,0.0
2022,henryaa01,-7.4,0.2,0.2,0.0,0.0,6.5,3.3,0.0,0.0,10.6,28.6,18.5,-0.1,0.0,-0.1,-0.306,-14.0,-2.4,-0.1
2022,palmetr01,-5.7,0.0,0.0,0.0,0.0,13.4,6.4,0.0,0.0,0.0,50.0,5.0,-0.1,0.0,0.0,-0.133,-13.1,-1.8,-0.1
2022,mathida01,11.0,0.5,1.0,0.0,0.0,13.4,6.5,8.0,3.0,0.0,0.0,15.4,0.0,0.0,0.0,0.114,-1.4,1.7,0.0
2022,morrija01,-11.4,0.129,0.333,0.667,0.0,13.2,6.6,14.0,0.0,0.0,11.4,23.1,-0.1,0.0,-0.1,-0.376,-15.8,-5.7,-0.1
2022,doumbse01,40.7,0.717,0.25,0.5,13.5,26.8,20.2,0.0,9.0,11.1,17.0,31.6,0.0,0.1,0.1,0.3,8.8,10.0,0.1
2022,jonesje01,14.8,0.667,0.0,0.0,14.4,7.1,10.8,0.0,3.2,0.0,0.0,8.6,0.0,0.0,0.1,0.17,-1.1,0.1,0.0
2022,barbeca01,-11.2,0.0,0.0,1.0,8.5,16.7,12.6,26.7,0.0,0.0,14.8,22.7,-0.1,0.0,-0.1,-0.45,-15.8,-7.6,-0.1
2022,cumbeja01,8.4,0.5,0.5,0.0,8.8,19.0,13.7,11.6,0.0,0.0,0.0,7.2,0.0,0.0,0.0,0.079,-4.4,-2.2,0.0
2022,mclauja01,-2.9,0.0,0.5,0.0,0.0,0.0,0.0,22.3,0.0,0.0,0.0,8.2,0.0,0.0,0.0,-0.101,-9.4,-4.2,0.0
2022,edwarro01,-0.8,0.375,1.0,0.0,0.0,28.5,14.0,0.0,0.0,0.0,20.0,19.6,-0.1,0.0,0.0,-0.181,-8.3,-2.9,0.0
2022,mudiaem01,12.3,0.399,0.0,2.0,0.0,0.0,0.0,43.4,4.4,0.0,21.0,18.6,0.0,0.0,0.0,0.023,-2.7,1.5,0.0
2022,scotttr01,20.4,0.5,0.167,0.0,10.3,9.8,10.1,0.0,4.5,8.1,0.0,24.1,0.0,0.0,0.0,0.138,-4.8,1.8,0.0
2022,buchash01,0.6,0.25,0.5,0.0,10.2,10.7,10.5,24.9,4.8,0.0,33.3,24.6,-0.1,0.0,0.0,-0.23,-11.0,0.3,0.0
2022,jeffrda01,8.4,0.5,0.5,0.0,0.0,23.8,11.6,14.0,0.0,0.0,0.0,9.1,0.0,0.0,0.0,0.099,-5.8,0.9,0.0
2022,teskejo01,1.5,0.0,0.0,2.0,0.0,26.8,13.1,13.8,6.0,0.0,0.0,9.6,0.0,0.0,0.0,-0.08,-8.5,3.7,0.0
2022,huntfe01,-3.0,0.0,0.0,0.0,13.2,0.0,6.7,16.0,6.3,0.0,33.3,16.4,-0.1,0.0,0.0,-0.234,-12.3,1.0,0.0
2022,lamban01,-0.5,0.0,1.0,0.0,0.0,13.2,6.6,27.9,0.0,0.0,0.0,10.6,0.0,0.0,0.0,-0.138,-6.2,-1.8,0.0
2022,walkemj01,-3.3,0.0,0.5,0.0,0.0,13.1,6.7,13.8,12.0,0.0,0.0,21.5,-0.1,0.0,0.0,-0.276,-15.8,6.2,0.0
2022,newmama01,28.6,0.68,0.2,0.4,0.0,13.5,6.9,27.8,0.0,0.0,14.5,38.1,0.0,0.0,0.0,0.179,6.3,0.1,0.0
2022,basspa01,13.9,0.436,0.333,0.333,31.5,29.9,30.6,0.0,6.9,0.0,22.5,54.6,0.0,0.0,0.0,-0.17,-11.2,-1.2,0.0
2022,lewissc01,14.6,0.568,,,0.0,0.0,0.0,16.2,6.9,0.0,0.0,5.3,0.0,0.0,0.0,0.164,0.0,5.9,0.0
2022,paigeja01,-22.2,0.0,0.667,0.0,0.0,16.3,7.7,18.1,0.0,0.0,25.0,24.5,-0.1,0.0,-0.1,-0.574,-25.0,-6.5,0.0
2022,goodwjo01,-20.4,0.0,0.333,0.0,0.0,18.2,9.2,0.0,0.0,0.0,0.0,22.2,-0.1,0.0,-0.1,-0.533,-24.7,-9.4,0.0
2022,sprinja01,26.4,1.0,0.0,0.0,18.9,18.3,18.6,0.0,0.0,30.0,50.0,15.0,0.0,0.0,0.0,0.138,8.3,8.7,0.0
2022,kulboar01,-10.7,0.0,1.0,0.0,0.0,0.0,0.0,0.0,0.0,0.0,0.0,8.5,0.0,0.0,0.0,-0.217,-14.7,-7.1,0.0
2022,cheatzy01,-23.8,0.0,0.667,0.0,0.0,0.0,0.0,0.0,0.0,0.0,0.0,26.1,-0.1,0.0,-0.1,-0.61,-19.3,-11.3,0.0
2022,ryanma01,3.5,0.3,1.0,0.0,0.0,0.0,0.0,0.0,9.9,0.0,0.0,44.0,0.0,0.0,0.0,-0.25,-9.9,-3.8,0.0
2022,terryty01,20.0,1.0,0.0,0.0,0.0,0.0,0.0,0.0,0.0,0.0,0.0,13.7,0.0,0.0,0.0,0.222,-3.4,2.5,0.0
2022,delauja01,15.6,,,,0.0,34.6,17.7,0.0,16.0,0.0,,0.0,0.0,0.0,0.0,0.26,-4.8,11.8,0.0
2022,echenja01,0.0,,,,0.0,0.0,0.0,0.0,0.0,0.0,,0.0,0.0,0.0,0.0,-0.012,-5.5,-3.0,0.0
2022,hintona01,-45.2,0.0,0.0,0.0,0.0,0.0,0.0,0.0,0.0,0.0,50.0,42.8,-0.1,0.0,-0.1,-1.231,-28.1,-14.5,0.0
2022,johnsda08,-20.0,0.0,1.0,0.0,0.0,0.0,0.0,0.0,0.0,0.0,0.0,21.4,0.0,0.0,0.0,-0.495,-19.0,-8.7,0.0
2022,belljo01,29.9,,,,56.6,0.0,28.1,0.0,24.4,0.0,,0.0,0.0,0.0,0.0,0.6,-8.1,10.8,0.0
2022,hallty01,0.0,,,,0.0,0.0,0.0,0.0,0.0,0.0,,0.0,0.0,0.0,0.0,0.007,-8.1,-0.5,0.0
2022,johnsjo02,38.7,1.0,0.0,0.0,0.0,0.0,0.0,0.0,0.0,0.0,0.0,22.0,0.0,0.0,0.0,0.335,12.1,2.8,0.0
2022,milescj01,-7.8,,,,0.0,0.0,0.0,0.0,0.0,0.0,,0.0,0.0,0.0,0.0,0.03,-16.3,0.0,0.0
2022,moonema01,-20.0,0.0,1.0,0.0,0.0,0.0,0.0,0.0,25.0,0.0,50.0,43.8,-0.1,0.0,0.0,-0.915,-33.9,11.5,0.0
2022,caverah01,76.2,1.0,0.0,0.0,0.0,0.0,0.0,0.0,0.0,0.0,0.0,42.8,0.0,0.0,0.0,1.204,31.0,5.9,0.0
2022,dekkesa01,0.0,,,,0.0,0.0,0.0,0.0,0.0,0.0,,0.0,0.0,0.0,0.0,0.003,-6.2,-3.4,0.0
2022,jarrede01,0.0,,,,0.0,0.0,0.0,0.0,0.0,0.0,,0.0,0.0,0.0,0.0,-0.022,-6.5,-1.5,0.0
2022,murkead01,0.0,,,,0.0,0.0,0.0,0.0,0.0,0.0,,0.0,0.0,0.0,0.0,-0.017,-7.4,-2.3,0.0
2023,edwaran01,17.4,0.564,0.375,0.274,1.9,15.9,9.0,19.3,2.1,1.8,13.0,29.9,0.2,3.6,3.8,0.064,1.0,0.0,2.1
2023,lavinza01,19.0,0.607,0.392,0.308,1.7,12.2,7.1,18.7,1.2,0.6,11.0,28.3,4.2,2.9,7.1,0.123,2.7,-0.7,2.7
2023,vucevni01,19.1,0.594,0.302,0.138,6.7,30.2,18.6,14.6,1.1,2.0,10.2,21.9,3.9,4.4,8.3,0.145,1.9,0.7,3.2
2023,randlju01,20.3,0.581,0.444,0.371,5.6,25.2,15.4,18.5,0.9,0.7,11.5,29.5,5.0,3.1,8.1,0.142,3.9,-0.2,3.9
2023,sabondo01,23.5,0.668,0.088,0.467,10.6,30.0,20.3,30.4,1.1,1.2,16.9,21.3,9.6,3.0,12.6,0.221,4.1,1.8,5.4
2023,tatumja01,23.7,0.607,0.44,0.399,3.2,22.5,13.0,20.9,1.4,1.6,10.4,32.7,6.2,4.3,10.5,0.185,4.8,0.7,5.1
2023,mobleev01,17.9,0.591,0.108,0.321,8.1,22.7,15.4,12.4,1.1,4.0,11.9,20.2,3.7,4.8,8.5,0.151,0.0,1.6,2.5
2023,murrade01,17.0,0.54,0.293,0.144,2.1,13.8,7.9,24.0,2.0,0.6,10.2,24.4,2.4,2.3,4.7,0.084,1.1,0.0,2.1
2023,derozde01,20.6,0.592,0.109,0.401,1.5,12.8,7.2,22.3,1.5,1.3,9.1,27.8,5.4,3.2,8.5,0.153,1.7,0.3,2.6
2023,barnesc01,15.5,0.524,0.22,0.242,7.1,15.2,10.8,20.0,1.5,2.2,12.0,20.3,2.3,2.7,5.0,0.09,0.5,-0.1,1.6
2023,barneha02,14.1,0.632,0.446,0.522,3.8,11.9,7.9,6.3,1.0,0.3,8.1,17.1,5.1,1.4,6.5,0.118,0.5,-1.5,0.7
2023,siakapa01,20.3,0.565,0.219,0.361,5.2,19.6,11.9,24.9,1.2,1.3,10.0,27.2,5.2,2.6,7.8,0.141,3.3,-0.1,3.4
2023,mccolcj01,15.6,0.541,0.404,0.177,2.4,11.7,7.0,25.1,1.3,1.4,11.2,26.4,1.5,2.8,4.3,0.078,1.5,-0.7,1.9
2023,wagnefr01,15.9,0.589,0.322,0.288,3.0,11.2,7.1,17.2,1.4,0.6,11.7,23.5,3.1,2.3,5.4,0.099,0.4,-0.5,1.3
2023,greenja05,14.5,0.538,0.408,0.341,1.8,10.3,6.0,17.3,1.1,0.7,11.3,28.1,1.4,0.5,1.8,0.034,0.5,-2.6,0.0
2023,adebaba01,20.1,0.592,0.011,0.361,8.0,23.6,15.5,15.9,1.7,2.4,12.7,25.2,3.6,3.8,7.4,0.137,0.8,0.8,2.3
2023,youngtr01,22.0,0.573,0.331,0.46,2.4,7.0,4.7,42.5,1.5,0.3,15.2,32.6,5.3,1.4,6.7,0.126,5.3,-2.0,3.4
2023,vanvlfr01,17.0,0.54,0.545,0.254,1.2,12.0,6.3,28.1,2.4,1.5,10.2,23.2,3.7,2.8,6.5,0.123,2.0,0.5,2.9
2023,hieldbu01,15.4,0.614,0.652,0.124,3.0,14.9,8.9,13.3,1.8,0.9,11.3,20.8,2.7,1.6,4.4,0.085,2.5,-0.6,2.4
2023,barrerj01,12.9,0.531,0.332,0.333,2.7,13.7,8.2,12.4,0.6,0.6,10.8,26.2,0.5,1.8,2.2,0.043,-1.2,-1.9,-0.7
2023,poolejo01,14.6,0.573,0.498,0.325,1.5,8.5,5.0,22.5,1.2,0.8,14.7,29.2,1.4,1.9,3.2,0.063,-0.1,-1.8,0.1
2023,smithja05,11.2,0.514,0.438,0.231,5.4,20.3,12.7,5.9,0.9,3.0,9.6,18.4,0.5,1.4,1.9,0.037,-2.3,-1.3,-1.1
2023,murphtr02,15.2,0.65,0.621,0.238,2.7,10.3,6.5,6.4,1.8,1.7,6.5,16.6,4.8,2.8,7.6,0.15,1.4,0.4,2.3
2023,garlada01,18.8,0.587,0.365,0.284,1.3,7.6,4.5,34.1,1.7,0.3,13.5,26.9,4.5,3.0,7.6,0.148,3.2,-0.7,2.7
2023,harrito02,14.8,0.602,0.383,0.153,3.3,17.0,10.3,11.4,1.4,1.5,9.0,18.2,3.1,2.8,5.9,0.116,0.6,0.1,1.7
2023,foxde01,21.8,0.599,0.276,0.331,1.9,12.4,7.2,29.6,1.6,0.8,10.6,30.1,5.5,1.8,7.4,0.146,3.4,-0.9,2.7
2023,mitchdo01,22.9,0.614,0.453,0.262,3.1,10.9,7.0,21.4,2.0,1.0,10.3,32.1,5.4,3.5,8.9,0.176,5.6,0.6,5.0
2023,banchpa01,14.9,0.529,0.254,0.476,3.9,19.3,11.6,17.2,1.2,1.5,12.8,27.5,-0.3,2.6,2.4,0.047,-0.7,-0.7,0.3
2023,mcdanja02,12.0,0.611,0.376,0.201,4.3,9.8,7.1,8.4,1.5,2.7,12.6,15.8,2.0,2.4,4.4,0.087,-1.7,0.5,0.5
2023,gilgesh01,27.2,0.626,0.122,0.535,2.6,12.2,7.3,25.7,2.2,2.5,10.1,32.8,8.4,3.0,11.4,0.226,5.7,1.5,5.6
2023,onealro01,9.2,0.538,0.707,0.116,2.6,15.0,9.0,15.3,1.3,1.7,15.5,13.6,0.4,2.5,2.9,0.057,-1.7,0.6,0.5
2023,brownja02,19.1,0.581,0.352,0.249,3.6,17.0,10.4,16.5,1.5,0.9,11.4,31.4,1.6,3.4,5.0,0.1,1.5,-0.2,2.0
2023,doncilu01,28.7,0.609,0.373,0.479,2.6,25.4,13.8,42.3,1.9,1.2,11.9,37.6,7.3,2.9,10.2,0.204,7.6,1.4,6.6
2023,anunoog01,14.6,0.586,0.415,0.189,4.2,12.1,7.9,8.0,2.7,2.0,12.1,19.5,1.8,2.9,4.7,0.094,-0.3,0.7,1.5
2023,murrake02,12.3,0.597,0.641,0.104,4.3,13.4,8.9,5.5,1.2,1.5,6.8,15.8,2.6,1.7,4.3,0.087,0.4,-1.0,0.8
2023,caldwke01,11.5,0.598,0.505,0.198,1.7,8.1,5.0,9.8,2.3,1.3,11.1,14.1,2.0,2.5,4.5,0.091,-1.6,0.6,0.6
2023,washipj01,12.9,0.542,0.438,0.178,3.2,13.0,8.0,11.0,1.3,2.9,9.4,20.6,0.4,2.2,2.6,0.052,-1.0,-0.3,0.4
2023,brunsja01,21.2,0.597,0.269,0.328,1.8,9.3,5.6,28.7,1.3,0.6,9.4,27.2,6.9,1.8,8.7,0.175,4.4,-0.5,3.5
2023,lopezbr01,18.4,0.63,0.405,0.211,7.2,15.3,11.4,6.1,0.7,6.7,9.8,19.3,4.1,3.9,8.0,0.161,0.8,1.3,2.5
2023,giddejo01,17.1,0.533,0.209,0.13,6.6,20.9,13.6,29.9,1.1,1.2,15.1,24.6,1.3,2.7,4.0,0.081,1.5,-0.3,1.9
2023,bullore01,7.7,0.577,0.845,0.079,1.6,12.5,7.0,6.2,1.1,0.5,6.9,10.0,1.3,1.4,2.8,0.056,-2.3,-0.3,-0.4
2023,quickim01,16.3,0.578,0.485,0.265,2.7,13.1,7.9,17.4,1.7,0.6,8.7,20.9,4.4,2.3,6.7,0.137,1.3,0.4,2.1
2023,herroty01,15.3,0.566,0.484,0.164,1.3,17.3,9.0,19.9,1.1,0.7,11.7,25.6,1.1,2.4,3.5,0.072,1.5,-0.8,1.6
2023,willipa01,11.2,0.576,0.409,0.155,3.9,12.0,8.0,5.8,1.5,2.9,12.3,15.7,0.5,3.0,3.5,0.072,-1.7,0.4,0.4
2023,jokicni01,31.5,0.701,0.146,0.406,8.5,31.3,20.2,46.6,1.8,1.8,17.0,27.2,11.2,3.8,14.9,0.308,8.5,4.5,8.8
2023,whitede01,15.4,0.604,0.516,0.253,2.5,11.2,6.9,19.4,1.1,2.8,10.1,17.7,4.4,3.1,7.4,0.154,1.1,1.3,2.6
2023,iveyja01,12.1,0.528,0.356,0.362,3.4,10.7,6.9,26.2,1.3,0.7,17.2,25.4,-0.9,0.8,0.0,-0.001,-1.4,-1.9,-0.7
2023,greendr01,12.2,0.592,0.276,0.228,3.2,21.6,12.6,27.8,1.5,2.3,28.1,13.2,1.6,3.1,4.7,0.098,-1.8,2.6,1.6
2023,martike04,15.4,0.635,0.3,0.308,6.0,15.8,10.8,8.1,0.9,1.3,10.0,16.4,4.2,0.7,4.9,0.103,0.6,-1.3,0.7
2023,embiijo01,31.4,0.655,0.151,0.581,5.9,28.3,17.3,22.9,1.4,4.6,11.9,37.0,8.4,3.9,12.3,0.259,6.8,2.3,6.4
2023,brownbr01,13.3,0.571,0.343,0.206,3.3,13.0,8.3,15.7,1.9,2.0,13.2,17.8,1.7,2.6,4.3,0.09,-1.1,0.6,0.9
2023,thompkl01,14.7,0.576,0.584,0.105,1.9,11.7,6.9,11.0,1.0,1.1,8.6,26.4,1.2,1.9,3.1,0.066,1.5,-1.7,1.0
2023,willija06,15.6,0.601,0.258,0.241,3.9,12.2,7.9,15.4,2.1,1.4,12.3,18.4,3.0,2.6,5.6,0.119,-0.4,0.7,1.3
2023,markkla01,22.1,0.64,0.446,0.348,6.3,20.7,13.6,8.6,0.9,1.4,8.8,26.6,6.3,1.9,8.2,0.173,4.9,-1.0,3.3
2023,strusma01,10.8,0.557,0.713,0.113,2.4,11.2,6.7,11.2,0.9,0.5,7.8,17.6,1.5,1.9,3.4,0.071,-0.8,-0.9,0.2
2023,dortlu01,11.3,0.513,0.468,0.297,5.9,10.4,8.1,9.2,1.6,0.9,8.5,19.8,0.9,2.1,2.9,0.062,-2.0,-1.0,-0.6
2023,claxtni01,20.8,0.691,0.003,0.419,9.3,25.1,17.4,9.3,1.4,7.1,12.1,15.4,5.2,4.0,9.2,0.195,0.9,2.2,2.9
2023,grantje01,16.0,0.606,0.393,0.375,2.7,11.9,7.2,10.3,1.1,2.1,9.8,22.8,3.1,1.0,4.1,0.087,1.2,-1.4,1.0
2023,kuzmaky01,14.3,0.544,0.421,0.208,2.8,19.5,11.5,16.5,0.8,1.1,13.2,27.9,-1.0,1.9,0.9,0.019,-0.2,-1.5,0.2
2023,leverca01,12.4,0.546,0.437,0.243,2.8,12.1,7.4,18.0,1.6,1.0,12.4,18.7,1.4,3.1,4.4,0.095,-1.0,0.8,1.0
2023,mathube01,13.1,0.566,0.326,0.477,4.4,11.5,7.9,7.6,1.0,0.5,11.7,24.6,1.0,0.8,1.8,0.038,-1.2,-2.5,-1.0
2023,roziete01,14.7,0.517,0.425,0.185,2.4,10.2,6.2,22.7,1.6,0.6,9.4,26.9,0.1,1.6,1.7,0.037,0.6,-1.1,0.8
2023,allenja01,19.9,0.67,0.016,0.353,11.7,23.6,17.7,7.5,1.2,3.5,11.4,16.4,5.5,4.0,9.5,0.205,1.3,1.0,2.4
2023,brookdi01,9.4,0.494,0.443,0.155,2.2,9.5,5.8,11.7,1.4,0.7,8.9,21.8,-0.8,2.4,1.6,0.034,-3.4,-0.5,-1.1
2023,huertke01,15.2,0.617,0.589,0.151,2.2,10.8,6.5,14.1,1.7,1.0,9.5,19.9,3.3,1.7,4.9,0.107,1.4,-0.3,1.7
2023,holidjr01,19.2,0.586,0.402,0.173,3.9,12.0,8.1,34.4,1.7,0.9,15.2,25.0,3.9,2.8,6.7,0.148,3.0,0.1,2.8
2023,sengual01,19.7,0.599,0.071,0.36,12.1,22.3,17.1,21.0,1.6,3.2,17.3,21.4,3.4,1.8,5.2,0.115,1.1,0.4,1.9
2023,simonan01,14.8,0.581,0.538,0.171,0.9,7.6,4.3,18.6,0.9,0.6,10.2,25.1,2.1,0.3,2.5,0.054,1.3,-2.5,0.5
2023,zubaciv01,16.7,0.661,0.004,0.463,12.3,26.5,19.5,5.1,0.7,4.0,15.9,14.8,3.8,2.9,6.7,0.149,-1.1,0.2,0.6
2023,hayeski01,10.2,0.455,0.351,0.137,1.4,10.2,5.7,32.3,2.3,1.1,16.7,20.5,-1.9,1.4,-0.5,-0.012,-3.3,-0.5,-1.0
2023,hardati02,12.1,0.554,0.649,0.195,1.1,12.6,6.8,9.0,1.1,0.5,6.1,20.6,1.0,1.3,2.3,0.051,-0.3,-1.5,0.1
2023,meltode01,12.7,0.566,0.619,0.134,3.9,13.1,8.6,12.9,2.9,1.8,12.9,16.4,1.1,3.1,4.2,0.095,-0.7,1.6,1.6
2023,goberru01,18.9,0.675,0.005,0.623,12.2,29.8,21.2,5.6,1.2,3.9,14.9,16.3,4.3,3.5,7.8,0.174,0.0,0.7,1.4
2023,butleji01,27.6,0.647,0.116,0.625,7.5,13.3,10.3,27.1,2.7,1.0,8.2,25.6,9.4,2.9,12.3,0.277,6.7,2.0,5.8
2023,hardeja01,21.6,0.607,0.496,0.429,2.3,17.1,9.8,43.3,1.6,1.4,16.3,25.0,5.8,2.6,8.4,0.188,5.1,0.3,4.0
2023,murraja01,18.0,0.571,0.415,0.207,2.7,11.0,6.9,27.5,1.5,0.7,11.3,26.1,3.3,1.9,5.1,0.116,2.6,-1.3,1.8
2023,collijo01,13.6,0.593,0.339,0.252,3.9,20.0,11.9,5.3,0.9,2.9,9.1,17.1,2.1,2.1,4.2,0.095,-1.4,0.2,0.4
2023,huntede01,11.5,0.563,0.348,0.252,2.3,12.4,7.3,6.0,0.8,0.7,8.2,19.7,1.4,1.2,2.5,0.057,-1.9,-1.4,-0.7
2023,grimequ01,11.7,0.619,0.676,0.163,2.5,9.4,5.9,9.7,1.1,1.2,9.7,14.4,3.2,1.6,4.8,0.108,-0.3,0.1,1.0
2023,porzikr01,23.1,0.627,0.35,0.409,6.2,21.8,14.3,12.9,1.3,4.0,10.2,27.4,5.0,2.7,7.7,0.174,3.8,0.5,3.4
2023,trentga02,15.0,0.56,0.481,0.219,1.5,8.2,4.6,7.4,2.4,0.6,5.1,21.7,2.5,2.0,4.5,0.102,0.2,0.0,1.2
2023,lillada01,26.7,0.645,0.547,0.464,2.4,12.8,7.6,35.0,1.2,0.8,11.7,33.8,8.2,0.8,9.0,0.205,8.3,-1.2,4.9
2023,dosunay01,10.2,0.567,0.332,0.144,2.5,9.3,5.9,13.2,1.4,1.2,14.0,14.9,0.7,2.2,2.9,0.067,-3.0,0.6,-0.2
2023,kispeco01,11.5,0.657,0.656,0.15,1.8,8.9,5.5,5.7,0.7,0.4,8.1,14.1,2.9,0.9,3.8,0.088,-0.1,-1.4,0.2
2023,martica02,11.4,0.571,0.431,0.206,4.8,15.0,9.7,8.2,1.7,1.5,11.5,14.4,1.2,2.5,3.7,0.086,-1.8,0.5,0.4
2023,nembhan01,10.0,0.528,0.408,0.096,1.9,8.8,5.3,22.4,1.6,0.5,15.8,16.1,0.4,0.8,1.2,0.029,-2.4,-0.8,-0.6
2023,johnske04,15.3,0.551,0.366,0.294,2.9,14.4,8.4,13.7,1.1,0.4,9.6,27.9,0.7,0.5,1.3,0.03,0.7,-2.5,0.1
2023,gordoaa01,19.5,0.617,0.227,0.413,9.4,15.4,12.5,14.2,1.3,2.2,9.8,21.1,4.6,2.2,6.8,0.158,2.4,-0.3,2.1
2023,willigr01,10.3,0.605,0.611,0.256,4.7,14.5,9.7,8.4,1.0,1.3,13.4,13.1,1.9,2.6,4.4,0.104,-1.8,0.7,0.5
2023,aytonde01,19.9,0.617,0.027,0.225,9.2,27.5,18.1,9.2,0.9,2.3,11.0,22.9,3.3,3.0,6.2,0.147,0.9,0.0,1.5
2023,antetgi01,29.0,0.605,0.134,0.604,7.3,30.0,19.1,33.2,1.2,2.1,13.2,38.8,4.9,3.7,8.6,0.204,5.8,2.7,5.4
2023,porteke02,16.2,0.565,0.436,0.299,4.1,13.1,8.5,25.7,2.0,0.8,15.8,24.3,1.9,1.0,2.9,0.068,1.4,-0.8,1.3
2023,avdijde01,11.2,0.535,0.401,0.285,4.2,21.9,13.4,13.9,1.6,1.2,15.9,16.7,0.0,2.3,2.3,0.054,-2.8,0.5,-0.1
2023,maxeyty01,17.0,0.605,0.404,0.233,1.4,8.8,5.2,16.9,1.2,0.4,7.4,24.1,3.7,1.6,5.4,0.128,1.9,-1.2,1.3
2023,clarkjo01,14.7,0.558,0.445,0.238,4.0,9.3,6.7,20.9,0.8,0.6,14.0,27.8,0.9,0.8,1.7,0.042,1.0,-2.4,0.3
2023,schrode01,11.5,0.545,0.346,0.388,1.2,7.5,4.4,20.1,1.2,0.4,12.8,18.6,1.3,1.5,2.8,0.068,-2.4,-0.5,-0.4
2023,jonestr01,16.0,0.534,0.213,0.231,3.0,10.8,6.7,31.5,2.1,0.4,11.8,19.3,2.6,0.8,3.4,0.082,-0.2,-0.8,0.5
2023,allengr01,12.3,0.612,0.657,0.226,3.4,9.0,6.3,10.9,1.5,0.6,10.5,14.6,2.8,2.2,5.1,0.123,-0.6,0.7,1.0
2023,valanjo01,19.3,0.61,0.134,0.275,13.0,33.3,23.1,11.1,0.5,2.5,14.8,23.4,2.8,3.0,5.8,0.142,0.0,-0.4,0.8
2023,looneke01,17.8,0.639,0.003,0.404,15.7,26.8,21.4,13.8,1.3,2.2,9.1,10.6,5.9,2.8,8.7,0.212,0.9,1.3,2.0
2023,anderky01,14.8,0.583,0.212,0.275,3.8,16.9,10.5,22.6,1.9,2.8,15.7,14.4,2.5,2.6,5.1,0.125,0.2,2.3,2.2
2023,smartma01,12.1,0.538,0.568,0.196,2.6,8.0,5.3,26.4,2.3,1.0,17.9,17.8,1.0,2.7,3.7,0.092,-1.8,0.8,0.5
2023,jamesle01,23.9,0.583,0.309,0.268,3.7,20.8,12.5,33.5,1.2,1.4,11.6,33.3,3.2,2.4,5.6,0.138,5.5,0.6,4.0
2023,joneshe01,12.1,0.567,0.333,0.321,5.6,10.0,7.8,11.1,2.6,2.1,13.3,14.5,1.5,2.7,4.2,0.104,-1.9,1.7,0.8
2023,craigto01,11.6,0.566,0.506,0.09,8.1,16.3,12.1,7.9,1.3,2.9,12.3,13.0,1.5,2.5,4.0,0.098,-1.3,0.7,0.7
2023,moranja01,23.3,0.557,0.247,0.409,3.3,16.1,9.7,41.1,1.6,0.7,12.6,34.9,3.4,2.6,6.0,0.148,5.2,0.5,3.8
2023,olynyke01,14.4,0.643,0.424,0.417,4.6,18.6,11.7,17.6,1.5,1.6,20.3,17.8,2.4,1.9,4.3,0.106,-0.4,0.9,1.2
2023,curryst01,24.1,0.656,0.564,0.248,2.3,16.8,9.7,30.0,1.3,0.9,12.5,31.0,5.8,2.0,7.8,0.192,7.5,0.1,4.7
2023,jonesty01,16.0,0.546,0.459,0.141,1.5,9.4,5.5,28.8,2.0,0.3,8.9,17.7,3.4,2.3,5.7,0.141,1.2,0.3,1.7
2023,georgpa01,19.6,0.588,0.424,0.293,2.6,17.0,9.9,24.2,2.1,0.9,13.4,29.5,2.3,2.3,4.6,0.114,2.4,0.3,2.3
2023,horfoal01,13.8,0.631,0.678,0.044,4.2,17.7,11.1,13.2,0.8,2.7,7.0,11.9,3.6,2.7,6.3,0.157,1.6,1.7,2.5
2023,tuckepj01,5.7,0.566,0.622,0.102,5.9,12.1,9.1,3.9,1.0,0.7,15.8,6.5,0.9,1.7,2.5,0.064,-3.2,0.2,-0.5
2023,davisan02,27.8,0.627,0.077,0.462,11.3,27.6,19.7,13.0,1.5,5.1,9.5,28.4,5.5,3.4,9.0,0.226,4.6,1.7,4.0
2023,divindo01,12.8,0.593,0.7,0.131,4.7,14.0,9.4,17.3,2.4,0.5,16.4,15.1,1.9,2.3,4.2,0.106,-0.6,1.3,1.3
2023,bogdabo02,17.4,0.627,0.4,0.344,2.0,11.3,6.5,13.6,0.9,0.4,11.7,25.9,3.1,0.4,3.5,0.09,2.6,-1.8,1.4
2023,paulch01,17.7,0.555,0.391,0.24,1.6,13.4,7.4,38.7,2.4,1.0,13.4,19.2,3.7,2.5,6.2,0.156,2.0,1.2,2.5
2023,halibty01,23.6,0.624,0.478,0.239,1.9,10.1,6.0,47.6,2.3,1.1,13.2,23.8,6.4,1.2,7.6,0.195,7.0,0.2,4.4
2023,mannte01,13.4,0.619,0.378,0.225,4.7,11.8,8.3,14.0,1.1,1.0,12.2,15.3,2.8,1.5,4.3,0.111,-0.3,0.1,0.8
2023,browntr01,9.6,0.561,0.604,0.084,3.7,13.7,8.9,6.6,1.5,0.7,9.2,12.1,1.0,2.0,2.9,0.075,-1.8,0.8,0.5
2023,okongon01,19.4,0.678,0.026,0.394,12.7,21.5,17.0,5.8,1.4,4.9,12.2,15.1,4.7,2.4,7.1,0.185,0.0,0.8,1.3
2023,reaveau01,14.9,0.687,0.441,0.541,2.0,9.0,5.6,15.7,0.8,0.9,14.0,16.2,4.1,1.4,5.4,0.142,0.6,0.1,1.2
2023,banede01,19.1,0.606,0.433,0.218,2.5,14.3,8.4,20.8,1.4,1.1,10.9,26.1,3.5,2.3,5.8,0.151,3.3,0.1,2.5
2023,bookede01,22.0,0.601,0.296,0.336,2.7,12.0,7.2,27.3,1.4,0.9,10.6,31.8,4.2,1.9,6.0,0.157,4.5,-0.3,2.9
2023,morrima03,10.5,0.534,0.479,0.135,1.8,13.9,7.9,8.9,1.1,1.0,7.6,17.6,0.4,1.6,2.0,0.053,-1.8,-0.2,0.0
2023,turnemy01,20.0,0.651,0.34,0.377,5.4,22.9,14.2,7.5,0.9,6.6,10.8,22.0,3.4,2.0,5.4,0.142,1.4,0.7,1.9
2023,portibo01,17.8,0.575,0.32,0.156,9.2,28.6,19.3,8.7,0.8,0.7,8.6,21.7,2.5,2.8,5.3,0.139,1.2,-0.6,1.2
2023,nesmiaa01,10.5,0.566,0.532,0.241,3.8,13.1,8.5,7.4,1.4,1.6,10.3,16.8,0.9,1.1,2.0,0.052,-2.3,-0.7,-0.4
2023,carteje01,10.9,0.56,0.596,0.067,2.1,9.3,5.8,14.5,1.7,1.3,11.8,15.3,1.2,2.3,3.5,0.092,-1.9,1.2,0.6
2023,portemi01,16.8,0.621,0.556,0.147,4.2,17.2,10.9,5.3,1.0,1.4,7.3,22.7,2.6,1.8,4.3,0.116,2.0,-1.8,1.0
2023,marshna01,11.4,0.539,0.382,0.306,3.0,14.6,8.8,14.4,1.5,0.7,13.0,17.8,0.5,2.0,2.5,0.068,-1.9,0.0,0.1
2023,jacksja02,21.6,0.613,0.343,0.372,6.4,18.8,12.6,5.0,1.7,9.6,10.1,24.7,2.8,3.8,6.6,0.177,0.7,2.0,2.2
2023,sharpsh01,11.5,0.568,0.437,0.162,4.0,11.3,7.6,7.9,1.0,1.2,10.7,19.0,0.6,0.6,1.2,0.032,-1.3,-2.0,-0.6
2023,fultzma01,16.6,0.564,0.128,0.211,4.4,10.5,7.4,29.8,2.4,1.4,15.8,21.3,1.7,2.0,3.7,0.1,-0.1,0.7,1.2
2023,easonta01,15.2,0.525,0.261,0.22,12.0,18.9,15.4,7.4,2.6,2.6,12.2,19.3,0.9,1.7,2.6,0.07,-1.3,-0.4,0.1
2023,vincega01,9.0,0.533,0.617,0.138,1.7,8.1,4.8,13.9,1.8,0.3,13.3,17.5,-0.3,1.7,1.4,0.038,-3.1,-0.3,-0.6
2023,leonaka01,23.9,0.623,0.287,0.32,3.7,17.8,10.8,19.6,2.0,1.4,8.1,27.0,4.9,2.2,7.1,0.194,5.1,0.9,3.5
2023,brogdma01,18.2,0.615,0.406,0.251,2.7,14.7,8.8,21.5,1.3,0.9,10.8,22.8,3.6,2.2,5.8,0.161,2.3,0.6,2.1
2023,woodch01,20.6,0.624,0.363,0.365,5.8,27.4,16.4,11.7,0.9,3.7,11.9,26.4,2.7,2.1,4.8,0.132,1.9,-0.3,1.6
2023,whiteco01,12.5,0.572,0.579,0.118,1.1,12.6,6.9,16.3,1.5,0.3,10.6,17.9,1.2,1.9,3.1,0.087,-1.0,0.2,0.5
2023,capelca01,22.1,0.656,0.002,0.244,16.1,29.4,22.7,4.7,1.2,3.9,8.3,15.7,4.9,2.4,7.2,0.201,2.3,-0.1,1.8
2023,monkma01,16.6,0.587,0.5,0.26,2.1,11.3,6.7,25.0,1.4,1.0,14.1,25.8,2.1,1.2,3.2,0.091,1.6,-1.4,1.0
2023,lowryky01,12.6,0.565,0.639,0.278,2.8,12.9,7.7,23.4,1.7,1.2,15.9,16.7,1.5,1.9,3.4,0.096,-0.7,0.8,0.9
2023,batumni01,11.0,0.594,0.832,0.126,4.1,15.4,9.8,9.4,1.5,2.3,11.1,11.5,1.7,1.9,3.6,0.101,-0.8,1.2,1.0
2023,kesslwa01,21.5,0.702,0.007,0.384,14.9,24.4,19.7,5.7,0.7,8.6,10.7,13.3,4.6,2.5,7.1,0.2,1.4,1.5,2.1
2023,morrimo01,15.0,0.579,0.396,0.15,1.8,11.6,6.9,26.4,1.2,0.6,9.9,15.6,3.1,1.1,4.2,0.12,0.8,-0.4,1.1
2023,cartewe01,17.3,0.621,0.367,0.318,8.0,25.3,16.6,12.0,0.9,1.9,13.2,20.5,2.6,2.0,4.6,0.13,0.9,0.1,1.3
2023,aldamsa01,13.9,0.591,0.507,0.274,5.4,18.0,11.7,7.6,1.3,2.6,9.3,16.0,2.1,2.4,4.6,0.13,-0.3,0.8,1.1
2023,bealbr01,19.7,0.593,0.249,0.26,2.8,9.9,6.5,26.6,1.3,1.7,12.9,29.2,2.2,1.2,3.4,0.099,2.9,-1.2,1.6
2023,durenja01,17.3,0.655,0.005,0.394,14.7,25.1,19.7,6.8,1.3,3.1,16.5,14.3,2.9,1.6,4.5,0.129,-0.4,-0.4,0.5
2023,okorois01,10.7,0.614,0.483,0.291,3.7,9.6,6.7,7.0,1.7,1.7,9.5,11.9,1.9,2.3,4.2,0.122,-1.9,1.6,0.7
2023,harteis01,14.2,0.567,0.113,0.217,14.1,22.2,18.1,8.3,1.6,3.7,15.6,11.2,2.2,2.4,4.6,0.136,-1.5,1.2,0.7
2023,gaffoda01,19.7,0.739,0.0,0.473,11.7,18.0,15.0,7.5,1.0,5.2,15.1,15.2,4.2,1.9,6.1,0.184,0.4,0.6,1.2
2023,robinmi01,18.9,0.652,0.0,0.436,18.4,20.0,19.2,4.5,1.7,6.5,10.9,10.1,4.0,2.6,6.5,0.197,1.0,1.4,1.7
2023,eubandr01,16.2,0.666,0.054,0.374,9.5,20.9,15.2,9.2,1.2,5.7,14.7,12.5,2.9,1.6,4.4,0.134,-0.9,0.9,0.8
2023,haywago01,13.5,0.563,0.275,0.274,2.2,12.6,7.3,19.3,1.3,0.7,13.2,20.0,0.8,1.1,2.0,0.059,-1.1,-0.3,0.2
2023,carusal01,11.5,0.588,0.528,0.255,3.1,10.9,7.1,15.4,3.0,2.8,19.5,11.1,1.0,2.6,3.6,0.109,-2.2,3.3,1.2
2023,miltosh01,12.7,0.575,0.294,0.231,3.0,11.3,7.2,22.3,0.8,0.8,14.5,18.5,1.6,1.2,2.9,0.087,-1.0,-0.9,0.0
2023,powelno01,17.1,0.612,0.404,0.39,1.7,10.7,6.3,11.0,1.6,1.0,10.8,26.0,2.1,1.4,3.5,0.107,0.9,-0.7,0.9
2023,anthoco01,16.0,0.57,0.338,0.279,3.4,17.6,10.5,22.9,1.2,1.9,11.7,21.5,2.1,1.7,3.7,0.116,0.7,0.5,1.3
2023,branhma01,9.5,0.524,0.417,0.115,1.9,11.2,6.4,11.4,1.0,0.4,10.6,19.1,-0.4,0.2,-0.1,-0.004,-3.0,-2.1,-1.3
2023,osmande01,12.0,0.579,0.589,0.204,1.9,11.5,6.7,10.6,1.1,0.7,8.3,18.2,1.4,1.9,3.3,0.103,-0.8,0.2,0.5
2023,oubreke01,14.8,0.534,0.414,0.254,4.4,12.9,8.6,5.6,2.1,1.0,6.6,26.5,0.1,1.5,1.7,0.051,-0.4,-0.7,0.3
2023,greenjo02,11.2,0.645,0.442,0.246,4.1,9.7,6.9,9.7,1.4,0.3,14.5,14.6,1.7,0.9,2.6,0.082,-1.9,-0.6,-0.2
2023,ingrabr01,19.2,0.582,0.196,0.326,1.7,16.4,9.1,28.1,1.0,1.2,13.4,30.8,1.8,1.7,3.5,0.108,2.2,-0.4,1.5
2023,harrijo01,10.6,0.621,0.757,0.064,1.7,10.1,6.0,9.1,1.1,0.7,8.3,14.3,1.5,1.1,2.6,0.083,-0.6,-0.6,0.3
2023,mccontj01,16.8,0.59,0.113,0.131,3.3,13.7,8.5,37.9,2.5,0.6,20.6,19.1,1.9,1.2,3.1,0.098,0.4,0.1,1.0
2023,bouchch01,18.0,0.59,0.357,0.318,10.9,21.2,15.7,2.7,1.5,4.1,6.4,18.0,3.0,2.0,5.0,0.156,0.7,-0.8,0.7
2023,niangge01,10.9,0.61,0.765,0.09,1.5,12.8,7.2,7.3,1.0,0.9,9.4,17.0,1.1,1.4,2.5,0.078,-0.4,-1.0,0.2
2023,bogdabo01,14.2,0.586,0.589,0.126,1.6,10.4,6.0,13.4,1.4,1.0,9.2,19.8,1.8,1.0,2.8,0.088,1.1,-0.7,0.9
2023,leeda03,10.7,0.607,0.546,0.23,2.8,14.0,8.3,8.9,1.0,0.4,13.5,16.3,1.1,1.4,2.6,0.081,-1.3,-0.4,0.1
2023,bolbo01,14.4,0.603,0.236,0.226,5.2,25.3,15.2,6.9,1.0,5.5,17.6,18.2,0.0,2.2,2.3,0.072,-1.8,0.9,0.4
2023,konchjo01,10.8,0.542,0.553,0.113,4.5,17.4,11.0,8.2,2.4,1.5,9.9,10.4,1.0,2.5,3.5,0.111,-1.9,2.4,0.9
2023,poweldw01,15.5,0.738,0.019,0.625,11.8,13.3,12.5,6.9,1.6,1.6,15.9,12.6,3.8,1.3,5.1,0.168,-1.2,0.0,0.3
2023,sochaje01,11.4,0.509,0.243,0.21,6.9,15.6,11.0,13.6,1.4,1.3,13.9,19.8,-0.5,0.7,0.2,0.005,-2.8,-1.2,-0.7
2023,bateske01,14.9,0.609,0.305,0.323,4.7,14.3,9.3,9.8,1.5,1.1,9.5,16.7,2.1,0.6,2.7,0.089,0.3,-0.9,0.5
2023,mitchda01,9.4,0.545,0.494,0.078,1.3,7.0,4.1,16.5,1.5,0.9,13.1,14.1,0.7,0.8,1.5,0.05,-2.4,-0.4,-0.3
2023,connapa01,10.0,0.531,0.765,0.097,3.8,16.2,10.2,6.9,1.2,0.6,7.0,13.8,0.7,1.8,2.5,0.085,-1.3,0.3,0.3
2023,colliza01,16.4,0.599,0.268,0.259,8.5,22.5,15.2,18.0,1.2,2.8,17.4,21.2,1.2,1.0,2.2,0.074,-0.5,0.3,0.6
2023,stewais01,13.1,0.56,0.465,0.338,8.7,23.3,15.8,7.3,0.7,2.1,11.8,17.3,1.1,0.9,2.0,0.068,-1.0,-1.1,0.0
2023,griffaj01,12.6,0.577,0.486,0.088,2.9,9.2,6.0,7.0,1.4,0.7,7.1,17.9,1.3,0.9,2.2,0.075,-0.3,-0.5,0.4
2023,joeis01,14.5,0.626,0.776,0.197,2.0,11.6,6.7,8.7,1.6,0.5,6.6,17.7,2.5,1.3,3.8,0.131,1.3,-0.4,1.0
2023,kuminjo01,13.3,0.597,0.294,0.278,5.6,12.5,9.1,12.7,1.4,2.0,14.6,19.6,1.0,1.4,2.4,0.084,-1.7,-0.1,0.1
2023,nurkiju01,17.3,0.589,0.236,0.38,9.3,29.7,19.5,16.4,1.5,2.8,16.8,22.1,1.2,1.5,2.7,0.092,-0.6,0.7,0.7
2023,smithde03,11.6,0.475,0.246,0.235,2.0,11.0,6.4,26.1,2.6,1.6,14.1,17.6,-0.4,1.5,1.1,0.039,-3.5,1.2,-0.1
2023,nancela02,16.0,0.649,0.138,0.259,8.7,20.3,14.5,11.7,2.0,2.6,11.0,11.9,2.8,2.1,4.9,0.171,0.0,2.0,1.4
2023,okogijo01,13.3,0.531,0.476,0.464,8.8,11.9,10.3,10.3,2.0,2.3,11.2,17.7,1.1,1.7,2.8,0.101,-0.8,0.5,0.6
2023,mcderdo01,11.1,0.59,0.57,0.134,1.8,10.0,5.8,9.8,0.5,0.4,9.5,19.2,1.0,0.0,1.0,0.035,-0.7,-2.5,-0.4
2023,hortota01,13.7,0.508,0.331,0.274,3.4,13.7,8.6,27.4,1.5,1.9,15.5,25.9,-0.3,1.1,0.8,0.029,-1.1,-0.5,0.2
2023,alvarjo01,11.8,0.525,0.505,0.164,2.4,9.8,6.1,19.9,2.5,0.7,13.4,19.8,0.1,1.7,1.8,0.066,-2.0,0.7,0.3
2023,wiggiaa01,12.2,0.607,0.336,0.196,5.5,12.0,8.7,8.3,1.4,1.1,12.2,14.5,1.4,1.2,2.6,0.097,-1.5,-0.5,0.0
2023,walkelo01,12.2,0.57,0.472,0.201,1.2,7.6,4.5,7.0,1.1,1.1,7.4,20.2,0.8,1.0,1.8,0.066,-0.9,-0.5,0.2
2023,hausesa01,12.7,0.634,0.846,0.043,3.0,14.1,8.6,7.6,1.1,1.4,6.9,14.7,1.8,1.6,3.4,0.128,0.6,0.4,1.0
2023,smithja04,15.9,0.565,0.376,0.27,11.2,22.9,17.1,7.6,0.8,4.0,11.2,21.0,1.1,1.1,2.3,0.085,-0.9,-1.1,0.0
2023,ballla01,17.9,0.541,0.531,0.169,3.5,16.2,9.7,38.7,1.7,0.8,14.3,30.0,0.6,1.2,1.8,0.068,3.2,-0.8,1.4
2023,roddyda01,8.8,0.519,0.505,0.155,4.2,12.0,8.1,6.1,1.1,1.4,11.3,16.7,-0.3,1.4,1.1,0.043,-3.2,-0.7,-0.6
2023,nowelja01,13.7,0.527,0.371,0.158,3.3,11.7,7.6,15.9,1.6,0.3,8.9,25.0,0.0,1.2,1.2,0.046,-1.5,-1.0,-0.2
2023,reidna01,18.5,0.617,0.376,0.22,6.6,22.8,14.9,9.6,1.6,3.7,12.7,24.8,1.1,1.9,3.0,0.114,0.3,0.8,1.0
2023,lylestr01,14.2,0.607,0.588,0.304,6.3,21.1,13.7,7.0,1.0,2.2,12.2,18.1,1.4,1.2,2.6,0.098,0.0,-0.9,0.3
2023,suggsja01,12.5,0.528,0.455,0.268,5.0,9.6,7.3,18.0,2.6,2.1,15.9,20.3,-0.2,1.5,1.4,0.053,-1.8,0.8,0.3
2023,josepco01,12.1,0.558,0.513,0.205,1.8,7.9,4.8,25.4,1.3,0.6,12.8,15.2,1.5,0.3,1.8,0.07,-0.7,-0.8,0.2
2023,wrighde01,16.3,0.581,0.409,0.206,5.5,10.7,8.2,20.9,3.7,1.2,12.2,12.9,2.1,1.6,3.7,0.146,0.4,3.1,1.7
2023,richani01,18.3,0.676,0.003,0.585,12.6,24.0,18.2,4.5,0.4,5.1,13.0,15.6,2.7,1.5,4.2,0.165,-1.0,-0.2,0.2
2023,curryse01,12.3,0.593,0.517,0.122,1.2,7.9,4.6,11.9,1.5,0.5,9.7,19.2,0.9,0.9,1.8,0.07,-1.2,-0.9,0.0
2023,agbajoc01,9.5,0.561,0.591,0.179,3.9,6.9,5.4,7.5,0.6,1.0,9.0,15.8,0.9,0.4,1.3,0.053,-1.7,-1.4,-0.3
2023,willike04,14.4,0.585,0.387,0.113,8.5,14.9,11.6,11.7,1.8,1.1,8.1,13.7,2.0,1.3,3.3,0.133,0.1,0.4,0.8
2023,liveris01,8.4,0.567,0.705,0.135,2.5,11.0,6.6,4.8,1.1,2.1,9.0,11.9,0.5,0.5,1.0,0.041,-2.1,-0.3,-0.1
2023,lamban01,10.9,0.61,0.634,0.191,5.3,14.4,9.9,10.5,1.1,1.5,13.7,13.8,1.2,1.2,2.4,0.096,-1.6,0.4,0.3
2023,princta02,10.0,0.597,0.512,0.203,1.4,10.8,6.2,9.6,1.1,1.1,14.3,17.3,0.3,1.0,1.3,0.052,-2.6,-0.6,-0.4
2023,wiggian01,14.7,0.564,0.425,0.136,5.7,11.3,8.6,10.5,1.8,2.1,7.9,21.5,1.0,1.3,2.3,0.091,-0.1,-0.4,0.5
2023,harriga01,10.5,0.62,0.71,0.098,2.0,7.4,4.7,6.9,1.8,1.0,8.0,12.6,1.3,1.1,2.3,0.095,-1.4,0.7,0.4
2023,manntr01,10.0,0.492,0.513,0.11,2.4,11.8,7.0,14.0,1.6,0.9,10.6,20.7,-0.6,1.1,0.5,0.021,-3.0,-1.0,-0.6
2023,watfotr01,13.6,0.625,0.198,0.31,4.1,19.2,11.6,16.0,1.3,0.9,16.2,16.1,1.3,0.7,2.1,0.084,-1.4,-0.4,0.1
2023,braunch01,10.3,0.568,0.332,0.221,4.8,12.6,8.8,6.4,1.7,1.3,9.9,13.0,0.7,1.2,1.9,0.079,-2.5,0.1,-0.1
2023,tillmxa01,17.3,0.621,0.049,0.291,10.9,16.7,13.8,10.9,2.3,2.2,11.3,13.7,2.3,1.9,4.2,0.171,0.3,1.7,1.2
2023,vassede01,15.5,0.55,0.447,0.168,0.7,13.5,6.9,17.3,1.7,1.2,8.2,24.4,0.7,0.5,1.2,0.051,1.3,-0.9,0.7
2023,sextoco01,15.9,0.616,0.261,0.425,3.5,6.3,5.0,17.9,1.1,0.4,13.3,23.4,2.0,0.5,2.5,0.105,0.1,-1.5,0.2
2023,achiupr01,15.2,0.554,0.267,0.307,9.3,24.4,16.3,6.3,1.3,2.6,11.4,19.4,0.8,1.4,2.2,0.093,-1.4,-0.8,-0.1
2023,adamsst01,17.5,0.564,0.004,0.49,20.1,25.3,22.7,11.2,1.5,3.7,19.8,14.6,1.3,2.1,3.4,0.144,-0.3,0.9,0.7
2023,burksal01,16.5,0.602,0.521,0.41,1.8,14.2,7.8,15.9,1.6,0.6,9.7,22.8,1.9,0.6,2.5,0.109,1.8,-0.5,0.9
2023,stevela01,9.5,0.524,0.33,0.198,5.0,16.7,10.9,4.0,1.2,1.6,7.9,13.6,0.3,1.6,1.9,0.08,-3.0,0.2,-0.2
2023,wagnemo01,17.4,0.63,0.412,0.46,7.0,19.4,13.2,11.5,1.6,1.1,12.5,21.1,2.1,1.3,3.4,0.149,0.4,0.2,0.7
2023,goodwjo01,14.8,0.531,0.334,0.195,6.0,14.3,10.3,20.8,2.6,2.0,12.9,17.3,0.9,1.3,2.2,0.097,-0.7,1.4,0.8
2023,oladivi01,10.6,0.513,0.526,0.196,1.6,12.3,6.8,19.8,2.6,1.1,16.6,21.1,-0.9,1.5,0.6,0.024,-2.9,0.8,0.0
2023,simmobe01,13.4,0.559,0.009,0.243,4.2,22.2,13.4,31.3,2.4,1.9,27.2,14.3,0.5,1.7,2.2,0.097,-2.2,2.6,0.7
2023,greenje02,11.0,0.576,0.317,0.357,4.1,10.9,7.6,8.3,0.8,1.4,10.8,17.0,0.8,0.8,1.7,0.074,-2.4,-1.0,-0.4
2023,clarkbr01,20.0,0.682,0.017,0.393,9.0,21.2,15.1,9.5,1.5,3.1,11.8,17.7,2.7,1.8,4.5,0.199,0.8,1.8,1.3
2023,brissos01,10.6,0.52,0.486,0.455,6.4,16.0,11.2,5.4,1.4,1.0,8.2,16.1,0.4,0.7,1.1,0.05,-2.0,-1.2,-0.3
2023,toppiob01,13.6,0.565,0.589,0.112,3.0,16.6,9.8,9.2,1.1,1.1,8.0,19.5,1.1,1.0,2.1,0.095,0.3,-0.8,0.4
2023,inglejo01,10.7,0.616,0.819,0.085,1.4,11.1,6.4,18.4,1.5,0.5,17.6,12.6,1.1,1.2,2.3,0.107,-1.6,0.8,0.3
2023,johnsja05,14.1,0.554,0.323,0.242,5.3,24.6,14.8,10.4,1.7,2.8,10.3,16.0,0.8,1.3,2.1,0.099,-1.2,1.5,0.6
2023,jacksis01,17.5,0.595,0.044,0.459,12.1,18.0,15.0,7.0,1.4,7.7,11.8,17.4,1.5,1.2,2.7,0.124,-1.7,0.9,0.3
2023,daniedy01,8.8,0.503,0.413,0.192,3.9,16.5,10.2,16.4,2.0,1.0,20.2,11.6,-0.1,1.4,1.3,0.061,-3.4,1.6,0.0
2023,gabriwe01,14.4,0.626,0.138,0.323,12.6,17.2,15.0,4.8,1.2,2.9,13.4,14.1,1.5,1.3,2.8,0.132,-2.3,0.1,-0.1
2023,riverau01,7.4,0.564,0.589,0.187,0.6,8.4,4.6,9.3,1.3,0.3,9.2,10.5,0.5,0.8,1.3,0.061,-3.3,0.5,-0.2
2023,diallha01,15.7,0.593,0.056,0.395,6.2,15.7,10.8,9.2,2.6,1.4,13.9,21.8,0.4,0.9,1.3,0.063,-1.8,0.4,0.1
2023,baglema01,17.2,0.587,0.173,0.283,10.2,20.2,15.1,5.9,0.9,2.7,9.7,20.4,1.3,0.7,2.0,0.095,0.3,-1.2,0.3
2023,landajo01,16.4,0.595,0.249,0.312,13.2,18.6,15.8,10.1,0.8,2.7,13.3,19.3,1.5,1.2,2.7,0.132,-0.7,-0.4,0.2
2023,littlna01,10.2,0.555,0.521,0.152,3.2,13.5,8.3,7.3,1.0,1.8,10.0,16.0,0.2,0.4,0.7,0.032,-1.6,-1.4,-0.3
2023,garubus01,12.9,0.569,0.333,0.266,13.4,21.4,17.4,8.8,2.2,2.9,19.2,10.5,0.9,0.9,1.8,0.091,-2.0,0.6,0.2
2023,thorjt01,7.0,0.506,0.517,0.197,3.9,13.0,8.4,4.9,1.1,2.1,14.5,13.1,-0.6,0.8,0.2,0.009,-4.3,-0.4,-0.7
2023,highsha01,8.5,0.517,0.505,0.13,6.7,16.4,11.4,6.2,1.9,1.8,16.5,12.5,-0.3,1.3,0.9,0.046,-3.7,0.7,-0.3
2023,payneca01,13.2,0.512,0.408,0.141,1.3,11.0,6.1,32.6,1.7,0.7,14.4,24.8,0.0,1.0,1.1,0.053,-0.5,-0.7,0.2
2023,townska01,18.8,0.618,0.383,0.315,5.7,21.6,13.8,22.0,1.0,1.5,15.0,25.6,1.5,1.1,2.7,0.133,2.1,0.9,1.2
2023,willizi01,25.2,0.652,0.041,0.529,6.9,17.0,12.0,24.4,1.6,1.6,14.6,30.4,2.3,1.2,3.6,0.18,4.8,1.0,1.9
2023,thomaca02,14.7,0.567,0.292,0.382,1.0,10.1,5.6,12.7,1.0,0.6,10.6,27.8,0.3,0.7,1.0,0.049,-0.7,-2.0,-0.2
2023,klebima01,8.7,0.592,0.663,0.225,3.7,13.3,8.4,7.5,0.6,2.9,12.7,10.3,0.7,0.6,1.3,0.067,-2.2,0.0,0.0
2023,watanyu01,12.1,0.637,0.582,0.203,3.7,13.1,8.5,7.0,1.3,1.6,8.0,13.1,1.3,0.9,2.1,0.111,-0.4,-0.2,0.3
2023,wainris01,9.2,0.522,0.762,0.137,5.3,11.6,8.4,7.4,2.0,2.2,8.4,12.2,0.5,1.2,1.7,0.089,-2.7,1.5,0.2
2023,nixda01,5.3,0.447,0.591,0.152,2.1,9.7,5.9,19.2,1.6,0.7,25.4,15.4,-1.5,0.3,-1.2,-0.062,-5.0,-1.5,-1.0
2023,willija07,11.2,0.559,0.483,0.231,5.1,23.6,14.1,10.7,1.5,1.2,12.6,13.5,0.7,1.2,1.9,0.099,-2.3,0.6,0.1
2023,duartch01,8.6,0.496,0.523,0.216,2.4,11.9,7.1,9.7,1.3,0.9,10.1,19.0,-0.5,0.4,0.0,-0.003,-2.9,-1.6,-0.6
2023,jonesde02,13.8,0.597,0.348,0.365,7.7,11.6,9.7,5.1,1.6,4.0,8.6,14.5,1.2,1.2,2.4,0.131,-1.2,0.8,0.3
2023,wadede01,8.5,0.55,0.718,0.13,2.6,17.2,9.9,5.4,1.6,2.2,8.3,10.2,0.4,1.4,1.8,0.097,-2.9,2.1,0.3
2023,cancavl01,11.0,0.606,0.507,0.181,3.2,13.1,8.3,11.5,1.2,1.4,13.1,13.8,0.9,0.8,1.7,0.093,-1.7,-0.1,0.0
2023,biyombi01,14.4,0.555,0.0,0.34,11.0,22.1,16.5,8.7,1.0,9.0,17.7,14.0,0.2,1.6,1.9,0.102,-3.4,2.5,0.2
2023,maledth01,11.6,0.515,0.374,0.291,1.7,13.9,7.7,24.2,2.1,1.2,17.1,17.0,0.0,0.9,0.8,0.047,-3.0,0.5,-0.1
2023,drumman01,20.8,0.606,0.011,0.456,18.7,40.2,29.6,5.7,2.6,3.1,18.6,21.0,0.8,2.0,2.8,0.159,-1.2,0.5,0.3
2023,holidaa01,9.4,0.528,0.4,0.145,3.2,6.4,4.8,13.0,2.1,1.2,13.3,13.4,0.3,0.6,0.9,0.053,-2.9,0.9,0.0
2023,langfro01,10.4,0.524,0.236,0.216,7.1,7.7,7.4,7.9,1.3,1.3,9.6,15.4,0.3,0.2,0.5,0.029,-2.6,-1.5,-0.5
2023,daviste02,12.9,0.563,0.668,0.118,2.7,16.1,9.4,11.1,2.4,1.2,12.2,22.2,0.0,0.9,0.9,0.054,-1.3,-0.3,0.1
2023,willima07,19.8,0.659,0.0,0.386,11.7,27.7,19.6,3.3,1.6,4.7,12.0,17.0,1.5,1.3,2.8,0.163,-0.5,0.6,0.4
2023,williro04,19.8,0.742,0.006,0.241,14.0,24.5,19.3,8.5,1.3,5.0,15.3,11.8,2.3,1.6,3.8,0.224,1.0,2.4,1.1
2023,matthwe02,7.0,0.519,0.775,0.175,4.5,9.7,7.2,5.1,1.2,1.3,9.5,9.8,0.3,0.9,1.2,0.073,-3.4,0.8,-0.1
2023,moodymo01,10.3,0.603,0.595,0.233,3.8,10.2,7.1,8.2,1.0,0.8,12.0,14.6,0.7,0.6,1.3,0.076,-1.7,-0.9,-0.1
2023,gayru01,9.0,0.475,0.453,0.171,4.4,17.0,10.8,9.4,1.1,1.9,10.7,17.7,-0.4,0.7,0.3,0.018,-3.6,-0.4,-0.4
2023,jeromty01,12.8,0.594,0.372,0.169,1.0,9.4,5.3,22.1,1.3,0.5,10.3,14.9,1.4,0.7,2.1,0.124,-1.1,0.3,0.3
2023,robinje02,13.0,0.548,0.448,0.169,9.2,14.7,11.9,7.0,1.4,1.2,6.7,14.6,1.1,0.8,1.9,0.111,-0.8,-0.7,0.1
2023,simsje01,13.8,0.78,0.009,0.15,13.3,19.4,16.4,4.0,0.9,3.2,19.1,7.4,1.6,0.9,2.6,0.153,-1.0,0.5,0.3
2023,houstca01,6.2,0.508,0.747,0.099,4.7,9.1,6.9,4.9,0.7,0.8,8.7,11.0,0.1,0.5,0.7,0.039,-3.1,-0.9,-0.4
2023,houseda01,9.4,0.6,0.558,0.305,1.3,12.2,6.9,7.5,0.9,1.0,10.4,13.8,0.6,0.7,1.3,0.075,-2.5,-0.5,-0.2
2023,shamela01,10.9,0.537,0.663,0.17,1.5,7.9,4.6,15.7,1.6,0.6,10.0,18.9,0.5,0.7,1.2,0.071,-1.1,-0.3,0.1
2023,kornelu01,16.7,0.697,0.076,0.229,11.9,14.8,13.4,9.1,0.7,4.9,11.8,11.5,2.1,1.2,3.3,0.198,-0.4,1.3,0.6
2023,kolokch01,11.4,0.517,0.08,0.393,11.1,13.3,12.1,5.0,1.3,6.9,10.2,10.4,0.7,1.0,1.7,0.104,-4.3,0.8,-0.3
2023,middlkh01,17.4,0.551,0.399,0.251,3.8,14.0,9.1,30.7,1.4,0.5,13.6,27.4,1.0,1.0,1.9,0.117,1.0,-0.3,0.6
2023,greenja01,15.5,0.65,0.44,0.266,10.1,18.0,14.1,8.9,1.5,2.5,15.6,17.5,1.2,1.0,2.2,0.133,-0.7,0.2,0.3
2023,youngth01,14.1,0.573,0.172,0.131,9.4,14.6,11.8,12.9,3.4,0.6,16.7,13.5,0.7,1.1,1.8,0.109,-1.8,1.9,0.4
2023,mcgowbr01,7.2,0.519,0.396,0.396,2.7,10.1,6.3,9.1,0.9,0.7,15.3,15.0,-0.4,0.4,0.1,0.005,-4.6,-1.4,-0.8
2023,chrisjo01,11.5,0.523,0.271,0.182,2.8,7.2,5.0,14.3,2.0,1.9,14.4,21.9,-0.3,0.3,0.0,-0.001,-3.0,-1.4,-0.5
2023,covinro01,14.2,0.584,0.594,0.175,4.5,19.2,11.9,10.2,2.4,3.7,11.5,15.6,0.7,1.2,1.9,0.117,-0.5,2.1,0.7
2023,winslju01,9.3,0.466,0.227,0.141,7.2,14.3,10.7,17.2,1.9,1.3,17.0,14.2,-0.1,0.5,0.4,0.022,-3.4,0.6,-0.2
2023,fontesi01,8.0,0.495,0.612,0.141,4.4,7.7,6.1,7.5,0.9,0.9,10.5,20.2,-0.4,0.3,-0.1,-0.004,-3.0,-2.1,-0.6
2023,mcbrimi01,8.4,0.475,0.623,0.195,1.9,5.4,3.6,12.4,2.4,1.0,9.7,14.6,0.0,0.7,0.7,0.047,-3.6,1.4,-0.1
2023,reedpa01,19.2,0.62,0.029,0.244,17.8,23.1,20.5,5.3,3.0,6.3,16.3,16.4,1.2,1.6,2.8,0.18,-1.6,1.5,0.4
2023,walljo01,13.6,0.498,0.322,0.334,2.1,11.4,6.8,35.3,1.8,1.4,17.1,27.0,-0.4,0.7,0.3,0.02,-0.8,-0.4,0.1
2023,sumneed01,14.0,0.597,0.323,0.401,2.0,9.9,6.0,13.3,2.1,1.2,13.6,22.1,0.6,0.7,1.3,0.086,-2.4,-0.2,-0.1
2023,nnajize01,12.5,0.62,0.332,0.316,10.5,11.2,10.9,3.3,1.1,2.8,12.2,15.2,0.9,0.7,1.6,0.106,-2.7,-0.9,-0.3
2023,hardyja02,14.6,0.571,0.468,0.237,1.8,13.0,7.3,14.9,1.2,0.9,11.1,26.4,0.2,0.5,0.7,0.048,-0.4,-1.9,0.0
2023,beaucma01,8.2,0.513,0.584,0.152,5.9,11.0,8.5,6.7,1.4,0.8,14.8,18.3,-0.4,0.8,0.4,0.027,-4.1,-0.6,-0.5
2023,pokusal01,13.4,0.522,0.418,0.141,6.8,17.8,12.2,12.4,1.4,5.7,14.0,18.3,0.0,1.0,1.0,0.066,-1.0,1.0,0.3
2023,flynnma01,8.7,0.479,0.55,0.136,2.3,10.8,6.2,13.7,1.5,0.6,8.9,17.4,0.0,0.5,0.5,0.034,-3.3,-0.8,-0.4
2023,robindu01,7.8,0.534,0.81,0.135,1.3,10.7,5.9,9.7,1.0,0.0,10.0,17.9,-0.1,0.6,0.5,0.035,-3.5,-1.5,-0.5
2023,metuch01,17.3,0.639,0.174,0.333,7.8,24.9,16.4,8.1,1.5,2.7,11.3,17.6,1.2,0.8,2.1,0.143,-0.3,0.2,0.3
2023,harremo01,17.6,0.631,0.029,0.483,11.8,15.7,13.8,7.4,1.2,3.4,12.1,18.9,1.3,0.8,2.2,0.153,-0.9,-0.4,0.1
2023,mclaujo01,11.8,0.526,0.538,0.124,2.5,7.6,5.1,27.4,2.2,0.5,17.7,11.7,0.7,0.6,1.3,0.094,-1.3,0.6,0.2
2023,tateja01,12.2,0.546,0.201,0.301,6.6,12.6,9.6,18.2,1.5,1.0,15.3,18.8,0.4,0.3,0.7,0.049,-2.8,-0.7,-0.3
2023,weslebl01,3.5,0.393,0.242,0.205,1.9,11.7,6.6,18.6,1.8,0.6,21.7,18.5,-1.9,0.3,-1.6,-0.114,-7.9,-1.8,-1.3
2023,pritcpa01,10.3,0.536,0.629,0.065,4.3,10.5,7.5,14.0,1.1,0.1,13.7,19.8,-0.1,0.7,0.6,0.045,-2.1,-1.2,-0.2
2023,coffeam01,7.0,0.498,0.276,0.434,3.1,6.4,4.7,11.2,0.5,0.7,10.8,13.5,0.1,0.3,0.4,0.033,-4.3,-0.7,-0.5
2023,gillan01,11.1,0.604,0.22,0.508,6.9,10.6,8.8,7.2,0.5,1.6,8.5,12.3,1.0,0.4,1.3,0.101,-2.4,-0.9,-0.2
2023,walkeja01,9.6,0.496,0.283,0.227,8.8,15.5,12.2,7.8,0.8,1.9,11.8,17.3,-0.1,0.3,0.2,0.015,-3.9,-2.1,-0.6
2023,hernaju01,7.6,0.504,0.588,0.14,4.6,19.1,11.3,5.2,1.3,0.9,11.0,9.4,0.1,0.6,0.7,0.053,-3.5,0.2,-0.2
2023,hayesja02,13.7,0.605,0.186,0.532,7.3,17.3,12.3,7.7,1.6,3.0,13.9,15.7,0.6,0.9,1.5,0.118,-2.2,1.0,0.1
2023,ntilila01,5.2,0.461,0.508,0.25,1.3,10.7,5.9,12.8,1.3,1.0,16.5,13.1,-0.5,0.4,-0.1,-0.01,-6.1,-0.7,-0.7
2023,jordade01,14.7,0.731,0.009,0.417,10.5,28.6,19.8,7.7,1.0,3.5,26.1,13.7,0.5,0.9,1.4,0.112,-2.4,0.7,0.0
2023,griffbl01,13.1,0.59,0.508,0.246,9.2,20.4,14.9,14.2,1.2,1.4,13.2,12.7,1.0,0.8,1.8,0.153,-1.4,1.5,0.3
2023,diengou01,9.3,0.505,0.541,0.127,3.5,16.5,9.9,10.7,1.2,1.1,12.0,15.9,-0.1,0.6,0.4,0.038,-3.1,-0.5,-0.2
2023,dunnkr01,19.1,0.606,0.167,0.245,1.7,17.1,9.5,32.3,2.1,1.5,12.8,20.2,1.3,0.6,1.9,0.162,0.7,1.7,0.6
2023,millspa02,10.6,0.554,0.641,0.144,1.6,7.0,4.4,13.9,1.3,0.5,11.9,19.7,0.0,0.4,0.4,0.035,-1.4,-1.7,-0.2
2023,rubiori01,10.4,0.442,0.461,0.197,1.9,12.7,7.3,27.1,2.3,1.0,13.8,17.7,-0.2,0.9,0.7,0.062,-3.8,1.1,-0.1
2023,willizi02,7.4,0.511,0.495,0.112,3.0,11.9,7.5,8.2,1.2,1.0,15.2,18.0,-0.5,0.6,0.1,0.011,-4.7,-0.8,-0.5
2023,sharpda01,17.8,0.581,0.064,0.322,20.6,20.1,20.4,9.7,1.3,5.0,17.7,19.0,0.8,0.8,1.6,0.139,-1.8,-0.6,0.0
2023,joneska01,10.8,0.597,0.158,0.217,7.0,17.0,11.9,3.7,1.5,4.7,19.1,12.4,0.0,0.7,0.7,0.062,-4.8,0.8,-0.3
2023,waterli01,11.8,0.573,0.91,0.112,3.2,12.2,7.6,7.0,1.3,1.9,5.1,15.5,0.6,0.5,1.1,0.101,0.5,-0.4,0.3
2023,mcgruro01,10.7,0.566,0.638,0.145,4.1,11.8,7.8,7.6,1.5,0.2,6.4,14.0,0.5,0.2,0.7,0.068,-0.8,-0.7,0.1
2023,okekech01,9.1,0.488,0.705,0.172,5.7,15.3,10.5,9.4,1.8,2.1,11.5,12.3,0.0,0.6,0.7,0.061,-2.4,0.8,0.1
2023,bouknja01,6.2,0.463,0.565,0.155,1.6,13.5,7.5,11.1,1.3,0.8,13.4,19.5,-0.8,0.4,-0.4,-0.04,-5.4,-1.1,-0.6
2023,chrisma02,7.4,0.566,0.585,0.151,1.5,13.8,7.8,5.1,0.8,1.2,10.3,10.4,0.1,0.5,0.6,0.058,-3.2,0.0,-0.1
2023,bassech01,18.8,0.658,0.059,0.274,15.5,26.4,20.7,13.2,1.5,5.4,21.3,15.6,0.8,0.6,1.3,0.123,-0.6,1.3,0.3
2023,netora01,12.6,0.628,0.382,0.309,2.3,8.4,5.4,21.0,1.7,0.7,16.1,13.2,0.8,0.6,1.5,0.142,-1.7,1.5,0.2
2023,bertada01,11.9,0.618,0.881,0.094,2.3,10.3,6.3,6.2,1.1,1.5,5.7,16.2,0.6,0.3,0.9,0.09,0.0,-1.3,0.1
2023,gibsota01,11.4,0.585,0.192,0.336,7.7,13.6,10.8,9.6,1.5,2.1,15.3,15.3,0.4,0.5,0.8,0.082,-3.6,0.5,-0.1
2023,greenja02,14.5,0.646,0.324,0.417,6.5,14.2,10.4,6.4,2.4,4.2,13.5,13.6,0.6,0.8,1.4,0.142,-1.1,2.5,0.4
2023,robyis01,9.3,0.497,0.387,0.265,4.7,20.6,12.3,10.7,1.8,1.2,15.2,17.8,-0.4,0.3,-0.1,-0.011,-4.0,-0.6,-0.3
2023,johnsst04,13.5,0.625,0.328,0.32,4.9,17.7,11.1,19.0,1.6,1.1,19.2,15.2,0.5,0.3,0.7,0.076,-0.8,-0.2,0.1
2023,fournev01,6.9,0.471,0.687,0.127,1.0,10.8,5.9,10.6,1.7,0.6,11.2,18.4,-0.3,0.4,0.1,0.01,-4.0,0.0,-0.2
2023,hernawi01,20.7,0.61,0.065,0.615,14.4,30.1,22.3,10.7,1.8,2.7,15.4,23.8,0.8,0.8,1.6,0.171,-0.2,0.5,0.3
2023,harrike01,9.2,0.564,0.402,0.383,6.9,10.4,8.7,4.7,1.8,1.1,14.4,13.7,0.2,0.4,0.6,0.065,-3.5,-0.1,-0.2
2023,schofad01,10.1,0.587,0.607,0.189,5.8,9.8,7.8,9.6,0.9,1.1,10.8,14.1,0.5,0.3,0.8,0.089,-2.2,-0.7,-0.1
2023,washity02,7.5,0.432,0.5,0.113,0.5,11.0,5.7,15.3,1.7,0.5,7.7,17.4,-0.3,0.1,-0.1,-0.016,-5.0,-1.3,-0.5
2023,robinor01,13.4,0.565,0.067,0.348,12.8,22.3,17.4,8.4,1.4,2.9,13.5,12.4,0.5,0.6,1.1,0.129,-2.7,0.7,0.0
2023,davisjo06,7.2,0.446,0.409,0.158,2.7,13.9,8.5,9.2,1.2,1.6,8.5,20.5,-0.6,0.3,-0.3,-0.033,-5.8,-1.7,-0.6
2023,johnske07,9.0,0.482,0.455,0.23,3.0,9.2,6.1,20.9,2.2,1.3,18.0,25.0,-0.7,0.2,-0.5,-0.057,-3.8,-1.6,-0.4
2023,laravja01,6.7,0.531,0.747,0.095,4.9,11.3,8.1,6.2,1.4,0.9,15.4,11.7,0.0,0.5,0.5,0.054,-3.9,0.4,-0.2
2023,barlodo01,12.4,0.567,0.047,0.291,11.9,15.6,13.7,7.6,1.2,3.8,13.4,11.3,0.5,0.2,0.7,0.082,-3.7,-0.9,-0.3
2023,cunnica01,14.0,0.492,0.272,0.192,3.2,17.7,10.3,30.7,1.2,1.5,13.8,30.0,-0.4,0.2,-0.1,-0.018,-0.1,-0.6,0.1
2023,smithis01,6.5,0.407,0.092,0.031,1.5,13.8,7.8,32.5,1.0,1.6,24.9,19.3,-0.8,0.4,-0.5,-0.056,-5.5,-1.1,-0.5
2023,washidu02,9.3,0.458,0.434,0.094,0.6,9.8,5.1,25.2,0.7,0.9,11.3,32.5,-0.8,0.3,-0.5,-0.065,-1.8,-2.8,-0.3
2023,azubuud01,16.1,0.774,0.0,0.278,9.5,26.1,17.9,4.3,0.8,3.5,18.2,11.5,0.6,0.4,1.0,0.134,-1.2,0.5,0.1
2023,dienggo01,9.9,0.493,0.641,0.111,7.9,25.4,16.3,19.4,0.5,3.2,20.7,17.9,-0.2,0.2,0.0,0.001,-4.0,0.1,-0.2
2023,mcgeeja01,17.2,0.65,0.04,0.328,9.7,25.5,17.5,5.2,0.6,6.5,20.1,22.8,0.1,0.5,0.6,0.076,-3.6,-0.1,-0.1
2023,korkmfu01,9.3,0.552,0.414,0.324,2.0,11.8,7.0,8.8,1.4,0.8,15.9,19.1,-0.2,0.3,0.1,0.019,-3.3,-1.0,-0.2
2023,holmeri01,12.9,0.668,0.09,0.213,9.6,16.6,13.1,3.5,0.4,2.8,12.6,13.7,0.6,0.3,0.8,0.113,-2.0,-0.9,-0.1
2023,greenaj01,11.5,0.607,0.84,0.032,1.9,11.3,6.8,8.7,0.8,0.0,6.6,16.6,0.5,0.3,0.8,0.111,-0.3,-0.6,0.1
2023,crowdja01,14.6,0.624,0.585,0.128,5.4,15.3,10.6,10.6,1.7,1.4,6.6,13.2,0.7,0.5,1.2,0.165,0.1,1.1,0.3
2023,rosede01,10.1,0.463,0.396,0.075,2.6,10.4,6.5,19.9,1.0,1.4,11.8,23.6,-0.3,0.3,0.0,-0.001,-2.2,-1.5,-0.1
2023,wrighmc01,12.4,0.536,0.286,0.194,3.1,13.4,8.2,25.2,1.2,1.3,15.2,16.9,0.2,0.2,0.5,0.069,-1.9,-0.8,-0.1
2023,pinsoth01,10.1,0.512,0.713,0.149,3.6,19.3,11.4,19.6,0.9,0.3,11.5,14.7,0.2,0.2,0.5,0.071,-2.5,-0.9,-0.1
2023,lopezro01,11.6,0.675,0.053,0.24,9.1,11.0,10.0,9.1,0.3,2.5,23.2,16.1,0.2,0.3,0.6,0.094,-3.4,0.3,-0.1
2023,knighna01,14.5,0.655,0.272,0.704,8.6,12.8,10.8,6.1,1.6,1.8,16.5,18.7,0.4,0.3,0.7,0.116,-2.4,-0.8,-0.1
2023,chandke01,10.6,0.44,0.181,0.157,3.4,10.9,7.2,26.4,2.0,1.6,16.9,15.8,-0.1,0.4,0.3,0.044,-3.3,0.6,0.0
2023,bantoda01,14.9,0.505,0.392,0.185,4.2,14.9,9.1,19.3,2.3,4.5,11.4,24.2,0.0,0.4,0.4,0.064,-1.1,0.6,0.1
2023,forretr01,6.1,0.424,0.033,0.05,2.0,12.8,7.3,16.5,1.2,0.6,19.7,11.6,-0.2,0.2,-0.1,-0.011,-5.3,0.2,-0.2
2023,forbebr01,6.2,0.497,0.554,0.181,1.7,4.5,3.1,8.2,1.2,0.7,11.8,16.2,-0.2,0.2,0.0,0.0,-4.8,-1.5,-0.3
2023,dowtije01,9.9,0.5,0.281,0.158,2.4,8.0,5.0,15.5,1.7,1.1,7.6,10.9,0.2,0.2,0.4,0.076,-2.8,0.9,0.0
2023,okpalkz01,6.2,0.554,0.553,0.211,3.2,12.4,7.8,6.3,1.4,2.5,14.4,8.4,0.1,0.2,0.3,0.057,-4.3,1.1,-0.1
2023,bostobr01,13.4,0.515,0.238,0.311,3.2,10.3,6.8,12.5,1.8,0.0,8.0,26.5,0.0,0.2,0.2,0.04,-1.5,-0.7,0.0
2023,garzalu01,23.0,0.652,0.336,0.448,15.5,13.5,14.5,11.8,0.6,0.7,9.2,26.9,0.9,0.2,1.1,0.211,2.2,-2.6,0.1
2023,cainja01,16.5,0.647,0.303,0.333,7.1,18.7,12.7,7.6,2.3,0.4,7.3,15.1,0.5,0.3,0.8,0.169,-0.5,1.3,0.2
2023,lewiski01,14.5,0.584,0.386,0.25,2.4,13.5,8.0,14.0,2.1,0.8,9.3,19.7,0.3,0.3,0.6,0.122,-0.8,0.5,0.1
2023,juzanjo01,6.5,0.411,0.606,0.038,3.8,14.3,9.1,4.7,0.8,1.1,2.8,19.6,-0.3,0.1,-0.2,-0.032,-4.3,-2.2,-0.3
2023,dukeda01,8.3,0.497,0.154,0.218,5.5,8.7,7.1,13.1,2.1,0.4,17.4,20.1,-0.3,0.2,-0.1,-0.011,-6.3,-1.0,-0.3
2023,baldwpa01,11.3,0.546,0.771,0.055,0.5,18.6,9.7,6.9,1.3,1.6,9.0,22.8,-0.1,0.3,0.1,0.029,-0.7,-1.4,0.0
2023,butlejo01,5.7,0.411,0.66,0.075,1.5,7.3,4.4,6.5,1.5,3.6,1.8,11.0,-0.1,0.1,0.0,0.001,-5.4,-0.8,-0.2
2023,zelleco01,16.4,0.659,0.034,0.593,13.0,21.8,17.3,7.2,0.7,1.9,15.8,18.1,0.4,0.3,0.7,0.147,-2.0,-0.7,0.0
2023,terryda01,14.1,0.523,0.375,0.292,6.5,13.0,9.8,14.1,2.5,2.3,9.0,18.4,0.1,0.3,0.5,0.105,-1.7,1.7,0.1
2023,dellama01,6.7,0.443,0.54,0.14,0.5,6.4,3.5,23.4,1.6,0.0,15.9,12.7,0.0,0.1,0.1,0.021,-4.4,-0.8,-0.2
2023,antetth01,6.7,0.458,0.174,0.478,7.9,14.1,11.1,9.3,0.7,1.2,17.7,13.8,-0.1,0.2,0.1,0.022,-6.5,-1.1,-0.3
2023,jovicni01,10.6,0.53,0.507,0.275,5.0,13.1,8.9,7.3,1.7,1.0,11.4,19.0,0.0,0.2,0.2,0.053,-3.4,0.0,-0.1
2023,rhodeja01,6.5,0.482,0.455,0.136,6.0,15.0,10.4,2.8,1.0,0.4,6.0,10.7,0.0,0.1,0.1,0.027,-5.0,-1.1,-0.2
2023,diabamo01,14.2,0.546,0.043,0.34,18.0,10.8,14.4,2.8,1.8,3.6,14.3,14.1,0.2,0.2,0.4,0.105,-1.9,-0.8,0.0
2023,mayssk01,19.4,0.624,0.382,0.191,1.2,10.4,5.8,40.0,1.5,0.5,11.9,19.3,0.6,0.1,0.7,0.171,2.1,-2.1,0.1
2023,watsope01,12.8,0.553,0.237,0.339,5.1,17.4,11.4,7.9,0.5,5.2,10.6,17.7,0.1,0.2,0.3,0.073,-2.7,-0.1,0.0
2023,ibakase01,9.8,0.553,0.333,0.241,8.8,15.7,12.4,2.9,0.5,3.1,15.6,16.1,0.0,0.2,0.2,0.058,-4.6,0.0,-0.1
2023,loftoke01,20.2,0.572,0.183,0.29,11.5,19.2,15.4,18.1,1.3,1.0,10.3,27.6,0.3,0.2,0.5,0.145,0.7,-1.1,0.1
2023,diakima01,9.0,0.56,0.42,0.04,5.4,14.7,10.0,6.3,1.1,4.7,19.1,16.0,-0.1,0.3,0.2,0.051,-4.9,1.6,-0.1
2023,marjabo01,23.4,0.71,0.017,0.45,12.7,26.0,19.3,8.7,1.4,1.1,16.3,20.8,0.4,0.1,0.6,0.158,3.0,-1.5,0.2
2023,vonleno01,5.9,0.502,0.167,0.083,11.7,18.8,15.3,5.1,0.6,4.0,30.7,9.2,0.0,0.3,0.2,0.06,-7.0,0.7,-0.2
2023,krejcvi01,7.7,0.475,0.568,0.054,3.9,13.4,8.6,12.4,1.4,0.5,11.7,10.9,0.0,0.1,0.1,0.042,-4.2,0.6,-0.1
2023,templga01,10.5,0.535,0.578,0.089,3.5,8.4,5.9,10.6,2.7,1.2,7.9,13.4,0.1,0.2,0.3,0.094,-2.5,1.6,0.0
2023,birchkh01,9.4,0.629,0.063,0.156,5.2,12.8,8.7,5.8,1.5,3.0,19.0,11.1,0.1,0.2,0.2,0.072,-4.6,1.1,-0.1
2023,johnsja01,8.4,0.486,0.306,0.163,2.7,17.8,10.3,12.6,2.1,3.2,13.2,15.7,-0.1,0.2,0.1,0.017,-5.7,1.2,-0.1
2023,lenal01,12.8,0.58,0.067,0.533,17.2,25.4,21.3,9.3,1.2,6.0,30.2,14.1,0.1,0.2,0.3,0.085,-4.9,0.9,-0.1
2023,samanlu01,11.0,0.55,0.544,0.228,0.0,19.9,10.1,13.0,1.8,1.1,13.8,18.9,0.0,0.2,0.2,0.045,-3.2,1.1,0.0
2023,moorewe01,9.3,0.465,0.395,0.116,3.0,10.0,6.6,15.3,2.5,2.8,15.0,14.9,-0.1,0.2,0.1,0.028,-3.8,1.3,0.0
2023,porteot01,14.0,0.656,0.567,0.267,4.3,10.9,7.4,7.2,3.7,0.0,10.7,11.0,0.2,0.2,0.4,0.142,-1.3,2.0,0.1
2023,walkeke02,15.0,0.543,0.491,0.368,2.4,10.6,6.5,20.1,0.7,1.2,5.7,22.1,0.2,0.1,0.3,0.098,0.3,-0.6,0.1
2023,culveja01,9.5,0.452,0.279,0.302,7.9,22.6,15.2,5.5,2.1,1.2,12.6,17.1,-0.1,0.2,0.0,0.014,-4.8,0.6,-0.1
2023,jacksqu01,12.2,0.542,0.286,0.524,1.7,4.8,3.3,15.1,1.4,0.6,7.2,17.9,0.1,0.1,0.2,0.078,-3.7,-1.5,-0.1
2023,martico01,8.7,0.448,0.389,0.194,6.2,13.0,9.5,11.0,1.4,0.6,4.9,12.9,0.0,0.1,0.1,0.045,-3.8,-0.8,-0.1
2023,willije02,15.5,0.657,0.205,0.077,9.0,4.6,6.8,12.1,1.2,1.4,9.0,15.2,0.3,0.0,0.3,0.12,-1.0,-2.1,0.0
2023,cooksxa01,14.3,0.586,0.036,0.357,14.7,18.7,16.8,6.4,2.3,2.7,19.8,13.9,0.1,0.2,0.2,0.094,-3.2,-0.4,-0.1
2023,prestja01,10.3,0.489,0.439,0.049,1.8,17.9,9.9,30.9,0.8,0.0,19.3,18.3,0.0,0.1,0.1,0.021,-2.1,-0.5,0.0
2023,isaacjo01,20.3,0.483,0.283,0.17,13.7,26.5,20.1,7.3,5.5,3.1,6.6,21.1,0.0,0.3,0.3,0.13,1.0,3.0,0.2
2023,harrish01,17.9,0.516,0.278,0.417,1.0,20.3,10.5,34.9,4.5,1.5,12.3,17.6,0.2,0.2,0.3,0.137,-2.5,2.6,0.1
2023,leoname01,12.0,0.652,0.621,0.31,11.4,19.4,15.5,1.2,0.8,0.0,15.4,14.4,0.2,0.1,0.3,0.126,-2.8,-2.2,-0.1
2023,sarrol01,11.5,0.544,0.267,0.233,11.1,18.2,14.6,4.6,0.4,4.1,10.8,13.6,0.1,0.1,0.2,0.094,-4.2,-0.7,-0.1
2023,iguodan01,7.3,0.521,0.6,0.2,3.0,13.4,8.3,20.3,1.7,2.3,35.5,9.4,0.0,0.1,0.1,0.044,-4.3,1.7,0.0
2023,theisda01,14.2,0.497,0.25,0.273,7.1,15.2,11.2,12.2,0.9,4.7,5.7,20.1,0.0,0.1,0.1,0.046,-0.9,-0.5,0.0
2023,jacksju01,6.3,0.359,0.741,0.074,2.1,15.1,8.7,10.5,1.8,3.2,6.7,12.2,-0.1,0.2,0.1,0.025,-4.2,1.6,0.0
2023,willivi01,3.9,0.367,0.7,0.05,4.0,11.1,7.6,4.8,2.7,1.7,10.9,18.1,-0.3,0.2,-0.1,-0.049,-8.3,-0.2,-0.2
2023,minotjo01,17.9,0.582,0.167,0.222,5.9,22.9,14.6,7.5,2.0,5.4,7.1,18.9,0.1,0.2,0.3,0.146,-1.9,0.4,0.0
2023,huffja01,22.3,0.796,0.48,0.64,7.3,16.9,12.3,14.7,1.5,3.6,13.5,16.9,0.4,0.1,0.5,0.261,2.8,1.2,0.1
2023,browngr01,5.8,0.421,0.25,0.429,2.5,21.2,11.7,4.5,2.1,4.8,15.3,18.4,-0.3,0.1,-0.1,-0.074,-8.5,0.0,-0.2
2023,primojo01,6.1,0.467,0.462,0.346,2.3,13.4,7.6,24.4,0.5,1.8,26.9,18.2,-0.2,0.0,-0.1,-0.073,-4.7,-1.6,-0.1
2023,boehebu01,0.5,0.287,0.926,0.074,2.4,5.1,3.7,5.8,1.1,0.0,0.0,13.2,-0.2,0.0,-0.2,-0.091,-7.5,-2.0,-0.2
2023,sprinja01,17.2,0.545,0.143,0.229,8.1,10.4,9.3,13.8,3.9,3.1,7.2,20.8,0.1,0.2,0.3,0.145,-2.6,2.9,0.1
2023,minayju01,4.0,0.363,0.522,0.043,3.8,15.6,9.7,5.9,1.1,5.0,14.6,13.4,-0.2,0.1,-0.1,-0.067,-7.2,-1.9,-0.2
2023,wiggili01,11.8,0.61,0.486,0.243,0.0,8.1,4.2,23.8,0.0,1.9,22.7,25.6,0.0,0.1,0.1,0.028,-3.1,-3.6,-0.1
2023,mobleis01,14.1,0.521,0.286,0.143,5.6,22.4,14.0,5.0,2.4,3.3,3.3,16.4,0.1,0.2,0.2,0.135,-2.5,1.1,0.0
2023,halljo02,5.5,0.438,0.536,0.321,3.8,12.3,7.9,17.0,0.6,0.0,18.0,19.4,-0.1,0.0,-0.1,-0.077,-4.7,-2.9,-0.1
2023,yurtsom01,16.7,0.675,0.259,0.222,10.9,21.9,16.2,3.9,1.2,2.5,11.9,18.0,0.2,0.1,0.3,0.159,-2.5,-1.5,0.0
2023,doziepj01,5.2,0.333,0.485,0.0,1.5,18.7,10.1,16.3,3.6,1.1,13.2,20.6,-0.3,0.1,-0.2,-0.097,-8.6,0.7,-0.1
2023,butleja02,13.0,0.578,0.438,0.0,1.4,4.3,2.8,15.0,3.1,0.0,13.5,20.1,0.0,0.1,0.1,0.061,-2.2,-0.4,0.0
2023,elliske01,14.0,0.629,0.75,0.438,6.5,6.4,6.4,10.5,3.4,1.2,5.0,12.1,0.2,0.1,0.2,0.162,-0.1,1.4,0.1
2023,hasleud01,6.2,0.433,0.31,0.172,6.4,12.0,9.1,0.0,0.7,2.9,3.1,20.1,-0.1,0.1,0.0,-0.009,-8.2,-3.9,-0.2
2023,queentr01,6.0,0.337,0.517,0.172,12.7,14.2,13.5,11.1,1.4,6.1,18.3,22.9,-0.3,0.1,-0.2,-0.133,-5.6,-1.5,-0.1
2023,bolmale01,-5.0,0.15,0.2,0.0,6.5,4.7,5.6,12.3,2.1,1.2,25.9,16.6,-0.4,0.0,-0.3,-0.231,-12.4,-2.3,-0.2
2023,whiteja03,12.6,0.517,0.474,0.158,10.7,18.6,14.8,7.7,2.2,2.7,9.0,14.7,0.1,0.1,0.1,0.108,-2.6,0.7,0.0
2023,martity01,7.7,0.44,0.304,0.087,8.2,11.7,10.0,3.9,0.7,0.0,7.7,16.5,0.0,0.0,0.0,-0.01,-4.2,-3.1,-0.1
2023,davisjd01,10.1,0.478,0.368,0.105,3.4,11.4,7.4,22.4,1.5,2.6,16.8,15.8,0.0,0.1,0.1,0.059,-4.5,0.4,0.0
2023,rolliry01,-1.4,0.508,0.45,0.3,5.4,15.7,10.6,12.4,0.8,1.4,41.4,26.1,-0.3,0.1,-0.3,-0.218,-11.3,-3.7,-0.2
2023,toddis01,-1.0,0.226,0.526,0.105,3.8,17.6,10.9,7.9,0.8,0.0,9.1,15.6,-0.2,0.0,-0.2,-0.147,-10.3,-3.9,-0.2
2023,merrisa01,15.5,0.546,0.818,0.091,0.0,18.0,9.0,12.0,3.4,0.0,0.0,17.3,0.1,0.1,0.2,0.16,-1.2,2.5,0.0
2023,jonesca03,11.1,0.54,0.4,0.533,2.1,8.0,5.1,13.9,1.7,0.0,9.7,16.2,0.0,0.1,0.1,0.078,-2.8,0.4,0.0
2023,yorkga01,11.8,0.548,0.857,0.095,0.0,11.9,5.9,12.3,1.7,0.0,0.0,16.4,0.1,0.0,0.1,0.091,-1.7,-1.8,0.0
2023,dotsode01,4.8,0.15,0.4,0.0,13.1,8.1,10.5,17.6,4.6,0.0,23.1,10.7,-0.1,0.1,0.0,-0.025,-7.0,1.8,0.0
2023,campafa01,7.8,0.36,0.846,0.154,0.0,4.5,2.2,22.6,5.7,0.0,17.8,14.7,-0.1,0.1,0.0,-0.012,-4.8,3.6,0.0
2023,pottemi01,18.6,0.8,0.467,0.0,6.3,26.7,16.6,11.2,0.9,0.0,11.8,13.7,0.2,0.0,0.2,0.186,2.4,1.2,0.1
2023,wieskjo01,-0.4,0.321,0.857,0.0,0.0,9.8,4.5,7.4,0.0,0.0,6.7,12.8,-0.1,0.0,-0.1,-0.076,-7.0,-3.6,-0.1
2023,harpero02,15.7,0.608,0.563,0.063,6.6,10.2,8.3,11.9,0.0,2.0,0.0,14.6,0.1,0.0,0.2,0.158,2.4,-1.2,0.0
2023,sneedxa01,9.5,0.723,0.6,0.4,0.0,11.3,5.6,13.9,0.0,1.8,20.3,12.9,0.1,0.0,0.1,0.086,-3.1,-0.4,0.0
2023,cartemi01,9.0,0.498,0.214,0.5,2.6,10.3,6.4,22.6,1.1,2.2,19.0,20.6,0.0,0.0,0.0,-0.003,-5.1,-1.2,0.0
2023,swideco01,7.4,0.5,0.889,0.0,2.7,15.2,9.1,12.0,0.0,0.0,0.0,9.3,0.0,0.0,0.1,0.08,-2.9,-0.5,0.0
2023,mccluma01,19.2,0.563,0.55,0.25,8.8,19.8,14.4,35.3,0.0,0.0,11.9,27.5,0.1,0.0,0.1,0.14,2.2,-1.7,0.0
2023,gilyaja01,7.3,0.5,1.0,0.0,0.0,10.3,5.2,19.4,3.5,0.0,40.0,5.1,0.0,0.1,0.1,0.079,-7.8,1.7,0.0
2023,brownke03,9.1,0.571,0.143,0.286,5.6,11.1,8.3,9.7,4.7,0.0,20.2,10.4,0.0,0.1,0.1,0.071,-7.0,4.0,0.0
2023,brantja01,18.5,0.739,0.643,0.143,2.8,13.7,8.3,11.4,0.0,4.3,11.8,18.1,0.1,0.0,0.1,0.16,3.1,0.4,0.1
2023,kabenmf01,8.1,0.381,0.429,0.286,15.4,14.9,15.2,0.0,2.7,0.0,11.3,10.8,0.0,0.1,0.1,0.067,-6.6,-2.4,-0.1
2023,grayra01,15.5,0.621,0.417,0.167,9.9,18.8,14.4,29.0,0.0,2.4,23.7,21.4,0.0,0.0,0.1,0.106,-0.6,-1.4,0.0
2023,bradlto01,21.7,0.69,0.417,0.333,3.5,33.8,18.9,4.4,1.5,2.9,6.8,19.8,0.1,0.1,0.2,0.22,4.4,0.5,0.1
2023,pippesc02,9.6,0.439,0.25,0.75,6.9,6.5,6.7,8.2,3.0,2.6,11.1,23.7,-0.1,0.0,0.0,-0.017,-5.1,-0.8,0.0
2023,johnsal02,4.3,0.509,0.333,0.333,7.0,30.3,18.2,4.2,1.6,0.0,36.8,15.0,-0.1,0.0,-0.1,-0.099,-7.4,-1.7,-0.1
2023,scrubja01,14.2,0.825,0.286,0.286,0.0,22.7,11.3,5.0,3.2,0.0,27.6,15.6,0.0,0.0,0.1,0.083,-2.9,1.0,0.0
2023,quetane01,17.0,0.607,0.0,0.222,19.8,23.5,21.7,5.0,0.0,6.0,9.2,16.1,0.1,0.0,0.1,0.149,-2.6,-0.8,0.0
2023,kinglo02,21.3,0.744,0.615,0.077,8.3,8.0,8.1,12.2,1.7,0.0,13.0,23.8,0.1,0.0,0.1,0.157,3.3,-1.0,0.0
2023,careyve01,10.8,0.338,0.0,0.25,12.4,30.6,21.8,13.3,3.5,6.0,18.4,16.9,-0.1,0.1,0.0,0.014,-7.1,2.1,0.0
2023,hudgitr01,4.2,0.436,0.889,0.333,0.0,0.0,0.0,13.9,0.0,0.0,8.8,16.8,0.0,0.0,0.0,-0.035,-3.8,-4.7,0.0
2023,simmoko01,9.0,0.363,0.833,0.333,3.7,11.7,7.6,21.8,0.0,6.2,12.7,11.8,0.0,0.0,0.0,0.019,-1.0,0.1,0.0
2023,daysda01,18.3,0.582,0.833,0.167,4.3,22.2,13.2,6.2,0.0,3.9,0.0,21.4,0.1,0.0,0.1,0.156,4.7,-1.2,0.0
2023,brownst02,7.0,0.0,0.5,0.0,13.9,21.6,17.8,9.4,5.9,0.0,0.0,7.0,0.0,0.1,0.0,0.04,-7.7,4.3,0.0
2023,comanch01,12.2,0.518,0.0,0.8,10.9,5.5,8.2,0.0,0.0,4.2,0.0,14.0,0.0,0.0,0.0,0.043,-2.6,-4.9,0.0
2023,simonma01,-0.1,0.381,0.571,0.286,5.8,5.6,5.7,0.0,0.0,0.0,0.0,17.4,0.0,0.0,0.0,-0.052,-10.5,-3.8,-0.1
2023,moonxa01,7.2,0.389,0.333,0.0,0.0,16.6,8.4,35.7,0.0,0.0,10.0,21.8,0.0,0.0,0.0,-0.03,-4.1,-1.0,0.0
2023,quinole01,8.6,0.654,0.8,1.2,6.2,12.0,9.2,14.2,2.6,0.0,39.6,29.4,-0.1,0.0,0.0,-0.103,-6.4,-3.7,0.0
2023,seabrde01,4.6,0.4,0.0,0.0,9.5,0.0,4.7,0.0,0.0,0.0,0.0,17.9,0.0,0.0,0.0,-0.034,-6.6,-4.7,0.0
2023,windldy01,19.0,0.833,0.667,0.0,0.0,0.0,0.0,15.2,5.0,0.0,25.0,17.9,0.0,0.0,0.0,0.149,3.2,3.5,0.0
2023,hillma01,15.4,0.625,0.75,0.0,0.0,37.2,18.9,0.0,0.0,0.0,0.0,19.7,0.0,0.0,0.0,0.125,1.6,0.8,0.0
2023,keybr01,18.6,1.064,0.0,2.0,0.0,12.7,6.2,0.0,0.0,0.0,0.0,8.9,0.0,0.0,0.0,0.242,2.1,0.8,0.0
2023,dorsety01,45.5,0.9,0.4,0.0,14.4,14.7,14.5,0.0,0.0,0.0,0.0,28.3,0.1,0.0,0.1,0.367,17.0,0.8,0.0
2023,keelstr01,3.7,0.375,1.0,0.0,0.0,27.6,13.7,0.0,0.0,0.0,0.0,21.4,0.0,0.0,0.0,-0.062,-7.4,-5.6,0.0
2023,monekch01,-3.5,0.347,0.0,1.0,28.8,0.0,14.3,16.1,0.0,0.0,41.0,26.2,0.0,0.0,0.0,-0.288,-12.7,-8.0,0.0
2023,burtode02,-12.6,0.0,0.5,0.0,0.0,0.0,0.0,0.0,0.0,0.0,0.0,14.3,0.0,0.0,0.0,-0.347,-13.9,-10.4,0.0
2023,schakjo01,24.3,0.75,0.5,0.0,0.0,0.0,0.0,23.5,8.1,0.0,0.0,14.5,0.0,0.0,0.0,0.314,7.7,9.3,0.0
2023,jacksfr01,-6.8,0.0,0.333,0.0,21.9,21.3,21.6,22.7,0.0,0.0,0.0,25.1,0.0,0.0,0.0,-0.378,-12.5,-9.8,0.0
2023,willial06,-20.9,,,,0.0,22.0,11.2,0.0,0.0,0.0,100.0,17.7,-0.1,0.0,-0.1,-0.517,-21.3,-5.2,0.0
2023,willido02,14.5,0.4,0.4,0.0,0.0,55.4,27.4,0.0,0.0,0.0,0.0,52.5,0.0,0.0,0.0,-0.225,-9.1,-6.1,0.0
2023,silvach01,-2.2,1.0,0.0,0.0,0.0,0.0,0.0,0.0,0.0,0.0,50.0,30.1,0.0,0.0,0.0,-0.26,-22.5,-0.1,0.0
2023,umudest01,65.6,0.532,1.0,2.0,0.0,0.0,0.0,0.0,24.2,44.1,0.0,40.0,0.0,0.0,0.0,0.626,15.9,32.7,0.0
2023,fostemi02,0.0,,,,0.0,0.0,0.0,0.0,0.0,0.0,,0.0,0.0,0.0,0.0,0.01,-7.2,-1.9,0.0
2024,derozde01,19.7,0.584,0.166,0.452,1.6,11.3,6.4,21.8,1.5,1.5,7.7,25.8,7.0,2.2,9.2,0.147,2.1,-0.3,2.8
2024,sabondo01,23.2,0.637,0.081,0.389,11.0,32.3,21.4,33.9,1.2,1.5,17.9,22.2,8.6,4.0,12.6,0.206,4.0,2.4,6.2
2024,whiteco01,14.5,0.57,0.46,0.215,1.7,12.4,6.9,20.8,0.9,0.6,11.1,22.7,3.1,1.6,4.7,0.078,0.7,-1.3,0.9
2024,bridgmi01,14.9,0.56,0.457,0.245,2.5,12.0,7.1,16.3,1.4,0.9,10.3,24.3,2.1,2.1,4.2,0.07,0.7,-1.0,1.2
2024,banchpa01,17.3,0.546,0.249,0.397,3.4,20.0,11.6,25.2,1.3,1.6,13.0,29.7,1.3,4.0,5.3,0.09,1.3,0.0,2.3
2024,duranke01,21.2,0.626,0.283,0.295,1.7,17.5,10.0,22.2,1.2,2.9,13.1,29.0,5.1,3.2,8.3,0.142,4.0,0.1,4.3
2024,murrade01,17.7,0.555,0.379,0.179,2.3,14.4,8.1,27.9,1.9,0.8,11.3,26.6,3.3,1.6,4.9,0.084,2.3,-0.6,2.6
2024,edwaran01,19.7,0.575,0.341,0.325,2.2,14.8,8.8,24.6,1.8,1.3,11.9,32.3,2.9,4.7,7.5,0.13,2.7,0.5,3.7
2024,jokicni01,31.0,0.65,0.164,0.31,9.3,29.6,19.8,42.0,2.0,2.1,12.9,29.3,12.0,5.1,17.0,0.299,9.0,4.2,10.6
2024,brunsja01,23.4,0.592,0.319,0.302,1.8,9.7,5.7,33.5,1.3,0.4,9.1,32.5,8.8,2.4,11.2,0.198,6.3,-0.4,5.4
2024,hartjo01,11.8,0.522,0.38,0.169,5.3,22.8,14.0,16.3,1.4,0.8,13.9,13.5,2.0,3.6,5.7,0.1,-1.3,1.4,1.4
2024,davisan02,25.8,0.621,0.083,0.402,10.4,28.3,19.8,15.5,1.6,5.7,9.5,26.7,7.2,4.7,11.8,0.21,3.5,1.7,4.9
2024,vanvlfr01,16.7,0.568,0.576,0.225,1.3,9.9,5.6,31.1,1.8,2.0,10.1,19.7,5.3,3.1,8.4,0.15,2.6,0.8,3.6
2024,foxde01,20.1,0.567,0.374,0.273,2.8,11.8,7.2,25.2,2.7,1.1,10.1,31.0,3.3,3.2,6.5,0.117,2.6,0.1,3.2
2024,tatumja01,22.3,0.604,0.427,0.349,2.9,20.9,12.3,21.0,1.4,1.4,10.3,30.2,6.4,4.1,10.4,0.189,4.5,0.6,4.7
2024,reaveau01,15.5,0.613,0.447,0.289,2.5,11.9,7.4,23.5,1.2,0.8,14.1,20.3,3.9,2.0,5.9,0.108,0.9,-0.4,1.6
2024,maxeyty01,19.8,0.573,0.401,0.266,1.5,9.5,5.4,26.7,1.3,1.1,6.8,28.0,5.9,2.1,8.1,0.147,4.1,-1.0,3.4
2024,doncilu01,28.1,0.617,0.45,0.368,2.5,24.4,13.5,44.3,1.8,1.3,12.8,36.0,8.5,3.5,12.0,0.22,8.3,1.7,8.0
2024,vucevni01,17.7,0.54,0.258,0.107,8.8,25.8,17.1,15.2,1.0,2.4,8.6,23.3,2.7,2.8,5.4,0.1,0.8,-0.7,1.4
2024,greenja05,14.7,0.541,0.454,0.264,1.7,15.9,8.7,17.3,1.2,1.0,11.4,27.4,0.2,2.9,3.1,0.056,0.4,-0.9,1.0
2024,goberru01,19.3,0.675,0.005,0.635,13.1,29.2,21.5,5.6,1.0,5.5,13.1,15.4,5.8,5.8,11.6,0.216,0.1,1.7,2.5
2024,murrake02,13.3,0.569,0.524,0.127,4.5,13.9,9.1,6.9,1.5,2.1,5.9,18.1,2.6,2.6,5.2,0.096,-0.4,-0.5,0.8
2024,bridgmi02,15.4,0.556,0.372,0.174,3.0,19.5,11.0,14.6,1.2,1.2,9.6,24.7,0.7,1.4,2.2,0.04,0.2,-1.3,0.6
2024,lillada01,19.6,0.59,0.487,0.403,1.6,11.8,6.8,28.8,1.3,0.6,11.4,28.4,5.8,1.9,7.7,0.143,3.4,-1.3,2.7
2024,antetgi01,29.9,0.649,0.091,0.571,8.6,27.0,17.9,32.7,1.6,2.6,12.7,33.0,9.5,3.7,13.2,0.246,6.7,2.4,7.2
2024,portemi01,15.5,0.601,0.513,0.102,4.7,19.3,12.2,6.7,0.8,1.8,7.5,20.7,3.1,3.1,6.2,0.115,1.2,-1.2,1.3
2024,gilgesh01,29.3,0.636,0.181,0.436,3.0,14.7,9.1,29.8,2.8,2.4,8.4,32.8,10.5,4.2,14.6,0.275,6.7,2.3,7.1
2024,allengr01,13.8,0.679,0.652,0.216,2.3,10.6,6.6,12.1,1.3,1.6,11.3,14.5,4.7,2.2,6.9,0.132,1.1,0.1,2.0
2024,jamesle01,23.7,0.63,0.286,0.318,2.8,19.3,11.5,37.5,1.7,1.3,14.5,29.2,5.7,2.8,8.5,0.164,5.5,0.9,5.4
2024,georgpa01,19.3,0.613,0.476,0.235,1.7,15.3,8.8,16.1,2.2,1.3,10.1,26.6,4.4,2.8,7.3,0.14,2.9,0.2,3.3
2024,russeda01,16.0,0.588,0.505,0.178,1.3,8.9,5.3,27.6,1.3,1.3,11.8,23.0,3.3,1.8,5.1,0.099,1.7,-0.8,1.8
2024,hardeja01,18.6,0.612,0.594,0.418,1.6,14.8,8.4,33.6,1.5,2.1,16.0,20.6,5.9,2.5,8.4,0.163,3.8,0.3,3.8
2024,bookede01,21.9,0.611,0.32,0.35,2.7,11.1,7.1,31.2,1.2,1.0,10.6,29.8,7.2,2.0,9.2,0.181,4.0,-1.0,3.1
2024,allenja01,21.8,0.664,0.007,0.383,11.3,25.8,18.7,13.2,1.1,3.0,11.2,19.4,6.8,3.9,10.7,0.21,2.1,0.9,3.1
2024,smithja05,13.8,0.571,0.456,0.222,6.1,21.3,13.6,7.1,1.0,2.3,8.9,17.6,2.4,3.2,5.6,0.111,-0.5,0.1,1.0
2024,curryst01,20.6,0.616,0.606,0.224,1.7,12.9,7.4,24.7,1.1,1.0,11.7,31.3,5.2,2.0,7.2,0.142,6.3,-1.1,4.4
2024,adebaba01,19.8,0.576,0.041,0.381,7.4,27.3,17.3,18.9,1.7,2.7,12.0,24.9,2.9,4.3,7.2,0.144,0.8,1.7,2.7
2024,holmgch01,20.4,0.632,0.366,0.289,6.2,23.1,15.0,11.6,1.1,7.3,10.9,21.6,4.6,4.4,8.9,0.178,1.8,1.5,3.3
2024,lopezbr01,14.8,0.608,0.535,0.177,5.4,13.0,9.3,7.1,0.9,6.7,8.8,16.0,3.1,2.8,5.9,0.117,0.2,0.8,1.8
2024,caldwke01,10.7,0.602,0.525,0.193,1.5,6.8,4.2,9.5,2.0,1.5,10.5,12.9,2.2,2.6,4.8,0.096,-2.1,0.7,0.4
2024,bogdabo01,14.7,0.569,0.583,0.149,2.3,10.3,6.2,14.9,1.9,1.0,8.7,22.3,2.8,1.2,3.9,0.079,0.9,-0.7,1.4
2024,millebr02,13.0,0.552,0.455,0.16,2.7,12.4,7.4,11.6,1.4,1.6,10.2,23.9,-0.3,1.0,0.8,0.015,-0.9,-1.6,-0.3
2024,barneha02,11.9,0.611,0.526,0.268,3.1,8.8,5.9,5.6,1.1,0.5,6.6,15.7,3.1,1.5,4.7,0.094,-0.6,-1.2,0.1
2024,whitede01,16.9,0.611,0.59,0.181,2.4,11.3,7.0,21.2,1.5,3.2,11.0,18.6,5.2,3.3,8.5,0.171,2.4,1.4,3.5
2024,harrito02,16.5,0.576,0.271,0.224,3.7,17.7,10.6,13.8,1.5,1.8,8.2,20.7,3.2,2.7,5.9,0.121,1.0,-0.1,1.7
2024,divindo01,16.0,0.597,0.702,0.114,3.0,11.2,7.1,13.7,2.3,1.4,9.7,21.3,3.6,3.0,6.6,0.135,2.5,0.9,3.2
2024,poolejo01,12.1,0.529,0.476,0.185,1.4,8.4,4.8,21.4,1.7,0.9,12.8,26.4,-1.5,0.8,-0.6,-0.013,-2.0,-1.9,-1.2
2024,brownja02,18.6,0.58,0.326,0.239,4.0,13.4,8.9,16.6,1.8,1.4,10.7,28.9,2.7,3.2,5.9,0.121,0.9,-0.1,1.6
2024,beaslma01,10.3,0.603,0.751,0.048,2.0,11.4,6.8,6.1,1.2,0.3,6.8,14.6,1.9,1.6,3.5,0.073,-1.0,-0.8,0.1
2024,wagnefr01,17.6,0.575,0.305,0.291,3.6,15.7,9.6,18.8,1.6,1.1,10.0,25.7,3.1,3.2,6.4,0.131,0.9,0.3,1.9
2024,leonaka01,23.2,0.626,0.289,0.246,4.2,15.6,10.1,16.9,2.4,2.3,8.5,26.5,6.0,2.9,8.9,0.184,4.8,0.6,4.4
2024,joneshe01,13.2,0.636,0.464,0.269,3.6,9.4,6.5,11.3,2.2,2.6,12.4,14.1,3.3,3.0,6.3,0.131,-0.9,1.5,1.6
2024,gordoaa01,16.8,0.607,0.193,0.376,8.6,13.9,11.4,15.2,1.2,1.7,11.2,17.8,4.5,2.6,7.1,0.148,1.2,0.1,1.9
2024,thompkl01,13.9,0.576,0.611,0.121,1.7,10.2,6.0,11.2,1.1,1.4,8.9,24.2,1.8,1.7,3.6,0.075,1.1,-1.5,0.9
2024,kuzmaky01,15.7,0.547,0.343,0.183,2.8,19.3,10.9,20.7,0.8,1.8,11.9,29.7,-1.0,1.1,0.2,0.004,0.5,-1.6,0.5
2024,holidjr01,14.4,0.597,0.467,0.104,4.2,13.2,8.9,19.3,1.3,2.1,14.7,16.3,3.3,3.0,6.3,0.133,1.0,1.1,2.4
2024,avdijde01,14.9,0.597,0.293,0.34,3.9,22.1,12.8,17.8,1.2,1.3,14.8,20.2,1.7,1.5,3.2,0.068,-0.7,-0.2,0.6
2024,vassede01,15.7,0.578,0.422,0.19,1.3,11.3,6.3,19.1,1.5,0.8,8.6,23.5,2.0,1.6,3.6,0.077,0.9,-0.9,1.1
2024,dortlu01,11.1,0.593,0.603,0.236,3.8,10.0,7.0,6.3,1.5,1.9,9.3,15.4,2.0,2.5,4.6,0.097,-1.4,-0.2,0.2
2024,strusma01,11.7,0.553,0.658,0.133,3.4,13.5,8.5,17.3,1.4,1.2,12.7,17.4,1.2,2.6,3.9,0.083,-1.1,0.5,0.8
2024,brookdi01,9.4,0.549,0.482,0.191,2.5,9.4,5.9,7.5,1.4,0.4,9.6,17.6,0.6,2.1,2.7,0.058,-3.3,-0.3,-0.9
2024,halibty01,23.3,0.605,0.51,0.217,1.8,12.0,6.9,44.9,1.8,1.7,12.2,24.6,7.6,1.5,9.0,0.195,7.3,-0.4,5.0
2024,willija06,19.1,0.621,0.243,0.223,1.9,11.8,7.1,21.3,1.7,1.9,10.1,23.7,4.5,2.7,7.3,0.157,2.0,0.3,2.4
2024,iveyja01,12.4,0.536,0.379,0.311,4.3,9.1,6.6,20.2,1.2,1.6,14.7,24.9,-0.5,1.0,0.5,0.01,-1.4,-1.7,-0.6
2024,dosunay01,13.4,0.604,0.41,0.146,2.7,8.3,5.5,15.6,1.5,1.7,11.9,17.2,2.6,1.5,4.1,0.089,-0.6,-0.2,0.7
2024,willizi01,22.8,0.61,0.016,0.452,6.2,14.2,10.2,26.5,1.7,2.1,12.8,29.7,4.7,2.8,7.5,0.164,3.3,0.6,3.3
2024,conlemi01,15.8,0.627,0.629,0.174,2.0,9.0,5.6,28.4,2.0,0.7,12.8,16.0,5.0,3.3,8.2,0.18,2.0,1.4,3.0
2024,sochaje01,11.4,0.513,0.293,0.186,6.7,16.9,11.7,16.0,1.3,1.5,14.3,18.8,-0.5,1.9,1.4,0.03,-2.8,-0.6,-0.8
2024,mccolcj01,17.9,0.592,0.528,0.132,2.0,12.6,7.4,21.4,1.4,1.9,9.0,24.7,3.5,2.4,5.9,0.132,3.3,-0.3,2.8
2024,jonestr01,14.7,0.591,0.318,0.197,2.9,11.8,7.3,30.8,1.7,0.3,15.1,15.2,3.4,1.6,4.9,0.111,-0.4,0.1,0.9
2024,jacksja02,17.4,0.552,0.315,0.359,4.2,15.0,9.4,13.1,1.8,4.7,10.6,30.4,0.2,2.8,3.0,0.067,0.0,0.4,1.3
2024,hardati02,12.1,0.542,0.612,0.173,1.1,11.9,6.5,9.2,1.0,0.2,6.2,22.6,0.8,1.4,2.2,0.05,-0.8,-2.1,-0.5
2024,claxtni01,18.7,0.629,0.009,0.337,9.7,27.3,18.2,10.4,1.1,6.2,12.2,15.6,3.5,3.2,6.7,0.152,-0.3,1.5,1.7
2024,jaqueja01,12.9,0.574,0.29,0.251,4.4,11.0,7.6,13.9,1.8,0.9,12.4,18.7,1.4,2.7,4.0,0.092,-2.2,0.3,0.1
2024,princta02,8.8,0.579,0.622,0.119,1.2,10.5,6.1,7.2,1.3,1.4,10.8,13.8,0.3,1.7,1.9,0.043,-2.6,-0.2,-0.4
2024,wembavi01,23.1,0.565,0.332,0.309,8.2,30.7,19.4,21.5,2.0,10.0,16.2,32.2,-0.7,4.4,3.7,0.085,1.9,3.3,3.8
2024,mcdanja02,9.4,0.571,0.406,0.126,3.2,8.7,6.0,6.8,1.5,1.8,11.6,15.7,0.3,3.1,3.4,0.077,-3.3,0.7,-0.3
2024,ingrabr01,18.2,0.578,0.238,0.302,2.3,14.7,8.6,26.7,1.2,1.9,12.4,27.2,2.7,2.4,5.1,0.117,1.4,-0.3,1.7
2024,barnesc01,19.5,0.566,0.314,0.266,7.3,18.9,13.0,26.2,1.7,3.7,13.6,24.8,2.3,2.0,4.3,0.098,2.9,0.8,3.0
2024,nurkiju01,17.4,0.559,0.144,0.416,12.8,31.7,22.8,19.9,1.9,3.4,19.1,19.1,2.0,3.8,5.8,0.133,-1.0,2.1,1.6
2024,turnemy01,19.3,0.626,0.356,0.349,6.2,22.9,14.5,6.4,0.9,5.5,9.4,23.4,3.6,2.2,5.8,0.134,1.0,-0.1,1.5
2024,sextoco01,19.9,0.607,0.313,0.356,3.8,7.1,5.4,29.5,1.4,0.8,12.1,27.5,5.2,0.3,5.5,0.127,3.8,-1.9,2.0
2024,thomaca02,16.1,0.554,0.333,0.281,1.4,10.1,5.6,15.7,1.1,0.7,8.5,30.5,1.3,1.2,2.5,0.058,0.7,-1.9,0.4
2024,cunnica01,17.1,0.546,0.287,0.235,1.7,12.9,7.2,37.5,1.3,0.9,14.1,30.8,0.7,1.0,1.8,0.041,2.0,-1.6,1.2
2024,kispeco01,12.8,0.62,0.605,0.198,1.5,10.3,5.8,10.7,0.9,0.6,10.2,19.6,1.7,0.4,2.1,0.048,-0.2,-2.0,-0.1
2024,beysa01,13.1,0.549,0.514,0.291,8.5,13.4,10.9,6.0,1.2,0.5,6.4,17.0,2.8,0.7,3.5,0.081,0.1,-2.0,0.1
2024,oubreke01,13.5,0.535,0.37,0.264,5.0,13.5,9.2,7.3,1.8,2.1,8.2,22.4,0.6,2.4,3.0,0.07,-1.5,-0.7,-0.1
2024,sengual01,22.0,0.585,0.113,0.358,9.5,21.5,15.4,25.2,1.8,2.1,12.5,27.0,3.8,3.1,6.9,0.163,3.1,1.7,3.5
2024,butleji01,22.0,0.626,0.183,0.579,5.8,11.9,8.8,23.1,1.9,0.8,9.3,24.0,6.4,2.7,9.1,0.214,3.9,0.7,3.4
2024,carusal01,14.5,0.613,0.616,0.177,3.3,11.8,7.5,16.4,2.9,3.5,14.9,14.7,2.3,2.6,4.9,0.115,0.2,2.3,2.3
2024,johnske04,14.2,0.565,0.426,0.256,5.0,15.1,10.0,14.2,1.2,0.8,9.4,21.9,1.5,1.5,3.0,0.071,-0.3,-1.4,0.2
2024,irvinky01,21.9,0.608,0.372,0.186,2.4,13.2,7.8,23.8,1.7,1.2,8.0,28.1,4.9,2.0,6.9,0.163,4.8,0.1,3.6
2024,townska01,18.8,0.625,0.344,0.307,5.5,22.6,14.4,15.1,1.0,1.8,14.1,27.4,2.6,3.6,6.3,0.148,1.6,0.9,2.3
2024,suggsja01,14.1,0.602,0.539,0.218,2.8,10.6,6.6,15.0,2.6,2.2,14.4,19.7,1.5,3.2,4.7,0.112,-0.6,1.6,1.5
2024,georgke01,10.4,0.533,0.54,0.274,0.8,10.6,5.7,23.1,0.9,0.3,17.1,22.8,-0.4,0.1,-0.3,-0.008,-1.5,-2.9,-1.2
2024,giddejo01,16.6,0.547,0.287,0.146,6.4,21.5,14.2,26.6,1.2,2.0,15.7,23.1,1.4,2.9,4.3,0.102,1.0,0.4,1.8
2024,portibo01,17.5,0.581,0.268,0.135,7.9,24.8,16.6,7.8,1.6,1.4,8.6,22.9,2.1,2.6,4.7,0.112,0.0,-0.8,0.6
2024,nesmiaa01,12.8,0.631,0.526,0.216,3.6,12.0,7.8,6.6,1.5,2.0,8.4,16.0,2.8,1.3,4.1,0.098,-0.3,-0.2,0.8
2024,trentga02,12.0,0.548,0.535,0.113,1.4,9.2,5.2,8.6,1.9,0.4,5.0,20.0,0.8,0.9,1.7,0.04,-1.2,-1.4,-0.3
2024,powelno01,13.9,0.626,0.5,0.224,0.9,9.8,5.5,5.9,1.1,1.0,7.3,20.0,2.8,1.3,4.1,0.099,0.4,-1.2,0.6
2024,podzibr01,13.0,0.54,0.392,0.132,6.6,16.7,11.7,18.1,1.5,0.6,12.2,15.4,2.1,2.0,4.1,0.1,-0.5,0.4,0.9
2024,reidna01,16.0,0.595,0.479,0.174,4.4,19.3,12.2,8.3,1.6,3.3,10.8,23.1,1.1,3.8,4.9,0.12,0.4,1.1,1.7
2024,leverca01,14.6,0.524,0.405,0.245,2.3,13.7,8.0,25.7,1.9,1.6,11.4,23.1,1.0,2.6,3.6,0.088,-0.6,0.8,1.1
2024,kuminjo01,17.0,0.598,0.191,0.347,5.2,14.4,9.8,12.5,1.4,1.7,10.9,24.1,2.7,1.9,4.6,0.113,0.0,-0.4,0.8
2024,mitchdo01,22.1,0.595,0.454,0.292,2.7,13.4,8.1,28.3,2.6,1.4,11.1,31.4,3.6,2.9,6.4,0.159,4.6,1.2,3.9
2024,youngtr01,20.3,0.585,0.465,0.404,1.2,7.3,4.2,45.1,1.8,0.5,16.5,30.5,4.0,0.6,4.6,0.114,4.9,-2.3,2.2
2024,finnedo01,10.1,0.546,0.658,0.09,6.0,12.1,9.0,7.6,1.4,1.8,10.0,13.2,1.0,1.6,2.6,0.065,-2.0,-0.1,0.0
2024,jonesty01,16.5,0.578,0.384,0.06,1.1,9.0,5.0,34.6,1.7,0.8,8.8,16.3,3.9,0.7,4.5,0.113,1.5,-0.9,1.3
2024,valanjo01,19.8,0.619,0.167,0.285,10.9,30.6,20.9,13.3,0.8,3.5,12.1,20.8,3.9,3.1,7.1,0.177,0.7,0.5,1.6
2024,alexani01,10.9,0.578,0.623,0.121,2.2,7.5,4.9,14.5,1.6,1.9,11.8,14.8,1.5,2.8,4.3,0.107,-1.1,1.3,1.1
2024,wiggian01,12.7,0.544,0.326,0.242,6.2,11.8,9.0,8.6,1.1,1.9,9.2,20.9,1.2,1.6,2.8,0.07,-1.4,-1.2,-0.3
2024,robindu01,12.2,0.612,0.701,0.133,0.9,9.5,5.1,15.1,1.2,0.8,11.7,19.0,1.6,2.0,3.6,0.091,-0.5,-0.4,0.6
2024,collijo01,17.5,0.621,0.311,0.248,9.2,24.0,16.7,6.1,1.0,2.9,10.6,20.4,3.1,1.3,4.4,0.11,0.5,-1.4,0.5
2024,garlada01,14.5,0.56,0.423,0.208,1.8,7.1,4.5,29.4,1.9,0.3,16.1,25.3,0.7,2.0,2.7,0.067,0.2,-1.2,0.5
2024,harteis01,18.9,0.67,0.008,0.43,14.4,22.7,18.5,13.5,2.3,4.2,17.6,12.0,4.6,3.5,8.1,0.204,0.7,2.8,2.6
2024,gordoer01,10.8,0.58,0.642,0.104,1.0,6.0,3.6,10.0,1.7,1.4,10.2,16.5,1.0,1.5,2.5,0.063,-1.3,-0.5,0.1
2024,johnsja05,16.3,0.584,0.285,0.209,4.1,24.8,14.1,15.4,1.7,2.2,11.6,19.1,2.1,1.7,3.8,0.098,0.4,0.8,1.5
2024,okorois01,11.4,0.599,0.448,0.285,4.0,8.2,6.1,9.5,1.5,1.6,9.1,13.9,2.1,2.0,4.2,0.106,-1.8,0.7,0.4
2024,capelca01,20.7,0.59,0.002,0.333,18.7,26.5,22.4,6.9,1.1,5.1,9.5,17.3,4.4,1.9,6.3,0.161,1.0,-1.0,1.0
2024,mannte01,12.0,0.615,0.414,0.193,5.4,9.7,7.7,8.5,1.1,0.7,8.2,13.6,3.0,1.2,4.2,0.106,-0.8,-0.7,0.2
2024,monkma01,16.0,0.564,0.474,0.23,1.6,11.3,6.3,28.9,1.2,1.9,13.2,25.9,1.9,1.6,3.5,0.09,1.5,-1.0,1.2
2024,murraja01,20.7,0.586,0.346,0.187,2.6,11.6,7.2,31.2,1.5,1.8,10.5,27.9,3.8,2.1,5.9,0.153,4.5,-0.4,2.9
2024,niangge01,9.9,0.583,0.627,0.095,1.4,15.5,8.5,7.5,0.8,0.9,9.9,17.6,0.5,2.0,2.4,0.064,-2.5,-0.4,-0.4
2024,grantje01,15.4,0.573,0.325,0.367,2.1,10.0,5.8,13.8,1.2,1.7,10.5,25.7,1.7,1.0,2.7,0.071,1.0,-1.1,0.9
2024,hachiru01,15.0,0.628,0.343,0.198,3.7,13.7,8.9,6.3,1.1,1.2,5.9,18.5,2.7,1.5,4.1,0.108,0.0,-0.9,0.5
2024,pritcpa01,15.3,0.597,0.602,0.088,4.3,11.1,7.8,20.7,1.1,0.3,8.5,17.2,4.2,1.9,6.1,0.16,1.3,-0.2,1.4
2024,markkla01,21.5,0.631,0.493,0.311,7.4,19.6,13.6,9.5,1.3,1.3,7.1,25.0,5.2,0.9,6.2,0.163,5.1,-1.5,2.6
2024,jacksre01,11.7,0.521,0.376,0.13,2.1,7.2,4.7,23.0,1.2,0.6,11.7,21.7,0.6,1.5,2.1,0.056,-1.8,-1.5,-0.6
2024,anthoco01,14.6,0.545,0.36,0.286,4.1,16.1,10.1,19.8,1.7,1.9,12.8,23.7,0.9,2.7,3.6,0.096,-0.6,0.7,1.0
2024,zubaciv01,19.3,0.671,0.0,0.32,12.8,26.2,19.7,7.5,0.6,4.2,11.8,16.4,4.5,2.3,6.8,0.182,0.8,0.0,1.3
2024,aytonde01,18.9,0.587,0.013,0.105,10.4,28.9,19.1,8.8,1.5,2.1,11.2,21.1,1.8,2.1,3.9,0.106,0.5,-0.2,1.0
2024,jonesde02,11.7,0.592,0.483,0.275,5.0,10.3,7.7,5.5,1.4,2.5,10.5,14.9,1.5,1.6,3.1,0.083,-1.3,-0.3,0.2
2024,anderky01,12.7,0.513,0.111,0.316,4.0,13.0,8.7,25.0,2.0,2.3,15.6,14.5,1.4,3.1,4.5,0.121,-1.6,2.7,1.4
2024,durenja01,18.7,0.653,0.007,0.321,11.8,33.0,22.2,12.7,0.9,2.3,16.7,18.5,3.0,1.8,4.8,0.13,-0.2,0.1,0.9
2024,bealbr01,16.3,0.607,0.32,0.182,3.6,10.8,7.4,22.5,1.4,1.3,14.2,22.7,2.4,1.5,3.9,0.107,0.9,-0.6,1.1
2024,hendesc01,9.5,0.489,0.336,0.256,3.2,9.5,6.2,29.9,1.3,0.7,19.3,26.5,-2.5,0.9,-1.7,-0.045,-3.5,-2.3,-1.7
2024,richani01,16.7,0.717,0.003,0.476,10.7,24.2,17.2,4.5,0.7,3.9,13.8,13.3,3.8,1.3,5.1,0.14,-1.6,-0.7,-0.1
2024,martica02,10.8,0.531,0.415,0.177,4.7,13.5,9.1,11.8,1.3,1.6,11.3,17.3,0.2,2.2,2.4,0.066,-2.2,0.2,0.0
2024,hausesa01,13.0,0.629,0.833,0.034,2.9,13.7,8.6,6.2,1.1,1.3,5.3,15.0,2.7,2.1,4.9,0.134,1.2,0.0,1.4
2024,horfoal01,15.0,0.65,0.616,0.072,5.3,19.7,12.8,12.3,1.1,3.1,10.0,12.0,3.5,2.7,6.2,0.172,1.7,2.0,2.5
2024,camarto01,10.6,0.547,0.393,0.226,8.4,14.0,11.0,7.2,1.9,1.7,14.9,13.8,0.6,1.4,2.0,0.055,-3.1,0.0,-0.5
2024,toppiob01,16.5,0.677,0.437,0.173,5.6,15.4,10.5,9.4,1.3,2.0,10.0,16.8,3.6,1.1,4.8,0.132,1.8,-0.3,1.5
2024,coulibi01,8.9,0.543,0.428,0.303,3.4,12.8,8.0,8.2,1.6,2.3,15.1,14.2,-0.5,0.9,0.4,0.013,-3.6,-0.5,-0.9
2024,walkeja01,13.0,0.546,0.273,0.336,9.4,25.0,16.7,6.2,1.2,1.2,10.2,16.3,1.4,1.6,2.9,0.083,-2.4,-0.9,-0.6
2024,nembhan01,11.3,0.573,0.328,0.107,2.4,7.0,4.7,20.0,1.8,0.3,15.6,16.0,1.3,0.7,2.0,0.057,-1.6,-0.5,-0.1
2024,wallaca01,12.0,0.612,0.529,0.084,3.6,8.6,6.2,8.9,2.2,2.0,8.9,12.9,1.9,2.1,4.0,0.115,-0.9,1.0,0.9
2024,murphtr02,16.3,0.612,0.717,0.243,2.8,15.5,9.2,10.2,1.5,1.6,4.7,18.6,3.4,2.0,5.4,0.154,2.5,0.0,1.9
2024,porzikr01,23.2,0.647,0.39,0.402,6.5,19.1,13.1,10.0,1.2,5.8,9.1,25.1,4.9,3.0,7.9,0.226,3.5,1.6,3.0
2024,clarkjo01,12.7,0.521,0.379,0.246,3.2,9.0,6.2,24.6,1.0,0.3,13.9,26.1,0.1,0.1,0.2,0.006,-1.3,-3.2,-1.1
2024,huntede01,12.7,0.595,0.459,0.296,1.9,12.9,7.2,7.3,1.1,0.9,10.0,20.6,1.6,0.6,2.2,0.062,-0.9,-1.5,-0.2
2024,connapa01,9.6,0.574,0.686,0.167,3.4,12.0,7.8,12.0,1.1,1.0,11.6,10.9,1.6,1.2,2.8,0.08,-1.6,0.0,0.2
2024,braunch01,12.1,0.554,0.34,0.277,5.4,14.8,10.2,10.2,1.3,1.8,9.2,15.7,1.5,2.0,3.4,0.1,-1.7,-0.2,0.0
2024,randlju01,18.9,0.569,0.292,0.361,6.8,22.4,14.6,22.8,0.8,0.7,14.1,29.9,1.9,1.9,3.8,0.113,2.2,-0.3,1.6
2024,aldamsa01,13.1,0.539,0.535,0.153,4.7,19.7,11.9,13.3,1.3,3.1,10.2,17.9,0.4,2.0,2.4,0.07,-0.7,0.4,0.7
2024,johnsca02,14.5,0.582,0.57,0.176,3.7,13.8,8.6,12.9,1.5,0.8,7.9,19.6,2.0,1.3,3.3,0.1,0.9,-0.5,1.0
2024,branhma01,8.7,0.526,0.427,0.1,1.9,8.2,5.0,14.0,0.8,0.4,12.2,19.8,-0.9,0.6,-0.3,-0.008,-3.4,-2.2,-1.5
2024,reedpa01,17.4,0.58,0.119,0.177,13.2,20.9,16.9,9.8,2.1,4.8,11.5,15.9,2.5,2.6,5.1,0.154,-0.6,1.0,0.9
2024,thompau01,12.8,0.522,0.235,0.248,8.9,19.6,14.2,10.8,2.1,3.2,13.6,16.6,0.1,1.7,1.8,0.053,-2.8,0.6,-0.1
2024,simonan01,15.9,0.568,0.484,0.213,1.5,10.9,5.9,27.6,0.7,0.3,12.1,28.0,1.7,0.5,2.2,0.068,2.7,-2.5,0.8
2024,huertke01,12.4,0.564,0.609,0.084,2.7,13.6,8.0,14.4,1.4,1.3,8.4,17.3,1.5,1.4,2.9,0.089,-0.5,-0.4,0.5
2024,mathube01,13.0,0.562,0.323,0.338,4.4,12.8,8.6,9.8,1.1,0.7,11.3,23.4,0.8,0.7,1.4,0.045,-1.2,-2.3,-0.6
2024,mobleev01,20.1,0.626,0.107,0.31,8.2,25.9,17.2,15.9,1.5,4.2,12.5,20.6,2.8,2.7,5.5,0.174,0.9,2.0,1.9
2024,paulch01,14.7,0.544,0.45,0.111,1.3,14.4,7.9,33.4,2.2,0.4,13.4,15.6,2.6,1.7,4.3,0.136,-0.2,1.2,1.2
2024,westbru01,16.2,0.514,0.232,0.241,7.1,17.8,12.7,29.2,2.4,1.4,16.4,25.2,0.2,1.9,2.1,0.066,-0.2,0.7,1.0
2024,colliza01,14.3,0.565,0.294,0.263,8.3,18.0,13.1,18.9,1.1,2.8,16.1,22.7,0.4,1.5,1.8,0.057,-2.0,-0.1,0.0
2024,greenjo02,9.9,0.588,0.5,0.152,2.9,10.4,6.7,11.1,1.5,0.5,13.1,13.1,1.0,1.2,2.2,0.071,-2.4,-0.3,-0.3
2024,kesslwa01,18.0,0.663,0.054,0.266,12.3,23.1,17.7,5.6,1.0,9.2,14.4,12.8,2.4,1.7,4.1,0.131,-0.4,1.3,1.1
2024,greendr01,14.5,0.587,0.347,0.199,5.6,23.0,14.4,28.6,1.8,2.9,25.0,15.3,1.4,2.2,3.6,0.116,-0.6,3.0,1.6
2024,watsope01,11.8,0.539,0.34,0.237,4.3,14.6,9.6,7.4,1.4,5.0,10.5,16.2,0.3,2.2,2.5,0.079,-3.0,0.8,-0.1
2024,thybuma01,10.4,0.537,0.729,0.091,2.1,8.5,5.1,8.3,3.8,3.0,10.8,10.6,0.4,1.8,2.2,0.072,-2.8,3.4,0.9
2024,middlkh01,17.0,0.595,0.384,0.187,3.0,15.7,9.5,28.9,1.6,0.9,15.4,23.9,1.9,1.4,3.4,0.109,1.1,0.0,1.2
2024,champju02,10.6,0.57,0.689,0.229,3.1,12.2,7.6,9.3,1.6,2.4,11.4,14.4,0.6,1.3,1.8,0.059,-1.8,-0.1,0.0
2024,coffeam01,10.0,0.604,0.523,0.202,2.3,8.9,5.7,6.8,1.4,0.9,7.9,12.5,1.6,1.0,2.6,0.084,-1.9,-0.3,-0.1
2024,joeis01,13.4,0.626,0.728,0.107,2.6,11.0,6.9,8.9,1.5,1.4,8.5,16.6,1.9,1.6,3.5,0.116,1.1,-0.3,1.0
2024,banede01,18.5,0.589,0.464,0.207,2.6,11.8,7.0,29.2,1.5,1.4,11.7,28.5,1.8,1.3,3.1,0.102,3.1,-0.3,1.7
2024,willivi01,12.8,0.597,0.551,0.343,4.3,18.3,11.0,18.0,1.6,2.2,17.4,15.8,1.1,1.7,2.8,0.093,-1.7,1.0,0.5
2024,stewais01,11.3,0.6,0.458,0.223,5.7,18.4,11.9,7.1,0.6,2.3,13.6,14.5,0.9,0.8,1.7,0.056,-1.6,-0.7,-0.1
2024,wagnemo01,20.6,0.676,0.208,0.37,9.6,19.3,14.4,11.2,1.4,1.4,13.1,22.8,3.5,2.0,5.6,0.188,1.7,0.3,1.4
2024,herroty01,15.7,0.558,0.453,0.151,1.5,16.5,8.9,22.4,1.1,0.2,10.6,27.8,0.4,1.6,2.0,0.068,1.5,-0.7,1.0
2024,cartewe01,15.9,0.623,0.402,0.315,9.3,22.7,15.9,9.9,1.2,1.9,12.3,17.2,2.2,2.1,4.4,0.149,0.5,0.4,1.0
2024,okongon01,16.9,0.674,0.189,0.318,10.8,18.6,14.6,7.2,0.9,3.8,9.8,13.7,3.5,1.0,4.5,0.153,0.0,-0.5,0.5
2024,thompam01,18.2,0.576,0.13,0.348,11.3,20.4,15.8,17.0,2.7,2.5,14.9,18.5,1.9,2.4,4.3,0.149,-0.1,1.9,1.3
2024,highsha01,11.1,0.587,0.584,0.109,5.3,12.1,8.7,7.2,1.9,2.1,9.0,12.4,1.1,1.9,3.1,0.108,-1.8,1.1,0.5
2024,daniedy01,12.0,0.529,0.434,0.17,5.1,14.1,9.7,15.4,3.1,1.8,15.0,12.6,0.7,2.2,2.9,0.103,-1.9,2.5,0.9
2024,drumman01,23.0,0.576,0.006,0.454,21.5,37.4,29.3,4.1,2.7,3.6,12.3,21.3,2.3,2.6,4.9,0.175,0.8,-0.7,0.7
2024,sassema01,11.8,0.542,0.469,0.129,0.9,9.6,5.2,25.4,1.6,0.8,14.3,19.9,0.3,0.6,0.9,0.033,-1.5,-1.1,-0.2
2024,murrakr01,9.0,0.481,0.5,0.153,6.7,12.3,9.3,8.4,1.9,1.4,12.3,14.1,-0.4,1.0,0.7,0.024,-3.5,-0.2,-0.6
2024,mcbrimi01,13.1,0.59,0.586,0.11,2.6,5.9,4.2,12.2,1.9,0.5,5.9,16.4,2.4,1.3,3.6,0.131,-0.4,0.4,0.6
2024,poeltja01,18.9,0.653,0.0,0.283,11.9,24.1,17.9,14.0,1.3,5.1,15.3,16.2,2.4,1.4,3.8,0.138,-0.3,1.0,0.9
2024,embiijo01,34.1,0.644,0.163,0.531,7.9,28.8,18.1,32.4,1.7,4.6,12.5,39.6,5.2,2.3,7.5,0.275,8.5,3.1,4.5
2024,greenje02,11.3,0.59,0.437,0.407,3.7,10.9,7.3,7.3,0.6,2.2,9.6,15.5,1.4,1.2,2.6,0.095,-1.6,-0.4,0.0
2024,harriga01,9.4,0.587,0.69,0.152,2.2,6.1,4.1,9.1,1.9,1.0,8.9,11.7,1.1,1.5,2.7,0.099,-2.3,1.1,0.3
2024,livelde01,18.1,0.728,0.007,0.274,11.4,20.4,16.0,6.4,1.3,5.2,13.1,12.6,3.1,1.8,4.9,0.183,-0.3,0.8,0.8
2024,mccontj01,20.9,0.586,0.074,0.105,3.2,13.6,8.4,41.8,2.6,0.5,14.8,23.7,2.8,1.1,3.9,0.143,2.9,0.1,1.6
2024,holidaa01,11.5,0.578,0.52,0.151,1.9,8.5,5.2,15.4,1.6,0.4,10.6,16.7,1.3,1.2,2.5,0.094,-1.8,0.3,0.2
2024,osmande01,11.2,0.601,0.576,0.135,2.1,13.3,7.7,13.0,1.3,0.7,10.4,15.1,1.0,0.9,1.9,0.071,-1.7,-0.3,0.0
2024,dickgr01,8.9,0.546,0.542,0.115,2.3,9.3,5.7,7.4,1.3,0.1,9.7,17.4,-0.1,0.4,0.3,0.01,-3.2,-2.2,-1.1
2024,marshna01,12.7,0.576,0.409,0.234,4.8,16.4,10.6,13.6,1.9,0.9,13.8,16.3,1.0,1.6,2.6,0.1,-1.3,0.5,0.4
2024,dunnkr01,12.8,0.546,0.355,0.102,4.4,12.2,8.3,27.1,2.6,2.0,19.5,13.6,1.1,0.9,2.0,0.076,-1.5,1.4,0.6
2024,jacksgg01,13.7,0.554,0.508,0.272,4.5,13.2,8.7,8.0,1.1,1.8,9.3,24.2,0.2,1.1,1.2,0.048,-0.2,-1.8,0.0
2024,wiggiaa01,15.6,0.664,0.334,0.188,5.7,11.0,8.4,9.3,2.2,1.4,12.1,16.4,2.1,1.6,3.7,0.144,0.4,0.4,0.8
2024,nancela02,14.9,0.653,0.27,0.253,8.7,19.3,14.1,12.1,2.5,1.5,15.5,11.3,2.1,1.9,4.1,0.16,-0.2,2.2,1.2
2024,reathdu01,15.1,0.571,0.491,0.186,8.1,15.4,11.5,8.9,1.3,2.8,8.8,20.7,1.4,1.0,2.4,0.095,-0.2,-0.7,0.3
2024,looneke01,15.1,0.62,0.004,0.356,13.1,24.6,18.9,14.1,1.1,2.2,15.6,11.3,2.5,1.6,4.0,0.162,-0.8,1.4,0.8
2024,willipa01,11.0,0.553,0.412,0.184,4.3,11.7,7.9,7.7,1.7,2.9,12.8,16.6,0.1,1.0,1.2,0.048,-2.1,-0.1,-0.1
2024,konchjo01,11.4,0.537,0.577,0.12,6.5,18.0,12.0,13.0,2.1,4.1,17.4,9.7,0.5,1.7,2.2,0.091,-2.6,2.2,0.5
2024,eubandr01,14.4,0.645,0.012,0.368,10.5,20.1,15.6,7.2,1.1,4.6,17.2,13.2,1.6,1.6,3.1,0.129,-2.0,0.8,0.2
2024,inglejo01,10.6,0.612,0.709,0.15,1.8,12.6,7.1,23.0,1.8,0.4,21.7,11.6,1.1,1.5,2.6,0.108,-1.7,1.2,0.5
2024,blackan01,8.4,0.56,0.381,0.324,3.3,10.8,7.0,10.6,1.5,1.7,16.6,12.7,0.1,1.5,1.6,0.067,-3.8,0.8,-0.3
2024,hawkijo01,10.2,0.533,0.654,0.175,2.8,11.3,7.1,8.2,0.8,0.6,7.5,19.9,0.3,1.0,1.3,0.053,-1.3,-1.7,-0.3
2024,lylestr01,11.9,0.596,0.682,0.218,5.8,19.4,12.4,8.1,0.7,1.5,9.7,14.4,1.3,1.0,2.4,0.098,-0.4,-0.7,0.3
2024,moodymo01,13.7,0.578,0.476,0.221,6.2,12.1,9.2,6.7,1.8,1.9,8.7,18.4,1.2,1.2,2.4,0.101,-0.2,0.1,0.6
2024,crowdja01,8.9,0.546,0.615,0.133,3.0,12.1,7.6,7.2,1.6,0.7,7.4,11.5,0.6,1.0,1.6,0.065,-2.6,0.0,-0.2
2024,jackstr02,21.6,0.692,0.003,0.398,13.1,19.4,16.3,10.4,1.2,6.1,11.2,16.4,3.2,1.6,4.8,0.205,1.5,1.2,1.4
2024,brogdma01,17.0,0.56,0.401,0.234,2.6,12.8,7.4,30.9,1.2,0.6,9.9,23.0,2.0,0.6,2.6,0.111,2.7,-0.7,1.1
2024,wadede01,10.2,0.598,0.871,0.112,3.8,18.2,11.1,5.0,1.8,2.0,7.6,10.5,0.9,1.6,2.5,0.11,-1.7,1.8,0.6
2024,richajo01,11.4,0.573,0.548,0.156,1.8,10.7,6.2,13.9,1.1,1.2,8.9,16.5,0.9,1.2,2.1,0.093,-1.3,0.0,0.2
2024,mitchda01,9.3,0.555,0.489,0.13,1.9,7.9,4.8,16.0,0.7,0.2,11.2,14.9,0.8,0.6,1.3,0.059,-2.4,-1.0,-0.4
2024,saricda01,15.3,0.6,0.508,0.24,7.3,20.4,13.9,17.8,1.4,0.8,15.4,19.5,1.6,1.2,2.8,0.123,0.6,0.4,0.9
2024,wisemja01,14.8,0.637,0.007,0.334,11.0,23.5,17.2,7.3,0.5,3.1,15.9,16.3,1.3,0.8,2.1,0.094,-2.6,-0.9,-0.4
2024,exumda01,13.7,0.645,0.358,0.225,2.5,12.4,7.5,19.3,1.0,0.4,12.9,15.0,2.1,0.8,2.9,0.127,-0.3,-0.3,0.4
2024,merrisa01,13.1,0.598,0.901,0.071,2.3,10.2,6.3,14.1,0.9,0.3,4.5,17.5,1.9,0.9,2.8,0.125,1.3,-0.8,0.7
2024,smithde03,13.4,0.508,0.322,0.172,5.0,12.1,8.5,27.3,3.2,1.0,15.8,17.7,0.5,1.3,1.8,0.08,-2.6,1.8,0.3
2024,sharpsh01,11.4,0.524,0.415,0.274,4.2,13.3,8.5,13.8,1.3,1.0,12.9,22.4,-0.2,0.6,0.5,0.022,-1.9,-0.9,-0.2
2024,craigto01,10.8,0.568,0.61,0.143,7.2,16.1,11.6,7.3,1.4,2.1,10.7,12.5,1.0,0.9,1.9,0.087,-1.8,-0.2,0.0
2024,smithja04,20.7,0.682,0.365,0.263,12.1,24.3,18.2,8.0,0.8,2.9,9.1,19.4,3.1,0.9,4.0,0.182,3.2,-0.8,1.2
2024,willizi02,9.3,0.511,0.5,0.198,3.5,15.9,9.5,11.1,1.7,0.8,13.8,19.7,-0.9,1.1,0.2,0.01,-4.0,-0.4,-0.6
2024,tateja01,9.3,0.538,0.336,0.17,6.3,14.3,10.2,8.2,2.0,1.3,13.1,11.7,0.4,1.3,1.8,0.082,-3.7,1.5,-0.1
2024,willike04,11.9,0.568,0.504,0.05,6.9,15.4,11.3,11.4,1.8,0.8,10.1,13.4,1.1,1.3,2.5,0.115,-1.1,0.3,0.3
2024,alvarjo01,12.5,0.54,0.6,0.151,2.7,11.0,6.9,15.3,2.8,1.4,9.8,17.3,0.6,1.5,2.1,0.097,-1.5,1.5,0.5
2024,meltode01,13.4,0.533,0.594,0.219,3.0,12.4,7.6,15.4,2.9,1.4,9.0,18.3,0.8,1.4,2.1,0.099,-0.7,1.2,0.7
2024,walkelo01,13.1,0.545,0.551,0.12,1.4,12.7,6.9,11.5,1.6,1.8,9.0,24.4,-0.1,0.9,0.8,0.038,-0.4,-1.0,0.2
2024,hortota01,13.4,0.503,0.391,0.234,2.3,10.8,6.6,25.5,2.2,1.7,11.2,24.0,0.3,0.5,0.8,0.039,-0.9,-0.4,0.2
2024,hayeski01,10.5,0.474,0.261,0.177,1.2,12.2,6.6,27.8,1.7,1.7,14.3,15.1,0.0,0.7,0.7,0.032,-2.9,0.2,-0.2
2024,carteje01,8.5,0.485,0.641,0.019,1.2,5.6,3.3,12.9,1.8,1.6,8.9,17.7,-0.5,0.7,0.2,0.009,-3.3,-0.7,-0.5
2024,kennalu01,13.1,0.641,0.756,0.143,1.2,11.6,6.2,20.8,1.0,0.2,13.9,16.7,1.4,0.7,2.1,0.099,0.6,-0.9,0.4
2024,mathega01,8.9,0.665,0.854,0.186,1.8,8.6,5.1,4.8,1.0,0.7,7.2,11.1,1.4,0.2,1.6,0.077,-2.1,-0.9,-0.2
2024,hardyja02,11.2,0.517,0.468,0.159,2.2,12.2,7.2,15.7,1.1,0.4,10.8,24.9,-0.4,0.7,0.3,0.014,-2.0,-2.1,-0.5
2024,reddica01,7.7,0.504,0.47,0.231,3.2,7.7,5.6,6.0,2.3,1.2,10.7,12.7,-0.3,0.9,0.6,0.03,-4.0,0.8,-0.3
2024,kornelu01,19.8,0.736,0.005,0.266,13.5,15.1,14.3,8.9,1.2,5.5,8.5,11.0,3.5,1.6,5.1,0.248,1.6,1.8,1.3
2024,elliske01,12.0,0.627,0.724,0.151,3.6,10.8,7.1,11.1,2.5,2.7,13.0,12.4,1.1,1.2,2.3,0.114,-0.9,2.1,0.8
2024,okogijo01,12.0,0.552,0.456,0.495,9.2,9.0,9.1,8.4,2.4,2.2,12.5,13.0,1.0,1.1,2.1,0.104,-1.3,0.8,0.4
2024,bitadgo01,17.8,0.629,0.067,0.416,13.3,21.9,17.5,11.7,1.7,7.0,15.1,13.3,1.8,1.9,3.7,0.186,-0.7,2.8,1.0
2024,chrisma02,8.4,0.544,0.49,0.191,1.9,14.2,8.4,8.0,1.0,1.6,11.8,13.6,-0.1,0.8,0.7,0.036,-3.2,-0.4,-0.4
2024,loveke01,18.5,0.597,0.68,0.301,7.2,34.5,20.7,19.0,1.0,1.1,10.6,21.9,1.7,1.6,3.3,0.17,2.7,1.0,1.3
2024,sharpda01,20.0,0.596,0.051,0.418,18.6,27.9,23.1,14.0,1.3,4.3,16.7,19.7,1.6,1.3,2.9,0.152,-0.4,0.4,0.5
2024,isaacjo01,19.2,0.61,0.392,0.287,9.3,24.2,16.7,4.8,2.3,7.1,7.7,16.7,1.5,2.1,3.6,0.188,1.4,2.4,1.4
2024,fultzma01,12.6,0.492,0.055,0.101,7.2,10.7,8.9,19.7,2.3,1.5,12.8,18.8,0.0,1.3,1.3,0.069,-2.6,1.2,0.1
2024,willija07,12.7,0.561,0.632,0.18,4.7,23.7,14.5,15.0,1.5,2.8,12.1,13.5,1.0,1.5,2.4,0.13,-0.8,1.9,0.7
2024,jovicni01,12.8,0.583,0.58,0.167,3.1,21.3,12.1,14.7,1.4,1.5,12.2,17.1,0.6,1.3,1.9,0.103,-0.9,1.3,0.5
2024,mcgowbr01,9.3,0.565,0.443,0.37,2.1,11.2,6.5,8.1,1.2,1.1,10.1,14.9,0.4,0.3,0.6,0.034,-3.7,-1.1,-0.6
2024,whitmca01,16.6,0.561,0.471,0.24,5.3,16.7,11.0,6.0,1.7,1.8,8.2,27.1,0.4,1.1,1.5,0.082,1.0,-0.9,0.5
2024,hayesja02,14.0,0.718,0.046,0.469,9.2,17.1,13.4,5.0,1.8,2.9,16.9,12.5,1.4,1.1,2.5,0.135,-2.8,0.9,0.0
2024,weslebl01,10.1,0.537,0.256,0.363,2.2,9.5,5.8,25.3,1.6,0.9,18.1,14.7,0.3,0.6,0.9,0.05,-4.0,0.1,-0.4
2024,woodch01,12.3,0.568,0.432,0.356,5.2,26.1,16.2,7.4,0.9,3.3,14.1,17.6,0.0,1.1,1.2,0.064,-2.6,-0.2,-0.2
2024,lavinza01,15.1,0.578,0.449,0.274,1.0,15.8,8.3,16.8,1.2,0.9,11.0,23.8,0.8,0.6,1.5,0.08,0.8,-0.7,0.5
2024,klebima01,8.8,0.573,0.63,0.322,3.8,14.1,9.0,9.5,0.9,3.0,14.4,9.6,0.6,0.8,1.4,0.08,-2.3,1.0,0.2
2024,holidju01,9.7,0.598,0.701,0.021,1.2,7.8,4.6,9.5,2.1,0.9,6.7,10.6,0.9,0.9,1.8,0.101,-2.5,0.9,0.1
2024,watfotr01,15.7,0.611,0.219,0.312,6.5,18.7,12.4,14.6,1.3,2.0,15.1,21.1,0.9,0.9,1.8,0.1,-0.9,0.4,0.3
2024,hendrta01,11.8,0.578,0.583,0.121,6.0,17.7,11.9,5.0,1.6,3.1,9.7,13.7,0.7,0.6,1.2,0.07,-1.3,-0.4,0.1
2024,poweldw01,14.5,0.716,0.028,0.84,12.7,15.2,14.0,12.4,1.5,2.1,18.1,9.1,2.2,0.9,3.1,0.181,-1.1,0.8,0.4
2024,houstca01,8.3,0.582,0.937,0.126,4.0,8.1,6.1,4.8,0.9,0.5,6.9,12.5,0.7,0.8,1.5,0.089,-1.4,-0.5,0.0
2024,sheppbe01,8.1,0.524,0.681,0.114,2.1,10.3,6.2,7.5,1.9,0.2,5.9,13.2,0.3,0.4,0.8,0.046,-3.3,-0.1,-0.3
2024,laravja01,12.6,0.54,0.515,0.36,6.7,10.9,8.7,11.1,1.8,1.4,11.4,21.1,0.3,0.8,1.0,0.062,-1.4,-1.0,-0.1
2024,thorjt01,9.1,0.519,0.443,0.109,6.0,15.3,10.5,5.1,0.7,3.2,7.3,11.7,0.2,0.3,0.6,0.034,-3.5,-1.1,-0.5
2024,jacksis01,21.5,0.689,0.017,0.438,13.8,21.2,17.5,8.3,2.1,6.3,12.3,17.2,2.2,1.1,3.3,0.204,0.3,1.4,0.7
2024,robinmi01,16.1,0.554,0.0,0.52,20.7,17.7,19.2,3.1,2.4,4.3,13.8,10.2,1.2,1.3,2.5,0.155,-0.3,0.4,0.4
2024,landajo01,15.6,0.584,0.194,0.316,12.2,11.9,12.1,11.8,1.3,4.0,11.7,14.8,1.4,0.9,2.3,0.146,-0.5,0.4,0.4
2024,martico01,9.2,0.46,0.4,0.153,2.8,13.9,8.1,19.1,2.1,2.2,16.1,16.1,-0.7,0.5,-0.2,-0.012,-4.1,0.6,-0.3
2024,smithis01,6.8,0.435,0.051,0.025,1.6,10.2,5.8,26.4,1.1,0.5,22.7,12.3,-0.5,0.2,-0.4,-0.025,-5.6,-1.2,-0.9
2024,bambamo01,15.4,0.575,0.323,0.253,11.3,24.5,17.8,7.6,1.5,7.4,15.1,15.1,0.6,1.3,2.0,0.128,-2.3,1.4,0.2
2024,smithni01,8.1,0.511,0.505,0.052,2.7,8.6,5.5,12.0,0.7,0.9,11.7,20.3,-0.6,0.1,-0.5,-0.036,-3.1,-2.8,-0.7
2024,shamela01,10.5,0.556,0.573,0.168,2.3,6.9,4.6,10.2,1.6,1.1,9.3,18.8,0.1,0.2,0.3,0.022,-2.7,-1.3,-0.4
2024,duartch01,8.4,0.512,0.605,0.157,4.0,12.7,8.3,7.8,1.9,1.0,10.4,14.9,0.0,0.7,0.7,0.047,-3.5,0.1,-0.2
2024,ballla01,20.8,0.561,0.466,0.246,4.4,13.7,8.9,43.1,2.8,0.5,15.0,34.3,0.6,0.5,1.1,0.074,3.8,-0.5,1.0
2024,bouchch01,16.0,0.625,0.433,0.424,9.5,23.1,16.1,4.5,1.0,3.0,9.8,17.3,1.2,0.6,1.7,0.119,-0.3,-1.4,0.1
2024,fernabr01,15.2,0.615,0.021,0.513,9.1,22.2,15.4,9.3,1.8,3.7,16.1,16.7,0.8,0.7,1.5,0.103,-3.1,0.9,-0.1
2024,terryda01,10.2,0.512,0.471,0.274,4.7,14.1,9.3,15.6,2.0,2.7,15.4,13.4,0.1,0.7,0.8,0.06,-3.4,1.1,0.0
2024,paytoga02,13.9,0.621,0.301,0.126,7.4,10.5,9.0,9.4,2.8,2.4,12.3,13.6,0.9,0.9,1.8,0.125,-1.3,2.2,0.5
2024,plumlma01,15.8,0.621,0.039,0.647,10.4,28.2,19.6,10.8,1.0,2.3,15.5,15.1,1.2,0.9,2.0,0.146,-1.1,0.4,0.2
2024,wilsoja03,10.8,0.537,0.413,0.257,7.5,14.2,10.8,9.3,0.8,0.5,8.7,14.3,0.6,0.4,1.1,0.077,-1.8,-1.1,-0.2
2024,portecr01,15.4,0.564,0.149,0.246,3.7,15.1,9.4,26.5,1.6,2.1,15.1,20.2,0.6,0.9,1.5,0.108,-0.6,1.1,0.4
2024,ruperra01,5.8,0.451,0.484,0.155,4.0,12.8,8.1,13.5,0.9,0.4,15.3,13.6,-0.4,0.3,-0.1,-0.009,-5.6,-1.2,-0.8
2024,brissos01,12.8,0.53,0.359,0.542,10.9,16.3,13.7,8.7,1.5,1.1,9.5,14.5,0.8,0.9,1.7,0.131,-2.0,0.2,0.0
2024,mclaujo01,15.5,0.638,0.614,0.124,3.4,9.4,6.5,23.7,2.8,1.0,11.1,12.1,1.4,1.1,2.5,0.193,1.4,2.9,1.0
2024,greenaj01,10.5,0.617,0.862,0.097,1.6,9.6,5.7,6.4,0.7,0.6,5.5,15.2,0.7,0.3,1.1,0.084,-0.4,-1.7,0.0
2024,davisjo06,6.2,0.462,0.26,0.156,3.1,9.6,6.3,6.6,1.4,1.3,7.3,12.2,-0.3,0.2,-0.1,-0.009,-5.5,-1.1,-0.7
2024,beaucma01,9.7,0.592,0.452,0.169,4.1,13.6,8.9,6.7,1.0,1.0,13.2,14.6,0.2,0.5,0.7,0.056,-2.3,-0.9,-0.2
2024,smartma01,11.8,0.552,0.565,0.236,1.0,8.9,4.8,22.7,3.3,0.8,19.2,22.9,-0.5,0.7,0.2,0.02,-3.3,0.9,0.0
2024,simsje01,10.9,0.702,0.0,0.436,10.7,17.5,14.1,5.4,0.7,3.0,19.6,6.0,0.9,0.7,1.5,0.127,-2.4,0.7,0.0
2024,sensabr01,8.6,0.511,0.528,0.188,3.0,16.1,9.6,13.0,1.1,0.9,16.6,20.3,-0.5,0.2,-0.3,-0.024,-3.3,-2.1,-0.5
2024,vandeja01,11.6,0.578,0.237,0.316,8.3,17.7,13.2,7.7,2.9,0.7,17.7,11.7,0.3,0.8,1.1,0.089,-2.9,1.3,0.0
2024,nnajize01,12.4,0.528,0.154,0.416,12.1,12.2,12.1,7.0,1.3,5.6,13.3,15.4,0.4,0.8,1.2,0.099,-3.8,0.1,-0.2
2024,jacksan01,8.5,0.596,0.46,0.11,8.4,13.1,10.8,10.8,1.3,0.9,21.1,10.0,0.5,0.5,1.0,0.081,-3.6,0.0,-0.2
2024,butleja02,14.1,0.579,0.388,0.179,1.7,9.5,5.5,30.9,2.4,1.2,18.7,19.9,0.3,0.3,0.6,0.054,-1.5,-0.5,0.0
2024,knoxke01,9.9,0.57,0.505,0.118,3.5,11.5,7.5,5.9,1.1,1.1,10.1,16.6,0.1,0.2,0.4,0.033,-2.8,-1.8,-0.4
2024,thomptr01,13.9,0.563,0.008,0.433,15.1,20.4,17.8,12.7,1.1,2.3,16.9,13.8,0.6,0.8,1.4,0.119,-2.1,0.6,0.1
2024,strawju01,8.2,0.482,0.622,0.14,1.0,11.1,6.2,11.3,1.5,1.1,8.9,20.7,-0.4,0.6,0.2,0.015,-4.6,-1.4,-0.6
2024,yurtsom01,15.0,0.565,0.13,0.152,14.7,27.3,21.0,7.7,0.7,2.9,15.9,17.9,0.3,0.4,0.7,0.062,-1.6,-1.5,-0.1
2024,krejcvi01,8.4,0.633,0.654,0.058,2.1,8.6,5.2,11.6,1.2,1.0,15.8,9.8,0.5,0.1,0.6,0.056,-3.3,-0.4,-0.2
2024,hylanbo01,10.8,0.49,0.538,0.092,1.1,10.1,5.7,24.5,2.4,0.7,14.4,24.8,-0.5,0.5,0.0,0.003,-2.8,-0.8,-0.2
2024,mcdanja01,5.0,0.412,0.376,0.196,3.6,12.7,8.1,9.1,1.7,1.0,12.8,18.7,-1.1,0.3,-0.8,-0.074,-7.2,-1.8,-1.0
2024,pippesc02,16.4,0.596,0.355,0.271,4.4,9.7,7.0,30.7,3.3,1.8,19.8,23.0,0.3,0.7,1.0,0.09,-0.1,1.4,0.4
2024,vezenal01,13.3,0.569,0.628,0.079,6.4,14.8,10.5,5.1,1.9,1.3,5.7,17.5,0.5,0.5,1.0,0.098,-0.2,-0.7,0.1
2024,houseda01,8.5,0.575,0.476,0.438,3.4,9.3,6.3,7.2,1.5,0.9,13.2,12.2,0.3,0.4,0.7,0.066,-3.4,-0.5,-0.3
2024,willima07,22.5,0.675,0.0,0.424,16.3,24.6,20.4,6.8,1.6,3.7,8.7,17.1,1.6,0.5,2.1,0.198,1.6,-0.8,0.3
2024,baldwpa01,9.7,0.502,0.626,0.181,3.6,23.5,13.3,7.6,1.7,2.5,10.2,15.9,-0.3,0.5,0.2,0.019,-4.0,-0.6,-0.3
2024,easonta01,17.1,0.528,0.265,0.175,10.2,24.2,17.1,8.3,3.1,3.6,8.9,19.8,0.3,1.0,1.3,0.125,-0.4,2.0,0.4
2024,bolbo01,18.7,0.7,0.344,0.126,8.1,24.1,16.5,5.3,1.0,4.7,10.7,16.5,1.0,0.7,1.6,0.168,1.4,0.8,0.5
2024,liveris01,5.1,0.46,0.664,0.155,3.5,8.0,5.7,7.0,1.3,0.9,11.4,12.7,-0.3,0.2,-0.1,-0.015,-5.0,-1.5,-0.5
2024,gillan01,12.1,0.537,0.256,0.225,8.3,13.4,10.8,10.0,1.3,1.9,11.6,18.0,0.1,0.2,0.4,0.038,-2.6,-1.5,-0.3
2024,littlna01,9.9,0.572,0.565,0.161,3.6,14.3,9.3,6.1,1.1,1.9,9.5,13.9,0.3,0.4,0.7,0.074,-2.4,-0.6,-0.1
2024,mamuksa01,15.8,0.559,0.413,0.219,10.7,24.7,17.6,15.4,0.7,2.2,10.1,17.7,0.6,0.4,1.0,0.11,-0.1,-0.4,0.2
2024,lenal01,14.7,0.625,0.037,0.42,11.3,21.2,16.1,14.4,1.2,6.8,22.0,11.8,0.6,0.7,1.3,0.138,-2.7,2.9,0.2
2024,bryanth01,19.0,0.639,0.148,0.315,10.2,26.2,18.1,8.3,1.1,3.5,11.0,19.3,0.9,0.8,1.6,0.177,-0.6,0.2,0.2
2024,okekech01,6.9,0.465,0.732,0.063,4.9,17.0,10.9,6.2,1.0,1.5,12.2,13.3,-0.3,0.6,0.3,0.029,-3.2,-0.2,-0.2
2024,barlodo01,14.6,0.548,0.08,0.372,11.5,17.7,14.5,11.7,1.4,2.8,6.4,14.1,0.7,0.4,1.1,0.126,-1.7,0.0,0.0
2024,bullore01,7.7,0.582,0.817,0.012,1.5,17.4,9.4,4.6,1.4,1.1,10.8,9.4,0.1,0.5,0.6,0.072,-2.9,0.5,0.0
2024,forretr01,8.9,0.426,0.111,0.189,2.8,10.9,6.7,27.6,1.3,0.7,17.0,11.8,0.1,0.1,0.2,0.027,-3.8,-0.7,-0.3
2024,mykhasv01,11.7,0.575,0.788,0.066,3.0,10.0,6.7,11.0,1.3,0.2,7.8,16.1,0.5,0.4,0.9,0.106,-0.9,-0.9,0.0
2024,matthwe02,8.2,0.511,0.711,0.247,2.3,12.1,7.0,6.9,1.9,2.4,6.9,11.7,0.2,0.3,0.4,0.049,-3.1,0.3,-0.1
2024,samanlu01,8.9,0.485,0.405,0.354,6.0,21.6,13.9,6.5,0.6,1.5,13.3,21.8,-0.4,0.2,-0.2,-0.029,-4.9,-2.9,-0.6
2024,freemja01,10.7,0.547,0.339,0.29,4.3,15.1,9.6,13.4,1.2,0.9,15.2,17.5,0.1,0.2,0.2,0.029,-3.1,-2.0,-0.3
2024,rosede01,13.1,0.54,0.248,0.164,1.8,10.9,6.2,32.3,1.0,0.5,14.9,22.3,0.1,0.3,0.4,0.046,-1.3,-1.5,-0.1
2024,jordade01,16.0,0.61,0.0,0.57,15.6,28.0,22.0,8.5,0.8,3.4,16.5,15.4,0.6,0.6,1.2,0.147,-1.7,-0.1,0.0
2024,brownko01,7.6,0.49,0.533,0.022,5.9,11.6,8.9,8.1,1.5,1.4,9.0,11.1,0.1,0.3,0.5,0.055,-4.0,0.2,-0.2
2024,quinole01,10.3,0.533,0.624,0.206,5.8,13.8,9.9,12.0,0.7,0.5,10.0,18.3,0.3,0.3,0.6,0.068,-2.0,-1.3,-0.1
2024,omorueu01,16.0,0.549,0.275,0.293,9.3,13.9,11.6,13.0,3.2,1.0,10.0,22.5,0.2,0.4,0.6,0.074,-1.9,-0.4,0.0
2024,ryanma01,9.0,0.638,0.805,0.124,1.7,9.6,5.7,6.1,0.8,0.3,13.8,15.4,0.2,0.3,0.5,0.065,-1.4,-1.3,-0.1
2024,minayju01,5.8,0.391,0.662,0.122,8.3,8.1,8.2,7.3,1.2,2.4,10.3,9.7,-0.1,0.2,0.1,0.009,-5.1,-0.5,-0.3
2024,juzanjo01,9.6,0.62,0.7,0.127,2.1,8.5,5.3,8.4,0.5,0.5,10.1,14.5,0.4,0.0,0.4,0.047,-1.5,-2.2,-0.2
2024,clownno01,14.2,0.626,0.355,0.323,7.5,16.7,12.0,6.9,1.1,3.9,12.4,14.2,0.5,0.4,0.9,0.111,-0.8,0.1,0.1
2024,diengou01,10.1,0.54,0.603,0.138,3.2,12.0,7.8,12.9,1.1,1.3,13.4,16.9,0.0,0.4,0.4,0.055,-2.3,-0.7,-0.1
2024,portejo01,14.9,0.514,0.577,0.173,7.8,17.5,12.5,21.8,2.7,4.9,15.8,15.8,0.2,0.4,0.7,0.089,-0.3,1.9,0.3
2024,simmobe01,16.3,0.571,0.0,0.203,9.2,27.6,18.1,33.2,1.7,2.3,25.1,13.0,0.5,0.5,1.0,0.133,-0.5,2.9,0.4
2024,bostobr01,8.7,0.476,0.323,0.205,6.4,10.4,8.5,5.4,1.6,2.1,12.0,25.4,-0.6,0.3,-0.3,-0.04,-6.2,-2.7,-0.6
2024,walkeja02,11.8,0.527,0.5,0.082,4.0,17.0,10.5,13.9,2.1,2.6,13.0,16.1,0.1,0.3,0.4,0.058,-0.5,0.7,0.2
2024,mcgeeja01,19.0,0.609,0.053,0.341,13.6,28.4,20.8,7.6,2.0,5.4,18.3,23.4,0.1,0.6,0.7,0.101,-1.9,0.6,0.1
2024,prospol01,11.6,0.496,0.433,0.394,8.2,17.5,12.8,8.4,1.0,1.0,6.2,16.6,0.2,0.3,0.5,0.076,-1.7,-1.3,-0.1
2024,robinje02,11.8,0.564,0.411,0.168,7.8,17.5,12.7,8.4,1.5,1.2,13.6,15.4,0.2,0.4,0.6,0.086,-1.9,-0.3,0.0
2024,quetane01,22.9,0.662,0.0,0.269,17.9,21.5,19.8,8.5,1.9,5.5,10.1,16.9,1.1,0.7,1.8,0.259,0.4,1.1,0.3
2024,phillju01,7.0,0.521,0.494,0.247,4.1,8.5,6.2,5.3,1.1,2.2,10.5,13.0,0.0,0.2,0.2,0.031,-4.7,-0.6,-0.3
2024,zelleco01,12.8,0.483,0.048,0.613,16.9,22.0,19.5,15.2,1.4,1.5,16.9,12.9,0.4,0.4,0.8,0.124,-2.9,0.3,0.0
2024,moranja01,20.6,0.57,0.3,0.376,2.0,15.8,8.6,42.2,1.1,1.5,12.0,30.4,0.5,0.3,0.8,0.124,2.7,0.4,0.4
2024,haganas01,8.5,0.51,0.352,0.239,4.7,11.7,8.0,23.7,1.7,2.6,27.7,14.6,-0.2,0.3,0.0,0.006,-4.4,0.9,-0.1
2024,grahade01,9.4,0.495,0.769,0.148,1.7,10.8,6.2,21.0,1.4,0.5,12.9,17.8,-0.1,0.2,0.1,0.018,-3.0,-0.9,-0.1
2024,lawsoaj01,11.2,0.519,0.413,0.19,4.9,12.6,8.8,8.9,1.5,0.8,9.6,20.0,0.0,0.3,0.2,0.036,-3.1,-1.5,-0.2
2024,mensana01,5.0,0.496,0.0,0.429,10.3,13.6,11.9,3.7,1.0,4.3,29.6,6.8,0.0,0.2,0.1,0.023,-8.7,-0.1,-0.5
2024,umudest01,11.4,0.647,0.631,0.381,2.9,15.9,9.3,4.9,1.3,2.0,12.5,15.6,0.3,0.2,0.5,0.085,-1.5,-0.1,0.0
2024,robinor01,14.0,0.596,0.208,0.347,10.4,21.0,15.7,15.8,1.1,2.6,17.8,14.8,0.4,0.5,0.9,0.135,-1.9,0.8,0.1
2024,korkmfu01,9.2,0.519,0.526,0.263,1.4,9.7,5.5,11.0,2.3,0.9,10.5,13.6,0.0,0.3,0.4,0.057,-3.2,0.4,-0.1
2024,josepco01,6.2,0.47,0.656,0.109,2.2,8.6,5.5,17.2,0.7,0.9,15.2,11.3,0.0,0.2,0.2,0.034,-4.0,-0.7,-0.2
2024,councri01,18.6,0.604,0.286,0.634,5.3,12.4,8.8,8.2,1.4,0.3,3.4,22.1,0.8,0.3,1.0,0.173,2.1,-0.8,0.2
2024,templga01,9.5,0.502,0.513,0.282,6.7,10.5,8.6,12.5,2.0,0.9,13.8,15.0,0.0,0.2,0.2,0.032,-3.4,-1.2,-0.2
2024,blackle01,11.5,0.589,0.385,0.288,3.5,15.9,9.5,11.4,1.4,3.6,9.3,10.1,0.3,0.2,0.5,0.084,-2.6,0.3,0.0
2024,waterli01,15.3,0.653,0.817,0.019,2.9,12.6,8.0,11.5,0.9,2.3,6.3,17.3,0.6,0.3,0.9,0.15,2.4,-0.5,0.3
2024,edwarke02,10.3,0.541,0.634,0.11,3.6,13.7,8.5,7.1,1.8,1.3,4.4,14.0,0.2,0.3,0.5,0.083,-1.6,0.1,0.0
2024,jonesda03,15.8,0.659,0.194,0.292,8.4,17.3,12.9,7.9,1.3,4.3,13.8,15.4,0.4,0.4,0.8,0.15,-1.7,1.2,0.1
2024,bitimon01,5.0,0.464,0.524,0.06,2.5,11.1,6.7,6.5,0.6,0.8,10.4,15.8,-0.3,0.1,-0.1,-0.027,-5.4,-2.0,-0.4
2024,cainja01,11.5,0.544,0.392,0.291,6.5,9.7,8.1,5.6,1.9,1.9,8.2,16.7,0.1,0.3,0.5,0.089,-2.5,0.2,0.0
2024,rhodeja01,10.3,0.597,0.47,0.121,1.3,13.9,7.5,8.0,0.6,4.5,9.1,13.3,0.1,0.2,0.3,0.06,-2.9,0.4,0.0
2024,champju01,13.6,0.526,0.577,0.192,8.5,15.8,12.1,10.7,2.0,3.1,10.6,17.0,0.1,0.2,0.3,0.058,-1.1,-0.8,0.0
2024,greenja02,20.2,0.681,0.36,0.173,9.5,23.3,16.3,3.3,2.2,3.6,8.0,16.7,0.5,0.3,0.9,0.18,1.9,0.1,0.2
2024,badjiib01,8.1,0.623,0.0,0.545,9.4,16.3,12.6,7.7,0.7,8.0,35.5,8.0,0.0,0.2,0.2,0.046,-7.7,1.9,-0.2
2024,gilleco01,11.0,0.586,0.551,0.174,0.5,9.6,5.2,15.5,2.9,0.0,15.9,17.1,0.1,0.3,0.4,0.076,-3.7,0.9,0.0
2024,vincega01,3.1,0.341,0.571,0.041,2.1,2.4,2.3,11.6,2.0,0.0,9.1,10.9,-0.3,0.1,-0.1,-0.033,-6.9,0.4,-0.2
2024,morrima02,6.6,0.467,0.618,0.088,2.0,17.6,9.9,9.4,1.1,1.2,14.5,16.4,-0.3,0.2,-0.1,-0.014,-4.0,-1.3,-0.2
2024,bassech01,17.7,0.739,0.025,0.15,12.0,28.2,20.0,14.1,1.9,6.9,26.0,11.9,0.3,0.4,0.7,0.157,-1.8,3.1,0.2
2024,brownmo01,14.5,0.477,0.0,0.477,19.6,29.2,24.1,5.4,1.2,3.2,12.3,19.1,-0.1,0.2,0.2,0.044,-4.1,-2.4,-0.2
2024,bufkiko01,9.1,0.424,0.435,0.087,3.2,15.6,9.2,19.3,1.7,2.3,9.5,22.4,-0.3,0.1,-0.1,-0.031,-4.3,-0.2,-0.1
2024,jonesco02,8.9,0.422,0.31,0.155,9.7,13.7,11.7,13.9,1.8,2.4,11.6,19.1,-0.2,0.2,0.0,0.007,-5.4,0.4,-0.1
2024,santogu01,15.6,0.656,0.491,0.309,9.7,17.7,13.8,9.6,1.0,0.9,10.1,15.2,0.5,0.2,0.7,0.169,0.0,-0.5,0.1
2024,taylote01,10.1,0.558,0.231,0.128,9.9,12.1,11.0,7.0,1.3,1.1,14.5,11.3,0.1,0.1,0.3,0.07,-3.1,-0.1,0.0
2024,pottemi01,11.0,0.609,0.525,0.2,6.0,19.4,12.7,4.2,1.0,2.9,10.3,10.9,0.2,0.1,0.3,0.075,-1.4,-0.9,0.0
2024,leesa01,13.5,0.492,0.291,0.709,5.8,12.8,9.5,21.0,1.8,1.4,10.0,18.8,0.2,0.2,0.4,0.099,-2.0,0.6,0.0
2024,porteot01,8.7,0.568,0.697,0.091,3.7,14.8,9.2,5.8,1.4,2.5,5.5,8.9,0.1,0.1,0.3,0.07,-3.5,0.3,-0.1
2024,griffaj01,1.2,0.382,0.629,0.032,1.2,10.6,5.7,3.7,0.3,1.1,11.3,17.3,-0.4,0.0,-0.4,-0.12,-6.0,-3.5,-0.3
2024,harrijo01,4.6,0.489,0.769,0.051,1.9,6.7,4.3,7.7,0.8,1.0,9.1,11.0,0.0,0.0,0.0,0.001,-4.7,-1.1,-0.2
2024,queentr01,8.3,0.462,0.447,0.316,2.1,12.2,7.1,14.5,2.1,2.8,13.9,13.3,-0.1,0.3,0.2,0.056,-4.7,1.4,-0.1
2024,simpsza01,6.3,0.377,0.315,0.074,2.6,11.3,6.8,22.5,2.1,1.7,15.2,17.5,-0.3,0.2,-0.2,-0.046,-6.2,0.3,-0.2
2024,antetth01,5.5,0.518,0.033,0.067,5.1,4.2,4.6,13.9,2.2,2.2,31.2,12.5,-0.2,0.1,0.0,-0.01,-6.7,0.3,-0.2
2024,vukcetr01,13.9,0.554,0.537,0.328,4.1,21.5,12.6,12.1,1.5,3.7,11.5,23.9,0.0,0.1,0.1,0.045,-3.5,-0.1,-0.1
2024,jarrede01,9.6,0.392,0.26,0.22,5.6,27.3,16.0,25.4,2.0,1.2,14.1,18.3,-0.2,0.2,0.0,0.002,-4.6,0.7,-0.1
2024,bernaju01,12.7,0.544,0.453,0.141,7.0,11.8,9.3,15.4,0.9,0.5,10.5,21.5,0.0,0.0,0.1,0.026,-0.6,-2.5,0.0
2024,dowtije01,18.2,0.689,0.528,0.111,2.3,13.5,7.8,26.4,2.4,0.6,11.7,13.0,0.4,0.2,0.6,0.193,2.0,1.3,0.2
2024,cissosi01,12.0,0.568,0.364,0.455,6.1,10.8,8.4,9.4,2.4,1.8,7.0,12.7,0.2,0.1,0.3,0.11,-4.0,1.4,0.0
2024,clarkbr01,18.9,0.548,0.102,0.119,10.2,16.2,13.1,12.2,1.8,4.2,4.6,20.8,0.1,0.2,0.3,0.108,0.7,0.3,0.1
2024,batesem01,2.6,0.404,0.673,0.082,0.9,10.9,5.9,10.0,0.4,1.4,13.6,19.5,-0.4,0.1,-0.3,-0.092,-6.2,-3.0,-0.2
2024,smithdr01,12.8,0.576,0.515,0.061,5.1,7.0,6.1,15.0,3.4,2.2,12.9,13.2,0.1,0.2,0.3,0.125,-1.8,3.2,0.1
2024,willije02,15.6,0.565,0.1,0.26,9.9,9.2,9.6,8.3,1.5,0.7,6.7,19.7,0.2,0.1,0.3,0.11,-0.8,-0.8,0.0
2024,warretj01,9.2,0.479,0.317,0.098,4.8,14.8,10.0,10.1,1.6,0.7,8.6,16.5,0.0,0.2,0.2,0.06,-5.0,0.5,-0.1
2024,allenti01,0.8,0.272,0.304,0.087,3.4,11.8,7.4,5.4,1.6,0.0,7.7,8.9,-0.2,0.1,-0.1,-0.041,-10.3,-0.7,-0.3
2024,pickeja02,9.7,0.571,0.714,0.114,0.9,11.5,6.4,21.7,1.6,0.0,19.7,16.4,0.0,0.1,0.2,0.065,-2.7,-0.5,0.0
2024,garzalu01,21.8,0.576,0.427,0.333,18.6,10.7,14.4,5.9,1.6,0.7,6.5,33.3,0.2,0.2,0.4,0.166,0.6,-2.7,0.0
2024,pereima01,15.7,0.609,0.371,0.286,9.5,24.3,16.6,2.5,2.4,3.1,11.3,15.6,0.1,0.2,0.3,0.123,-1.2,0.7,0.0
2024,ramseja01,10.6,0.538,0.537,0.146,3.6,16.7,10.0,9.1,2.8,0.0,13.8,17.9,-0.1,0.1,0.1,0.021,-3.9,-0.5,-0.1
2024,gueyemo01,4.6,0.31,0.079,0.237,10.8,10.3,10.5,5.3,1.2,13.2,22.2,19.2,-0.5,0.2,-0.4,-0.147,-11.0,-0.9,-0.3
2024,moonxa01,8.1,0.352,0.37,0.043,7.9,9.2,8.5,23.4,1.2,2.3,9.6,19.1,-0.2,0.1,-0.1,-0.026,-4.7,-1.4,-0.1
2024,williro04,17.2,0.684,0.0,0.346,9.8,27.0,17.9,6.3,2.9,5.3,18.9,13.2,0.2,0.2,0.4,0.144,-2.2,2.9,0.1
2024,willibr03,9.3,0.439,0.278,0.315,3.9,8.7,6.3,20.9,0.4,0.8,10.2,26.0,-0.2,0.1,-0.1,-0.044,-2.7,-2.8,-0.1
2024,azubuud01,12.3,0.609,0.0,0.565,11.6,20.0,16.0,3.6,0.4,4.7,12.2,12.6,0.1,0.1,0.2,0.1,-3.0,-0.1,0.0
2024,hurtma01,8.4,0.453,0.588,0.088,8.4,7.1,7.7,5.1,1.3,2.5,5.4,14.2,0.0,0.1,0.1,0.031,-3.0,-0.7,-0.1
2024,hoodsja01,-1.5,0.316,0.333,0.444,2.1,10.7,6.6,9.1,1.3,1.6,14.3,24.9,-0.6,0.1,-0.5,-0.222,-12.4,-3.7,-0.4
2024,willima11,4.9,0.272,0.147,0.059,15.1,24.1,19.5,2.4,1.4,3.3,7.9,15.1,-0.3,0.1,-0.2,-0.069,-7.8,-3.7,-0.3
2024,brookar01,8.3,0.448,0.696,0.043,7.2,11.9,9.5,6.9,0.5,0.9,6.0,20.8,-0.1,0.1,0.0,-0.018,-2.2,-3.7,-0.1
2024,lewisma05,-3.9,0.246,0.429,0.143,2.3,2.1,2.2,6.8,0.9,0.8,30.9,13.6,-0.5,0.0,-0.4,-0.195,-10.3,-3.2,-0.3
2024,sarrol01,14.8,0.664,0.316,0.789,11.8,28.5,20.5,2.5,0.0,6.6,10.5,12.7,0.2,0.2,0.4,0.186,-2.6,-0.1,0.0
2024,minotjo01,20.4,0.593,0.278,0.389,5.2,15.5,10.6,13.2,2.7,4.9,4.5,21.4,0.2,0.2,0.4,0.222,1.8,3.3,0.2
2024,livinch01,6.9,0.547,0.227,0.182,3.7,21.5,12.8,7.2,1.1,0.0,17.4,13.8,0.0,0.1,0.1,0.027,-7.0,-1.0,-0.1
2024,swideco01,7.1,0.54,0.789,0.053,1.3,7.9,4.6,8.8,0.6,1.1,17.1,24.0,-0.2,0.1,-0.1,-0.05,-2.1,-2.4,-0.1
2024,schofad01,6.0,0.484,0.615,0.077,4.2,19.7,11.9,11.6,0.6,0.0,15.7,16.6,-0.1,0.1,0.0,0.006,-4.1,-0.8,-0.1
2024,smithte01,14.8,0.539,0.761,0.109,0.0,5.4,2.6,22.1,4.7,0.0,12.7,28.4,0.0,0.1,0.1,0.05,0.3,0.5,0.1
2024,boehebu01,9.1,0.509,0.862,0.345,3.9,9.5,6.6,4.8,0.0,1.0,0.0,17.0,0.1,0.0,0.1,0.047,-0.7,-2.8,0.0
2024,walshjo01,8.4,0.472,0.6,0.133,6.8,18.7,13.0,7.2,3.0,1.1,15.9,9.9,0.0,0.2,0.2,0.089,-5.6,1.8,0.0
2024,robinje01,5.7,0.41,0.515,0.333,1.4,6.6,4.0,8.0,0.6,3.3,5.0,20.7,-0.1,0.1,-0.1,-0.04,-6.1,-2.2,-0.1
2024,bouknja01,15.9,0.597,0.732,0.049,1.3,11.4,6.2,12.2,0.6,1.2,4.6,23.9,0.1,0.0,0.1,0.062,4.4,-2.2,0.1
2024,gabriwe01,2.3,0.351,0.273,0.227,9.1,25.3,16.9,5.3,1.2,2.3,24.8,17.0,-0.3,0.1,-0.2,-0.123,-10.6,-1.9,-0.2
2024,hamptrj01,0.9,0.336,0.571,0.143,3.0,6.0,4.5,13.6,0.0,0.0,16.8,10.5,-0.1,0.0,-0.1,-0.038,-8.1,-1.4,-0.1
2024,moorewe01,8.6,0.5,0.333,0.0,0.0,17.4,9.1,10.9,3.3,1.2,18.2,13.0,-0.1,0.2,0.1,0.052,-6.1,3.3,0.0
2024,hintona01,17.6,0.585,0.538,0.192,9.9,21.7,15.7,18.6,1.9,2.5,9.6,17.7,0.2,0.1,0.3,0.187,1.9,1.7,0.1
2024,gueyemo02,15.0,0.468,0.391,0.261,14.4,18.6,16.4,7.0,3.3,4.9,3.8,15.2,0.1,0.1,0.2,0.127,-2.1,0.6,0.0
2024,mobleis01,8.1,0.471,0.417,0.042,4.7,10.8,7.8,11.5,1.4,0.0,7.6,16.2,0.0,0.1,0.0,0.032,-4.5,-2.1,-0.1
2024,marjabo01,21.1,0.56,0.059,0.412,10.5,38.2,24.2,13.9,0.7,2.6,11.1,27.0,0.1,0.1,0.2,0.128,0.2,-0.5,0.0
2024,prestja01,10.5,0.316,0.158,0.0,9.4,16.9,13.2,28.7,1.4,1.3,9.5,12.4,0.0,0.0,0.0,0.026,-2.5,-0.1,0.0
2024,howarje01,8.6,0.457,0.833,0.133,1.7,10.6,6.1,13.0,1.5,2.8,8.6,22.7,-0.1,0.1,0.0,0.005,-1.4,-0.3,0.0
2024,simmoko01,14.5,0.476,0.381,0.0,1.6,10.1,5.7,24.2,4.3,2.6,4.5,14.0,0.1,0.1,0.1,0.098,-2.6,1.6,0.0
2024,johnske08,1.6,0.344,0.188,0.0,7.0,9.8,8.4,7.2,0.7,0.0,20.0,13.1,-0.1,0.1,-0.1,-0.068,-7.5,-2.2,-0.1
2024,sanogad01,21.9,0.558,0.0,0.444,31.6,29.4,30.5,0.0,0.8,0.0,13.4,24.8,0.1,0.1,0.2,0.133,-0.4,-6.3,-0.1
2024,lopezro01,6.6,0.453,0.421,0.105,5.2,3.3,4.2,7.8,0.7,3.9,9.1,14.5,0.0,0.0,0.0,0.007,-4.7,-1.4,-0.1
2024,baileam01,9.7,0.425,0.333,0.292,10.1,5.3,7.8,15.2,2.3,0.0,12.9,21.1,-0.1,0.0,-0.1,-0.044,-5.2,-3.1,-0.1
2024,diabamo01,24.7,0.576,0.0,0.737,27.4,15.4,21.2,8.6,3.9,1.4,7.4,18.6,0.2,0.1,0.3,0.25,4.0,-0.5,0.1
2024,whiteja03,1.1,0.188,0.625,0.0,6.6,14.2,10.3,2.0,3.1,1.5,11.1,12.1,-0.2,0.1,-0.1,-0.1,-9.1,-1.2,-0.1
2024,brownke03,7.6,0.567,0.133,0.533,5.4,3.6,4.5,9.3,0.0,0.0,9.7,13.7,0.1,0.0,0.1,0.045,-4.2,-2.6,-0.1
2024,johnske07,13.1,0.59,0.476,0.571,5.2,7.4,6.3,6.9,2.4,1.5,16.0,22.2,0.0,0.1,0.1,0.068,-1.6,-1.1,0.0
2024,keybr01,16.5,0.536,0.294,0.471,5.7,26.9,16.6,18.8,1.7,1.4,4.6,15.7,0.1,0.1,0.2,0.18,0.5,1.6,0.1
2024,samueje01,15.1,0.672,0.143,0.143,5.3,18.1,11.6,7.0,0.8,3.1,0.0,10.5,0.1,0.1,0.2,0.178,-0.3,1.1,0.0
2024,castlco01,13.0,0.644,0.0,0.375,11.9,10.8,11.3,6.8,1.6,0.0,13.9,15.8,0.1,0.0,0.2,0.128,-3.9,-1.4,0.0
2024,washity02,4.6,0.35,0.3,0.0,2.0,7.7,4.9,11.4,2.6,0.0,9.1,17.0,-0.1,0.1,-0.1,-0.072,-7.1,-1.0,-0.1
2024,seabrde01,9.2,0.448,0.154,0.462,2.0,12.0,7.1,11.2,1.8,1.8,0.0,12.4,0.0,0.1,0.1,0.087,-2.7,1.2,0.0
2024,toscaju01,2.5,0.292,0.333,0.0,8.3,21.6,14.8,9.0,0.9,1.7,14.3,11.3,-0.1,0.1,0.0,-0.024,-8.7,-0.6,-0.1
2024,millele01,27.0,0.694,0.25,0.1,11.5,31.3,21.8,25.5,1.9,1.7,4.6,18.6,0.2,0.1,0.3,0.323,5.9,3.7,0.2
2024,lundyse01,0.0,0.373,0.765,0.235,2.0,13.1,7.3,0.0,0.0,0.0,5.1,15.8,-0.1,0.0,-0.1,-0.092,-7.7,-5.0,-0.1
2024,dukeda01,16.2,0.673,0.333,0.167,4.2,17.1,10.6,14.6,1.9,0.0,13.4,18.5,0.1,0.0,0.1,0.119,-0.1,1.4,0.0
2024,nixda01,12.3,0.507,0.708,0.25,2.4,4.3,3.4,17.8,4.9,0.0,15.8,28.0,-0.1,0.1,0.0,0.014,-2.8,1.4,0.0
2024,huffja01,18.5,0.724,0.6,0.133,4.7,19.8,12.4,5.6,2.0,5.2,5.9,15.0,0.1,0.1,0.2,0.212,-0.3,1.6,0.0
2024,tysonhu01,6.0,0.5,0.7,0.0,2.4,18.0,10.4,5.6,1.0,0.0,9.1,20.0,0.0,0.1,0.0,0.007,-6.8,-2.1,-0.1
2024,johnsja01,5.0,0.368,0.2,0.2,2.4,7.2,4.8,18.6,5.0,1.7,31.5,14.2,-0.1,0.1,0.0,-0.05,-8.0,2.2,0.0
2024,jeffrda01,3.1,0.391,0.588,0.118,0.0,12.2,6.1,14.9,0.0,2.0,14.4,19.6,-0.1,0.0,-0.1,-0.087,-5.6,-2.5,-0.1
2024,arcidry01,-2.0,0.0,1.0,0.0,0.0,20.0,10.0,10.4,2.2,0.0,25.0,7.7,-0.1,0.1,-0.1,-0.089,-11.5,1.9,-0.1
2024,ntilila01,0.0,0.253,0.889,0.222,2.5,13.5,7.8,11.5,0.0,0.0,9.2,11.2,-0.1,0.0,-0.1,-0.099,-10.0,-3.4,-0.1
2024,tshieos01,24.8,0.553,0.0,0.4,21.6,21.6,21.6,6.4,2.2,1.9,0.0,23.5,0.1,0.0,0.2,0.221,4.5,-2.3,0.0
2024,hodgedm01,6.1,0.441,0.8,0.133,0.0,0.0,0.0,15.6,1.2,2.1,5.9,17.8,0.0,0.0,0.0,-0.019,-3.7,-2.6,0.0
2024,browngr01,10.5,0.501,0.273,0.818,8.2,16.3,12.3,13.0,0.0,8.8,21.1,20.3,0.0,0.0,0.0,0.0,-5.0,0.6,0.0
2024,mooreta02,11.8,0.453,0.368,0.105,10.6,11.9,11.2,20.4,2.5,0.0,13.1,24.3,0.0,0.0,0.0,-0.017,-2.5,-0.6,0.0
2024,davisjd01,18.8,0.581,0.583,0.333,5.8,21.2,13.8,32.9,1.3,2.3,12.7,17.6,0.1,0.1,0.2,0.228,1.8,1.4,0.1
2024,grayra01,22.7,0.676,0.412,0.0,5.5,14.0,9.7,25.2,1.2,2.1,5.6,19.5,0.1,0.0,0.2,0.187,5.6,1.8,0.1
2024,toppija01,14.3,0.658,0.444,0.222,8.8,11.9,10.3,10.9,0.0,2.5,9.2,12.4,0.1,0.0,0.1,0.161,0.6,-1.3,0.0
2024,slawsja01,6.6,0.667,0.333,0.0,3.0,18.6,10.6,6.9,1.3,2.5,25.0,9.2,0.0,0.0,0.0,0.058,-7.5,1.1,0.0
2024,brownch02,-3.2,0.3,0.7,0.0,3.0,3.0,3.0,0.0,0.0,5.1,16.7,14.0,-0.1,0.0,-0.1,-0.124,-10.2,-3.4,-0.1
2024,cartodj01,9.6,0.539,0.5,0.625,6.0,6.2,6.1,10.5,1.3,0.0,8.9,13.3,0.0,0.0,0.0,0.062,-4.2,-1.1,0.0
2024,dennide01,18.3,0.541,0.421,0.158,3.7,29.0,16.4,23.7,0.0,2.9,12.9,33.3,0.0,0.0,0.0,0.004,1.7,-0.1,0.0
2024,drellhe01,10.7,0.506,0.6,0.2,3.7,11.4,7.5,18.3,3.3,3.4,15.5,18.8,0.0,0.0,0.0,0.047,-5.1,0.2,0.0
2024,millejo02,14.1,0.658,0.222,0.222,12.5,7.8,10.1,0.0,0.0,0.0,9.2,17.0,0.1,0.0,0.1,0.116,0.4,-4.2,0.0
2024,jonesma05,5.8,0.394,0.875,0.25,3.9,16.4,10.0,21.7,1.7,0.0,18.4,16.6,0.0,0.0,0.0,-0.018,-5.4,0.0,0.0
2024,nancepe01,-3.9,0.218,0.167,0.333,0.0,12.3,6.2,0.0,1.8,0.0,12.7,12.9,-0.1,0.0,-0.1,-0.154,-11.9,-3.2,-0.1
2024,spencpa01,9.4,0.5,0.5,0.0,8.4,8.2,8.3,23.3,0.0,0.0,20.0,8.1,0.0,0.0,0.0,0.084,-3.4,-3.1,0.0
2024,whiteda01,4.9,0.255,0.6,0.4,0.0,18.8,9.1,15.6,0.0,3.8,0.0,10.6,0.0,0.0,0.0,-0.03,-5.5,-2.4,0.0
2024,liddeej01,4.3,0.291,0.833,0.333,0.0,23.9,12.1,5.2,4.3,8.6,22.5,16.8,-0.1,0.1,0.0,-0.091,-8.7,4.0,0.0
2024,peterdr01,18.5,0.917,0.833,0.0,0.0,4.5,2.3,5.9,4.3,0.0,14.3,13.3,0.1,0.0,0.1,0.194,3.8,1.6,0.0
2024,fordjo01,16.8,0.761,0.429,0.286,0.0,10.4,5.1,12.8,0.0,0.0,11.3,17.3,0.1,0.0,0.1,0.157,3.3,-1.1,0.0
2024,thomais02,6.7,0.4,0.4,0.0,0.0,0.0,0.0,21.9,0.0,0.0,0.0,22.8,0.0,0.0,0.0,-0.03,-1.6,-5.2,0.0
2024,garubus01,7.0,0.218,0.167,0.333,18.2,23.7,21.0,6.6,2.7,15.1,22.5,20.8,-0.1,0.0,0.0,-0.124,-10.8,-0.1,0.0
2024,greenda02,0.7,0.0,0.5,0.0,0.0,12.5,6.1,6.5,2.7,0.0,0.0,4.8,0.0,0.0,0.0,-0.035,-7.4,0.8,0.0
2024,willial06,-7.9,0.296,0.5,0.125,0.0,7.1,3.5,0.0,0.0,6.1,19.2,29.1,-0.1,0.0,-0.1,-0.357,-17.8,-5.4,-0.1
2024,jeromty01,7.6,0.5,0.25,0.0,7.6,0.0,3.7,27.3,0.0,0.0,20.0,14.7,0.0,0.0,0.0,0.04,-4.1,-0.8,0.0
2024,wilsodj01,31.6,0.833,0.333,0.0,7.2,7.5,7.4,22.5,0.0,12.2,0.0,17.3,0.1,0.0,0.1,0.355,15.5,7.0,0.1
2024,flaglad01,0.6,0.214,0.857,0.0,0.0,0.0,0.0,33.6,0.0,0.0,0.0,21.7,0.0,0.0,0.0,-0.159,-6.7,-3.9,0.0
2024,funkan01,-5.0,0.0,0.75,0.0,0.0,0.0,0.0,0.0,3.8,7.9,0.0,13.5,-0.1,0.0,-0.1,-0.252,-12.4,-2.0,0.0
2024,jacksqu01,16.1,0.532,0.0,2.0,0.0,41.2,20.6,18.6,4.3,0.0,0.0,7.2,0.0,0.0,0.0,0.203,-3.5,6.8,0.0
2024,primojo01,-12.8,0.333,0.333,0.0,11.7,0.0,5.6,0.0,0.0,9.0,57.1,30.7,-0.1,0.0,-0.1,-0.585,-16.8,-8.2,-0.1
2024,wiggili01,5.6,0.51,0.4,0.4,0.0,0.0,0.0,0.0,0.0,0.0,14.5,37.1,0.0,0.0,0.0,-0.154,-14.6,-9.2,0.0
2024,gateska01,-19.9,0.0,0.5,0.0,0.0,15.7,8.0,0.0,0.0,0.0,0.0,24.9,-0.1,0.0,-0.1,-0.558,-18.6,-10.1,-0.1
2024,harrish01,15.9,0.5,0.0,0.0,0.0,38.0,18.2,0.0,0.0,15.6,0.0,14.3,0.0,0.0,0.0,0.09,-0.7,5.2,0.0
2024,harrike01,11.1,0.667,0.0,0.0,0.0,39.5,19.6,33.0,0.0,0.0,25.0,29.1,0.0,0.0,0.0,0.038,-15.5,-0.3,0.0
2024,diallha01,33.2,0.5,0.0,0.0,41.8,0.0,21.4,28.9,18.7,0.0,33.3,25.3,0.0,0.0,0.0,0.204,2.7,16.0,0.0
2024,harpero02,0.0,,,,0.0,0.0,0.0,28.6,0.0,0.0,,0.0,0.0,0.0,0.0,0.087,-11.7,2.8,0.0
2024,nowelma01,55.5,0.532,0.0,2.0,53.9,0.0,27.5,57.1,12.1,0.0,0.0,20.1,0.0,0.0,0.1,0.665,29.1,14.2,0.0
2024,wongis01,-1.1,0.333,0.333,0.0,0.0,0.0,0.0,0.0,0.0,0.0,0.0,31.4,0.0,0.0,0.0,-0.277,-11.3,-7.7,0.0
2024,brockiz01,26.6,0.4,0.2,0.0,37.6,36.7,37.1,0.0,0.0,0.0,0.0,72.5,0.0,0.0,0.0,-0.177,-9.2,-8.5,0.0
2024,cazalma01,0.0,,,,0.0,0.0,0.0,0.0,0.0,0.0,,0.0,0.0,0.0,0.0,-0.012,-6.0,-3.2,0.0
2024,crutcja01,-12.6,0.0,0.0,0.0,0.0,0.0,0.0,0.0,0.0,0.0,0.0,14.5,0.0,0.0,0.0,-0.334,-18.5,-7.8,0.0
2024,skapidm01,-19.3,0.0,0.0,0.0,0.0,0.0,0.0,0.0,0.0,0.0,0.0,21.6,0.0,0.0,0.0,-0.483,-16.0,-9.8,0.0
2024,jacksju01,0.0,,,,0.0,0.0,0.0,0.0,0.0,0.0,,0.0,0.0,0.0,0.0,0.031,-6.3,-1.2,0.0
2024,smartja01,0.0,,,,0.0,0.0,0.0,0.0,0.0,0.0,,0.0,0.0,0.0,0.0,0.005,-6.2,-2.1,0.0
2025,bridgmi01,14.0,0.585,0.391,0.1,2.7,7.0,4.9,14.4,1.2,1.3,9.7,19.6,3.7,2.0,5.7,0.09,0.4,-0.9,1.2
2025,hartjo01,16.5,0.611,0.327,0.266,6.4,22.6,14.6,20.7,2.0,0.9,15.5,15.3,5.4,3.8,9.2,0.153,1.1,1.8,3.6
2025,edwaran01,20.1,0.595,0.503,0.308,2.4,14.8,8.7,20.9,1.6,1.7,12.0,31.4,4.6,3.8,8.4,0.14,4.4,0.0,4.6
2025,bookede01,19.3,0.589,0.388,0.34,3.1,8.9,6.1,30.6,1.2,0.5,11.9,29.3,6.1,0.3,6.4,0.111,2.8,-2.4,1.7
2025,hardeja01,20.0,0.582,0.516,0.446,2.3,16.1,9.3,36.8,2.1,2.0,18.0,29.6,4.0,4.3,8.3,0.143,3.5,0.8,4.4
2025,derozde01,17.7,0.569,0.196,0.337,2.0,10.1,6.0,18.7,1.1,1.1,6.5,25.0,5.7,1.4,7.1,0.123,1.2,-1.2,1.3
2025,youngtr01,18.3,0.567,0.467,0.408,1.4,8.2,4.7,46.4,1.6,0.4,17.9,29.6,4.4,1.3,5.7,0.1,3.3,-2.7,1.7
2025,herroty01,19.7,0.605,0.486,0.237,1.4,14.6,8.1,26.2,1.3,0.6,11.5,28.0,4.7,2.7,7.4,0.131,3.8,-0.7,3.5
2025,anunoog01,15.4,0.591,0.448,0.22,4.2,11.0,7.6,8.5,2.0,2.2,8.3,19.7,3.7,2.8,6.5,0.116,0.7,0.1,1.9
2025,greenja05,15.1,0.544,0.46,0.234,1.7,13.4,7.4,16.0,1.3,0.9,11.4,27.3,1.9,3.2,5.1,0.092,1.1,-0.5,1.7
2025,braunch01,16.0,0.665,0.273,0.261,4.2,12.2,8.4,10.1,1.5,1.2,8.1,15.8,6.2,1.9,8.0,0.144,0.8,-0.5,1.6
2025,adebaba01,18.9,0.561,0.199,0.295,7.7,23.1,15.5,20.0,1.8,1.9,11.4,23.5,3.5,4.0,7.5,0.135,1.0,1.0,2.7
2025,zubaciv01,22.3,0.641,0.0,0.251,13.1,30.2,21.8,12.8,1.0,3.4,10.8,19.5,7.0,4.7,11.7,0.215,2.3,0.8,3.4
2025,tatumja01,21.7,0.582,0.497,0.3,2.0,23.7,12.9,27.0,1.5,1.3,11.2,31.2,5.3,4.2,9.5,0.174,4.4,0.8,4.8
2025,mcdanja02,13.3,0.562,0.363,0.153,5.6,14.2,10.0,9.0,2.1,2.6,9.6,16.3,2.3,3.9,6.3,0.115,-1.4,1.4,1.4
2025,murrake02,12.0,0.553,0.548,0.088,6.3,15.5,10.9,5.6,1.1,2.6,6.6,15.0,2.4,2.1,4.4,0.082,-0.8,-0.8,0.2
2025,gilgesh01,30.7,0.637,0.263,0.404,2.8,12.6,7.8,31.3,2.4,3.0,8.6,34.8,11.9,4.8,16.7,0.309,8.9,2.6,8.9
2025,portemi01,16.2,0.617,0.467,0.185,6.1,16.2,11.4,8.7,0.9,1.3,8.4,20.2,4.6,1.8,6.4,0.118,1.6,-1.7,1.2
2025,whitede01,16.6,0.606,0.721,0.168,2.8,11.5,7.2,20.2,1.4,2.9,11.3,19.8,5.1,3.4,8.5,0.158,2.7,0.8,3.6
2025,daniedy01,15.6,0.545,0.255,0.152,5.1,14.2,9.6,17.9,4.2,2.0,13.6,18.2,1.3,3.7,5.0,0.093,-1.1,2.6,2.3
2025,jokicni01,32.0,0.663,0.243,0.331,9.0,28.2,19.1,44.1,2.4,1.6,12.8,29.5,12.7,3.8,16.4,0.307,9.9,3.3,9.8
2025,reaveau01,18.1,0.616,0.512,0.353,2.8,11.5,7.3,24.9,1.6,0.8,12.9,23.7,5.6,2.1,7.6,0.144,2.4,-0.5,2.6
2025,camarto01,12.5,0.572,0.503,0.176,7.2,12.1,9.6,9.6,2.2,1.8,12.4,14.4,2.5,2.6,5.2,0.097,-0.9,0.8,1.2
2025,siakapa01,19.2,0.599,0.274,0.261,5.9,17.6,11.8,15.7,1.3,1.5,7.6,24.2,5.0,2.5,7.5,0.142,2.2,-0.5,2.4
2025,lopezbr01,14.8,0.624,0.482,0.178,5.0,11.8,8.6,7.8,0.9,5.4,9.1,15.8,3.6,2.9,6.6,0.124,0.4,0.4,1.8
2025,townska01,23.4,0.63,0.278,0.337,9.8,32.0,21.0,13.8,1.4,1.9,12.1,27.4,6.3,3.8,10.1,0.193,3.5,0.1,3.5
2025,carrica01,9.0,0.514,0.544,0.114,1.4,13.1,7.2,21.2,1.0,0.8,15.2,15.8,-0.4,0.6,0.2,0.005,-3.3,-1.3,-1.6
2025,cunnica01,20.6,0.565,0.287,0.254,2.5,16.5,9.6,43.0,1.4,2.1,16.0,33.2,3.0,2.9,5.9,0.115,3.8,0.1,3.7
2025,halibty01,21.8,0.616,0.559,0.221,1.9,9.7,5.9,38.9,2.1,1.8,9.8,21.6,8.1,2.3,10.4,0.204,5.7,0.2,4.9
2025,whiteco01,15.5,0.601,0.521,0.274,1.1,10.4,5.8,19.5,1.3,0.6,12.4,24.4,3.0,1.5,4.5,0.088,0.5,-1.4,0.7
2025,jamesle01,22.7,0.604,0.312,0.261,3.4,21.2,12.6,40.3,1.4,1.5,15.5,30.1,4.9,2.8,7.7,0.152,4.9,0.7,4.7
2025,sabondo01,22.9,0.655,0.175,0.324,12.3,32.6,22.4,26.0,1.0,1.0,16.5,21.6,7.4,2.7,10.1,0.199,4.2,1.1,4.4
2025,murraja01,17.8,0.584,0.354,0.219,2.2,9.3,5.9,23.2,1.8,1.2,10.1,24.0,4.6,1.6,6.2,0.123,1.8,-1.0,1.7
2025,sengual01,21.4,0.545,0.079,0.374,11.4,23.8,17.5,24.1,1.7,2.3,12.7,26.2,4.1,4.2,8.3,0.166,2.6,1.8,3.9
2025,brookdi01,11.0,0.555,0.524,0.135,3.3,9.1,6.1,7.4,1.2,0.6,7.4,17.7,2.7,2.5,5.1,0.103,-1.4,0.0,0.4
2025,goberru01,18.3,0.687,0.0,0.535,12.5,23.8,18.2,7.5,1.2,4.1,12.4,13.0,6.1,4.0,10.1,0.204,0.6,1.3,2.4
2025,harrito02,13.9,0.571,0.328,0.206,3.1,17.5,10.4,9.8,1.5,2.4,8.8,17.6,2.3,2.9,5.2,0.108,-0.5,0.6,1.2
2025,garlada01,19.9,0.6,0.451,0.217,2.3,7.6,5.0,32.2,1.9,0.4,12.8,27.2,5.8,2.3,8.1,0.169,3.9,-0.8,3.0
2025,brunsja01,21.6,0.605,0.331,0.373,1.4,7.9,4.7,32.3,1.3,0.3,10.5,29.5,6.8,1.4,8.3,0.172,4.7,-1.3,3.1
2025,allenja01,22.1,0.724,0.008,0.433,10.5,26.7,18.8,9.5,1.6,2.9,11.3,15.9,7.6,4.0,11.6,0.243,3.0,1.2,3.6
2025,paulch01,14.7,0.58,0.636,0.158,1.5,12.3,6.9,34.8,2.2,0.9,17.1,14.0,4.2,1.6,5.7,0.12,0.3,0.5,1.6
2025,simonan01,14.9,0.557,0.527,0.172,1.2,8.0,4.5,23.3,1.3,0.2,10.6,24.6,2.9,1.2,4.2,0.087,1.5,-1.5,1.1
2025,antetgi01,30.5,0.625,0.048,0.536,7.3,29.7,19.0,36.0,1.2,3.2,11.2,35.2,7.8,3.7,11.5,0.241,6.9,2.5,6.6
2025,beaslma01,14.4,0.59,0.715,0.131,2.3,8.0,5.2,8.9,1.5,0.2,6.8,22.5,2.9,1.8,4.7,0.1,2.0,-1.2,1.6
2025,caldwke01,9.9,0.574,0.607,0.175,1.6,7.2,4.3,8.7,2.2,1.4,9.6,12.4,1.5,3.1,4.6,0.096,-3.0,1.6,0.3
2025,vucevni01,20.3,0.611,0.309,0.144,8.3,25.2,16.9,17.1,1.2,2.0,9.7,22.4,4.7,2.6,7.3,0.153,2.5,0.1,2.7
2025,pritcpa01,17.6,0.633,0.723,0.097,4.9,9.8,7.3,18.1,1.5,0.6,8.4,19.0,6.1,2.5,8.6,0.183,3.4,0.2,3.2
2025,duranke01,21.2,0.642,0.331,0.321,1.2,16.9,9.2,19.6,1.1,3.2,12.9,28.7,4.0,1.2,5.2,0.111,3.9,-0.7,3.0
2025,sharpsh01,14.5,0.551,0.428,0.219,3.2,12.7,7.8,14.2,1.3,0.6,11.0,25.1,1.3,1.7,3.0,0.064,0.0,-1.3,0.4
2025,curryst01,21.5,0.618,0.623,0.238,1.9,13.3,7.4,31.3,1.7,1.3,12.6,29.8,5.2,2.7,7.9,0.168,6.4,0.0,4.8
2025,willija06,20.3,0.573,0.291,0.256,2.9,14.6,8.8,23.4,2.4,2.1,10.3,27.5,3.7,4.1,7.8,0.168,2.7,1.4,3.4
2025,mitchdo01,20.9,0.575,0.48,0.274,2.8,12.5,7.8,23.9,2.0,0.7,9.2,30.9,4.8,2.8,7.6,0.163,3.8,-0.2,3.2
2025,barneha02,14.9,0.656,0.527,0.291,4.7,10.3,7.4,8.6,0.8,0.6,6.1,15.7,5.0,0.5,5.6,0.12,1.7,-1.7,1.2
2025,randlju01,17.5,0.593,0.334,0.357,7.3,16.8,12.1,22.5,1.0,0.7,15.3,25.0,3.6,2.6,6.2,0.134,1.5,-0.2,1.8
2025,thompam01,18.7,0.602,0.131,0.354,9.0,18.2,13.5,16.9,2.1,3.6,14.6,17.5,4.1,3.9,8.0,0.172,1.4,2.6,3.4
2025,jacksja02,19.6,0.591,0.321,0.328,4.4,15.5,10.0,10.1,1.9,4.7,9.9,28.1,3.2,3.2,6.4,0.139,1.6,0.8,2.4
2025,banede01,17.9,0.6,0.411,0.194,3.0,16.9,10.0,23.6,1.7,1.2,13.3,23.3,4.0,2.6,6.5,0.142,2.6,0.6,2.9
2025,reidna01,15.8,0.577,0.501,0.155,4.7,19.3,12.1,12.6,1.3,3.0,9.9,21.5,2.4,3.3,5.7,0.125,0.8,0.8,2.0
2025,jonesty01,14.5,0.585,0.587,0.083,2.1,7.8,5.0,27.7,1.6,0.3,11.4,16.2,4.0,0.3,4.4,0.096,1.4,-1.3,1.1
2025,turnemy01,16.1,0.612,0.486,0.293,4.7,19.4,12.1,7.1,1.2,6.0,11.8,20.7,1.8,2.9,4.7,0.104,0.0,0.4,1.3
2025,mobleev01,22.3,0.633,0.254,0.337,8.4,24.0,16.5,15.1,1.4,4.7,12.2,23.2,5.3,3.8,9.0,0.2,3.1,1.5,3.6
2025,princta02,9.8,0.613,0.652,0.093,1.8,12.2,7.2,9.4,1.7,0.6,13.3,12.5,1.3,2.2,3.5,0.077,-2.0,0.3,0.1
2025,castlst01,13.7,0.522,0.337,0.348,4.4,10.3,7.4,22.8,1.7,0.9,13.4,26.0,0.1,1.0,1.1,0.025,-1.5,-1.7,-0.6
2025,avdijde01,17.7,0.605,0.405,0.441,5.4,21.2,13.1,19.9,1.6,1.5,16.3,23.2,3.1,2.5,5.6,0.124,1.5,0.6,2.2
2025,brownja02,17.8,0.555,0.32,0.288,4.1,14.4,9.3,21.4,1.7,0.8,11.4,28.9,2.3,2.9,5.2,0.115,0.4,-0.4,1.1
2025,hardati02,9.8,0.567,0.672,0.213,0.9,8.4,4.7,7.6,0.8,0.3,6.1,15.5,2.1,1.4,3.5,0.077,-1.1,-0.9,0.0
2025,mathube01,13.6,0.579,0.338,0.389,4.6,15.2,9.9,8.8,1.1,1.0,11.9,22.8,1.3,1.8,3.0,0.068,-1.3,-1.5,-0.5
2025,dinwisp01,13.0,0.553,0.478,0.356,0.9,9.5,5.3,22.1,1.6,0.7,11.4,17.9,2.4,1.2,3.7,0.082,-0.9,-0.7,0.2
2025,barnesc01,17.8,0.523,0.263,0.284,5.3,20.2,12.6,27.7,2.1,2.8,13.4,27.0,0.6,2.9,3.5,0.078,1.5,0.9,2.3
2025,giddejo01,18.1,0.57,0.348,0.281,6.4,21.4,14.0,32.9,1.9,1.8,18.4,21.7,2.8,2.5,5.3,0.121,1.9,1.1,2.7
2025,vanvlfr01,12.8,0.515,0.607,0.181,1.6,9.7,5.6,21.2,2.2,1.1,9.6,17.7,2.4,2.8,5.2,0.119,-0.4,1.3,1.5
2025,georgke01,12.9,0.539,0.552,0.31,1.3,11.5,6.5,26.9,1.0,0.4,14.9,24.3,0.9,0.1,1.1,0.024,-0.2,-2.5,-0.3
2025,lillada01,21.3,0.621,0.528,0.396,1.6,12.1,7.1,29.7,1.6,0.4,12.2,27.8,5.6,2.0,7.6,0.175,4.7,-0.6,3.2
2025,westbru01,14.3,0.532,0.35,0.28,5.6,13.4,9.7,28.8,2.4,1.6,20.6,23.8,-0.1,2.1,1.9,0.045,-0.9,-0.2,0.5
2025,oubreke01,13.5,0.551,0.327,0.25,5.1,15.4,10.0,7.9,2.2,1.4,8.9,18.9,1.2,1.4,2.6,0.061,-1.7,-0.6,-0.1
2025,alexani01,11.6,0.579,0.601,0.192,2.9,11.1,7.1,15.0,1.2,1.5,12.9,16.0,2.0,2.3,4.3,0.099,-0.8,0.4,0.8
2025,dortlu01,11.3,0.586,0.696,0.078,4.7,10.3,7.6,6.9,1.8,1.9,7.7,13.6,2.4,3.2,5.6,0.129,-0.6,0.8,1.2
2025,okongon01,19.0,0.634,0.216,0.316,11.4,24.0,17.5,11.4,1.6,3.0,10.4,17.3,4.9,2.3,7.2,0.168,1.2,0.2,1.7
2025,monkma01,15.0,0.549,0.456,0.19,1.6,11.7,6.7,25.7,1.5,1.8,13.5,24.6,1.3,1.4,2.8,0.065,0.3,-1.1,0.6
2025,wellsja01,10.5,0.56,0.58,0.2,4.6,9.3,6.9,8.4,1.0,0.4,8.6,15.9,2.1,1.4,3.5,0.083,-1.2,-1.0,-0.1
2025,durenja01,21.4,0.703,0.0,0.443,15.2,28.7,22.0,14.7,1.3,4.2,17.2,16.4,5.9,3.4,9.2,0.218,1.6,1.5,2.7
2025,wilsoja03,9.5,0.541,0.584,0.266,4.0,11.4,7.5,10.8,1.0,0.2,10.2,16.6,0.9,1.0,1.9,0.046,-2.6,-1.3,-1.0
2025,bridgmi02,17.7,0.541,0.413,0.233,3.7,21.9,12.6,21.7,1.1,2.2,10.2,28.0,1.3,1.8,3.2,0.075,2.3,-0.5,2.0
2025,wagnefr01,20.1,0.558,0.303,0.268,3.0,17.1,9.7,26.6,1.9,1.0,9.6,31.0,2.6,3.1,5.6,0.133,2.6,0.5,2.6
2025,poolejo01,16.6,0.591,0.588,0.259,1.6,9.0,5.3,25.6,2.0,1.2,14.8,29.0,1.2,0.8,2.0,0.047,2.0,-1.6,1.2
2025,greendr01,12.4,0.534,0.483,0.289,3.9,19.0,11.2,26.2,2.4,3.4,23.3,15.9,0.3,3.4,3.7,0.088,-2.3,2.8,1.3
2025,vassede01,14.2,0.553,0.483,0.135,1.8,12.0,6.9,13.8,2.0,1.5,8.5,22.1,0.9,1.3,2.2,0.054,-0.3,-0.8,0.4
2025,thompkl01,12.9,0.552,0.631,0.084,2.5,11.0,6.8,10.7,1.2,1.3,8.8,21.8,0.7,1.1,1.8,0.045,0.7,-1.6,0.5
2025,maxeyty01,19.5,0.562,0.438,0.265,0.8,9.6,5.0,28.0,2.3,1.1,9.2,29.8,2.9,1.0,3.8,0.094,3.2,-1.1,2.0
2025,powelno01,17.5,0.615,0.453,0.28,1.2,9.6,5.5,10.2,1.8,0.5,9.2,26.1,2.9,2.3,5.3,0.129,1.7,-0.2,1.8
2025,missiyv01,15.4,0.572,0.002,0.415,13.7,19.7,16.6,7.2,0.9,4.8,12.4,14.3,2.5,1.1,3.6,0.089,-1.6,-1.4,-0.5
2025,elliske01,13.5,0.664,0.692,0.185,3.4,8.8,6.1,8.0,3.0,3.2,12.4,12.7,2.7,2.2,5.0,0.122,-0.1,2.0,1.9
2025,coulibi01,10.8,0.515,0.359,0.296,4.8,10.9,7.8,14.9,1.9,1.9,15.1,17.9,-0.6,0.9,0.3,0.008,-3.0,-0.7,-0.8
2025,champju02,12.2,0.577,0.722,0.141,3.7,13.9,8.8,7.9,1.5,1.6,9.5,17.2,1.3,1.2,2.5,0.062,-0.3,-0.9,0.4
2025,johnske07,10.4,0.499,0.515,0.178,3.5,14.5,8.8,14.6,2.1,1.5,12.1,21.7,-1.3,1.9,0.5,0.014,-3.1,-0.1,-0.6
2025,marshna01,15.1,0.584,0.306,0.225,4.4,14.0,9.3,15.8,1.8,0.5,12.5,20.0,2.0,1.5,3.5,0.087,-0.3,-0.5,0.6
2025,holidjr01,13.5,0.565,0.534,0.134,4.4,10.8,7.6,17.3,1.7,1.3,11.3,15.8,2.8,2.4,5.1,0.13,-0.3,1.0,1.3
2025,yabusgu01,14.7,0.616,0.487,0.245,7.7,16.3,11.8,11.6,1.5,1.2,12.2,16.3,2.9,1.0,3.9,0.099,0.1,-1.1,0.5
2025,trentga02,11.7,0.591,0.659,0.14,1.2,8.2,4.8,6.4,1.8,0.2,5.7,17.1,1.6,1.7,3.3,0.084,-1.2,-0.4,0.2
2025,blackan01,11.6,0.521,0.315,0.318,3.0,11.4,7.0,19.4,2.3,2.4,16.4,19.6,-0.6,3.0,2.4,0.061,-3.1,1.2,0.0
2025,greenjo02,7.8,0.559,0.589,0.171,3.1,6.7,4.9,8.2,1.9,0.8,13.4,11.8,0.4,1.0,1.5,0.037,-4.5,0.2,-1.1
2025,claxtni01,16.5,0.569,0.037,0.271,9.0,22.7,15.5,13.7,1.6,5.3,12.0,16.8,1.8,2.5,4.3,0.11,-1.1,1.5,1.1
2025,nembhan01,11.7,0.545,0.325,0.252,2.0,10.7,6.4,22.5,2.0,0.5,15.8,16.3,1.1,1.7,2.8,0.071,-2.6,0.3,-0.1
2025,wallaca01,12.3,0.562,0.425,0.076,4.1,8.8,6.5,11.5,3.1,1.9,10.5,12.8,1.8,3.4,5.2,0.133,-1.5,2.6,1.5
2025,jonesde02,13.5,0.609,0.372,0.2,5.7,10.1,8.0,4.6,2.1,1.7,9.3,16.5,2.1,2.6,4.7,0.12,-1.0,0.7,0.8
2025,hachiru01,13.6,0.619,0.429,0.196,4.9,12.6,8.9,6.4,1.2,1.3,7.3,15.8,2.8,1.5,4.3,0.11,-0.1,-0.6,0.6
2025,barrerj01,16.5,0.547,0.312,0.317,3.4,17.9,10.5,27.3,1.2,0.9,12.9,28.7,0.6,1.7,2.4,0.061,1.2,-0.7,1.2
2025,hieldbu01,12.3,0.56,0.698,0.081,2.9,12.7,7.6,10.7,1.8,1.2,10.1,20.5,0.6,2.2,2.8,0.073,-0.7,-0.3,0.5
2025,murphtr02,17.3,0.598,0.522,0.274,2.7,13.2,7.8,15.9,1.5,2.0,9.9,23.7,3.0,0.5,3.5,0.091,2.1,-1.4,1.3
2025,risacza01,12.2,0.558,0.442,0.191,5.0,11.1,8.0,7.1,1.3,1.8,9.8,20.9,0.6,1.1,1.8,0.046,-1.7,-1.8,-0.7
2025,colliis01,9.7,0.494,0.305,0.277,1.9,11.8,6.9,34.3,1.7,0.8,25.0,18.9,-1.3,0.5,-0.8,-0.021,-3.8,-1.5,-1.6
2025,johnske04,15.6,0.572,0.356,0.252,6.5,15.1,10.8,10.2,1.3,1.1,8.3,21.6,2.2,1.0,3.2,0.083,0.0,-1.6,0.2
2025,onealro01,12.6,0.585,0.774,0.046,3.3,17.5,10.6,12.3,1.8,1.7,10.1,15.5,1.6,1.2,2.8,0.073,0.2,-0.1,1.0
2025,washipj01,14.0,0.556,0.359,0.298,5.0,20.9,13.1,10.1,1.7,2.8,13.6,20.4,0.3,2.1,2.4,0.062,-1.1,0.2,0.5
2025,mccolcj01,15.8,0.55,0.459,0.173,2.4,10.3,6.2,20.6,1.2,1.3,9.0,27.2,1.3,0.2,1.5,0.038,1.2,-2.6,0.3
2025,highsha01,9.9,0.583,0.596,0.11,4.4,10.8,7.7,8.4,1.9,2.0,11.6,11.3,1.3,2.1,3.3,0.088,-2.7,0.9,0.1
2025,sarral01,12.9,0.482,0.412,0.199,7.1,17.9,12.5,13.9,1.2,5.0,11.2,23.5,-1.6,1.3,-0.3,-0.007,-2.2,-1.0,-0.6
2025,irvinky01,19.9,0.594,0.38,0.226,3.7,10.6,7.2,20.5,1.8,1.1,9.7,27.4,3.4,1.3,4.6,0.124,3.9,-0.5,2.5
2025,georgky01,8.8,0.503,0.648,0.17,2.8,13.7,8.2,13.3,1.8,2.5,14.2,15.9,-0.9,1.1,0.1,0.003,-3.8,-0.3,-0.9
2025,johnsca02,18.2,0.632,0.546,0.301,3.3,12.8,7.8,18.5,1.5,1.4,10.5,22.9,3.8,1.3,5.1,0.137,3.5,-0.4,2.3
2025,robindu01,11.8,0.595,0.729,0.08,1.1,9.1,5.2,14.7,1.1,0.3,11.1,19.2,1.3,1.4,2.7,0.071,-0.7,-1.1,0.1
2025,dunnkr01,11.3,0.531,0.513,0.05,3.4,12.4,8.0,15.6,3.5,1.5,14.2,12.7,0.8,3.2,4.0,0.108,-2.8,3.4,1.2
2025,hendesc01,12.5,0.54,0.434,0.301,3.1,9.2,6.1,28.1,1.9,0.7,18.6,22.5,0.4,1.4,1.8,0.049,-1.4,-0.8,-0.1
2025,cartewe01,13.7,0.544,0.322,0.356,9.4,23.4,16.0,11.5,1.5,2.2,11.9,16.0,1.6,3.0,4.6,0.125,-2.2,0.9,0.3
2025,sextoco01,16.6,0.593,0.313,0.29,3.7,6.8,5.2,25.1,1.3,0.3,14.1,27.0,2.5,-0.1,2.4,0.066,1.7,-2.3,0.6
2025,conlemi01,13.3,0.573,0.662,0.192,2.1,9.3,5.7,24.5,2.2,0.7,12.9,14.4,3.0,2.2,5.2,0.142,-0.1,1.3,1.4
2025,coffeam01,11.2,0.614,0.484,0.253,2.1,8.2,5.2,6.1,1.1,0.4,7.4,15.3,2.4,1.7,4.0,0.111,-1.5,-0.2,0.1
2025,wiggiaa01,16.1,0.596,0.466,0.122,5.1,12.9,9.1,10.6,1.7,1.0,8.3,20.3,2.7,2.7,5.4,0.148,1.3,-0.2,1.4
2025,kesslwa01,20.0,0.66,0.081,0.363,16.6,27.1,21.9,8.3,1.0,7.4,15.0,13.7,3.6,1.8,5.4,0.149,1.1,0.7,1.7
2025,agbajoc01,12.0,0.601,0.474,0.09,3.7,11.4,7.5,7.9,1.6,1.6,8.9,14.6,1.6,1.5,3.1,0.087,-0.9,0.2,0.5
2025,podzibr01,14.4,0.557,0.491,0.151,4.0,16.8,10.2,18.7,2.0,0.7,10.1,18.3,1.9,2.3,4.2,0.117,-0.1,0.8,1.2
2025,smithja05,12.6,0.562,0.489,0.223,6.4,18.6,12.4,4.7,0.7,2.1,8.9,16.4,1.9,2.2,4.2,0.117,-0.8,0.1,0.6
2025,bealbr01,15.2,0.598,0.38,0.197,2.3,9.1,5.8,17.6,1.7,1.5,11.6,22.1,1.9,0.6,2.4,0.068,-0.1,-1.0,0.4
2025,poeltja01,20.0,0.641,0.005,0.249,11.7,23.3,17.4,14.5,1.9,4.0,14.7,18.7,3.0,2.5,5.5,0.158,0.7,1.3,1.7
2025,pippesc02,15.8,0.582,0.369,0.288,4.1,12.1,8.1,27.1,2.8,1.6,17.1,19.3,2.4,2.3,4.7,0.133,0.0,1.8,1.7
2025,aldamsa01,16.8,0.588,0.503,0.145,6.1,20.3,13.3,15.2,1.5,1.6,9.3,18.5,2.9,2.0,5.0,0.144,2.5,0.7,2.2
2025,greenaj01,9.2,0.621,0.856,0.064,1.2,9.8,5.7,8.5,1.1,0.4,8.4,12.6,1.6,1.3,2.8,0.082,-1.7,-0.4,-0.1
2025,horfoal01,12.9,0.563,0.681,0.082,5.2,18.9,12.1,10.4,1.1,2.8,8.8,13.8,2.0,2.4,4.4,0.129,0.1,1.1,1.3
2025,roziete01,10.5,0.497,0.485,0.17,3.0,12.8,7.9,14.8,1.1,0.8,10.3,20.4,-0.5,1.5,1.0,0.029,-2.6,-1.0,-0.7
2025,watsope01,11.4,0.564,0.318,0.32,3.3,11.8,7.7,7.0,1.4,5.0,10.3,13.9,1.0,1.5,2.5,0.073,-2.1,0.3,0.1
2025,moodymo01,12.4,0.578,0.593,0.234,3.3,9.2,6.2,8.3,1.7,1.8,7.9,17.4,1.7,1.8,3.5,0.102,-0.9,0.0,0.5
2025,dasiltr01,9.9,0.522,0.495,0.13,4.9,12.7,8.6,10.3,1.0,1.1,9.9,15.2,0.5,1.9,2.5,0.073,-2.3,-0.3,-0.3
2025,divindo01,14.1,0.582,0.739,0.106,2.2,13.3,7.9,20.2,2.2,1.0,13.8,19.4,1.6,2.2,3.9,0.115,0.8,1.1,1.6
2025,joeis01,14.0,0.617,0.793,0.095,2.8,10.1,6.6,9.7,1.4,0.6,5.8,17.2,2.9,2.2,5.1,0.153,1.4,-0.1,1.4
2025,kispeco01,11.0,0.584,0.584,0.156,2.3,9.5,5.9,9.7,0.8,0.8,9.6,17.5,1.0,0.1,1.1,0.032,-1.4,-2.2,-0.7
2025,mcbrimi01,12.6,0.531,0.57,0.117,3.4,8.1,5.8,15.6,2.1,1.0,6.7,16.8,1.8,1.4,3.2,0.098,-0.4,0.4,0.8
2025,harteis01,18.9,0.599,0.04,0.244,11.2,29.6,20.6,18.3,1.4,3.9,15.3,16.7,3.2,3.6,6.8,0.205,0.6,2.6,2.1
2025,dickgr01,10.9,0.543,0.504,0.24,2.9,10.3,6.5,8.9,1.5,0.6,10.4,21.0,0.2,1.2,1.4,0.042,-1.9,-1.3,-0.5
2025,banchpa01,20.0,0.551,0.299,0.423,3.5,22.4,12.5,26.0,1.1,1.7,11.2,33.6,1.1,2.4,3.5,0.106,3.4,0.2,2.2
2025,willipa01,9.0,0.512,0.527,0.161,2.9,12.7,7.9,10.3,1.4,1.8,13.5,16.9,-0.9,1.3,0.4,0.012,-3.0,-0.7,-0.7
2025,toppiob01,17.4,0.642,0.503,0.19,4.1,18.7,11.5,11.9,1.4,1.6,9.5,20.1,2.7,1.6,4.3,0.135,1.8,-0.1,1.4
2025,allengr01,13.7,0.631,0.716,0.233,2.5,11.3,7.0,12.5,1.7,1.2,12.2,17.6,2.0,0.6,2.5,0.079,0.7,-1.0,0.7
2025,hausesa01,12.8,0.632,0.842,0.023,3.1,12.7,7.9,5.8,1.3,0.8,4.6,14.3,2.6,1.8,4.4,0.136,0.9,-0.1,1.1
2025,willizi02,11.9,0.55,0.581,0.237,4.3,17.5,10.6,8.5,2.0,1.8,10.5,18.2,0.5,1.6,2.1,0.065,-2.2,-0.1,-0.1
2025,vincega01,7.4,0.536,0.736,0.05,1.5,5.2,3.4,8.7,1.6,0.8,8.7,13.5,0.3,1.0,1.3,0.039,-3.8,-0.1,-0.8
2025,wembavi01,24.2,0.594,0.47,0.221,5.7,29.8,17.7,18.3,1.6,10.4,13.7,30.4,1.0,2.8,3.8,0.118,3.6,2.9,3.3
2025,grantje01,10.9,0.523,0.516,0.289,1.8,10.0,5.8,9.5,1.3,2.7,9.1,19.4,0.6,1.2,1.8,0.057,-1.4,-0.3,0.1
2025,filipky01,14.9,0.594,0.425,0.276,8.0,23.1,15.6,13.9,1.5,1.4,14.9,18.7,1.5,1.0,2.5,0.078,-0.6,-0.3,0.4
2025,moranja01,19.3,0.563,0.321,0.359,2.4,11.8,7.1,36.0,1.9,0.7,15.2,32.2,2.0,1.5,3.5,0.112,3.1,-0.7,1.7
2025,buzelma01,12.5,0.571,0.479,0.195,3.9,15.2,9.6,7.2,0.9,4.3,10.9,18.7,0.5,1.4,1.9,0.06,-2.0,-0.5,-0.2
2025,ballla01,19.1,0.536,0.526,0.228,3.3,13.4,8.2,43.8,1.8,0.8,13.1,35.9,0.9,1.1,2.0,0.065,4.1,-0.9,2.0
2025,knechda01,12.7,0.594,0.61,0.151,2.9,13.1,8.1,6.5,0.8,0.5,5.9,18.5,1.7,1.0,2.7,0.086,-0.1,-1.7,0.1
2025,markkla01,15.6,0.571,0.57,0.264,5.3,14.9,10.1,7.5,1.1,1.1,7.8,24.0,1.8,0.3,2.2,0.07,1.8,-2.1,0.7
2025,kennalu01,13.6,0.631,0.606,0.132,2.7,10.4,6.6,18.5,1.6,0.3,13.6,14.5,2.6,1.3,3.9,0.127,0.9,0.2,1.2
2025,sheadja01,9.9,0.499,0.442,0.137,2.1,6.4,4.2,29.8,1.9,0.7,18.0,18.6,-0.2,1.1,0.8,0.027,-3.2,-0.9,-0.8
2025,gordoaa01,17.0,0.65,0.346,0.36,6.4,12.1,9.4,15.0,0.8,0.9,11.3,19.0,3.6,0.7,4.3,0.143,2.7,-1.5,1.2
2025,stewais01,14.6,0.616,0.168,0.276,10.1,20.6,15.4,11.3,0.9,6.7,16.1,12.4,2.1,2.2,4.3,0.144,-1.6,2.1,0.9
2025,sensabr01,13.4,0.612,0.621,0.122,3.2,12.6,7.9,12.0,1.5,0.5,14.5,21.5,0.9,0.3,1.2,0.042,0.4,-1.6,0.3
2025,bitadgo01,19.2,0.631,0.083,0.392,12.7,25.0,18.6,14.8,1.7,6.6,15.3,14.3,2.8,3.0,5.8,0.195,-0.3,2.8,1.6
2025,wareke01,17.4,0.603,0.239,0.144,9.1,27.5,18.4,6.5,1.4,4.8,10.4,17.2,1.7,2.5,4.1,0.14,-0.7,0.6,0.7
2025,easonta01,18.5,0.567,0.329,0.186,9.4,17.9,13.6,8.5,3.3,3.2,9.7,19.4,2.1,2.9,5.0,0.169,1.0,2.6,2.0
2025,edeyza01,18.2,0.624,0.12,0.293,17.5,23.4,20.5,6.1,1.2,5.5,15.3,16.4,2.7,2.2,4.9,0.165,-0.2,0.1,0.7
2025,mccontj01,18.4,0.547,0.079,0.123,3.5,11.6,7.6,37.0,2.8,1.3,14.2,23.4,1.5,1.7,3.2,0.109,0.6,0.6,1.2
2025,dunnry01,10.7,0.517,0.553,0.082,7.5,13.5,10.6,5.7,1.5,2.7,7.5,16.7,0.2,0.7,1.0,0.034,-2.9,-1.2,-0.7
2025,merrisa01,11.1,0.583,0.868,0.068,3.0,8.9,6.1,9.6,1.8,0.9,7.4,14.3,1.8,1.5,3.3,0.113,-0.4,0.7,0.8
2025,dosunay01,12.8,0.585,0.421,0.176,2.0,10.0,6.1,20.2,1.4,1.1,12.5,16.6,1.6,1.0,2.5,0.087,-1.4,-0.2,0.1
2025,jeromty01,21.0,0.643,0.409,0.239,4.0,9.3,6.7,24.5,2.7,0.2,11.9,23.6,4.2,1.8,5.9,0.204,3.5,0.8,2.2
2025,strawju01,9.5,0.559,0.553,0.185,1.4,9.5,5.6,7.6,1.4,1.0,9.8,17.8,0.5,0.8,1.3,0.043,-3.1,-1.4,-0.9
2025,smithni01,8.3,0.502,0.539,0.081,1.0,9.1,5.0,16.7,0.6,0.4,12.2,20.8,-0.9,0.3,-0.5,-0.019,-3.2,-2.6,-1.3
2025,jaqueja01,14.3,0.543,0.258,0.307,6.8,16.5,11.7,17.9,2.2,1.0,15.7,20.2,0.5,1.8,2.3,0.081,-1.4,0.5,0.4
2025,batumni01,10.3,0.633,0.853,0.088,4.0,14.0,9.0,7.8,1.9,2.6,12.1,9.0,1.5,2.0,3.5,0.124,-1.2,2.0,1.0
2025,alvarjo01,13.4,0.523,0.593,0.142,2.1,8.9,5.4,27.3,2.6,1.0,13.4,19.8,0.7,0.5,1.2,0.043,-0.6,-0.8,0.2
2025,sochaje01,15.9,0.589,0.194,0.267,10.0,17.7,13.8,13.7,1.6,1.8,13.8,19.0,1.7,1.1,2.7,0.096,-0.8,-0.4,0.3
2025,kornelu01,19.6,0.683,0.011,0.346,15.2,15.8,15.5,11.9,1.3,4.8,8.8,11.4,4.8,2.2,7.0,0.246,1.6,1.7,1.8
2025,lylestr01,12.3,0.551,0.636,0.214,6.6,19.6,13.1,7.9,1.5,1.7,8.7,14.3,1.3,1.2,2.6,0.091,-0.4,-0.3,0.4
2025,champju01,15.7,0.614,0.47,0.178,8.6,18.6,13.6,6.8,2.3,2.6,10.9,15.6,1.6,1.2,2.8,0.1,-0.3,-0.2,0.5
2025,georgpa01,14.5,0.543,0.47,0.17,2.0,17.2,9.3,20.9,2.8,1.5,14.7,23.5,-0.2,1.2,1.0,0.036,-0.5,0.1,0.5
2025,thompau01,17.2,0.568,0.107,0.309,9.3,15.9,12.6,14.4,3.5,2.9,13.3,19.1,1.5,2.4,3.8,0.138,-0.8,2.5,1.2
2025,clingdo01,17.4,0.574,0.147,0.311,17.3,26.1,21.6,8.3,1.2,7.5,15.9,14.2,1.8,2.2,4.0,0.144,-1.7,1.4,0.6
2025,hawkijo01,9.6,0.504,0.597,0.176,2.0,11.2,6.5,7.3,1.1,1.7,8.8,21.0,-0.7,0.1,-0.5,-0.02,-2.4,-3.0,-1.2
2025,martity01,10.9,0.533,0.606,0.125,4.8,14.6,9.5,14.6,1.3,0.7,13.1,18.8,0.0,0.9,0.9,0.033,-1.4,-1.2,-0.2
2025,plumlma01,14.8,0.645,0.02,0.634,10.2,28.4,19.5,13.6,1.3,3.4,18.6,10.8,2.4,1.3,3.7,0.136,-1.5,1.0,0.5
2025,mogbojo01,11.9,0.496,0.197,0.23,8.9,17.3,13.0,15.3,2.1,2.5,15.1,15.0,0.3,1.6,1.9,0.071,-2.9,1.0,0.0
2025,johnsja05,17.3,0.569,0.26,0.232,5.2,26.0,15.3,20.5,2.0,2.6,15.1,22.5,0.8,1.6,2.4,0.089,0.5,1.4,1.2
2025,strusma01,12.6,0.607,0.786,0.091,4.6,13.6,9.2,15.6,1.0,0.9,12.2,14.7,2.2,1.3,3.4,0.13,1.1,0.2,1.1
2025,juzanjo01,11.8,0.573,0.661,0.112,3.6,12.0,7.8,7.9,1.5,0.6,6.7,17.6,1.3,0.3,1.6,0.06,-0.9,-1.4,-0.1
2025,hollaro01,11.1,0.556,0.363,0.293,3.5,15.5,9.5,8.9,1.9,1.3,13.3,18.1,0.2,1.5,1.8,0.067,-3.3,0.3,-0.3
2025,wadede01,10.1,0.563,0.819,0.111,4.5,16.6,10.8,7.3,1.6,1.4,7.2,10.4,1.3,1.7,3.0,0.113,-1.0,1.2,0.7
2025,councri01,11.6,0.502,0.46,0.33,4.4,15.4,9.7,11.4,1.3,1.0,8.9,20.3,0.1,0.5,0.6,0.023,-2.0,-2.3,-0.7
2025,salauti01,7.7,0.457,0.594,0.272,5.9,18.4,12.0,8.5,1.1,1.1,13.1,15.2,-0.9,0.9,0.0,0.002,-4.3,-0.8,-1.0
2025,portibo01,17.7,0.542,0.299,0.123,8.2,27.0,18.0,12.9,1.4,1.9,8.3,24.1,0.9,1.9,2.7,0.106,0.6,-0.4,0.7
2025,diabamo01,16.5,0.609,0.021,0.414,15.7,22.0,18.8,6.8,1.8,3.2,15.6,13.4,1.8,1.5,3.2,0.125,-1.4,-0.4,0.0
2025,robinje02,12.9,0.563,0.473,0.159,9.3,18.4,13.7,9.9,1.5,0.5,12.1,14.4,1.3,0.5,1.7,0.067,-0.9,-1.6,-0.2
2025,fontesi01,9.7,0.544,0.609,0.225,4.7,14.5,9.6,6.9,1.2,0.9,11.6,15.8,0.4,1.2,1.6,0.063,-2.2,-0.7,-0.3
2025,anthoco01,14.2,0.531,0.401,0.208,4.1,15.5,9.5,25.5,1.8,2.5,14.8,24.6,0.0,2.0,2.0,0.078,-0.8,0.9,0.7
2025,sheppbe01,9.2,0.555,0.693,0.094,4.0,12.0,8.0,8.6,1.5,1.0,6.9,11.3,1.0,1.0,2.1,0.081,-2.2,0.2,0.0
2025,gaffoda01,24.7,0.716,0.0,0.486,14.1,20.3,17.2,10.2,0.9,7.1,11.9,19.5,4.4,1.5,5.9,0.232,2.7,1.1,1.8
2025,collijo01,19.0,0.628,0.279,0.309,7.9,20.9,14.4,10.8,1.5,3.1,14.6,24.2,1.7,0.8,2.5,0.098,1.4,-0.4,0.9
2025,porzikr01,22.3,0.618,0.436,0.347,6.1,19.3,12.8,11.4,1.3,4.8,7.4,25.9,3.3,2.0,5.3,0.212,3.5,1.2,2.1
2025,clarkbr01,17.6,0.638,0.045,0.229,11.3,17.3,14.3,7.4,2.0,2.7,8.9,15.3,2.7,1.7,4.4,0.174,0.0,0.8,0.9
2025,aytonde01,17.7,0.583,0.068,0.128,10.9,26.0,18.2,8.5,1.2,2.9,12.2,19.4,1.2,1.6,2.8,0.113,-0.3,-0.4,0.4
2025,walkeja02,11.9,0.59,0.514,0.192,2.4,19.0,10.8,12.2,2.2,1.9,16.7,17.1,0.1,1.5,1.6,0.065,-1.8,0.8,0.3
2025,leonaka01,20.5,0.589,0.305,0.194,3.4,17.4,10.5,16.4,2.5,1.4,9.6,27.7,1.5,1.9,3.5,0.141,2.5,0.6,1.5
2025,capelca01,17.7,0.564,0.003,0.249,15.8,28.2,21.8,7.4,1.4,4.1,9.8,16.7,1.7,1.5,3.2,0.131,-0.6,-0.4,0.3
2025,willima07,23.9,0.647,0.009,0.365,11.8,29.3,20.3,16.5,1.3,4.5,12.0,21.4,3.1,1.6,4.7,0.195,2.5,0.9,1.6
2025,achiupr01,13.6,0.53,0.11,0.211,10.0,21.0,15.5,6.2,2.0,3.3,11.2,14.9,0.7,1.7,2.3,0.095,-2.1,0.2,0.0
2025,jovicni01,13.8,0.595,0.557,0.231,2.5,14.6,8.6,16.6,1.6,1.1,12.6,18.3,1.2,1.3,2.5,0.104,-0.3,0.6,0.7
2025,edwarju01,11.3,0.559,0.503,0.122,4.3,10.4,7.3,8.9,1.9,1.4,11.0,16.9,0.4,0.5,0.9,0.039,-2.1,-1.6,-0.5
2025,krejcvi01,12.7,0.661,0.705,0.154,2.0,13.1,7.4,16.5,1.5,2.1,13.8,12.9,1.8,0.8,2.6,0.11,0.0,0.7,0.8
2025,kuminjo01,15.7,0.535,0.266,0.414,5.1,15.6,10.2,14.6,1.6,1.7,9.6,27.4,0.5,1.5,1.9,0.08,-0.5,-0.1,0.4
2025,looneke01,17.0,0.535,0.018,0.356,16.9,26.9,21.8,14.3,2.0,3.1,10.8,13.3,2.2,2.1,4.3,0.182,-1.0,1.3,0.7
2025,willike04,13.7,0.587,0.483,0.11,6.3,16.3,11.4,11.0,1.8,0.9,9.5,15.4,1.6,1.9,3.6,0.151,-0.4,0.9,0.7
2025,phillju01,10.2,0.571,0.533,0.265,6.4,9.4,7.9,4.4,1.6,1.5,7.8,12.9,1.0,0.8,1.9,0.08,-2.6,-0.4,-0.3
2025,nesmiaa01,14.6,0.653,0.515,0.211,3.7,13.9,8.8,6.6,1.5,1.4,8.2,17.4,1.9,1.0,2.9,0.126,0.0,-0.5,0.4
2025,bantoda01,12.9,0.497,0.438,0.247,2.8,10.4,6.5,21.5,1.9,2.8,13.3,24.1,-0.3,1.1,0.8,0.033,-0.6,-0.2,0.3
2025,walteja01,10.8,0.523,0.473,0.211,5.6,10.1,7.8,10.2,1.9,0.9,10.4,18.2,0.3,0.9,1.2,0.052,-2.3,-0.6,-0.3
2025,hayesja02,15.8,0.72,0.013,0.439,8.3,19.1,13.9,7.5,1.4,4.4,13.9,12.4,2.3,1.4,3.7,0.162,-1.6,1.3,0.5
2025,payneca01,13.8,0.532,0.574,0.121,1.5,9.4,5.5,25.5,1.8,1.4,10.0,20.8,1.3,1.0,2.3,0.099,-0.1,-0.2,0.5
2025,isaacjo01,16.6,0.512,0.466,0.33,12.0,21.5,16.5,5.5,2.8,7.0,8.2,16.2,0.8,2.5,3.4,0.148,-1.1,1.8,0.7
2025,jeffrda01,7.9,0.518,0.564,0.103,3.6,10.0,6.7,7.2,1.2,2.3,10.3,13.5,0.0,0.6,0.6,0.027,-4.0,-0.7,-0.7
2025,curryse01,12.2,0.616,0.531,0.114,2.4,9.1,5.7,8.8,1.3,0.6,8.2,15.7,1.3,0.5,1.8,0.08,-0.8,-0.9,0.1
2025,willico04,3.7,0.419,0.525,0.156,2.8,8.7,5.7,7.4,1.0,1.4,13.8,12.5,-1.2,0.1,-1.2,-0.053,-6.1,-1.2,-1.4
2025,okorois01,10.7,0.587,0.566,0.172,5.2,8.1,6.7,8.0,1.5,1.4,7.4,12.5,1.5,1.0,2.5,0.115,-1.1,0.6,0.4
2025,ighodos01,11.1,0.61,0.011,0.267,7.2,16.2,11.9,9.1,1.3,2.6,15.7,10.5,1.1,0.6,1.6,0.075,-2.9,0.3,-0.2
2025,battlja01,10.7,0.59,0.746,0.052,3.7,12.8,8.1,7.1,0.8,0.9,7.1,15.3,1.0,0.7,1.7,0.079,-0.9,-1.3,-0.1
2025,clownno01,9.2,0.516,0.702,0.215,4.5,15.8,9.9,5.9,1.1,2.0,10.2,19.0,-0.3,0.8,0.5,0.023,-3.1,-1.0,-0.5
2025,carusal01,15.9,0.568,0.541,0.162,4.0,12.2,8.2,16.6,4.0,2.9,9.9,15.2,1.6,2.3,3.9,0.18,0.1,3.9,1.6
2025,murrakr01,9.1,0.472,0.43,0.204,7.7,11.3,9.5,9.0,1.6,1.5,12.4,13.9,-0.2,0.9,0.7,0.033,-3.1,0.1,-0.3
2025,murrade01,15.4,0.494,0.352,0.251,1.8,20.1,10.7,34.6,3.0,1.1,16.2,27.3,-0.7,0.9,0.2,0.009,-1.3,-0.3,0.1
2025,suggsja01,14.4,0.536,0.503,0.229,2.5,14.2,8.1,21.6,2.5,3.2,16.2,27.5,-0.7,1.8,1.1,0.052,-0.8,1.3,0.6
2025,bostobr01,12.7,0.535,0.367,0.223,3.0,11.9,7.3,13.7,2.6,0.9,11.1,20.0,0.2,0.5,0.7,0.033,-2.3,-0.2,-0.1
2025,terryda01,9.6,0.546,0.388,0.257,4.1,9.0,6.6,12.7,2.1,1.3,15.1,14.9,0.2,0.8,1.1,0.052,-4.0,0.2,-0.5
2025,jacksan01,8.6,0.554,0.386,0.122,7.5,12.5,10.1,10.9,1.7,1.3,21.8,11.9,0.1,1.0,1.2,0.059,-3.6,0.2,-0.3
2025,jackstr02,18.5,0.587,0.01,0.338,13.2,21.7,17.3,16.1,1.2,3.7,11.5,17.1,1.9,1.4,3.4,0.167,0.3,0.9,0.8
2025,smithja04,18.7,0.586,0.544,0.218,9.9,28.7,19.5,9.7,0.8,4.0,7.6,21.0,1.7,1.3,2.9,0.146,1.5,-0.6,0.7
2025,clarkjo01,14.5,0.54,0.471,0.29,2.8,10.4,6.6,22.9,1.5,0.9,13.4,27.8,0.2,0.2,0.4,0.021,0.6,-2.1,0.1
2025,paytoga02,16.2,0.635,0.319,0.128,6.0,15.8,10.7,13.5,2.7,1.7,11.0,16.1,1.5,1.5,3.0,0.155,-0.5,2.0,0.8
2025,millebr02,14.0,0.54,0.597,0.161,2.8,12.5,7.6,18.3,1.5,2.1,12.6,27.7,-0.2,0.7,0.4,0.023,0.8,-0.8,0.4
2025,quickim01,17.5,0.57,0.514,0.292,1.8,12.1,6.8,31.5,1.2,0.4,10.5,25.1,1.8,0.6,2.5,0.128,3.2,-1.0,1.0
2025,watfotr01,13.0,0.557,0.251,0.349,4.4,16.0,9.9,21.0,1.5,1.3,17.1,23.3,0.0,0.8,0.7,0.038,-2.3,-0.8,-0.3
2025,hardyja02,10.4,0.549,0.476,0.208,1.1,9.4,5.3,13.2,1.5,0.5,15.4,25.3,-0.8,0.5,-0.3,-0.016,-2.8,-1.9,-0.6
2025,sharpda01,19.7,0.568,0.142,0.233,17.8,23.8,20.7,16.8,2.3,4.6,15.3,19.9,1.3,1.4,2.7,0.141,0.0,0.9,0.7
2025,bonaad01,16.5,0.714,0.005,0.521,11.1,19.9,15.3,4.4,1.4,7.5,20.5,14.3,1.4,0.9,2.3,0.121,-2.9,0.2,-0.2
2025,iveyja01,14.7,0.569,0.373,0.281,5.0,10.3,7.6,19.7,1.5,1.2,16.1,26.0,0.3,0.8,1.2,0.062,0.8,-0.8,0.5
2025,holmgch01,19.2,0.599,0.34,0.393,6.0,25.0,15.7,9.7,1.3,8.2,12.3,22.0,1.1,2.0,3.2,0.173,0.5,1.9,1.0
2025,quetane01,16.3,0.674,0.015,0.3,11.2,18.5,14.9,7.4,1.0,4.5,14.8,13.7,1.8,1.4,3.2,0.179,-1.7,1.0,0.3
2025,burksal01,12.8,0.608,0.764,0.181,1.9,13.8,7.9,9.1,1.6,0.8,9.0,16.5,0.9,0.9,1.8,0.1,0.0,0.3,0.5
2025,bouchch01,18.7,0.615,0.522,0.235,8.5,19.6,13.9,5.9,1.3,2.8,6.6,21.2,1.7,1.0,2.7,0.148,2.9,-0.6,0.9
2025,willizi01,27.3,0.6,0.026,0.474,9.3,18.2,13.6,36.6,2.1,3.0,12.8,34.7,1.9,0.6,2.5,0.141,5.9,1.0,1.9
2025,simpskj01,8.3,0.437,0.432,0.166,4.8,9.0,6.9,19.8,2.0,0.7,14.8,19.1,-1.0,0.5,-0.4,-0.025,-4.5,-0.9,-0.7
2025,livelde01,20.1,0.704,0.0,0.382,13.9,21.3,17.7,14.3,1.2,5.7,15.5,13.6,2.4,1.0,3.4,0.199,1.1,2.2,1.1
2025,mathega01,11.2,0.606,0.848,0.304,1.7,10.0,5.7,9.3,1.5,1.7,9.6,15.9,1.0,0.5,1.5,0.087,-1.1,-0.5,0.1
2025,whitmca01,15.5,0.549,0.454,0.179,4.5,15.1,9.7,8.9,1.8,1.4,9.6,23.9,0.6,1.2,1.8,0.106,0.7,-0.4,0.5
2025,rolliry01,14.0,0.6,0.443,0.166,2.9,11.1,7.2,17.8,2.5,1.9,15.4,18.4,0.7,1.0,1.7,0.101,-1.4,0.9,0.3
2025,sassema01,14.0,0.589,0.514,0.172,2.5,6.9,4.7,22.9,2.2,0.5,14.5,19.4,1.0,0.8,1.8,0.108,-0.4,-0.2,0.3
2025,adamsst01,16.6,0.541,0.012,0.557,21.8,22.0,21.9,10.9,1.3,3.2,20.6,13.6,1.0,1.3,2.3,0.137,0.0,0.3,0.5
2025,holidaa01,12.2,0.594,0.675,0.153,1.7,8.9,5.2,14.3,1.2,1.2,11.5,16.8,1.2,0.8,2.0,0.122,-0.4,0.1,0.3
2025,matkoka01,15.6,0.639,0.281,0.187,8.5,20.4,14.2,8.6,1.3,5.0,14.5,15.9,1.0,0.6,1.6,0.096,-1.9,-0.2,0.0
2025,houstca01,9.4,0.605,0.842,0.089,2.6,8.6,5.5,6.4,1.4,0.7,6.2,11.7,0.9,0.9,1.8,0.109,-2.4,0.2,0.0
2025,willija07,16.4,0.594,0.692,0.136,6.7,28.7,17.9,19.0,1.3,3.7,13.0,14.6,1.5,1.7,3.3,0.199,1.5,2.7,1.2
2025,larsspe01,10.2,0.546,0.468,0.3,4.0,9.0,6.5,11.6,2.0,0.9,9.5,14.4,0.6,0.8,1.4,0.086,-3.8,0.7,-0.2
2025,thomaca02,18.0,0.575,0.43,0.333,2.1,10.4,6.0,22.9,1.0,0.3,10.6,32.6,0.8,0.4,1.2,0.071,2.8,-2.6,0.5
2025,balllo01,12.2,0.524,0.802,0.111,3.4,12.3,8.0,18.9,2.8,1.9,13.9,15.9,0.3,0.9,1.2,0.075,-1.5,1.7,0.4
2025,gordoer01,10.8,0.591,0.672,0.235,1.1,5.8,3.4,12.0,1.7,1.5,11.1,14.4,0.7,0.2,0.9,0.053,-0.8,-0.8,0.1
2025,santogu01,11.7,0.575,0.575,0.235,9.9,14.5,12.1,14.2,1.6,1.2,17.5,13.2,0.8,0.9,1.7,0.11,-2.2,0.5,0.1
2025,shamela01,9.7,0.601,0.678,0.078,1.7,7.5,4.6,4.7,1.5,0.2,8.5,14.8,0.5,0.5,1.0,0.065,-1.9,-0.6,-0.1
2025,mykhasv01,9.8,0.526,0.672,0.116,3.1,9.6,6.4,14.7,1.2,0.9,14.1,20.3,-0.2,0.1,-0.1,-0.009,-1.4,-2.1,-0.3
2025,drumman01,16.0,0.535,0.085,0.385,15.8,31.6,23.4,6.8,2.6,2.4,16.7,19.1,0.2,1.0,1.2,0.078,-2.4,-0.8,-0.2
2025,walkeja01,15.0,0.601,0.314,0.31,8.3,22.6,15.3,7.2,2.1,0.7,11.6,16.3,1.0,1.0,2.0,0.128,-1.2,0.5,0.2
2025,huffja01,18.2,0.666,0.656,0.184,4.3,13.9,9.1,7.0,1.0,6.9,9.3,19.6,1.6,1.0,2.5,0.162,2.5,1.0,1.1
2025,hortota01,13.8,0.567,0.419,0.337,2.8,11.5,7.2,16.1,1.4,1.3,10.7,21.6,0.6,0.5,1.1,0.075,-1.4,-1.1,-0.1
2025,harriga01,6.9,0.524,0.759,0.09,3.1,7.5,5.2,5.8,1.8,1.6,10.9,9.5,0.1,0.9,1.0,0.067,-3.9,1.2,-0.1
2025,pottemi01,8.5,0.563,0.726,0.148,6.6,18.4,12.5,5.8,1.0,1.9,17.7,10.3,0.2,0.3,0.4,0.03,-2.9,-0.6,-0.3
2025,howarje01,7.1,0.491,0.71,0.088,3.1,8.6,5.7,9.6,0.9,1.5,11.7,19.2,-0.6,0.8,0.1,0.01,-4.1,-1.2,-0.6
2025,jordade01,15.4,0.621,0.0,0.457,14.0,30.3,22.6,9.5,1.1,3.5,19.2,12.8,0.9,0.9,1.8,0.127,-1.4,0.2,0.2
2025,postqu01,14.2,0.595,0.653,0.099,5.3,18.3,11.6,12.2,1.1,2.5,10.3,19.6,0.8,0.9,1.7,0.116,0.1,0.0,0.4
2025,weslebl01,9.9,0.51,0.312,0.328,2.7,6.9,4.8,22.3,2.6,0.8,20.2,16.7,-0.3,0.4,0.2,0.011,-3.9,-0.3,-0.4
2025,mamuksa01,19.7,0.628,0.573,0.206,9.7,19.7,14.7,10.7,1.6,2.3,7.8,20.8,1.6,0.6,2.2,0.152,3.3,-1.0,0.7
2025,pickeja02,10.9,0.545,0.561,0.044,2.6,8.8,5.9,19.5,1.4,0.7,11.6,13.2,0.8,0.3,1.1,0.078,-0.8,-0.7,0.1
2025,evbuoto01,11.6,0.53,0.35,0.332,5.2,15.8,10.2,12.9,1.8,1.5,13.4,19.1,0.0,0.6,0.6,0.044,-3.0,-0.3,-0.2
2025,reevean01,11.7,0.579,0.52,0.141,2.9,7.6,5.1,8.8,1.5,0.6,10.2,18.8,0.4,0.0,0.4,0.029,-1.2,-2.0,-0.2
2025,lowryky01,9.8,0.525,0.752,0.282,1.8,10.0,5.8,19.2,2.5,1.6,13.8,10.1,0.6,0.4,1.0,0.07,-2.8,1.5,0.1
2025,sheppre01,9.7,0.465,0.594,0.067,2.6,10.3,6.4,15.2,2.6,2.3,13.1,17.8,-0.3,1.0,0.8,0.055,-3.0,1.3,0.1
2025,joneshe01,10.4,0.541,0.419,0.233,3.6,9.6,6.5,13.8,2.8,1.3,15.6,14.6,0.1,0.3,0.4,0.033,-3.9,0.2,-0.3
2025,klebima01,5.6,0.489,0.51,0.219,4.4,11.7,8.1,8.3,0.7,2.3,17.9,8.7,0.0,0.4,0.3,0.023,-4.2,0.4,-0.3
2025,dowtije01,16.1,0.57,0.304,0.196,2.1,9.1,5.5,19.6,1.9,1.9,5.7,18.6,1.1,0.3,1.3,0.103,0.7,-0.5,0.3
2025,theisda01,12.1,0.558,0.287,0.287,7.4,21.5,14.2,13.0,1.4,3.1,14.7,11.6,0.6,0.4,1.0,0.077,-3.3,0.0,-0.2
2025,josepco01,10.9,0.547,0.695,0.117,3.0,11.2,6.9,17.0,2.1,0.6,10.0,12.8,0.6,0.9,1.5,0.114,-2.3,1.4,0.2
2025,nnajize01,12.0,0.574,0.369,0.312,6.3,9.8,8.1,4.6,2.0,5.6,8.0,12.2,0.6,0.6,1.2,0.097,-2.1,0.7,0.1
2025,edwarke02,11.3,0.597,0.4,0.096,4.0,16.3,10.3,9.1,1.5,2.8,10.2,11.1,0.6,0.6,1.2,0.096,-2.0,0.6,0.1
2025,connapa01,12.1,0.567,0.458,0.175,3.6,15.6,9.8,15.8,0.7,1.7,11.2,15.6,0.6,0.6,1.2,0.093,-1.4,-0.8,0.0
2025,mitchaj01,12.0,0.587,0.326,0.19,3.3,8.8,6.1,13.8,2.0,0.7,12.7,16.2,0.6,0.9,1.5,0.122,-2.5,0.9,0.1
2025,ingrabr01,16.0,0.56,0.345,0.165,3.0,15.5,9.1,26.8,1.3,1.8,16.2,30.2,-0.2,0.2,0.0,0.001,1.4,-1.7,0.3
2025,mccaija01,15.2,0.589,0.485,0.204,2.4,8.6,5.4,16.7,1.2,0.0,11.0,24.7,0.6,0.1,0.7,0.057,1.8,-1.6,0.3
2025,reddica01,7.4,0.498,0.5,0.277,3.3,9.1,6.3,4.8,2.8,1.6,10.2,8.8,0.0,0.6,0.7,0.054,-4.4,1.6,-0.1
2025,tateja01,12.3,0.557,0.311,0.318,8.9,12.4,10.6,10.5,2.2,1.1,11.5,13.3,0.8,0.8,1.6,0.133,-2.1,1.4,0.2
2025,prospol01,12.6,0.484,0.293,0.437,8.4,15.0,11.8,9.1,2.2,0.9,6.3,16.3,0.3,0.5,0.9,0.072,-1.6,-0.5,0.0
2025,vandeja01,13.2,0.537,0.264,0.298,13.6,21.5,17.6,9.4,3.0,1.6,17.5,12.5,0.5,0.9,1.4,0.114,-2.3,1.3,0.2
2025,embiijo01,23.4,0.58,0.244,0.537,6.8,24.5,15.3,25.6,1.2,3.1,13.7,34.2,0.9,0.5,1.4,0.118,3.7,-0.3,0.8
2025,morrimo01,13.1,0.546,0.441,0.215,2.4,10.5,6.5,18.1,1.7,0.5,9.0,18.1,0.6,0.2,0.8,0.064,-1.0,-0.8,0.0
2025,wagnemo01,22.3,0.649,0.301,0.442,7.7,23.1,15.0,13.7,2.1,2.0,14.1,26.8,1.0,1.0,2.0,0.174,2.6,1.4,0.9
2025,brogdma01,15.8,0.544,0.233,0.383,3.9,13.0,8.4,27.4,1.1,0.8,11.9,23.7,0.6,0.1,0.7,0.061,-0.1,-1.5,0.1
2025,konchjo01,12.1,0.592,0.681,0.088,7.1,21.4,14.3,8.8,2.5,2.3,14.5,8.0,0.6,0.9,1.5,0.131,-0.7,2.3,0.5
2025,poweldw01,12.9,0.713,0.082,0.705,9.5,13.7,11.7,12.5,1.6,3.3,18.4,7.6,1.2,0.5,1.7,0.147,-1.5,1.5,0.3
2025,jonesdi01,8.1,0.464,0.474,0.211,6.0,17.3,11.8,12.6,1.4,0.7,16.2,13.3,-0.1,0.9,0.8,0.067,-4.3,0.3,-0.3
2025,goodwjo01,12.1,0.541,0.472,0.076,8.1,14.9,11.6,10.5,2.7,1.9,14.9,14.1,0.2,0.7,1.0,0.084,-1.7,0.8,0.2
2025,holmeri01,19.8,0.695,0.022,0.432,12.0,22.5,17.2,12.1,0.8,3.9,11.3,14.7,1.6,0.4,2.0,0.178,1.2,0.0,0.4
2025,gueyemo02,14.4,0.52,0.474,0.246,8.8,20.0,14.3,6.6,2.5,5.7,7.3,15.7,0.4,0.8,1.2,0.106,-1.6,1.0,0.2
2025,biyombi01,12.2,0.576,0.0,0.219,8.7,23.4,16.0,7.9,1.5,3.9,17.8,12.3,0.2,0.6,0.8,0.071,-3.6,0.0,-0.2
2025,clarkja02,12.0,0.598,0.425,0.308,5.6,5.6,5.6,6.7,3.4,0.4,5.5,12.0,0.9,0.7,1.6,0.147,-2.9,2.7,0.2
2025,dilliro01,10.2,0.503,0.351,0.071,2.6,8.0,5.4,28.4,1.9,0.2,19.6,22.7,-0.4,0.6,0.1,0.012,-3.3,-0.9,-0.3
2025,portecr01,13.1,0.61,0.343,0.229,4.1,9.9,7.1,17.7,1.6,2.6,19.8,15.9,0.5,0.6,1.1,0.102,0.1,1.0,0.4
2025,vukcetr01,17.8,0.608,0.421,0.277,5.2,21.2,13.2,13.0,1.0,4.0,13.4,25.7,0.3,0.4,0.7,0.069,0.4,-0.9,0.2
2025,cainja01,11.4,0.544,0.506,0.316,5.6,12.8,9.1,6.2,2.2,1.7,10.9,17.0,0.1,0.2,0.4,0.036,-2.5,-0.8,-0.2
2025,wallake01,10.1,0.503,0.506,0.068,1.5,9.6,5.5,21.0,2.6,1.7,16.5,16.4,-0.1,0.5,0.4,0.034,-3.3,1.0,0.0
2025,landajo01,16.0,0.59,0.171,0.263,11.7,17.6,14.6,10.3,1.3,1.8,11.0,15.7,1.0,0.7,1.7,0.159,0.0,0.4,0.3
2025,willivi01,9.2,0.504,0.569,0.144,4.7,15.9,10.4,13.8,1.1,1.3,15.7,17.0,-0.1,0.5,0.4,0.04,-2.5,-0.3,-0.1
2025,willibr03,18.3,0.634,0.319,0.351,2.7,10.1,6.5,23.2,2.4,0.9,15.2,22.6,0.9,0.4,1.3,0.129,1.0,-0.1,0.4
2025,lawsoaj01,12.7,0.542,0.532,0.332,4.3,14.9,9.5,9.1,1.3,1.2,6.4,20.0,0.4,0.4,0.8,0.081,-1.5,-1.0,-0.1
2025,willigr01,11.5,0.596,0.602,0.301,3.9,14.5,9.1,11.3,1.8,2.7,16.7,14.8,0.3,0.4,0.7,0.071,-2.3,0.7,0.1
2025,walkelo01,13.1,0.548,0.599,0.142,1.4,14.1,7.5,16.5,1.0,1.0,10.0,22.8,0.2,0.1,0.3,0.033,0.0,-2.4,0.0
2025,reathdu01,13.7,0.552,0.639,0.133,9.9,11.4,10.6,8.0,1.2,2.7,8.3,17.0,0.6,0.4,1.0,0.105,0.2,-0.5,0.2
2025,nancela02,16.0,0.632,0.49,0.084,5.3,19.4,12.2,11.3,2.0,2.6,9.1,15.7,0.8,0.5,1.3,0.131,1.1,0.7,0.4
2025,gilleco01,16.8,0.578,0.57,0.139,5.5,13.2,9.4,24.0,2.3,1.0,9.2,17.7,1.0,0.3,1.3,0.131,2.3,0.2,0.5
2025,ruperra01,8.1,0.499,0.415,0.211,6.0,10.6,8.2,7.6,1.7,0.8,16.2,16.8,-0.3,0.4,0.1,0.007,-4.1,-0.6,-0.3
2025,jacksgg01,9.3,0.482,0.477,0.201,6.3,14.8,10.6,8.2,1.2,1.0,12.5,21.7,-0.4,0.4,0.1,0.009,-3.3,-2.0,-0.4
2025,tysonja01,11.1,0.523,0.389,0.161,9.1,13.7,11.5,12.4,1.4,0.6,14.0,17.4,0.3,0.5,0.8,0.083,-2.4,-0.2,-0.1
2025,bolbo01,18.4,0.627,0.508,0.142,5.1,20.4,13.0,7.7,1.0,5.2,9.3,21.1,0.6,0.3,0.9,0.097,1.7,-0.9,0.3
2025,reedpa01,18.6,0.573,0.197,0.296,10.2,20.8,15.6,14.0,4.3,5.4,13.9,18.0,0.6,1.0,1.6,0.173,-1.2,4.0,0.5
2025,queentr01,11.9,0.486,0.524,0.143,6.6,7.9,7.2,13.3,3.6,2.2,12.3,18.1,-0.1,0.8,0.7,0.074,-2.6,2.3,0.2
2025,branhma01,12.0,0.575,0.442,0.174,1.8,11.1,6.4,13.4,1.2,0.4,14.3,23.8,-0.1,0.2,0.1,0.007,-1.2,-1.9,-0.1
2025,millejo02,10.5,0.509,0.284,0.261,6.3,9.3,7.8,11.2,2.0,1.2,14.8,18.2,-0.1,0.5,0.4,0.049,-3.0,0.2,-0.1
2025,gibsota01,10.8,0.515,0.021,0.211,13.0,18.4,15.6,7.5,1.1,4.3,19.4,13.4,0.0,0.4,0.4,0.043,-5.2,-0.1,-0.3
2025,diengou01,11.5,0.538,0.568,0.128,4.9,16.3,10.7,9.6,2.0,1.7,12.0,15.7,0.1,0.7,0.9,0.104,-2.0,1.1,0.1
2025,walshjo01,6.9,0.464,0.663,0.145,6.2,12.4,9.3,6.0,1.5,2.5,16.1,11.5,-0.2,0.5,0.4,0.044,-4.4,0.5,-0.2
2025,tysonhu01,9.0,0.506,0.617,0.233,7.2,13.9,10.7,6.1,1.2,1.3,9.6,15.5,0.1,0.3,0.4,0.047,-3.3,-1.5,-0.3
2025,gillan01,10.2,0.586,0.352,0.568,4.7,12.6,8.6,5.7,1.1,0.5,8.3,12.7,0.4,0.1,0.5,0.058,-3.0,-1.5,-0.3
2025,cartede02,10.8,0.471,0.48,0.346,5.4,16.2,10.8,13.5,2.6,1.0,11.0,17.9,-0.1,0.4,0.4,0.043,-3.5,0.3,-0.1
2025,greenje02,13.6,0.649,0.653,0.215,2.9,12.9,7.8,7.0,0.7,0.9,6.4,14.7,0.9,0.4,1.3,0.159,0.3,0.0,0.2
2025,jacksre01,9.8,0.496,0.556,0.068,2.3,10.4,6.2,17.1,2.1,0.8,11.0,17.5,0.0,0.2,0.1,0.015,-3.2,-0.8,-0.2
2025,scheiba01,10.3,0.49,0.745,0.109,5.4,13.0,9.2,11.3,2.2,0.5,9.4,14.5,0.2,0.5,0.7,0.089,-2.5,0.8,0.0
2025,jacksqu01,14.7,0.58,0.328,0.328,4.1,8.7,6.4,18.6,2.6,1.2,10.3,17.7,0.6,0.4,1.0,0.126,-1.2,0.8,0.2
2025,furphjo01,9.8,0.506,0.543,0.239,6.8,14.0,10.4,6.2,2.3,2.6,10.6,13.0,0.1,0.5,0.5,0.07,-3.0,0.6,0.0
2025,bassech01,19.0,0.597,0.0,0.282,15.9,27.4,21.7,6.6,1.8,7.2,14.9,17.5,0.5,0.6,1.1,0.136,-1.7,0.6,0.1
2025,barlodo01,14.6,0.58,0.239,0.292,10.0,15.0,12.4,6.9,1.1,3.9,3.8,14.5,0.7,0.3,1.0,0.131,-1.4,-0.8,0.0
2025,exumda01,13.6,0.589,0.396,0.231,1.2,8.3,4.8,21.5,1.6,0.7,13.0,19.6,0.4,0.2,0.6,0.083,-1.2,-1.1,0.0
2025,baughda01,6.3,0.399,0.431,0.115,3.9,10.6,7.2,22.2,2.0,0.5,18.5,19.3,-0.8,0.2,-0.5,-0.069,-5.9,-1.2,-0.5
2025,williro04,18.9,0.679,0.038,0.218,10.5,26.3,18.2,8.6,1.8,8.5,16.6,12.2,0.6,0.7,1.3,0.175,-0.1,3.2,0.4
2025,mcderdo01,9.5,0.617,0.863,0.043,1.0,6.2,3.6,2.8,0.6,0.6,4.8,15.7,0.4,0.1,0.4,0.061,-0.8,-2.4,-0.1
2025,kolokch01,13.0,0.624,0.061,0.212,11.9,18.2,15.1,6.4,1.2,4.4,14.3,10.8,0.5,0.4,0.9,0.13,-3.0,0.2,-0.1
2025,shannte01,11.9,0.56,0.272,0.184,3.3,11.9,7.7,13.8,1.0,1.4,10.9,17.7,0.3,0.4,0.6,0.091,-2.1,0.0,0.0
2025,brookke02,12.8,0.581,0.394,0.275,3.8,15.4,9.4,5.7,1.5,2.9,8.9,17.1,0.3,0.1,0.4,0.057,-2.2,-1.3,-0.1
2025,thomptr01,9.1,0.41,0.042,0.423,10.9,32.7,22.1,8.8,0.3,3.0,14.3,12.7,-0.2,0.5,0.4,0.057,-4.9,0.3,-0.2
2025,carteje01,12.2,0.509,0.719,0.068,1.3,11.2,6.4,17.2,1.9,0.8,6.8,21.0,0.1,0.3,0.3,0.046,-1.0,-1.1,0.0
2025,manntr01,13.3,0.537,0.373,0.13,3.9,8.9,6.3,21.2,1.1,1.2,12.8,26.0,0.0,0.1,0.1,0.019,-0.6,-1.9,0.0
2025,thybuma01,17.0,0.592,0.545,0.17,4.7,13.6,9.0,12.7,5.1,2.6,12.1,14.4,0.4,0.6,0.9,0.146,0.0,5.1,0.6
2025,jonesis01,15.2,0.678,0.096,0.434,8.1,12.9,10.5,5.6,0.8,3.2,13.9,16.3,0.5,0.2,0.7,0.115,-0.9,-0.8,0.0
2025,kolekty01,10.3,0.453,0.573,0.207,3.1,7.3,5.2,29.5,2.0,1.3,16.7,15.8,0.1,0.3,0.4,0.058,-2.6,-0.3,-0.1
2025,robinmi01,20.4,0.676,0.0,0.339,20.8,19.2,20.0,5.9,2.7,5.8,13.4,11.1,0.8,0.5,1.3,0.221,1.5,1.8,0.4
2025,minotjo01,15.5,0.605,0.478,0.211,4.9,13.8,9.4,9.5,2.7,4.0,10.1,17.2,0.4,0.5,0.9,0.153,-0.7,2.9,0.3
2025,brownko01,10.8,0.513,0.361,0.097,8.0,18.9,13.5,11.9,1.3,1.5,13.8,14.0,0.1,0.4,0.5,0.085,-2.5,0.4,0.0
2025,smithdr01,13.3,0.656,0.492,0.197,5.0,9.8,7.4,12.0,3.9,2.1,20.4,13.8,0.2,0.4,0.7,0.118,-1.3,3.4,0.3
2025,wongis01,10.9,0.5,0.314,0.324,5.5,7.4,6.4,16.5,2.0,0.0,13.0,22.1,-0.1,0.1,0.1,0.01,-2.9,-1.0,-0.1
2025,tshieos01,21.0,0.64,0.0,0.443,19.6,31.9,25.8,5.3,2.4,0.4,10.7,15.3,0.7,0.3,1.0,0.182,0.6,-2.0,0.0
2025,timmedr01,11.0,0.5,0.343,0.157,7.3,22.5,14.5,13.1,0.8,0.4,12.1,21.3,-0.1,0.2,0.0,0.009,-3.9,-2.8,-0.3
2025,baglema02,11.8,0.456,0.464,0.145,9.9,21.9,15.7,5.5,1.8,4.7,8.7,13.8,0.0,0.2,0.2,0.045,-3.4,-0.9,-0.1
2025,spencca01,14.2,0.587,0.634,0.232,5.1,7.5,6.3,16.9,1.7,0.4,6.2,15.4,0.6,0.2,0.8,0.16,0.3,0.2,0.2
2025,loveke01,16.2,0.488,0.583,0.2,9.8,31.4,20.7,13.1,3.0,1.5,10.1,24.6,-0.1,0.5,0.4,0.083,-0.3,0.7,0.2
2025,spencpa01,12.6,0.455,0.218,0.149,6.3,13.7,9.9,28.1,2.7,1.1,14.3,21.2,-0.1,0.4,0.3,0.055,-3.0,1.4,0.0
2025,carlsbr01,17.6,0.581,0.68,0.186,7.6,15.8,11.8,7.5,1.0,8.6,6.3,19.3,0.4,0.5,0.9,0.177,0.5,0.8,0.2
2025,whiteda01,9.4,0.58,0.771,0.052,1.8,12.1,6.7,7.8,1.2,0.4,13.3,20.1,-0.1,0.1,0.1,0.01,-1.5,-2.2,-0.1
2025,davisjo06,10.2,0.473,0.372,0.192,4.3,12.1,8.2,6.6,2.9,2.2,7.6,15.9,-0.1,0.2,0.1,0.01,-3.5,0.7,0.0
2025,tillmxa01,2.4,0.31,0.604,0.075,4.7,15.5,10.1,3.8,2.4,2.0,20.4,13.1,-0.7,0.4,-0.3,-0.057,-8.4,0.3,-0.4
2025,templga01,8.5,0.406,0.467,0.2,4.2,9.7,6.8,17.4,3.6,0.8,13.3,13.9,-0.1,0.3,0.2,0.033,-5.7,2.1,-0.1
2025,garzalu01,18.8,0.573,0.343,0.333,16.0,11.5,13.7,8.2,1.4,1.3,9.1,26.2,0.4,0.3,0.7,0.144,-0.4,-1.9,0.0
2025,hukpoar01,7.6,0.654,0.0,0.419,7.5,19.4,13.5,6.4,0.2,6.4,36.4,11.6,-0.2,0.3,0.1,0.02,-6.5,0.9,-0.2
2025,saricda01,7.7,0.449,0.448,0.172,7.7,17.9,13.1,13.1,1.6,0.4,19.4,15.6,-0.2,0.2,0.0,0.001,-4.4,-0.4,-0.1
2025,flaglad01,3.7,0.335,0.75,0.021,3.8,10.3,7.1,7.3,1.9,1.5,4.0,21.1,-0.6,0.3,-0.3,-0.062,-8.1,-2.3,-0.4
2025,peterdr01,10.5,0.601,0.805,0.22,5.3,18.1,11.7,9.1,1.3,1.0,15.1,12.5,0.2,0.3,0.4,0.115,-1.8,1.0,0.1
2025,fultzma01,8.9,0.452,0.119,0.015,3.6,8.5,6.1,20.0,2.7,1.1,18.2,19.3,-0.3,0.2,-0.1,-0.026,-4.5,-0.2,-0.1
2025,jamesbr02,7.1,0.424,0.478,0.209,2.6,8.5,5.6,16.5,2.4,1.6,15.1,20.9,-0.3,0.2,-0.2,-0.043,-5.9,-1.3,-0.2
2025,freemen01,7.4,0.507,0.27,0.514,6.8,11.6,9.2,6.1,0.8,1.5,11.7,12.3,0.0,0.1,0.2,0.046,-4.9,-1.4,-0.2
2025,nowelja01,7.5,0.43,0.37,0.151,3.7,9.3,6.4,15.6,0.3,2.3,9.3,21.6,-0.2,0.0,-0.2,-0.069,-3.2,-2.5,-0.2
2025,hayeski01,12.7,0.559,0.488,0.279,3.3,9.6,6.3,28.6,1.2,2.5,15.7,15.5,0.2,0.1,0.3,0.095,-0.5,-0.1,0.1
2025,stevela01,11.5,0.545,0.429,0.175,2.8,23.0,13.0,6.9,1.5,1.8,12.8,20.2,0.0,0.2,0.2,0.052,-3.6,-0.6,-0.1
2025,etienty01,5.6,0.488,0.846,0.192,2.2,4.7,3.4,11.9,1.0,0.7,12.4,18.6,-0.1,0.1,-0.1,-0.021,-5.7,-3.1,-0.3
2025,richajo01,4.4,0.402,0.579,0.105,4.5,4.4,4.4,10.5,2.7,0.6,16.8,14.1,-0.2,0.2,-0.1,-0.021,-7.3,0.6,-0.2
2025,willije02,8.6,0.496,0.419,0.129,3.6,5.9,4.7,8.8,2.6,2.4,17.6,22.3,-0.2,0.2,0.0,-0.007,-5.5,-0.2,-0.1
2025,fernabr01,15.3,0.552,0.0,0.163,15.0,22.4,18.6,17.9,1.3,5.8,21.0,18.9,0.0,0.2,0.3,0.085,-3.0,2.3,0.1
2025,leeda03,11.9,0.499,0.5,0.284,2.4,12.8,7.8,11.5,2.1,0.0,10.7,28.6,-0.2,0.1,-0.1,-0.031,-2.9,-2.1,-0.1
2025,brissos01,9.8,0.576,0.462,0.359,5.4,12.5,8.8,4.1,1.4,2.1,15.0,16.3,0.0,0.1,0.1,0.019,-3.7,-2.6,-0.1
2025,harklej01,7.8,0.425,0.714,0.171,7.1,9.3,8.2,7.7,3.5,0.7,7.4,12.3,0.0,0.1,0.1,0.023,-5.2,1.5,-0.1
2025,cancavl01,4.6,0.462,0.577,0.0,5.1,20.0,12.9,7.7,1.1,1.3,29.7,11.5,-0.2,0.1,-0.1,-0.034,-6.5,-0.6,-0.2
2025,ducasal01,10.1,0.583,0.7,0.067,7.9,14.3,11.2,4.8,1.9,0.0,11.5,11.8,0.1,0.2,0.3,0.125,-2.1,0.1,0.0
2025,jonessp01,4.5,0.368,0.5,0.088,7.4,7.5,7.5,4.7,1.9,3.6,12.4,13.7,-0.2,0.1,-0.1,-0.031,-7.7,-0.8,-0.2
2025,bufkiko01,10.5,0.483,0.404,0.383,4.3,14.5,9.3,18.2,1.1,1.5,12.7,20.8,0.0,0.1,0.0,0.018,-3.4,-0.5,-0.1
2025,smithty02,15.2,0.626,0.6,0.16,5.6,16.3,11.1,4.9,1.2,3.1,13.0,22.1,0.1,0.1,0.2,0.083,0.4,-1.2,0.0
2025,meltode01,13.3,0.539,0.648,0.148,5.2,12.8,8.9,21.1,2.8,1.6,14.8,23.5,0.0,0.2,0.2,0.076,-1.6,0.8,0.0
2025,washity02,6.5,0.367,0.467,0.133,3.9,8.3,6.1,18.5,1.3,0.0,5.9,19.0,-0.2,0.0,-0.2,-0.065,-5.6,-2.5,-0.2
2025,alexatr01,2.9,0.374,0.415,0.098,1.0,9.8,5.6,11.4,0.8,0.8,10.5,17.3,-0.2,0.0,-0.2,-0.077,-7.9,-1.8,-0.2
2025,inglejo01,2.4,0.326,0.652,0.0,2.0,8.6,5.4,25.4,0.9,0.0,28.1,12.2,-0.2,0.1,-0.1,-0.035,-6.9,-0.1,-0.1
2025,bradlto01,23.2,0.64,0.067,0.133,17.9,23.5,20.7,8.3,0.9,7.2,9.5,20.1,0.3,0.2,0.4,0.187,1.5,-0.3,0.1
2025,simsja01,9.8,0.607,0.536,0.536,2.8,2.9,2.9,15.6,1.3,0.9,18.8,16.2,0.1,0.0,0.1,0.048,-2.8,-1.3,-0.1
2025,dadiepa01,6.3,0.446,0.613,0.194,3.1,15.4,9.3,5.6,1.3,1.7,10.6,14.7,-0.1,0.1,0.0,0.002,-4.9,-1.5,-0.1
2025,livinch01,9.8,0.441,0.296,0.593,10.7,24.6,17.9,6.0,2.3,0.0,15.0,16.6,-0.1,0.2,0.1,0.035,-5.0,-1.1,-0.1
2025,crowdja01,6.6,0.467,0.682,0.273,6.5,15.3,10.9,7.1,1.4,0.0,14.0,12.0,0.0,0.1,0.1,0.026,-3.8,-0.5,-0.1
2025,minayju01,5.0,0.411,0.476,0.095,5.2,5.5,5.4,9.1,2.9,0.9,18.6,11.1,-0.1,0.1,0.0,-0.007,-7.1,1.7,-0.1
2025,johnske10,19.1,0.718,0.269,0.346,6.8,24.6,15.8,6.3,2.5,3.9,11.8,15.4,0.2,0.2,0.4,0.181,-1.0,0.9,0.0
2025,kawamyu01,11.0,0.53,0.767,0.3,0.0,13.5,6.8,25.1,1.0,0.0,12.8,16.9,0.1,0.1,0.2,0.095,-2.6,-0.2,0.0
2025,davisjd01,6.5,0.445,0.529,0.206,2.3,12.8,7.6,19.1,2.7,1.0,26.0,23.6,-0.3,0.1,-0.2,-0.081,-5.9,-0.3,-0.1
2025,travelu01,1.9,0.287,0.45,0.1,10.1,14.4,12.3,10.5,0.5,1.0,27.7,13.9,-0.2,0.1,-0.1,-0.082,-7.8,-1.9,-0.2
2025,umudest01,3.4,0.27,0.577,0.154,5.3,15.8,10.7,5.7,1.7,6.5,9.8,15.7,-0.3,0.1,-0.2,-0.086,-7.5,-0.7,-0.1
2025,knoxke01,17.1,0.582,0.417,0.222,8.7,13.2,10.9,9.4,1.2,4.5,9.2,21.8,0.1,0.1,0.2,0.121,-0.7,-0.6,0.0
2025,jacksis01,18.2,0.6,0.0,0.609,14.7,22.3,18.6,8.1,1.7,8.6,14.6,17.6,0.1,0.1,0.3,0.153,-1.0,1.8,0.1
2025,garrema01,8.7,0.487,0.296,0.148,1.3,6.9,4.0,25.1,1.9,2.5,17.3,18.7,-0.1,0.1,0.0,-0.002,-5.4,-2.2,-0.1
2025,batesem01,9.8,0.487,0.789,0.0,0.0,9.8,5.1,14.2,0.6,1.2,5.0,22.6,0.0,0.1,0.1,0.038,-0.5,-1.0,0.0
2025,hendrta01,7.1,0.354,0.667,0.222,7.2,14.3,10.8,3.4,3.2,5.0,9.2,12.1,-0.1,0.1,0.0,-0.008,-4.8,1.3,0.0
2025,duartch01,16.5,0.61,0.577,0.308,7.2,20.9,14.2,16.6,0.0,0.0,3.3,17.2,0.2,0.0,0.3,0.171,2.2,-1.0,0.1
2025,plowdda01,16.1,0.831,0.68,0.08,5.9,10.9,8.4,4.1,0.0,0.0,13.4,17.0,0.2,0.0,0.2,0.125,1.5,-1.5,0.0
2025,dennira01,13.9,0.443,0.636,0.061,3.2,15.8,9.6,26.9,4.8,2.6,12.9,24.0,-0.1,0.1,0.1,0.036,-2.2,3.0,0.0
2025,chrisjo01,9.4,0.416,0.355,0.194,0.0,14.3,7.2,17.2,3.6,4.2,15.1,25.5,-0.2,0.1,-0.1,-0.073,-7.5,-0.4,-0.1
2025,ryanma01,6.1,0.439,0.613,0.065,0.0,13.4,6.8,5.9,1.5,0.0,8.6,22.3,-0.1,0.1,-0.1,-0.057,-5.1,-2.3,-0.1
2025,armeltr01,3.5,0.317,0.368,0.368,3.5,21.2,12.6,2.0,2.9,2.8,12.0,16.4,-0.2,0.1,-0.1,-0.092,-9.5,-0.4,-0.1
2025,hallpj01,18.3,0.641,0.333,0.167,10.5,25.4,18.3,8.4,0.0,5.4,7.2,17.8,0.2,0.1,0.2,0.168,-0.7,-0.6,0.0
2025,tomlina01,14.4,0.489,0.313,0.344,15.9,20.1,18.1,4.4,0.0,1.4,5.1,26.1,0.1,0.1,0.1,0.093,-3.0,-2.4,-0.1
2025,bouyeja01,9.7,0.581,0.417,0.5,1.8,6.7,4.4,20.8,3.1,3.0,35.3,16.0,-0.1,0.1,0.0,0.007,-4.6,-0.9,0.0
2025,chrisca02,9.1,0.349,0.542,0.167,5.8,17.0,11.5,13.7,4.2,1.7,7.2,20.5,-0.1,0.1,0.0,-0.005,-5.5,3.0,0.0
2025,tuckepj01,5.5,0.643,0.857,0.0,8.0,7.8,7.9,0.0,0.9,1.6,12.5,6.0,0.0,0.0,0.1,0.07,-4.8,-2.4,-0.1
2025,gortmja01,6.5,0.485,0.478,0.174,2.0,7.5,4.8,14.7,1.7,1.5,16.8,22.4,-0.1,0.0,-0.1,-0.056,-5.5,-0.8,-0.1
2025,robbili01,2.6,0.363,0.25,1.25,13.9,9.2,11.4,4.2,1.7,3.3,32.6,14.2,-0.1,0.1,-0.1,-0.066,-9.2,-1.3,-0.1
2025,liddeej01,11.1,0.661,0.667,0.133,6.0,11.7,8.9,7.6,0.9,1.6,11.2,14.1,0.1,0.0,0.1,0.108,-2.7,-1.4,0.0
2025,roweja01,15.9,0.56,0.588,0.353,6.0,17.0,11.4,11.1,3.7,0.0,4.8,16.7,0.1,0.1,0.2,0.153,-0.5,1.5,0.0
2025,nfalyda01,24.0,0.789,0.0,0.385,12.3,32.0,21.9,5.7,1.0,8.8,11.6,13.9,0.2,0.1,0.3,0.283,0.7,1.7,0.1
2025,crawfis01,9.2,0.509,0.455,0.364,2.4,17.1,9.7,2.8,1.1,4.3,7.3,12.9,0.0,0.0,0.0,0.037,-3.4,-0.7,0.0
2025,jonesma05,20.6,0.569,0.444,0.278,5.0,17.5,11.2,35.6,0.0,2.2,4.7,20.3,0.2,0.0,0.2,0.198,3.5,-0.6,0.1
2025,wheelph02,-2.3,0.183,0.476,0.095,4.9,16.1,10.3,6.0,1.1,4.5,4.4,22.6,-0.3,0.0,-0.3,-0.283,-12.0,-6.2,-0.2
2025,flynnma01,12.4,0.512,0.308,0.462,7.1,9.9,8.5,23.3,3.4,0.0,20.4,19.0,0.0,0.0,0.0,0.043,-4.4,1.5,0.0
2025,mcveija01,4.0,0.412,0.765,0.0,4.9,7.6,6.2,3.0,0.0,4.2,10.5,18.2,-0.1,0.0,0.0,-0.031,-4.8,-3.0,-0.1
2025,klintbo01,15.9,0.689,0.5,0.2,2.7,15.7,9.2,22.5,2.3,2.3,8.4,11.9,0.1,0.1,0.2,0.208,-1.0,1.9,0.0
2025,johnsja01,0.0,0.35,0.273,0.091,0.0,17.9,9.0,13.7,0.0,4.9,25.9,18.0,-0.2,0.0,-0.1,-0.162,-9.6,-0.2,-0.1
2025,doziepj01,9.5,0.621,1.0,2.0,3.2,12.5,7.9,18.1,1.4,0.0,15.1,8.2,0.0,0.0,0.1,0.107,-2.0,2.7,0.0
2025,ingraha01,10.9,0.5,0.25,0.0,6.1,21.5,13.8,10.6,4.1,0.0,20.0,6.1,0.0,0.1,0.1,0.093,-3.6,2.4,0.0
2025,norrimi01,8.5,0.354,0.778,0.222,6.2,21.7,14.0,0.0,2.9,2.6,0.0,12.4,0.0,0.1,0.0,0.049,-2.3,0.4,0.0
2025,dukeda01,12.2,0.538,0.429,0.143,3.1,12.6,7.9,17.0,1.4,0.0,11.8,21.2,0.0,0.0,0.0,0.023,-0.1,-1.4,0.0
2025,cartodj01,-2.6,0.202,0.429,0.143,0.0,13.3,6.5,10.9,2.9,0.0,35.0,14.5,-0.2,0.0,-0.1,-0.199,-10.4,-0.7,-0.1
2025,mcgowbr01,1.7,0.391,0.286,0.429,6.6,3.5,5.1,8.7,1.5,0.0,19.4,26.8,-0.1,0.0,-0.1,-0.172,-9.9,-3.8,-0.1
2025,millele01,19.9,0.54,0.333,0.533,10.6,27.3,19.1,0.0,3.1,2.9,9.7,27.8,0.0,0.1,0.1,0.145,-3.4,-0.3,0.0
2025,chomcul01,5.2,0.425,0.0,0.4,13.1,13.7,13.4,7.8,0.0,3.0,25.4,10.3,0.0,0.0,0.0,0.001,-6.1,-1.3,0.0
2025,bridgja01,-0.1,0.514,1.0,0.571,0.0,14.5,7.4,0.0,0.0,0.0,31.3,18.8,-0.1,0.0,-0.1,-0.178,-7.8,-4.7,-0.1
2025,youngja05,16.8,0.935,0.4,0.4,3.6,6.9,5.2,26.2,0.0,0.0,14.5,9.6,0.1,0.0,0.1,0.22,1.2,-0.8,0.0
2025,mcculke01,6.7,0.381,0.143,0.286,0.0,31.3,15.8,8.4,1.7,3.2,0.0,11.8,0.0,0.0,0.0,0.06,-8.5,1.3,0.0
2025,flowetr01,4.3,0.446,0.182,0.273,4.3,12.4,8.4,0.0,0.0,0.0,7.5,21.5,0.0,0.0,0.0,-0.033,-7.1,-1.3,0.0
2025,milleem01,18.1,0.563,0.125,0.25,17.1,16.5,16.8,10.9,1.9,0.0,0.0,14.8,0.1,0.0,0.1,0.201,-0.9,-0.9,0.0
2025,jenkida01,-0.1,0.322,0.7,0.2,0.0,9.6,4.8,17.3,0.0,0.0,8.4,21.8,-0.1,0.0,-0.1,-0.15,-10.2,-5.7,-0.1
2025,watsoan02,5.9,0.444,0.111,0.0,5.3,10.3,7.8,12.8,2.3,0.0,18.2,21.7,-0.1,0.0,0.0,-0.07,-8.3,-1.8,0.0
2025,smithto05,19.5,0.678,0.0,0.333,20.3,20.0,20.1,0.0,0.0,0.0,16.2,23.6,0.0,0.0,0.1,0.128,-2.4,-6.5,0.0
2025,leonsma01,-2.3,0.266,0.5,2.0,5.2,10.0,7.7,5.1,0.0,0.0,21.0,9.6,0.0,0.0,0.0,-0.052,-10.4,-1.9,-0.1
2025,sanogad01,15.2,0.571,0.0,0.0,25.4,4.9,15.0,6.7,0.0,0.0,12.5,15.9,0.0,0.0,0.0,0.105,0.7,-3.4,0.0
2025,mooreta02,7.1,0.276,0.4,0.2,21.1,22.3,21.7,6.8,4.9,0.0,15.5,26.8,-0.1,0.0,-0.1,-0.15,-3.9,-0.4,0.0
2025,harpero02,7.9,0.225,0.75,0.25,26.3,19.4,22.8,14.3,0.0,0.0,0.0,22.0,0.0,0.0,0.0,-0.06,-5.5,-9.2,0.0
2025,mobleis01,17.2,0.381,0.429,0.286,6.4,20.8,13.3,41.8,2.9,5.8,0.0,20.2,0.0,0.0,0.0,0.119,0.0,4.8,0.0
2025,colliyu01,13.9,0.333,0.0,0.0,13.1,6.9,10.1,31.9,6.1,0.0,0.0,7.9,0.0,0.0,0.1,0.214,-6.2,6.5,0.0
2025,nixda01,-7.0,0.266,1.0,2.0,0.0,33.6,17.1,27.2,0.0,0.0,68.0,19.6,-0.1,0.0,-0.1,-0.327,-14.9,-1.2,0.0
2025,labissk01,15.9,0.625,0.25,0.0,9.3,18.7,14.0,11.6,0.0,0.0,0.0,14.3,0.0,0.0,0.0,0.165,3.3,-1.3,0.0
2025,keybr01,1.1,0.226,0.25,1.5,9.5,10.1,9.8,0.0,8.8,0.0,13.1,29.3,-0.1,0.0,-0.1,-0.259,-13.9,0.3,0.0
2025,cuiyo01,-10.7,0.19,0.429,0.286,0.0,23.8,11.4,0.0,0.0,0.0,0.0,34.4,-0.1,0.0,-0.1,-0.473,-16.8,-8.2,-0.1
2025,mccluma01,-0.3,0.0,0.5,0.0,0.0,12.1,5.7,37.8,0.0,0.0,0.0,8.7,0.0,0.0,0.0,-0.047,-10.2,-0.8,0.0
2025,olivaqu01,-5.2,0.3,1.0,0.0,0.0,0.0,0.0,13.3,0.0,0.0,16.7,26.3,-0.1,0.0,-0.1,-0.3,-10.1,-8.5,0.0
2025,daviste02,-4.0,0.0,0.5,0.0,0.0,14.0,7.0,14.1,0.0,0.0,0.0,10.8,0.0,0.0,0.0,-0.191,-12.8,-4.1,0.0
2025,mcdanja01,10.9,,,,0.0,0.0,0.0,17.4,6.8,0.0,,0.0,0.0,0.0,0.0,0.114,-0.5,6.0,0.0
2025,minixri01,-1.7,0.0,1.0,0.0,0.0,30.7,15.3,0.0,0.0,0.0,0.0,6.1,0.0,0.0,0.0,-0.114,-8.5,-3.3,0.0
2025,steveis01,0.1,0.0,0.5,0.0,0.0,36.5,18.4,0.0,8.3,0.0,0.0,14.8,0.0,0.0,0.0,-0.196,-19.5,7.7,0.0
2025,taylote01,9.8,0.0,0.0,0.0,18.6,0.0,9.3,37.6,0.0,0.0,0.0,7.2,0.0,0.0,0.0,0.049,3.2,0.1,0.0
2025,edwarje01,-0.1,,,,0.0,0.0,0.0,23.6,0.0,0.0,,0.0,0.0,0.0,0.0,0.111,-8.8,4.7,0.0
2025,wisemja01,31.2,0.615,0.25,0.5,0.0,22.1,11.1,0.0,0.0,0.0,0.0,42.2,0.0,0.0,0.0,0.237,6.0,-4.4,0.0
2025,willial06,53.4,1.25,0.5,0.0,0.0,0.0,0.0,65.0,0.0,0.0,0.0,21.1,0.0,0.0,0.0,0.565,37.9,6.2,0.0
2025,pullizy01,-11.7,0.0,0.0,0.0,0.0,0.0,0.0,0.0,0.0,0.0,0.0,13.4,0.0,0.0,0.0,-0.304,-15.0,-7.7,0.0
2025,okafoja01,13.8,,,,0.0,36.8,18.6,37.0,0.0,0.0,,0.0,0.0,0.0,0.0,0.196,2.5,4.9,0.0
