season,rank,player_id,age,team_id,position,games_played,games_started,minutes_played,field_goals_made,field_goals_attempted,field_goal_pct,three_pointers_made,three_pointers_attempted,three_point_pct,two_pointers_made,two_pointers_attempted,two_point_pct,effective_fg_pct,free_throws_made,free_throws_attempted,free_throw_pct,offensive_rebounds,defensive_rebounds,total_rebounds,assists,steals,blocks,turnovers,personal_fouls,points,triple_doubles
2019,1.0,hardeja01,29.0,hou,pg,78.0,78.0,2867.0,843.0,1909.0,0.442,378.0,1028.0,0.368,465.0,881.0,0.528,0.541,754.0,858.0,0.879,66.0,452.0,518.0,586.0,158.0,58.0,387.0,244.0,2818.0,7.0
2019,2.0,georgpa01,28.0,okc,sf,77.0,77.0,2841.0,707.0,1614.0,0.438,292.0,757.0,0.386,415.0,857.0,0.484,0.529,453.0,540.0,0.839,105.0,523.0,628.0,318.0,170.0,34.0,205.0,214.0,2159.0,1.0
2019,3.0,walkeke02,28.0,cho,pg,82.0,82.0,2863.0,731.0,1684.0,0.434,260.0,731.0,0.356,471.0,953.0,0.494,0.511,380.0,450.0,0.844,52.0,309.0,361.0,484.0,102.0,34.0,211.0,131.0,2102.0,0.0
2019,4.0,bealbr01,25.0,was,sg,82.0,82.0,3028.0,764.0,1609.0,0.475,209.0,596.0,0.351,555.0,1013.0,0.548,0.54,362.0,448.0,0.808,89.0,322.0,411.0,448.0,121.0,58.0,224.0,226.0,2099.0,2.0
2019,5.0,lillada01,28.0,por,pg,80.0,80.0,2838.0,681.0,1533.0,0.444,237.0,643.0,0.369,444.0,890.0,0.499,0.522,468.0,513.0,0.912,68.0,303.0,371.0,551.0,88.0,34.0,212.0,148.0,2067.0,0.0
2019,6.0,duranke01,30.0,gsw,sf,78.0,78.0,2702.0,721.0,1383.0,0.521,137.0,388.0,0.353,584.0,995.0,0.587,0.571,448.0,506.0,0.885,33.0,464.0,497.0,457.0,58.0,84.0,225.0,155.0,2027.0,2.0
2019,7.0,antetgi01,24.0,mil,pf,72.0,72.0,2358.0,721.0,1247.0,0.578,52.0,203.0,0.256,669.0,1044.0,0.641,0.599,500.0,686.0,0.729,159.0,739.0,898.0,424.0,92.0,110.0,268.0,232.0,1994.0,5.0
2019,8.0,curryst01,30.0,gsw,pg,69.0,69.0,2331.0,632.0,1340.0,0.472,354.0,810.0,0.437,278.0,530.0,0.525,0.604,263.0,287.0,0.916,45.0,324.0,369.0,361.0,92.0,25.0,192.0,166.0,1881.0,0.0
2019,9.0,townska01,23.0,min,c,77.0,77.0,2545.0,681.0,1314.0,0.518,142.0,355.0,0.4,539.0,959.0,0.562,0.572,376.0,450.0,0.836,263.0,691.0,954.0,259.0,67.0,125.0,240.0,292.0,1880.0,0.0
2019,10.0,griffbl01,29.0,det,pf,75.0,75.0,2622.0,619.0,1341.0,0.462,189.0,522.0,0.362,430.0,819.0,0.525,0.532,414.0,550.0,0.753,100.0,465.0,565.0,402.0,52.0,28.0,253.0,199.0,1841.0,2.0
2019,11.0,mitchdo01,22.0,uta,sg,77.0,77.0,2598.0,661.0,1530.0,0.432,188.0,519.0,0.362,473.0,1011.0,0.468,0.493,319.0,396.0,0.806,59.0,257.0,316.0,322.0,106.0,31.0,218.0,208.0,1829.0,0.0
2019,12.0,embiijo01,24.0,phi,c,64.0,64.0,2154.0,580.0,1199.0,0.484,79.0,263.0,0.3,501.0,936.0,0.535,0.517,522.0,649.0,0.804,160.0,711.0,871.0,234.0,46.0,122.0,226.0,211.0,1761.0,2.0
2019,13.0,aldrila01,33.0,sas,c,81.0,81.0,2687.0,684.0,1319.0,0.519,10.0,42.0,0.238,674.0,1277.0,0.528,0.522,349.0,412.0,0.847,251.0,493.0,744.0,194.0,43.0,107.0,144.0,179.0,1727.0,0.0
2019,14.0,russeda01,22.0,brk,pg,81.0,81.0,2448.0,659.0,1517.0,0.434,234.0,635.0,0.369,425.0,882.0,0.482,0.512,160.0,205.0,0.78,53.0,262.0,315.0,563.0,100.0,20.0,253.0,141.0,1712.0,0.0
2019,15.0,bookede01,22.0,pho,sg,64.0,64.0,2242.0,586.0,1255.0,0.467,135.0,414.0,0.326,451.0,841.0,0.536,0.521,393.0,454.0,0.866,39.0,226.0,265.0,433.0,56.0,13.0,264.0,200.0,1700.0,0.0
2019,16.0,hieldbu01,26.0,sac,sg,82.0,82.0,2615.0,623.0,1360.0,0.458,278.0,651.0,0.427,345.0,709.0,0.487,0.56,171.0,193.0,0.886,106.0,306.0,412.0,205.0,58.0,33.0,146.0,202.0,1695.0,0.0
2019,17.0,thompkl01,28.0,gsw,sg,78.0,78.0,2652.0,655.0,1402.0,0.467,241.0,599.0,0.402,414.0,803.0,0.516,0.553,129.0,158.0,0.816,37.0,262.0,299.0,186.0,84.0,47.0,115.0,157.0,1680.0,0.0
2019,18.0,westbru01,30.0,okc,pg,73.0,73.0,2630.0,630.0,1473.0,0.428,119.0,411.0,0.29,511.0,1062.0,0.481,0.468,296.0,451.0,0.656,109.0,698.0,807.0,784.0,142.0,33.0,325.0,245.0,1675.0,34.0
2019,19.0,vucevni01,28.0,orl,c,80.0,80.0,2510.0,701.0,1354.0,0.518,84.0,231.0,0.364,617.0,1123.0,0.549,0.549,179.0,227.0,0.789,224.0,736.0,960.0,307.0,81.0,89.0,159.0,157.0,1665.0,1.0
2019,20.0,harrito02,26.0,tot,pf,82.0,82.0,2847.0,611.0,1254.0,0.487,156.0,393.0,0.397,455.0,861.0,0.528,0.549,266.0,307.0,0.866,69.0,576.0,645.0,229.0,51.0,37.0,151.0,184.0,1644.0,0.0
2019,21.0,derozde01,29.0,sas,sg,77.0,77.0,2688.0,631.0,1313.0,0.481,7.0,45.0,0.156,624.0,1268.0,0.492,0.483,366.0,441.0,0.83,54.0,408.0,462.0,475.0,86.0,36.0,199.0,177.0,1635.0,1.0
2019,22.0,jokicni01,23.0,den,c,80.0,80.0,2504.0,616.0,1206.0,0.511,83.0,270.0,0.307,533.0,936.0,0.569,0.545,289.0,352.0,0.821,228.0,637.0,865.0,580.0,108.0,55.0,248.0,228.0,1604.0,12.0
2019,23.0,irvinky01,26.0,bos,pg,67.0,67.0,2214.0,604.0,1241.0,0.487,174.0,434.0,0.401,430.0,807.0,0.533,0.557,214.0,245.0,0.873,71.0,264.0,335.0,464.0,103.0,34.0,172.0,167.0,1596.0,1.0
2019,24.0,leonaka01,27.0,tor,sf,60.0,60.0,2040.0,560.0,1129.0,0.496,112.0,302.0,0.371,448.0,827.0,0.542,0.546,364.0,426.0,0.854,78.0,361.0,439.0,199.0,106.0,24.0,121.0,87.0,1596.0,0.0
2019,25.0,randlju01,24.0,nop,pf,73.0,49.0,2232.0,571.0,1089.0,0.524,67.0,195.0,0.344,504.0,894.0,0.564,0.555,356.0,487.0,0.731,162.0,472.0,634.0,229.0,52.0,45.0,208.0,246.0,1565.0,1.0
2019,26.0,youngtr01,20.0,atl,pg,81.0,81.0,2503.0,525.0,1256.0,0.418,156.0,482.0,0.324,369.0,774.0,0.477,0.48,343.0,414.0,0.829,64.0,237.0,301.0,653.0,72.0,15.0,308.0,140.0,1549.0,1.0
2019,27.0,doncilu01,19.0,dal,sg,72.0,72.0,2318.0,506.0,1186.0,0.427,168.0,514.0,0.327,338.0,672.0,0.503,0.497,346.0,485.0,0.713,86.0,477.0,563.0,429.0,77.0,25.0,247.0,137.0,1526.0,8.0
2019,28.0,jamesle01,34.0,lal,sf,55.0,55.0,1937.0,558.0,1095.0,0.51,111.0,327.0,0.339,447.0,768.0,0.582,0.56,278.0,418.0,0.665,57.0,408.0,465.0,454.0,72.0,33.0,197.0,94.0,1505.0,8.0
2019,29.0,willilo02,32.0,lac,sg,75.0,1.0,1993.0,484.0,1138.0,0.425,105.0,291.0,0.361,379.0,847.0,0.447,0.471,425.0,485.0,0.876,40.0,182.0,222.0,402.0,57.0,11.0,181.0,80.0,1498.0,1.0
2019,30.0,lavinza01,23.0,chi,sg,63.0,62.0,2171.0,530.0,1135.0,0.467,120.0,321.0,0.374,410.0,814.0,0.504,0.52,312.0,375.0,0.832,40.0,254.0,294.0,283.0,60.0,26.0,215.0,140.0,1492.0,0.0
2019,31.0,conlemi01,31.0,mem,pg,70.0,70.0,2342.0,490.0,1120.0,0.438,155.0,426.0,0.364,335.0,694.0,0.483,0.507,343.0,406.0,0.845,40.0,199.0,239.0,449.0,94.0,22.0,130.0,123.0,1478.0,0.0
2019,32.0,mccolcj01,27.0,por,sg,70.0,70.0,2375.0,571.0,1243.0,0.459,167.0,445.0,0.375,404.0,798.0,0.506,0.527,159.0,192.0,0.828,62.0,220.0,282.0,207.0,55.0,28.0,106.0,172.0,1468.0,1.0
2019,33.0,bogdabo02,29.0,ind,sf,81.0,81.0,2573.0,522.0,1051.0,0.497,164.0,386.0,0.425,358.0,665.0,0.538,0.575,246.0,305.0,0.807,33.0,300.0,333.0,161.0,69.0,1.0,134.0,138.0,1454.0,0.0
2019,34.0,davisan02,25.0,nop,c,56.0,56.0,1850.0,530.0,1026.0,0.517,48.0,145.0,0.331,482.0,881.0,0.547,0.54,344.0,433.0,0.794,174.0,498.0,672.0,218.0,88.0,135.0,112.0,132.0,1452.0,0.0
2019,35.0,holidjr01,28.0,nop,sg,67.0,67.0,2402.0,547.0,1159.0,0.472,118.0,363.0,0.325,429.0,796.0,0.539,0.523,208.0,271.0,0.768,75.0,259.0,334.0,518.0,109.0,54.0,210.0,148.0,1420.0,0.0
2019,36.0,middlkh01,27.0,mil,sf,77.0,77.0,2393.0,506.0,1148.0,0.441,179.0,474.0,0.378,327.0,674.0,0.485,0.519,216.0,258.0,0.837,50.0,411.0,461.0,331.0,80.0,7.0,174.0,172.0,1407.0,0.0
2019,37.0,foxde01,21.0,sac,pg,81.0,81.0,2546.0,505.0,1102.0,0.458,86.0,232.0,0.371,419.0,870.0,0.482,0.497,303.0,417.0,0.727,43.0,261.0,304.0,590.0,133.0,45.0,227.0,204.0,1399.0,1.0
2019,38.0,redicjj01,34.0,phi,sg,76.0,63.0,2379.0,452.0,1027.0,0.44,240.0,605.0,0.397,212.0,422.0,0.502,0.557,228.0,255.0,0.894,20.0,166.0,186.0,206.0,32.0,17.0,101.0,129.0,1372.0,0.0
2019,39.0,sextoco01,20.0,cle,pg,82.0,72.0,2605.0,519.0,1206.0,0.43,119.0,296.0,0.402,400.0,910.0,0.44,0.48,214.0,255.0,0.839,57.0,179.0,236.0,243.0,44.0,6.0,185.0,186.0,1371.0,0.0
2019,40.0,drumman01,25.0,det,c,79.0,79.0,2647.0,561.0,1052.0,0.533,5.0,38.0,0.132,556.0,1014.0,0.548,0.536,243.0,412.0,0.59,423.0,809.0,1232.0,112.0,136.0,138.0,175.0,272.0,1370.0,0.0
2019,41.0,murraja01,21.0,den,pg,75.0,74.0,2447.0,513.0,1173.0,0.437,152.0,414.0,0.367,361.0,759.0,0.476,0.502,189.0,223.0,0.848,65.0,252.0,317.0,363.0,67.0,27.0,158.0,153.0,1367.0,0.0
2019,42.0,clarkjo01,26.0,cle,sg,81.0,0.0,2214.0,529.0,1180.0,0.448,144.0,445.0,0.324,385.0,735.0,0.524,0.509,162.0,192.0,0.844,82.0,188.0,270.0,196.0,57.0,13.0,135.0,112.0,1364.0,0.0
2019,43.0,harremo01,25.0,lac,c,82.0,5.0,2158.0,546.0,888.0,0.615,3.0,17.0,0.176,543.0,871.0,0.623,0.617,266.0,414.0,0.643,184.0,351.0,535.0,162.0,71.0,110.0,132.0,255.0,1361.0,0.0
2019,44.0,siakapa01,24.0,tor,pf,80.0,79.0,2548.0,519.0,945.0,0.549,79.0,214.0,0.369,440.0,731.0,0.602,0.591,237.0,302.0,0.785,124.0,425.0,549.0,248.0,73.0,52.0,154.0,241.0,1354.0,0.0
2019,45.0,gallida01,30.0,lac,sf,68.0,68.0,2059.0,409.0,884.0,0.463,161.0,372.0,0.433,248.0,512.0,0.484,0.554,367.0,406.0,0.904,54.0,363.0,417.0,178.0,49.0,23.0,99.0,129.0,1346.0,0.0
2019,46.0,simmobe01,22.0,phi,pg,79.0,79.0,2700.0,540.0,960.0,0.563,0.0,6.0,0.0,540.0,954.0,0.566,0.563,257.0,428.0,0.6,172.0,525.0,697.0,610.0,112.0,61.0,274.0,209.0,1337.0,10.0
2019,47.0,wiggian01,23.0,min,sf,73.0,73.0,2543.0,498.0,1209.0,0.412,118.0,348.0,0.339,380.0,861.0,0.441,0.461,207.0,296.0,0.699,83.0,269.0,352.0,184.0,70.0,48.0,138.0,153.0,1321.0,0.0
2019,48.0,kuzmaky01,23.0,lal,pf,70.0,68.0,2314.0,496.0,1087.0,0.456,128.0,422.0,0.303,368.0,665.0,0.553,0.515,188.0,250.0,0.752,60.0,322.0,382.0,178.0,41.0,26.0,133.0,170.0,1308.0,0.0
2019,49.0,goberru01,26.0,uta,c,81.0,80.0,2577.0,476.0,712.0,0.669,0.0,0.0,,476.0,712.0,0.669,0.669,332.0,522.0,0.636,309.0,732.0,1041.0,161.0,66.0,187.0,130.0,231.0,1284.0,0.0
2019,50.0,barneha02,26.0,tot,pf,77.0,77.0,2533.0,431.0,1027.0,0.42,174.0,441.0,0.395,257.0,586.0,0.439,0.504,229.0,278.0,0.824,57.0,304.0,361.0,115.0,50.0,13.0,98.0,122.0,1265.0,0.0
2019,51.0,jacksre01,28.0,det,pg,82.0,82.0,2289.0,441.0,1047.0,0.421,174.0,471.0,0.369,267.0,576.0,0.464,0.504,204.0,236.0,0.864,45.0,171.0,216.0,344.0,55.0,9.0,148.0,208.0,1260.0,0.0
2019,52.0,gordoaa01,23.0,orl,pf,78.0,78.0,2633.0,470.0,1046.0,0.449,121.0,347.0,0.349,349.0,699.0,0.499,0.507,185.0,253.0,0.731,129.0,445.0,574.0,289.0,57.0,56.0,162.0,172.0,1246.0,0.0
2019,53.0,tatumja01,20.0,bos,sf,79.0,79.0,2455.0,466.0,1036.0,0.45,116.0,311.0,0.373,350.0,725.0,0.483,0.506,195.0,228.0,0.855,70.0,407.0,477.0,168.0,84.0,57.0,122.0,168.0,1243.0,0.0
2019,54.0,bledser01,29.0,mil,pg,78.0,78.0,2272.0,470.0,971.0,0.484,124.0,377.0,0.329,346.0,594.0,0.582,0.548,177.0,236.0,0.75,82.0,280.0,362.0,430.0,116.0,29.0,165.0,156.0,1241.0,1.0
2019,55.0,fournev01,26.0,orl,sg,81.0,81.0,2553.0,468.0,1069.0,0.438,153.0,450.0,0.34,315.0,619.0,0.509,0.509,137.0,170.0,0.806,38.0,220.0,258.0,295.0,71.0,12.0,154.0,225.0,1226.0,0.0
2019,56.0,schrode01,25.0,okc,pg,79.0,14.0,2314.0,457.0,1104.0,0.414,124.0,364.0,0.341,333.0,740.0,0.45,0.47,186.0,227.0,0.819,38.0,246.0,284.0,323.0,65.0,12.0,172.0,189.0,1224.0,0.0
2019,57.0,rosste01,27.0,orl,sg,81.0,0.0,2150.0,440.0,1027.0,0.428,217.0,566.0,0.383,223.0,461.0,0.484,0.534,126.0,144.0,0.875,27.0,253.0,280.0,135.0,72.0,29.0,90.0,119.0,1223.0,0.0
2019,58.0,butleji01,29.0,tot,sg,65.0,65.0,2185.0,418.0,904.0,0.462,67.0,193.0,0.347,351.0,711.0,0.494,0.499,312.0,365.0,0.855,121.0,221.0,342.0,263.0,123.0,39.0,95.0,111.0,1215.0,0.0
2019,59.0,richajo01,25.0,mia,sg,73.0,73.0,2539.0,423.0,1026.0,0.412,164.0,460.0,0.357,259.0,566.0,0.458,0.492,199.0,231.0,0.861,54.0,209.0,263.0,298.0,79.0,34.0,113.0,200.0,1209.0,0.0
2019,60.0,lambje01,26.0,cho,sg,79.0,55.0,2250.0,431.0,979.0,0.44,115.0,330.0,0.348,316.0,649.0,0.487,0.499,231.0,260.0,0.888,65.0,369.0,434.0,172.0,88.0,32.0,80.0,140.0,1208.0,0.0
2019,61.0,collijo01,21.0,atl,pf,61.0,59.0,1829.0,465.0,831.0,0.56,55.0,158.0,0.348,410.0,673.0,0.609,0.593,203.0,266.0,0.763,219.0,376.0,595.0,121.0,22.0,39.0,120.0,199.0,1188.0,0.0
2019,62.0,hardati02,26.0,tot,sg,65.0,63.0,2057.0,390.0,993.0,0.393,162.0,477.0,0.34,228.0,516.0,0.442,0.474,232.0,276.0,0.841,33.0,189.0,222.0,159.0,54.0,8.0,105.0,141.0,1174.0,0.0
2019,63.0,aytonde01,20.0,pho,c,71.0,70.0,2183.0,509.0,870.0,0.585,0.0,4.0,0.0,509.0,866.0,0.588,0.585,141.0,189.0,0.746,223.0,506.0,729.0,125.0,61.0,67.0,126.0,209.0,1159.0,0.0
2019,64.0,dinwisp01,25.0,brk,pg,68.0,4.0,1914.0,366.0,828.0,0.442,124.0,370.0,0.335,242.0,458.0,0.528,0.517,287.0,356.0,0.806,26.0,140.0,166.0,311.0,40.0,17.0,152.0,187.0,1143.0,0.0
2019,65.0,nurkiju01,24.0,por,c,72.0,72.0,1974.0,420.0,826.0,0.508,3.0,29.0,0.103,417.0,797.0,0.523,0.51,282.0,365.0,0.773,243.0,505.0,748.0,233.0,71.0,103.0,168.0,250.0,1125.0,1.0
2019,66.0,capelca01,24.0,hou,c,67.0,67.0,2249.0,474.0,732.0,0.648,0.0,0.0,,474.0,732.0,0.648,0.648,166.0,261.0,0.636,298.0,550.0,848.0,96.0,44.0,102.0,94.0,168.0,1114.0,0.0
2019,67.0,ibakase01,29.0,tor,c,74.0,51.0,2010.0,464.0,877.0,0.529,49.0,169.0,0.29,415.0,708.0,0.586,0.557,135.0,177.0,0.763,156.0,445.0,601.0,99.0,29.0,103.0,114.0,211.0,1112.0,0.0
2019,68.0,adamsst01,25.0,okc,c,80.0,80.0,2669.0,481.0,809.0,0.595,0.0,2.0,0.0,481.0,807.0,0.596,0.595,146.0,292.0,0.5,391.0,369.0,760.0,124.0,117.0,76.0,135.0,204.0,1108.0,0.0
2019,69.0,gordoer01,30.0,hou,sg,68.0,53.0,2158.0,384.0,938.0,0.409,216.0,600.0,0.36,168.0,338.0,0.497,0.525,119.0,152.0,0.783,17.0,131.0,148.0,129.0,41.0,27.0,90.0,143.0,1103.0,0.0
2019,70.0,grantje01,24.0,okc,pf,80.0,77.0,2612.0,409.0,823.0,0.497,115.0,293.0,0.392,294.0,530.0,0.555,0.567,157.0,221.0,0.71,96.0,321.0,417.0,79.0,61.0,100.0,67.0,214.0,1090.0,0.0
2019,71.0,wadedw01,37.0,mia,sg,72.0,2.0,1885.0,416.0,960.0,0.433,86.0,261.0,0.33,330.0,699.0,0.472,0.478,165.0,233.0,0.708,69.0,216.0,285.0,301.0,59.0,38.0,166.0,118.0,1083.0,1.0
2019,72.0,gasolma01,34.0,tot,c,79.0,72.0,2436.0,390.0,870.0,0.448,99.0,273.0,0.363,291.0,597.0,0.487,0.505,192.0,253.0,0.759,80.0,547.0,627.0,349.0,84.0,86.0,155.0,217.0,1071.0,1.0
2019,73.0,oubreke01,23.0,tot,sf,69.0,19.0,1935.0,375.0,842.0,0.445,108.0,338.0,0.32,267.0,504.0,0.53,0.51,189.0,244.0,0.775,71.0,254.0,325.0,84.0,84.0,59.0,103.0,181.0,1047.0,0.0
2019,74.0,morrima03,29.0,bos,pf,75.0,53.0,2091.0,377.0,844.0,0.447,146.0,389.0,0.375,231.0,455.0,0.508,0.533,146.0,173.0,0.844,76.0,382.0,458.0,109.0,43.0,25.0,92.0,181.0,1046.0,0.0
2019,75.0,sabondo01,22.0,ind,c,74.0,5.0,1838.0,413.0,700.0,0.59,9.0,17.0,0.529,404.0,683.0,0.592,0.596,208.0,291.0,0.715,186.0,504.0,690.0,212.0,48.0,30.0,160.0,239.0,1043.0,0.0
2019,76.0,harrijo01,27.0,brk,sg,76.0,76.0,2293.0,374.0,748.0,0.5,183.0,386.0,0.474,191.0,362.0,0.528,0.622,110.0,133.0,0.827,52.0,239.0,291.0,181.0,38.0,17.0,121.0,182.0,1041.0,0.0
2019,77.0,youngth01,30.0,ind,pf,81.0,81.0,2489.0,443.0,841.0,0.527,51.0,146.0,0.349,392.0,695.0,0.564,0.557,87.0,135.0,0.644,192.0,331.0,523.0,204.0,123.0,36.0,123.0,194.0,1024.0,0.0
2019,78.0,lopezbr01,30.0,mil,c,81.0,81.0,2322.0,355.0,786.0,0.452,187.0,512.0,0.365,168.0,274.0,0.613,0.571,112.0,133.0,0.842,33.0,363.0,396.0,98.0,51.0,179.0,82.0,189.0,1009.0,0.0
2019,79.0,brogdma01,26.0,mil,sg,64.0,64.0,1832.0,378.0,748.0,0.505,104.0,244.0,0.426,274.0,504.0,0.544,0.575,141.0,152.0,0.928,65.0,223.0,288.0,205.0,46.0,13.0,91.0,102.0,1001.0,0.0
2019,80.0,inglejo01,31.0,uta,pf,82.0,82.0,2568.0,359.0,802.0,0.448,189.0,483.0,0.391,170.0,319.0,0.533,0.565,87.0,123.0,0.707,35.0,295.0,330.0,469.0,98.0,20.0,193.0,180.0,994.0,0.0
2019,81.0,osmande01,23.0,cle,sf,76.0,75.0,2444.0,360.0,844.0,0.427,130.0,374.0,0.348,230.0,470.0,0.489,0.504,141.0,181.0,0.779,45.0,312.0,357.0,195.0,60.0,11.0,114.0,195.0,991.0,0.0
2019,82.0,bogdabo01,26.0,sac,sg,70.0,17.0,1947.0,361.0,863.0,0.418,134.0,372.0,0.36,227.0,491.0,0.462,0.496,134.0,162.0,0.827,40.0,203.0,243.0,267.0,72.0,15.0,117.0,142.0,990.0,0.0
2019,83.0,turnemy01,22.0,ind,c,74.0,74.0,2119.0,380.0,780.0,0.487,76.0,196.0,0.388,304.0,584.0,0.521,0.536,148.0,201.0,0.736,101.0,430.0,531.0,115.0,60.0,199.0,100.0,195.0,984.0,0.0
2019,84.0,markkla01,21.0,chi,pf,52.0,51.0,1682.0,342.0,795.0,0.43,120.0,332.0,0.361,222.0,463.0,0.479,0.506,170.0,195.0,0.872,74.0,396.0,470.0,75.0,37.0,33.0,85.0,122.0,974.0,0.0
2019,85.0,forbebr01,25.0,sas,sg,82.0,81.0,2293.0,361.0,791.0,0.456,176.0,413.0,0.426,185.0,378.0,0.489,0.568,69.0,78.0,0.885,18.0,221.0,239.0,175.0,45.0,4.0,80.0,159.0,967.0,0.0
2019,86.0,caulewi01,25.0,sac,c,81.0,81.0,2213.0,412.0,741.0,0.556,1.0,2.0,0.5,411.0,739.0,0.556,0.557,140.0,254.0,0.551,181.0,497.0,678.0,194.0,96.0,51.0,84.0,227.0,965.0,0.0
2019,87.0,brownja02,22.0,bos,sg,74.0,25.0,1913.0,368.0,792.0,0.465,95.0,276.0,0.344,273.0,516.0,0.529,0.525,133.0,202.0,0.658,65.0,248.0,313.0,100.0,69.0,32.0,99.0,186.0,964.0,0.0
2019,88.0,knoxke01,19.0,nyk,pf,75.0,57.0,2158.0,338.0,914.0,0.37,125.0,364.0,0.343,213.0,550.0,0.387,0.438,162.0,226.0,0.717,61.0,274.0,335.0,82.0,43.0,24.0,114.0,175.0,963.0,0.0
2019,89.0,crowdja01,28.0,uta,sf,80.0,11.0,2166.0,318.0,797.0,0.399,173.0,522.0,0.331,145.0,275.0,0.527,0.508,142.0,197.0,0.721,60.0,324.0,384.0,133.0,64.0,31.0,85.0,170.0,951.0,0.0
2019,90.0,ingrabr01,21.0,lal,sf,52.0,52.0,1760.0,362.0,729.0,0.497,31.0,94.0,0.33,331.0,635.0,0.521,0.518,195.0,289.0,0.675,41.0,226.0,267.0,154.0,28.0,31.0,129.0,149.0,950.0,0.0
2019,91.0,augusdj01,31.0,orl,pg,81.0,81.0,2269.0,318.0,677.0,0.47,131.0,311.0,0.421,187.0,366.0,0.511,0.566,181.0,209.0,0.866,41.0,162.0,203.0,426.0,52.0,4.0,128.0,115.0,948.0,0.0
2019,92.0,gayru01,32.0,sas,pf,69.0,51.0,1842.0,376.0,746.0,0.504,74.0,184.0,0.402,302.0,562.0,0.537,0.554,120.0,147.0,0.816,63.0,407.0,470.0,182.0,54.0,34.0,114.0,159.0,946.0,0.0
2019,93.0,greenje02,32.0,was,pf,77.0,44.0,2097.0,326.0,687.0,0.475,111.0,320.0,0.347,215.0,367.0,0.586,0.555,183.0,206.0,0.888,57.0,252.0,309.0,137.0,43.0,39.0,101.0,160.0,946.0,0.0
2019,94.0,caldwke01,25.0,lal,sg,82.0,23.0,2035.0,325.0,756.0,0.43,151.0,435.0,0.347,174.0,321.0,0.542,0.53,137.0,158.0,0.867,48.0,190.0,238.0,110.0,73.0,13.0,65.0,137.0,938.0,0.0
2019,95.0,parkeja01,23.0,tot,pf,64.0,17.0,1724.0,369.0,749.0,0.493,61.0,195.0,0.313,308.0,554.0,0.556,0.533,131.0,184.0,0.712,79.0,342.0,421.0,152.0,46.0,30.0,151.0,145.0,930.0,0.0
2019,96.0,lowryky01,32.0,tor,pg,65.0,65.0,2213.0,304.0,739.0,0.411,157.0,453.0,0.347,147.0,286.0,0.514,0.518,161.0,194.0,0.83,41.0,271.0,312.0,564.0,91.0,31.0,182.0,166.0,926.0,2.0
2019,97.0,horfoal01,32.0,bos,c,68.0,68.0,1973.0,387.0,723.0,0.535,73.0,203.0,0.36,314.0,520.0,0.604,0.586,78.0,95.0,0.821,120.0,338.0,458.0,283.0,59.0,86.0,102.0,126.0,925.0,1.0
2019,98.0,baglema01,19.0,sac,pf,62.0,4.0,1567.0,356.0,706.0,0.504,30.0,96.0,0.313,326.0,610.0,0.534,0.525,181.0,262.0,0.691,162.0,309.0,471.0,62.0,33.0,59.0,98.0,120.0,923.0,0.0
2019,99.0,beaslma01,22.0,den,sg,81.0,18.0,1879.0,349.0,737.0,0.474,163.0,405.0,0.402,186.0,332.0,0.56,0.584,56.0,66.0,0.848,35.0,165.0,200.0,97.0,55.0,10.0,55.0,116.0,917.0,0.0
2019,100.0,rosede01,30.0,min,pg,51.0,13.0,1392.0,363.0,753.0,0.482,54.0,146.0,0.37,309.0,607.0,0.509,0.518,137.0,160.0,0.856,33.0,107.0,140.0,220.0,31.0,12.0,82.0,57.0,917.0,0.0
2019,101.0,kanteen01,26.0,tot,c,67.0,31.0,1640.0,375.0,683.0,0.549,10.0,34.0,0.294,365.0,649.0,0.562,0.556,155.0,197.0,0.787,257.0,402.0,659.0,116.0,32.0,26.0,118.0,167.0,915.0,0.0
2019,102.0,jacksjo02,21.0,pho,sg,79.0,29.0,1988.0,347.0,841.0,0.413,73.0,225.0,0.324,274.0,616.0,0.445,0.456,143.0,213.0,0.671,66.0,281.0,347.0,183.0,74.0,56.0,173.0,209.0,910.0,0.0
2019,103.0,paulch01,33.0,hou,pg,58.0,58.0,1857.0,302.0,720.0,0.419,127.0,355.0,0.358,175.0,365.0,0.479,0.508,175.0,203.0,0.862,36.0,229.0,265.0,473.0,114.0,18.0,152.0,146.0,906.0,1.0
2019,104.0,favorde01,27.0,uta,c,76.0,70.0,1766.0,363.0,619.0,0.586,17.0,78.0,0.218,346.0,541.0,0.64,0.6,154.0,228.0,0.675,207.0,353.0,560.0,89.0,56.0,106.0,84.0,163.0,897.0,0.0
2019,105.0,mcgeeja01,31.0,lal,c,75.0,62.0,1671.0,400.0,641.0,0.624,1.0,12.0,0.083,399.0,629.0,0.634,0.625,96.0,152.0,0.632,195.0,371.0,566.0,52.0,47.0,148.0,108.0,208.0,897.0,0.0
2019,106.0,gilgesh01,20.0,lac,pg,82.0,73.0,2174.0,341.0,716.0,0.476,51.0,139.0,0.367,290.0,577.0,0.503,0.512,156.0,195.0,0.8,57.0,175.0,232.0,270.0,96.0,45.0,141.0,175.0,889.0,0.0
2019,107.0,whiteha01,29.0,mia,c,72.0,53.0,1674.0,388.0,680.0,0.571,2.0,16.0,0.125,386.0,664.0,0.581,0.572,109.0,243.0,0.449,257.0,560.0,817.0,56.0,46.0,136.0,97.0,192.0,887.0,0.0
2019,108.0,millspa01,33.0,den,pf,70.0,65.0,1895.0,322.0,665.0,0.484,58.0,159.0,0.365,264.0,506.0,0.522,0.528,181.0,249.0,0.727,153.0,352.0,505.0,141.0,83.0,54.0,95.0,183.0,883.0,0.0
2019,109.0,allenja01,20.0,brk,c,80.0,80.0,2096.0,335.0,568.0,0.59,6.0,45.0,0.133,329.0,523.0,0.629,0.595,197.0,278.0,0.709,191.0,481.0,672.0,110.0,43.0,120.0,103.0,184.0,873.0,0.0
2019,110.0,mudiaem01,22.0,nyk,pg,59.0,42.0,1607.0,330.0,740.0,0.446,69.0,210.0,0.329,261.0,530.0,0.492,0.493,144.0,186.0,0.774,33.0,163.0,196.0,228.0,43.0,19.0,140.0,103.0,873.0,0.0
2019,111.0,rubiori01,28.0,uta,pg,68.0,67.0,1899.0,295.0,730.0,0.404,79.0,254.0,0.311,216.0,476.0,0.454,0.458,195.0,228.0,0.855,33.0,210.0,243.0,416.0,91.0,10.0,180.0,180.0,864.0,0.0
2019,112.0,arizatr01,33.0,tot,sf,69.0,69.0,2349.0,294.0,736.0,0.399,145.0,434.0,0.334,149.0,302.0,0.493,0.498,130.0,164.0,0.793,50.0,321.0,371.0,252.0,91.0,21.0,106.0,130.0,863.0,0.0
2019,113.0,saricda01,24.0,tot,pf,81.0,41.0,2023.0,304.0,696.0,0.437,118.0,323.0,0.365,186.0,373.0,0.499,0.522,132.0,150.0,0.88,126.0,331.0,457.0,127.0,45.0,9.0,97.0,182.0,858.0,0.0
2019,114.0,holidju01,29.0,tot,sg,82.0,77.0,2607.0,300.0,777.0,0.386,162.0,465.0,0.348,138.0,312.0,0.442,0.49,95.0,106.0,0.896,46.0,277.0,323.0,146.0,121.0,36.0,104.0,164.0,857.0,0.0
2019,115.0,lenal01,25.0,atl,c,77.0,31.0,1544.0,320.0,648.0,0.494,74.0,204.0,0.363,246.0,444.0,0.554,0.551,140.0,216.0,0.648,158.0,266.0,424.0,86.0,27.0,69.0,97.0,200.0,854.0,0.0
2019,116.0,collida01,31.0,ind,pg,76.0,76.0,2143.0,308.0,659.0,0.467,79.0,194.0,0.407,229.0,465.0,0.492,0.527,158.0,190.0,0.832,36.0,196.0,232.0,459.0,110.0,9.0,125.0,138.0,853.0,0.0
2019,117.0,morrimo01,23.0,den,pg,82.0,6.0,1970.0,346.0,702.0,0.493,94.0,227.0,0.414,252.0,475.0,0.531,0.56,65.0,81.0,0.802,35.0,159.0,194.0,297.0,73.0,4.0,52.0,102.0,851.0,0.0
2019,118.0,matthwe02,32.0,tot,sf,69.0,68.0,2091.0,279.0,698.0,0.4,150.0,403.0,0.372,129.0,295.0,0.437,0.507,132.0,163.0,0.81,32.0,138.0,170.0,160.0,54.0,17.0,91.0,160.0,840.0,0.0
2019,119.0,winslju01,22.0,mia,sf,66.0,52.0,1959.0,324.0,749.0,0.433,96.0,256.0,0.375,228.0,493.0,0.462,0.497,86.0,137.0,0.628,63.0,292.0,355.0,282.0,72.0,19.0,142.0,177.0,830.0,0.0
2019,120.0,belinma01,32.0,sas,sg,79.0,1.0,1815.0,285.0,690.0,0.413,147.0,395.0,0.372,138.0,295.0,0.468,0.52,112.0,124.0,0.903,16.0,182.0,198.0,132.0,35.0,8.0,72.0,121.0,829.0,0.0
2019,121.0,haywago01,28.0,bos,pf,72.0,18.0,1863.0,296.0,635.0,0.466,77.0,231.0,0.333,219.0,404.0,0.542,0.527,156.0,187.0,0.834,51.0,271.0,322.0,244.0,62.0,23.0,105.0,104.0,825.0,0.0
2019,122.0,greenda02,31.0,tor,sg,80.0,80.0,2216.0,293.0,630.0,0.465,198.0,435.0,0.455,95.0,195.0,0.487,0.622,37.0,44.0,0.841,60.0,257.0,317.0,126.0,73.0,53.0,75.0,171.0,821.0,0.0
2019,123.0,poweldw01,27.0,dal,c,77.0,22.0,1662.0,290.0,486.0,0.597,39.0,127.0,0.307,251.0,359.0,0.699,0.637,196.0,254.0,0.772,140.0,271.0,411.0,112.0,44.0,50.0,67.0,201.0,815.0,0.0
2019,124.0,millspa02,30.0,sas,pg,82.0,1.0,1908.0,282.0,663.0,0.425,159.0,404.0,0.394,123.0,259.0,0.475,0.545,88.0,103.0,0.854,24.0,158.0,182.0,245.0,49.0,10.0,93.0,129.0,811.0,0.0
2019,125.0,hoodro01,26.0,tot,sg,72.0,49.0,1893.0,292.0,671.0,0.435,84.0,236.0,0.356,208.0,435.0,0.478,0.498,137.0,155.0,0.884,25.0,132.0,157.0,126.0,59.0,12.0,55.0,146.0,805.0,0.0
2019,126.0,jacksja02,19.0,mem,pf,58.0,56.0,1515.0,298.0,589.0,0.506,51.0,142.0,0.359,247.0,447.0,0.553,0.549,151.0,197.0,0.766,73.0,199.0,272.0,64.0,52.0,82.0,98.0,220.0,798.0,0.0
2019,127.0,olynyke01,27.0,mia,pf,79.0,36.0,1812.0,261.0,564.0,0.463,113.0,319.0,0.354,148.0,245.0,0.604,0.563,152.0,185.0,0.822,72.0,303.0,375.0,140.0,53.0,37.0,114.0,183.0,787.0,0.0
2019,128.0,porteot01,25.0,tot,sf,56.0,43.0,1683.0,299.0,643.0,0.465,104.0,256.0,0.406,195.0,387.0,0.504,0.546,78.0,96.0,0.813,54.0,260.0,314.0,120.0,82.0,31.0,65.0,108.0,780.0,0.0
2019,129.0,bazemke01,29.0,atl,sg,67.0,35.0,1643.0,278.0,691.0,0.402,96.0,300.0,0.32,182.0,391.0,0.465,0.472,127.0,175.0,0.726,37.0,224.0,261.0,152.0,89.0,42.0,121.0,170.0,779.0,0.0
2019,130.0,dotsoda01,24.0,nyk,sg,73.0,40.0,2004.0,290.0,698.0,0.415,126.0,342.0,0.368,164.0,356.0,0.461,0.506,73.0,98.0,0.745,34.0,228.0,262.0,135.0,58.0,10.0,71.0,135.0,779.0,0.0
2019,131.0,warretj01,25.0,pho,sf,43.0,36.0,1360.0,297.0,611.0,0.486,77.0,180.0,0.428,220.0,431.0,0.51,0.549,101.0,124.0,0.815,31.0,143.0,174.0,64.0,51.0,29.0,52.0,119.0,772.0,0.0
2019,132.0,valanjo01,26.0,tot,c,49.0,27.0,1091.0,301.0,538.0,0.559,14.0,48.0,0.292,287.0,490.0,0.586,0.572,147.0,185.0,0.795,106.0,313.0,419.0,70.0,19.0,53.0,90.0,146.0,763.0,0.0
2019,133.0,aminual01,28.0,por,pf,81.0,81.0,2292.0,257.0,593.0,0.433,96.0,280.0,0.343,161.0,313.0,0.514,0.514,150.0,173.0,0.867,112.0,498.0,610.0,104.0,68.0,33.0,72.0,143.0,760.0,0.0
2019,134.0,bryanth01,21.0,was,c,72.0,53.0,1496.0,309.0,502.0,0.616,33.0,99.0,0.333,276.0,403.0,0.685,0.648,107.0,137.0,0.781,113.0,341.0,454.0,92.0,25.0,67.0,60.0,126.0,758.0,0.0
2019,135.0,jordade01,30.0,tot,c,69.0,69.0,2047.0,286.0,446.0,0.641,0.0,0.0,,286.0,446.0,0.641,0.641,186.0,264.0,0.705,225.0,677.0,902.0,156.0,42.0,73.0,153.0,167.0,758.0,0.0
2019,136.0,willima02,32.0,cho,pf,75.0,75.0,2133.0,275.0,652.0,0.422,140.0,382.0,0.366,135.0,270.0,0.5,0.529,66.0,86.0,0.767,76.0,331.0,407.0,92.0,71.0,61.0,47.0,156.0,756.0,0.0
2019,137.0,gibsota01,33.0,min,pf,70.0,57.0,1686.0,304.0,537.0,0.566,11.0,34.0,0.324,293.0,503.0,0.583,0.576,134.0,177.0,0.757,172.0,286.0,458.0,84.0,53.0,39.0,73.0,186.0,753.0,0.0
2019,138.0,carrode01,32.0,brk,pf,67.0,8.0,1703.0,227.0,575.0,0.395,106.0,310.0,0.342,121.0,265.0,0.457,0.487,184.0,242.0,0.76,68.0,281.0,349.0,85.0,31.0,10.0,73.0,114.0,744.0,0.0
2019,139.0,princta02,24.0,atl,sf,55.0,47.0,1552.0,262.0,594.0,0.441,123.0,315.0,0.39,139.0,279.0,0.498,0.545,95.0,116.0,0.819,22.0,177.0,199.0,118.0,53.0,19.0,100.0,141.0,742.0,0.0
2019,140.0,bjeline01,30.0,sac,pf,77.0,70.0,1788.0,284.0,593.0,0.479,103.0,257.0,0.401,181.0,336.0,0.539,0.566,70.0,92.0,0.761,125.0,319.0,444.0,147.0,54.0,56.0,82.0,197.0,741.0,0.0
2019,141.0,harriga01,24.0,den,sg,57.0,48.0,1639.0,270.0,637.0,0.424,82.0,242.0,0.339,188.0,395.0,0.476,0.488,115.0,144.0,0.799,41.0,119.0,160.0,127.0,55.0,19.0,68.0,113.0,737.0,0.0
2019,142.0,adebaba01,21.0,mia,c,82.0,28.0,1913.0,280.0,486.0,0.576,3.0,15.0,0.2,277.0,471.0,0.588,0.579,166.0,226.0,0.735,165.0,432.0,597.0,184.0,71.0,65.0,121.0,203.0,729.0,0.0
2019,143.0,huertke01,20.0,atl,sg,75.0,59.0,2048.0,275.0,657.0,0.419,136.0,353.0,0.385,139.0,304.0,0.457,0.522,41.0,56.0,0.732,60.0,185.0,245.0,214.0,65.0,25.0,109.0,155.0,727.0,0.0
2019,144.0,shamela01,21.0,tot,sg,79.0,27.0,1802.0,240.0,557.0,0.431,167.0,396.0,0.422,73.0,161.0,0.453,0.581,75.0,93.0,0.806,21.0,113.0,134.0,117.0,37.0,10.0,45.0,155.0,722.0,0.0
2019,145.0,smithde03,21.0,tot,pg,53.0,50.0,1508.0,278.0,650.0,0.428,67.0,208.0,0.322,211.0,442.0,0.477,0.479,99.0,156.0,0.635,32.0,123.0,155.0,252.0,67.0,20.0,154.0,129.0,722.0,1.0
2019,146.0,isaacjo01,21.0,orl,pf,75.0,64.0,1996.0,262.0,611.0,0.429,86.0,266.0,0.323,176.0,345.0,0.51,0.499,110.0,135.0,0.815,99.0,312.0,411.0,80.0,59.0,98.0,75.0,143.0,720.0,0.0
2019,147.0,bullore01,27.0,tot,sg,63.0,60.0,1879.0,245.0,594.0,0.412,148.0,393.0,0.377,97.0,201.0,0.483,0.537,73.0,85.0,0.859,22.0,151.0,173.0,129.0,40.0,12.0,65.0,109.0,711.0,0.0
2019,148.0,portibo01,23.0,tot,pf,50.0,28.0,1299.0,279.0,628.0,0.444,75.0,191.0,0.393,204.0,437.0,0.467,0.504,77.0,97.0,0.794,109.0,294.0,403.0,72.0,35.0,20.0,74.0,145.0,710.0,0.0
2019,149.0,satorto01,27.0,was,pg,80.0,54.0,2164.0,257.0,530.0,0.485,64.0,162.0,0.395,193.0,368.0,0.524,0.545,131.0,160.0,0.819,82.0,197.0,279.0,399.0,82.0,13.0,120.0,172.0,709.0,1.0
2019,150.0,roziete01,24.0,bos,pg,79.0,14.0,1791.0,258.0,666.0,0.387,119.0,337.0,0.353,139.0,329.0,0.422,0.477,73.0,93.0,0.785,32.0,275.0,307.0,231.0,68.0,21.0,68.0,101.0,708.0,0.0
2019,151.0,smartma01,24.0,bos,sg,80.0,60.0,2200.0,239.0,567.0,0.422,126.0,346.0,0.364,113.0,221.0,0.511,0.533,104.0,129.0,0.806,57.0,177.0,234.0,321.0,143.0,28.0,123.0,201.0,708.0,0.0
2019,152.0,linje01,30.0,tot,pg,74.0,4.0,1436.0,238.0,541.0,0.44,55.0,187.0,0.294,183.0,354.0,0.517,0.491,176.0,210.0,0.838,22.0,157.0,179.0,231.0,47.0,13.0,124.0,144.0,707.0,0.0
2019,153.0,evansty01,29.0,ind,sg,69.0,18.0,1402.0,257.0,660.0,0.389,77.0,216.0,0.356,180.0,444.0,0.405,0.448,115.0,160.0,0.719,33.0,168.0,201.0,166.0,58.0,18.0,118.0,117.0,706.0,0.0
2019,154.0,lopezro01,30.0,chi,c,74.0,36.0,1606.0,304.0,535.0,0.568,7.0,31.0,0.226,297.0,504.0,0.589,0.575,89.0,123.0,0.724,140.0,146.0,286.0,89.0,11.0,78.0,96.0,124.0,704.0,0.0
2019,155.0,vanvlfr01,24.0,tor,pg,64.0,28.0,1760.0,246.0,600.0,0.41,112.0,296.0,0.378,134.0,304.0,0.441,0.503,97.0,115.0,0.843,21.0,146.0,167.0,307.0,57.0,20.0,82.0,110.0,701.0,0.0
2019,156.0,batumni01,30.0,cho,sf,75.0,72.0,2354.0,253.0,562.0,0.45,116.0,298.0,0.389,137.0,264.0,0.519,0.553,77.0,89.0,0.865,71.0,319.0,390.0,247.0,71.0,43.0,117.0,140.0,699.0,0.0
2019,157.0,mirotni01,27.0,tot,pf,46.0,25.0,1245.0,238.0,542.0,0.439,116.0,318.0,0.365,122.0,224.0,0.545,0.546,105.0,124.0,0.847,60.0,279.0,339.0,55.0,31.0,34.0,48.0,107.0,697.0,0.0
2019,158.0,trieral01,23.0,nyk,sg,64.0,3.0,1459.0,232.0,518.0,0.448,52.0,132.0,0.394,180.0,386.0,0.466,0.498,179.0,223.0,0.803,31.0,166.0,197.0,119.0,28.0,14.0,116.0,117.0,695.0,0.0
2019,159.0,dedmode01,29.0,atl,c,64.0,52.0,1609.0,259.0,526.0,0.492,83.0,217.0,0.382,176.0,309.0,0.57,0.571,92.0,113.0,0.814,105.0,375.0,480.0,90.0,69.0,71.0,84.0,214.0,693.0,0.0
2019,160.0,bembrde01,24.0,atl,sg,82.0,15.0,1931.0,275.0,616.0,0.446,50.0,173.0,0.289,225.0,443.0,0.508,0.487,87.0,136.0,0.64,54.0,304.0,358.0,202.0,105.0,41.0,142.0,190.0,687.0,0.0
2019,161.0,bridgmi01,22.0,pho,sf,82.0,56.0,2417.0,242.0,563.0,0.43,105.0,313.0,0.335,137.0,250.0,0.548,0.523,95.0,118.0,0.805,56.0,208.0,264.0,173.0,129.0,38.0,70.0,201.0,684.0,0.0
2019,162.0,brunsja01,22.0,dal,pg,73.0,38.0,1591.0,264.0,565.0,0.467,63.0,181.0,0.348,201.0,384.0,0.523,0.523,87.0,120.0,0.725,25.0,144.0,169.0,230.0,37.0,4.0,88.0,127.0,678.0,0.0
2019,163.0,greenge01,33.0,hou,sg,73.0,0.0,1473.0,231.0,578.0,0.4,156.0,441.0,0.354,75.0,137.0,0.547,0.535,57.0,68.0,0.838,30.0,152.0,182.0,40.0,33.0,27.0,55.0,126.0,675.0,0.0
2019,164.0,oladivi01,26.0,ind,sg,36.0,36.0,1147.0,249.0,588.0,0.423,74.0,216.0,0.343,175.0,372.0,0.47,0.486,103.0,141.0,0.73,21.0,181.0,202.0,186.0,60.0,11.0,82.0,72.0,675.0,0.0
2019,165.0,gallola01,27.0,det,sg,80.0,4.0,1745.0,228.0,587.0,0.388,135.0,380.0,0.355,93.0,207.0,0.449,0.503,81.0,96.0,0.844,49.0,122.0,171.0,85.0,37.0,8.0,24.0,135.0,672.0,0.0
2019,166.0,walljo01,28.0,was,pg,32.0,32.0,1104.0,245.0,552.0,0.444,51.0,169.0,0.302,194.0,383.0,0.507,0.49,122.0,175.0,0.697,15.0,101.0,116.0,279.0,49.0,29.0,121.0,71.0,663.0,0.0
2019,167.0,whitede01,24.0,sas,pg,67.0,55.0,1728.0,260.0,543.0,0.479,48.0,142.0,0.338,212.0,401.0,0.529,0.523,95.0,123.0,0.772,35.0,212.0,247.0,263.0,67.0,47.0,97.0,145.0,663.0,0.0
2019,168.0,monkma01,20.0,cho,sg,73.0,0.0,1258.0,227.0,586.0,0.387,109.0,330.0,0.33,118.0,256.0,0.461,0.48,90.0,102.0,0.882,16.0,121.0,137.0,117.0,37.0,19.0,86.0,106.0,653.0,0.0
2019,169.0,wrighde01,26.0,tot,pg,75.0,13.0,1699.0,242.0,558.0,0.434,50.0,168.0,0.298,192.0,390.0,0.492,0.478,119.0,150.0,0.793,68.0,198.0,266.0,248.0,88.0,30.0,77.0,103.0,653.0,3.0
2019,170.0,plumlma01,28.0,den,c,82.0,17.0,1731.0,262.0,442.0,0.593,2.0,10.0,0.2,260.0,432.0,0.602,0.595,111.0,198.0,0.561,165.0,359.0,524.0,243.0,66.0,76.0,126.0,252.0,637.0,0.0
2019,171.0,mooreet01,29.0,nop,sg,53.0,36.0,1463.0,256.0,532.0,0.481,76.0,176.0,0.432,180.0,356.0,0.506,0.553,45.0,59.0,0.763,35.0,92.0,127.0,102.0,40.0,8.0,59.0,112.0,633.0,0.0
2019,172.0,burketr01,26.0,tot,pg,58.0,8.0,1125.0,236.0,548.0,0.431,56.0,159.0,0.352,180.0,389.0,0.463,0.482,103.0,124.0,0.831,28.0,71.0,99.0,159.0,33.0,7.0,49.0,58.0,631.0,0.0
2019,173.0,nancela02,26.0,cle,c,67.0,30.0,1795.0,249.0,479.0,0.52,33.0,98.0,0.337,216.0,381.0,0.567,0.554,96.0,134.0,0.716,168.0,384.0,552.0,214.0,100.0,40.0,97.0,192.0,627.0,0.0
2019,174.0,bradlav01,28.0,tot,sg,63.0,63.0,1905.0,248.0,608.0,0.408,86.0,245.0,0.351,162.0,363.0,0.446,0.479,43.0,50.0,0.86,43.0,132.0,175.0,152.0,41.0,16.0,89.0,167.0,625.0,0.0
2019,175.0,johnsty01,26.0,tot,pg,57.0,22.0,1529.0,217.0,526.0,0.413,90.0,260.0,0.346,127.0,266.0,0.477,0.498,95.0,127.0,0.748,34.0,139.0,173.0,166.0,54.0,27.0,77.0,97.0,619.0,0.0
2019,176.0,riverau01,26.0,tot,sg,76.0,15.0,2028.0,232.0,572.0,0.406,104.0,327.0,0.318,128.0,245.0,0.522,0.497,50.0,95.0,0.526,25.0,137.0,162.0,167.0,47.0,23.0,68.0,207.0,618.0,0.0
2019,177.0,kennalu01,22.0,det,sg,63.0,10.0,1437.0,228.0,520.0,0.438,106.0,269.0,0.394,122.0,251.0,0.486,0.54,51.0,61.0,0.836,12.0,171.0,183.0,114.0,26.0,10.0,57.0,92.0,613.0,0.0
2019,178.0,greenja01,28.0,tot,pf,65.0,6.0,1371.0,230.0,476.0,0.483,71.0,176.0,0.403,159.0,300.0,0.53,0.558,80.0,101.0,0.792,104.0,305.0,409.0,50.0,45.0,34.0,87.0,193.0,611.0,0.0
2019,179.0,finnedo01,25.0,dal,sf,81.0,26.0,1985.0,228.0,528.0,0.432,79.0,254.0,0.311,149.0,274.0,0.544,0.507,73.0,103.0,0.709,138.0,251.0,389.0,95.0,69.0,36.0,74.0,186.0,608.0,0.0
2019,180.0,bertada01,26.0,sas,pf,76.0,12.0,1632.0,204.0,453.0,0.45,145.0,338.0,0.429,59.0,115.0,0.513,0.61,53.0,60.0,0.883,23.0,241.0,264.0,100.0,35.0,33.0,43.0,133.0,606.0,0.0
2019,181.0,tuckepj01,33.0,hou,pf,82.0,82.0,2802.0,207.0,523.0,0.396,146.0,387.0,0.377,61.0,136.0,0.449,0.535,41.0,59.0,0.695,121.0,358.0,479.0,96.0,132.0,39.0,63.0,252.0,601.0,0.0
2019,182.0,korveky01,37.0,tot,sg,70.0,0.0,1334.0,201.0,483.0,0.416,138.0,348.0,0.397,63.0,135.0,0.467,0.559,60.0,73.0,0.822,9.0,153.0,162.0,81.0,25.0,12.0,59.0,106.0,600.0,0.0
2019,183.0,bridgmi02,20.0,cho,sf,80.0,25.0,1696.0,237.0,511.0,0.464,65.0,200.0,0.325,172.0,311.0,0.553,0.527,58.0,77.0,0.753,67.0,256.0,323.0,95.0,55.0,49.0,50.0,111.0,597.0,0.0
2019,184.0,beverpa01,30.0,lac,pg,78.0,49.0,2137.0,194.0,477.0,0.407,112.0,282.0,0.397,82.0,195.0,0.421,0.524,96.0,123.0,0.78,76.0,312.0,388.0,300.0,67.0,43.0,85.0,265.0,596.0,0.0
2019,185.0,templga01,32.0,tot,sg,75.0,55.0,2040.0,208.0,493.0,0.422,90.0,264.0,0.341,118.0,229.0,0.515,0.513,80.0,107.0,0.748,28.0,188.0,216.0,106.0,76.0,30.0,70.0,204.0,586.0,0.0
2019,186.0,jacksju01,23.0,tot,sf,81.0,14.0,1614.0,217.0,485.0,0.447,87.0,245.0,0.355,130.0,240.0,0.542,0.537,62.0,79.0,0.785,44.0,168.0,212.0,96.0,32.0,14.0,29.0,99.0,583.0,0.0
2019,187.0,curryse01,28.0,por,sg,74.0,2.0,1399.0,212.0,465.0,0.456,113.0,251.0,0.45,99.0,214.0,0.463,0.577,44.0,52.0,0.846,27.0,93.0,120.0,66.0,36.0,12.0,61.0,97.0,581.0,0.0
2019,188.0,holmeri01,25.0,pho,c,70.0,4.0,1184.0,222.0,365.0,0.608,0.0,0.0,,222.0,365.0,0.608,0.608,128.0,175.0,0.731,115.0,216.0,331.0,60.0,42.0,79.0,52.0,194.0,572.0,0.0
2019,189.0,vonleno01,23.0,nyk,pf,68.0,57.0,1722.0,207.0,440.0,0.47,46.0,137.0,0.336,161.0,303.0,0.531,0.523,111.0,156.0,0.712,113.0,415.0,528.0,129.0,46.0,51.0,88.0,174.0,571.0,0.0
2019,190.0,okogijo01,20.0,min,sg,74.0,52.0,1757.0,196.0,508.0,0.386,60.0,215.0,0.279,136.0,293.0,0.464,0.445,118.0,162.0,0.728,41.0,177.0,218.0,91.0,88.0,33.0,63.0,166.0,570.0,0.0
2019,191.0,milleda01,28.0,nop,sf,69.0,15.0,1757.0,189.0,484.0,0.39,133.0,364.0,0.365,56.0,120.0,0.467,0.528,56.0,71.0,0.789,14.0,114.0,128.0,146.0,40.0,23.0,59.0,165.0,567.0,0.0
2019,192.0,mcderdo01,27.0,ind,sf,77.0,1.0,1340.0,207.0,422.0,0.491,84.0,206.0,0.408,123.0,216.0,0.569,0.59,66.0,79.0,0.835,17.0,92.0,109.0,67.0,18.0,8.0,42.0,104.0,564.0,0.0
2019,193.0,cartevi01,42.0,atl,pf,76.0,9.0,1330.0,196.0,468.0,0.419,123.0,316.0,0.389,73.0,152.0,0.48,0.55,47.0,66.0,0.712,31.0,163.0,194.0,87.0,44.0,27.0,48.0,141.0,562.0,0.0
2019,194.0,burksal01,27.0,tot,sg,64.0,24.0,1375.0,192.0,474.0,0.405,61.0,168.0,0.363,131.0,306.0,0.428,0.469,116.0,141.0,0.823,30.0,205.0,235.0,128.0,39.0,21.0,65.0,91.0,561.0,0.0
2019,195.0,leverca01,24.0,brk,sf,40.0,25.0,1063.0,207.0,483.0,0.429,48.0,154.0,0.312,159.0,329.0,0.483,0.478,85.0,123.0,0.691,35.0,116.0,151.0,156.0,42.0,14.0,69.0,77.0,547.0,0.0
2019,196.0,morrima02,29.0,tot,pf,58.0,16.0,1270.0,204.0,484.0,0.421,68.0,203.0,0.335,136.0,281.0,0.484,0.492,71.0,92.0,0.772,61.0,204.0,265.0,79.0,36.0,22.0,54.0,175.0,547.0,0.0
2019,197.0,lylestr01,23.0,den,pf,64.0,2.0,1120.0,207.0,495.0,0.418,51.0,200.0,0.255,156.0,295.0,0.529,0.47,81.0,116.0,0.698,44.0,202.0,246.0,87.0,30.0,23.0,68.0,93.0,546.0,0.0
2019,198.0,ellinwa01,31.0,tot,sg,53.0,38.0,1297.0,184.0,457.0,0.403,138.0,372.0,0.371,46.0,85.0,0.541,0.554,39.0,49.0,0.796,14.0,93.0,107.0,72.0,54.0,6.0,40.0,92.0,545.0,0.0
2019,199.0,arcidry01,24.0,chi,pg,81.0,32.0,1961.0,187.0,418.0,0.447,81.0,217.0,0.373,106.0,201.0,0.527,0.544,89.0,102.0,0.873,27.0,192.0,219.0,269.0,65.0,4.0,63.0,171.0,544.0,0.0
2019,200.0,laymaja01,24.0,por,sf,71.0,33.0,1327.0,216.0,424.0,0.509,59.0,181.0,0.326,157.0,243.0,0.646,0.579,50.0,71.0,0.704,56.0,161.0,217.0,53.0,31.0,30.0,46.0,116.0,541.0,0.0
2019,201.0,josepco01,27.0,ind,pg,82.0,9.0,2063.0,226.0,548.0,0.412,55.0,171.0,0.322,171.0,377.0,0.454,0.463,30.0,43.0,0.698,39.0,240.0,279.0,321.0,94.0,22.0,80.0,131.0,537.0,0.0
2019,202.0,kurucro01,20.0,brk,sf,63.0,46.0,1294.0,202.0,449.0,0.45,58.0,184.0,0.315,144.0,265.0,0.543,0.514,72.0,92.0,0.783,56.0,190.0,246.0,52.0,41.0,25.0,77.0,146.0,534.0,0.0
2019,203.0,parketo01,36.0,cho,pg,56.0,0.0,1003.0,213.0,463.0,0.46,13.0,51.0,0.255,200.0,412.0,0.485,0.474,91.0,124.0,0.734,14.0,69.0,83.0,207.0,21.0,7.0,75.0,53.0,530.0,0.0
2019,204.0,napiesh01,27.0,brk,pg,56.0,2.0,983.0,169.0,435.0,0.389,76.0,228.0,0.333,93.0,207.0,0.449,0.476,115.0,138.0,0.833,18.0,82.0,100.0,143.0,41.0,16.0,66.0,67.0,529.0,0.0
2019,205.0,holliro01,24.0,brk,sf,59.0,21.0,1234.0,200.0,487.0,0.411,9.0,49.0,0.184,191.0,438.0,0.436,0.42,118.0,183.0,0.645,83.0,227.0,310.0,96.0,44.0,27.0,68.0,107.0,527.0,0.0
2019,206.0,waitedi01,27.0,mia,sg,44.0,28.0,1138.0,198.0,478.0,0.414,109.0,289.0,0.377,89.0,189.0,0.471,0.528,22.0,44.0,0.5,7.0,109.0,116.0,121.0,29.0,9.0,64.0,72.0,527.0,0.0
2019,207.0,hartjo01,23.0,lal,sg,67.0,22.0,1715.0,189.0,464.0,0.407,92.0,274.0,0.336,97.0,190.0,0.511,0.506,55.0,80.0,0.688,35.0,213.0,248.0,93.0,64.0,40.0,58.0,147.0,525.0,0.0
2019,208.0,zubaciv01,21.0,tot,c,59.0,37.0,1040.0,212.0,379.0,0.559,0.0,0.0,,212.0,379.0,0.559,0.559,101.0,126.0,0.802,115.0,247.0,362.0,63.0,14.0,51.0,70.0,137.0,525.0,0.0
2019,209.0,dunnkr01,24.0,chi,pg,46.0,44.0,1389.0,215.0,506.0,0.425,34.0,96.0,0.354,181.0,410.0,0.441,0.458,55.0,69.0,0.797,19.0,168.0,187.0,277.0,68.0,21.0,104.0,166.0,519.0,0.0
2019,210.0,powelno01,25.0,tor,sg,60.0,3.0,1126.0,193.0,400.0,0.483,68.0,170.0,0.4,125.0,230.0,0.543,0.568,62.0,75.0,0.827,16.0,123.0,139.0,91.0,39.0,13.0,65.0,96.0,516.0,0.0
2019,211.0,seldewa01,24.0,tot,sg,75.0,13.0,1439.0,196.0,483.0,0.406,55.0,174.0,0.316,141.0,309.0,0.456,0.463,67.0,92.0,0.728,37.0,143.0,180.0,109.0,33.0,13.0,79.0,131.0,514.0,0.0
2019,212.0,fergute01,20.0,okc,sg,74.0,74.0,1931.0,185.0,431.0,0.429,106.0,290.0,0.366,79.0,141.0,0.56,0.552,37.0,51.0,0.725,33.0,108.0,141.0,72.0,40.0,16.0,47.0,231.0,513.0,0.0
2019,213.0,colliza01,21.0,por,c,77.0,0.0,1356.0,189.0,400.0,0.473,40.0,121.0,0.331,149.0,279.0,0.534,0.523,94.0,126.0,0.746,109.0,215.0,324.0,71.0,25.0,66.0,77.0,174.0,512.0,0.0
2019,214.0,hezonma01,23.0,nyk,sf,58.0,24.0,1206.0,191.0,464.0,0.412,42.0,152.0,0.276,149.0,312.0,0.478,0.457,87.0,114.0,0.763,28.0,211.0,239.0,88.0,57.0,8.0,88.0,110.0,511.0,1.0
2019,215.0,teaguje01,30.0,min,pg,42.0,41.0,1264.0,176.0,416.0,0.423,35.0,105.0,0.333,141.0,311.0,0.453,0.465,123.0,153.0,0.804,16.0,90.0,106.0,343.0,43.0,18.0,97.0,90.0,510.0,0.0
2019,216.0,cookqu01,25.0,gsw,pg,74.0,10.0,1059.0,204.0,439.0,0.465,81.0,200.0,0.405,123.0,239.0,0.515,0.557,20.0,26.0,0.769,22.0,135.0,157.0,116.0,20.0,3.0,50.0,92.0,509.0,0.0
2019,217.0,crawfja01,38.0,pho,sg,64.0,0.0,1211.0,174.0,438.0,0.397,67.0,202.0,0.332,107.0,236.0,0.453,0.474,93.0,110.0,0.845,8.0,77.0,85.0,229.0,33.0,12.0,99.0,75.0,508.0,0.0
2019,218.0,mcgruro01,27.0,mia,sg,66.0,45.0,1550.0,186.0,461.0,0.403,79.0,225.0,0.351,107.0,236.0,0.453,0.489,52.0,72.0,0.722,60.0,178.0,238.0,112.0,36.0,12.0,64.0,115.0,503.0,0.0
2019,219.0,smithis01,30.0,det,pg,56.0,0.0,1251.0,205.0,489.0,0.419,44.0,135.0,0.326,161.0,354.0,0.455,0.464,47.0,62.0,0.758,23.0,122.0,145.0,203.0,28.0,11.0,61.0,109.0,501.0,0.0
2019,220.0,looneke01,22.0,gsw,c,80.0,24.0,1481.0,217.0,347.0,0.625,1.0,10.0,0.1,216.0,337.0,0.641,0.627,65.0,105.0,0.619,194.0,223.0,417.0,123.0,46.0,53.0,51.0,211.0,500.0,0.0
2019,221.0,zelleco01,26.0,cho,c,49.0,47.0,1243.0,190.0,345.0,0.551,6.0,22.0,0.273,184.0,323.0,0.57,0.559,111.0,141.0,0.787,110.0,223.0,333.0,102.0,38.0,41.0,62.0,164.0,497.0,0.0
2019,222.0,jacksfr01,20.0,nop,pg,61.0,16.0,1169.0,194.0,447.0,0.434,53.0,169.0,0.314,141.0,278.0,0.507,0.493,54.0,73.0,0.74,25.0,109.0,134.0,69.0,25.0,2.0,48.0,92.0,495.0,0.0
2019,223.0,bartowi01,28.0,den,sf,43.0,38.0,1189.0,185.0,460.0,0.402,67.0,196.0,0.342,118.0,264.0,0.447,0.475,57.0,74.0,0.77,32.0,167.0,199.0,124.0,18.0,22.0,65.0,82.0,494.0,0.0
2019,224.0,dragigo01,32.0,mia,pg,36.0,22.0,991.0,179.0,433.0,0.413,57.0,164.0,0.348,122.0,269.0,0.454,0.479,79.0,101.0,0.782,20.0,91.0,111.0,174.0,30.0,5.0,71.0,81.0,494.0,1.0
2019,225.0,turneev01,30.0,por,pg,73.0,2.0,1605.0,204.0,443.0,0.46,11.0,52.0,0.212,193.0,391.0,0.494,0.473,75.0,106.0,0.708,37.0,291.0,328.0,283.0,33.0,18.0,114.0,110.0,494.0,2.0
2019,226.0,stephla01,28.0,lal,sg,68.0,3.0,1123.0,184.0,432.0,0.426,73.0,197.0,0.371,111.0,235.0,0.472,0.51,50.0,73.0,0.685,32.0,183.0,215.0,140.0,41.0,7.0,86.0,111.0,491.0,0.0
2019,227.0,couside01,28.0,gsw,c,30.0,30.0,771.0,178.0,371.0,0.48,26.0,95.0,0.274,152.0,276.0,0.551,0.515,106.0,144.0,0.736,43.0,204.0,247.0,107.0,40.0,44.0,72.0,109.0,488.0,0.0
2019,228.0,greendr01,28.0,gsw,pf,66.0,66.0,2065.0,188.0,422.0,0.445,47.0,165.0,0.285,141.0,257.0,0.549,0.501,63.0,91.0,0.692,60.0,421.0,481.0,454.0,95.0,70.0,169.0,197.0,486.0,0.0
2019,229.0,dienggo01,29.0,min,c,76.0,2.0,1031.0,189.0,377.0,0.501,19.0,56.0,0.339,170.0,321.0,0.53,0.527,88.0,106.0,0.83,81.0,230.0,311.0,72.0,48.0,41.0,57.0,134.0,485.0,0.0
2019,230.0,klebima01,27.0,dal,pf,71.0,18.0,1502.0,175.0,386.0,0.453,77.0,218.0,0.353,98.0,168.0,0.583,0.553,58.0,74.0,0.784,90.0,239.0,329.0,70.0,36.0,78.0,54.0,143.0,485.0,0.0
2019,231.0,robinmi01,20.0,nyk,c,66.0,19.0,1360.0,202.0,291.0,0.694,0.0,0.0,,202.0,291.0,0.694,0.694,81.0,135.0,0.6,177.0,246.0,423.0,37.0,52.0,161.0,35.0,217.0,485.0,0.0
2019,232.0,okafoja01,23.0,nop,c,59.0,24.0,935.0,212.0,362.0,0.586,1.0,5.0,0.2,211.0,357.0,0.591,0.587,59.0,89.0,0.663,82.0,196.0,278.0,40.0,15.0,40.0,52.0,96.0,484.0,0.0
2019,233.0,mccontj01,26.0,phi,pg,76.0,3.0,1470.0,220.0,419.0,0.525,14.0,42.0,0.333,206.0,377.0,0.546,0.542,29.0,37.0,0.784,28.0,146.0,174.0,258.0,79.0,17.0,91.0,105.0,483.0,0.0
2019,234.0,harrish01,25.0,chi,sg,73.0,11.0,1430.0,184.0,426.0,0.432,24.0,89.0,0.27,160.0,337.0,0.475,0.46,82.0,123.0,0.667,33.0,189.0,222.0,139.0,89.0,30.0,60.0,124.0,474.0,0.0
2019,235.0,davised01,29.0,brk,c,81.0,1.0,1446.0,186.0,302.0,0.616,0.0,2.0,0.0,186.0,300.0,0.62,0.616,100.0,162.0,0.617,216.0,478.0,694.0,61.0,35.0,33.0,64.0,226.0,472.0,0.0
2019,236.0,thomptr01,27.0,cle,c,43.0,40.0,1198.0,201.0,380.0,0.529,0.0,0.0,,201.0,380.0,0.529,0.529,68.0,106.0,0.642,173.0,265.0,438.0,86.0,28.0,16.0,59.0,89.0,470.0,0.0
2019,237.0,anunoog01,21.0,tor,sf,67.0,6.0,1352.0,183.0,404.0,0.453,67.0,202.0,0.332,116.0,202.0,0.574,0.536,36.0,62.0,0.581,58.0,139.0,197.0,47.0,46.0,22.0,55.0,140.0,469.0,0.0
2019,238.0,jonesty01,22.0,min,pg,68.0,23.0,1560.0,185.0,446.0,0.415,40.0,126.0,0.317,145.0,320.0,0.453,0.46,58.0,69.0,0.841,23.0,111.0,134.0,327.0,81.0,5.0,47.0,78.0,468.0,0.0
2019,239.0,balllo01,21.0,lal,pg,47.0,45.0,1423.0,185.0,456.0,0.406,75.0,228.0,0.329,110.0,228.0,0.482,0.488,20.0,48.0,0.417,54.0,197.0,251.0,255.0,69.0,19.0,103.0,114.0,465.0,1.0
2019,240.0,shumpim01,28.0,tot,sg,62.0,41.0,1481.0,167.0,446.0,0.374,95.0,273.0,0.348,72.0,173.0,0.416,0.481,36.0,45.0,0.8,27.0,156.0,183.0,112.0,59.0,24.0,50.0,127.0,465.0,0.0
2019,241.0,covinro01,28.0,tot,sf,35.0,35.0,1203.0,156.0,362.0,0.431,85.0,225.0,0.378,71.0,137.0,0.518,0.548,68.0,89.0,0.764,28.0,165.0,193.0,46.0,74.0,47.0,47.0,126.0,465.0,0.0
2019,242.0,harklma01,25.0,por,sf,60.0,53.0,1415.0,189.0,388.0,0.487,33.0,120.0,0.275,156.0,268.0,0.582,0.53,49.0,73.0,0.671,77.0,192.0,269.0,74.0,67.0,53.0,45.0,163.0,460.0,0.0
2019,243.0,jerebjo01,31.0,gsw,pf,73.0,6.0,1218.0,163.0,355.0,0.459,69.0,188.0,0.367,94.0,167.0,0.563,0.556,64.0,80.0,0.8,72.0,216.0,288.0,96.0,27.0,18.0,43.0,137.0,459.0,0.0
2019,244.0,zizican01,22.0,cle,c,59.0,25.0,1082.0,183.0,331.0,0.553,0.0,0.0,,183.0,331.0,0.553,0.553,93.0,132.0,0.705,108.0,212.0,320.0,53.0,13.0,22.0,61.0,113.0,459.0,0.0
2019,245.0,scottmi01,30.0,tot,pf,79.0,3.0,1395.0,168.0,420.0,0.4,101.0,252.0,0.401,67.0,168.0,0.399,0.52,22.0,33.0,0.667,43.0,233.0,276.0,66.0,26.0,13.0,44.0,156.0,459.0,0.0
2019,246.0,hillge01,32.0,tot,pg,60.0,13.0,1302.0,170.0,376.0,0.452,48.0,153.0,0.314,122.0,223.0,0.547,0.516,70.0,85.0,0.824,39.0,109.0,148.0,135.0,52.0,8.0,51.0,102.0,458.0,0.0
2019,247.0,cartewe01,19.0,chi,c,44.0,44.0,1110.0,180.0,371.0,0.485,6.0,32.0,0.188,174.0,339.0,0.513,0.493,89.0,112.0,0.795,87.0,220.0,307.0,78.0,26.0,58.0,65.0,152.0,455.0,0.0
2019,248.0,johnsst04,22.0,tot,sf,66.0,7.0,1208.0,171.0,440.0,0.389,62.0,215.0,0.288,109.0,225.0,0.484,0.459,50.0,64.0,0.781,34.0,183.0,217.0,88.0,60.0,14.0,81.0,114.0,454.0,0.0
2019,249.0,ilyaser01,31.0,mil,pf,67.0,7.0,1231.0,167.0,381.0,0.438,58.0,160.0,0.363,109.0,221.0,0.493,0.514,61.0,74.0,0.824,94.0,208.0,302.0,52.0,32.0,20.0,48.0,172.0,453.0,0.0
2019,250.0,muscami01,27.0,tot,pf,64.0,10.0,1306.0,145.0,361.0,0.402,89.0,256.0,0.348,56.0,105.0,0.533,0.525,70.0,85.0,0.824,57.0,187.0,244.0,76.0,22.0,38.0,48.0,130.0,449.0,0.0
2019,251.0,paytoel01,24.0,nop,pg,42.0,42.0,1250.0,179.0,412.0,0.434,33.0,105.0,0.314,146.0,307.0,0.476,0.475,55.0,74.0,0.743,49.0,171.0,220.0,320.0,44.0,17.0,112.0,81.0,446.0,6.0
2019,252.0,snellto01,27.0,mil,sf,74.0,12.0,1304.0,163.0,361.0,0.452,81.0,204.0,0.397,82.0,157.0,0.522,0.564,37.0,42.0,0.881,29.0,128.0,157.0,68.0,26.0,18.0,23.0,90.0,444.0,0.0
2019,253.0,craigto01,28.0,den,sf,75.0,37.0,1503.0,160.0,362.0,0.442,61.0,188.0,0.324,99.0,174.0,0.569,0.526,49.0,70.0,0.7,89.0,174.0,263.0,72.0,37.0,46.0,44.0,175.0,430.0,0.0
2019,254.0,macksh01,28.0,tot,pg,57.0,3.0,1246.0,163.0,403.0,0.404,46.0,130.0,0.354,117.0,273.0,0.429,0.462,58.0,84.0,0.69,18.0,86.0,104.0,183.0,47.0,4.0,66.0,84.0,430.0,0.0
2019,255.0,harride01,35.0,dal,pg,68.0,2.0,1071.0,132.0,347.0,0.38,62.0,200.0,0.31,70.0,147.0,0.476,0.47,102.0,134.0,0.761,12.0,100.0,112.0,122.0,35.0,16.0,56.0,133.0,428.0,0.0
2019,256.0,johnsja01,31.0,mia,pf,55.0,33.0,1164.0,164.0,379.0,0.433,50.0,149.0,0.336,114.0,230.0,0.496,0.499,50.0,70.0,0.714,22.0,154.0,176.0,135.0,35.0,27.0,74.0,114.0,428.0,0.0
2019,257.0,kiddgmi01,25.0,cho,pf,64.0,3.0,1179.0,158.0,332.0,0.476,16.0,47.0,0.34,142.0,285.0,0.498,0.5,95.0,123.0,0.772,88.0,158.0,246.0,61.0,32.0,39.0,43.0,156.0,427.0,0.0
2019,258.0,onealro01,25.0,uta,sf,82.0,16.0,1671.0,163.0,343.0,0.475,68.0,176.0,0.386,95.0,167.0,0.569,0.574,32.0,42.0,0.762,22.0,263.0,285.0,124.0,54.0,24.0,70.0,172.0,426.0,0.0
2019,259.0,rondora01,32.0,lal,pg,46.0,29.0,1369.0,175.0,432.0,0.405,51.0,142.0,0.359,124.0,290.0,0.428,0.464,23.0,36.0,0.639,34.0,209.0,243.0,367.0,57.0,7.0,127.0,100.0,424.0,1.0
2019,260.0,poeltja01,23.0,sas,c,77.0,24.0,1273.0,187.0,290.0,0.645,0.0,0.0,,187.0,290.0,0.645,0.645,49.0,92.0,0.533,178.0,232.0,410.0,93.0,29.0,68.0,48.0,124.0,423.0,0.0
2019,261.0,jonesde02,21.0,mia,sf,60.0,14.0,1153.0,160.0,324.0,0.494,28.0,91.0,0.308,132.0,233.0,0.567,0.537,74.0,122.0,0.607,96.0,144.0,240.0,37.0,46.0,42.0,43.0,123.0,422.0,0.0
2019,262.0,marjabo01,30.0,tot,c,58.0,12.0,681.0,160.0,260.0,0.615,4.0,10.0,0.4,156.0,250.0,0.624,0.623,98.0,131.0,0.748,87.0,178.0,265.0,54.0,16.0,27.0,59.0,90.0,422.0,0.0
2019,263.0,connapa01,26.0,mil,sg,61.0,2.0,1261.0,163.0,350.0,0.466,66.0,200.0,0.33,97.0,150.0,0.647,0.56,29.0,40.0,0.725,61.0,197.0,258.0,122.0,33.0,25.0,33.0,81.0,421.0,0.0
2019,264.0,hernawi01,24.0,cho,c,58.0,3.0,812.0,153.0,295.0,0.519,15.0,39.0,0.385,138.0,256.0,0.539,0.544,100.0,144.0,0.694,117.0,194.0,311.0,60.0,16.0,20.0,58.0,98.0,421.0,0.0
2019,265.0,ferreyo01,25.0,sac,pg,71.0,3.0,1067.0,153.0,352.0,0.435,54.0,149.0,0.362,99.0,203.0,0.488,0.511,60.0,67.0,0.896,13.0,96.0,109.0,137.0,36.0,4.0,40.0,64.0,420.0,0.0
2019,266.0,blakean01,22.0,chi,sg,57.0,3.0,829.0,166.0,396.0,0.419,36.0,91.0,0.396,130.0,305.0,0.426,0.465,50.0,76.0,0.658,7.0,99.0,106.0,42.0,12.0,9.0,35.0,41.0,418.0,0.0
2019,267.0,bareajo01,34.0,dal,pg,38.0,0.0,752.0,161.0,385.0,0.418,38.0,128.0,0.297,123.0,257.0,0.479,0.468,55.0,78.0,0.705,13.0,82.0,95.0,211.0,22.0,1.0,72.0,50.0,415.0,0.0
2019,268.0,crabbal01,26.0,brk,sg,43.0,20.0,1133.0,137.0,373.0,0.367,98.0,259.0,0.378,39.0,114.0,0.342,0.499,41.0,56.0,0.732,16.0,132.0,148.0,46.0,23.0,13.0,46.0,102.0,413.0,0.0
2019,269.0,gilesha01,20.0,sac,pf,58.0,0.0,820.0,175.0,348.0,0.503,0.0,6.0,0.0,175.0,342.0,0.512,0.503,58.0,91.0,0.637,66.0,156.0,222.0,85.0,31.0,22.0,73.0,150.0,408.0,0.0
2019,270.0,hernaju01,23.0,den,pf,70.0,25.0,1358.0,138.0,314.0,0.439,66.0,181.0,0.365,72.0,133.0,0.541,0.545,66.0,86.0,0.767,64.0,201.0,265.0,55.0,27.0,24.0,37.0,94.0,408.0,0.0
2019,271.0,kaminfr01,25.0,cho,c,47.0,0.0,755.0,138.0,298.0,0.463,50.0,139.0,0.36,88.0,159.0,0.553,0.547,79.0,107.0,0.738,39.0,124.0,163.0,63.0,12.0,12.0,41.0,68.0,405.0,0.0
2019,272.0,clarkia01,27.0,nop,sg,60.0,6.0,973.0,151.0,383.0,0.394,66.0,202.0,0.327,85.0,181.0,0.47,0.48,33.0,37.0,0.892,13.0,76.0,89.0,94.0,22.0,8.0,58.0,95.0,401.0,0.0
2019,273.0,stausni01,25.0,tot,sg,68.0,0.0,1015.0,136.0,338.0,0.402,70.0,188.0,0.372,66.0,150.0,0.44,0.506,57.0,64.0,0.891,18.0,109.0,127.0,81.0,21.0,7.0,51.0,50.0,399.0,0.0
2019,274.0,iguodan01,35.0,gsw,sf,68.0,13.0,1578.0,151.0,302.0,0.5,48.0,144.0,0.333,103.0,158.0,0.652,0.579,39.0,67.0,0.582,48.0,204.0,252.0,216.0,61.0,51.0,52.0,95.0,389.0,0.0
2019,275.0,ennisja01,28.0,tot,sf,58.0,27.0,1230.0,138.0,294.0,0.469,55.0,156.0,0.353,83.0,138.0,0.601,0.563,58.0,81.0,0.716,60.0,122.0,182.0,41.0,41.0,23.0,34.0,150.0,389.0,0.0
2019,276.0,diallch01,22.0,nop,pf,64.0,1.0,896.0,168.0,271.0,0.62,1.0,4.0,0.25,167.0,267.0,0.625,0.622,50.0,67.0,0.746,75.0,257.0,332.0,33.0,29.0,33.0,49.0,113.0,387.0,0.0
2019,277.0,farieke01,29.0,tot,c,37.0,13.0,728.0,156.0,265.0,0.589,8.0,25.0,0.32,148.0,240.0,0.617,0.604,64.0,99.0,0.646,97.0,153.0,250.0,20.0,17.0,23.0,33.0,82.0,384.0,0.0
2019,278.0,noelne01,24.0,okc,c,77.0,2.0,1055.0,162.0,276.0,0.587,0.0,0.0,,162.0,276.0,0.587,0.587,54.0,79.0,0.684,127.0,198.0,325.0,45.0,66.0,96.0,48.0,166.0,378.0,0.0
2019,279.0,loveke01,30.0,cle,pf,22.0,21.0,598.0,109.0,283.0,0.385,53.0,147.0,0.361,56.0,136.0,0.412,0.479,103.0,114.0,0.904,33.0,206.0,239.0,48.0,6.0,5.0,42.0,54.0,374.0,0.0
2019,280.0,theisda01,26.0,bos,c,66.0,2.0,908.0,146.0,266.0,0.549,26.0,67.0,0.388,120.0,199.0,0.603,0.598,56.0,76.0,0.737,87.0,138.0,225.0,68.0,21.0,42.0,33.0,161.0,374.0,0.0
2019,281.0,nowitdi01,40.0,dal,pf,51.0,20.0,795.0,135.0,376.0,0.359,64.0,205.0,0.312,71.0,171.0,0.415,0.444,39.0,50.0,0.78,5.0,153.0,158.0,35.0,9.0,18.0,18.0,76.0,373.0,0.0
2019,282.0,brownst02,23.0,mil,sg,58.0,7.0,1034.0,145.0,312.0,0.465,53.0,147.0,0.361,92.0,165.0,0.558,0.55,29.0,42.0,0.69,29.0,155.0,184.0,84.0,25.0,8.0,46.0,88.0,372.0,0.0
2019,283.0,houseda01,25.0,hou,sf,39.0,13.0,979.0,118.0,252.0,0.468,74.0,178.0,0.416,44.0,74.0,0.595,0.615,56.0,71.0,0.789,25.0,115.0,140.0,40.0,21.0,11.0,35.0,80.0,366.0,0.0
2019,284.0,simmojo02,29.0,tot,sf,56.0,9.0,1064.0,133.0,350.0,0.38,28.0,104.0,0.269,105.0,246.0,0.427,0.42,72.0,97.0,0.742,27.0,99.0,126.0,128.0,29.0,15.0,68.0,89.0,366.0,0.0
2019,285.0,leoname01,26.0,por,c,61.0,2.0,878.0,132.0,242.0,0.545,50.0,111.0,0.45,82.0,131.0,0.626,0.649,43.0,51.0,0.843,49.0,184.0,233.0,75.0,13.0,9.0,43.0,105.0,357.0,0.0
2019,286.0,anderky01,25.0,mem,sf,43.0,40.0,1281.0,150.0,276.0,0.543,9.0,34.0,0.265,141.0,242.0,0.583,0.56,37.0,64.0,0.578,48.0,203.0,251.0,128.0,54.0,37.0,58.0,112.0,346.0,1.0
2019,287.0,iwundwe01,24.0,orl,sf,68.0,13.0,1233.0,113.0,274.0,0.412,29.0,79.0,0.367,84.0,195.0,0.431,0.465,84.0,103.0,0.816,37.0,147.0,184.0,73.0,28.0,22.0,44.0,123.0,339.0,0.0
2019,288.0,milescj01,31.0,tot,sf,53.0,1.0,856.0,112.0,311.0,0.36,67.0,203.0,0.33,45.0,108.0,0.417,0.468,48.0,58.0,0.828,13.0,82.0,95.0,36.0,26.0,15.0,30.0,79.0,339.0,0.0
2019,289.0,mckinal01,26.0,gsw,sf,72.0,5.0,1003.0,134.0,275.0,0.487,42.0,118.0,0.356,92.0,157.0,0.586,0.564,27.0,48.0,0.563,81.0,166.0,247.0,31.0,18.0,15.0,30.0,134.0,337.0,0.0
2019,290.0,nwabada01,26.0,cle,sf,51.0,14.0,984.0,126.0,262.0,0.481,24.0,75.0,0.32,102.0,187.0,0.545,0.527,58.0,85.0,0.682,41.0,122.0,163.0,54.0,36.0,17.0,29.0,106.0,334.0,0.0
2019,291.0,tollian01,33.0,min,pf,65.0,0.0,1079.0,99.0,259.0,0.382,81.0,215.0,0.377,18.0,44.0,0.409,0.539,47.0,60.0,0.783,15.0,162.0,177.0,46.0,17.0,21.0,36.0,91.0,326.0,0.0
2019,292.0,makerth01,21.0,tot,pf,64.0,5.0,972.0,109.0,268.0,0.407,49.0,153.0,0.32,60.0,115.0,0.522,0.498,56.0,84.0,0.667,41.0,161.0,202.0,45.0,21.0,51.0,33.0,105.0,323.0,0.0
2019,293.0,kornelu01,23.0,nyk,c,46.0,18.0,784.0,107.0,283.0,0.378,70.0,193.0,0.363,37.0,90.0,0.411,0.502,38.0,46.0,0.826,28.0,107.0,135.0,54.0,27.0,42.0,25.0,41.0,322.0,0.0
2019,294.0,brownbr01,22.0,det,sg,74.0,56.0,1449.0,125.0,314.0,0.398,24.0,93.0,0.258,101.0,221.0,0.457,0.436,45.0,60.0,0.75,48.0,137.0,185.0,91.0,40.0,36.0,46.0,178.0,319.0,0.0
2019,295.0,danietr01,27.0,pho,sg,51.0,1.0,760.0,113.0,275.0,0.411,74.0,194.0,0.381,39.0,81.0,0.481,0.545,18.0,23.0,0.783,13.0,60.0,73.0,26.0,26.0,5.0,27.0,79.0,318.0,0.0
2019,296.0,bacondw01,23.0,cho,sg,43.0,13.0,759.0,122.0,257.0,0.475,38.0,87.0,0.437,84.0,170.0,0.494,0.549,34.0,46.0,0.739,8.0,81.0,89.0,47.0,12.0,5.0,18.0,72.0,316.0,0.0
2019,297.0,fraziti01,28.0,tot,pg,59.0,19.0,1120.0,116.0,261.0,0.444,37.0,101.0,0.366,79.0,160.0,0.494,0.515,41.0,54.0,0.759,41.0,127.0,168.0,248.0,30.0,5.0,76.0,112.0,310.0,0.0
2019,298.0,chandwi01,31.0,tot,sf,51.0,33.0,1177.0,114.0,273.0,0.418,59.0,158.0,0.373,55.0,115.0,0.478,0.526,18.0,25.0,0.72,48.0,167.0,215.0,82.0,25.0,21.0,46.0,123.0,305.0,0.0
2019,299.0,okoboel01,21.0,pho,pg,53.0,16.0,958.0,114.0,290.0,0.393,39.0,132.0,0.295,75.0,158.0,0.475,0.46,37.0,47.0,0.787,12.0,86.0,98.0,127.0,32.0,7.0,69.0,109.0,304.0,0.0
2019,300.0,noahjo01,33.0,mem,c,42.0,1.0,693.0,110.0,213.0,0.516,0.0,1.0,0.0,110.0,212.0,0.519,0.516,78.0,109.0,0.716,58.0,180.0,238.0,89.0,20.0,31.0,50.0,96.0,298.0,0.0
2019,301.0,dorsety01,22.0,tot,sg,48.0,11.0,698.0,107.0,264.0,0.405,44.0,132.0,0.333,63.0,132.0,0.477,0.489,38.0,61.0,0.623,27.0,86.0,113.0,56.0,14.0,2.0,27.0,53.0,296.0,0.0
2019,302.0,holidaa01,22.0,ind,pg,50.0,0.0,646.0,105.0,262.0,0.401,43.0,127.0,0.339,62.0,135.0,0.459,0.483,41.0,50.0,0.82,5.0,62.0,67.0,87.0,21.0,13.0,40.0,71.0,294.0,0.0
2019,303.0,bambamo01,20.0,orl,c,47.0,1.0,766.0,117.0,243.0,0.481,21.0,70.0,0.3,96.0,173.0,0.555,0.525,37.0,63.0,0.587,64.0,169.0,233.0,39.0,13.0,64.0,43.0,102.0,292.0,0.0
2019,304.0,exumda01,23.0,uta,pg,42.0,1.0,664.0,101.0,241.0,0.419,18.0,62.0,0.29,83.0,179.0,0.464,0.456,68.0,86.0,0.791,16.0,52.0,68.0,110.0,14.0,5.0,52.0,69.0,288.0,0.0
2019,305.0,dudleja01,33.0,brk,pf,59.0,25.0,1220.0,101.0,239.0,0.423,53.0,151.0,0.351,48.0,88.0,0.545,0.533,32.0,46.0,0.696,34.0,121.0,155.0,83.0,36.0,16.0,43.0,131.0,287.0,0.0
2019,306.0,dekkesa01,24.0,tot,pf,47.0,5.0,788.0,120.0,256.0,0.469,19.0,62.0,0.306,101.0,194.0,0.521,0.506,28.0,46.0,0.609,53.0,95.0,148.0,46.0,38.0,7.0,24.0,47.0,287.0,0.0
2019,307.0,baynear01,32.0,bos,c,51.0,18.0,821.0,105.0,223.0,0.471,21.0,61.0,0.344,84.0,162.0,0.519,0.518,53.0,62.0,0.855,88.0,152.0,240.0,57.0,12.0,34.0,40.0,125.0,284.0,0.0
2019,308.0,rabbiv01,21.0,mem,pf,49.0,13.0,721.0,116.0,212.0,0.547,3.0,15.0,0.2,113.0,197.0,0.574,0.554,49.0,69.0,0.71,70.0,136.0,206.0,54.0,17.0,14.0,35.0,90.0,284.0,0.0
2019,309.0,cabocbr01,23.0,mem,pf,34.0,19.0,800.0,96.0,225.0,0.427,48.0,130.0,0.369,48.0,95.0,0.505,0.533,42.0,50.0,0.84,42.0,116.0,158.0,50.0,14.0,33.0,38.0,81.0,282.0,0.0
2019,310.0,dellama01,28.0,tot,pg,48.0,0.0,812.0,98.0,242.0,0.405,44.0,130.0,0.338,54.0,112.0,0.482,0.496,42.0,52.0,0.808,6.0,71.0,77.0,181.0,14.0,2.0,68.0,75.0,282.0,0.0
2019,311.0,wilsodj01,22.0,mil,pf,48.0,3.0,882.0,104.0,251.0,0.414,46.0,127.0,0.362,58.0,124.0,0.468,0.506,26.0,47.0,0.553,45.0,177.0,222.0,52.0,18.0,20.0,32.0,85.0,280.0,0.0
2019,312.0,korkmfu01,21.0,phi,sg,48.0,7.0,679.0,98.0,245.0,0.4,47.0,144.0,0.326,51.0,101.0,0.505,0.496,36.0,44.0,0.818,16.0,91.0,107.0,52.0,29.0,2.0,25.0,62.0,279.0,0.0
2019,313.0,willike04,24.0,nop,sf,46.0,29.0,1079.0,107.0,279.0,0.384,52.0,156.0,0.333,55.0,123.0,0.447,0.477,13.0,19.0,0.684,55.0,164.0,219.0,83.0,45.0,19.0,36.0,95.0,279.0,0.0
2019,314.0,spellom01,21.0,atl,pf,46.0,11.0,805.0,98.0,244.0,0.402,44.0,128.0,0.344,54.0,116.0,0.466,0.492,32.0,45.0,0.711,72.0,122.0,194.0,47.0,26.0,25.0,31.0,67.0,272.0,0.0
2019,315.0,randlch01,25.0,was,pg,49.0,2.0,743.0,91.0,217.0,0.419,46.0,115.0,0.4,45.0,102.0,0.441,0.525,43.0,62.0,0.694,10.0,46.0,56.0,97.0,25.0,3.0,43.0,91.0,271.0,0.0
2019,316.0,pachuza01,34.0,det,c,68.0,3.0,878.0,85.0,193.0,0.44,0.0,4.0,0.0,85.0,189.0,0.45,0.44,97.0,124.0,0.782,99.0,166.0,265.0,91.0,31.0,17.0,57.0,151.0,267.0,0.0
2019,317.0,knighbr03,27.0,tot,pg,39.0,26.0,736.0,99.0,260.0,0.381,41.0,129.0,0.318,58.0,131.0,0.443,0.46,27.0,34.0,0.794,10.0,49.0,59.0,71.0,21.0,2.0,30.0,62.0,266.0,0.0
2019,318.0,livinsh01,33.0,gsw,pg,64.0,0.0,967.0,109.0,210.0,0.519,0.0,2.0,0.0,109.0,208.0,0.524,0.519,40.0,51.0,0.784,42.0,75.0,117.0,114.0,31.0,27.0,38.0,74.0,258.0,0.0
2019,319.0,grantje02,26.0,orl,pg,60.0,1.0,939.0,92.0,220.0,0.418,40.0,110.0,0.364,52.0,110.0,0.473,0.509,26.0,40.0,0.65,19.0,79.0,98.0,156.0,44.0,6.0,51.0,78.0,250.0,0.0
2019,320.0,meltode01,20.0,pho,pg,50.0,31.0,984.0,100.0,256.0,0.391,29.0,95.0,0.305,71.0,161.0,0.441,0.447,21.0,28.0,0.75,25.0,109.0,134.0,159.0,68.0,23.0,75.0,113.0,250.0,0.0
2019,321.0,payneca01,24.0,tot,pg,40.0,13.0,712.0,96.0,223.0,0.43,25.0,84.0,0.298,71.0,139.0,0.511,0.487,33.0,41.0,0.805,13.0,59.0,72.0,106.0,28.0,9.0,45.0,64.0,250.0,0.0
2019,322.0,browntr01,19.0,was,sf,52.0,10.0,730.0,97.0,234.0,0.415,22.0,69.0,0.319,75.0,165.0,0.455,0.462,32.0,47.0,0.681,35.0,110.0,145.0,80.0,21.0,5.0,30.0,56.0,248.0,0.0
2019,323.0,ntilila01,20.0,nyk,pg,43.0,16.0,904.0,95.0,282.0,0.337,33.0,115.0,0.287,62.0,167.0,0.371,0.395,23.0,30.0,0.767,12.0,75.0,87.0,121.0,30.0,14.0,56.0,104.0,246.0,0.0
2019,324.0,naderab01,25.0,okc,sf,61.0,1.0,694.0,91.0,215.0,0.423,32.0,100.0,0.32,59.0,115.0,0.513,0.498,27.0,36.0,0.75,14.0,102.0,116.0,20.0,20.0,12.0,26.0,68.0,241.0,0.0
2019,325.0,birchkh01,26.0,orl,c,50.0,1.0,643.0,91.0,151.0,0.603,0.0,1.0,0.0,91.0,150.0,0.607,0.603,58.0,83.0,0.699,79.0,111.0,190.0,38.0,18.0,29.0,20.0,72.0,240.0,0.0
2019,326.0,feliccr01,26.0,chi,c,60.0,0.0,746.0,95.0,179.0,0.531,0.0,4.0,0.0,95.0,175.0,0.543,0.531,50.0,73.0,0.685,79.0,139.0,218.0,37.0,11.0,7.0,33.0,69.0,240.0,0.0
2019,327.0,biyombi01,26.0,cho,c,54.0,32.0,783.0,89.0,156.0,0.571,0.0,0.0,,89.0,156.0,0.571,0.571,58.0,91.0,0.637,81.0,166.0,247.0,33.0,11.0,41.0,34.0,103.0,236.0,0.0
2019,328.0,niangge01,25.0,uta,pf,59.0,0.0,516.0,86.0,181.0,0.475,43.0,105.0,0.41,43.0,76.0,0.566,0.594,20.0,24.0,0.833,11.0,76.0,87.0,35.0,10.0,6.0,23.0,57.0,235.0,0.0
2019,329.0,gortama01,34.0,lac,c,47.0,43.0,751.0,99.0,186.0,0.532,0.0,0.0,,99.0,186.0,0.532,0.532,35.0,48.0,0.729,67.0,194.0,261.0,65.0,6.0,24.0,50.0,92.0,233.0,0.0
2019,330.0,luwawti01,23.0,tot,sf,50.0,7.0,669.0,82.0,218.0,0.376,36.0,116.0,0.31,46.0,102.0,0.451,0.459,31.0,41.0,0.756,11.0,86.0,97.0,26.0,19.0,8.0,21.0,73.0,231.0,0.0
2019,331.0,bendedr01,21.0,pho,pf,46.0,27.0,826.0,88.0,197.0,0.447,22.0,101.0,0.218,66.0,96.0,0.688,0.503,32.0,54.0,0.593,34.0,149.0,183.0,56.0,18.0,22.0,37.0,90.0,230.0,0.0
2019,332.0,monrogr01,28.0,tot,c,43.0,2.0,480.0,92.0,189.0,0.487,1.0,5.0,0.2,91.0,184.0,0.495,0.489,45.0,72.0,0.625,67.0,105.0,172.0,24.0,14.0,8.0,32.0,66.0,230.0,0.0
2019,333.0,carusal01,24.0,lal,pg,25.0,4.0,531.0,77.0,173.0,0.445,24.0,50.0,0.48,53.0,123.0,0.431,0.514,51.0,64.0,0.797,20.0,47.0,67.0,77.0,24.0,9.0,42.0,54.0,229.0,0.0
2019,334.0,hutchch01,22.0,chi,sf,44.0,14.0,895.0,96.0,209.0,0.459,14.0,50.0,0.28,82.0,159.0,0.516,0.493,23.0,38.0,0.605,31.0,154.0,185.0,34.0,23.0,6.0,25.0,59.0,229.0,0.0
2019,335.0,pattepa01,29.0,okc,pf,63.0,5.0,861.0,82.0,219.0,0.374,46.0,137.0,0.336,36.0,82.0,0.439,0.479,19.0,30.0,0.633,42.0,105.0,147.0,31.0,16.0,13.0,22.0,46.0,229.0,0.0
2019,336.0,casspom01,30.0,mem,sf,36.0,0.0,520.0,86.0,161.0,0.534,15.0,43.0,0.349,71.0,118.0,0.602,0.581,39.0,58.0,0.672,17.0,98.0,115.0,26.0,20.0,9.0,23.0,35.0,226.0,0.0
2019,337.0,leaftj01,21.0,ind,pf,58.0,1.0,522.0,99.0,183.0,0.541,8.0,31.0,0.258,91.0,152.0,0.599,0.563,19.0,31.0,0.613,43.0,82.0,125.0,24.0,9.0,19.0,12.0,35.0,225.0,0.0
2019,338.0,belljo01,24.0,gsw,c,68.0,3.0,788.0,99.0,192.0,0.516,0.0,2.0,0.0,99.0,190.0,0.521,0.516,25.0,41.0,0.61,55.0,129.0,184.0,76.0,20.0,51.0,42.0,80.0,223.0,0.0
2019,339.0,wallaty01,24.0,lac,pg,62.0,0.0,628.0,92.0,217.0,0.424,4.0,19.0,0.211,88.0,198.0,0.444,0.433,30.0,57.0,0.526,20.0,81.0,101.0,42.0,21.0,7.0,36.0,83.0,218.0,0.0
2019,340.0,grahade01,23.0,cho,pg,46.0,3.0,676.0,74.0,216.0,0.343,34.0,121.0,0.281,40.0,95.0,0.421,0.421,35.0,46.0,0.761,10.0,53.0,63.0,121.0,23.0,2.0,30.0,48.0,217.0,0.0
2019,341.0,allengr01,23.0,uta,sg,38.0,2.0,416.0,67.0,178.0,0.376,32.0,99.0,0.323,35.0,79.0,0.443,0.466,45.0,60.0,0.75,3.0,20.0,23.0,25.0,6.0,6.0,33.0,47.0,211.0,0.0
2019,342.0,bayleje01,30.0,min,pg,34.0,6.0,657.0,82.0,230.0,0.357,29.0,98.0,0.296,53.0,132.0,0.402,0.42,16.0,28.0,0.571,11.0,51.0,62.0,119.0,18.0,2.0,32.0,56.0,209.0,0.0
2019,343.0,boldejo01,23.0,phi,pf,44.0,10.0,639.0,80.0,162.0,0.494,34.0,96.0,0.354,46.0,66.0,0.697,0.599,13.0,27.0,0.481,47.0,118.0,165.0,40.0,17.0,39.0,36.0,99.0,207.0,0.0
2019,344.0,wagnemo01,21.0,lal,c,43.0,5.0,446.0,71.0,171.0,0.415,22.0,77.0,0.286,49.0,94.0,0.521,0.48,43.0,53.0,0.811,17.0,68.0,85.0,24.0,11.0,13.0,39.0,57.0,207.0,0.0
2019,345.0,thomala01,30.0,nyk,pf,46.0,17.0,783.0,78.0,197.0,0.396,22.0,79.0,0.278,56.0,118.0,0.475,0.452,27.0,36.0,0.75,21.0,96.0,117.0,27.0,17.0,7.0,24.0,83.0,205.0,0.0
2019,346.0,johnsam01,31.0,phi,c,51.0,6.0,529.0,79.0,157.0,0.503,12.0,40.0,0.3,67.0,117.0,0.573,0.541,31.0,41.0,0.756,47.0,100.0,147.0,60.0,16.0,13.0,45.0,99.0,201.0,0.0
2019,347.0,robingl02,25.0,det,sf,47.0,18.0,610.0,74.0,176.0,0.42,18.0,62.0,0.29,56.0,114.0,0.491,0.472,32.0,40.0,0.8,17.0,54.0,71.0,21.0,14.0,8.0,18.0,45.0,198.0,0.0
2019,348.0,netora01,26.0,uta,pg,37.0,1.0,474.0,74.0,161.0,0.46,20.0,60.0,0.333,54.0,101.0,0.535,0.522,28.0,33.0,0.848,6.0,56.0,62.0,93.0,14.0,4.0,35.0,49.0,196.0,0.0
2019,349.0,masonfr01,24.0,sac,pg,38.0,0.0,435.0,71.0,169.0,0.42,14.0,64.0,0.219,57.0,105.0,0.543,0.462,39.0,57.0,0.684,6.0,37.0,43.0,84.0,16.0,4.0,36.0,34.0,195.0,0.0
2019,350.0,cunnida01,31.0,sas,pf,64.0,21.0,928.0,75.0,158.0,0.475,30.0,65.0,0.462,45.0,93.0,0.484,0.57,14.0,18.0,0.778,48.0,140.0,188.0,50.0,27.0,13.0,22.0,71.0,194.0,0.0
2019,351.0,hillso01,27.0,nop,sf,44.0,15.0,878.0,68.0,178.0,0.382,32.0,101.0,0.317,36.0,77.0,0.468,0.472,23.0,32.0,0.719,34.0,99.0,133.0,55.0,23.0,10.0,31.0,80.0,191.0,0.0
2019,352.0,brookma01,30.0,mem,sg,29.0,0.0,387.0,76.0,169.0,0.45,15.0,54.0,0.278,61.0,115.0,0.53,0.494,23.0,33.0,0.697,12.0,33.0,45.0,25.0,9.0,4.0,21.0,33.0,190.0,0.0
2019,353.0,diallha01,20.0,okc,sg,51.0,3.0,526.0,75.0,165.0,0.455,4.0,24.0,0.167,71.0,141.0,0.504,0.467,36.0,59.0,0.61,38.0,59.0,97.0,17.0,21.0,10.0,23.0,77.0,190.0,0.0
2019,354.0,sefolth01,34.0,uta,sf,50.0,2.0,609.0,71.0,149.0,0.477,34.0,78.0,0.436,37.0,71.0,0.521,0.591,14.0,22.0,0.636,8.0,115.0,123.0,27.0,43.0,5.0,25.0,41.0,190.0,0.0
2019,355.0,allenka01,26.0,nyk,pg,19.0,1.0,416.0,65.0,141.0,0.461,17.0,36.0,0.472,48.0,105.0,0.457,0.521,42.0,54.0,0.778,8.0,43.0,51.0,76.0,16.0,4.0,26.0,46.0,189.0,0.0
2019,356.0,parsoch01,30.0,mem,sf,25.0,3.0,496.0,68.0,182.0,0.374,29.0,94.0,0.309,39.0,88.0,0.443,0.453,22.0,25.0,0.88,4.0,66.0,70.0,43.0,19.0,5.0,32.0,45.0,187.0,0.0
2019,357.0,ojelese01,24.0,bos,pf,56.0,3.0,594.0,67.0,158.0,0.424,28.0,89.0,0.315,39.0,69.0,0.565,0.513,24.0,39.0,0.615,24.0,62.0,86.0,23.0,10.0,4.0,19.0,43.0,186.0,0.0
2019,358.0,grahatr01,25.0,brk,sg,35.0,21.0,715.0,64.0,191.0,0.335,38.0,128.0,0.297,26.0,63.0,0.413,0.435,18.0,22.0,0.818,23.0,84.0,107.0,34.0,13.0,7.0,17.0,68.0,184.0,0.0
2019,359.0,chrisma01,21.0,tot,pf,43.0,2.0,499.0,67.0,180.0,0.372,16.0,72.0,0.222,51.0,108.0,0.472,0.417,32.0,45.0,0.711,40.0,102.0,142.0,22.0,17.0,11.0,36.0,81.0,182.0,0.0
2019,360.0,beaslmi01,30.0,lal,pf,26.0,2.0,277.0,75.0,153.0,0.49,3.0,17.0,0.176,72.0,136.0,0.529,0.5,28.0,39.0,0.718,13.0,47.0,60.0,25.0,9.0,10.0,27.0,42.0,181.0,0.0
2019,361.0,canaais01,27.0,tot,pg,30.0,16.0,629.0,64.0,164.0,0.39,34.0,96.0,0.354,30.0,68.0,0.441,0.494,19.0,24.0,0.792,6.0,52.0,58.0,84.0,14.0,2.0,35.0,52.0,181.0,0.0
2019,362.0,anderju01,25.0,atl,sf,48.0,4.0,463.0,64.0,157.0,0.408,24.0,77.0,0.312,40.0,80.0,0.5,0.484,26.0,35.0,0.743,24.0,60.0,84.0,23.0,22.0,13.0,23.0,48.0,178.0,0.0
2019,363.0,chandty01,36.0,tot,c,55.0,6.0,875.0,61.0,99.0,0.616,0.0,1.0,0.0,61.0,98.0,0.622,0.616,51.0,87.0,0.586,92.0,215.0,307.0,37.0,21.0,23.0,42.0,110.0,173.0,0.0
2019,364.0,carteje01,23.0,mem,pg,39.0,3.0,577.0,56.0,185.0,0.303,34.0,102.0,0.333,22.0,83.0,0.265,0.395,26.0,32.0,0.813,14.0,52.0,66.0,69.0,26.0,11.0,33.0,55.0,172.0,0.0
2019,365.0,woodch01,23.0,tot,pf,21.0,2.0,251.0,61.0,117.0,0.521,9.0,26.0,0.346,52.0,91.0,0.571,0.56,41.0,56.0,0.732,17.0,66.0,83.0,8.0,7.0,10.0,17.0,17.0,172.0,0.0
2019,366.0,broekry01,28.0,dal,sg,42.0,0.0,453.0,57.0,126.0,0.452,38.0,93.0,0.409,19.0,33.0,0.576,0.603,15.0,19.0,0.789,8.0,55.0,63.0,22.0,6.0,4.0,16.0,35.0,167.0,0.0
2019,367.0,abrinal01,25.0,okc,sg,31.0,2.0,588.0,56.0,157.0,0.357,41.0,127.0,0.323,15.0,30.0,0.5,0.487,12.0,13.0,0.923,5.0,43.0,48.0,20.0,17.0,6.0,14.0,53.0,165.0,0.0
2019,368.0,mcraejo01,27.0,was,sg,27.0,0.0,333.0,61.0,130.0,0.469,10.0,35.0,0.286,51.0,95.0,0.537,0.508,28.0,35.0,0.8,6.0,34.0,40.0,30.0,13.0,7.0,15.0,26.0,160.0,0.0
2019,369.0,leeda03,26.0,gsw,sg,32.0,0.0,375.0,56.0,127.0,0.441,27.0,68.0,0.397,29.0,59.0,0.492,0.547,19.0,22.0,0.864,8.0,56.0,64.0,13.0,13.0,0.0,11.0,28.0,158.0,0.0
2019,370.0,denglu01,33.0,min,sf,22.0,2.0,392.0,59.0,118.0,0.5,14.0,44.0,0.318,45.0,74.0,0.608,0.559,25.0,35.0,0.714,20.0,53.0,73.0,18.0,15.0,8.0,14.0,24.0,157.0,0.0
2019,371.0,willijo04,23.0,lal,c,24.0,0.0,372.0,65.0,110.0,0.591,0.0,2.0,0.0,65.0,108.0,0.602,0.591,27.0,48.0,0.563,48.0,51.0,99.0,13.0,8.0,7.0,16.0,62.0,157.0,0.0
2019,372.0,koufoko01,29.0,sac,c,42.0,1.0,502.0,73.0,153.0,0.477,0.0,0.0,,73.0,153.0,0.477,0.477,10.0,24.0,0.417,52.0,125.0,177.0,36.0,15.0,18.0,27.0,68.0,156.0,0.0
2019,373.0,leuerjo01,29.0,det,pf,41.0,1.0,402.0,66.0,113.0,0.584,1.0,11.0,0.091,65.0,102.0,0.637,0.588,23.0,31.0,0.742,27.0,70.0,97.0,14.0,12.0,4.0,23.0,60.0,156.0,0.0
2019,374.0,oquinky01,28.0,ind,c,45.0,3.0,371.0,69.0,136.0,0.507,1.0,12.0,0.083,68.0,124.0,0.548,0.511,17.0,21.0,0.81,29.0,90.0,119.0,56.0,9.0,25.0,31.0,68.0,156.0,0.0
2019,375.0,fultzma01,20.0,phi,sg,19.0,15.0,427.0,65.0,155.0,0.419,4.0,14.0,0.286,61.0,141.0,0.433,0.432,21.0,37.0,0.568,26.0,44.0,70.0,59.0,17.0,5.0,25.0,52.0,155.0,0.0
2019,376.0,bateske01,23.0,min,sf,30.0,3.0,503.0,60.0,142.0,0.423,13.0,52.0,0.25,47.0,90.0,0.522,0.468,18.0,28.0,0.643,16.0,67.0,83.0,17.0,18.0,14.0,14.0,29.0,151.0,0.0
2019,377.0,hilarne01,36.0,hou,c,42.0,2.0,546.0,60.0,116.0,0.517,0.0,3.0,0.0,60.0,113.0,0.531,0.517,31.0,47.0,0.66,34.0,89.0,123.0,26.0,18.0,15.0,11.0,87.0,151.0,0.0
2019,378.0,breweco01,32.0,tot,sf,31.0,3.0,492.0,53.0,123.0,0.431,14.0,44.0,0.318,39.0,79.0,0.494,0.488,31.0,43.0,0.721,26.0,50.0,76.0,39.0,32.0,7.0,19.0,63.0,151.0,0.0
2019,379.0,clarkga01,24.0,hou,pf,51.0,2.0,641.0,50.0,151.0,0.331,41.0,138.0,0.297,9.0,13.0,0.692,0.467,7.0,7.0,1.0,24.0,92.0,116.0,18.0,20.0,26.0,7.0,47.0,148.0,0.0
2019,380.0,feltora01,34.0,okc,pg,33.0,0.0,379.0,55.0,135.0,0.407,20.0,61.0,0.328,35.0,74.0,0.473,0.481,12.0,13.0,0.923,4.0,30.0,34.0,52.0,10.0,6.0,14.0,29.0,142.0,0.0
2019,381.0,mejrisa01,32.0,dal,c,36.0,4.0,399.0,55.0,112.0,0.491,11.0,34.0,0.324,44.0,78.0,0.564,0.54,20.0,32.0,0.625,36.0,95.0,131.0,35.0,10.0,26.0,21.0,55.0,141.0,0.0
2019,382.0,wanambr01,29.0,bos,pg,36.0,0.0,343.0,50.0,105.0,0.476,16.0,39.0,0.41,34.0,66.0,0.515,0.552,24.0,28.0,0.857,3.0,38.0,41.0,56.0,12.0,2.0,19.0,34.0,140.0,0.0
2019,383.0,mahinia01,32.0,was,c,34.0,6.0,498.0,47.0,104.0,0.452,3.0,16.0,0.188,44.0,88.0,0.5,0.466,42.0,61.0,0.689,48.0,80.0,128.0,25.0,25.0,16.0,21.0,84.0,139.0,0.0
2019,384.0,briscis01,22.0,orl,pg,39.0,0.0,559.0,55.0,138.0,0.399,11.0,34.0,0.324,44.0,104.0,0.423,0.438,15.0,26.0,0.577,5.0,69.0,74.0,87.0,11.0,2.0,31.0,66.0,136.0,0.0
2019,385.0,leeco01,33.0,tot,sg,34.0,6.0,428.0,53.0,129.0,0.411,16.0,55.0,0.291,37.0,74.0,0.5,0.473,14.0,21.0,0.667,9.0,45.0,54.0,37.0,21.0,3.0,14.0,32.0,136.0,0.0
2019,386.0,brookdi01,23.0,mem,sf,18.0,0.0,330.0,49.0,122.0,0.402,15.0,40.0,0.375,34.0,82.0,0.415,0.463,22.0,30.0,0.733,9.0,22.0,31.0,16.0,10.0,4.0,19.0,50.0,135.0,0.0
2019,387.0,anthoca01,34.0,hou,pf,10.0,2.0,294.0,49.0,121.0,0.405,21.0,64.0,0.328,28.0,57.0,0.491,0.492,15.0,22.0,0.682,9.0,45.0,54.0,5.0,4.0,7.0,8.0,32.0,134.0,0.0
2019,388.0,cartemi01,27.0,tot,pg,28.0,1.0,372.0,46.0,123.0,0.374,10.0,38.0,0.263,36.0,85.0,0.424,0.415,32.0,53.0,0.604,19.0,51.0,70.0,70.0,20.0,15.0,20.0,48.0,134.0,0.0
2019,389.0,mykhasv01,21.0,tot,sf,42.0,0.0,440.0,46.0,140.0,0.329,29.0,89.0,0.326,17.0,51.0,0.333,0.432,12.0,20.0,0.6,9.0,27.0,36.0,37.0,14.0,1.0,21.0,25.0,133.0,0.0
2019,390.0,divindo01,22.0,mil,sg,27.0,0.0,411.0,50.0,124.0,0.403,22.0,83.0,0.265,28.0,41.0,0.683,0.492,9.0,12.0,0.75,16.0,49.0,65.0,31.0,13.0,6.0,19.0,38.0,131.0,0.0
2019,391.0,jonesda03,23.0,gsw,c,24.0,22.0,410.0,53.0,74.0,0.716,0.0,0.0,,53.0,74.0,0.716,0.716,24.0,37.0,0.649,31.0,44.0,75.0,28.0,12.0,25.0,16.0,63.0,130.0,0.0
2019,392.0,fryech01,35.0,cle,c,36.0,6.0,341.0,43.0,117.0,0.368,32.0,79.0,0.405,11.0,38.0,0.289,0.504,11.0,14.0,0.786,4.0,48.0,52.0,20.0,6.0,5.0,13.0,44.0,129.0,0.0
2019,393.0,johnswe01,31.0,tot,sf,38.0,13.0,534.0,45.0,128.0,0.352,25.0,76.0,0.329,20.0,52.0,0.385,0.449,13.0,19.0,0.684,12.0,60.0,72.0,23.0,14.0,12.0,18.0,63.0,128.0,0.0
2019,394.0,jenkijo01,27.0,tot,sg,26.0,0.0,333.0,42.0,105.0,0.4,22.0,58.0,0.379,20.0,47.0,0.426,0.505,15.0,18.0,0.833,6.0,31.0,37.0,22.0,0.0,2.0,9.0,10.0,121.0,0.0
2019,395.0,udohek01,31.0,uta,c,51.0,1.0,320.0,50.0,72.0,0.694,0.0,0.0,,50.0,72.0,0.694,0.694,19.0,30.0,0.633,27.0,63.0,90.0,28.0,10.0,31.0,13.0,36.0,119.0,0.0
2019,396.0,gasolpa01,38.0,tot,c,30.0,6.0,360.0,42.0,94.0,0.447,6.0,13.0,0.462,36.0,81.0,0.444,0.479,28.0,40.0,0.7,22.0,115.0,137.0,52.0,5.0,15.0,16.0,29.0,118.0,0.0
2019,397.0,howardw01,33.0,was,c,9.0,9.0,230.0,43.0,69.0,0.623,0.0,0.0,,43.0,69.0,0.623,0.623,29.0,48.0,0.604,24.0,59.0,83.0,4.0,7.0,4.0,16.0,34.0,115.0,0.0
2019,398.0,martija01,24.0,orl,pf,42.0,1.0,328.0,43.0,104.0,0.413,20.0,57.0,0.351,23.0,47.0,0.489,0.51,9.0,11.0,0.818,11.0,62.0,73.0,18.0,3.0,8.0,11.0,51.0,115.0,0.0
2019,399.0,blossja01,25.0,cle,sf,27.0,4.0,439.0,47.0,106.0,0.443,10.0,39.0,0.256,37.0,67.0,0.552,0.491,10.0,13.0,0.769,26.0,72.0,98.0,13.0,7.0,8.0,11.0,20.0,114.0,0.0
2019,400.0,ellenhe01,22.0,tot,pf,19.0,0.0,259.0,39.0,95.0,0.411,17.0,38.0,0.447,22.0,57.0,0.386,0.5,19.0,25.0,0.76,5.0,61.0,66.0,16.0,7.0,2.0,9.0,27.0,114.0,0.0
2019,401.0,caldejo01,37.0,det,pg,49.0,0.0,632.0,45.0,120.0,0.375,14.0,57.0,0.246,31.0,63.0,0.492,0.433,9.0,11.0,0.818,11.0,49.0,60.0,115.0,16.0,3.0,35.0,64.0,113.0,0.0
2019,402.0,robinje01,21.0,lac,sg,33.0,0.0,320.0,44.0,110.0,0.4,18.0,57.0,0.316,26.0,53.0,0.491,0.482,6.0,9.0,0.667,3.0,38.0,41.0,19.0,11.0,3.0,13.0,46.0,112.0,0.0
2019,403.0,willitr02,24.0,sac,sf,21.0,0.0,312.0,44.0,98.0,0.449,14.0,44.0,0.318,30.0,54.0,0.556,0.52,9.0,15.0,0.6,12.0,47.0,59.0,11.0,10.0,8.0,9.0,37.0,111.0,0.0
2019,404.0,adamsja01,22.0,atl,pg,34.0,1.0,428.0,38.0,110.0,0.345,25.0,74.0,0.338,13.0,36.0,0.361,0.459,7.0,9.0,0.778,11.0,49.0,60.0,65.0,14.0,5.0,28.0,45.0,108.0,0.0
2019,405.0,poythal01,25.0,atl,pf,21.0,1.0,305.0,40.0,81.0,0.494,9.0,23.0,0.391,31.0,58.0,0.534,0.549,18.0,29.0,0.621,29.0,47.0,76.0,17.0,4.0,10.0,13.0,47.0,107.0,0.0
2019,406.0,motlejo01,23.0,lac,pf,22.0,0.0,156.0,39.0,73.0,0.534,0.0,3.0,0.0,39.0,70.0,0.557,0.534,24.0,40.0,0.6,18.0,33.0,51.0,11.0,5.0,3.0,16.0,27.0,102.0,0.0
2019,407.0,pondequ01,30.0,sas,sf,53.0,0.0,292.0,29.0,58.0,0.5,6.0,18.0,0.333,23.0,40.0,0.575,0.552,34.0,42.0,0.81,8.0,38.0,46.0,24.0,11.0,1.0,13.0,24.0,98.0,0.0
2019,408.0,thomais02,29.0,den,sg,12.0,0.0,181.0,34.0,99.0,0.343,12.0,43.0,0.279,22.0,56.0,0.393,0.404,17.0,27.0,0.63,5.0,8.0,13.0,23.0,5.0,1.0,18.0,17.0,97.0,0.0
2019,409.0,reynoca01,23.0,min,sg,19.0,0.0,259.0,33.0,78.0,0.423,21.0,51.0,0.412,12.0,27.0,0.444,0.558,8.0,9.0,0.889,4.0,27.0,31.0,13.0,6.0,2.0,5.0,26.0,95.0,0.0
2019,410.0,yabusgu01,23.0,bos,pf,41.0,1.0,251.0,35.0,77.0,0.455,9.0,28.0,0.321,26.0,49.0,0.531,0.513,15.0,22.0,0.682,23.0,30.0,53.0,15.0,8.0,7.0,15.0,32.0,94.0,0.0
2019,411.0,bouchch01,26.0,tor,pf,28.0,0.0,163.0,34.0,76.0,0.447,12.0,37.0,0.324,22.0,39.0,0.564,0.526,13.0,15.0,0.867,16.0,40.0,56.0,2.0,6.0,24.0,7.0,31.0,93.0,0.0
2019,412.0,miltosh01,22.0,phi,sg,20.0,0.0,268.0,34.0,87.0,0.391,14.0,44.0,0.318,20.0,43.0,0.465,0.471,5.0,7.0,0.714,9.0,26.0,35.0,18.0,8.0,8.0,6.0,29.0,87.0,0.0
2019,413.0,lemonwa01,26.0,chi,pg,6.0,3.0,167.0,38.0,87.0,0.437,2.0,5.0,0.4,36.0,82.0,0.439,0.448,8.0,11.0,0.727,4.0,23.0,27.0,30.0,11.0,1.0,10.0,14.0,86.0,0.0
2019,414.0,burtode02,25.0,okc,sg,32.0,0.0,240.0,33.0,82.0,0.402,8.0,27.0,0.296,25.0,55.0,0.455,0.451,8.0,12.0,0.667,4.0,24.0,28.0,9.0,6.0,8.0,9.0,31.0,82.0,0.0
2019,415.0,jonesja04,25.0,cle,sf,16.0,0.0,214.0,26.0,62.0,0.419,10.0,28.0,0.357,16.0,34.0,0.471,0.5,19.0,27.0,0.704,11.0,23.0,34.0,7.0,9.0,2.0,8.0,27.0,81.0,0.0
2019,416.0,pinsoth01,23.0,brk,sg,18.0,0.0,211.0,25.0,73.0,0.342,12.0,46.0,0.261,13.0,27.0,0.481,0.425,19.0,22.0,0.864,4.0,32.0,36.0,21.0,6.0,0.0,18.0,15.0,81.0,0.0
2019,417.0,williro04,21.0,bos,c,32.0,2.0,283.0,36.0,51.0,0.706,0.0,0.0,,36.0,51.0,0.706,0.706,9.0,15.0,0.6,27.0,54.0,81.0,7.0,9.0,40.0,10.0,36.0,81.0,0.0
2019,418.0,plumlmi01,30.0,atl,c,18.0,0.0,173.0,32.0,48.0,0.667,0.0,0.0,,32.0,48.0,0.667,0.667,16.0,30.0,0.533,16.0,23.0,39.0,17.0,6.0,4.0,10.0,14.0,80.0,0.0
2019,419.0,sampsja02,25.0,chi,sf,4.0,0.0,127.0,29.0,54.0,0.537,5.0,14.0,0.357,24.0,40.0,0.6,0.583,17.0,21.0,0.81,5.0,27.0,32.0,4.0,4.0,3.0,4.0,8.0,80.0,0.0
2019,420.0,hensojo01,28.0,mil,c,14.0,0.0,188.0,31.0,67.0,0.463,11.0,31.0,0.355,20.0,36.0,0.556,0.545,6.0,10.0,0.6,16.0,55.0,71.0,14.0,7.0,11.0,12.0,16.0,79.0,0.0
2019,421.0,mclembe01,25.0,sac,sg,19.0,0.0,158.0,25.0,64.0,0.391,17.0,41.0,0.415,8.0,23.0,0.348,0.523,8.0,12.0,0.667,3.0,14.0,17.0,4.0,6.0,3.0,5.0,22.0,75.0,0.0
2019,422.0,simonan01,19.0,por,sg,20.0,1.0,141.0,28.0,63.0,0.444,10.0,29.0,0.345,18.0,34.0,0.529,0.524,9.0,16.0,0.563,3.0,10.0,13.0,13.0,1.0,0.0,11.0,9.0,75.0,0.0
2019,423.0,smithjr01,33.0,cle,sg,11.0,4.0,222.0,27.0,79.0,0.342,12.0,39.0,0.308,15.0,40.0,0.375,0.418,8.0,10.0,0.8,0.0,18.0,18.0,21.0,11.0,3.0,11.0,19.0,74.0,0.0
2019,424.0,mccawpa01,23.0,tot,sg,29.0,1.0,397.0,26.0,63.0,0.413,9.0,28.0,0.321,17.0,35.0,0.486,0.484,13.0,15.0,0.867,7.0,41.0,48.0,29.0,23.0,2.0,17.0,38.0,74.0,0.0
2019,425.0,sampsbr01,21.0,chi,sg,14.0,2.0,214.0,28.0,60.0,0.467,11.0,29.0,0.379,17.0,31.0,0.548,0.558,4.0,6.0,0.667,3.0,13.0,16.0,10.0,8.0,3.0,12.0,19.0,71.0,0.0
2019,426.0,labissk01,22.0,tot,pf,22.0,1.0,176.0,26.0,49.0,0.531,6.0,13.0,0.462,20.0,36.0,0.556,0.592,9.0,17.0,0.529,9.0,34.0,43.0,11.0,5.0,6.0,11.0,29.0,67.0,0.0
2019,427.0,sumneed01,23.0,ind,pg,23.0,2.0,210.0,22.0,64.0,0.344,7.0,27.0,0.259,15.0,37.0,0.405,0.398,15.0,24.0,0.625,9.0,15.0,24.0,10.0,12.0,5.0,10.0,26.0,66.0,0.0
2019,428.0,smithja02,32.0,tot,c,20.0,1.0,190.0,21.0,59.0,0.356,9.0,26.0,0.346,12.0,33.0,0.364,0.432,14.0,16.0,0.875,16.0,36.0,52.0,14.0,3.0,7.0,13.0,30.0,65.0,0.0
2019,429.0,anderry01,30.0,tot,pf,25.0,8.0,322.0,21.0,69.0,0.304,9.0,40.0,0.225,12.0,29.0,0.414,0.37,12.0,16.0,0.75,18.0,36.0,54.0,19.0,4.0,1.0,14.0,25.0,63.0,0.0
2019,430.0,thornsi01,24.0,lac,sg,64.0,1.0,313.0,17.0,49.0,0.347,3.0,15.0,0.2,14.0,34.0,0.412,0.378,25.0,34.0,0.735,5.0,39.0,44.0,18.0,14.0,7.0,20.0,41.0,62.0,0.0
2019,431.0,thomakh01,22.0,det,sg,26.0,0.0,195.0,22.0,69.0,0.319,10.0,35.0,0.286,12.0,34.0,0.353,0.391,7.0,11.0,0.636,4.0,16.0,20.0,8.0,7.0,5.0,4.0,22.0,61.0,0.0
2019,432.0,hamilda02,23.0,atl,sg,19.0,3.0,204.0,23.0,60.0,0.383,8.0,23.0,0.348,15.0,37.0,0.405,0.45,3.0,6.0,0.5,10.0,37.0,47.0,22.0,6.0,1.0,16.0,19.0,57.0,0.0
2019,433.0,brownlo01,28.0,tor,pg,26.0,0.0,212.0,23.0,71.0,0.324,6.0,28.0,0.214,17.0,43.0,0.395,0.366,3.0,3.0,1.0,5.0,26.0,31.0,28.0,12.0,5.0,16.0,22.0,55.0,0.0
2019,434.0,spaldra01,21.0,tot,pf,14.0,3.0,148.0,25.0,47.0,0.532,0.0,3.0,0.0,25.0,44.0,0.568,0.532,4.0,12.0,0.333,15.0,33.0,48.0,5.0,9.0,8.0,9.0,23.0,54.0,0.0
2019,435.0,harrian01,24.0,tot,pg,17.0,0.0,187.0,16.0,53.0,0.302,5.0,25.0,0.2,11.0,28.0,0.393,0.349,17.0,18.0,0.944,6.0,14.0,20.0,24.0,4.0,2.0,12.0,34.0,54.0,0.0
2019,436.0,harteis01,20.0,hou,pf,28.0,0.0,221.0,20.0,41.0,0.488,2.0,6.0,0.333,18.0,35.0,0.514,0.512,11.0,14.0,0.786,21.0,26.0,47.0,15.0,7.0,12.0,13.0,56.0,53.0,0.0
2019,437.0,meeksjo01,31.0,tor,sg,8.0,0.0,104.0,21.0,39.0,0.538,8.0,18.0,0.444,13.0,21.0,0.619,0.641,1.0,1.0,1.0,1.0,11.0,12.0,8.0,1.0,1.0,2.0,5.0,51.0,0.0
2019,438.0,metuch01,21.0,sas,pf,29.0,0.0,145.0,19.0,58.0,0.328,0.0,2.0,0.0,19.0,56.0,0.339,0.328,13.0,17.0,0.765,9.0,27.0,36.0,13.0,6.0,2.0,15.0,14.0,51.0,0.0
2019,439.0,robindu01,24.0,mia,sf,15.0,1.0,161.0,18.0,46.0,0.391,10.0,35.0,0.286,8.0,11.0,0.727,0.5,4.0,6.0,0.667,2.0,17.0,19.0,5.0,5.0,0.0,4.0,11.0,50.0,0.0
2019,440.0,teodomi01,31.0,lac,pg,15.0,0.0,150.0,17.0,40.0,0.425,10.0,27.0,0.37,7.0,13.0,0.538,0.55,4.0,7.0,0.571,3.0,13.0,16.0,32.0,3.0,1.0,21.0,27.0,48.0,0.0
2019,441.0,robinde01,23.0,was,sf,7.0,0.0,95.0,19.0,32.0,0.594,0.0,2.0,0.0,19.0,30.0,0.633,0.594,9.0,14.0,0.643,6.0,14.0,20.0,6.0,4.0,6.0,2.0,11.0,47.0,0.0
2019,442.0,derrima01,22.0,gsw,pf,11.0,0.0,67.0,16.0,33.0,0.485,10.0,20.0,0.5,6.0,13.0,0.462,0.636,4.0,5.0,0.8,8.0,5.0,13.0,1.0,0.0,1.0,3.0,9.0,46.0,0.0
2019,443.0,zellety01,29.0,tot,c,6.0,1.0,93.0,16.0,30.0,0.533,0.0,1.0,0.0,16.0,29.0,0.552,0.533,14.0,18.0,0.778,11.0,13.0,24.0,4.0,1.0,3.0,4.0,20.0,46.0,0.0
2019,444.0,walkelo01,20.0,sas,sg,17.0,0.0,118.0,16.0,46.0,0.348,5.0,13.0,0.385,11.0,33.0,0.333,0.402,8.0,10.0,0.8,0.0,17.0,17.0,9.0,7.0,3.0,4.0,7.0,45.0,0.0
2019,445.0,swanica01,21.0,tot,pf,21.0,0.0,178.0,18.0,53.0,0.34,1.0,7.0,0.143,17.0,46.0,0.37,0.349,6.0,9.0,0.667,17.0,47.0,64.0,11.0,6.0,1.0,18.0,28.0,43.0,0.0
2019,446.0,eubandr01,21.0,sas,pf,23.0,0.0,113.0,15.0,26.0,0.577,0.0,0.0,,15.0,26.0,0.577,0.577,11.0,13.0,0.846,6.0,28.0,34.0,7.0,2.0,5.0,8.0,11.0,41.0,0.0
2019,447.0,evansja02,21.0,gsw,sg,30.0,1.0,204.0,18.0,53.0,0.34,4.0,15.0,0.267,14.0,38.0,0.368,0.377,0.0,1.0,0.0,6.0,19.0,25.0,23.0,5.0,3.0,11.0,28.0,40.0,0.0
2019,448.0,smithzh01,19.0,phi,sg,6.0,2.0,111.0,14.0,34.0,0.412,6.0,16.0,0.375,8.0,18.0,0.444,0.5,6.0,8.0,0.75,3.0,10.0,13.0,10.0,2.0,2.0,6.0,8.0,40.0,0.0
2019,449.0,trentga02,20.0,por,sg,15.0,1.0,111.0,16.0,50.0,0.32,5.0,21.0,0.238,11.0,29.0,0.379,0.37,3.0,7.0,0.429,1.0,10.0,11.0,5.0,1.0,2.0,4.0,4.0,40.0,0.0
2019,450.0,washbju01,27.0,mem,sf,18.0,3.0,254.0,16.0,48.0,0.333,5.0,24.0,0.208,11.0,24.0,0.458,0.385,3.0,4.0,0.75,8.0,33.0,41.0,14.0,13.0,2.0,7.0,16.0,40.0,0.0
2019,451.0,bogutan01,34.0,gsw,c,11.0,5.0,134.0,18.0,36.0,0.5,0.0,0.0,,18.0,36.0,0.5,0.5,3.0,3.0,1.0,12.0,43.0,55.0,11.0,3.0,8.0,8.0,22.0,39.0,0.0
2019,452.0,colsobo01,23.0,mil,sf,8.0,2.0,98.0,13.0,39.0,0.333,5.0,21.0,0.238,8.0,18.0,0.444,0.397,8.0,9.0,0.889,8.0,22.0,30.0,3.0,5.0,1.0,3.0,3.0,39.0,0.0
2019,453.0,watanyu01,24.0,mem,sf,15.0,0.0,174.0,15.0,51.0,0.294,2.0,16.0,0.125,13.0,35.0,0.371,0.314,7.0,10.0,0.7,4.0,27.0,31.0,8.0,4.0,1.0,6.0,11.0,39.0,0.0
2019,454.0,willicj01,28.0,min,sg,15.0,0.0,128.0,17.0,35.0,0.486,5.0,16.0,0.313,12.0,19.0,0.632,0.557,0.0,1.0,0.0,1.0,7.0,8.0,12.0,6.0,0.0,5.0,16.0,39.0,0.0
2019,455.0,alkinra01,21.0,chi,sg,10.0,1.0,120.0,13.0,39.0,0.333,3.0,12.0,0.25,10.0,27.0,0.37,0.372,8.0,12.0,0.667,11.0,15.0,26.0,13.0,1.0,0.0,8.0,7.0,37.0,0.0
2019,456.0,davisde01,22.0,atl,c,9.0,0.0,118.0,15.0,22.0,0.682,0.0,1.0,0.0,15.0,21.0,0.714,0.682,6.0,10.0,0.6,10.0,26.0,36.0,5.0,3.0,5.0,3.0,12.0,36.0,0.0
2019,457.0,nunnaja01,28.0,tot,sf,15.0,0.0,102.0,12.0,34.0,0.353,8.0,25.0,0.32,4.0,9.0,0.444,0.471,4.0,4.0,1.0,0.0,5.0,5.0,7.0,1.0,0.0,1.0,10.0,36.0,0.0
2019,458.0,millema01,25.0,tor,sf,10.0,0.0,67.0,11.0,26.0,0.423,10.0,21.0,0.476,1.0,5.0,0.2,0.615,3.0,4.0,0.75,1.0,4.0,5.0,1.0,1.0,1.0,1.0,5.0,35.0,0.0
2019,459.0,bertada02,29.0,nop,sg,12.0,0.0,167.0,12.0,47.0,0.255,10.0,34.0,0.294,2.0,13.0,0.154,0.362,0.0,0.0,,2.0,7.0,9.0,10.0,1.0,0.0,2.0,7.0,34.0,0.0
2019,460.0,adelde01,21.0,cle,sf,19.0,3.0,194.0,11.0,36.0,0.306,6.0,23.0,0.261,5.0,13.0,0.385,0.389,4.0,4.0,1.0,3.0,16.0,19.0,5.0,1.0,4.0,6.0,13.0,32.0,0.0
2019,461.0,terreja01,23.0,min,sg,14.0,0.0,111.0,12.0,39.0,0.308,4.0,17.0,0.235,8.0,22.0,0.364,0.359,3.0,6.0,0.5,1.0,5.0,6.0,12.0,3.0,2.0,10.0,16.0,31.0,0.0
2019,462.0,baldwwa01,22.0,por,pg,16.0,0.0,94.0,10.0,33.0,0.303,2.0,9.0,0.222,8.0,24.0,0.333,0.333,8.0,11.0,0.727,2.0,13.0,15.0,12.0,1.0,2.0,14.0,11.0,30.0,0.0
2019,463.0,richama01,23.0,tor,sg,22.0,0.0,103.0,9.0,29.0,0.31,8.0,25.0,0.32,1.0,4.0,0.25,0.448,4.0,5.0,0.8,2.0,11.0,13.0,0.0,1.0,0.0,8.0,13.0,30.0,0.0
2019,464.0,loydjo01,25.0,tor,pg,12.0,0.0,55.0,8.0,18.0,0.444,4.0,8.0,0.5,4.0,10.0,0.4,0.556,9.0,11.0,0.818,1.0,8.0,9.0,6.0,0.0,0.0,2.0,5.0,29.0,0.0
2019,465.0,maconda01,23.0,dal,sg,8.0,0.0,90.0,10.0,27.0,0.37,5.0,11.0,0.455,5.0,16.0,0.313,0.463,4.0,7.0,0.571,2.0,10.0,12.0,7.0,1.0,0.0,6.0,8.0,29.0,0.0
2019,466.0,jeffeam01,25.0,orl,pf,12.0,0.0,68.0,10.0,16.0,0.625,0.0,0.0,,10.0,16.0,0.625,0.625,7.0,8.0,0.875,6.0,15.0,21.0,3.0,3.0,3.0,1.0,8.0,27.0,0.0
2019,467.0,jonesje01,23.0,lal,sf,6.0,2.0,143.0,12.0,33.0,0.364,2.0,10.0,0.2,10.0,23.0,0.435,0.394,1.0,2.0,0.5,16.0,33.0,49.0,13.0,7.0,5.0,5.0,10.0,27.0,0.0
2019,468.0,garrebi01,24.0,nyk,sg,4.0,0.0,63.0,11.0,27.0,0.407,0.0,8.0,0.0,11.0,19.0,0.579,0.407,4.0,4.0,1.0,0.0,3.0,3.0,7.0,1.0,1.0,2.0,3.0,26.0,0.0
2019,469.0,hasleud01,38.0,mia,c,10.0,1.0,74.0,11.0,33.0,0.333,0.0,12.0,0.0,11.0,21.0,0.524,0.333,3.0,4.0,0.75,3.0,24.0,27.0,2.0,0.0,0.0,3.0,9.0,25.0,0.0
2019,470.0,vandeja01,19.0,den,pf,17.0,0.0,69.0,9.0,19.0,0.474,0.0,1.0,0.0,9.0,18.0,0.5,0.474,6.0,10.0,0.6,7.0,16.0,23.0,3.0,6.0,1.0,8.0,8.0,24.0,0.0
2019,471.0,goodwbr01,23.0,den,pg,16.0,0.0,57.0,6.0,23.0,0.261,2.0,6.0,0.333,4.0,17.0,0.235,0.304,9.0,11.0,0.818,1.0,2.0,3.0,14.0,0.0,0.0,3.0,7.0,23.0,0.0
2019,472.0,lydonty01,22.0,den,pf,25.0,0.0,94.0,9.0,18.0,0.5,4.0,10.0,0.4,5.0,8.0,0.625,0.611,1.0,3.0,0.333,7.0,11.0,18.0,6.0,2.0,0.0,4.0,10.0,23.0,0.0
2019,473.0,johnsbj01,23.0,tot,sf,7.0,0.0,49.0,9.0,18.0,0.5,3.0,7.0,0.429,6.0,11.0,0.545,0.583,2.0,2.0,1.0,2.0,6.0,8.0,0.0,2.0,0.0,2.0,4.0,23.0,0.0
2019,474.0,fredeji01,29.0,pho,sg,6.0,0.0,65.0,8.0,29.0,0.276,0.0,13.0,0.0,8.0,16.0,0.5,0.276,6.0,6.0,1.0,1.0,6.0,7.0,8.0,3.0,0.0,5.0,5.0,22.0,0.0
2019,475.0,jacksde01,24.0,phi,pg,6.0,0.0,39.0,8.0,15.0,0.533,2.0,6.0,0.333,6.0,9.0,0.667,0.6,4.0,4.0,1.0,2.0,1.0,3.0,5.0,2.0,0.0,1.0,4.0,22.0,0.0
2019,476.0,creekmi01,26.0,tot,sf,5.0,0.0,48.0,8.0,16.0,0.5,0.0,2.0,0.0,8.0,14.0,0.571,0.5,5.0,7.0,0.714,6.0,6.0,12.0,6.0,2.0,0.0,1.0,3.0,21.0,0.0
2019,477.0,mbahalu01,32.0,lac,pf,4.0,0.0,61.0,8.0,18.0,0.444,2.0,6.0,0.333,6.0,12.0,0.5,0.5,2.0,5.0,0.4,2.0,5.0,7.0,2.0,1.0,1.0,2.0,8.0,20.0,0.0
2019,478.0,bongais01,19.0,lal,pg,22.0,0.0,120.0,5.0,33.0,0.152,0.0,8.0,0.0,5.0,25.0,0.2,0.152,9.0,15.0,0.6,9.0,16.0,25.0,15.0,9.0,4.0,6.0,9.0,19.0,0.0
2019,479.0,doziepj01,22.0,bos,sg,6.0,0.0,51.0,8.0,21.0,0.381,2.0,8.0,0.25,6.0,13.0,0.462,0.429,1.0,2.0,0.5,6.0,11.0,17.0,5.0,2.0,0.0,0.0,2.0,19.0,0.0
2019,480.0,musadz01,19.0,brk,sg,9.0,0.0,39.0,9.0,22.0,0.409,1.0,10.0,0.1,8.0,12.0,0.667,0.432,0.0,2.0,0.0,1.0,4.0,5.0,2.0,2.0,0.0,4.0,1.0,19.0,0.0
2019,481.0,welshth01,22.0,den,c,11.0,0.0,36.0,7.0,13.0,0.538,3.0,7.0,0.429,4.0,6.0,0.667,0.654,1.0,2.0,0.5,0.0,4.0,4.0,5.0,0.0,0.0,1.0,3.0,18.0,0.0
2019,482.0,willial03,26.0,brk,pf,5.0,0.0,26.0,8.0,13.0,0.615,0.0,1.0,0.0,8.0,12.0,0.667,0.615,2.0,4.0,0.5,4.0,15.0,19.0,3.0,1.0,0.0,1.0,2.0,18.0,0.0
2019,483.0,acyqu01,28.0,pho,pf,10.0,0.0,123.0,4.0,18.0,0.222,2.0,15.0,0.133,2.0,3.0,0.667,0.278,7.0,10.0,0.7,3.0,22.0,25.0,8.0,1.0,4.0,4.0,24.0,17.0,0.0
2019,484.0,bradlto01,21.0,uta,c,3.0,0.0,36.0,8.0,16.0,0.5,0.0,0.0,,8.0,16.0,0.5,0.5,1.0,2.0,0.5,9.0,6.0,15.0,1.0,2.0,2.0,3.0,6.0,17.0,0.0
2019,485.0,hunterj01,25.0,bos,sg,1.0,0.0,26.0,6.0,13.0,0.462,4.0,10.0,0.4,2.0,3.0,0.667,0.615,1.0,2.0,0.5,1.0,2.0,3.0,3.0,1.0,0.0,0.0,3.0,17.0,0.0
2019,486.0,mitrona01,25.0,uta,sg,14.0,0.0,84.0,6.0,20.0,0.3,2.0,11.0,0.182,4.0,9.0,0.444,0.35,2.0,2.0,1.0,1.0,5.0,6.0,15.0,1.0,1.0,8.0,10.0,16.0,0.0
2019,487.0,frazime01,22.0,orl,sg,10.0,0.0,44.0,7.0,21.0,0.333,0.0,6.0,0.0,7.0,15.0,0.467,0.333,1.0,4.0,0.25,3.0,2.0,5.0,1.0,1.0,0.0,1.0,6.0,15.0,0.0
2019,488.0,humphis01,21.0,atl,c,5.0,1.0,56.0,6.0,21.0,0.286,3.0,11.0,0.273,3.0,10.0,0.3,0.357,0.0,0.0,,4.0,7.0,11.0,0.0,1.0,0.0,0.0,7.0,15.0,0.0
2019,489.0,bakerro01,25.0,tot,sg,15.0,0.0,152.0,4.0,20.0,0.2,1.0,13.0,0.077,3.0,7.0,0.429,0.225,5.0,6.0,0.833,1.0,10.0,11.0,15.0,6.0,1.0,5.0,18.0,14.0,0.0
2019,490.0,johnsal02,22.0,ind,pf,14.0,0.0,64.0,4.0,16.0,0.25,1.0,2.0,0.5,3.0,14.0,0.214,0.281,4.0,8.0,0.5,4.0,15.0,19.0,1.0,1.0,3.0,0.0,7.0,13.0,0.0
2019,491.0,hicksis01,24.0,nyk,pf,3.0,0.0,32.0,4.0,8.0,0.5,0.0,0.0,,4.0,8.0,0.5,0.5,4.0,5.0,0.8,2.0,5.0,7.0,2.0,1.0,3.0,1.0,5.0,12.0,0.0
2019,492.0,reedda01,23.0,ind,sg,10.0,0.0,47.0,5.0,12.0,0.417,2.0,4.0,0.5,3.0,8.0,0.375,0.5,0.0,0.0,,2.0,4.0,6.0,3.0,1.0,0.0,1.0,3.0,12.0,0.0
2019,493.0,paytoga02,26.0,was,pg,3.0,0.0,16.0,5.0,8.0,0.625,1.0,2.0,0.5,4.0,6.0,0.667,0.688,0.0,0.0,,1.0,1.0,2.0,4.0,3.0,1.0,1.0,2.0,11.0,0.0
2019,494.0,caupatr01,23.0,orl,pg,4.0,0.0,16.0,4.0,8.0,0.5,2.0,3.0,0.667,2.0,5.0,0.4,0.625,0.0,0.0,,1.0,2.0,3.0,4.0,1.0,0.0,0.0,0.0,10.0,0.0
2019,495.0,machasc01,28.0,lal,pg,4.0,0.0,19.0,4.0,6.0,0.667,1.0,1.0,1.0,3.0,5.0,0.6,0.75,1.0,1.0,1.0,0.0,0.0,0.0,3.0,1.0,0.0,0.0,2.0,10.0,0.0
2019,496.0,morrija01,23.0,mil,sg,4.0,0.0,29.0,4.0,10.0,0.4,1.0,3.0,0.333,3.0,7.0,0.429,0.45,1.0,2.0,0.5,0.0,5.0,5.0,4.0,2.0,0.0,1.0,1.0,10.0,0.0
2019,497.0,terryem01,22.0,tot,pf,3.0,0.0,23.0,4.0,7.0,0.571,0.0,0.0,,4.0,7.0,0.571,0.571,2.0,4.0,0.5,3.0,4.0,7.0,2.0,3.0,0.0,2.0,4.0,10.0,0.0
2019,498.0,cavanty01,24.0,uta,pf,11.0,0.0,39.0,3.0,10.0,0.3,1.0,5.0,0.2,2.0,5.0,0.4,0.35,2.0,2.0,1.0,3.0,5.0,8.0,1.0,0.0,0.0,1.0,3.0,9.0,0.0
2019,499.0,highsha01,22.0,phi,sf,5.0,0.0,40.0,4.0,10.0,0.4,1.0,5.0,0.2,3.0,5.0,0.6,0.45,0.0,2.0,0.0,0.0,5.0,5.0,2.0,1.0,0.0,1.0,1.0,9.0,0.0
2019,500.0,youngni01,33.0,den,sg,4.0,0.0,37.0,3.0,9.0,0.333,3.0,8.0,0.375,0.0,1.0,0.0,0.5,0.0,0.0,,0.0,1.0,1.0,2.0,0.0,1.0,2.0,4.0,9.0,0.0
2019,501.0,hannadu01,25.0,mem,sg,2.0,0.0,26.0,3.0,12.0,0.25,0.0,5.0,0.0,3.0,7.0,0.429,0.25,2.0,2.0,1.0,0.0,1.0,1.0,5.0,1.0,0.0,1.0,1.0,8.0,0.0
2019,502.0,akoonde01,25.0,den,sg,7.0,0.0,22.0,3.0,10.0,0.3,0.0,4.0,0.0,3.0,6.0,0.5,0.3,1.0,2.0,0.5,1.0,3.0,4.0,6.0,2.0,0.0,2.0,4.0,7.0,0.0
2019,503.0,moreler01,27.0,tot,pf,5.0,0.0,43.0,3.0,7.0,0.429,1.0,1.0,1.0,2.0,6.0,0.333,0.5,0.0,0.0,,4.0,16.0,20.0,4.0,1.0,1.0,5.0,9.0,7.0,0.0
2019,504.0,chiozch01,23.0,hou,pg,7.0,0.0,33.0,2.0,8.0,0.25,2.0,5.0,0.4,0.0,3.0,0.0,0.375,0.0,0.0,,1.0,3.0,4.0,4.0,1.0,1.0,1.0,2.0,6.0,0.0
2019,505.0,evansja01,22.0,tot,pg,8.0,0.0,65.0,3.0,14.0,0.214,0.0,3.0,0.0,3.0,11.0,0.273,0.214,0.0,0.0,,1.0,11.0,12.0,10.0,3.0,0.0,6.0,8.0,6.0,0.0
2019,506.0,macurjp01,23.0,cho,sg,2.0,0.0,17.0,3.0,9.0,0.333,0.0,4.0,0.0,3.0,5.0,0.6,0.333,0.0,0.0,,0.0,3.0,3.0,2.0,0.0,0.0,0.0,0.0,6.0,0.0
2019,507.0,motiedo01,28.0,sas,pf,3.0,0.0,13.0,3.0,6.0,0.5,0.0,0.0,,3.0,6.0,0.5,0.5,0.0,2.0,0.0,2.0,1.0,3.0,1.0,0.0,1.0,3.0,6.0,6.0,0.0
2019,508.0,duvaltr01,20.0,mil,pg,3.0,0.0,6.0,2.0,3.0,0.667,1.0,1.0,1.0,1.0,2.0,0.5,0.833,0.0,0.0,,0.0,1.0,1.0,2.0,0.0,0.0,0.0,0.0,5.0,0.0
2019,509.0,pattoju01,21.0,phi,c,3.0,0.0,21.0,2.0,7.0,0.286,0.0,2.0,0.0,2.0,5.0,0.4,0.286,1.0,2.0,0.5,2.0,4.0,6.0,3.0,2.0,0.0,0.0,5.0,5.0,0.0
2019,510.0,mccalta01,24.0,brk,sg,1.0,0.0,8.0,2.0,3.0,0.667,0.0,1.0,0.0,2.0,2.0,1.0,0.667,0.0,1.0,0.0,0.0,1.0,1.0,0.0,0.0,0.0,0.0,2.0,4.0,0.0
2019,511.0,delgaan01,24.0,lac,c,2.0,0.0,15.0,1.0,5.0,0.2,0.0,0.0,,1.0,5.0,0.2,0.2,1.0,2.0,0.5,2.0,2.0,4.0,0.0,1.0,0.0,0.0,2.0,3.0,0.0
2019,512.0,edwarvi01,22.0,hou,sf,2.0,0.0,16.0,1.0,4.0,0.25,1.0,4.0,0.25,0.0,0.0,,0.375,0.0,0.0,,1.0,1.0,2.0,0.0,0.0,0.0,0.0,0.0,3.0,0.0
2019,513.0,siberjo01,26.0,atl,sg,1.0,0.0,4.0,1.0,1.0,1.0,1.0,1.0,1.0,0.0,0.0,,1.5,0.0,0.0,,0.0,0.0,0.0,0.0,0.0,0.0,0.0,0.0,3.0,0.0
2019,514.0,antetko01,21.0,dal,pf,2.0,0.0,11.0,0.0,3.0,0.0,0.0,0.0,,0.0,3.0,0.0,0.0,2.0,4.0,0.5,0.0,1.0,1.0,0.0,2.0,0.0,1.0,0.0,2.0,0.0
2019,515.0,chealjo01,23.0,cho,pg,1.0,0.0,8.0,1.0,3.0,0.333,0.0,0.0,,1.0,3.0,0.333,0.333,0.0,0.0,,0.0,0.0,0.0,1.0,0.0,0.0,0.0,1.0,2.0,0.0
2019,516.0,joneste01,27.0,hou,pf,2.0,0.0,5.0,1.0,4.0,0.25,0.0,2.0,0.0,1.0,2.0,0.5,0.25,0.0,1.0,0.0,0.0,4.0,4.0,0.0,0.0,0.0,1.0,1.0,2.0,0.0
2019,517.0,lucaska01,29.0,det,pg,1.0,0.0,6.0,0.0,1.0,0.0,0.0,1.0,0.0,0.0,0.0,,0.0,2.0,2.0,1.0,0.0,3.0,3.0,1.0,0.0,0.0,0.0,1.0,2.0,0.0
2019,518.0,matenya01,22.0,mia,pf,2.0,0.0,13.0,1.0,4.0,0.25,0.0,1.0,0.0,1.0,3.0,0.333,0.25,0.0,0.0,,1.0,2.0,3.0,0.0,1.0,0.0,0.0,0.0,2.0,0.0
2019,519.0,qizh01,23.0,hou,pf,1.0,0.0,1.0,1.0,1.0,1.0,0.0,0.0,,1.0,1.0,1.0,1.0,0.0,0.0,,0.0,0.0,0.0,0.0,0.0,0.0,0.0,0.0,2.0,0.0
2019,520.0,stephdj01,28.0,mem,sg,1.0,0.0,7.0,1.0,2.0,0.5,0.0,0.0,,1.0,2.0,0.5,0.5,0.0,0.0,,0.0,0.0,0.0,0.0,1.0,0.0,1.0,0.0,2.0,0.0
2019,521.0,anigbik01,20.0,ind,c,3.0,0.0,6.0,0.0,3.0,0.0,0.0,0.0,,0.0,3.0,0.0,0.0,0.0,0.0,,1.0,2.0,3.0,1.0,0.0,1.0,1.0,0.0,0.0,0.0
2019,522.0,davisty01,21.0,okc,c,1.0,0.0,1.0,0.0,1.0,0.0,0.0,0.0,,0.0,1.0,0.0,0.0,0.0,0.0,,1.0,0.0,1.0,0.0,0.0,0.0,0.0,0.0,0.0,0.0
2019,523.0,grantdo01,23.0,okc,sf,3.0,0.0,2.0,0.0,2.0,0.0,0.0,2.0,0.0,0.0,0.0,,0.0,0.0,0.0,,0.0,0.0,0.0,0.0,0.0,0.0,0.0,0.0,0.0,0.0
2019,524.0,hollajo02,30.0,cle,sf,1.0,0.0,1.0,0.0,0.0,,0.0,0.0,,0.0,0.0,,,0.0,0.0,,0.0,0.0,0.0,0.0,0.0,0.0,0.0,0.0,0.0,0.0
2019,525.0,ingraan01,33.0,lal,sg,4.0,0.0,15.0,0.0,6.0,0.0,0.0,3.0,0.0,0.0,3.0,0.0,0.0,0.0,0.0,,1.0,1.0,2.0,0.0,1.0,0.0,1.0,0.0,0.0,0.0
2019,526.0,kingge03,25.0,pho,sf,1.0,0.0,6.0,0.0,0.0,,0.0,0.0,,0.0,0.0,,,0.0,0.0,,0.0,1.0,1.0,0.0,0.0,0.0,0.0,0.0,0.0,0.0
2019,527.0,loftoza01,26.0,det,sg,1.0,0.0,4.0,0.0,1.0,0.0,0.0,1.0,0.0,0.0,0.0,,0.0,0.0,0.0,,0.0,0.0,0.0,0.0,1.0,0.0,1.0,0.0,0.0,0.0
2019,528.0,simmoko01,21.0,cle,pg,1.0,0.0,2.0,0.0,0.0,,0.0,0.0,,0.0,0.0,,,0.0,0.0,,0.0,0.0,0.0,0.0,0.0,0.0,0.0,0.0,0.0,0.0
2019,529.0,ulisty01,23.0,chi,pg,1.0,0.0,1.0,0.0,0.0,,0.0,0.0,,0.0,0.0,,,0.0,0.0,,0.0,0.0,0.0,0.0,0.0,0.0,0.0,0.0,0.0,0.0
2019,530.0,whiteok01,26.0,was,pf,3.0,0.0,6.0,0.0,2.0,0.0,0.0,2.0,0.0,0.0,0.0,,0.0,0.0,0.0,,1.0,1.0,2.0,0.0,0.0,0.0,0.0,0.0,0.0,0.0
2019,,tot,,tot,,,,,,,0.461,,,0.355,,,0.52,0.524,,,0.766,,,,,,,,,,
2020,1.0,hardeja01,30.0,hou,sg,68.0,68.0,2483.0,672.0,1514.0,0.444,299.0,843.0,0.355,373.0,671.0,0.556,0.543,692.0,800.0,0.865,70.0,376.0,446.0,512.0,125.0,60.0,308.0,227.0,2335.0,4.0
2020,2.0,lillada01,29.0,por,pg,66.0,66.0,2474.0,624.0,1349.0,0.463,270.0,674.0,0.401,354.0,675.0,0.524,0.563,460.0,518.0,0.888,33.0,251.0,284.0,530.0,70.0,22.0,194.0,114.0,1978.0,1.0
2020,3.0,bookede01,23.0,pho,sg,70.0,70.0,2512.0,627.0,1283.0,0.489,141.0,398.0,0.354,486.0,885.0,0.549,0.544,468.0,509.0,0.919,29.0,268.0,297.0,456.0,49.0,18.0,264.0,213.0,1863.0,0.0
2020,4.0,antetgi01,25.0,mil,pf,63.0,63.0,1917.0,685.0,1238.0,0.553,89.0,293.0,0.304,596.0,945.0,0.631,0.589,398.0,629.0,0.633,140.0,716.0,856.0,354.0,61.0,66.0,230.0,195.0,1857.0,4.0
2020,5.0,youngtr01,21.0,atl,pg,60.0,60.0,2120.0,546.0,1249.0,0.437,205.0,568.0,0.361,341.0,681.0,0.501,0.519,481.0,559.0,0.86,32.0,223.0,255.0,560.0,65.0,8.0,289.0,104.0,1778.0,2.0
2020,6.0,doncilu01,20.0,dal,pg,61.0,61.0,2047.0,581.0,1255.0,0.463,171.0,541.0,0.316,410.0,714.0,0.574,0.531,426.0,562.0,0.758,78.0,495.0,573.0,538.0,62.0,14.0,260.0,153.0,1759.0,17.0
2020,7.0,bealbr01,26.0,was,sg,57.0,57.0,2053.0,593.0,1303.0,0.455,170.0,481.0,0.353,423.0,822.0,0.515,0.52,385.0,457.0,0.842,52.0,190.0,242.0,347.0,71.0,23.0,194.0,126.0,1741.0,0.0
2020,8.0,jamesle01,35.0,lal,pg,67.0,67.0,2316.0,643.0,1303.0,0.493,148.0,425.0,0.348,495.0,878.0,0.564,0.55,264.0,381.0,0.693,66.0,459.0,525.0,684.0,78.0,36.0,261.0,118.0,1698.0,13.0
2020,9.0,mitchdo01,23.0,uta,sg,69.0,69.0,2364.0,602.0,1342.0,0.449,173.0,473.0,0.366,429.0,869.0,0.494,0.513,278.0,322.0,0.863,53.0,251.0,304.0,294.0,70.0,14.0,184.0,172.0,1655.0,0.0
2020,10.0,davisan02,26.0,lal,pf,62.0,62.0,2131.0,551.0,1096.0,0.503,72.0,218.0,0.33,479.0,878.0,0.546,0.536,444.0,525.0,0.846,142.0,435.0,577.0,200.0,91.0,143.0,154.0,156.0,1618.0,0.0
2020,11.0,mccolcj01,28.0,por,sg,70.0,70.0,2556.0,611.0,1356.0,0.451,194.0,512.0,0.379,417.0,844.0,0.494,0.522,140.0,185.0,0.757,46.0,251.0,297.0,310.0,54.0,42.0,127.0,183.0,1556.0,0.0
2020,12.0,westbru01,31.0,hou,pg,57.0,57.0,2049.0,604.0,1281.0,0.472,55.0,213.0,0.258,549.0,1068.0,0.514,0.493,290.0,380.0,0.763,100.0,351.0,451.0,401.0,93.0,20.0,255.0,200.0,1553.0,8.0
2020,13.0,tatumja01,21.0,bos,pf,66.0,66.0,2265.0,552.0,1226.0,0.45,189.0,469.0,0.403,363.0,757.0,0.48,0.527,254.0,313.0,0.812,64.0,396.0,460.0,200.0,93.0,57.0,155.0,136.0,1547.0,0.0
2020,14.0,leonaka01,28.0,lac,sf,57.0,57.0,1848.0,532.0,1133.0,0.47,123.0,325.0,0.378,409.0,808.0,0.506,0.524,356.0,402.0,0.886,54.0,348.0,402.0,280.0,103.0,33.0,149.0,113.0,1543.0,1.0
2020,15.0,lavinza01,24.0,chi,sf,60.0,60.0,2085.0,539.0,1199.0,0.45,184.0,484.0,0.38,355.0,715.0,0.497,0.526,268.0,334.0,0.802,41.0,248.0,289.0,254.0,88.0,28.0,206.0,131.0,1530.0,0.0
2020,16.0,derozde01,30.0,sas,sf,68.0,68.0,2316.0,557.0,1049.0,0.531,9.0,35.0,0.257,548.0,1014.0,0.54,0.535,381.0,451.0,0.845,44.0,331.0,375.0,380.0,70.0,20.0,164.0,180.0,1504.0,0.0
2020,17.0,ingrabr01,22.0,nop,pf,62.0,62.0,2104.0,507.0,1096.0,0.463,150.0,384.0,0.391,357.0,712.0,0.501,0.531,313.0,368.0,0.851,51.0,329.0,380.0,259.0,61.0,38.0,189.0,179.0,1477.0,0.0
2020,18.0,jokicni01,24.0,den,c,73.0,73.0,2336.0,565.0,1071.0,0.528,80.0,255.0,0.314,485.0,816.0,0.594,0.565,246.0,301.0,0.817,166.0,545.0,711.0,512.0,85.0,44.0,226.0,222.0,1456.0,13.0
2020,19.0,harrito02,27.0,phi,pf,72.0,72.0,2469.0,553.0,1173.0,0.471,131.0,357.0,0.367,422.0,816.0,0.517,0.527,174.0,216.0,0.806,69.0,426.0,495.0,227.0,53.0,40.0,104.0,165.0,1411.0,0.0
2020,20.0,hieldbu01,27.0,sac,sg,72.0,44.0,2216.0,498.0,1162.0,0.429,271.0,688.0,0.394,227.0,474.0,0.479,0.545,115.0,136.0,0.846,57.0,271.0,328.0,213.0,66.0,17.0,168.0,165.0,1382.0,0.0
2020,21.0,siakapa01,25.0,tor,pf,60.0,60.0,2110.0,500.0,1104.0,0.453,131.0,365.0,0.359,369.0,739.0,0.499,0.512,240.0,303.0,0.792,64.0,375.0,439.0,207.0,61.0,53.0,148.0,170.0,1371.0,0.0
2020,22.0,sextoco01,21.0,cle,pg,65.0,65.0,2143.0,513.0,1086.0,0.472,97.0,255.0,0.38,416.0,831.0,0.501,0.517,226.0,267.0,0.846,61.0,143.0,204.0,192.0,65.0,7.0,158.0,142.0,1349.0,0.0
2020,23.0,gilgesh01,21.0,okc,sg,70.0,70.0,2428.0,478.0,1015.0,0.471,87.0,251.0,0.347,391.0,764.0,0.512,0.514,288.0,357.0,0.807,47.0,365.0,412.0,232.0,79.0,47.0,134.0,117.0,1331.0,1.0
2020,24.0,warretj01,26.0,ind,sf,67.0,67.0,2202.0,534.0,997.0,0.536,91.0,226.0,0.403,443.0,771.0,0.575,0.581,167.0,204.0,0.819,68.0,212.0,280.0,99.0,78.0,34.0,84.0,187.0,1326.0,0.0
2020,25.0,dinwisp01,26.0,brk,pg,64.0,49.0,1994.0,424.0,1021.0,0.415,123.0,400.0,0.308,301.0,621.0,0.485,0.476,347.0,446.0,0.778,32.0,189.0,221.0,432.0,40.0,21.0,174.0,180.0,1318.0,0.0
2020,26.0,middlkh01,28.0,mil,sf,62.0,59.0,1853.0,471.0,947.0,0.497,147.0,354.0,0.415,324.0,593.0,0.546,0.575,208.0,227.0,0.916,44.0,338.0,382.0,265.0,53.0,7.0,137.0,142.0,1297.0,0.0
2020,27.0,bogdabo02,30.0,uta,sf,63.0,63.0,2083.0,418.0,935.0,0.447,189.0,457.0,0.414,229.0,478.0,0.479,0.548,250.0,277.0,0.903,39.0,220.0,259.0,131.0,34.0,7.0,159.0,110.0,1275.0,0.0
2020,28.0,randlju01,25.0,nyk,pf,64.0,64.0,2080.0,463.0,1006.0,0.46,64.0,231.0,0.277,399.0,775.0,0.515,0.492,258.0,352.0,0.733,151.0,471.0,622.0,198.0,51.0,22.0,193.0,178.0,1248.0,0.0
2020,29.0,paulch01,34.0,okc,pg,70.0,70.0,2208.0,434.0,887.0,0.489,111.0,304.0,0.365,323.0,583.0,0.554,0.552,253.0,279.0,0.907,26.0,323.0,349.0,472.0,111.0,11.0,161.0,158.0,1232.0,0.0
2020,30.0,schrode01,26.0,okc,pg,65.0,2.0,1999.0,453.0,965.0,0.469,125.0,325.0,0.385,328.0,640.0,0.513,0.534,198.0,236.0,0.839,19.0,217.0,236.0,262.0,45.0,14.0,166.0,146.0,1229.0,0.0
2020,31.0,fournev01,27.0,orl,sf,66.0,66.0,2076.0,434.0,929.0,0.467,173.0,434.0,0.399,261.0,495.0,0.527,0.56,180.0,220.0,0.818,18.0,153.0,171.0,209.0,71.0,15.0,125.0,161.0,1221.0,0.0
2020,32.0,vucevni01,29.0,orl,c,62.0,62.0,1998.0,493.0,1033.0,0.477,98.0,289.0,0.339,395.0,744.0,0.531,0.525,131.0,167.0,0.784,140.0,533.0,673.0,222.0,54.0,47.0,88.0,135.0,1215.0,0.0
2020,33.0,moranja01,20.0,mem,pg,67.0,67.0,2074.0,447.0,937.0,0.477,60.0,179.0,0.335,387.0,758.0,0.511,0.509,239.0,308.0,0.776,51.0,208.0,259.0,488.0,58.0,18.0,220.0,110.0,1193.0,2.0
2020,34.0,willilo02,33.0,lac,pg,65.0,8.0,1864.0,391.0,936.0,0.418,111.0,315.0,0.352,280.0,621.0,0.451,0.477,292.0,339.0,0.861,31.0,170.0,201.0,365.0,43.0,12.0,182.0,80.0,1185.0,0.0
2020,35.0,brookdi01,24.0,mem,sg,73.0,73.0,2112.0,435.0,1068.0,0.407,147.0,411.0,0.358,288.0,657.0,0.438,0.476,164.0,203.0,0.808,68.0,175.0,243.0,150.0,63.0,27.0,124.0,278.0,1181.0,0.0
2020,36.0,wiggian01,24.0,tot,sf,54.0,54.0,1858.0,437.0,978.0,0.447,111.0,334.0,0.332,326.0,644.0,0.506,0.504,190.0,268.0,0.709,66.0,208.0,274.0,198.0,45.0,53.0,132.0,127.0,1175.0,1.0
2020,37.0,harremo01,26.0,lac,c,63.0,2.0,1749.0,471.0,812.0,0.58,0.0,18.0,0.0,471.0,794.0,0.593,0.58,231.0,351.0,0.658,163.0,282.0,445.0,107.0,39.0,72.0,108.0,146.0,1173.0,0.0
2020,38.0,embiijo01,25.0,phi,c,51.0,51.0,1506.0,382.0,801.0,0.477,57.0,172.0,0.331,325.0,629.0,0.517,0.512,351.0,435.0,0.807,141.0,452.0,593.0,152.0,45.0,65.0,159.0,174.0,1172.0,0.0
2020,39.0,holidjr01,29.0,nop,sg,61.0,61.0,2117.0,458.0,1006.0,0.455,122.0,346.0,0.353,336.0,660.0,0.509,0.516,129.0,182.0,0.709,77.0,216.0,293.0,408.0,99.0,48.0,184.0,145.0,1167.0,1.0
2020,40.0,porzikr01,24.0,dal,c,57.0,57.0,1814.0,398.0,932.0,0.427,142.0,403.0,0.352,256.0,529.0,0.484,0.503,226.0,283.0,0.799,100.0,440.0,540.0,102.0,41.0,115.0,92.0,185.0,1164.0,0.0
2020,41.0,gallida01,31.0,okc,pf,62.0,62.0,1834.0,358.0,817.0,0.438,178.0,439.0,0.405,180.0,378.0,0.476,0.547,266.0,298.0,0.893,34.0,288.0,322.0,119.0,42.0,5.0,76.0,75.0,1160.0,0.0
2020,42.0,brownja02,23.0,bos,sg,57.0,57.0,1934.0,427.0,887.0,0.481,129.0,338.0,0.382,298.0,549.0,0.543,0.554,176.0,243.0,0.724,62.0,302.0,364.0,118.0,65.0,20.0,125.0,167.0,1159.0,0.0
2020,43.0,butleji01,30.0,mia,sf,58.0,58.0,1959.0,345.0,758.0,0.455,29.0,119.0,0.244,316.0,639.0,0.495,0.474,438.0,525.0,0.834,106.0,280.0,386.0,350.0,103.0,32.0,127.0,81.0,1157.0,3.0
2020,44.0,sabondo01,23.0,ind,pf,62.0,62.0,2159.0,458.0,848.0,0.54,17.0,67.0,0.254,441.0,781.0,0.565,0.55,214.0,296.0,0.723,189.0,582.0,771.0,310.0,47.0,30.0,170.0,195.0,1147.0,4.0
2020,45.0,adebaba01,22.0,mia,pf,72.0,72.0,2417.0,440.0,790.0,0.557,2.0,14.0,0.143,438.0,776.0,0.564,0.558,264.0,382.0,0.691,176.0,559.0,735.0,368.0,82.0,93.0,204.0,182.0,1146.0,3.0
2020,46.0,grahade01,24.0,cho,pg,63.0,53.0,2211.0,368.0,963.0,0.382,218.0,585.0,0.373,150.0,378.0,0.397,0.495,191.0,233.0,0.82,42.0,170.0,212.0,471.0,62.0,15.0,181.0,115.0,1145.0,0.0
2020,47.0,walkeke02,29.0,bos,pg,56.0,56.0,1742.0,378.0,889.0,0.425,180.0,473.0,0.381,198.0,416.0,0.476,0.526,209.0,242.0,0.864,36.0,181.0,217.0,268.0,48.0,28.0,117.0,91.0,1145.0,0.0
2020,48.0,roziete01,25.0,cho,pg,63.0,63.0,2164.0,398.0,941.0,0.423,172.0,423.0,0.407,226.0,518.0,0.436,0.514,166.0,190.0,0.874,50.0,226.0,276.0,259.0,61.0,10.0,141.0,126.0,1134.0,0.0
2020,49.0,lowryky01,33.0,tor,pg,58.0,58.0,2098.0,334.0,803.0,0.416,164.0,466.0,0.352,170.0,337.0,0.504,0.518,294.0,343.0,0.857,32.0,260.0,292.0,433.0,82.0,26.0,178.0,190.0,1126.0,2.0
2020,50.0,hardati02,27.0,dal,sg,71.0,58.0,2091.0,384.0,884.0,0.434,204.0,513.0,0.398,180.0,371.0,0.485,0.55,149.0,182.0,0.819,25.0,207.0,232.0,137.0,41.0,5.0,69.0,125.0,1121.0,0.0
2020,51.0,murraja01,22.0,den,pg,59.0,59.0,1904.0,408.0,894.0,0.456,112.0,324.0,0.346,296.0,570.0,0.519,0.519,163.0,185.0,0.881,45.0,191.0,236.0,284.0,67.0,17.0,127.0,102.0,1091.0,0.0
2020,52.0,clarkjo01,27.0,tot,sg,71.0,2.0,1705.0,394.0,867.0,0.454,152.0,413.0,0.368,242.0,454.0,0.533,0.542,138.0,165.0,0.836,50.0,137.0,187.0,136.0,46.0,16.0,97.0,108.0,1078.0,0.0
2020,53.0,foxde01,22.0,sac,pg,51.0,49.0,1634.0,391.0,815.0,0.48,54.0,185.0,0.292,337.0,630.0,0.535,0.513,241.0,342.0,0.705,35.0,161.0,196.0,348.0,74.0,25.0,158.0,145.0,1077.0,0.0
2020,54.0,barneha02,27.0,sac,pf,72.0,72.0,2482.0,365.0,793.0,0.46,102.0,268.0,0.381,263.0,525.0,0.501,0.525,214.0,267.0,0.801,77.0,278.0,355.0,159.0,43.0,12.0,88.0,93.0,1046.0,0.0
2020,55.0,oubreke01,24.0,pho,sf,56.0,55.0,1933.0,373.0,826.0,0.452,108.0,307.0,0.352,265.0,519.0,0.511,0.517,192.0,246.0,0.78,67.0,294.0,361.0,85.0,71.0,40.0,83.0,192.0,1046.0,0.0
2020,56.0,valanjo01,27.0,mem,c,70.0,70.0,1845.0,432.0,739.0,0.585,32.0,91.0,0.352,400.0,648.0,0.617,0.606,148.0,200.0,0.74,213.0,575.0,788.0,131.0,30.0,76.0,127.0,185.0,1044.0,1.0
2020,57.0,whiteha01,30.0,por,c,67.0,61.0,2008.0,436.0,702.0,0.621,4.0,7.0,0.571,432.0,695.0,0.622,0.624,164.0,239.0,0.686,258.0,647.0,905.0,78.0,26.0,196.0,120.0,196.0,1040.0,0.0
2020,58.0,russeda01,23.0,tot,pg,45.0,45.0,1452.0,360.0,846.0,0.426,158.0,431.0,0.367,202.0,415.0,0.487,0.519,161.0,199.0,0.809,17.0,160.0,177.0,285.0,48.0,13.0,147.0,86.0,1039.0,0.0
2020,59.0,georgpa01,29.0,lac,sf,48.0,48.0,1419.0,343.0,782.0,0.439,157.0,381.0,0.412,186.0,401.0,0.464,0.539,190.0,217.0,0.876,24.0,248.0,272.0,185.0,68.0,20.0,125.0,113.0,1033.0,0.0
2020,60.0,morrima03,30.0,tot,pf,62.0,62.0,1936.0,355.0,810.0,0.438,142.0,348.0,0.408,213.0,462.0,0.461,0.526,181.0,220.0,0.823,59.0,252.0,311.0,86.0,47.0,30.0,97.0,180.0,1033.0,0.0
2020,61.0,goberru01,27.0,uta,c,68.0,68.0,2333.0,386.0,557.0,0.693,0.0,0.0,,386.0,557.0,0.693,0.693,254.0,403.0,0.63,230.0,686.0,916.0,101.0,51.0,135.0,130.0,215.0,1026.0,0.0
2020,62.0,nunnke01,24.0,mia,pg,67.0,67.0,1962.0,401.0,914.0,0.439,137.0,391.0,0.35,264.0,523.0,0.505,0.514,85.0,100.0,0.85,21.0,159.0,180.0,220.0,56.0,15.0,114.0,152.0,1024.0,0.0
2020,63.0,rosste01,28.0,orl,sg,69.0,0.0,1889.0,341.0,846.0,0.403,177.0,504.0,0.351,164.0,342.0,0.48,0.508,157.0,184.0,0.853,13.0,209.0,222.0,82.0,77.0,24.0,70.0,109.0,1016.0,0.0
2020,64.0,drumman01,26.0,tot,c,57.0,56.0,1879.0,418.0,784.0,0.533,5.0,35.0,0.143,413.0,749.0,0.551,0.536,169.0,294.0,0.575,250.0,614.0,864.0,152.0,109.0,93.0,203.0,201.0,1010.0,0.0
2020,65.0,aldrila01,34.0,sas,c,53.0,53.0,1754.0,391.0,793.0,0.493,61.0,157.0,0.389,330.0,636.0,0.519,0.532,158.0,191.0,0.827,103.0,289.0,392.0,129.0,36.0,87.0,74.0,128.0,1001.0,0.0
2020,66.0,harrijo01,28.0,brk,sf,69.0,69.0,2123.0,381.0,784.0,0.486,172.0,406.0,0.424,209.0,378.0,0.553,0.596,64.0,89.0,0.719,64.0,234.0,298.0,144.0,41.0,17.0,104.0,159.0,998.0,0.0
2020,67.0,burksal01,28.0,tot,sf,66.0,19.0,1754.0,321.0,768.0,0.418,116.0,301.0,0.385,205.0,467.0,0.439,0.493,235.0,265.0,0.887,48.0,234.0,282.0,189.0,62.0,17.0,91.0,128.0,993.0,0.0
2020,68.0,jacksja02,20.0,mem,c,57.0,57.0,1622.0,353.0,753.0,0.469,145.0,368.0,0.394,208.0,385.0,0.54,0.565,139.0,186.0,0.747,55.0,207.0,262.0,78.0,40.0,92.0,99.0,232.0,990.0,0.0
2020,69.0,loveke01,31.0,cle,pf,56.0,56.0,1780.0,327.0,727.0,0.45,146.0,390.0,0.374,181.0,337.0,0.537,0.55,187.0,219.0,0.854,54.0,493.0,547.0,178.0,33.0,19.0,140.0,90.0,987.0,0.0
2020,70.0,robindu01,25.0,mia,sg,73.0,68.0,2166.0,323.0,687.0,0.47,270.0,606.0,0.446,53.0,81.0,0.654,0.667,67.0,72.0,0.931,10.0,222.0,232.0,102.0,35.0,19.0,70.0,193.0,983.0,0.0
2020,71.0,dragigo01,33.0,mia,pg,59.0,3.0,1663.0,319.0,724.0,0.441,124.0,338.0,0.367,195.0,386.0,0.505,0.526,191.0,246.0,0.776,29.0,158.0,187.0,301.0,40.0,10.0,144.0,124.0,953.0,0.0
2020,72.0,vanvlfr01,25.0,tor,sg,54.0,54.0,1928.0,319.0,773.0,0.413,146.0,374.0,0.39,173.0,399.0,0.434,0.507,168.0,198.0,0.848,18.0,185.0,203.0,357.0,100.0,17.0,121.0,132.0,952.0,0.0
2020,73.0,simmobe01,23.0,phi,pg,57.0,57.0,2017.0,375.0,647.0,0.58,2.0,7.0,0.286,373.0,640.0,0.583,0.581,185.0,298.0,0.621,113.0,331.0,444.0,455.0,119.0,33.0,200.0,186.0,937.0,6.0
2020,74.0,townska01,24.0,min,c,35.0,35.0,1187.0,316.0,622.0,0.508,114.0,277.0,0.412,202.0,345.0,0.586,0.6,180.0,226.0,0.796,95.0,283.0,378.0,153.0,33.0,42.0,110.0,117.0,926.0,0.0
2020,75.0,bogdabo01,27.0,sac,sg,61.0,28.0,1766.0,337.0,766.0,0.44,164.0,441.0,0.372,173.0,325.0,0.532,0.547,86.0,116.0,0.741,26.0,181.0,207.0,207.0,64.0,15.0,102.0,133.0,924.0,0.0
2020,76.0,redicjj01,35.0,nop,sg,60.0,36.0,1581.0,286.0,631.0,0.453,180.0,397.0,0.453,106.0,234.0,0.453,0.596,165.0,185.0,0.892,10.0,141.0,151.0,119.0,20.0,10.0,75.0,96.0,917.0,0.0
2020,77.0,bledser01,30.0,mil,pg,61.0,61.0,1646.0,334.0,703.0,0.475,74.0,215.0,0.344,260.0,488.0,0.533,0.528,169.0,214.0,0.79,43.0,239.0,282.0,328.0,57.0,26.0,148.0,128.0,911.0,0.0
2020,78.0,haywago01,29.0,bos,sf,52.0,52.0,1740.0,350.0,700.0,0.5,85.0,222.0,0.383,265.0,478.0,0.554,0.561,124.0,145.0,0.855,55.0,293.0,348.0,212.0,38.0,22.0,96.0,96.0,909.0,0.0
2020,79.0,rosede01,31.0,det,pg,50.0,15.0,1298.0,369.0,753.0,0.49,45.0,147.0,0.306,324.0,606.0,0.535,0.52,121.0,139.0,0.871,27.0,94.0,121.0,278.0,40.0,16.0,126.0,49.0,904.0,0.0
2020,80.0,anthoca01,35.0,por,pf,58.0,58.0,1902.0,336.0,782.0,0.43,87.0,226.0,0.385,249.0,556.0,0.448,0.485,136.0,161.0,0.845,71.0,297.0,368.0,85.0,49.0,27.0,100.0,171.0,895.0,0.0
2020,81.0,gordoaa01,24.0,orl,pf,62.0,62.0,2017.0,335.0,767.0,0.437,73.0,237.0,0.308,262.0,530.0,0.494,0.484,151.0,224.0,0.674,107.0,368.0,475.0,228.0,51.0,39.0,100.0,125.0,894.0,1.0
2020,82.0,brogdma01,27.0,ind,pg,54.0,54.0,1666.0,326.0,744.0,0.438,75.0,230.0,0.326,251.0,514.0,0.488,0.489,166.0,186.0,0.892,46.0,216.0,262.0,381.0,35.0,10.0,131.0,98.0,893.0,0.0
2020,83.0,collijo01,22.0,atl,pf,41.0,41.0,1363.0,353.0,605.0,0.583,59.0,147.0,0.401,294.0,458.0,0.642,0.632,120.0,150.0,0.8,116.0,300.0,416.0,60.0,31.0,66.0,75.0,138.0,885.0,0.0
2020,84.0,bartowi01,29.0,den,sf,58.0,58.0,1916.0,332.0,738.0,0.45,108.0,288.0,0.375,224.0,450.0,0.498,0.523,102.0,133.0,0.767,76.0,289.0,365.0,212.0,61.0,29.0,88.0,121.0,874.0,0.0
2020,85.0,fultzma01,21.0,orl,pg,72.0,60.0,1996.0,359.0,772.0,0.465,36.0,135.0,0.267,323.0,637.0,0.507,0.488,116.0,159.0,0.73,41.0,197.0,238.0,369.0,90.0,11.0,147.0,142.0,870.0,1.0
2020,86.0,covinro01,29.0,tot,c,70.0,68.0,2137.0,305.0,723.0,0.422,161.0,480.0,0.335,144.0,243.0,0.593,0.533,99.0,124.0,0.798,63.0,400.0,463.0,88.0,115.0,93.0,103.0,220.0,870.0,0.0
2020,87.0,whiteco01,19.0,chi,pg,65.0,1.0,1674.0,312.0,792.0,0.394,133.0,376.0,0.354,179.0,416.0,0.43,0.478,102.0,129.0,0.791,28.0,202.0,230.0,175.0,49.0,6.0,109.0,117.0,859.0,0.0
2020,88.0,grantje01,25.0,den,pf,71.0,24.0,1892.0,303.0,634.0,0.478,98.0,252.0,0.389,205.0,382.0,0.537,0.555,147.0,196.0,0.75,58.0,190.0,248.0,88.0,50.0,57.0,63.0,154.0,851.0,0.0
2020,89.0,rubiori01,29.0,pho,pg,65.0,65.0,2016.0,287.0,692.0,0.415,78.0,216.0,0.361,209.0,476.0,0.439,0.471,195.0,226.0,0.863,46.0,258.0,304.0,570.0,94.0,11.0,173.0,167.0,847.0,2.0
2020,90.0,ibakase01,30.0,tor,c,55.0,27.0,1485.0,343.0,670.0,0.512,70.0,182.0,0.385,273.0,488.0,0.559,0.564,89.0,124.0,0.718,114.0,338.0,452.0,77.0,28.0,46.0,109.0,153.0,845.0,0.0
2020,91.0,bridgmi02,21.0,cho,sf,65.0,64.0,1995.0,319.0,753.0,0.424,99.0,300.0,0.33,220.0,453.0,0.486,0.489,106.0,131.0,0.809,88.0,274.0,362.0,114.0,40.0,48.0,95.0,132.0,843.0,0.0
2020,92.0,leverca01,25.0,brk,sg,45.0,31.0,1330.0,311.0,732.0,0.425,80.0,220.0,0.364,231.0,512.0,0.451,0.48,140.0,197.0,0.711,49.0,140.0,189.0,199.0,53.0,10.0,118.0,81.0,842.0,1.0
2020,93.0,pascher01,23.0,gsw,pf,60.0,26.0,1654.0,318.0,640.0,0.497,37.0,129.0,0.287,281.0,511.0,0.55,0.526,164.0,212.0,0.774,82.0,193.0,275.0,127.0,32.0,13.0,94.0,125.0,837.0,0.0
2020,94.0,bertada01,27.0,was,pf,54.0,4.0,1583.0,265.0,610.0,0.434,200.0,472.0,0.424,65.0,138.0,0.471,0.598,104.0,122.0,0.852,35.0,210.0,245.0,92.0,37.0,33.0,59.0,139.0,834.0,0.0
2020,95.0,bjeline01,31.0,sac,pf,72.0,67.0,2011.0,314.0,653.0,0.481,134.0,320.0,0.419,180.0,333.0,0.541,0.583,69.0,84.0,0.821,111.0,347.0,458.0,203.0,62.0,40.0,99.0,216.0,831.0,0.0
2020,96.0,powelno01,26.0,tor,sg,52.0,26.0,1479.0,296.0,598.0,0.495,109.0,273.0,0.399,187.0,325.0,0.575,0.586,129.0,153.0,0.843,26.0,164.0,190.0,91.0,60.0,21.0,77.0,108.0,830.0,0.0
2020,97.0,lopezbr01,31.0,mil,c,68.0,67.0,1817.0,292.0,671.0,0.435,102.0,325.0,0.314,190.0,346.0,0.549,0.511,127.0,152.0,0.836,58.0,254.0,312.0,99.0,46.0,163.0,70.0,163.0,813.0,0.0
2020,98.0,woodch01,24.0,det,pf,62.0,12.0,1325.0,288.0,508.0,0.567,54.0,140.0,0.386,234.0,368.0,0.636,0.62,180.0,242.0,0.744,104.0,286.0,390.0,60.0,34.0,54.0,84.0,98.0,810.0,0.0
2020,99.0,barrerj01,19.0,nyk,sg,56.0,55.0,1704.0,292.0,727.0,0.402,63.0,197.0,0.32,229.0,530.0,0.432,0.445,156.0,254.0,0.614,50.0,229.0,279.0,143.0,55.0,17.0,124.0,122.0,803.0,0.0
2020,100.0,horfoal01,33.0,phi,c,67.0,61.0,2025.0,319.0,709.0,0.45,99.0,283.0,0.35,220.0,426.0,0.516,0.52,61.0,80.0,0.763,103.0,353.0,456.0,270.0,52.0,61.0,80.0,142.0,798.0,0.0
2020,101.0,curryse01,29.0,dal,sg,64.0,25.0,1576.0,284.0,574.0,0.495,145.0,321.0,0.452,139.0,253.0,0.549,0.621,80.0,97.0,0.825,27.0,118.0,145.0,124.0,38.0,9.0,62.0,113.0,793.0,0.0
2020,102.0,kuzmaky01,24.0,lal,pf,61.0,9.0,1526.0,291.0,668.0,0.436,86.0,272.0,0.316,205.0,396.0,0.518,0.5,114.0,155.0,0.735,52.0,221.0,273.0,80.0,28.0,26.0,91.0,126.0,782.0,0.0
2020,103.0,huntede01,22.0,atl,sf,63.0,62.0,2018.0,280.0,683.0,0.41,108.0,304.0,0.355,172.0,379.0,0.454,0.489,110.0,144.0,0.764,44.0,242.0,286.0,112.0,44.0,18.0,103.0,182.0,778.0,0.0
2020,104.0,smartma01,25.0,bos,sg,60.0,40.0,1919.0,256.0,682.0,0.375,137.0,395.0,0.347,119.0,287.0,0.415,0.476,127.0,152.0,0.836,42.0,183.0,225.0,291.0,101.0,29.0,103.0,162.0,776.0,0.0
2020,105.0,allenja01,21.0,brk,c,70.0,64.0,1852.0,302.0,465.0,0.649,0.0,6.0,0.0,302.0,459.0,0.658,0.649,171.0,270.0,0.633,216.0,455.0,671.0,110.0,40.0,92.0,77.0,162.0,775.0,0.0
2020,106.0,princta02,25.0,brk,pf,64.0,61.0,1857.0,278.0,739.0,0.376,146.0,431.0,0.339,132.0,308.0,0.429,0.475,71.0,89.0,0.798,50.0,331.0,381.0,116.0,57.0,25.0,127.0,159.0,773.0,0.0
2020,107.0,millspa02,31.0,sas,pg,66.0,1.0,1485.0,258.0,598.0,0.431,154.0,403.0,0.382,104.0,195.0,0.533,0.56,97.0,112.0,0.866,22.0,86.0,108.0,118.0,53.0,6.0,54.0,105.0,767.0,0.0
2020,108.0,whitede01,25.0,sas,sg,68.0,20.0,1677.0,253.0,552.0,0.458,79.0,216.0,0.366,174.0,336.0,0.518,0.53,180.0,211.0,0.853,35.0,188.0,223.0,241.0,44.0,59.0,89.0,152.0,765.0,0.0
2020,109.0,richajo01,26.0,phi,sg,55.0,53.0,1693.0,278.0,646.0,0.43,85.0,249.0,0.341,193.0,397.0,0.486,0.496,114.0,141.0,0.809,41.0,133.0,174.0,162.0,52.0,36.0,104.0,136.0,755.0,0.0
2020,110.0,turnemy01,23.0,ind,c,62.0,62.0,1826.0,268.0,587.0,0.457,86.0,250.0,0.344,182.0,337.0,0.54,0.53,127.0,169.0,0.751,86.0,321.0,407.0,72.0,46.0,132.0,85.0,166.0,749.0,0.0
2020,111.0,balllo01,22.0,nop,pg,63.0,54.0,2025.0,277.0,687.0,0.403,148.0,395.0,0.375,129.0,292.0,0.442,0.511,43.0,76.0,0.566,71.0,312.0,383.0,438.0,88.0,38.0,193.0,128.0,745.0,3.0
2020,112.0,herroty01,20.0,mia,sg,55.0,8.0,1508.0,270.0,631.0,0.428,116.0,298.0,0.389,154.0,333.0,0.462,0.52,87.0,100.0,0.87,16.0,208.0,224.0,121.0,34.0,9.0,87.0,76.0,743.0,0.0
2020,113.0,smithis01,31.0,was,pg,68.0,23.0,1787.0,308.0,689.0,0.447,62.0,169.0,0.367,246.0,520.0,0.473,0.492,62.0,86.0,0.721,30.0,189.0,219.0,334.0,59.0,30.0,95.0,106.0,740.0,0.0
2020,114.0,markkla01,22.0,chi,pf,50.0,50.0,1492.0,251.0,591.0,0.425,109.0,317.0,0.344,142.0,274.0,0.518,0.517,126.0,153.0,0.824,60.0,253.0,313.0,74.0,42.0,23.0,81.0,96.0,737.0,0.0
2020,115.0,anunoog01,22.0,tor,sf,69.0,68.0,2066.0,286.0,566.0,0.505,89.0,228.0,0.39,197.0,338.0,0.583,0.584,72.0,102.0,0.706,80.0,284.0,364.0,108.0,96.0,45.0,79.0,167.0,733.0,0.0
2020,116.0,garlada01,20.0,cle,sg,59.0,59.0,1824.0,280.0,699.0,0.401,105.0,296.0,0.355,175.0,403.0,0.434,0.476,63.0,72.0,0.875,27.0,84.0,111.0,229.0,42.0,4.0,151.0,92.0,728.0,0.0
2020,117.0,robingl02,26.0,tot,sf,62.0,52.0,1786.0,288.0,592.0,0.486,77.0,197.0,0.391,211.0,395.0,0.534,0.552,74.0,86.0,0.86,81.0,189.0,270.0,96.0,54.0,16.0,55.0,100.0,727.0,0.0
2020,118.0,gayru01,33.0,sas,pf,67.0,5.0,1461.0,266.0,596.0,0.446,74.0,220.0,0.336,192.0,376.0,0.511,0.508,120.0,136.0,0.882,61.0,301.0,362.0,114.0,35.0,33.0,88.0,103.0,726.0,0.0
2020,119.0,murrade01,23.0,sas,pg,66.0,58.0,1687.0,294.0,637.0,0.462,41.0,111.0,0.369,253.0,526.0,0.481,0.494,91.0,114.0,0.798,69.0,314.0,383.0,271.0,111.0,17.0,125.0,143.0,720.0,0.0
2020,120.0,osmande01,24.0,cle,sf,65.0,65.0,1910.0,266.0,609.0,0.437,123.0,321.0,0.383,143.0,288.0,0.497,0.538,63.0,94.0,0.67,39.0,192.0,231.0,154.0,54.0,16.0,91.0,160.0,718.0,0.0
2020,121.0,browntr01,20.0,was,sf,69.0,22.0,1782.0,273.0,622.0,0.439,61.0,179.0,0.341,212.0,443.0,0.479,0.488,109.0,139.0,0.784,76.0,307.0,383.0,178.0,85.0,7.0,79.0,132.0,716.0,0.0
2020,122.0,mclembe01,26.0,hou,sf,71.0,23.0,1619.0,242.0,545.0,0.444,181.0,452.0,0.4,61.0,93.0,0.656,0.61,50.0,67.0,0.746,21.0,136.0,157.0,58.0,45.0,16.0,50.0,155.0,715.0,0.0
2020,123.0,mcderdo01,28.0,ind,pf,69.0,0.0,1372.0,267.0,547.0,0.488,128.0,294.0,0.435,139.0,253.0,0.549,0.605,48.0,58.0,0.828,26.0,148.0,174.0,78.0,12.0,5.0,42.0,117.0,710.0,0.0
2020,124.0,washipj01,21.0,cho,pf,58.0,57.0,1759.0,268.0,589.0,0.455,86.0,230.0,0.374,182.0,359.0,0.507,0.528,88.0,136.0,0.647,58.0,258.0,316.0,123.0,51.0,44.0,93.0,158.0,710.0,0.0
2020,125.0,forbebr01,26.0,sas,sg,63.0,62.0,1579.0,242.0,581.0,0.417,148.0,381.0,0.388,94.0,200.0,0.47,0.544,75.0,90.0,0.833,12.0,114.0,126.0,108.0,33.0,0.0,57.0,113.0,707.0,0.0
2020,126.0,inglejo01,32.0,uta,pf,72.0,45.0,2137.0,246.0,553.0,0.445,141.0,353.0,0.399,105.0,200.0,0.525,0.572,74.0,94.0,0.787,27.0,251.0,278.0,373.0,65.0,11.0,142.0,154.0,707.0,0.0
2020,127.0,korkmfu01,22.0,phi,sg,72.0,12.0,1559.0,242.0,563.0,0.43,143.0,356.0,0.402,99.0,207.0,0.478,0.557,77.0,102.0,0.755,18.0,150.0,168.0,79.0,41.0,16.0,59.0,98.0,704.0,0.0
2020,128.0,saricda01,25.0,pho,pf,66.0,51.0,1632.0,256.0,538.0,0.476,84.0,235.0,0.357,172.0,303.0,0.568,0.554,108.0,128.0,0.844,100.0,306.0,406.0,123.0,37.0,16.0,88.0,156.0,704.0,0.0
2020,129.0,clarkbr01,23.0,mem,pf,58.0,4.0,1300.0,296.0,479.0,0.618,23.0,64.0,0.359,273.0,415.0,0.658,0.642,85.0,112.0,0.759,92.0,253.0,345.0,81.0,32.0,48.0,55.0,100.0,700.0,0.0
2020,130.0,aytonde01,21.0,pho,c,38.0,32.0,1236.0,310.0,568.0,0.546,3.0,13.0,0.231,307.0,555.0,0.553,0.548,67.0,89.0,0.753,147.0,289.0,436.0,72.0,26.0,58.0,80.0,117.0,690.0,0.0
2020,131.0,adamsst01,26.0,okc,c,63.0,63.0,1680.0,283.0,478.0,0.592,1.0,3.0,0.333,282.0,475.0,0.594,0.593,117.0,201.0,0.582,207.0,376.0,583.0,146.0,51.0,67.0,94.0,122.0,684.0,0.0
2020,132.0,huertke01,21.0,atl,sg,56.0,48.0,1760.0,252.0,610.0,0.413,127.0,334.0,0.38,125.0,276.0,0.453,0.517,53.0,64.0,0.828,35.0,193.0,228.0,213.0,51.0,27.0,87.0,139.0,684.0,0.0
2020,133.0,thomptr01,28.0,cle,c,57.0,51.0,1721.0,288.0,562.0,0.512,9.0,23.0,0.391,279.0,539.0,0.518,0.52,99.0,161.0,0.615,226.0,351.0,577.0,120.0,33.0,50.0,103.0,124.0,684.0,0.0
2020,134.0,crowdja01,29.0,tot,sf,65.0,53.0,1875.0,226.0,563.0,0.401,135.0,394.0,0.343,91.0,169.0,0.538,0.521,97.0,125.0,0.776,52.0,332.0,384.0,161.0,72.0,24.0,69.0,143.0,684.0,0.0
2020,135.0,finnedo01,26.0,dal,pf,71.0,68.0,2120.0,243.0,522.0,0.466,114.0,303.0,0.376,129.0,219.0,0.589,0.575,78.0,108.0,0.722,145.0,260.0,405.0,114.0,45.0,39.0,69.0,178.0,678.0,0.0
2020,136.0,gallola01,28.0,det,sg,66.0,6.0,1702.0,236.0,542.0,0.435,132.0,331.0,0.399,104.0,211.0,0.493,0.557,73.0,85.0,0.859,33.0,116.0,149.0,101.0,48.0,11.0,40.0,96.0,677.0,0.0
2020,137.0,conlemi01,32.0,uta,pg,47.0,41.0,1363.0,232.0,567.0,0.409,96.0,256.0,0.375,136.0,311.0,0.437,0.494,115.0,139.0,0.827,33.0,118.0,151.0,208.0,36.0,5.0,92.0,104.0,675.0,0.0
2020,138.0,klebima01,28.0,dal,pf,74.0,21.0,1890.0,237.0,514.0,0.461,119.0,319.0,0.373,118.0,195.0,0.605,0.577,79.0,93.0,0.849,112.0,276.0,388.0,88.0,25.0,83.0,58.0,176.0,672.0,0.0
2020,139.0,portibo01,24.0,nyk,pf,66.0,5.0,1393.0,265.0,589.0,0.45,67.0,187.0,0.358,198.0,402.0,0.493,0.507,71.0,93.0,0.763,80.0,258.0,338.0,98.0,32.0,18.0,73.0,110.0,668.0,0.0
2020,140.0,bridgmi01,23.0,pho,sf,73.0,32.0,2042.0,247.0,484.0,0.51,70.0,194.0,0.361,177.0,290.0,0.61,0.583,103.0,122.0,0.844,66.0,226.0,292.0,129.0,102.0,46.0,73.0,163.0,667.0,0.0
2020,141.0,houseda01,26.0,hou,sf,63.0,52.0,1913.0,230.0,539.0,0.427,129.0,355.0,0.363,101.0,184.0,0.549,0.546,73.0,90.0,0.811,57.0,210.0,267.0,85.0,67.0,34.0,54.0,132.0,662.0,0.0
2020,142.0,morrimo01,24.0,den,pg,73.0,12.0,1636.0,260.0,566.0,0.459,65.0,172.0,0.378,195.0,394.0,0.495,0.517,75.0,89.0,0.843,24.0,113.0,137.0,255.0,55.0,17.0,53.0,73.0,660.0,0.0
2020,143.0,youngth01,31.0,chi,pf,64.0,16.0,1591.0,269.0,601.0,0.448,79.0,222.0,0.356,190.0,379.0,0.501,0.513,42.0,72.0,0.583,94.0,221.0,315.0,117.0,92.0,23.0,102.0,134.0,659.0,0.0
2020,144.0,hartjo01,24.0,nop,sf,65.0,16.0,1755.0,225.0,532.0,0.423,121.0,354.0,0.342,104.0,178.0,0.584,0.537,85.0,115.0,0.739,61.0,364.0,425.0,108.0,63.0,23.0,75.0,160.0,656.0,0.0
2020,145.0,hachiru01,21.0,was,pf,48.0,48.0,1444.0,254.0,545.0,0.466,25.0,87.0,0.287,229.0,458.0,0.5,0.489,116.0,140.0,0.829,78.0,216.0,294.0,87.0,37.0,8.0,53.0,105.0,649.0,0.0
2020,146.0,caldwke01,26.0,lal,sg,69.0,26.0,1762.0,237.0,507.0,0.467,92.0,239.0,0.385,145.0,268.0,0.541,0.558,79.0,102.0,0.775,38.0,104.0,142.0,111.0,57.0,14.0,62.0,128.0,645.0,0.0
2020,147.0,satorto01,28.0,chi,sg,65.0,64.0,1878.0,237.0,551.0,0.43,64.0,199.0,0.322,173.0,352.0,0.491,0.488,106.0,121.0,0.876,76.0,178.0,254.0,354.0,80.0,7.0,130.0,135.0,644.0,0.0
2020,148.0,zelleco01,27.0,cho,c,58.0,39.0,1341.0,251.0,479.0,0.524,18.0,75.0,0.24,233.0,404.0,0.577,0.543,122.0,179.0,0.682,160.0,251.0,411.0,88.0,40.0,25.0,75.0,140.0,642.0,0.0
2020,149.0,templga01,33.0,brk,sg,62.0,35.0,1730.0,222.0,587.0,0.378,127.0,386.0,0.329,95.0,201.0,0.473,0.486,70.0,87.0,0.805,29.0,189.0,218.0,156.0,49.0,29.0,62.0,108.0,641.0,0.0
2020,150.0,teaguje01,31.0,tot,pg,59.0,17.0,1464.0,213.0,489.0,0.436,43.0,117.0,0.368,170.0,372.0,0.457,0.48,172.0,197.0,0.873,27.0,115.0,142.0,308.0,44.0,19.0,116.0,106.0,641.0,0.0
2020,151.0,holidaa01,23.0,ind,pg,66.0,33.0,1617.0,233.0,563.0,0.414,87.0,221.0,0.394,146.0,342.0,0.427,0.491,74.0,87.0,0.851,22.0,134.0,156.0,225.0,55.0,16.0,88.0,120.0,627.0,0.0
2020,152.0,leeda03,27.0,gsw,sg,49.0,36.0,1423.0,213.0,511.0,0.417,85.0,239.0,0.356,128.0,272.0,0.471,0.5,110.0,126.0,0.873,32.0,207.0,239.0,133.0,50.0,6.0,67.0,116.0,621.0,0.0
2020,153.0,beaslma01,23.0,tot,sg,55.0,14.0,1209.0,227.0,534.0,0.425,107.0,276.0,0.388,120.0,258.0,0.465,0.525,54.0,66.0,0.818,18.0,130.0,148.0,75.0,40.0,8.0,57.0,77.0,615.0,0.0
2020,154.0,divindo01,23.0,mil,sg,66.0,24.0,1520.0,232.0,510.0,0.455,83.0,247.0,0.336,149.0,263.0,0.567,0.536,63.0,86.0,0.733,66.0,252.0,318.0,154.0,85.0,20.0,90.0,113.0,610.0,0.0
2020,155.0,reddica01,20.0,atl,sf,58.0,34.0,1551.0,213.0,554.0,0.384,83.0,250.0,0.332,130.0,304.0,0.428,0.459,101.0,126.0,0.802,35.0,181.0,216.0,87.0,62.0,28.0,96.0,132.0,610.0,0.0
2020,156.0,bryanth01,22.0,was,c,46.0,36.0,1147.0,243.0,418.0,0.581,37.0,91.0,0.407,206.0,327.0,0.63,0.626,86.0,116.0,0.741,98.0,233.0,331.0,83.0,25.0,49.0,53.0,103.0,609.0,0.0
2020,157.0,holidju01,30.0,ind,sf,73.0,6.0,1826.0,208.0,486.0,0.428,134.0,331.0,0.405,74.0,155.0,0.477,0.566,53.0,67.0,0.791,32.0,206.0,238.0,93.0,87.0,46.0,44.0,137.0,603.0,0.0
2020,158.0,theisda01,27.0,bos,c,65.0,64.0,1566.0,241.0,426.0,0.566,32.0,96.0,0.333,209.0,330.0,0.633,0.603,87.0,114.0,0.763,140.0,286.0,426.0,111.0,37.0,84.0,54.0,219.0,601.0,0.0
2020,159.0,augusdj01,32.0,orl,pg,57.0,13.0,1420.0,184.0,461.0,0.399,70.0,201.0,0.348,114.0,260.0,0.438,0.475,161.0,181.0,0.89,22.0,100.0,122.0,262.0,34.0,1.0,86.0,72.0,599.0,0.0
2020,160.0,bazemke01,30.0,tot,sf,68.0,21.0,1688.0,200.0,534.0,0.375,84.0,244.0,0.344,116.0,290.0,0.4,0.453,113.0,147.0,0.769,27.0,267.0,294.0,93.0,74.0,40.0,91.0,196.0,597.0,0.0
2020,161.0,riverau01,27.0,hou,sg,68.0,4.0,1594.0,211.0,501.0,0.421,96.0,270.0,0.356,115.0,231.0,0.498,0.517,78.0,111.0,0.703,27.0,148.0,175.0,113.0,49.0,10.0,50.0,129.0,596.0,0.0
2020,162.0,zubaciv01,22.0,lac,c,72.0,70.0,1326.0,236.0,385.0,0.613,0.0,2.0,0.0,236.0,383.0,0.616,0.613,124.0,166.0,0.747,197.0,346.0,543.0,82.0,16.0,66.0,61.0,168.0,596.0,0.0
2020,163.0,millspa01,34.0,den,pf,51.0,48.0,1240.0,211.0,438.0,0.482,54.0,124.0,0.435,157.0,314.0,0.5,0.543,115.0,141.0,0.816,98.0,195.0,293.0,83.0,44.0,30.0,70.0,150.0,591.0,0.0
2020,164.0,robinmi01,21.0,nyk,c,61.0,7.0,1412.0,253.0,341.0,0.742,0.0,0.0,,253.0,341.0,0.742,0.742,84.0,148.0,0.568,186.0,242.0,428.0,36.0,52.0,119.0,37.0,194.0,590.0,0.0
2020,165.0,harriga01,25.0,den,sg,56.0,55.0,1780.0,218.0,519.0,0.42,70.0,210.0,0.333,148.0,309.0,0.479,0.487,75.0,92.0,0.815,26.0,137.0,163.0,118.0,76.0,14.0,60.0,116.0,581.0,0.0
2020,166.0,culveja01,20.0,min,sg,63.0,35.0,1506.0,230.0,569.0,0.404,66.0,221.0,0.299,164.0,348.0,0.471,0.462,54.0,117.0,0.462,70.0,142.0,212.0,110.0,57.0,38.0,81.0,125.0,580.0,0.0
2020,167.0,simonan01,20.0,por,sg,70.0,4.0,1449.0,214.0,536.0,0.399,75.0,226.0,0.332,139.0,310.0,0.448,0.469,76.0,92.0,0.826,25.0,127.0,152.0,97.0,26.0,10.0,61.0,135.0,579.0,0.0
2020,168.0,napiesh01,28.0,tot,pg,56.0,32.0,1344.0,188.0,456.0,0.412,76.0,240.0,0.317,112.0,216.0,0.519,0.496,126.0,153.0,0.824,26.0,132.0,158.0,262.0,69.0,11.0,128.0,101.0,578.0,1.0
2020,169.0,lambje01,27.0,ind,sg,46.0,42.0,1291.0,216.0,479.0,0.451,53.0,158.0,0.335,163.0,321.0,0.508,0.506,92.0,110.0,0.836,24.0,176.0,200.0,96.0,55.0,22.0,50.0,104.0,577.0,0.0
2020,170.0,monkma01,21.0,cho,sg,55.0,1.0,1169.0,212.0,488.0,0.434,58.0,204.0,0.284,154.0,284.0,0.542,0.494,82.0,100.0,0.82,27.0,130.0,157.0,114.0,25.0,16.0,77.0,74.0,564.0,0.0
2020,171.0,nancela02,27.0,cle,pf,56.0,10.0,1472.0,229.0,431.0,0.531,56.0,159.0,0.352,173.0,272.0,0.636,0.596,50.0,74.0,0.676,106.0,303.0,409.0,123.0,56.0,22.0,60.0,91.0,564.0,0.0
2020,172.0,morrima02,30.0,tot,pf,58.0,17.0,1187.0,203.0,458.0,0.443,88.0,228.0,0.386,115.0,230.0,0.5,0.539,66.0,85.0,0.776,40.0,178.0,218.0,77.0,31.0,17.0,76.0,133.0,560.0,0.0
2020,173.0,hillge01,33.0,mil,pg,59.0,2.0,1271.0,194.0,376.0,0.516,81.0,176.0,0.46,113.0,200.0,0.565,0.624,85.0,101.0,0.842,50.0,127.0,177.0,180.0,47.0,5.0,57.0,84.0,554.0,0.0
2020,174.0,olynyke01,28.0,mia,c,67.0,9.0,1300.0,184.0,398.0,0.462,95.0,234.0,0.406,89.0,164.0,0.543,0.582,86.0,100.0,0.86,44.0,261.0,305.0,116.0,45.0,23.0,71.0,173.0,549.0,0.0
2020,175.0,chrisma01,22.0,gsw,pf,59.0,21.0,1196.0,210.0,385.0,0.545,8.0,39.0,0.205,202.0,346.0,0.584,0.556,120.0,156.0,0.769,114.0,251.0,365.0,114.0,39.0,62.0,78.0,122.0,548.0,0.0
2020,176.0,irvinky01,27.0,brk,pg,20.0,20.0,658.0,199.0,416.0,0.478,56.0,142.0,0.394,143.0,274.0,0.522,0.546,94.0,102.0,0.922,22.0,81.0,103.0,128.0,27.0,10.0,52.0,53.0,548.0,1.0
2020,177.0,greenda02,32.0,lal,sg,68.0,68.0,1687.0,197.0,474.0,0.416,120.0,327.0,0.367,77.0,147.0,0.524,0.542,33.0,48.0,0.688,51.0,174.0,225.0,91.0,85.0,32.0,63.0,136.0,547.0,0.0
2020,178.0,capelca01,25.0,hou,c,39.0,39.0,1279.0,244.0,388.0,0.629,0.0,0.0,,244.0,388.0,0.629,0.629,55.0,104.0,0.529,168.0,369.0,537.0,48.0,33.0,72.0,63.0,102.0,543.0,0.0
2020,179.0,daviste02,22.0,tor,sg,72.0,4.0,1209.0,199.0,436.0,0.456,94.0,242.0,0.388,105.0,194.0,0.541,0.564,51.0,59.0,0.864,50.0,187.0,237.0,115.0,39.0,14.0,76.0,124.0,543.0,0.0
2020,180.0,trentga02,21.0,por,sf,61.0,8.0,1332.0,196.0,441.0,0.444,112.0,268.0,0.418,84.0,173.0,0.486,0.571,37.0,45.0,0.822,25.0,75.0,100.0,61.0,48.0,16.0,21.0,90.0,541.0,0.0
2020,181.0,willizi01,19.0,nop,pf,24.0,24.0,668.0,210.0,360.0,0.583,6.0,14.0,0.429,204.0,346.0,0.59,0.592,114.0,178.0,0.64,64.0,86.0,150.0,50.0,16.0,9.0,59.0,42.0,540.0,0.0
2020,182.0,holmeri01,26.0,sac,c,44.0,38.0,1242.0,223.0,344.0,0.648,0.0,0.0,,223.0,344.0,0.648,0.648,93.0,118.0,0.788,127.0,231.0,358.0,42.0,41.0,56.0,52.0,169.0,539.0,0.0
2020,183.0,okogijo01,21.0,min,sg,62.0,28.0,1547.0,170.0,398.0,0.427,41.0,154.0,0.266,129.0,244.0,0.529,0.479,152.0,191.0,0.796,87.0,181.0,268.0,99.0,68.0,26.0,87.0,139.0,533.0,0.0
2020,184.0,parkeja01,24.0,tot,pf,38.0,23.0,917.0,219.0,429.0,0.51,32.0,119.0,0.269,187.0,310.0,0.603,0.548,61.0,81.0,0.753,61.0,153.0,214.0,68.0,45.0,16.0,64.0,99.0,531.0,0.0
2020,185.0,gordoer01,31.0,hou,sf,36.0,15.0,1016.0,171.0,463.0,0.369,96.0,303.0,0.317,75.0,160.0,0.469,0.473,82.0,107.0,0.766,9.0,62.0,71.0,54.0,23.0,13.0,43.0,70.0,520.0,0.0
2020,186.0,brownbr01,23.0,det,pg,58.0,43.0,1634.0,198.0,447.0,0.443,33.0,96.0,0.344,165.0,351.0,0.47,0.48,88.0,119.0,0.739,61.0,213.0,274.0,230.0,63.0,29.0,100.0,162.0,517.0,0.0
2020,187.0,howardw01,34.0,lal,c,69.0,2.0,1306.0,202.0,277.0,0.729,3.0,5.0,0.6,199.0,272.0,0.732,0.735,110.0,214.0,0.514,172.0,335.0,507.0,45.0,31.0,79.0,84.0,222.0,517.0,0.0
2020,188.0,portemi01,21.0,den,sf,55.0,8.0,903.0,195.0,383.0,0.509,62.0,147.0,0.422,133.0,236.0,0.564,0.59,60.0,72.0,0.833,66.0,193.0,259.0,46.0,27.0,25.0,49.0,100.0,512.0,0.0
2020,189.0,johnsca02,23.0,pho,pf,57.0,9.0,1255.0,176.0,405.0,0.435,106.0,272.0,0.39,70.0,133.0,0.526,0.565,46.0,57.0,0.807,49.0,138.0,187.0,69.0,36.0,20.0,32.0,88.0,504.0,0.0
2020,190.0,mykhasv01,22.0,det,sf,56.0,27.0,1265.0,166.0,405.0,0.41,115.0,285.0,0.404,51.0,120.0,0.425,0.552,57.0,70.0,0.814,17.0,87.0,104.0,106.0,41.0,4.0,61.0,87.0,504.0,0.0
2020,191.0,wrighde01,27.0,dal,pg,73.0,5.0,1570.0,190.0,411.0,0.462,47.0,127.0,0.37,143.0,284.0,0.504,0.519,77.0,100.0,0.77,70.0,210.0,280.0,244.0,85.0,22.0,73.0,93.0,504.0,0.0
2020,192.0,poolejo01,20.0,gsw,sg,57.0,14.0,1274.0,167.0,502.0,0.333,74.0,265.0,0.279,93.0,237.0,0.392,0.406,95.0,119.0,0.798,9.0,109.0,118.0,134.0,35.0,10.0,74.0,94.0,503.0,0.0
2020,193.0,jonesde02,22.0,mia,sf,59.0,16.0,1375.0,184.0,349.0,0.527,37.0,132.0,0.28,147.0,217.0,0.677,0.58,95.0,123.0,0.772,66.0,167.0,233.0,62.0,58.0,38.0,30.0,130.0,500.0,0.0
2020,194.0,tuckepj01,34.0,hou,pf,72.0,72.0,2467.0,177.0,426.0,0.415,107.0,299.0,0.358,70.0,127.0,0.551,0.541,39.0,48.0,0.813,112.0,364.0,476.0,115.0,77.0,36.0,72.0,229.0,500.0,0.0
2020,195.0,porteke02,19.0,cle,sf,50.0,3.0,1162.0,186.0,421.0,0.442,53.0,158.0,0.335,133.0,263.0,0.506,0.505,73.0,101.0,0.723,22.0,140.0,162.0,109.0,46.0,14.0,93.0,135.0,498.0,0.0
2020,196.0,matthwe02,33.0,mil,sg,67.0,67.0,1635.0,167.0,422.0,0.396,108.0,297.0,0.364,59.0,125.0,0.472,0.524,52.0,68.0,0.765,22.0,144.0,166.0,92.0,38.0,9.0,43.0,103.0,494.0,0.0
2020,197.0,shamela01,22.0,lac,sg,53.0,30.0,1452.0,158.0,391.0,0.404,111.0,296.0,0.375,47.0,95.0,0.495,0.546,65.0,76.0,0.855,6.0,94.0,100.0,99.0,20.0,10.0,42.0,142.0,492.0,0.0
2020,198.0,thomais02,30.0,was,pg,40.0,37.0,925.0,174.0,426.0,0.408,78.0,189.0,0.413,96.0,237.0,0.405,0.5,62.0,76.0,0.816,11.0,57.0,68.0,146.0,13.0,6.0,77.0,77.0,488.0,0.0
2020,199.0,wanambr01,30.0,bos,pg,71.0,1.0,1369.0,162.0,362.0,0.448,37.0,102.0,0.363,125.0,260.0,0.481,0.499,126.0,136.0,0.926,22.0,122.0,144.0,179.0,61.0,14.0,76.0,133.0,487.0,0.0
2020,200.0,cartewe01,20.0,chi,c,43.0,43.0,1256.0,183.0,343.0,0.534,6.0,29.0,0.207,177.0,314.0,0.564,0.542,112.0,152.0,0.737,139.0,266.0,405.0,51.0,33.0,36.0,72.0,162.0,484.0,0.0
2020,201.0,jonesty01,23.0,mem,pg,65.0,6.0,1232.0,197.0,429.0,0.459,47.0,124.0,0.379,150.0,305.0,0.492,0.514,43.0,58.0,0.741,9.0,94.0,103.0,285.0,59.0,6.0,55.0,44.0,484.0,0.0
2020,202.0,baynear01,33.0,pho,c,42.0,28.0,934.0,183.0,381.0,0.48,59.0,168.0,0.351,124.0,213.0,0.582,0.558,56.0,75.0,0.747,71.0,166.0,237.0,67.0,10.0,23.0,50.0,141.0,481.0,0.0
2020,203.0,snellto01,28.0,det,sf,59.0,57.0,1641.0,170.0,382.0,0.445,102.0,254.0,0.402,68.0,128.0,0.531,0.579,32.0,32.0,1.0,9.0,102.0,111.0,127.0,32.0,15.0,31.0,101.0,474.0,0.0
2020,204.0,hayesja02,19.0,nop,c,64.0,14.0,1080.0,174.0,259.0,0.672,1.0,4.0,0.25,173.0,255.0,0.678,0.674,123.0,190.0,0.647,97.0,162.0,259.0,56.0,26.0,55.0,53.0,161.0,472.0,0.0
2020,205.0,kanteen01,27.0,bos,c,58.0,7.0,983.0,199.0,348.0,0.572,1.0,7.0,0.143,198.0,341.0,0.581,0.573,70.0,99.0,0.707,163.0,268.0,431.0,56.0,22.0,41.0,56.0,100.0,469.0,0.0
2020,206.0,brunsja01,23.0,dal,pg,57.0,16.0,1022.0,181.0,388.0,0.466,43.0,120.0,0.358,138.0,268.0,0.515,0.522,61.0,75.0,0.813,22.0,112.0,134.0,188.0,22.0,4.0,66.0,74.0,466.0,0.0
2020,207.0,mooreet01,30.0,nop,sg,56.0,6.0,1020.0,186.0,437.0,0.426,63.0,167.0,0.377,123.0,270.0,0.456,0.498,31.0,45.0,0.689,31.0,100.0,131.0,78.0,32.0,11.0,40.0,80.0,466.0,0.0
2020,208.0,jordade01,31.0,brk,c,56.0,6.0,1234.0,191.0,287.0,0.666,0.0,0.0,,191.0,287.0,0.666,0.666,83.0,122.0,0.68,141.0,420.0,561.0,105.0,18.0,52.0,74.0,114.0,465.0,0.0
2020,209.0,mccontj01,27.0,ind,pg,71.0,3.0,1326.0,212.0,411.0,0.516,5.0,17.0,0.294,207.0,394.0,0.525,0.522,35.0,42.0,0.833,38.0,151.0,189.0,355.0,56.0,11.0,100.0,73.0,464.0,0.0
2020,210.0,dienggo01,30.0,tot,c,63.0,17.0,1096.0,166.0,364.0,0.456,54.0,152.0,0.355,112.0,212.0,0.528,0.53,78.0,101.0,0.772,91.0,263.0,354.0,73.0,51.0,59.0,60.0,124.0,464.0,0.0
2020,211.0,favorde01,28.0,nop,c,51.0,49.0,1243.0,209.0,339.0,0.617,1.0,7.0,0.143,208.0,332.0,0.627,0.618,40.0,71.0,0.563,163.0,338.0,501.0,81.0,30.0,46.0,55.0,107.0,459.0,0.0
2020,212.0,josepco01,28.0,sac,pg,72.0,26.0,1759.0,171.0,412.0,0.415,56.0,159.0,0.352,115.0,253.0,0.455,0.483,60.0,70.0,0.857,44.0,144.0,188.0,251.0,53.0,21.0,80.0,133.0,458.0,0.0
2020,213.0,meltode01,21.0,mem,pg,60.0,8.0,1167.0,161.0,401.0,0.401,40.0,140.0,0.286,121.0,261.0,0.464,0.451,93.0,121.0,0.769,43.0,177.0,220.0,175.0,77.0,20.0,84.0,109.0,455.0,0.0
2020,214.0,ennisja01,29.0,tot,sg,69.0,18.0,1265.0,160.0,359.0,0.446,55.0,169.0,0.325,105.0,190.0,0.553,0.522,79.0,98.0,0.806,71.0,174.0,245.0,63.0,35.0,22.0,58.0,137.0,454.0,0.0
2020,215.0,greenje02,33.0,tot,c,48.0,4.0,960.0,159.0,344.0,0.462,62.0,183.0,0.339,97.0,161.0,0.602,0.552,73.0,91.0,0.802,24.0,109.0,133.0,50.0,26.0,19.0,42.0,89.0,453.0,0.0
2020,216.0,onealro01,26.0,uta,sf,71.0,62.0,2049.0,158.0,365.0,0.433,92.0,244.0,0.377,66.0,121.0,0.545,0.559,42.0,55.0,0.764,27.0,362.0,389.0,180.0,59.0,32.0,61.0,202.0,450.0,0.0
2020,217.0,noelne01,25.0,okc,c,61.0,7.0,1127.0,184.0,269.0,0.684,1.0,3.0,0.333,183.0,266.0,0.688,0.686,80.0,106.0,0.755,91.0,209.0,300.0,57.0,59.0,91.0,66.0,166.0,449.0,0.0
2020,218.0,paytoel01,25.0,nyk,pg,45.0,36.0,1246.0,193.0,440.0,0.439,14.0,69.0,0.203,179.0,371.0,0.482,0.455,49.0,86.0,0.57,52.0,160.0,212.0,323.0,70.0,17.0,96.0,89.0,449.0,1.0
2020,219.0,mcgeeja01,32.0,lal,c,68.0,68.0,1130.0,195.0,306.0,0.637,3.0,6.0,0.5,192.0,300.0,0.64,0.642,53.0,82.0,0.646,125.0,265.0,390.0,37.0,36.0,94.0,55.0,159.0,446.0,0.0
2020,220.0,kennalu01,23.0,det,sg,28.0,25.0,922.0,151.0,342.0,0.442,73.0,183.0,0.399,78.0,159.0,0.491,0.548,67.0,75.0,0.893,9.0,89.0,98.0,115.0,12.0,6.0,43.0,65.0,442.0,0.0
2020,221.0,lenal01,26.0,tot,c,55.0,12.0,970.0,177.0,319.0,0.555,16.0,59.0,0.271,161.0,260.0,0.619,0.58,68.0,105.0,0.648,100.0,221.0,321.0,50.0,23.0,48.0,55.0,127.0,438.0,0.0
2020,222.0,plumlma01,29.0,den,c,61.0,1.0,1057.0,177.0,288.0,0.615,0.0,5.0,0.0,177.0,283.0,0.625,0.615,83.0,155.0,0.535,98.0,219.0,317.0,154.0,33.0,38.0,82.0,143.0,437.0,0.0
2020,223.0,greenja01,29.0,lac,pf,63.0,1.0,1307.0,151.0,352.0,0.429,92.0,238.0,0.387,59.0,114.0,0.518,0.56,36.0,48.0,0.75,77.0,311.0,388.0,49.0,29.0,24.0,54.0,174.0,430.0,0.0
2020,224.0,mcraejo01,28.0,tot,sg,37.0,4.0,784.0,149.0,366.0,0.407,45.0,126.0,0.357,104.0,240.0,0.433,0.469,83.0,109.0,0.761,18.0,106.0,124.0,93.0,21.0,16.0,43.0,73.0,426.0,0.0
2020,225.0,bradlav01,29.0,lal,sg,49.0,44.0,1186.0,170.0,383.0,0.444,63.0,173.0,0.364,107.0,210.0,0.51,0.526,20.0,24.0,0.833,18.0,97.0,115.0,63.0,43.0,5.0,47.0,110.0,423.0,0.0
2020,226.0,arizatr01,34.0,tot,sf,53.0,21.0,1493.0,142.0,324.0,0.438,77.0,207.0,0.372,65.0,117.0,0.556,0.557,62.0,74.0,0.838,34.0,212.0,246.0,91.0,69.0,15.0,56.0,111.0,423.0,0.0
2020,227.0,knoxke01,20.0,nyk,sf,65.0,4.0,1166.0,144.0,401.0,0.359,65.0,199.0,0.327,79.0,202.0,0.391,0.44,66.0,101.0,0.653,28.0,156.0,184.0,61.0,23.0,28.0,45.0,106.0,419.0,0.0
2020,228.0,holliro01,25.0,tor,pf,60.0,6.0,1122.0,155.0,329.0,0.471,3.0,23.0,0.13,152.0,306.0,0.497,0.476,105.0,143.0,0.734,110.0,173.0,283.0,106.0,46.0,23.0,59.0,115.0,418.0,0.0
2020,229.0,ilyaser01,32.0,mil,pf,63.0,8.0,986.0,146.0,313.0,0.466,50.0,137.0,0.365,96.0,176.0,0.545,0.546,72.0,87.0,0.828,62.0,240.0,302.0,49.0,24.0,17.0,34.0,95.0,414.0,0.0
2020,230.0,bouchch01,27.0,tor,c,62.0,0.0,819.0,141.0,299.0,0.472,38.0,118.0,0.322,103.0,181.0,0.569,0.535,91.0,116.0,0.784,107.0,170.0,277.0,26.0,22.0,61.0,28.0,114.0,411.0,0.0
2020,231.0,scottmi01,31.0,phi,pf,68.0,11.0,1207.0,149.0,350.0,0.426,80.0,217.0,0.369,69.0,133.0,0.519,0.54,30.0,37.0,0.811,65.0,183.0,248.0,56.0,21.0,5.0,26.0,96.0,408.0,0.0
2020,232.0,beverpa01,31.0,lac,pg,51.0,50.0,1342.0,147.0,341.0,0.431,80.0,206.0,0.388,67.0,135.0,0.496,0.548,31.0,47.0,0.66,57.0,209.0,266.0,183.0,54.0,25.0,66.0,156.0,405.0,0.0
2020,233.0,isaacjo01,22.0,orl,pf,34.0,32.0,980.0,156.0,332.0,0.47,32.0,94.0,0.34,124.0,238.0,0.521,0.518,60.0,77.0,0.779,58.0,173.0,231.0,48.0,53.0,78.0,49.0,83.0,404.0,0.0
2020,234.0,lylestr01,24.0,sas,pf,63.0,53.0,1271.0,153.0,343.0,0.446,65.0,168.0,0.387,88.0,175.0,0.503,0.541,33.0,45.0,0.733,71.0,290.0,361.0,69.0,28.0,28.0,39.0,98.0,404.0,0.0
2020,235.0,mellini01,29.0,nop,c,60.0,8.0,1042.0,136.0,323.0,0.421,69.0,206.0,0.335,67.0,117.0,0.573,0.528,54.0,73.0,0.74,38.0,142.0,180.0,82.0,34.0,23.0,46.0,124.0,395.0,0.0
2020,236.0,mudiaem01,23.0,uta,pg,54.0,2.0,850.0,151.0,327.0,0.462,30.0,87.0,0.345,121.0,240.0,0.504,0.508,63.0,83.0,0.759,18.0,108.0,126.0,116.0,24.0,10.0,76.0,72.0,395.0,0.0
2020,237.0,biyombi01,27.0,cho,c,53.0,29.0,1029.0,151.0,278.0,0.543,0.0,0.0,,151.0,278.0,0.543,0.543,91.0,151.0,0.603,120.0,188.0,308.0,50.0,10.0,49.0,48.0,116.0,393.0,0.0
2020,238.0,wagnemo01,22.0,was,c,45.0,5.0,835.0,145.0,266.0,0.545,25.0,80.0,0.313,120.0,186.0,0.645,0.592,78.0,95.0,0.821,56.0,163.0,219.0,56.0,28.0,19.0,66.0,152.0,393.0,0.0
2020,239.0,niangge01,26.0,uta,pf,66.0,1.0,923.0,141.0,322.0,0.438,90.0,225.0,0.4,51.0,97.0,0.526,0.578,20.0,24.0,0.833,15.0,112.0,127.0,44.0,18.0,5.0,30.0,75.0,392.0,0.0
2020,240.0,anderky01,26.0,mem,sf,67.0,28.0,1330.0,157.0,331.0,0.474,24.0,85.0,0.282,133.0,246.0,0.541,0.511,52.0,78.0,0.667,58.0,227.0,285.0,162.0,54.0,37.0,66.0,111.0,390.0,0.0
2020,241.0,caulewi01,26.0,tot,c,54.0,39.0,1097.0,175.0,302.0,0.579,0.0,1.0,0.0,175.0,301.0,0.581,0.579,40.0,66.0,0.606,84.0,231.0,315.0,70.0,49.0,61.0,40.0,121.0,390.0,0.0
2020,242.0,walkelo01,21.0,sas,sg,61.0,12.0,988.0,152.0,357.0,0.426,41.0,101.0,0.406,111.0,256.0,0.434,0.483,44.0,61.0,0.721,23.0,116.0,139.0,68.0,32.0,14.0,44.0,78.0,389.0,0.0
2020,243.0,korveky01,38.0,mil,sf,58.0,1.0,960.0,126.0,293.0,0.43,99.0,237.0,0.418,27.0,56.0,0.482,0.599,35.0,41.0,0.854,15.0,107.0,122.0,68.0,26.0,12.0,48.0,78.0,386.0,0.0
2020,244.0,gibsota01,34.0,nyk,c,62.0,56.0,1025.0,167.0,286.0,0.584,4.0,14.0,0.286,163.0,272.0,0.599,0.591,41.0,56.0,0.732,111.0,156.0,267.0,52.0,27.0,30.0,47.0,122.0,379.0,0.0
2020,245.0,kaminfr01,26.0,pho,c,39.0,13.0,777.0,138.0,307.0,0.45,41.0,124.0,0.331,97.0,183.0,0.53,0.516,61.0,90.0,0.678,35.0,141.0,176.0,75.0,14.0,10.0,37.0,75.0,378.0,0.0
2020,246.0,miltosh01,23.0,phi,sg,40.0,24.0,805.0,134.0,277.0,0.484,58.0,135.0,0.43,76.0,142.0,0.535,0.588,51.0,65.0,0.785,15.0,73.0,88.0,104.0,20.0,7.0,47.0,92.0,377.0,0.0
2020,247.0,poweldw01,28.0,dal,c,40.0,37.0,1061.0,146.0,229.0,0.638,10.0,39.0,0.256,136.0,190.0,0.716,0.659,74.0,111.0,0.667,75.0,152.0,227.0,59.0,34.0,22.0,36.0,102.0,376.0,0.0
2020,248.0,dunnkr01,25.0,chi,pg,51.0,32.0,1269.0,152.0,342.0,0.444,29.0,112.0,0.259,123.0,230.0,0.535,0.487,40.0,54.0,0.741,23.0,163.0,186.0,173.0,101.0,17.0,68.0,158.0,373.0,0.0
2020,249.0,poeltja01,24.0,sas,c,66.0,18.0,1171.0,166.0,266.0,0.624,0.0,0.0,,166.0,266.0,0.624,0.624,40.0,86.0,0.465,131.0,244.0,375.0,116.0,37.0,95.0,54.0,126.0,372.0,0.0
2020,250.0,jacksfr01,21.0,nop,pg,59.0,2.0,797.0,134.0,331.0,0.405,47.0,144.0,0.326,87.0,187.0,0.465,0.476,56.0,75.0,0.747,22.0,61.0,83.0,61.0,17.0,4.0,49.0,77.0,371.0,0.0
2020,251.0,spellom01,22.0,gsw,c,49.0,3.0,886.0,127.0,295.0,0.431,43.0,110.0,0.391,84.0,185.0,0.454,0.503,73.0,92.0,0.793,77.0,142.0,219.0,47.0,33.0,24.0,54.0,63.0,370.0,0.0
2020,252.0,jacksre01,29.0,tot,pg,31.0,16.0,743.0,134.0,326.0,0.411,57.0,145.0,0.393,77.0,181.0,0.425,0.498,45.0,54.0,0.833,17.0,75.0,92.0,126.0,13.0,5.0,51.0,59.0,370.0,0.0
2020,253.0,luwawti01,24.0,brk,sf,47.0,2.0,853.0,117.0,269.0,0.435,62.0,160.0,0.388,55.0,109.0,0.505,0.55,69.0,81.0,0.852,29.0,98.0,127.0,29.0,18.0,7.0,37.0,106.0,365.0,0.0
2020,254.0,belinma01,33.0,sas,sg,57.0,0.0,883.0,123.0,314.0,0.392,67.0,178.0,0.376,56.0,136.0,0.412,0.498,48.0,58.0,0.828,7.0,92.0,99.0,69.0,12.0,1.0,19.0,45.0,361.0,0.0
2020,255.0,connapa01,27.0,mil,sg,67.0,4.0,1243.0,137.0,301.0,0.455,55.0,166.0,0.331,82.0,135.0,0.607,0.547,31.0,40.0,0.775,60.0,224.0,284.0,107.0,25.0,31.0,52.0,70.0,360.0,0.0
2020,256.0,jacksju01,24.0,dal,pf,65.0,3.0,1045.0,135.0,341.0,0.396,48.0,163.0,0.294,87.0,178.0,0.489,0.466,42.0,50.0,0.84,27.0,127.0,154.0,52.0,15.0,10.0,14.0,69.0,360.0,0.0
2020,257.0,lopezro01,31.0,mil,c,66.0,5.0,958.0,147.0,299.0,0.492,35.0,105.0,0.333,112.0,194.0,0.577,0.55,28.0,53.0,0.528,56.0,105.0,161.0,45.0,10.0,45.0,63.0,96.0,357.0,0.0
2020,258.0,ntilila01,21.0,nyk,pg,57.0,26.0,1187.0,131.0,333.0,0.393,44.0,137.0,0.321,87.0,196.0,0.444,0.459,51.0,59.0,0.864,23.0,98.0,121.0,172.0,54.0,16.0,71.0,142.0,357.0,0.0
2020,259.0,harklma01,26.0,tot,pf,62.0,48.0,1427.0,142.0,283.0,0.502,34.0,98.0,0.347,108.0,185.0,0.584,0.562,39.0,66.0,0.591,55.0,185.0,240.0,68.0,58.0,33.0,53.0,148.0,357.0,0.0
2020,260.0,carusal01,25.0,lal,pg,64.0,2.0,1175.0,120.0,291.0,0.412,40.0,120.0,0.333,80.0,171.0,0.468,0.481,69.0,94.0,0.734,17.0,106.0,123.0,124.0,70.0,18.0,53.0,98.0,349.0,0.0
2020,261.0,greendr01,29.0,gsw,pf,43.0,43.0,1222.0,123.0,316.0,0.389,36.0,129.0,0.279,87.0,187.0,0.465,0.446,63.0,83.0,0.759,23.0,243.0,266.0,266.0,59.0,33.0,98.0,110.0,345.0,2.0
2020,262.0,naderab01,26.0,okc,sf,55.0,6.0,867.0,123.0,263.0,0.468,48.0,128.0,0.375,75.0,135.0,0.556,0.559,51.0,66.0,0.773,14.0,86.0,100.0,38.0,23.0,20.0,43.0,78.0,345.0,0.0
2020,263.0,willima02,33.0,tot,pf,58.0,1.0,1129.0,119.0,267.0,0.446,56.0,156.0,0.359,63.0,111.0,0.568,0.551,49.0,57.0,0.86,30.0,153.0,183.0,60.0,36.0,30.0,33.0,103.0,343.0,0.0
2020,264.0,bazleda01,19.0,okc,pf,61.0,9.0,1130.0,125.0,317.0,0.394,49.0,141.0,0.348,76.0,176.0,0.432,0.472,43.0,62.0,0.694,30.0,216.0,246.0,41.0,23.0,41.0,45.0,55.0,342.0,0.0
2020,265.0,rondora01,33.0,lal,pg,48.0,3.0,984.0,137.0,328.0,0.418,41.0,125.0,0.328,96.0,203.0,0.473,0.48,27.0,41.0,0.659,23.0,119.0,142.0,240.0,40.0,2.0,91.0,58.0,342.0,0.0
2020,266.0,bowmaky01,22.0,gsw,pg,45.0,12.0,1015.0,134.0,321.0,0.417,33.0,107.0,0.308,101.0,214.0,0.472,0.469,34.0,41.0,0.829,24.0,97.0,121.0,131.0,44.0,10.0,70.0,102.0,335.0,0.0
2020,267.0,bambamo01,21.0,orl,c,62.0,0.0,878.0,132.0,286.0,0.462,37.0,107.0,0.346,95.0,179.0,0.531,0.526,31.0,46.0,0.674,100.0,202.0,302.0,42.0,23.0,86.0,42.0,116.0,332.0,0.0
2020,268.0,gasolma01,35.0,tor,c,44.0,43.0,1161.0,119.0,279.0,0.427,57.0,148.0,0.385,62.0,131.0,0.473,0.529,36.0,49.0,0.735,31.0,244.0,275.0,147.0,34.0,38.0,59.0,124.0,331.0,0.0
2020,269.0,allengr01,24.0,mem,sg,38.0,0.0,718.0,117.0,251.0,0.466,57.0,141.0,0.404,60.0,110.0,0.545,0.58,39.0,45.0,0.867,8.0,77.0,85.0,52.0,10.0,2.0,33.0,53.0,330.0,0.0
2020,270.0,bongais01,20.0,was,sf,66.0,49.0,1250.0,118.0,234.0,0.504,25.0,71.0,0.352,93.0,163.0,0.571,0.558,69.0,85.0,0.812,71.0,151.0,222.0,76.0,45.0,22.0,58.0,156.0,330.0,0.0
2020,271.0,cartemi01,28.0,orl,sg,45.0,0.0,833.0,111.0,260.0,0.427,22.0,75.0,0.293,89.0,185.0,0.481,0.469,79.0,95.0,0.832,46.0,101.0,147.0,109.0,49.0,22.0,52.0,87.0,323.0,0.0
2020,272.0,hillso01,28.0,tot,pf,59.0,4.0,1088.0,110.0,278.0,0.396,63.0,171.0,0.368,47.0,107.0,0.439,0.509,40.0,54.0,0.741,29.0,136.0,165.0,104.0,43.0,12.0,51.0,85.0,323.0,0.0
2020,273.0,dotsoda01,25.0,nyk,sg,48.0,0.0,836.0,120.0,290.0,0.414,59.0,163.0,0.362,61.0,127.0,0.48,0.516,22.0,33.0,0.667,10.0,81.0,91.0,57.0,23.0,4.0,21.0,44.0,321.0,0.0
2020,274.0,robinje01,22.0,tot,sg,63.0,6.0,979.0,115.0,310.0,0.371,49.0,153.0,0.32,66.0,157.0,0.42,0.45,40.0,57.0,0.702,13.0,116.0,129.0,87.0,28.0,17.0,49.0,112.0,319.0,0.0
2020,275.0,diallha01,21.0,okc,sf,46.0,3.0,896.0,132.0,296.0,0.446,16.0,57.0,0.281,116.0,239.0,0.485,0.473,38.0,63.0,0.603,44.0,123.0,167.0,36.0,37.0,9.0,51.0,101.0,318.0,0.0
2020,276.0,gilesha01,21.0,sac,c,46.0,17.0,667.0,139.0,251.0,0.554,0.0,2.0,0.0,139.0,249.0,0.558,0.554,38.0,49.0,0.776,43.0,145.0,188.0,60.0,22.0,18.0,44.0,119.0,316.0,0.0
2020,277.0,craigto01,29.0,den,sf,58.0,27.0,1072.0,124.0,269.0,0.461,45.0,138.0,0.326,79.0,131.0,0.603,0.545,22.0,36.0,0.611,63.0,126.0,189.0,47.0,23.0,36.0,25.0,135.0,315.0,0.0
2020,278.0,leoname01,27.0,mia,c,51.0,49.0,1034.0,119.0,234.0,0.509,53.0,128.0,0.414,66.0,106.0,0.623,0.622,18.0,28.0,0.643,30.0,230.0,260.0,55.0,14.0,15.0,39.0,107.0,309.0,0.0
2020,279.0,jonesda03,24.0,atl,c,55.0,27.0,887.0,121.0,178.0,0.68,2.0,9.0,0.222,119.0,169.0,0.704,0.685,62.0,84.0,0.738,74.0,132.0,206.0,35.0,26.0,40.0,28.0,149.0,306.0,0.0
2020,280.0,thybuma01,22.0,phi,sg,65.0,14.0,1287.0,112.0,265.0,0.423,56.0,157.0,0.357,56.0,108.0,0.519,0.528,25.0,41.0,0.61,44.0,63.0,107.0,79.0,94.0,47.0,51.0,141.0,305.0,0.0
2020,281.0,iwundwe01,25.0,orl,sf,52.0,21.0,953.0,97.0,233.0,0.416,28.0,82.0,0.341,69.0,151.0,0.457,0.476,78.0,97.0,0.804,24.0,107.0,131.0,60.0,25.0,13.0,26.0,80.0,300.0,0.0
2020,282.0,cartevi01,43.0,atl,pf,60.0,0.0,876.0,107.0,304.0,0.352,61.0,202.0,0.302,46.0,102.0,0.451,0.452,23.0,29.0,0.793,18.0,106.0,124.0,48.0,23.0,25.0,33.0,90.0,298.0,0.0
2020,283.0,pattepa01,30.0,lac,pf,59.0,18.0,776.0,95.0,233.0,0.408,67.0,172.0,0.39,28.0,61.0,0.459,0.552,35.0,43.0,0.814,35.0,116.0,151.0,41.0,7.0,3.0,21.0,54.0,292.0,0.0
2020,284.0,marjabo01,31.0,dal,c,44.0,5.0,422.0,121.0,211.0,0.573,4.0,17.0,0.235,117.0,194.0,0.603,0.583,43.0,57.0,0.754,66.0,131.0,197.0,20.0,8.0,10.0,30.0,56.0,289.0,0.0
2020,285.0,bateske01,24.0,tot,sf,44.0,0.0,744.0,100.0,234.0,0.427,34.0,103.0,0.33,66.0,131.0,0.504,0.5,54.0,75.0,0.72,25.0,102.0,127.0,30.0,19.0,24.0,17.0,43.0,288.0,0.0
2020,286.0,hernaju01,24.0,tot,pf,48.0,14.0,833.0,100.0,247.0,0.405,44.0,129.0,0.341,56.0,118.0,0.475,0.494,44.0,71.0,0.62,43.0,154.0,197.0,40.0,19.0,9.0,32.0,64.0,288.0,0.0
2020,287.0,carteje01,24.0,pho,pg,58.0,2.0,945.0,101.0,243.0,0.416,62.0,146.0,0.425,39.0,97.0,0.402,0.543,23.0,27.0,0.852,30.0,88.0,118.0,84.0,47.0,17.0,32.0,86.0,287.0,0.0
2020,288.0,bradlto01,22.0,uta,c,58.0,3.0,663.0,126.0,189.0,0.667,3.0,3.0,1.0,123.0,186.0,0.661,0.675,30.0,46.0,0.652,111.0,156.0,267.0,23.0,14.0,33.0,30.0,115.0,285.0,0.0
2020,289.0,mahinia01,33.0,was,c,38.0,35.0,808.0,104.0,210.0,0.495,5.0,26.0,0.192,99.0,184.0,0.538,0.507,70.0,113.0,0.619,78.0,140.0,218.0,49.0,31.0,44.0,45.0,114.0,283.0,0.0
2020,290.0,makerth01,22.0,det,c,60.0,14.0,776.0,93.0,193.0,0.482,22.0,64.0,0.344,71.0,129.0,0.55,0.539,73.0,110.0,0.664,54.0,113.0,167.0,43.0,25.0,39.0,45.0,102.0,281.0,0.0
2020,291.0,griffbl01,30.0,det,pf,18.0,18.0,512.0,88.0,250.0,0.352,27.0,111.0,0.243,61.0,139.0,0.439,0.406,76.0,98.0,0.776,17.0,67.0,84.0,59.0,7.0,7.0,40.0,27.0,279.0,0.0
2020,292.0,netora01,27.0,phi,pg,54.0,3.0,668.0,101.0,222.0,0.455,34.0,88.0,0.386,67.0,134.0,0.5,0.532,39.0,47.0,0.83,11.0,50.0,61.0,95.0,24.0,6.0,47.0,50.0,275.0,0.0
2020,293.0,oladivi01,27.0,ind,sg,19.0,16.0,528.0,97.0,246.0,0.394,33.0,104.0,0.317,64.0,142.0,0.451,0.461,48.0,59.0,0.814,9.0,66.0,75.0,56.0,17.0,4.0,47.0,36.0,275.0,0.0
2020,294.0,johnsty01,27.0,tot,sg,39.0,7.0,709.0,97.0,250.0,0.388,38.0,119.0,0.319,59.0,131.0,0.45,0.464,42.0,50.0,0.84,18.0,58.0,76.0,74.0,16.0,9.0,29.0,58.0,274.0,0.0
2020,295.0,johnsja01,32.0,tot,pf,32.0,1.0,619.0,103.0,215.0,0.479,33.0,91.0,0.363,70.0,124.0,0.565,0.556,31.0,48.0,0.646,25.0,93.0,118.0,74.0,25.0,32.0,48.0,80.0,270.0,0.0
2020,296.0,reidna01,20.0,min,c,30.0,11.0,495.0,100.0,243.0,0.412,32.0,97.0,0.33,68.0,146.0,0.466,0.477,37.0,53.0,0.698,34.0,90.0,124.0,35.0,19.0,22.0,22.0,83.0,269.0,0.0
2020,297.0,alexani01,21.0,nop,sg,47.0,1.0,591.0,98.0,266.0,0.368,46.0,133.0,0.346,52.0,133.0,0.391,0.455,25.0,37.0,0.676,9.0,75.0,84.0,89.0,17.0,8.0,54.0,57.0,267.0,0.0
2020,298.0,brownst02,24.0,mil,sf,52.0,1.0,767.0,95.0,256.0,0.371,44.0,136.0,0.324,51.0,120.0,0.425,0.457,32.0,40.0,0.8,31.0,152.0,183.0,51.0,29.0,7.0,42.0,54.0,266.0,0.0
2020,299.0,arcidry01,25.0,chi,pg,58.0,4.0,930.0,90.0,220.0,0.409,54.0,138.0,0.391,36.0,82.0,0.439,0.532,27.0,38.0,0.711,20.0,90.0,110.0,96.0,27.0,3.0,37.0,96.0,261.0,0.0
2020,300.0,hezonma01,24.0,por,pf,53.0,4.0,871.0,92.0,218.0,0.422,24.0,78.0,0.308,68.0,140.0,0.486,0.477,48.0,59.0,0.814,30.0,154.0,184.0,50.0,36.0,9.0,42.0,107.0,256.0,0.0
2020,301.0,dedmode01,30.0,tot,c,44.0,18.0,774.0,102.0,255.0,0.4,22.0,107.0,0.206,80.0,148.0,0.541,0.443,30.0,36.0,0.833,60.0,189.0,249.0,22.0,25.0,41.0,57.0,133.0,256.0,0.0
2020,302.0,bembrde01,25.0,atl,sg,43.0,4.0,915.0,104.0,228.0,0.456,15.0,65.0,0.231,89.0,163.0,0.546,0.489,26.0,48.0,0.542,34.0,118.0,152.0,81.0,55.0,19.0,60.0,84.0,249.0,0.0
2020,303.0,valende01,26.0,chi,sf,36.0,5.0,488.0,97.0,237.0,0.409,46.0,137.0,0.336,51.0,100.0,0.51,0.506,6.0,8.0,0.75,9.0,65.0,74.0,43.0,26.0,6.0,26.0,51.0,246.0,0.0
2020,304.0,dortlu01,20.0,okc,sf,36.0,28.0,820.0,86.0,218.0,0.394,30.0,101.0,0.297,56.0,117.0,0.479,0.463,42.0,53.0,0.792,24.0,57.0,81.0,27.0,31.0,4.0,22.0,97.0,244.0,0.0
2020,305.0,doumbse01,19.0,det,pf,38.0,19.0,754.0,92.0,236.0,0.39,28.0,98.0,0.286,64.0,138.0,0.464,0.449,31.0,46.0,0.674,20.0,98.0,118.0,19.0,20.0,8.0,35.0,80.0,243.0,0.0
2020,306.0,okafoja01,24.0,nop,c,30.0,9.0,467.0,101.0,162.0,0.623,1.0,3.0,0.333,100.0,159.0,0.629,0.627,40.0,62.0,0.645,48.0,79.0,127.0,37.0,7.0,22.0,38.0,67.0,243.0,0.0
2020,307.0,grahatr01,26.0,tot,sf,55.0,20.0,929.0,87.0,242.0,0.36,33.0,120.0,0.275,54.0,122.0,0.443,0.428,36.0,56.0,0.643,51.0,99.0,150.0,45.0,24.0,6.0,29.0,102.0,243.0,0.0
2020,308.0,burketr01,27.0,tot,pg,33.0,1.0,520.0,94.0,209.0,0.45,32.0,75.0,0.427,62.0,134.0,0.463,0.526,23.0,29.0,0.793,16.0,34.0,50.0,83.0,16.0,2.0,21.0,33.0,243.0,0.0
2020,309.0,fernabr01,21.0,atl,c,56.0,13.0,713.0,103.0,199.0,0.518,5.0,37.0,0.135,98.0,162.0,0.605,0.53,29.0,51.0,0.569,67.0,131.0,198.0,49.0,18.0,17.0,42.0,107.0,240.0,0.0
2020,310.0,martico01,24.0,cho,sf,48.0,3.0,903.0,89.0,207.0,0.43,18.0,77.0,0.234,71.0,130.0,0.546,0.473,42.0,65.0,0.646,38.0,120.0,158.0,95.0,39.0,9.0,44.0,78.0,238.0,0.0
2020,311.0,willigr01,21.0,bos,pf,69.0,5.0,1043.0,87.0,211.0,0.412,24.0,96.0,0.25,63.0,115.0,0.548,0.469,39.0,54.0,0.722,59.0,119.0,178.0,68.0,30.0,36.0,50.0,163.0,237.0,0.0
2020,312.0,ojelese01,25.0,bos,pf,69.0,6.0,1011.0,80.0,196.0,0.408,48.0,127.0,0.378,32.0,69.0,0.464,0.531,28.0,32.0,0.875,26.0,119.0,145.0,37.0,21.0,5.0,19.0,80.0,236.0,0.0
2020,313.0,bullore01,28.0,nyk,sg,29.0,19.0,684.0,90.0,224.0,0.402,37.0,111.0,0.333,53.0,113.0,0.469,0.484,17.0,21.0,0.81,13.0,55.0,68.0,42.0,25.0,3.0,19.0,56.0,234.0,0.0
2020,314.0,hoodro01,27.0,por,sf,21.0,21.0,619.0,87.0,172.0,0.506,35.0,71.0,0.493,52.0,101.0,0.515,0.608,21.0,27.0,0.778,10.0,62.0,72.0,32.0,17.0,4.0,19.0,46.0,230.0,0.0
2020,315.0,mclaujo01,23.0,min,pg,30.0,2.0,590.0,87.0,178.0,0.489,29.0,76.0,0.382,58.0,102.0,0.569,0.57,26.0,39.0,0.667,7.0,42.0,49.0,125.0,34.0,4.0,31.0,31.0,229.0,0.0
2020,316.0,muscami01,28.0,okc,c,47.0,2.0,572.0,77.0,189.0,0.407,54.0,143.0,0.378,23.0,46.0,0.5,0.55,18.0,22.0,0.818,16.0,92.0,108.0,40.0,9.0,12.0,17.0,58.0,226.0,0.0
2020,317.0,bacondw01,24.0,cho,sg,39.0,11.0,687.0,85.0,244.0,0.348,19.0,67.0,0.284,66.0,177.0,0.373,0.387,35.0,53.0,0.66,15.0,85.0,100.0,52.0,23.0,2.0,37.0,52.0,224.0,0.0
2020,318.0,cookqu01,26.0,lal,pg,44.0,1.0,508.0,91.0,214.0,0.425,31.0,85.0,0.365,60.0,129.0,0.465,0.498,11.0,14.0,0.786,11.0,40.0,51.0,49.0,12.0,2.0,33.0,27.0,224.0,0.0
2020,319.0,bareajo01,35.0,dal,pg,29.0,6.0,450.0,85.0,207.0,0.411,32.0,85.0,0.376,53.0,122.0,0.434,0.488,20.0,22.0,0.909,10.0,43.0,53.0,112.0,5.0,2.0,38.0,27.0,222.0,0.0
2020,320.0,hensojo01,29.0,tot,c,40.0,8.0,600.0,95.0,171.0,0.556,8.0,36.0,0.222,87.0,135.0,0.644,0.579,23.0,46.0,0.5,46.0,116.0,162.0,54.0,24.0,42.0,36.0,78.0,221.0,0.0
2020,321.0,fergute01,21.0,okc,sf,56.0,38.0,1257.0,78.0,220.0,0.355,49.0,168.0,0.292,29.0,52.0,0.558,0.466,15.0,20.0,0.75,23.0,51.0,74.0,51.0,27.0,17.0,31.0,155.0,220.0,0.0
2020,322.0,gaffoda01,21.0,chi,c,43.0,7.0,609.0,94.0,134.0,0.701,0.0,0.0,,94.0,134.0,0.701,0.701,32.0,60.0,0.533,52.0,54.0,106.0,21.0,13.0,56.0,29.0,98.0,220.0,0.0
2020,323.0,diallch01,23.0,pho,c,47.0,2.0,479.0,92.0,142.0,0.648,1.0,3.0,0.333,91.0,139.0,0.655,0.651,34.0,39.0,0.872,30.0,101.0,131.0,22.0,11.0,12.0,32.0,55.0,219.0,0.0
2020,324.0,okoboel01,22.0,pho,pg,55.0,3.0,719.0,72.0,181.0,0.398,25.0,71.0,0.352,47.0,110.0,0.427,0.467,50.0,71.0,0.704,16.0,74.0,90.0,115.0,24.0,4.0,38.0,54.0,219.0,0.0
2020,325.0,ferreyo01,26.0,sac,pg,50.0,0.0,530.0,79.0,188.0,0.42,24.0,79.0,0.304,55.0,109.0,0.505,0.484,36.0,42.0,0.857,6.0,43.0,49.0,69.0,18.0,4.0,28.0,38.0,218.0,0.0
2020,326.0,hutchch01,23.0,chi,sf,28.0,10.0,527.0,80.0,175.0,0.457,12.0,38.0,0.316,68.0,137.0,0.496,0.491,46.0,78.0,0.59,18.0,90.0,108.0,26.0,27.0,7.0,27.0,47.0,218.0,0.0
2020,327.0,kornelu01,24.0,chi,c,36.0,14.0,559.0,82.0,187.0,0.439,31.0,108.0,0.287,51.0,79.0,0.646,0.521,20.0,28.0,0.714,22.0,62.0,84.0,32.0,11.0,26.0,14.0,54.0,215.0,0.0
2020,328.0,kurucro01,21.0,brk,pf,47.0,9.0,684.0,79.0,177.0,0.446,33.0,90.0,0.367,46.0,87.0,0.529,0.54,24.0,38.0,0.632,25.0,112.0,137.0,51.0,25.0,5.0,46.0,90.0,215.0,0.0
2020,329.0,birchkh01,27.0,orl,c,48.0,24.0,922.0,73.0,143.0,0.51,0.0,1.0,0.0,73.0,142.0,0.514,0.51,66.0,101.0,0.653,91.0,129.0,220.0,50.0,20.0,23.0,31.0,91.0,212.0,0.0
2020,330.0,laymaja01,25.0,min,sf,23.0,2.0,505.0,81.0,179.0,0.453,24.0,72.0,0.333,57.0,107.0,0.533,0.52,24.0,32.0,0.75,17.0,40.0,57.0,15.0,17.0,10.0,24.0,47.0,210.0,0.0
2020,331.0,harrish01,26.0,chi,sg,43.0,10.0,484.0,77.0,165.0,0.467,16.0,42.0,0.381,61.0,123.0,0.496,0.515,39.0,50.0,0.78,22.0,64.0,86.0,49.0,34.0,19.0,19.0,55.0,209.0,0.0
2020,332.0,goodwbr01,24.0,atl,pg,34.0,1.0,430.0,76.0,190.0,0.4,26.0,87.0,0.299,50.0,103.0,0.485,0.468,28.0,30.0,0.933,11.0,61.0,72.0,51.0,12.0,4.0,29.0,43.0,206.0,0.0
2020,333.0,chandwi01,32.0,brk,pf,35.0,3.0,734.0,74.0,183.0,0.404,37.0,121.0,0.306,37.0,62.0,0.597,0.505,20.0,23.0,0.87,11.0,134.0,145.0,39.0,16.0,12.0,34.0,79.0,205.0,0.0
2020,334.0,thomama02,25.0,tor,sg,41.0,1.0,440.0,73.0,150.0,0.487,47.0,99.0,0.475,26.0,51.0,0.51,0.643,9.0,12.0,0.75,9.0,52.0,61.0,22.0,10.0,1.0,16.0,38.0,202.0,0.0
2020,335.0,danietr01,28.0,tot,sg,47.0,0.0,532.0,72.0,186.0,0.387,46.0,132.0,0.348,26.0,54.0,0.481,0.511,10.0,16.0,0.625,12.0,40.0,52.0,17.0,11.0,3.0,12.0,37.0,200.0,0.0
2020,336.0,tollian01,34.0,tot,pf,55.0,13.0,872.0,65.0,182.0,0.357,49.0,145.0,0.338,16.0,37.0,0.432,0.492,21.0,29.0,0.724,34.0,120.0,154.0,42.0,19.0,11.0,34.0,74.0,200.0,0.0
2020,337.0,jacksjo02,22.0,mem,sf,22.0,0.0,381.0,70.0,159.0,0.44,23.0,72.0,0.319,47.0,87.0,0.54,0.513,35.0,50.0,0.7,11.0,55.0,66.0,35.0,18.0,9.0,28.0,40.0,198.0,0.0
2020,338.0,martike03,24.0,min,sf,31.0,4.0,495.0,71.0,181.0,0.392,25.0,96.0,0.26,46.0,85.0,0.541,0.461,30.0,31.0,0.968,12.0,84.0,96.0,23.0,7.0,9.0,20.0,51.0,197.0,0.0
2020,339.0,musadz01,20.0,brk,sf,40.0,0.0,487.0,64.0,172.0,0.372,19.0,78.0,0.244,45.0,94.0,0.479,0.427,45.0,60.0,0.75,21.0,65.0,86.0,43.0,15.0,1.0,36.0,30.0,192.0,0.0
2020,340.0,hernawi01,25.0,cho,c,31.0,0.0,375.0,74.0,139.0,0.532,5.0,22.0,0.227,69.0,117.0,0.59,0.55,37.0,59.0,0.627,43.0,91.0,134.0,29.0,10.0,7.0,30.0,32.0,190.0,0.0
2020,341.0,labissk01,23.0,por,c,33.0,1.0,567.0,81.0,147.0,0.551,3.0,13.0,0.231,78.0,134.0,0.582,0.561,25.0,33.0,0.758,65.0,104.0,169.0,42.0,7.0,31.0,30.0,89.0,190.0,0.0
2020,342.0,mcgruro01,28.0,lac,sg,56.0,4.0,871.0,72.0,181.0,0.398,24.0,89.0,0.27,48.0,92.0,0.522,0.464,19.0,34.0,0.559,29.0,122.0,151.0,36.0,26.0,8.0,24.0,74.0,187.0,0.0
2020,343.0,smithde03,22.0,nyk,pg,34.0,3.0,537.0,72.0,211.0,0.341,16.0,54.0,0.296,56.0,157.0,0.357,0.379,27.0,53.0,0.509,21.0,57.0,78.0,98.0,28.0,8.0,58.0,65.0,187.0,0.0
2020,344.0,baglema01,20.0,sac,c,13.0,6.0,334.0,78.0,167.0,0.467,4.0,22.0,0.182,74.0,145.0,0.51,0.479,25.0,31.0,0.806,29.0,68.0,97.0,10.0,6.0,12.0,18.0,43.0,185.0,0.0
2020,345.0,ellinwa01,32.0,nyk,sg,36.0,1.0,558.0,61.0,174.0,0.351,50.0,143.0,0.35,11.0,31.0,0.355,0.494,11.0,13.0,0.846,4.0,61.0,65.0,44.0,13.0,4.0,18.0,41.0,183.0,0.0
2020,346.0,knighbr03,28.0,tot,sg,25.0,3.0,462.0,59.0,167.0,0.353,45.0,131.0,0.344,14.0,36.0,0.389,0.488,20.0,34.0,0.588,4.0,37.0,41.0,69.0,10.0,3.0,38.0,40.0,183.0,0.0
2020,347.0,mckinal01,27.0,cle,sf,40.0,1.0,593.0,73.0,171.0,0.427,14.0,65.0,0.215,59.0,106.0,0.557,0.468,22.0,31.0,0.71,37.0,76.0,113.0,14.0,23.0,8.0,26.0,72.0,182.0,0.0
2020,348.0,dellama01,29.0,cle,pg,57.0,4.0,821.0,62.0,175.0,0.354,21.0,91.0,0.231,41.0,84.0,0.488,0.414,32.0,37.0,0.865,18.0,57.0,75.0,180.0,20.0,2.0,59.0,78.0,177.0,0.0
2020,349.0,gudurma01,24.0,mem,sg,44.0,0.0,484.0,62.0,157.0,0.395,25.0,83.0,0.301,37.0,74.0,0.5,0.475,24.0,26.0,0.923,14.0,59.0,73.0,45.0,12.0,8.0,36.0,34.0,173.0,0.0
2020,350.0,bitadgo01,20.0,ind,c,54.0,2.0,471.0,70.0,150.0,0.467,8.0,42.0,0.19,62.0,108.0,0.574,0.493,24.0,33.0,0.727,25.0,81.0,106.0,23.0,10.0,37.0,28.0,65.0,172.0,0.0
2020,351.0,littlna01,19.0,por,pf,48.0,5.0,573.0,65.0,151.0,0.43,14.0,59.0,0.237,51.0,92.0,0.554,0.477,28.0,44.0,0.636,31.0,77.0,108.0,22.0,13.0,14.0,15.0,72.0,172.0,0.0
2020,352.0,crabbal01,27.0,tot,sf,37.0,1.0,653.0,63.0,177.0,0.356,36.0,119.0,0.303,27.0,58.0,0.466,0.458,10.0,14.0,0.714,11.0,66.0,77.0,33.0,15.0,4.0,17.0,47.0,172.0,0.0
2020,353.0,mccawpa01,24.0,tor,sf,37.0,12.0,908.0,67.0,162.0,0.414,23.0,71.0,0.324,44.0,91.0,0.484,0.485,13.0,18.0,0.722,19.0,67.0,86.0,79.0,39.0,4.0,29.0,60.0,170.0,0.0
2020,354.0,doziepj01,23.0,den,sg,29.0,0.0,412.0,65.0,157.0,0.414,17.0,49.0,0.347,48.0,108.0,0.444,0.468,21.0,29.0,0.724,10.0,45.0,55.0,63.0,14.0,6.0,27.0,45.0,168.0,0.0
2020,355.0,porteot01,26.0,chi,sf,14.0,9.0,331.0,62.0,140.0,0.443,24.0,62.0,0.387,38.0,78.0,0.487,0.529,19.0,27.0,0.704,13.0,35.0,48.0,25.0,15.0,6.0,11.0,31.0,167.0,0.0
2020,356.0,greenja02,26.0,bos,sg,48.0,2.0,468.0,63.0,126.0,0.5,9.0,33.0,0.273,54.0,93.0,0.581,0.536,28.0,42.0,0.667,24.0,69.0,93.0,26.0,24.0,8.0,23.0,43.0,163.0,0.0
2020,357.0,clemoch01,22.0,hou,sg,33.0,0.0,291.0,57.0,142.0,0.401,37.0,107.0,0.346,20.0,35.0,0.571,0.532,10.0,11.0,0.909,4.0,26.0,30.0,27.0,9.0,6.0,19.0,26.0,161.0,0.0
2020,358.0,exumda01,24.0,tot,sg,35.0,1.0,485.0,56.0,119.0,0.471,15.0,43.0,0.349,41.0,76.0,0.539,0.534,32.0,43.0,0.744,12.0,55.0,67.0,40.0,13.0,8.0,31.0,38.0,159.0,0.0
2020,359.0,pasecan01,24.0,was,c,27.0,0.0,437.0,61.0,116.0,0.526,0.0,3.0,0.0,61.0,113.0,0.54,0.526,34.0,58.0,0.586,42.0,65.0,107.0,18.0,9.0,12.0,24.0,75.0,156.0,0.0
2020,360.0,sampsja02,26.0,ind,pf,34.0,12.0,471.0,68.0,115.0,0.591,2.0,13.0,0.154,66.0,102.0,0.647,0.6,18.0,27.0,0.667,20.0,68.0,88.0,21.0,16.0,12.0,15.0,64.0,156.0,0.0
2020,361.0,clarkga01,25.0,tot,pf,42.0,5.0,567.0,54.0,133.0,0.406,39.0,111.0,0.351,15.0,22.0,0.682,0.553,9.0,10.0,0.9,37.0,73.0,110.0,17.0,6.0,22.0,10.0,46.0,156.0,0.0
2020,362.0,trieral01,24.0,nyk,sg,24.0,1.0,291.0,51.0,106.0,0.481,19.0,53.0,0.358,32.0,53.0,0.604,0.571,34.0,43.0,0.791,6.0,23.0,29.0,28.0,3.0,4.0,22.0,29.0,155.0,0.0
2020,363.0,johnske04,20.0,sas,sf,17.0,1.0,301.0,53.0,89.0,0.596,13.0,22.0,0.591,40.0,67.0,0.597,0.669,35.0,44.0,0.795,10.0,47.0,57.0,15.0,14.0,2.0,13.0,28.0,154.0,0.0
2020,364.0,sumneed01,24.0,ind,sg,31.0,3.0,447.0,61.0,142.0,0.43,14.0,53.0,0.264,47.0,89.0,0.528,0.479,16.0,29.0,0.552,11.0,35.0,46.0,55.0,15.0,9.0,22.0,44.0,152.0,0.0
2020,365.0,williro04,22.0,bos,c,29.0,1.0,388.0,64.0,88.0,0.727,0.0,0.0,,64.0,88.0,0.727,0.727,22.0,34.0,0.647,40.0,88.0,128.0,27.0,22.0,35.0,21.0,51.0,150.0,0.0
2020,366.0,chiozch01,24.0,tot,pg,28.0,2.0,401.0,55.0,140.0,0.393,27.0,72.0,0.375,28.0,68.0,0.412,0.489,5.0,5.0,1.0,9.0,44.0,53.0,83.0,21.0,4.0,32.0,37.0,142.0,0.0
2020,367.0,nurkiju01,25.0,por,c,8.0,8.0,253.0,54.0,109.0,0.495,2.0,10.0,0.2,52.0,99.0,0.525,0.505,31.0,35.0,0.886,23.0,59.0,82.0,32.0,11.0,16.0,19.0,39.0,141.0,0.0
2020,368.0,willike04,25.0,nop,pf,39.0,18.0,832.0,51.0,147.0,0.347,25.0,97.0,0.258,26.0,50.0,0.52,0.432,9.0,26.0,0.346,51.0,135.0,186.0,57.0,27.0,21.0,22.0,88.0,136.0,0.0
2020,369.0,silvach01,23.0,mia,pf,44.0,0.0,346.0,48.0,78.0,0.615,0.0,3.0,0.0,48.0,75.0,0.64,0.615,37.0,55.0,0.673,60.0,66.0,126.0,23.0,9.0,21.0,32.0,85.0,133.0,0.0
2020,370.0,wilsodj01,23.0,mil,pf,37.0,1.0,363.0,52.0,132.0,0.394,18.0,73.0,0.247,34.0,59.0,0.576,0.462,11.0,18.0,0.611,12.0,80.0,92.0,25.0,3.0,5.0,19.0,33.0,133.0,0.0
2020,371.0,vonleno01,24.0,tot,c,36.0,1.0,377.0,52.0,92.0,0.565,3.0,15.0,0.2,49.0,77.0,0.636,0.582,25.0,32.0,0.781,37.0,87.0,124.0,28.0,11.0,6.0,21.0,40.0,132.0,0.0
2020,372.0,evansja02,22.0,tot,sg,29.0,1.0,418.0,45.0,134.0,0.336,13.0,39.0,0.333,32.0,95.0,0.337,0.384,25.0,29.0,0.862,9.0,32.0,41.0,31.0,11.0,12.0,25.0,41.0,128.0,0.0
2020,373.0,winslju01,23.0,mia,sg,11.0,5.0,352.0,50.0,129.0,0.388,6.0,27.0,0.222,44.0,102.0,0.431,0.411,18.0,27.0,0.667,16.0,57.0,73.0,44.0,7.0,5.0,24.0,38.0,124.0,0.0
2020,374.0,edwarca01,21.0,bos,sg,37.0,0.0,351.0,42.0,128.0,0.328,24.0,76.0,0.316,18.0,52.0,0.346,0.422,13.0,19.0,0.684,6.0,41.0,47.0,24.0,12.0,4.0,15.0,34.0,121.0,0.0
2020,375.0,pinsoth01,24.0,brk,sg,33.0,0.0,365.0,45.0,155.0,0.29,15.0,80.0,0.188,30.0,75.0,0.4,0.339,15.0,16.0,0.938,10.0,44.0,54.0,56.0,17.0,4.0,33.0,35.0,120.0,0.0
2020,376.0,paytoga02,27.0,was,sf,29.0,17.0,432.0,48.0,116.0,0.414,13.0,46.0,0.283,35.0,70.0,0.5,0.47,4.0,8.0,0.5,26.0,54.0,80.0,48.0,33.0,7.0,20.0,54.0,113.0,0.0
2020,377.0,martica02,24.0,cho,sf,18.0,1.0,317.0,37.0,84.0,0.44,20.0,37.0,0.541,17.0,47.0,0.362,0.56,17.0,21.0,0.81,10.0,28.0,38.0,23.0,12.0,7.0,15.0,32.0,111.0,0.0
2020,378.0,waitedi01,28.0,tot,sg,10.0,0.0,207.0,41.0,99.0,0.414,15.0,47.0,0.319,26.0,52.0,0.5,0.49,14.0,17.0,0.824,2.0,22.0,24.0,20.0,4.0,6.0,16.0,21.0,111.0,0.0
2020,379.0,eubandr01,22.0,sas,c,22.0,3.0,272.0,43.0,67.0,0.642,1.0,1.0,1.0,42.0,66.0,0.636,0.649,20.0,26.0,0.769,28.0,57.0,85.0,15.0,5.0,17.0,21.0,37.0,107.0,0.0
2020,380.0,harteis01,21.0,hou,c,23.0,2.0,266.0,44.0,67.0,0.657,0.0,5.0,0.0,44.0,62.0,0.71,0.657,19.0,28.0,0.679,29.0,61.0,90.0,18.0,9.0,12.0,16.0,41.0,107.0,0.0
2020,381.0,leeco01,34.0,dal,sg,24.0,9.0,345.0,40.0,82.0,0.488,21.0,47.0,0.447,19.0,35.0,0.543,0.616,6.0,7.0,0.857,7.0,25.0,32.0,12.0,18.0,6.0,11.0,33.0,107.0,0.0
2020,382.0,bendedr01,22.0,tot,c,16.0,3.0,286.0,41.0,92.0,0.446,15.0,43.0,0.349,26.0,49.0,0.531,0.527,10.0,14.0,0.714,16.0,57.0,73.0,28.0,4.0,9.0,21.0,42.0,107.0,0.0
2020,383.0,burtode02,26.0,okc,sf,39.0,0.0,356.0,43.0,125.0,0.344,10.0,53.0,0.189,33.0,72.0,0.458,0.384,8.0,14.0,0.571,7.0,50.0,57.0,17.0,7.0,10.0,19.0,34.0,104.0,0.0
2020,384.0,curryst01,31.0,gsw,pg,5.0,5.0,139.0,33.0,82.0,0.402,12.0,49.0,0.245,21.0,33.0,0.636,0.476,26.0,26.0,1.0,4.0,22.0,26.0,33.0,5.0,2.0,16.0,11.0,104.0,0.0
2020,385.0,nwabada01,27.0,brk,sf,20.0,0.0,268.0,37.0,71.0,0.521,12.0,28.0,0.429,25.0,43.0,0.581,0.606,18.0,27.0,0.667,8.0,37.0,45.0,8.0,11.0,12.0,8.0,32.0,104.0,0.0
2020,386.0,jeromty01,22.0,pho,sg,31.0,0.0,328.0,38.0,113.0,0.336,14.0,50.0,0.28,24.0,63.0,0.381,0.398,12.0,16.0,0.75,7.0,39.0,46.0,44.0,15.0,3.0,18.0,29.0,102.0,0.0
2020,387.0,oquinky01,29.0,phi,c,29.0,2.0,313.0,42.0,85.0,0.494,7.0,27.0,0.259,35.0,58.0,0.603,0.535,11.0,20.0,0.55,34.0,82.0,116.0,51.0,7.0,24.0,20.0,37.0,102.0,0.0
2020,388.0,mannte01,23.0,lac,sf,41.0,6.0,362.0,37.0,79.0,0.468,7.0,20.0,0.35,30.0,59.0,0.508,0.513,18.0,27.0,0.667,10.0,45.0,55.0,53.0,11.0,5.0,18.0,46.0,99.0,0.0
2020,389.0,schofad01,22.0,was,pf,33.0,2.0,368.0,35.0,92.0,0.38,19.0,61.0,0.311,16.0,31.0,0.516,0.484,10.0,15.0,0.667,7.0,40.0,47.0,15.0,8.0,4.0,7.0,50.0,99.0,0.0
2020,390.0,mathega01,23.0,was,sg,18.0,0.0,227.0,24.0,56.0,0.429,19.0,46.0,0.413,5.0,10.0,0.5,0.598,31.0,34.0,0.912,6.0,18.0,24.0,10.0,8.0,1.0,8.0,32.0,98.0,0.0
2020,391.0,fraziti01,29.0,det,pg,27.0,11.0,355.0,34.0,94.0,0.362,10.0,30.0,0.333,24.0,64.0,0.375,0.415,19.0,24.0,0.792,9.0,24.0,33.0,93.0,14.0,4.0,36.0,42.0,97.0,0.0
2020,392.0,iguodan01,36.0,mia,sf,21.0,0.0,418.0,38.0,88.0,0.432,14.0,47.0,0.298,24.0,41.0,0.585,0.511,6.0,15.0,0.4,17.0,61.0,78.0,51.0,14.0,21.0,26.0,35.0,96.0,0.0
2020,393.0,zizican01,23.0,cle,c,22.0,0.0,221.0,41.0,72.0,0.569,0.0,0.0,,41.0,72.0,0.569,0.569,14.0,19.0,0.737,18.0,48.0,66.0,6.0,7.0,5.0,10.0,27.0,96.0,0.0
2020,394.0,belljo01,25.0,tot,c,29.0,0.0,256.0,35.0,67.0,0.522,4.0,12.0,0.333,31.0,55.0,0.564,0.552,19.0,31.0,0.613,30.0,51.0,81.0,16.0,3.0,10.0,21.0,19.0,93.0,0.0
2020,395.0,sefolth01,35.0,hou,pf,41.0,0.0,436.0,37.0,91.0,0.407,15.0,54.0,0.278,22.0,37.0,0.595,0.489,3.0,8.0,0.375,21.0,72.0,93.0,25.0,24.0,12.0,15.0,43.0,92.0,0.0
2020,396.0,cabocbr01,24.0,tot,c,30.0,0.0,244.0,38.0,89.0,0.427,6.0,33.0,0.182,32.0,56.0,0.571,0.461,8.0,9.0,0.889,23.0,37.0,60.0,12.0,15.0,17.0,13.0,31.0,90.0,0.0
2020,397.0,jamesju01,23.0,sac,sf,36.0,0.0,232.0,35.0,84.0,0.417,9.0,29.0,0.31,26.0,55.0,0.473,0.47,10.0,21.0,0.476,6.0,26.0,32.0,18.0,6.0,9.0,8.0,17.0,89.0,0.0
2020,398.0,mcdanja01,22.0,cho,sf,16.0,0.0,293.0,33.0,70.0,0.471,9.0,24.0,0.375,24.0,46.0,0.522,0.536,14.0,17.0,0.824,15.0,50.0,65.0,13.0,8.0,3.0,11.0,36.0,89.0,0.0
2020,399.0,payneca01,25.0,pho,sg,8.0,0.0,183.0,33.0,68.0,0.485,15.0,29.0,0.517,18.0,39.0,0.462,0.596,6.0,7.0,0.857,4.0,27.0,31.0,24.0,8.0,2.0,11.0,20.0,87.0,0.0
2020,400.0,carrode01,33.0,tot,c,24.0,0.0,290.0,25.0,66.0,0.379,8.0,33.0,0.242,17.0,33.0,0.515,0.439,29.0,42.0,0.69,12.0,43.0,55.0,25.0,8.0,5.0,17.0,32.0,87.0,0.0
2020,401.0,feliccr01,27.0,chi,c,22.0,0.0,386.0,34.0,54.0,0.63,0.0,2.0,0.0,34.0,52.0,0.654,0.63,18.0,23.0,0.783,55.0,47.0,102.0,16.0,10.0,2.0,18.0,34.0,86.0,0.0
2020,402.0,leaftj01,22.0,ind,pf,28.0,1.0,222.0,36.0,86.0,0.419,5.0,18.0,0.278,31.0,68.0,0.456,0.448,7.0,16.0,0.438,23.0,48.0,71.0,9.0,10.0,4.0,8.0,22.0,84.0,0.0
2020,403.0,batumni01,31.0,cho,sf,22.0,3.0,505.0,28.0,81.0,0.346,14.0,49.0,0.286,14.0,32.0,0.438,0.432,9.0,10.0,0.9,25.0,75.0,100.0,66.0,17.0,8.0,22.0,41.0,79.0,0.0
2020,404.0,langfro01,20.0,bos,sg,32.0,2.0,370.0,28.0,80.0,0.35,5.0,27.0,0.185,23.0,53.0,0.434,0.381,18.0,25.0,0.72,15.0,26.0,41.0,13.0,8.0,8.0,11.0,33.0,79.0,0.0
2020,405.0,aminual01,29.0,orl,pf,18.0,2.0,380.0,25.0,86.0,0.291,9.0,36.0,0.25,16.0,50.0,0.32,0.343,19.0,29.0,0.655,24.0,63.0,87.0,21.0,18.0,8.0,17.0,27.0,78.0,0.0
2020,406.0,colliza01,22.0,por,pf,11.0,11.0,290.0,32.0,68.0,0.471,7.0,19.0,0.368,25.0,49.0,0.51,0.522,6.0,8.0,0.75,25.0,44.0,69.0,16.0,5.0,5.0,14.0,36.0,77.0,0.0
2020,407.0,muldemy01,25.0,gsw,sf,7.0,3.0,204.0,26.0,67.0,0.388,16.0,52.0,0.308,10.0,15.0,0.667,0.507,9.0,12.0,0.75,3.0,20.0,23.0,8.0,2.0,1.0,5.0,20.0,77.0,0.0
2020,408.0,broekry01,29.0,dal,sf,17.0,1.0,180.0,22.0,59.0,0.373,20.0,51.0,0.392,2.0,8.0,0.25,0.542,7.0,8.0,0.875,5.0,38.0,43.0,11.0,5.0,4.0,6.0,15.0,71.0,0.0
2020,409.0,toscaju01,26.0,gsw,sg,13.0,6.0,272.0,29.0,63.0,0.46,8.0,23.0,0.348,21.0,40.0,0.525,0.524,3.0,5.0,0.6,9.0,43.0,52.0,26.0,13.0,5.0,16.0,30.0,69.0,0.0
2020,410.0,dudleja01,34.0,lal,pf,45.0,1.0,364.0,24.0,60.0,0.4,18.0,42.0,0.429,6.0,18.0,0.333,0.55,2.0,2.0,1.0,6.0,46.0,52.0,28.0,15.0,3.0,8.0,41.0,68.0,0.0
2020,411.0,looneke01,23.0,gsw,c,20.0,4.0,262.0,29.0,79.0,0.367,1.0,14.0,0.071,28.0,65.0,0.431,0.373,9.0,12.0,0.75,28.0,38.0,66.0,20.0,12.0,6.0,12.0,34.0,68.0,0.0
2020,412.0,claxtni01,20.0,brk,c,15.0,0.0,187.0,27.0,48.0,0.563,1.0,7.0,0.143,26.0,41.0,0.634,0.573,11.0,21.0,0.524,19.0,25.0,44.0,16.0,1.0,8.0,9.0,14.0,66.0,0.0
2020,413.0,swanica01,22.0,tot,pf,27.0,1.0,288.0,28.0,47.0,0.596,0.0,2.0,0.0,28.0,45.0,0.622,0.596,9.0,17.0,0.529,27.0,73.0,100.0,31.0,3.0,7.0,37.0,62.0,65.0,0.0
2020,414.0,martije02,23.0,brk,pg,9.0,0.0,99.0,24.0,53.0,0.453,5.0,18.0,0.278,19.0,35.0,0.543,0.5,11.0,14.0,0.786,1.0,9.0,10.0,18.0,7.0,2.0,4.0,7.0,64.0,0.0
2020,415.0,milescj01,32.0,was,sf,10.0,0.0,161.0,19.0,59.0,0.322,11.0,35.0,0.314,8.0,24.0,0.333,0.415,15.0,20.0,0.75,4.0,8.0,12.0,12.0,10.0,4.0,4.0,14.0,64.0,0.0
2020,416.0,gabriwe01,22.0,tot,pf,30.0,1.0,235.0,21.0,48.0,0.438,6.0,20.0,0.3,15.0,28.0,0.536,0.5,15.0,22.0,0.682,21.0,31.0,52.0,8.0,11.0,7.0,16.0,39.0,63.0,0.0
2020,417.0,masonfr01,25.0,mil,pg,9.0,0.0,118.0,23.0,51.0,0.451,6.0,21.0,0.286,17.0,30.0,0.567,0.51,10.0,17.0,0.588,5.0,14.0,19.0,29.0,5.0,1.0,11.0,11.0,62.0,0.0
2020,418.0,tuckera01,22.0,uta,sg,20.0,0.0,161.0,20.0,43.0,0.465,3.0,17.0,0.176,17.0,26.0,0.654,0.5,19.0,23.0,0.826,3.0,17.0,20.0,5.0,1.0,1.0,8.0,10.0,62.0,0.0
2020,419.0,turneev01,31.0,atl,sg,19.0,0.0,251.0,25.0,67.0,0.373,0.0,5.0,0.0,25.0,62.0,0.403,0.373,12.0,14.0,0.857,8.0,30.0,38.0,38.0,9.0,8.0,26.0,20.0,62.0,0.0
2020,420.0,johnsst04,23.0,tor,pf,25.0,0.0,150.0,22.0,59.0,0.373,7.0,24.0,0.292,15.0,35.0,0.429,0.432,9.0,16.0,0.563,7.0,30.0,37.0,20.0,6.0,4.0,15.0,16.0,60.0,0.0
2020,421.0,kiddgmi01,26.0,tot,pf,25.0,0.0,281.0,22.0,66.0,0.333,5.0,20.0,0.25,17.0,46.0,0.37,0.371,11.0,14.0,0.786,14.0,53.0,67.0,14.0,2.0,6.0,16.0,37.0,60.0,0.0
2020,422.0,smailal01,19.0,gsw,c,14.0,0.0,139.0,20.0,40.0,0.5,3.0,13.0,0.231,17.0,27.0,0.63,0.538,16.0,19.0,0.842,10.0,17.0,27.0,13.0,3.0,4.0,11.0,14.0,59.0,0.0
2020,423.0,coffeam01,22.0,lac,sg,18.0,1.0,159.0,23.0,54.0,0.426,6.0,19.0,0.316,17.0,35.0,0.486,0.481,6.0,11.0,0.545,4.0,12.0,16.0,14.0,5.0,2.0,8.0,20.0,58.0,0.0
2020,424.0,metuch01,22.0,sas,c,18.0,0.0,105.0,24.0,42.0,0.571,0.0,2.0,0.0,24.0,40.0,0.6,0.571,10.0,13.0,0.769,12.0,21.0,33.0,10.0,3.0,6.0,10.0,7.0,58.0,0.0
2020,425.0,nowelja01,20.0,min,sg,15.0,0.0,151.0,19.0,53.0,0.358,3.0,26.0,0.115,16.0,27.0,0.593,0.387,16.0,17.0,0.941,3.0,10.0,13.0,19.0,3.0,1.0,3.0,11.0,57.0,0.0
2020,426.0,pelleno01,26.0,phi,c,24.0,0.0,232.0,25.0,48.0,0.521,0.0,1.0,0.0,25.0,47.0,0.532,0.521,7.0,14.0,0.5,20.0,52.0,72.0,8.0,3.0,31.0,18.0,55.0,57.0,0.0
2020,427.0,antetth01,27.0,mil,sf,20.0,2.0,129.0,24.0,48.0,0.5,0.0,10.0,0.0,24.0,38.0,0.632,0.5,7.0,17.0,0.412,12.0,12.0,24.0,15.0,7.0,2.0,12.0,18.0,55.0,0.0
2020,428.0,konchjo01,23.0,mem,sg,19.0,0.0,181.0,24.0,37.0,0.649,5.0,10.0,0.5,19.0,27.0,0.704,0.716,1.0,2.0,0.5,18.0,29.0,47.0,22.0,7.0,3.0,7.0,7.0,54.0,0.0
2020,429.0,shumpim01,29.0,brk,sf,13.0,0.0,241.0,21.0,64.0,0.328,8.0,33.0,0.242,13.0,31.0,0.419,0.391,4.0,7.0,0.571,9.0,25.0,34.0,12.0,12.0,2.0,10.0,21.0,54.0,0.0
2020,430.0,waltode01,24.0,tot,pg,26.0,1.0,248.0,18.0,39.0,0.462,10.0,24.0,0.417,8.0,15.0,0.533,0.59,7.0,9.0,0.778,2.0,14.0,16.0,27.0,7.0,0.0,5.0,21.0,53.0,0.0
2020,431.0,davised01,30.0,uta,c,28.0,1.0,303.0,22.0,46.0,0.478,0.0,0.0,,22.0,46.0,0.478,0.478,7.0,14.0,0.5,35.0,70.0,105.0,12.0,11.0,9.0,13.0,61.0,51.0,0.0
2020,432.0,allenka01,27.0,nyk,pg,10.0,0.0,117.0,19.0,44.0,0.432,5.0,16.0,0.313,14.0,28.0,0.5,0.489,7.0,11.0,0.636,2.0,7.0,9.0,21.0,5.0,2.0,8.0,7.0,50.0,0.0
2020,433.0,jeffrda01,22.0,sac,sg,13.0,0.0,141.0,20.0,40.0,0.5,5.0,18.0,0.278,15.0,22.0,0.682,0.563,5.0,6.0,0.833,3.0,15.0,18.0,7.0,4.0,1.0,2.0,19.0,50.0,0.0
2020,434.0,willijo04,24.0,was,pf,15.0,6.0,180.0,19.0,34.0,0.559,0.0,2.0,0.0,19.0,32.0,0.594,0.559,7.0,13.0,0.538,24.0,40.0,64.0,8.0,1.0,8.0,5.0,16.0,45.0,0.0
2020,435.0,kabenmf01,22.0,lac,c,12.0,0.0,64.0,14.0,32.0,0.438,9.0,20.0,0.45,5.0,12.0,0.417,0.578,5.0,5.0,1.0,1.0,10.0,11.0,2.0,2.0,2.0,2.0,9.0,42.0,0.0
2020,436.0,poirivi01,26.0,bos,c,22.0,0.0,130.0,17.0,36.0,0.472,1.0,2.0,0.5,16.0,34.0,0.471,0.486,6.0,7.0,0.857,13.0,30.0,43.0,8.0,2.0,9.0,8.0,25.0,41.0,0.0
2020,437.0,bolbo01,20.0,den,pf,7.0,0.0,87.0,14.0,28.0,0.5,4.0,9.0,0.444,10.0,19.0,0.526,0.571,8.0,10.0,0.8,5.0,14.0,19.0,6.0,2.0,6.0,10.0,11.0,40.0,0.0
2020,438.0,frazime01,23.0,orl,sg,19.0,0.0,126.0,15.0,34.0,0.441,8.0,16.0,0.5,7.0,18.0,0.389,0.559,2.0,4.0,0.5,2.0,8.0,10.0,3.0,9.0,2.0,5.0,11.0,40.0,0.0
2020,439.0,wallaty01,25.0,atl,sg,14.0,0.0,160.0,14.0,44.0,0.318,1.0,15.0,0.067,13.0,29.0,0.448,0.33,11.0,17.0,0.647,3.0,19.0,22.0,13.0,7.0,1.0,10.0,19.0,40.0,0.0
2020,440.0,watertr01,22.0,bos,pg,11.0,1.0,119.0,14.0,49.0,0.286,4.0,24.0,0.167,10.0,25.0,0.4,0.327,8.0,8.0,1.0,0.0,12.0,12.0,16.0,10.0,2.0,15.0,13.0,40.0,0.0
2020,441.0,halldo01,22.0,tot,pf,9.0,0.0,133.0,15.0,22.0,0.682,0.0,0.0,,15.0,22.0,0.682,0.682,9.0,18.0,0.5,14.0,24.0,38.0,4.0,3.0,6.0,5.0,23.0,39.0,0.0
2020,442.0,hoardja01,20.0,por,pf,13.0,0.0,103.0,15.0,32.0,0.469,0.0,3.0,0.0,15.0,29.0,0.517,0.469,8.0,13.0,0.615,14.0,18.0,32.0,4.0,5.0,0.0,4.0,12.0,38.0,0.0
2020,443.0,brissos01,21.0,tor,sf,19.0,0.0,135.0,13.0,36.0,0.361,3.0,15.0,0.2,10.0,21.0,0.476,0.403,8.0,10.0,0.8,9.0,17.0,26.0,7.0,4.0,1.0,7.0,18.0,37.0,0.0
2020,444.0,morgaju01,22.0,uta,pf,21.0,0.0,134.0,15.0,26.0,0.577,3.0,8.0,0.375,12.0,18.0,0.667,0.635,3.0,4.0,0.75,10.0,19.0,29.0,6.0,1.0,2.0,6.0,19.0,36.0,0.0
2020,445.0,watanyu01,25.0,mem,sf,18.0,0.0,105.0,15.0,34.0,0.441,3.0,8.0,0.375,12.0,26.0,0.462,0.485,3.0,8.0,0.375,7.0,13.0,20.0,5.0,5.0,1.0,2.0,9.0,36.0,0.0
2020,446.0,millema01,26.0,tor,sf,28.0,1.0,162.0,12.0,29.0,0.414,8.0,22.0,0.364,4.0,7.0,0.571,0.552,3.0,8.0,0.375,2.0,14.0,16.0,11.0,5.0,2.0,4.0,18.0,35.0,0.0
2020,447.0,onimi01,22.0,uta,sf,10.0,1.0,109.0,12.0,32.0,0.375,7.0,19.0,0.368,5.0,13.0,0.385,0.484,4.0,5.0,0.8,5.0,12.0,17.0,4.0,4.0,2.0,4.0,9.0,35.0,0.0
2020,448.0,chandty01,37.0,hou,c,26.0,5.0,219.0,14.0,18.0,0.778,0.0,0.0,,14.0,18.0,0.778,0.778,6.0,13.0,0.462,25.0,41.0,66.0,6.0,6.0,8.0,8.0,32.0,34.0,0.0
2020,449.0,hortota01,19.0,lal,sg,6.0,1.0,81.0,14.0,30.0,0.467,4.0,13.0,0.308,10.0,17.0,0.588,0.533,2.0,4.0,0.5,2.0,5.0,7.0,6.0,8.0,1.0,6.0,10.0,34.0,0.0
2020,450.0,johnsal02,23.0,ind,pf,17.0,1.0,118.0,12.0,29.0,0.414,3.0,8.0,0.375,9.0,21.0,0.429,0.466,7.0,10.0,0.7,16.0,32.0,48.0,7.0,3.0,2.0,7.0,12.0,34.0,0.0
2020,451.0,mokokad01,21.0,chi,sf,11.0,0.0,112.0,12.0,28.0,0.429,6.0,15.0,0.4,6.0,13.0,0.462,0.536,2.0,4.0,0.5,7.0,3.0,10.0,4.0,4.0,0.0,2.0,17.0,32.0,0.0
2020,452.0,watsopa01,25.0,tot,sf,10.0,0.0,87.0,10.0,26.0,0.385,4.0,12.0,0.333,6.0,14.0,0.429,0.462,7.0,9.0,0.778,2.0,15.0,17.0,8.0,4.0,1.0,3.0,5.0,31.0,0.0
2020,453.0,johnsbj01,24.0,orl,sf,10.0,0.0,83.0,9.0,32.0,0.281,3.0,9.0,0.333,6.0,23.0,0.261,0.328,9.0,10.0,0.9,3.0,12.0,15.0,3.0,3.0,0.0,6.0,3.0,30.0,0.0
2020,454.0,anderju01,26.0,brk,sg,10.0,1.0,107.0,10.0,38.0,0.263,6.0,29.0,0.207,4.0,9.0,0.444,0.342,2.0,4.0,0.5,1.0,20.0,21.0,8.0,0.0,6.0,4.0,13.0,28.0,0.0
2020,455.0,motlejo01,24.0,lac,pf,13.0,0.0,41.0,11.0,15.0,0.733,1.0,1.0,1.0,10.0,14.0,0.714,0.767,5.0,7.0,0.714,3.0,7.0,10.0,8.0,3.0,0.0,5.0,6.0,28.0,0.0
2020,456.0,frazimi01,25.0,hou,sg,13.0,0.0,145.0,7.0,29.0,0.241,4.0,23.0,0.174,3.0,6.0,0.5,0.31,9.0,14.0,0.643,1.0,9.0,10.0,2.0,2.0,0.0,5.0,22.0,27.0,0.0
2020,457.0,grantje02,27.0,was,sg,6.0,0.0,80.0,10.0,27.0,0.37,2.0,8.0,0.25,8.0,19.0,0.421,0.407,5.0,7.0,0.714,2.0,4.0,6.0,9.0,1.0,1.0,3.0,11.0,27.0,0.0
2020,458.0,pargoje01,33.0,gsw,pg,3.0,0.0,44.0,11.0,22.0,0.5,3.0,7.0,0.429,8.0,15.0,0.533,0.568,0.0,1.0,0.0,1.0,2.0,3.0,8.0,1.0,0.0,4.0,8.0,25.0,0.0
2020,459.0,brantja01,23.0,uta,pf,9.0,0.0,96.0,10.0,28.0,0.357,3.0,13.0,0.231,7.0,15.0,0.467,0.411,1.0,2.0,0.5,2.0,18.0,20.0,11.0,3.0,5.0,7.0,7.0,24.0,0.0
2020,460.0,thomala01,31.0,brk,pf,7.0,4.0,98.0,8.0,23.0,0.348,4.0,13.0,0.308,4.0,10.0,0.4,0.435,4.0,4.0,1.0,2.0,11.0,13.0,6.0,0.0,0.0,6.0,11.0,24.0,0.0
2020,461.0,fallta01,24.0,bos,c,7.0,0.0,33.0,11.0,14.0,0.786,0.0,0.0,,11.0,14.0,0.786,0.786,1.0,3.0,0.333,1.0,14.0,15.0,1.0,1.0,4.0,3.0,7.0,23.0,0.0
2020,462.0,cookty01,22.0,tot,pf,13.0,0.0,54.0,8.0,12.0,0.667,0.0,0.0,,8.0,12.0,0.667,0.667,7.0,8.0,0.875,6.0,8.0,14.0,1.0,3.0,0.0,3.0,5.0,23.0,0.0
2020,463.0,vincega01,23.0,mia,pg,9.0,0.0,83.0,8.0,37.0,0.216,6.0,27.0,0.222,2.0,10.0,0.2,0.297,0.0,0.0,,0.0,5.0,5.0,6.0,5.0,0.0,1.0,6.0,22.0,0.0
2020,464.0,brownch02,22.0,atl,sg,10.0,0.0,40.0,6.0,19.0,0.316,3.0,9.0,0.333,3.0,10.0,0.3,0.395,5.0,5.0,1.0,2.0,2.0,4.0,2.0,2.0,2.0,3.0,3.0,20.0,0.0
2020,465.0,hallde01,24.0,okc,pg,11.0,0.0,81.0,6.0,30.0,0.2,4.0,17.0,0.235,2.0,13.0,0.154,0.267,4.0,8.0,0.5,2.0,5.0,7.0,13.0,4.0,1.0,5.0,6.0,20.0,0.0
2020,466.0,kinglo02,20.0,det,sf,10.0,0.0,62.0,8.0,21.0,0.381,4.0,11.0,0.364,4.0,10.0,0.4,0.476,0.0,3.0,0.0,1.0,9.0,10.0,5.0,2.0,0.0,2.0,10.0,20.0,0.0
2020,467.0,roberan03,28.0,okc,sf,7.0,0.0,87.0,8.0,29.0,0.276,3.0,14.0,0.214,5.0,15.0,0.333,0.328,1.0,2.0,0.5,7.0,20.0,27.0,4.0,1.0,3.0,2.0,13.0,20.0,0.0
2020,468.0,wadede01,23.0,cle,pf,12.0,0.0,71.0,9.0,13.0,0.692,2.0,4.0,0.5,7.0,9.0,0.778,0.769,0.0,1.0,0.0,3.0,16.0,19.0,2.0,2.0,4.0,3.0,8.0,20.0,0.0
2020,469.0,wrighju02,22.0,uta,pg,4.0,0.0,45.0,7.0,20.0,0.35,2.0,10.0,0.2,5.0,10.0,0.5,0.4,3.0,4.0,0.75,0.0,5.0,5.0,7.0,2.0,0.0,3.0,5.0,19.0,0.0
2020,470.0,uthofja01,26.0,tot,pf,7.0,0.0,53.0,7.0,18.0,0.389,3.0,9.0,0.333,4.0,9.0,0.444,0.472,2.0,2.0,1.0,2.0,4.0,6.0,0.0,1.0,0.0,0.0,2.0,19.0,0.0
2020,471.0,brazdig01,21.0,nyk,sf,9.0,0.0,53.0,6.0,22.0,0.273,1.0,9.0,0.111,5.0,13.0,0.385,0.295,4.0,5.0,0.8,2.0,3.0,5.0,4.0,0.0,1.0,2.0,3.0,17.0,0.0
2020,472.0,cancavl01,22.0,den,pf,14.0,0.0,45.0,6.0,15.0,0.4,1.0,6.0,0.167,5.0,9.0,0.556,0.433,4.0,4.0,1.0,5.0,5.0,10.0,3.0,1.0,1.0,3.0,7.0,17.0,0.0
2020,473.0,herveke01,23.0,okc,pf,10.0,0.0,52.0,7.0,27.0,0.259,3.0,20.0,0.15,4.0,7.0,0.571,0.315,0.0,0.0,,1.0,11.0,12.0,5.0,1.0,1.0,0.0,4.0,17.0,0.0
2020,474.0,smithjr01,34.0,lal,sg,6.0,0.0,79.0,7.0,22.0,0.318,1.0,11.0,0.091,6.0,11.0,0.545,0.341,2.0,2.0,1.0,0.0,5.0,5.0,3.0,1.0,0.0,4.0,5.0,17.0,0.0
2020,475.0,thomakh01,23.0,det,sg,8.0,0.0,61.0,5.0,17.0,0.294,5.0,14.0,0.357,0.0,3.0,0.0,0.441,2.0,4.0,0.5,1.0,0.0,1.0,3.0,3.0,0.0,3.0,9.0,17.0,0.0
2020,476.0,samanlu01,20.0,sas,pf,3.0,1.0,48.0,5.0,16.0,0.313,3.0,8.0,0.375,2.0,8.0,0.25,0.406,3.0,4.0,0.75,1.0,9.0,10.0,6.0,0.0,2.0,2.0,6.0,16.0,0.0
2020,477.0,thornsi01,25.0,nop,sf,2.0,0.0,35.0,6.0,11.0,0.545,2.0,4.0,0.5,4.0,7.0,0.571,0.636,2.0,4.0,0.5,0.0,4.0,4.0,4.0,1.0,1.0,2.0,2.0,16.0,0.0
2020,478.0,jeffeam01,26.0,orl,pf,18.0,0.0,74.0,5.0,14.0,0.357,0.0,0.0,,5.0,14.0,0.357,0.357,5.0,14.0,0.357,10.0,13.0,23.0,4.0,1.0,3.0,3.0,7.0,15.0,0.0
2020,479.0,lawvi01,24.0,orl,pf,8.0,0.0,62.0,6.0,18.0,0.333,1.0,7.0,0.143,5.0,11.0,0.455,0.361,2.0,6.0,0.333,2.0,9.0,11.0,3.0,2.0,0.0,2.0,6.0,15.0,0.0
2020,480.0,hernade01,23.0,tor,c,6.0,0.0,28.0,5.0,14.0,0.357,1.0,2.0,0.5,4.0,12.0,0.333,0.393,3.0,5.0,0.6,5.0,9.0,14.0,3.0,1.0,0.0,3.0,6.0,14.0,0.0
2020,481.0,mitrona01,26.0,ind,sg,5.0,0.0,47.0,6.0,17.0,0.353,2.0,12.0,0.167,4.0,5.0,0.8,0.412,0.0,0.0,,0.0,7.0,7.0,8.0,1.0,1.0,3.0,2.0,14.0,0.0
2020,482.0,noahjo01,34.0,lac,c,5.0,0.0,50.0,4.0,8.0,0.5,0.0,0.0,,4.0,8.0,0.5,0.5,6.0,8.0,0.75,5.0,11.0,16.0,7.0,1.0,1.0,6.0,9.0,14.0,0.0
2020,483.0,parsoch01,31.0,atl,pf,5.0,0.0,54.0,5.0,18.0,0.278,4.0,14.0,0.286,1.0,4.0,0.25,0.389,0.0,0.0,,1.0,6.0,7.0,3.0,4.0,1.0,3.0,3.0,14.0,0.0
2020,484.0,willini01,25.0,uta,pg,10.0,0.0,50.0,5.0,16.0,0.313,2.0,7.0,0.286,3.0,9.0,0.333,0.375,2.0,2.0,1.0,2.0,4.0,6.0,6.0,3.0,1.0,3.0,6.0,14.0,0.0
2020,485.0,robinju01,22.0,was,pg,9.0,0.0,49.0,5.0,12.0,0.417,3.0,5.0,0.6,2.0,7.0,0.286,0.542,0.0,0.0,,1.0,4.0,5.0,7.0,0.0,1.0,3.0,2.0,13.0,0.0
2020,486.0,bonejo01,22.0,det,pg,10.0,0.0,53.0,5.0,20.0,0.25,2.0,10.0,0.2,3.0,10.0,0.3,0.3,0.0,0.0,,0.0,4.0,4.0,8.0,1.0,0.0,2.0,6.0,12.0,0.0
2020,487.0,cheatzy01,24.0,nop,pf,4.0,0.0,51.0,6.0,9.0,0.667,0.0,1.0,0.0,6.0,8.0,0.75,0.667,0.0,0.0,,3.0,6.0,9.0,3.0,1.0,1.0,4.0,10.0,12.0,0.0
2020,488.0,hannadu01,26.0,mem,sg,2.0,0.0,13.0,4.0,9.0,0.444,2.0,3.0,0.667,2.0,6.0,0.333,0.556,2.0,2.0,1.0,0.0,1.0,1.0,0.0,0.0,0.0,0.0,1.0,12.0,0.0
2020,489.0,hasleud01,39.0,mia,c,4.0,1.0,44.0,4.0,11.0,0.364,1.0,3.0,0.333,3.0,8.0,0.375,0.409,3.0,4.0,0.75,1.0,15.0,16.0,1.0,0.0,0.0,1.0,6.0,12.0,0.0
2020,490.0,magetjo01,30.0,orl,pg,8.0,0.0,38.0,5.0,15.0,0.333,1.0,4.0,0.25,4.0,11.0,0.364,0.367,1.0,2.0,0.5,1.0,5.0,6.0,5.0,3.0,1.0,5.0,4.0,12.0,0.0
2020,491.0,weathqu01,23.0,sas,sg,11.0,0.0,78.0,5.0,17.0,0.294,1.0,5.0,0.2,4.0,12.0,0.333,0.324,1.0,2.0,0.5,1.0,6.0,7.0,11.0,3.0,1.0,5.0,8.0,12.0,0.0
2020,492.0,vandeja01,20.0,tot,pf,11.0,0.0,46.0,5.0,8.0,0.625,0.0,1.0,0.0,5.0,7.0,0.714,0.625,2.0,2.0,1.0,3.0,6.0,9.0,2.0,3.0,1.0,7.0,6.0,12.0,0.0
2020,493.0,brownmo01,20.0,por,c,9.0,0.0,33.0,4.0,10.0,0.4,0.0,0.0,,4.0,10.0,0.4,0.4,3.0,8.0,0.375,3.0,11.0,14.0,1.0,1.0,1.0,3.0,7.0,11.0,0.0
2020,494.0,clevean01,25.0,dal,sg,11.0,0.0,46.0,4.0,14.0,0.286,0.0,3.0,0.0,4.0,11.0,0.364,0.286,3.0,5.0,0.6,2.0,5.0,7.0,1.0,1.0,3.0,2.0,8.0,11.0,0.0
2020,495.0,shayoma01,24.0,phi,sg,4.0,0.0,28.0,3.0,12.0,0.25,2.0,6.0,0.333,1.0,6.0,0.167,0.333,3.0,4.0,0.75,1.0,6.0,7.0,1.0,0.0,1.0,3.0,4.0,11.0,0.0
2020,496.0,lecquja01,19.0,pho,sg,5.0,0.0,32.0,4.0,10.0,0.4,0.0,4.0,0.0,4.0,6.0,0.667,0.4,2.0,2.0,1.0,0.0,2.0,2.0,2.0,0.0,0.0,2.0,3.0,10.0,0.0
2020,497.0,norveza01,22.0,tot,sg,5.0,0.0,41.0,3.0,12.0,0.25,3.0,8.0,0.375,0.0,4.0,0.0,0.375,1.0,1.0,1.0,0.0,6.0,6.0,3.0,2.0,0.0,3.0,4.0,10.0,0.0
2020,498.0,boldejo01,24.0,tot,c,7.0,0.0,47.0,4.0,11.0,0.364,0.0,4.0,0.0,4.0,7.0,0.571,0.364,2.0,4.0,0.5,3.0,6.0,9.0,0.0,3.0,2.0,2.0,10.0,10.0,0.0
2020,499.0,pattoju01,22.0,okc,c,5.0,0.0,24.0,4.0,10.0,0.4,1.0,4.0,0.25,3.0,6.0,0.5,0.45,0.0,0.0,,1.0,4.0,5.0,2.0,0.0,0.0,2.0,4.0,9.0,0.0
2020,500.0,pondssh01,21.0,tor,pg,4.0,0.0,11.0,3.0,5.0,0.6,1.0,2.0,0.5,2.0,3.0,0.667,0.7,2.0,2.0,1.0,0.0,1.0,1.0,2.0,0.0,1.0,0.0,2.0,9.0,0.0
2020,501.0,reavejo02,22.0,dal,sf,4.0,0.0,28.0,3.0,9.0,0.333,0.0,2.0,0.0,3.0,7.0,0.429,0.333,2.0,2.0,1.0,1.0,2.0,3.0,3.0,0.0,0.0,0.0,5.0,8.0,0.0
2020,502.0,smithzh01,20.0,phi,sf,7.0,0.0,32.0,3.0,11.0,0.273,0.0,3.0,0.0,3.0,8.0,0.375,0.273,2.0,4.0,0.5,0.0,2.0,2.0,2.0,3.0,0.0,2.0,4.0,8.0,0.0
2020,503.0,antetko01,22.0,lal,pf,5.0,0.0,20.0,3.0,3.0,1.0,0.0,0.0,,3.0,3.0,1.0,1.0,1.0,2.0,0.5,2.0,1.0,3.0,2.0,0.0,0.0,1.0,2.0,7.0,0.0
2020,504.0,okpalkz01,20.0,mia,pf,5.0,0.0,26.0,3.0,5.0,0.6,0.0,1.0,0.0,3.0,4.0,0.75,0.6,1.0,2.0,0.5,1.0,4.0,5.0,1.0,2.0,1.0,1.0,2.0,7.0,0.0
2020,505.0,bowenbr02,21.0,ind,sf,6.0,1.0,31.0,3.0,10.0,0.3,0.0,2.0,0.0,3.0,8.0,0.375,0.3,0.0,0.0,,1.0,6.0,7.0,0.0,0.0,1.0,1.0,3.0,6.0,0.0
2020,506.0,cacokde01,23.0,lal,c,1.0,0.0,9.0,3.0,6.0,0.5,0.0,0.0,,3.0,6.0,0.5,0.5,0.0,0.0,,2.0,3.0,5.0,1.0,0.0,0.0,0.0,0.0,6.0,0.0
2020,507.0,mikaer01,25.0,sac,c,1.0,0.0,19.0,2.0,3.0,0.667,0.0,0.0,,2.0,3.0,0.667,0.667,2.0,2.0,1.0,2.0,5.0,7.0,0.0,0.0,0.0,0.0,5.0,6.0,0.0
2020,508.0,anderry01,31.0,hou,c,2.0,0.0,14.0,2.0,7.0,0.286,1.0,5.0,0.2,1.0,2.0,0.5,0.357,0.0,0.0,,0.0,7.0,7.0,2.0,1.0,0.0,1.0,1.0,5.0,0.0
2020,509.0,breweco01,33.0,sac,pf,5.0,0.0,33.0,2.0,4.0,0.5,0.0,1.0,0.0,2.0,3.0,0.667,0.5,1.0,3.0,0.333,2.0,6.0,8.0,2.0,4.0,0.0,2.0,7.0,5.0,0.0
2020,510.0,crawfja01,39.0,brk,sg,1.0,0.0,6.0,2.0,4.0,0.5,1.0,2.0,0.5,1.0,2.0,0.5,0.625,0.0,0.0,,0.0,0.0,0.0,3.0,0.0,0.0,0.0,1.0,5.0,0.0
2020,511.0,mbahalu01,33.0,hou,pf,3.0,0.0,25.0,2.0,5.0,0.4,0.0,2.0,0.0,2.0,3.0,0.667,0.4,1.0,2.0,0.5,1.0,1.0,2.0,0.0,2.0,0.0,1.0,0.0,5.0,0.0
2020,512.0,randlch01,26.0,gsw,pg,3.0,0.0,40.0,0.0,4.0,0.0,0.0,2.0,0.0,0.0,2.0,0.0,0.0,5.0,6.0,0.833,0.0,2.0,2.0,5.0,2.0,0.0,0.0,3.0,5.0,0.0
2020,513.0,strusma01,23.0,chi,sf,2.0,0.0,6.0,2.0,3.0,0.667,0.0,1.0,0.0,2.0,2.0,1.0,0.667,1.0,1.0,1.0,1.0,0.0,1.0,0.0,0.0,0.0,0.0,1.0,5.0,0.0
2020,514.0,guyky01,22.0,sac,sg,3.0,0.0,10.0,2.0,5.0,0.4,0.0,3.0,0.0,2.0,2.0,1.0,0.4,0.0,0.0,,0.0,1.0,1.0,1.0,0.0,0.0,0.0,1.0,4.0,0.0
2020,515.0,owensta01,24.0,pho,pf,3.0,0.0,15.0,1.0,5.0,0.2,0.0,2.0,0.0,1.0,3.0,0.333,0.2,2.0,2.0,1.0,2.0,1.0,3.0,0.0,1.0,0.0,0.0,1.0,4.0,0.0
2020,516.0,maconda01,24.0,mia,pg,4.0,0.0,14.0,1.0,3.0,0.333,1.0,2.0,0.5,0.0,1.0,0.0,0.5,0.0,0.0,,0.0,0.0,0.0,1.0,0.0,0.0,2.0,1.0,3.0,0.0
2020,517.0,alexaky01,23.0,mia,c,2.0,0.0,13.0,1.0,2.0,0.5,0.0,0.0,,1.0,2.0,0.5,0.5,0.0,0.0,,2.0,1.0,3.0,0.0,0.0,0.0,1.0,1.0,2.0,0.0
2020,518.0,chealjo01,24.0,cho,pg,4.0,0.0,33.0,0.0,7.0,0.0,0.0,4.0,0.0,0.0,3.0,0.0,0.0,2.0,2.0,1.0,0.0,0.0,0.0,1.0,4.0,0.0,2.0,2.0,2.0,0.0
2020,519.0,ellenhe01,23.0,brk,c,5.0,0.0,15.0,1.0,7.0,0.143,0.0,4.0,0.0,1.0,3.0,0.333,0.143,0.0,0.0,,2.0,4.0,6.0,1.0,0.0,0.0,0.0,1.0,2.0,0.0
2020,520.0,grayjo01,26.0,nop,pg,2.0,0.0,23.0,1.0,2.0,0.5,0.0,0.0,,1.0,2.0,0.5,0.5,0.0,0.0,,1.0,1.0,2.0,2.0,0.0,0.0,5.0,1.0,2.0,0.0
2020,521.0,harpeja01,22.0,pho,pg,3.0,0.0,8.0,1.0,4.0,0.25,0.0,2.0,0.0,1.0,2.0,0.5,0.25,0.0,0.0,,0.0,0.0,0.0,0.0,0.0,0.0,0.0,0.0,2.0,0.0
2020,522.0,moonema01,23.0,cle,sg,4.0,0.0,19.0,1.0,4.0,0.25,0.0,2.0,0.0,1.0,2.0,0.5,0.25,0.0,0.0,,0.0,3.0,3.0,1.0,2.0,1.0,0.0,1.0,2.0,0.0
2020,523.0,newmama01,22.0,cle,sg,1.0,0.0,4.0,0.0,2.0,0.0,0.0,1.0,0.0,0.0,1.0,0.0,0.0,2.0,2.0,1.0,0.0,0.0,0.0,0.0,0.0,0.0,1.0,0.0,2.0,0.0
2020,524.0,zellety01,30.0,sas,c,2.0,0.0,4.0,1.0,4.0,0.25,0.0,0.0,,1.0,4.0,0.25,0.25,0.0,0.0,,3.0,1.0,4.0,0.0,0.0,0.0,0.0,0.0,2.0,0.0
2020,525.0,boldema01,21.0,cle,c,1.0,0.0,3.0,0.0,0.0,,0.0,0.0,,0.0,0.0,,,0.0,0.0,,0.0,2.0,2.0,0.0,1.0,0.0,0.0,1.0,0.0,0.0
2020,526.0,howarwi01,26.0,hou,pf,2.0,0.0,13.0,0.0,4.0,0.0,0.0,4.0,0.0,0.0,0.0,,0.0,0.0,0.0,,0.0,2.0,2.0,1.0,0.0,0.0,1.0,1.0,0.0,0.0
2020,527.0,kiddst01,27.0,uta,sg,4.0,0.0,15.0,0.0,3.0,0.0,0.0,1.0,0.0,0.0,2.0,0.0,0.0,0.0,0.0,,0.0,3.0,3.0,1.0,0.0,0.0,2.0,3.0,0.0,0.0
2020,528.0,macurjp01,24.0,cle,sg,1.0,0.0,1.0,0.0,0.0,,0.0,0.0,,0.0,0.0,,,0.0,0.0,,0.0,0.0,0.0,0.0,0.0,0.0,0.0,0.0,0.0,0.0
2020,529.0,robyis01,21.0,okc,pf,3.0,0.0,11.0,0.0,1.0,0.0,0.0,0.0,,0.0,1.0,0.0,0.0,0.0,0.0,,0.0,2.0,2.0,0.0,0.0,0.0,1.0,1.0,0.0,0.0
2020,,tot,,tot,,,,,,,0.46,,,0.358,,,0.524,0.529,,,0.773,,,,,,,,,,
2021,1.0,curryst01,32.0,gsw,pg,63.0,63.0,2152.0,658.0,1365.0,0.482,337.0,801.0,0.421,321.0,564.0,0.569,0.605,362.0,395.0,0.916,29.0,316.0,345.0,363.0,77.0,8.0,213.0,119.0,2015.0,0.0
2021,2.0,lillada01,30.0,por,pg,67.0,67.0,2398.0,602.0,1334.0,0.451,275.0,704.0,0.391,327.0,630.0,0.519,0.554,449.0,484.0,0.928,32.0,251.0,283.0,505.0,62.0,17.0,203.0,102.0,1928.0,0.0
2021,3.0,jokicni01,25.0,den,c,72.0,72.0,2488.0,732.0,1293.0,0.566,92.0,237.0,0.388,640.0,1056.0,0.606,0.602,342.0,394.0,0.868,205.0,575.0,780.0,599.0,95.0,48.0,222.0,192.0,1898.0,16.0
2021,4.0,bealbr01,27.0,was,sg,60.0,60.0,2147.0,670.0,1382.0,0.485,130.0,373.0,0.349,540.0,1009.0,0.535,0.532,408.0,459.0,0.889,72.0,211.0,283.0,265.0,69.0,22.0,187.0,140.0,1878.0,0.0
2021,5.0,doncilu01,21.0,dal,pg,66.0,66.0,2262.0,647.0,1351.0,0.479,192.0,548.0,0.35,455.0,803.0,0.567,0.55,344.0,471.0,0.73,54.0,473.0,527.0,567.0,64.0,36.0,281.0,152.0,1830.0,11.0
2021,6.0,antetgi01,26.0,mil,pf,61.0,61.0,2013.0,626.0,1100.0,0.569,67.0,221.0,0.303,559.0,879.0,0.636,0.6,398.0,581.0,0.685,97.0,574.0,671.0,357.0,72.0,73.0,207.0,168.0,1717.0,7.0
2021,7.0,bookede01,24.0,pho,sg,67.0,67.0,2270.0,623.0,1287.0,0.484,126.0,371.0,0.34,497.0,916.0,0.543,0.533,340.0,392.0,0.867,34.0,247.0,281.0,289.0,53.0,16.0,207.0,181.0,1712.0,0.0
2021,8.0,randlju01,26.0,nyk,pf,71.0,71.0,2667.0,602.0,1321.0,0.456,160.0,389.0,0.411,442.0,932.0,0.474,0.516,348.0,429.0,0.811,84.0,639.0,723.0,427.0,64.0,18.0,241.0,225.0,1712.0,6.0
2021,9.0,tatumja01,22.0,bos,sf,64.0,64.0,2290.0,605.0,1318.0,0.459,187.0,485.0,0.386,418.0,833.0,0.502,0.53,295.0,340.0,0.868,50.0,422.0,472.0,276.0,75.0,31.0,171.0,122.0,1692.0,1.0
2021,10.0,willizi01,20.0,nop,pf,61.0,61.0,2026.0,634.0,1037.0,0.611,10.0,34.0,0.294,624.0,1003.0,0.622,0.616,369.0,529.0,0.698,167.0,274.0,441.0,226.0,57.0,39.0,167.0,135.0,1647.0,0.0
2021,11.0,vucevni01,30.0,tot,c,70.0,70.0,2348.0,666.0,1396.0,0.477,176.0,440.0,0.4,490.0,956.0,0.513,0.54,131.0,156.0,0.84,146.0,671.0,817.0,269.0,65.0,48.0,126.0,137.0,1639.0,2.0
2021,12.0,youngtr01,22.0,atl,pg,63.0,63.0,2125.0,487.0,1112.0,0.438,136.0,397.0,0.343,351.0,715.0,0.491,0.499,484.0,546.0,0.886,38.0,207.0,245.0,594.0,53.0,12.0,261.0,111.0,1594.0,0.0
2021,13.0,lavinza01,25.0,chi,sg,58.0,58.0,2034.0,569.0,1123.0,0.507,200.0,477.0,0.419,369.0,646.0,0.571,0.596,253.0,298.0,0.849,36.0,253.0,289.0,282.0,46.0,27.0,203.0,138.0,1591.0,0.0
2021,14.0,foxde01,23.0,sac,pg,58.0,58.0,2036.0,529.0,1110.0,0.477,103.0,320.0,0.322,426.0,790.0,0.539,0.523,300.0,417.0,0.719,33.0,170.0,203.0,417.0,87.0,27.0,174.0,170.0,1461.0,0.0
2021,15.0,sextoco01,22.0,cle,sg,60.0,60.0,2115.0,525.0,1105.0,0.475,98.0,264.0,0.371,427.0,841.0,0.508,0.519,312.0,383.0,0.815,58.0,129.0,187.0,262.0,62.0,10.0,167.0,157.0,1460.0,0.0
2021,16.0,embiijo01,26.0,phi,c,51.0,51.0,1585.0,461.0,899.0,0.513,58.0,154.0,0.377,403.0,745.0,0.541,0.545,471.0,548.0,0.859,113.0,426.0,539.0,145.0,50.0,69.0,159.0,123.0,1451.0,0.0
2021,17.0,irvinky01,28.0,brk,pg,54.0,54.0,1886.0,549.0,1086.0,0.506,152.0,378.0,0.402,397.0,708.0,0.561,0.576,201.0,218.0,0.922,52.0,205.0,257.0,324.0,76.0,37.0,130.0,140.0,1451.0,0.0
2021,18.0,ingrabr01,23.0,nop,sf,61.0,61.0,2093.0,513.0,1101.0,0.466,143.0,375.0,0.381,370.0,726.0,0.51,0.531,281.0,320.0,0.878,34.0,265.0,299.0,296.0,42.0,36.0,154.0,124.0,1450.0,0.0
2021,19.0,westbru01,32.0,was,pg,65.0,65.0,2369.0,544.0,1238.0,0.439,86.0,273.0,0.315,458.0,965.0,0.475,0.474,271.0,413.0,0.656,109.0,641.0,750.0,763.0,89.0,23.0,312.0,190.0,1445.0,38.0
2021,20.0,brownja02,24.0,bos,sg,58.0,58.0,1999.0,538.0,1111.0,0.484,163.0,411.0,0.397,375.0,700.0,0.536,0.558,191.0,250.0,0.764,71.0,276.0,347.0,195.0,72.0,32.0,158.0,168.0,1430.0,0.0
2021,21.0,roziete01,26.0,cho,sg,69.0,69.0,2383.0,510.0,1134.0,0.45,222.0,571.0,0.389,288.0,563.0,0.512,0.548,165.0,202.0,0.817,47.0,255.0,302.0,293.0,87.0,26.0,128.0,119.0,1407.0,0.0
2021,22.0,mitchdo01,24.0,uta,pg,53.0,53.0,1771.0,478.0,1091.0,0.438,178.0,461.0,0.386,300.0,630.0,0.476,0.52,267.0,316.0,0.845,50.0,185.0,235.0,277.0,52.0,15.0,147.0,117.0,1401.0,0.0
2021,23.0,edwaran01,19.0,min,sg,72.0,55.0,2314.0,505.0,1211.0,0.417,171.0,520.0,0.329,334.0,691.0,0.483,0.488,211.0,272.0,0.776,59.0,277.0,336.0,211.0,82.0,36.0,160.0,129.0,1392.0,0.0
2021,24.0,middlkh01,29.0,mil,sf,68.0,68.0,2269.0,511.0,1074.0,0.476,151.0,365.0,0.414,360.0,709.0,0.508,0.546,212.0,236.0,0.898,54.0,352.0,406.0,370.0,74.0,9.0,178.0,160.0,1385.0,0.0
2021,25.0,wiggian01,25.0,gsw,pf,71.0,71.0,2364.0,505.0,1058.0,0.477,140.0,368.0,0.38,365.0,690.0,0.529,0.543,170.0,238.0,0.714,82.0,265.0,347.0,167.0,67.0,70.0,126.0,159.0,1320.0,0.0
2021,26.0,derozde01,31.0,sas,pf,61.0,61.0,2056.0,455.0,920.0,0.495,19.0,74.0,0.257,436.0,846.0,0.515,0.505,387.0,440.0,0.88,40.0,219.0,259.0,422.0,56.0,15.0,119.0,128.0,1316.0,0.0
2021,27.0,leonaka01,29.0,lac,sf,52.0,52.0,1773.0,465.0,908.0,0.512,101.0,254.0,0.398,364.0,654.0,0.557,0.568,261.0,295.0,0.885,55.0,282.0,337.0,269.0,81.0,21.0,105.0,82.0,1292.0,0.0
2021,28.0,powelno01,27.0,tot,sg,69.0,58.0,2205.0,438.0,918.0,0.477,171.0,416.0,0.411,267.0,502.0,0.532,0.57,236.0,271.0,0.871,42.0,173.0,215.0,129.0,82.0,18.0,119.0,160.0,1283.0,0.0
2021,29.0,barrerj01,20.0,nyk,sg,72.0,72.0,2511.0,467.0,1060.0,0.441,124.0,309.0,0.401,343.0,751.0,0.457,0.499,206.0,276.0,0.746,68.0,346.0,414.0,217.0,53.0,20.0,139.0,188.0,1264.0,0.0
2021,30.0,sabondo01,24.0,ind,pf,62.0,62.0,2231.0,484.0,904.0,0.535,52.0,162.0,0.321,432.0,742.0,0.582,0.564,240.0,328.0,0.732,150.0,592.0,742.0,415.0,76.0,33.0,213.0,203.0,1260.0,9.0
2021,31.0,georgpa01,30.0,lac,sf,54.0,54.0,1821.0,445.0,953.0,0.467,171.0,416.0,0.411,274.0,537.0,0.51,0.557,198.0,228.0,0.868,45.0,314.0,359.0,280.0,62.0,24.0,179.0,132.0,1259.0,0.0
2021,32.0,clarkjo01,28.0,uta,sg,68.0,1.0,1818.0,457.0,1075.0,0.425,208.0,599.0,0.347,249.0,476.0,0.523,0.522,129.0,144.0,0.896,47.0,227.0,274.0,168.0,61.0,10.0,115.0,110.0,1251.0,0.0
2021,33.0,townska01,25.0,min,c,50.0,50.0,1689.0,425.0,875.0,0.486,122.0,315.0,0.387,303.0,560.0,0.541,0.555,267.0,311.0,0.859,133.0,396.0,529.0,225.0,39.0,57.0,160.0,186.0,1239.0,0.0
2021,34.0,bogdabo02,31.0,uta,sf,72.0,72.0,2216.0,406.0,925.0,0.439,180.0,461.0,0.39,226.0,464.0,0.487,0.536,233.0,265.0,0.879,40.0,241.0,281.0,136.0,45.0,4.0,128.0,115.0,1225.0,0.0
2021,35.0,harrito02,28.0,phi,pf,62.0,62.0,2014.0,473.0,924.0,0.512,82.0,208.0,0.394,391.0,716.0,0.546,0.556,182.0,204.0,0.892,62.0,357.0,419.0,220.0,55.0,51.0,107.0,119.0,1210.0,0.0
2021,36.0,grantje01,26.0,det,sf,54.0,54.0,1829.0,400.0,932.0,0.429,115.0,329.0,0.35,285.0,603.0,0.473,0.491,290.0,343.0,0.845,35.0,215.0,250.0,152.0,35.0,58.0,109.0,125.0,1205.0,0.0
2021,37.0,moranja01,21.0,mem,pg,63.0,63.0,2053.0,430.0,957.0,0.449,73.0,241.0,0.303,357.0,716.0,0.499,0.487,271.0,372.0,0.728,59.0,193.0,252.0,465.0,57.0,13.0,203.0,87.0,1204.0,1.0
2021,38.0,adebaba01,23.0,mia,c,64.0,64.0,2143.0,456.0,800.0,0.57,2.0,8.0,0.25,454.0,792.0,0.573,0.571,283.0,354.0,0.799,142.0,431.0,573.0,346.0,75.0,66.0,169.0,145.0,1197.0,2.0
2021,39.0,siakapa01,26.0,tor,pf,56.0,56.0,2006.0,437.0,961.0,0.455,73.0,246.0,0.297,364.0,715.0,0.509,0.493,249.0,301.0,0.827,95.0,310.0,405.0,250.0,64.0,37.0,130.0,174.0,1196.0,1.0
2021,40.0,brogdma01,28.0,ind,pg,56.0,56.0,1930.0,444.0,980.0,0.453,145.0,374.0,0.388,299.0,606.0,0.493,0.527,153.0,177.0,0.864,58.0,236.0,294.0,329.0,49.0,15.0,115.0,110.0,1186.0,0.0
2021,41.0,hieldbu01,28.0,sac,sg,71.0,71.0,2433.0,403.0,992.0,0.406,282.0,721.0,0.391,121.0,271.0,0.446,0.548,88.0,104.0,0.846,29.0,305.0,334.0,257.0,63.0,30.0,130.0,175.0,1176.0,0.0
2021,42.0,hardati02,28.0,dal,sg,70.0,31.0,1985.0,407.0,911.0,0.447,207.0,529.0,0.391,200.0,382.0,0.524,0.56,142.0,174.0,0.816,20.0,209.0,229.0,126.0,31.0,11.0,64.0,111.0,1163.0,0.0
2021,43.0,portemi01,22.0,den,sf,61.0,54.0,1912.0,443.0,817.0,0.542,170.0,382.0,0.445,273.0,435.0,0.628,0.646,106.0,134.0,0.791,91.0,354.0,445.0,70.0,40.0,54.0,77.0,126.0,1162.0,0.0
2021,44.0,brookdi01,25.0,mem,sf,67.0,67.0,1997.0,432.0,1031.0,0.419,128.0,372.0,0.344,304.0,659.0,0.461,0.481,159.0,195.0,0.815,53.0,143.0,196.0,157.0,78.0,26.0,119.0,237.0,1151.0,0.0
2021,45.0,paulch01,35.0,pho,pg,70.0,70.0,2199.0,439.0,879.0,0.499,102.0,258.0,0.395,337.0,621.0,0.543,0.557,169.0,181.0,0.934,25.0,287.0,312.0,622.0,99.0,19.0,156.0,166.0,1149.0,1.0
2021,46.0,jamesle01,36.0,lal,pg,45.0,45.0,1504.0,422.0,823.0,0.513,104.0,285.0,0.365,318.0,538.0,0.591,0.576,178.0,255.0,0.698,29.0,317.0,346.0,350.0,48.0,25.0,168.0,70.0,1126.0,5.0
2021,47.0,butleji01,31.0,mia,sf,52.0,52.0,1745.0,366.0,736.0,0.497,25.0,102.0,0.245,341.0,634.0,0.538,0.514,359.0,416.0,0.863,94.0,265.0,359.0,369.0,108.0,18.0,109.0,71.0,1116.0,4.0
2021,48.0,collijo01,23.0,atl,pf,63.0,63.0,1848.0,429.0,771.0,0.556,83.0,208.0,0.399,346.0,563.0,0.615,0.61,170.0,204.0,0.833,118.0,349.0,467.0,78.0,34.0,63.0,84.0,193.0,1111.0,0.0
2021,49.0,mccolcj01,29.0,por,sg,47.0,47.0,1600.0,405.0,884.0,0.458,169.0,420.0,0.402,236.0,464.0,0.509,0.554,108.0,133.0,0.812,30.0,155.0,185.0,223.0,44.0,21.0,65.0,87.0,1087.0,0.0
2021,50.0,hardeja01,31.0,tot,pg,44.0,43.0,1609.0,342.0,734.0,0.466,121.0,334.0,0.362,221.0,400.0,0.553,0.548,278.0,323.0,0.861,35.0,313.0,348.0,475.0,53.0,33.0,177.0,99.0,1083.0,12.0
2021,51.0,valanjo01,28.0,mem,c,62.0,61.0,1755.0,440.0,743.0,0.592,21.0,57.0,0.368,419.0,686.0,0.611,0.606,157.0,203.0,0.773,253.0,523.0,776.0,112.0,35.0,57.0,100.0,179.0,1058.0,0.0
2021,52.0,murrade01,24.0,sas,pg,67.0,67.0,2139.0,441.0,974.0,0.453,63.0,199.0,0.317,378.0,775.0,0.488,0.485,106.0,134.0,0.791,58.0,415.0,473.0,363.0,101.0,7.0,117.0,135.0,1051.0,4.0
2021,53.0,holidjr01,30.0,mil,pg,59.0,56.0,1907.0,414.0,823.0,0.503,111.0,283.0,0.392,303.0,540.0,0.561,0.57,107.0,136.0,0.787,73.0,195.0,268.0,357.0,96.0,37.0,127.0,98.0,1046.0,0.0
2021,54.0,whiteco01,20.0,chi,pg,69.0,54.0,2156.0,375.0,902.0,0.416,163.0,454.0,0.359,212.0,448.0,0.473,0.506,128.0,142.0,0.901,28.0,256.0,284.0,328.0,38.0,15.0,156.0,179.0,1041.0,0.0
2021,55.0,vanvlfr01,26.0,tor,sg,52.0,52.0,1899.0,338.0,870.0,0.389,174.0,476.0,0.366,164.0,394.0,0.416,0.489,169.0,191.0,0.885,32.0,188.0,220.0,328.0,87.0,37.0,95.0,119.0,1019.0,0.0
2021,56.0,murraja01,23.0,den,pg,48.0,48.0,1704.0,378.0,792.0,0.477,129.0,316.0,0.408,249.0,476.0,0.523,0.559,133.0,153.0,0.869,37.0,157.0,194.0,231.0,64.0,13.0,108.0,95.0,1018.0,0.0
2021,57.0,goberru01,28.0,uta,c,71.0,71.0,2187.0,391.0,579.0,0.675,0.0,4.0,0.0,391.0,575.0,0.68,0.675,233.0,374.0,0.623,240.0,720.0,960.0,89.0,40.0,190.0,118.0,163.0,1015.0,0.0
2021,58.0,aytonde01,22.0,pho,c,69.0,69.0,2115.0,430.0,687.0,0.626,4.0,20.0,0.2,426.0,667.0,0.639,0.629,133.0,173.0,0.769,228.0,499.0,727.0,99.0,41.0,81.0,103.0,196.0,997.0,0.0
2021,59.0,harrijo01,29.0,brk,sf,69.0,65.0,2141.0,357.0,707.0,0.505,211.0,444.0,0.475,146.0,263.0,0.555,0.654,49.0,63.0,0.778,43.0,205.0,248.0,130.0,46.0,14.0,62.0,141.0,974.0,0.0
2021,60.0,bridgmi01,24.0,pho,sf,72.0,72.0,2348.0,363.0,669.0,0.543,134.0,315.0,0.425,229.0,354.0,0.647,0.643,110.0,131.0,0.84,76.0,233.0,309.0,152.0,76.0,63.0,57.0,116.0,970.0,0.0
2021,61.0,capelca01,26.0,atl,c,63.0,63.0,1898.0,413.0,695.0,0.594,0.0,0.0,,413.0,695.0,0.594,0.594,130.0,227.0,0.573,297.0,606.0,903.0,49.0,44.0,129.0,73.0,145.0,956.0,1.0
2021,62.0,leverca01,26.0,tot,sg,47.0,39.0,1486.0,359.0,814.0,0.441,84.0,258.0,0.326,275.0,556.0,0.495,0.493,146.0,180.0,0.811,33.0,181.0,214.0,245.0,66.0,30.0,102.0,105.0,948.0,0.0
2021,63.0,olynyke01,29.0,tot,pf,70.0,62.0,1997.0,337.0,697.0,0.484,126.0,368.0,0.342,211.0,329.0,0.641,0.574,145.0,175.0,0.829,87.0,402.0,489.0,203.0,79.0,42.0,126.0,207.0,945.0,0.0
2021,64.0,duranke01,32.0,brk,pf,35.0,32.0,1157.0,324.0,603.0,0.537,85.0,189.0,0.45,239.0,414.0,0.577,0.608,210.0,238.0,0.882,13.0,234.0,247.0,195.0,25.0,45.0,120.0,70.0,943.0,0.0
2021,65.0,robindu01,26.0,mia,sf,72.0,72.0,2262.0,315.0,717.0,0.439,250.0,613.0,0.408,65.0,104.0,0.625,0.614,62.0,75.0,0.827,7.0,243.0,250.0,127.0,43.0,20.0,81.0,181.0,942.0,0.0
2021,66.0,garlada01,21.0,cle,pg,54.0,50.0,1790.0,362.0,802.0,0.451,105.0,266.0,0.395,257.0,536.0,0.479,0.517,112.0,132.0,0.848,23.0,106.0,129.0,329.0,66.0,6.0,164.0,110.0,941.0,0.0
2021,67.0,schrode01,27.0,lal,sg,61.0,61.0,1956.0,332.0,760.0,0.437,71.0,212.0,0.335,261.0,548.0,0.476,0.484,206.0,243.0,0.848,30.0,181.0,211.0,351.0,70.0,13.0,163.0,159.0,941.0,0.0
2021,68.0,barneha02,28.0,sac,pf,58.0,58.0,2102.0,319.0,642.0,0.497,100.0,256.0,0.391,219.0,386.0,0.567,0.575,195.0,235.0,0.83,64.0,321.0,385.0,201.0,43.0,11.0,93.0,75.0,933.0,0.0
2021,69.0,harremo01,27.0,lal,c,69.0,1.0,1580.0,375.0,603.0,0.622,0.0,10.0,0.0,375.0,593.0,0.632,0.622,181.0,256.0,0.707,158.0,270.0,428.0,73.0,46.0,49.0,74.0,128.0,931.0,0.0
2021,70.0,anthoca01,36.0,por,pf,69.0,3.0,1690.0,327.0,777.0,0.421,133.0,325.0,0.409,194.0,452.0,0.429,0.506,137.0,154.0,0.89,32.0,182.0,214.0,104.0,46.0,38.0,61.0,144.0,924.0,0.0
2021,71.0,mcderdo01,29.0,ind,pf,66.0,29.0,1619.0,354.0,665.0,0.532,111.0,286.0,0.388,243.0,379.0,0.641,0.616,80.0,98.0,0.816,60.0,161.0,221.0,85.0,20.0,6.0,53.0,117.0,899.0,0.0
2021,72.0,trentga02,22.0,tot,sg,58.0,38.0,1802.0,320.0,785.0,0.408,165.0,429.0,0.385,155.0,356.0,0.435,0.513,83.0,106.0,0.783,27.0,125.0,152.0,80.0,56.0,10.0,43.0,92.0,888.0,0.0
2021,73.0,johnske04,21.0,sas,sf,69.0,67.0,1968.0,338.0,705.0,0.479,60.0,181.0,0.331,278.0,524.0,0.531,0.522,145.0,196.0,0.74,93.0,319.0,412.0,121.0,40.0,24.0,78.0,142.0,881.0,0.0
2021,74.0,kuzmaky01,25.0,lal,sf,68.0,32.0,1954.0,335.0,757.0,0.443,137.0,380.0,0.361,198.0,377.0,0.525,0.533,67.0,97.0,0.691,108.0,309.0,417.0,127.0,35.0,41.0,113.0,121.0,874.0,0.0
2021,75.0,bledser01,31.0,nop,sg,71.0,70.0,2111.0,307.0,730.0,0.421,121.0,355.0,0.341,186.0,375.0,0.496,0.503,134.0,195.0,0.687,29.0,215.0,244.0,268.0,55.0,24.0,114.0,112.0,869.0,0.0
2021,76.0,holmeri01,27.0,sac,c,61.0,61.0,1782.0,366.0,575.0,0.637,2.0,11.0,0.182,364.0,564.0,0.645,0.638,135.0,170.0,0.794,144.0,360.0,504.0,101.0,39.0,96.0,75.0,213.0,869.0,0.0
2021,77.0,porzikr01,25.0,dal,c,43.0,43.0,1327.0,325.0,683.0,0.476,97.0,258.0,0.376,228.0,425.0,0.536,0.547,118.0,138.0,0.855,82.0,299.0,381.0,68.0,20.0,58.0,51.0,115.0,865.0,0.0
2021,78.0,haywago01,30.0,cho,sf,44.0,44.0,1496.0,311.0,658.0,0.473,85.0,205.0,0.415,226.0,453.0,0.499,0.537,156.0,185.0,0.843,37.0,221.0,258.0,181.0,52.0,14.0,91.0,74.0,863.0,0.0
2021,79.0,woodch01,25.0,hou,c,41.0,41.0,1326.0,329.0,640.0,0.514,77.0,206.0,0.374,252.0,434.0,0.581,0.574,125.0,198.0,0.631,76.0,319.0,395.0,71.0,34.0,48.0,80.0,88.0,860.0,0.0
2021,80.0,lopezbr01,32.0,mil,c,70.0,70.0,1902.0,322.0,640.0,0.503,95.0,281.0,0.338,227.0,359.0,0.632,0.577,120.0,142.0,0.845,104.0,243.0,347.0,50.0,40.0,103.0,64.0,149.0,859.0,0.0
2021,81.0,beysa01,21.0,det,sf,70.0,53.0,1909.0,279.0,691.0,0.404,175.0,460.0,0.38,104.0,231.0,0.45,0.53,124.0,147.0,0.844,43.0,275.0,318.0,95.0,52.0,14.0,60.0,110.0,857.0,0.0
2021,82.0,brunsja01,24.0,dal,pg,68.0,12.0,1697.0,328.0,627.0,0.523,81.0,200.0,0.405,247.0,427.0,0.578,0.588,120.0,151.0,0.795,27.0,204.0,231.0,239.0,35.0,1.0,80.0,109.0,857.0,0.0
2021,83.0,anderky01,27.0,mem,pf,69.0,69.0,1887.0,308.0,658.0,0.468,94.0,261.0,0.36,214.0,397.0,0.539,0.54,144.0,184.0,0.783,52.0,344.0,396.0,250.0,84.0,57.0,86.0,120.0,854.0,0.0
2021,84.0,oubreke01,25.0,gsw,sf,55.0,50.0,1687.0,318.0,724.0,0.439,90.0,285.0,0.316,228.0,439.0,0.519,0.501,123.0,177.0,0.695,82.0,247.0,329.0,73.0,57.0,42.0,70.0,121.0,849.0,0.0
2021,85.0,bridgmi02,22.0,cho,pf,66.0,19.0,1932.0,313.0,622.0,0.503,116.0,290.0,0.4,197.0,332.0,0.593,0.596,98.0,113.0,0.867,81.0,316.0,397.0,147.0,44.0,52.0,106.0,143.0,840.0,0.0
2021,86.0,gilgesh01,22.0,okc,sg,35.0,35.0,1180.0,287.0,565.0,0.508,71.0,170.0,0.418,216.0,395.0,0.547,0.571,185.0,229.0,0.808,19.0,147.0,166.0,207.0,27.0,23.0,106.0,70.0,830.0,0.0
2021,87.0,simmobe01,24.0,phi,pg,58.0,58.0,1877.0,325.0,583.0,0.557,3.0,10.0,0.3,322.0,573.0,0.562,0.56,176.0,287.0,0.613,93.0,324.0,417.0,401.0,93.0,35.0,173.0,171.0,829.0,4.0
2021,88.0,walkeke02,30.0,bos,pg,43.0,43.0,1369.0,284.0,676.0,0.42,127.0,353.0,0.36,157.0,323.0,0.486,0.514,134.0,149.0,0.899,16.0,154.0,170.0,212.0,48.0,12.0,88.0,61.0,829.0,0.0
2021,89.0,jacksjo02,23.0,det,sg,62.0,25.0,1560.0,296.0,707.0,0.419,77.0,257.0,0.3,219.0,450.0,0.487,0.473,159.0,218.0,0.729,57.0,197.0,254.0,143.0,53.0,47.0,142.0,178.0,828.0,0.0
2021,90.0,conlemi01,33.0,uta,pg,51.0,51.0,1498.0,284.0,640.0,0.444,138.0,335.0,0.412,146.0,305.0,0.479,0.552,121.0,142.0,0.852,36.0,141.0,177.0,305.0,70.0,9.0,99.0,98.0,827.0,0.0
2021,91.0,washipj01,22.0,cho,pf,64.0,61.0,1954.0,302.0,686.0,0.44,112.0,290.0,0.386,190.0,396.0,0.48,0.522,108.0,145.0,0.745,93.0,325.0,418.0,161.0,69.0,79.0,128.0,171.0,824.0,0.0
2021,92.0,walljo01,30.0,hou,pg,40.0,40.0,1288.0,293.0,726.0,0.404,79.0,249.0,0.317,214.0,477.0,0.449,0.458,158.0,211.0,0.749,17.0,112.0,129.0,275.0,42.0,31.0,141.0,46.0,823.0,1.0
2021,93.0,youngth01,32.0,chi,pf,68.0,23.0,1652.0,370.0,662.0,0.559,12.0,45.0,0.267,358.0,617.0,0.58,0.568,71.0,113.0,0.628,168.0,255.0,423.0,291.0,74.0,40.0,137.0,152.0,823.0,0.0
2021,94.0,huertke01,22.0,atl,sg,69.0,49.0,2126.0,316.0,731.0,0.432,140.0,386.0,0.363,176.0,345.0,0.51,0.528,50.0,64.0,0.781,38.0,193.0,231.0,241.0,82.0,18.0,79.0,165.0,822.0,0.0
2021,95.0,bouchch01,28.0,tor,c,60.0,14.0,1453.0,288.0,560.0,0.514,90.0,235.0,0.383,198.0,325.0,0.609,0.595,152.0,193.0,0.788,117.0,287.0,404.0,63.0,35.0,111.0,46.0,166.0,818.0,0.0
2021,96.0,miltosh01,24.0,phi,sg,63.0,4.0,1461.0,300.0,667.0,0.45,71.0,203.0,0.35,229.0,464.0,0.494,0.503,146.0,176.0,0.83,33.0,115.0,148.0,193.0,39.0,18.0,103.0,130.0,817.0,0.0
2021,97.0,grahade01,25.0,cho,pg,55.0,44.0,1659.0,252.0,669.0,0.377,179.0,477.0,0.375,73.0,192.0,0.38,0.51,133.0,158.0,0.842,22.0,126.0,148.0,295.0,48.0,6.0,84.0,77.0,816.0,0.0
2021,98.0,nunnke01,25.0,mia,pg,56.0,44.0,1650.0,319.0,658.0,0.485,122.0,320.0,0.381,197.0,338.0,0.583,0.578,56.0,60.0,0.933,21.0,158.0,179.0,148.0,52.0,14.0,80.0,108.0,816.0,0.0
2021,99.0,herroty01,21.0,mia,sg,54.0,15.0,1635.0,307.0,699.0,0.439,107.0,297.0,0.36,200.0,402.0,0.498,0.516,94.0,117.0,0.803,25.0,243.0,268.0,184.0,35.0,17.0,101.0,71.0,815.0,0.0
2021,100.0,inglejo01,33.0,uta,sf,67.0,30.0,1867.0,275.0,562.0,0.489,183.0,406.0,0.451,92.0,156.0,0.59,0.652,76.0,90.0,0.844,27.0,217.0,244.0,318.0,45.0,12.0,117.0,120.0,809.0,0.0
2021,101.0,kanteen01,28.0,por,c,72.0,35.0,1758.0,339.0,561.0,0.604,1.0,4.0,0.25,338.0,557.0,0.607,0.605,127.0,164.0,0.774,284.0,511.0,795.0,84.0,33.0,48.0,78.0,168.0,806.0,0.0
2021,102.0,allenja01,22.0,tot,c,63.0,45.0,1864.0,298.0,482.0,0.618,6.0,19.0,0.316,292.0,463.0,0.631,0.624,204.0,290.0,0.703,196.0,435.0,631.0,106.0,32.0,90.0,100.0,96.0,806.0,0.0
2021,103.0,ballla01,19.0,cho,pg,51.0,31.0,1469.0,293.0,672.0,0.436,92.0,261.0,0.352,201.0,411.0,0.489,0.504,125.0,165.0,0.758,63.0,239.0,302.0,313.0,81.0,18.0,145.0,136.0,803.0,1.0
2021,104.0,balllo01,23.0,nop,pg,55.0,55.0,1747.0,290.0,700.0,0.414,172.0,455.0,0.378,118.0,245.0,0.482,0.537,50.0,64.0,0.781,33.0,230.0,263.0,316.0,82.0,31.0,123.0,103.0,802.0,1.0
2021,105.0,russeda01,24.0,min,pg,42.0,26.0,1196.0,281.0,652.0,0.431,120.0,310.0,0.387,161.0,342.0,0.471,0.523,114.0,149.0,0.765,16.0,95.0,111.0,244.0,45.0,18.0,112.0,68.0,796.0,0.0
2021,106.0,tateja01,25.0,hou,sf,70.0,58.0,2043.0,316.0,625.0,0.506,60.0,195.0,0.308,256.0,430.0,0.595,0.554,102.0,147.0,0.694,132.0,242.0,374.0,178.0,85.0,36.0,98.0,222.0,794.0,0.0
2021,107.0,lowryky01,34.0,tor,pg,46.0,46.0,1601.0,260.0,596.0,0.436,131.0,331.0,0.396,129.0,265.0,0.487,0.546,140.0,160.0,0.875,35.0,212.0,247.0,338.0,45.0,14.0,126.0,143.0,791.0,2.0
2021,108.0,hachiru01,22.0,was,pf,57.0,57.0,1797.0,310.0,648.0,0.478,45.0,137.0,0.328,265.0,511.0,0.519,0.513,124.0,161.0,0.77,49.0,263.0,312.0,82.0,44.0,7.0,68.0,120.0,789.0,0.0
2021,109.0,bacondw01,25.0,orl,sg,72.0,50.0,1853.0,292.0,726.0,0.402,59.0,207.0,0.285,233.0,519.0,0.449,0.443,145.0,176.0,0.824,31.0,193.0,224.0,93.0,45.0,5.0,46.0,103.0,788.0,0.0
2021,110.0,davisan02,27.0,lal,pf,36.0,36.0,1162.0,301.0,613.0,0.491,26.0,100.0,0.26,275.0,513.0,0.536,0.512,158.0,214.0,0.738,62.0,224.0,286.0,110.0,45.0,59.0,74.0,60.0,786.0,0.0
2021,111.0,reidna01,21.0,min,c,70.0,15.0,1347.0,304.0,581.0,0.523,61.0,174.0,0.351,243.0,407.0,0.597,0.576,115.0,166.0,0.693,82.0,240.0,322.0,72.0,34.0,76.0,69.0,179.0,784.0,0.0
2021,112.0,morrima03,31.0,lac,pf,57.0,29.0,1502.0,276.0,584.0,0.473,140.0,296.0,0.473,136.0,288.0,0.472,0.592,73.0,89.0,0.82,35.0,199.0,234.0,58.0,34.0,15.0,57.0,117.0,765.0,0.0
2021,113.0,holidju01,31.0,ind,sg,72.0,52.0,2183.0,258.0,625.0,0.413,173.0,453.0,0.382,85.0,172.0,0.494,0.551,67.0,85.0,0.788,32.0,224.0,256.0,119.0,74.0,41.0,54.0,135.0,756.0,0.0
2021,114.0,bazleda01,20.0,okc,pf,55.0,55.0,1714.0,273.0,690.0,0.396,83.0,286.0,0.29,190.0,404.0,0.47,0.456,125.0,178.0,0.702,51.0,345.0,396.0,99.0,29.0,25.0,122.0,60.0,754.0,0.0
2021,115.0,portibo01,25.0,mil,c,66.0,7.0,1372.0,313.0,598.0,0.523,74.0,157.0,0.471,239.0,441.0,0.542,0.585,54.0,73.0,0.74,124.0,342.0,466.0,71.0,52.0,26.0,56.0,115.0,754.0,0.0
2021,116.0,halibty01,20.0,sac,pg,58.0,20.0,1746.0,292.0,619.0,0.472,121.0,296.0,0.409,171.0,323.0,0.529,0.569,48.0,56.0,0.857,39.0,134.0,173.0,309.0,77.0,28.0,92.0,83.0,753.0,0.0
2021,117.0,greenje02,34.0,brk,pf,68.0,38.0,1835.0,261.0,530.0,0.492,103.0,250.0,0.412,158.0,280.0,0.564,0.59,125.0,161.0,0.776,34.0,229.0,263.0,108.0,36.0,27.0,54.0,122.0,750.0,0.0
2021,118.0,willilo02,34.0,tot,pg,66.0,4.0,1423.0,265.0,646.0,0.41,69.0,173.0,0.399,196.0,473.0,0.414,0.464,150.0,173.0,0.867,21.0,117.0,138.0,225.0,47.0,6.0,108.0,62.0,749.0,0.0
2021,119.0,millspa02,32.0,sas,pg,68.0,1.0,1685.0,252.0,611.0,0.412,161.0,429.0,0.375,91.0,182.0,0.5,0.544,71.0,78.0,0.91,18.0,98.0,116.0,162.0,42.0,3.0,66.0,81.0,736.0,0.0
2021,120.0,rosede01,32.0,tot,pg,50.0,3.0,1279.0,287.0,611.0,0.47,50.0,129.0,0.388,237.0,482.0,0.492,0.511,110.0,127.0,0.866,20.0,110.0,130.0,209.0,49.0,19.0,78.0,56.0,734.0,0.0
2021,121.0,quickim01,21.0,nyk,pg,64.0,3.0,1243.0,229.0,580.0,0.395,118.0,303.0,0.389,111.0,277.0,0.401,0.497,155.0,174.0,0.891,25.0,112.0,137.0,127.0,30.0,12.0,58.0,114.0,731.0,0.0
2021,122.0,dortlu01,21.0,okc,sg,52.0,52.0,1543.0,247.0,639.0,0.387,113.0,329.0,0.343,134.0,310.0,0.432,0.475,122.0,164.0,0.744,38.0,151.0,189.0,88.0,45.0,19.0,79.0,134.0,729.0,0.0
2021,123.0,beaslma01,24.0,min,sg,37.0,36.0,1214.0,264.0,600.0,0.44,128.0,321.0,0.399,136.0,279.0,0.487,0.547,68.0,80.0,0.85,28.0,134.0,162.0,88.0,30.0,7.0,60.0,62.0,724.0,0.0
2021,124.0,bogdabo01,28.0,atl,sg,44.0,27.0,1305.0,267.0,565.0,0.473,146.0,333.0,0.438,121.0,232.0,0.522,0.602,40.0,44.0,0.909,20.0,140.0,160.0,147.0,49.0,13.0,54.0,99.0,720.0,0.0
2021,125.0,fournev01,28.0,tot,sf,42.0,36.0,1259.0,247.0,541.0,0.457,117.0,283.0,0.413,130.0,258.0,0.504,0.565,108.0,137.0,0.788,10.0,118.0,128.0,144.0,47.0,19.0,73.0,96.0,719.0,0.0
2021,126.0,rosste01,29.0,orl,sg,46.0,2.0,1347.0,254.0,616.0,0.412,89.0,264.0,0.337,165.0,352.0,0.469,0.485,120.0,138.0,0.87,15.0,143.0,158.0,108.0,47.0,21.0,74.0,88.0,717.0,0.0
2021,127.0,gayru01,34.0,sas,pf,63.0,1.0,1358.0,264.0,628.0,0.42,106.0,278.0,0.381,158.0,350.0,0.451,0.505,82.0,102.0,0.804,42.0,261.0,303.0,88.0,45.0,40.0,65.0,115.0,716.0,0.0
2021,128.0,jacksre01,30.0,lac,sg,67.0,43.0,1544.0,263.0,585.0,0.45,122.0,282.0,0.433,141.0,303.0,0.465,0.554,67.0,82.0,0.817,24.0,168.0,192.0,205.0,41.0,7.0,74.0,127.0,715.0,0.0
2021,129.0,richajo01,27.0,dal,sg,59.0,56.0,1790.0,264.0,618.0,0.427,88.0,267.0,0.33,176.0,351.0,0.501,0.498,99.0,108.0,0.917,51.0,144.0,195.0,153.0,61.0,24.0,79.0,130.0,715.0,0.0
2021,130.0,bartowi01,30.0,den,sf,56.0,52.0,1736.0,259.0,608.0,0.426,98.0,257.0,0.381,161.0,351.0,0.459,0.507,95.0,121.0,0.785,39.0,187.0,226.0,181.0,50.0,23.0,96.0,95.0,711.0,0.0
2021,131.0,curryse01,30.0,phi,sg,57.0,57.0,1638.0,258.0,552.0,0.467,126.0,280.0,0.45,132.0,272.0,0.485,0.582,69.0,77.0,0.896,10.0,126.0,136.0,155.0,44.0,8.0,65.0,96.0,711.0,0.0
2021,132.0,bullore01,29.0,nyk,sf,65.0,64.0,1949.0,248.0,561.0,0.442,163.0,398.0,0.41,85.0,163.0,0.521,0.587,50.0,55.0,0.909,16.0,207.0,223.0,99.0,52.0,11.0,45.0,146.0,709.0,0.0
2021,133.0,forbebr01,27.0,mil,sg,70.0,10.0,1354.0,250.0,529.0,0.473,154.0,341.0,0.452,96.0,188.0,0.511,0.618,47.0,61.0,0.77,11.0,101.0,112.0,45.0,24.0,1.0,44.0,77.0,701.0,0.0
2021,134.0,markkla01,23.0,chi,pf,51.0,26.0,1317.0,250.0,521.0,0.48,119.0,296.0,0.402,131.0,225.0,0.582,0.594,76.0,92.0,0.826,35.0,233.0,268.0,45.0,26.0,15.0,52.0,75.0,695.0,0.0
2021,135.0,divindo01,24.0,mil,sg,66.0,66.0,1814.0,253.0,603.0,0.42,131.0,346.0,0.379,122.0,257.0,0.475,0.528,51.0,71.0,0.718,81.0,299.0,380.0,203.0,72.0,15.0,91.0,112.0,688.0,0.0
2021,136.0,drumman01,27.0,tot,c,46.0,46.0,1242.0,282.0,572.0,0.493,0.0,8.0,0.0,282.0,564.0,0.5,0.493,123.0,205.0,0.6,166.0,385.0,551.0,94.0,63.0,49.0,124.0,149.0,687.0,0.0
2021,137.0,anunoog01,23.0,tor,sf,43.0,43.0,1433.0,249.0,519.0,0.48,104.0,261.0,0.398,145.0,258.0,0.562,0.58,80.0,102.0,0.784,54.0,183.0,237.0,94.0,66.0,32.0,75.0,114.0,682.0,0.0
2021,138.0,gallida01,32.0,atl,pf,51.0,4.0,1222.0,206.0,475.0,0.434,103.0,254.0,0.406,103.0,221.0,0.466,0.542,161.0,174.0,0.925,17.0,194.0,211.0,76.0,30.0,10.0,43.0,105.0,676.0,0.0
2021,139.0,dragigo01,34.0,mia,pg,50.0,11.0,1337.0,240.0,555.0,0.432,91.0,244.0,0.373,149.0,311.0,0.479,0.514,101.0,122.0,0.828,25.0,144.0,169.0,219.0,33.0,8.0,118.0,113.0,672.0,0.0
2021,140.0,walkelo01,22.0,sas,sg,60.0,38.0,1522.0,256.0,609.0,0.42,100.0,282.0,0.355,156.0,327.0,0.477,0.502,57.0,70.0,0.814,14.0,141.0,155.0,101.0,29.0,15.0,65.0,101.0,669.0,0.0
2021,141.0,maledth01,19.0,okc,pg,65.0,49.0,1778.0,226.0,614.0,0.368,105.0,313.0,0.335,121.0,301.0,0.402,0.454,101.0,135.0,0.748,25.0,186.0,211.0,227.0,56.0,11.0,141.0,126.0,658.0,0.0
2021,142.0,bertada01,28.0,was,pf,57.0,7.0,1464.0,193.0,478.0,0.404,169.0,428.0,0.395,24.0,50.0,0.48,0.581,100.0,115.0,0.87,18.0,150.0,168.0,49.0,33.0,13.0,33.0,136.0,655.0,0.0
2021,143.0,willipa01,19.0,chi,pf,71.0,71.0,1983.0,255.0,528.0,0.483,54.0,138.0,0.391,201.0,390.0,0.515,0.534,91.0,125.0,0.728,66.0,261.0,327.0,99.0,64.0,46.0,98.0,126.0,655.0,0.0
2021,144.0,greenda02,33.0,phi,sf,69.0,69.0,1934.0,224.0,544.0,0.412,175.0,432.0,0.405,49.0,112.0,0.438,0.573,31.0,40.0,0.775,55.0,205.0,260.0,118.0,92.0,56.0,67.0,125.0,654.0,0.0
2021,145.0,caldwke01,27.0,lal,sg,67.0,67.0,1902.0,218.0,506.0,0.431,120.0,293.0,0.41,98.0,213.0,0.46,0.549,97.0,112.0,0.866,27.0,152.0,179.0,127.0,62.0,26.0,66.0,114.0,653.0,0.0
2021,146.0,oladivi01,28.0,tot,sg,33.0,33.0,1080.0,235.0,576.0,0.408,78.0,239.0,0.326,157.0,337.0,0.466,0.476,104.0,138.0,0.754,12.0,148.0,160.0,151.0,46.0,14.0,83.0,81.0,652.0,0.0
2021,147.0,zubaciv01,23.0,lac,c,72.0,33.0,1609.0,257.0,394.0,0.652,1.0,4.0,0.25,256.0,390.0,0.656,0.654,135.0,171.0,0.789,189.0,330.0,519.0,90.0,24.0,62.0,81.0,187.0,650.0,0.0
2021,148.0,okorois01,20.0,cle,sg,67.0,67.0,2173.0,235.0,559.0,0.42,62.0,214.0,0.29,173.0,345.0,0.501,0.476,114.0,157.0,0.726,68.0,138.0,206.0,128.0,62.0,24.0,86.0,185.0,646.0,0.0
2021,149.0,wrighde01,28.0,tot,pg,63.0,39.0,1748.0,240.0,518.0,0.463,64.0,172.0,0.372,176.0,346.0,0.509,0.525,101.0,126.0,0.802,65.0,204.0,269.0,278.0,101.0,30.0,83.0,75.0,645.0,0.0
2021,150.0,lopezro01,32.0,was,c,71.0,9.0,1354.0,269.0,425.0,0.633,5.0,18.0,0.278,264.0,407.0,0.649,0.639,99.0,137.0,0.723,141.0,131.0,272.0,55.0,15.0,44.0,75.0,109.0,642.0,0.0
2021,151.0,paytoel01,26.0,nyk,pg,63.0,63.0,1484.0,269.0,622.0,0.432,28.0,98.0,0.286,241.0,524.0,0.46,0.455,73.0,107.0,0.682,64.0,152.0,216.0,203.0,47.0,9.0,103.0,116.0,639.0,0.0
2021,152.0,smartma01,26.0,bos,pg,48.0,45.0,1581.0,203.0,510.0,0.398,93.0,282.0,0.33,110.0,228.0,0.482,0.489,128.0,162.0,0.79,36.0,131.0,167.0,273.0,72.0,23.0,96.0,126.0,627.0,0.0
2021,153.0,theisda01,28.0,tot,c,65.0,51.0,1601.0,252.0,466.0,0.541,49.0,152.0,0.322,203.0,314.0,0.646,0.593,74.0,110.0,0.673,93.0,263.0,356.0,108.0,41.0,57.0,66.0,167.0,627.0,0.0
2021,154.0,banede01,22.0,mem,sg,68.0,17.0,1519.0,234.0,499.0,0.469,117.0,271.0,0.432,117.0,228.0,0.513,0.586,40.0,49.0,0.816,31.0,179.0,210.0,118.0,41.0,16.0,59.0,125.0,625.0,0.0
2021,155.0,burksal01,29.0,nyk,sg,49.0,5.0,1255.0,210.0,500.0,0.42,102.0,246.0,0.415,108.0,254.0,0.425,0.522,101.0,118.0,0.856,21.0,206.0,227.0,107.0,31.0,14.0,49.0,102.0,623.0,0.0
2021,156.0,gordoaa01,25.0,tot,pf,50.0,50.0,1384.0,231.0,499.0,0.463,59.0,176.0,0.335,172.0,323.0,0.533,0.522,97.0,149.0,0.651,77.0,207.0,284.0,161.0,33.0,34.0,97.0,89.0,618.0,1.0
2021,157.0,osmande01,25.0,cle,sf,59.0,26.0,1510.0,219.0,586.0,0.374,99.0,324.0,0.306,120.0,262.0,0.458,0.458,76.0,95.0,0.8,38.0,163.0,201.0,174.0,53.0,9.0,80.0,119.0,613.0,0.0
2021,158.0,poolejo01,21.0,gsw,sg,51.0,7.0,988.0,205.0,474.0,0.432,97.0,276.0,0.351,108.0,198.0,0.545,0.535,105.0,119.0,0.882,15.0,77.0,92.0,99.0,26.0,9.0,51.0,86.0,612.0,0.0
2021,159.0,clarkbr01,24.0,mem,pf,59.0,16.0,1415.0,256.0,495.0,0.517,20.0,77.0,0.26,236.0,418.0,0.565,0.537,78.0,113.0,0.69,97.0,231.0,328.0,95.0,60.0,51.0,33.0,84.0,610.0,0.0
2021,160.0,baglema01,21.0,sac,pf,43.0,42.0,1112.0,247.0,490.0,0.504,37.0,108.0,0.343,210.0,382.0,0.55,0.542,77.0,134.0,0.575,106.0,212.0,318.0,43.0,21.0,21.0,59.0,100.0,608.0,0.0
2021,161.0,cartewe01,21.0,tot,c,54.0,44.0,1375.0,230.0,457.0,0.503,15.0,51.0,0.294,215.0,406.0,0.53,0.52,131.0,179.0,0.732,132.0,311.0,443.0,104.0,35.0,42.0,78.0,146.0,606.0,0.0
2021,162.0,anthoco01,20.0,orl,pg,47.0,34.0,1273.0,219.0,552.0,0.397,58.0,172.0,0.337,161.0,380.0,0.424,0.449,109.0,131.0,0.832,38.0,183.0,221.0,192.0,30.0,18.0,106.0,98.0,605.0,0.0
2021,163.0,diallha01,22.0,tot,sf,52.0,9.0,1226.0,224.0,470.0,0.477,28.0,82.0,0.341,196.0,388.0,0.505,0.506,128.0,200.0,0.64,59.0,213.0,272.0,101.0,41.0,24.0,76.0,134.0,604.0,0.0
2021,164.0,crowdja01,30.0,pho,pf,60.0,42.0,1648.0,199.0,492.0,0.404,148.0,380.0,0.389,51.0,112.0,0.455,0.555,57.0,75.0,0.76,32.0,250.0,282.0,127.0,48.0,27.0,55.0,125.0,603.0,0.0
2021,165.0,mccontj01,28.0,ind,pg,69.0,3.0,1796.0,274.0,490.0,0.559,15.0,48.0,0.313,259.0,442.0,0.586,0.574,33.0,48.0,0.688,55.0,201.0,256.0,456.0,128.0,23.0,135.0,113.0,596.0,1.0
2021,166.0,covinro01,30.0,por,pf,70.0,70.0,2243.0,204.0,509.0,0.401,135.0,356.0,0.379,69.0,153.0,0.451,0.533,50.0,62.0,0.806,61.0,405.0,466.0,117.0,101.0,84.0,64.0,195.0,593.0,0.0
2021,167.0,poeltja01,25.0,sas,c,69.0,51.0,1845.0,265.0,430.0,0.616,0.0,0.0,,265.0,430.0,0.616,0.616,63.0,124.0,0.508,219.0,328.0,547.0,134.0,47.0,123.0,83.0,172.0,593.0,0.0
2021,168.0,turnemy01,24.0,ind,c,47.0,47.0,1455.0,206.0,432.0,0.477,69.0,206.0,0.335,137.0,226.0,0.606,0.557,111.0,142.0,0.782,63.0,243.0,306.0,48.0,40.0,159.0,67.0,165.0,592.0,0.0
2021,169.0,finnedo01,27.0,dal,pf,60.0,60.0,1921.0,220.0,466.0,0.472,119.0,302.0,0.394,101.0,164.0,0.616,0.6,31.0,41.0,0.756,98.0,228.0,326.0,102.0,52.0,25.0,48.0,138.0,590.0,0.0
2021,170.0,hortota01,20.0,lal,sg,65.0,4.0,1304.0,224.0,489.0,0.458,37.0,131.0,0.282,187.0,358.0,0.522,0.496,100.0,129.0,0.775,25.0,144.0,169.0,181.0,63.0,21.0,105.0,127.0,585.0,0.0
2021,171.0,rubiori01,30.0,min,pg,68.0,51.0,1772.0,193.0,498.0,0.388,66.0,214.0,0.308,127.0,284.0,0.447,0.454,130.0,150.0,0.867,28.0,195.0,223.0,433.0,98.0,4.0,111.0,139.0,582.0,0.0
2021,172.0,plumlma01,30.0,det,c,56.0,56.0,1499.0,234.0,381.0,0.614,0.0,7.0,0.0,234.0,374.0,0.626,0.614,113.0,169.0,0.669,145.0,374.0,519.0,202.0,43.0,50.0,105.0,186.0,581.0,2.0
2021,173.0,brownbr01,24.0,brk,pg,65.0,37.0,1451.0,235.0,423.0,0.556,17.0,59.0,0.288,218.0,364.0,0.599,0.576,86.0,117.0,0.735,111.0,238.0,349.0,104.0,58.0,28.0,54.0,145.0,573.0,0.0
2021,174.0,johnsca02,24.0,pho,pf,60.0,11.0,1437.0,203.0,483.0,0.42,117.0,335.0,0.349,86.0,148.0,0.581,0.541,50.0,59.0,0.847,33.0,166.0,199.0,86.0,37.0,16.0,40.0,85.0,573.0,0.0
2021,175.0,shamela01,23.0,brk,sg,61.0,12.0,1403.0,186.0,456.0,0.408,129.0,333.0,0.387,57.0,123.0,0.463,0.549,66.0,78.0,0.846,11.0,101.0,112.0,99.0,31.0,10.0,48.0,93.0,567.0,0.0
2021,176.0,mykhasv01,23.0,tot,sf,66.0,14.0,1324.0,208.0,506.0,0.411,105.0,314.0,0.334,103.0,192.0,0.536,0.515,38.0,50.0,0.76,24.0,139.0,163.0,110.0,51.0,12.0,88.0,63.0,559.0,0.0
2021,177.0,netora01,28.0,was,pg,64.0,22.0,1403.0,209.0,447.0,0.468,64.0,164.0,0.39,145.0,283.0,0.512,0.539,75.0,85.0,0.882,28.0,128.0,156.0,146.0,73.0,6.0,53.0,109.0,557.0,0.0
2021,178.0,whitede01,26.0,sas,sg,36.0,32.0,1064.0,186.0,453.0,0.411,84.0,243.0,0.346,102.0,210.0,0.486,0.503,97.0,114.0,0.851,13.0,94.0,107.0,127.0,26.0,36.0,45.0,91.0,553.0,0.0
2021,179.0,batumni01,32.0,lac,sf,67.0,38.0,1835.0,191.0,412.0,0.464,110.0,272.0,0.404,81.0,140.0,0.579,0.597,48.0,58.0,0.828,50.0,266.0,316.0,148.0,69.0,37.0,53.0,102.0,540.0,0.0
2021,180.0,stewais01,19.0,det,c,68.0,14.0,1455.0,226.0,409.0,0.553,21.0,63.0,0.333,205.0,346.0,0.592,0.578,64.0,92.0,0.696,159.0,294.0,453.0,59.0,39.0,86.0,67.0,184.0,537.0,0.0
2021,181.0,robyis01,22.0,okc,pf,61.0,34.0,1425.0,207.0,429.0,0.483,32.0,109.0,0.294,175.0,320.0,0.547,0.52,87.0,117.0,0.744,89.0,252.0,341.0,107.0,52.0,37.0,113.0,162.0,533.0,0.0
2021,182.0,daviste02,23.0,tot,sg,61.0,4.0,1074.0,195.0,456.0,0.428,98.0,267.0,0.367,97.0,189.0,0.513,0.535,45.0,55.0,0.818,20.0,134.0,154.0,83.0,44.0,14.0,63.0,97.0,533.0,0.0
2021,183.0,allengr01,25.0,mem,sg,50.0,38.0,1259.0,173.0,414.0,0.418,107.0,274.0,0.391,66.0,140.0,0.471,0.547,79.0,91.0,0.868,19.0,141.0,160.0,108.0,46.0,8.0,48.0,71.0,532.0,0.0
2021,184.0,willike04,26.0,okc,pf,66.0,13.0,1426.0,219.0,411.0,0.533,52.0,117.0,0.444,167.0,294.0,0.568,0.596,36.0,63.0,0.571,84.0,189.0,273.0,152.0,55.0,17.0,76.0,143.0,526.0,0.0
2021,185.0,kennalu01,24.0,lac,sg,63.0,17.0,1232.0,197.0,414.0,0.476,100.0,224.0,0.446,97.0,190.0,0.511,0.597,26.0,31.0,0.839,15.0,146.0,161.0,104.0,23.0,9.0,48.0,91.0,520.0,0.0
2021,186.0,josepco01,29.0,tot,pg,63.0,13.0,1446.0,200.0,426.0,0.469,45.0,132.0,0.341,155.0,294.0,0.527,0.522,72.0,88.0,0.818,35.0,124.0,159.0,213.0,61.0,18.0,79.0,139.0,517.0,0.0
2021,187.0,pritcpa01,23.0,bos,sg,66.0,4.0,1268.0,184.0,418.0,0.44,102.0,248.0,0.411,82.0,170.0,0.482,0.562,40.0,45.0,0.889,33.0,125.0,158.0,120.0,37.0,9.0,53.0,104.0,510.0,0.0
2021,188.0,alexani01,22.0,nop,sg,46.0,13.0,1007.0,192.0,458.0,0.419,76.0,219.0,0.347,116.0,239.0,0.485,0.502,48.0,66.0,0.727,13.0,131.0,144.0,102.0,47.0,22.0,69.0,88.0,508.0,0.0
2021,189.0,payneca01,26.0,pho,pg,60.0,1.0,1079.0,191.0,395.0,0.484,73.0,166.0,0.44,118.0,229.0,0.515,0.576,50.0,56.0,0.893,16.0,128.0,144.0,217.0,36.0,16.0,60.0,97.0,505.0,0.0
2021,190.0,griffbl01,31.0,tot,pf,46.0,30.0,1186.0,174.0,411.0,0.423,70.0,205.0,0.341,104.0,206.0,0.505,0.509,87.0,117.0,0.744,35.0,190.0,225.0,140.0,32.0,15.0,62.0,111.0,505.0,0.0
2021,191.0,millspa01,35.0,den,pf,56.0,36.0,1162.0,191.0,401.0,0.476,49.0,143.0,0.343,142.0,258.0,0.55,0.537,71.0,98.0,0.724,76.0,186.0,262.0,98.0,51.0,36.0,51.0,111.0,502.0,0.0
2021,192.0,simonan01,21.0,por,sg,64.0,0.0,1104.0,168.0,401.0,0.419,120.0,282.0,0.426,48.0,119.0,0.403,0.569,46.0,57.0,0.807,14.0,126.0,140.0,89.0,18.0,8.0,43.0,96.0,502.0,0.0
2021,193.0,korkmfu01,23.0,phi,sg,55.0,11.0,1062.0,170.0,424.0,0.401,101.0,269.0,0.375,69.0,155.0,0.445,0.52,60.0,82.0,0.732,17.0,96.0,113.0,82.0,49.0,9.0,46.0,64.0,501.0,0.0
2021,194.0,niangge01,27.0,uta,pf,72.0,10.0,1154.0,177.0,405.0,0.437,124.0,292.0,0.425,53.0,113.0,0.469,0.59,22.0,23.0,0.957,28.0,148.0,176.0,59.0,25.0,8.0,51.0,116.0,500.0,0.0
2021,195.0,onealro01,27.0,uta,sf,71.0,71.0,2241.0,175.0,394.0,0.444,107.0,278.0,0.385,68.0,116.0,0.586,0.58,39.0,46.0,0.848,88.0,397.0,485.0,181.0,57.0,32.0,83.0,182.0,496.0,0.0
2021,196.0,monkma01,22.0,cho,sg,42.0,0.0,878.0,173.0,399.0,0.434,85.0,212.0,0.401,88.0,187.0,0.471,0.54,59.0,72.0,0.819,14.0,87.0,101.0,87.0,19.0,4.0,55.0,47.0,490.0,0.0
2021,197.0,maxeyty01,20.0,phi,sg,61.0,8.0,935.0,198.0,429.0,0.462,31.0,103.0,0.301,167.0,326.0,0.512,0.498,61.0,70.0,0.871,11.0,93.0,104.0,120.0,26.0,13.0,41.0,79.0,488.0,0.0
2021,198.0,howardw01,35.0,phi,c,69.0,6.0,1196.0,178.0,303.0,0.587,5.0,20.0,0.25,173.0,283.0,0.611,0.596,121.0,210.0,0.576,190.0,390.0,580.0,61.0,30.0,62.0,112.0,200.0,482.0,0.0
2021,199.0,birchkh01,28.0,tot,c,67.0,22.0,1529.0,189.0,380.0,0.497,13.0,52.0,0.25,176.0,328.0,0.537,0.514,91.0,129.0,0.705,174.0,213.0,387.0,89.0,48.0,50.0,44.0,113.0,482.0,0.0
2021,200.0,bazemke01,31.0,gsw,sf,67.0,18.0,1333.0,176.0,392.0,0.449,75.0,184.0,0.408,101.0,208.0,0.486,0.545,54.0,78.0,0.692,26.0,203.0,229.0,108.0,69.0,33.0,82.0,158.0,481.0,0.0
2021,201.0,gordoer01,32.0,hou,sg,27.0,13.0,789.0,159.0,367.0,0.433,69.0,210.0,0.329,90.0,157.0,0.573,0.527,94.0,114.0,0.825,8.0,50.0,58.0,71.0,14.0,13.0,51.0,44.0,481.0,0.0
2021,202.0,morrimo01,25.0,den,pg,47.0,13.0,1196.0,186.0,387.0,0.481,51.0,134.0,0.381,135.0,253.0,0.534,0.547,58.0,73.0,0.795,11.0,85.0,96.0,150.0,34.0,13.0,34.0,48.0,481.0,0.0
2021,203.0,holidaa01,24.0,ind,pg,66.0,8.0,1176.0,170.0,436.0,0.39,67.0,182.0,0.368,103.0,254.0,0.406,0.467,68.0,83.0,0.819,15.0,74.0,89.0,123.0,46.0,13.0,66.0,94.0,475.0,0.0
2021,204.0,mannte01,24.0,lac,sg,67.0,10.0,1263.0,178.0,350.0,0.509,38.0,91.0,0.418,140.0,259.0,0.541,0.563,78.0,94.0,0.83,56.0,186.0,242.0,104.0,29.0,13.0,40.0,126.0,472.0,0.0
2021,205.0,meltode01,22.0,mem,pg,52.0,1.0,1045.0,172.0,393.0,0.438,87.0,211.0,0.412,85.0,182.0,0.467,0.548,41.0,51.0,0.804,30.0,131.0,161.0,132.0,60.0,31.0,66.0,85.0,472.0,0.0
2021,206.0,greenja01,30.0,den,pf,58.0,5.0,1120.0,173.0,374.0,0.463,79.0,198.0,0.399,94.0,176.0,0.534,0.568,46.0,57.0,0.807,85.0,192.0,277.0,53.0,26.0,22.0,53.0,144.0,471.0,0.0
2021,207.0,connapa01,28.0,mil,sg,69.0,4.0,1575.0,168.0,387.0,0.434,101.0,272.0,0.371,67.0,115.0,0.583,0.565,31.0,40.0,0.775,63.0,269.0,332.0,81.0,49.0,23.0,33.0,99.0,468.0,0.0
2021,208.0,ibakase01,31.0,lac,c,41.0,39.0,955.0,186.0,365.0,0.51,39.0,115.0,0.339,147.0,250.0,0.588,0.563,43.0,53.0,0.811,73.0,202.0,275.0,74.0,9.0,47.0,44.0,76.0,454.0,0.0
2021,209.0,zelleco01,28.0,cho,c,48.0,21.0,1005.0,181.0,324.0,0.559,4.0,28.0,0.143,177.0,296.0,0.598,0.565,85.0,119.0,0.714,119.0,209.0,328.0,86.0,27.0,17.0,51.0,121.0,451.0,0.0
2021,210.0,hayesja02,20.0,nop,c,60.0,3.0,964.0,175.0,280.0,0.625,6.0,14.0,0.429,169.0,266.0,0.635,0.636,93.0,120.0,0.775,92.0,165.0,257.0,35.0,25.0,38.0,39.0,101.0,449.0,0.0
2021,211.0,wisemja01,19.0,gsw,c,39.0,27.0,836.0,191.0,368.0,0.519,12.0,38.0,0.316,179.0,330.0,0.542,0.535,54.0,86.0,0.628,55.0,171.0,226.0,26.0,11.0,36.0,60.0,121.0,448.0,0.0
2021,212.0,satorto01,29.0,chi,sg,58.0,18.0,1307.0,169.0,329.0,0.514,42.0,118.0,0.356,127.0,211.0,0.602,0.578,67.0,79.0,0.848,30.0,112.0,142.0,271.0,40.0,14.0,96.0,89.0,447.0,0.0
2021,213.0,greendr01,30.0,gsw,pf,63.0,63.0,1982.0,170.0,380.0,0.447,34.0,126.0,0.27,136.0,254.0,0.535,0.492,70.0,88.0,0.795,55.0,393.0,448.0,558.0,105.0,52.0,188.0,194.0,444.0,6.0
2021,214.0,ellinwa01,33.0,det,sg,46.0,31.0,1012.0,149.0,338.0,0.441,116.0,275.0,0.422,33.0,63.0,0.524,0.612,28.0,35.0,0.8,12.0,73.0,85.0,67.0,18.0,9.0,33.0,59.0,442.0,0.0
2021,215.0,jonesty01,24.0,mem,pg,70.0,9.0,1222.0,178.0,413.0,0.431,45.0,140.0,0.321,133.0,273.0,0.487,0.485,41.0,45.0,0.911,21.0,119.0,140.0,259.0,64.0,6.0,48.0,31.0,442.0,0.0
2021,216.0,adamsst01,27.0,nop,c,58.0,58.0,1605.0,189.0,308.0,0.614,0.0,3.0,0.0,189.0,305.0,0.62,0.614,60.0,135.0,0.444,213.0,301.0,514.0,111.0,54.0,38.0,78.0,113.0,438.0,1.0
2021,217.0,augusdj01,33.0,tot,pg,57.0,12.0,1129.0,135.0,343.0,0.394,83.0,217.0,0.382,52.0,126.0,0.413,0.515,85.0,94.0,0.904,20.0,74.0,94.0,188.0,28.0,1.0,65.0,56.0,438.0,0.0
2021,218.0,saricda01,26.0,pho,c,50.0,4.0,871.0,153.0,342.0,0.447,47.0,135.0,0.348,106.0,207.0,0.512,0.516,84.0,99.0,0.848,46.0,144.0,190.0,65.0,30.0,4.0,57.0,95.0,437.0,0.0
2021,219.0,hartjo01,25.0,nop,sf,47.0,4.0,1349.0,151.0,344.0,0.439,63.0,193.0,0.326,88.0,151.0,0.583,0.531,69.0,89.0,0.775,53.0,324.0,377.0,109.0,38.0,12.0,49.0,111.0,434.0,0.0
2021,220.0,porteke02,20.0,hou,sg,26.0,23.0,835.0,156.0,367.0,0.425,50.0,161.0,0.311,106.0,206.0,0.515,0.493,69.0,94.0,0.734,20.0,79.0,99.0,164.0,19.0,8.0,91.0,61.0,431.0,0.0
2021,221.0,mcdanja02,20.0,min,pf,63.0,27.0,1511.0,164.0,367.0,0.447,72.0,198.0,0.364,92.0,169.0,0.544,0.545,27.0,45.0,0.6,52.0,180.0,232.0,71.0,35.0,60.0,47.0,172.0,427.0,0.0
2021,222.0,jordade01,32.0,brk,c,57.0,43.0,1246.0,190.0,249.0,0.763,0.0,1.0,0.0,190.0,248.0,0.766,0.763,46.0,92.0,0.5,117.0,310.0,427.0,93.0,17.0,65.0,85.0,116.0,426.0,0.0
2021,223.0,nurkiju01,26.0,por,c,37.0,37.0,880.0,171.0,333.0,0.514,12.0,30.0,0.4,159.0,303.0,0.525,0.532,70.0,113.0,0.619,86.0,246.0,332.0,125.0,38.0,39.0,73.0,103.0,424.0,0.0
2021,224.0,templga01,34.0,chi,sg,56.0,25.0,1528.0,158.0,381.0,0.415,67.0,200.0,0.335,91.0,181.0,0.503,0.503,40.0,50.0,0.8,29.0,131.0,160.0,124.0,43.0,30.0,58.0,126.0,423.0,0.0
2021,225.0,lenal01,27.0,tot,c,64.0,42.0,979.0,171.0,278.0,0.615,8.0,25.0,0.32,163.0,253.0,0.644,0.629,73.0,116.0,0.629,78.0,182.0,260.0,49.0,20.0,64.0,55.0,127.0,423.0,0.0
2021,226.0,martike04,20.0,hou,sf,45.0,8.0,1068.0,162.0,318.0,0.509,35.0,96.0,0.365,127.0,222.0,0.572,0.564,60.0,84.0,0.714,73.0,169.0,242.0,48.0,30.0,41.0,38.0,89.0,419.0,0.0
2021,227.0,williro04,23.0,bos,c,52.0,13.0,985.0,186.0,258.0,0.721,0.0,2.0,0.0,186.0,256.0,0.727,0.721,45.0,73.0,0.616,133.0,225.0,358.0,94.0,43.0,91.0,52.0,105.0,417.0,0.0
2021,228.0,brownst02,25.0,hou,sg,51.0,14.0,1229.0,150.0,335.0,0.448,91.0,215.0,0.423,59.0,120.0,0.492,0.584,25.0,31.0,0.806,38.0,186.0,224.0,72.0,38.0,12.0,41.0,97.0,416.0,0.0
2021,229.0,burketr01,28.0,dal,pg,62.0,1.0,911.0,151.0,353.0,0.428,58.0,164.0,0.354,93.0,189.0,0.492,0.51,51.0,57.0,0.895,10.0,44.0,54.0,81.0,36.0,7.0,33.0,64.0,411.0,0.0
2021,230.0,thomptr01,29.0,bos,c,54.0,43.0,1287.0,169.0,326.0,0.518,0.0,3.0,0.0,169.0,323.0,0.523,0.518,71.0,120.0,0.592,169.0,270.0,439.0,67.0,24.0,33.0,62.0,119.0,409.0,0.0
2021,231.0,morrima02,31.0,lal,pf,61.0,27.0,1200.0,153.0,378.0,0.405,65.0,209.0,0.311,88.0,169.0,0.521,0.491,36.0,50.0,0.72,48.0,218.0,266.0,73.0,22.0,19.0,54.0,105.0,407.0,0.0
2021,232.0,valende01,27.0,chi,sg,62.0,3.0,1036.0,155.0,416.0,0.373,80.0,242.0,0.331,75.0,174.0,0.431,0.469,16.0,17.0,0.941,24.0,173.0,197.0,105.0,30.0,7.0,42.0,70.0,406.0,0.0
2021,233.0,mclembe01,27.0,tot,sg,53.0,5.0,905.0,135.0,365.0,0.37,97.0,280.0,0.346,38.0,85.0,0.447,0.503,39.0,53.0,0.736,15.0,85.0,100.0,39.0,23.0,9.0,42.0,88.0,406.0,0.0
2021,234.0,sumneed01,25.0,ind,sg,53.0,24.0,861.0,148.0,282.0,0.525,35.0,88.0,0.398,113.0,194.0,0.582,0.587,68.0,83.0,0.819,18.0,76.0,94.0,49.0,33.0,10.0,51.0,88.0,399.0,0.0
2021,235.0,horfoal01,34.0,okc,c,28.0,28.0,782.0,162.0,360.0,0.45,56.0,152.0,0.368,106.0,208.0,0.51,0.528,18.0,22.0,0.818,29.0,159.0,188.0,94.0,25.0,26.0,29.0,48.0,398.0,0.0
2021,236.0,campafa01,29.0,den,pg,65.0,19.0,1425.0,120.0,315.0,0.381,76.0,216.0,0.352,44.0,99.0,0.444,0.502,80.0,91.0,0.879,22.0,112.0,134.0,232.0,79.0,14.0,73.0,132.0,396.0,0.0
2021,237.0,jonesde02,23.0,por,sf,58.0,43.0,1318.0,147.0,304.0,0.484,43.0,136.0,0.316,104.0,168.0,0.619,0.554,59.0,91.0,0.648,77.0,128.0,205.0,47.0,37.0,54.0,32.0,127.0,396.0,0.0
2021,238.0,jacksfr01,22.0,det,pg,40.0,6.0,738.0,134.0,293.0,0.457,61.0,150.0,0.407,73.0,143.0,0.51,0.561,61.0,75.0,0.813,15.0,71.0,86.0,36.0,15.0,1.0,34.0,53.0,390.0,0.0
2021,239.0,tillmxa01,22.0,mem,pf,59.0,12.0,1085.0,167.0,299.0,0.559,22.0,65.0,0.338,145.0,234.0,0.62,0.595,34.0,53.0,0.642,74.0,182.0,256.0,75.0,44.0,33.0,45.0,116.0,390.0,0.0
2021,240.0,princta02,26.0,tot,pf,41.0,10.0,905.0,131.0,327.0,0.401,62.0,155.0,0.4,69.0,172.0,0.401,0.495,65.0,76.0,0.855,19.0,123.0,142.0,76.0,28.0,23.0,47.0,75.0,389.0,0.0
2021,241.0,harriga01,26.0,tot,sg,39.0,38.0,1080.0,138.0,345.0,0.4,48.0,141.0,0.34,90.0,204.0,0.441,0.47,64.0,78.0,0.821,21.0,58.0,79.0,78.0,28.0,11.0,37.0,71.0,388.0,0.0
2021,242.0,doziepj01,24.0,den,sg,50.0,6.0,1088.0,148.0,355.0,0.417,47.0,149.0,0.315,101.0,206.0,0.49,0.483,42.0,66.0,0.636,35.0,147.0,182.0,92.0,31.0,22.0,46.0,86.0,385.0,0.0
2021,243.0,pascher01,24.0,gsw,pf,40.0,2.0,695.0,148.0,298.0,0.497,18.0,54.0,0.333,130.0,244.0,0.533,0.527,67.0,94.0,0.713,28.0,100.0,128.0,51.0,12.0,7.0,43.0,68.0,381.0,0.0
2021,244.0,gaffoda01,22.0,tot,c,54.0,11.0,791.0,154.0,225.0,0.684,0.0,0.0,,154.0,225.0,0.684,0.684,72.0,108.0,0.667,94.0,137.0,231.0,29.0,26.0,75.0,41.0,98.0,380.0,0.0
2021,245.0,nowelja01,21.0,min,sg,42.0,0.0,759.0,142.0,335.0,0.424,50.0,150.0,0.333,92.0,185.0,0.497,0.499,45.0,55.0,0.818,19.0,76.0,95.0,62.0,22.0,12.0,28.0,72.0,379.0,0.0
2021,246.0,wadede01,24.0,cle,pf,63.0,19.0,1212.0,134.0,311.0,0.431,78.0,213.0,0.366,56.0,98.0,0.571,0.556,30.0,39.0,0.769,38.0,177.0,215.0,74.0,35.0,21.0,30.0,78.0,376.0,0.0
2021,247.0,hernaju01,25.0,min,pf,52.0,6.0,900.0,130.0,299.0,0.435,55.0,168.0,0.327,75.0,131.0,0.573,0.527,60.0,97.0,0.619,45.0,160.0,205.0,35.0,19.0,7.0,27.0,52.0,375.0,0.0
2021,248.0,leeda03,28.0,gsw,sg,57.0,1.0,1079.0,128.0,274.0,0.467,77.0,194.0,0.397,51.0,80.0,0.638,0.608,40.0,44.0,0.909,22.0,158.0,180.0,73.0,38.0,8.0,30.0,89.0,373.0,0.0
2021,249.0,teaguje01,32.0,tot,pg,55.0,7.0,950.0,123.0,284.0,0.433,36.0,82.0,0.439,87.0,202.0,0.431,0.496,89.0,105.0,0.848,15.0,73.0,88.0,132.0,34.0,12.0,64.0,56.0,371.0,0.0
2021,250.0,brownmo01,21.0,okc,c,43.0,32.0,920.0,146.0,268.0,0.545,0.0,0.0,,146.0,268.0,0.545,0.545,78.0,126.0,0.619,154.0,229.0,383.0,10.0,31.0,47.0,43.0,93.0,370.0,0.0
2021,251.0,carusal01,26.0,lal,pg,58.0,6.0,1216.0,133.0,305.0,0.436,55.0,137.0,0.401,78.0,168.0,0.464,0.526,49.0,76.0,0.645,31.0,139.0,170.0,160.0,64.0,15.0,76.0,108.0,370.0,0.0
2021,252.0,luwawti01,25.0,brk,sf,58.0,7.0,1050.0,130.0,356.0,0.365,75.0,239.0,0.314,55.0,117.0,0.47,0.471,35.0,43.0,0.814,28.0,101.0,129.0,69.0,33.0,6.0,43.0,99.0,370.0,0.0
2021,253.0,favorde01,29.0,uta,c,68.0,0.0,1039.0,155.0,243.0,0.638,0.0,2.0,0.0,155.0,241.0,0.643,0.638,59.0,80.0,0.738,138.0,238.0,376.0,44.0,32.0,68.0,36.0,143.0,369.0,0.0
2021,254.0,johnsja01,33.0,tot,pf,51.0,12.0,1043.0,146.0,327.0,0.446,31.0,120.0,0.258,115.0,207.0,0.556,0.494,45.0,76.0,0.592,32.0,145.0,177.0,98.0,42.0,42.0,55.0,120.0,368.0,0.0
2021,255.0,bambamo01,22.0,orl,c,46.0,5.0,725.0,142.0,301.0,0.472,38.0,118.0,0.322,104.0,183.0,0.568,0.535,45.0,66.0,0.682,76.0,189.0,265.0,35.0,14.0,58.0,36.0,87.0,367.0,0.0
2021,256.0,pokusal01,19.0,okc,pf,45.0,28.0,1090.0,139.0,408.0,0.341,58.0,207.0,0.28,81.0,201.0,0.403,0.412,31.0,42.0,0.738,30.0,182.0,212.0,97.0,20.0,42.0,99.0,58.0,367.0,0.0
2021,257.0,couside01,30.0,tot,c,41.0,11.0,713.0,130.0,305.0,0.426,47.0,135.0,0.348,83.0,170.0,0.488,0.503,59.0,81.0,0.728,53.0,210.0,263.0,76.0,34.0,24.0,64.0,107.0,366.0,0.0
2021,258.0,hernawi01,26.0,nop,c,47.0,12.0,846.0,151.0,268.0,0.563,1.0,10.0,0.1,150.0,258.0,0.581,0.565,62.0,93.0,0.667,117.0,217.0,334.0,50.0,22.0,23.0,34.0,68.0,365.0,0.0
2021,259.0,lambje01,28.0,ind,sg,36.0,8.0,765.0,120.0,276.0,0.435,52.0,128.0,0.406,68.0,148.0,0.459,0.529,71.0,75.0,0.947,25.0,106.0,131.0,53.0,34.0,23.0,22.0,72.0,363.0,0.0
2021,260.0,mathega01,24.0,was,sg,64.0,24.0,1038.0,97.0,237.0,0.409,76.0,198.0,0.384,21.0,39.0,0.538,0.57,84.0,95.0,0.884,16.0,71.0,87.0,26.0,29.0,7.0,10.0,106.0,354.0,0.0
2021,261.0,hamptrj01,19.0,tot,sg,51.0,1.0,888.0,136.0,313.0,0.435,27.0,87.0,0.31,109.0,226.0,0.482,0.478,55.0,82.0,0.671,29.0,150.0,179.0,87.0,21.0,10.0,53.0,61.0,354.0,0.0
2021,262.0,flynnma01,22.0,tor,pg,47.0,14.0,928.0,127.0,340.0,0.374,54.0,168.0,0.321,73.0,172.0,0.424,0.453,45.0,56.0,0.804,10.0,106.0,116.0,137.0,38.0,7.0,43.0,68.0,353.0,0.0
2021,263.0,jeromty01,23.0,okc,sg,33.0,1.0,788.0,128.0,287.0,0.446,71.0,168.0,0.423,57.0,119.0,0.479,0.57,26.0,34.0,0.765,10.0,81.0,91.0,120.0,20.0,6.0,47.0,61.0,353.0,0.0
2021,264.0,klebima01,29.0,dal,pf,50.0,40.0,1341.0,116.0,275.0,0.422,87.0,212.0,0.41,29.0,63.0,0.46,0.58,34.0,37.0,0.919,47.0,213.0,260.0,68.0,24.0,35.0,30.0,105.0,353.0,0.0
2021,265.0,aldrila01,35.0,tot,c,26.0,23.0,674.0,140.0,296.0,0.473,31.0,80.0,0.388,109.0,216.0,0.505,0.525,41.0,47.0,0.872,19.0,99.0,118.0,49.0,11.0,29.0,27.0,47.0,352.0,0.0
2021,266.0,okekech01,22.0,orl,pf,45.0,19.0,1133.0,135.0,324.0,0.417,49.0,141.0,0.348,86.0,183.0,0.47,0.492,30.0,40.0,0.75,42.0,139.0,181.0,101.0,48.0,22.0,38.0,48.0,349.0,0.0
2021,267.0,mcdanja01,23.0,cho,sf,47.0,18.0,904.0,133.0,284.0,0.468,35.0,105.0,0.333,98.0,179.0,0.547,0.53,45.0,64.0,0.703,45.0,124.0,169.0,53.0,28.0,19.0,45.0,95.0,346.0,0.0
2021,268.0,ennisja01,30.0,orl,sf,41.0,37.0,986.0,115.0,243.0,0.473,45.0,104.0,0.433,70.0,139.0,0.504,0.566,70.0,87.0,0.805,43.0,123.0,166.0,62.0,32.0,7.0,36.0,84.0,345.0,0.0
2021,269.0,huntede01,23.0,atl,sf,23.0,19.0,678.0,120.0,248.0,0.484,31.0,95.0,0.326,89.0,153.0,0.582,0.546,73.0,85.0,0.859,17.0,93.0,110.0,44.0,19.0,12.0,29.0,59.0,344.0,0.0
2021,270.0,vandeja01,21.0,min,pf,64.0,30.0,1139.0,143.0,236.0,0.606,1.0,5.0,0.2,142.0,231.0,0.615,0.608,57.0,102.0,0.559,118.0,250.0,368.0,76.0,64.0,46.0,53.0,123.0,344.0,0.0
2021,271.0,lewiski01,19.0,nop,pg,54.0,0.0,904.0,130.0,337.0,0.386,40.0,120.0,0.333,90.0,217.0,0.415,0.445,43.0,51.0,0.843,12.0,59.0,71.0,124.0,38.0,10.0,34.0,88.0,343.0,0.0
2021,272.0,avdijde01,20.0,was,sf,54.0,32.0,1257.0,130.0,312.0,0.417,53.0,168.0,0.315,77.0,144.0,0.535,0.502,29.0,45.0,0.644,22.0,240.0,262.0,63.0,32.0,15.0,33.0,140.0,342.0,0.0
2021,273.0,poweldw01,29.0,dal,c,58.0,19.0,966.0,120.0,194.0,0.619,5.0,21.0,0.238,115.0,173.0,0.665,0.631,97.0,124.0,0.782,80.0,154.0,234.0,63.0,36.0,30.0,40.0,135.0,342.0,0.0
2021,274.0,vassede01,20.0,sas,sf,62.0,7.0,1056.0,123.0,303.0,0.406,52.0,150.0,0.347,71.0,153.0,0.464,0.492,43.0,51.0,0.843,24.0,150.0,174.0,56.0,43.0,18.0,22.0,88.0,341.0,0.0
2021,275.0,muscami01,29.0,okc,c,35.0,0.0,645.0,119.0,267.0,0.446,68.0,184.0,0.37,51.0,83.0,0.614,0.573,33.0,36.0,0.917,19.0,113.0,132.0,28.0,8.0,11.0,21.0,54.0,339.0,0.0
2021,276.0,muldemy01,26.0,gsw,pg,60.0,6.0,766.0,119.0,265.0,0.449,85.0,214.0,0.397,34.0,51.0,0.667,0.609,14.0,22.0,0.636,8.0,52.0,60.0,26.0,12.0,12.0,16.0,56.0,337.0,0.0
2021,277.0,mcgeeja01,33.0,tot,c,46.0,2.0,678.0,144.0,282.0,0.511,5.0,24.0,0.208,139.0,258.0,0.539,0.52,44.0,67.0,0.657,77.0,162.0,239.0,39.0,19.0,54.0,60.0,121.0,337.0,0.0
2021,278.0,wanambr01,31.0,tot,pg,61.0,0.0,1053.0,115.0,299.0,0.385,16.0,85.0,0.188,99.0,214.0,0.463,0.411,90.0,101.0,0.891,18.0,87.0,105.0,174.0,43.0,11.0,71.0,94.0,336.0,0.0
2021,279.0,biyombi01,28.0,cho,c,66.0,36.0,1349.0,142.0,242.0,0.587,0.0,1.0,0.0,142.0,241.0,0.589,0.587,47.0,105.0,0.448,137.0,210.0,347.0,81.0,17.0,74.0,71.0,141.0,331.0,0.0
2021,280.0,nancela02,28.0,cle,pf,35.0,27.0,1091.0,128.0,272.0,0.471,41.0,114.0,0.36,87.0,158.0,0.551,0.546,30.0,49.0,0.612,54.0,181.0,235.0,107.0,61.0,17.0,55.0,72.0,327.0,0.0
2021,281.0,redicjj01,36.0,tot,sg,44.0,0.0,723.0,106.0,267.0,0.397,66.0,178.0,0.371,40.0,89.0,0.449,0.521,49.0,52.0,0.942,4.0,60.0,64.0,51.0,11.0,3.0,36.0,50.0,327.0,0.0
2021,282.0,baynear01,34.0,tor,c,53.0,31.0,980.0,134.0,304.0,0.441,27.0,103.0,0.262,107.0,201.0,0.532,0.485,29.0,41.0,0.707,87.0,186.0,273.0,47.0,17.0,23.0,46.0,119.0,324.0,0.0
2021,283.0,noelne01,26.0,nyk,c,64.0,41.0,1547.0,137.0,223.0,0.614,0.0,3.0,0.0,137.0,220.0,0.623,0.614,50.0,70.0,0.714,142.0,266.0,408.0,46.0,70.0,141.0,65.0,176.0,324.0,0.0
2021,284.0,hillso01,29.0,atl,pf,71.0,16.0,1513.0,107.0,298.0,0.359,68.0,212.0,0.321,39.0,86.0,0.453,0.473,35.0,46.0,0.761,42.0,172.0,214.0,75.0,50.0,11.0,42.0,116.0,317.0,0.0
2021,285.0,okogijo01,22.0,min,sg,59.0,37.0,1197.0,102.0,254.0,0.402,29.0,108.0,0.269,73.0,146.0,0.5,0.459,83.0,108.0,0.769,63.0,93.0,156.0,63.0,54.0,28.0,43.0,123.0,316.0,0.0
2021,286.0,houseda01,27.0,hou,sf,36.0,23.0,932.0,110.0,272.0,0.404,54.0,156.0,0.346,56.0,116.0,0.483,0.504,41.0,63.0,0.651,18.0,114.0,132.0,69.0,20.0,16.0,36.0,67.0,315.0,0.0
2021,287.0,eubandr01,23.0,sas,c,54.0,3.0,755.0,116.0,205.0,0.566,2.0,2.0,1.0,114.0,203.0,0.562,0.571,77.0,106.0,0.726,74.0,167.0,241.0,42.0,18.0,49.0,45.0,88.0,311.0,0.0
2021,288.0,kaminfr01,27.0,pho,c,47.0,13.0,715.0,121.0,257.0,0.471,31.0,85.0,0.365,90.0,172.0,0.523,0.531,37.0,60.0,0.617,36.0,152.0,188.0,79.0,14.0,17.0,22.0,70.0,310.0,0.0
2021,289.0,wagnemo01,23.0,tot,c,45.0,24.0,722.0,104.0,229.0,0.454,31.0,91.0,0.341,73.0,138.0,0.529,0.522,71.0,87.0,0.816,27.0,119.0,146.0,50.0,26.0,18.0,43.0,108.0,310.0,0.0
2021,290.0,dotsoda01,26.0,cle,sg,46.0,7.0,907.0,119.0,293.0,0.406,46.0,159.0,0.289,73.0,134.0,0.545,0.485,24.0,36.0,0.667,5.0,88.0,93.0,91.0,16.0,4.0,42.0,42.0,308.0,0.0
2021,291.0,loveke01,32.0,cle,pf,25.0,25.0,622.0,103.0,252.0,0.409,57.0,156.0,0.365,46.0,96.0,0.479,0.522,42.0,51.0,0.824,17.0,169.0,186.0,63.0,16.0,2.0,38.0,26.0,305.0,0.0
2021,292.0,achiupr01,21.0,mia,pf,61.0,4.0,737.0,124.0,228.0,0.544,0.0,1.0,0.0,124.0,227.0,0.546,0.544,56.0,110.0,0.509,73.0,135.0,208.0,29.0,20.0,28.0,43.0,91.0,304.0,0.0
2021,293.0,toscaju01,27.0,gsw,sg,53.0,16.0,1107.0,121.0,209.0,0.579,37.0,92.0,0.402,84.0,117.0,0.718,0.667,22.0,31.0,0.71,29.0,206.0,235.0,150.0,41.0,26.0,61.0,111.0,301.0,0.0
2021,294.0,bradlto01,23.0,tot,c,42.0,8.0,684.0,131.0,197.0,0.665,0.0,3.0,0.0,131.0,194.0,0.675,0.665,38.0,55.0,0.691,85.0,154.0,239.0,37.0,15.0,30.0,33.0,61.0,300.0,0.0
2021,295.0,smithis01,32.0,was,pg,44.0,1.0,924.0,129.0,297.0,0.434,18.0,49.0,0.367,111.0,248.0,0.448,0.465,19.0,33.0,0.576,22.0,128.0,150.0,172.0,32.0,13.0,41.0,62.0,295.0,0.0
2021,296.0,willigr01,22.0,bos,pf,63.0,9.0,1138.0,108.0,247.0,0.437,48.0,129.0,0.372,60.0,118.0,0.508,0.534,30.0,51.0,0.588,48.0,130.0,178.0,64.0,32.0,24.0,56.0,161.0,294.0,0.0
2021,297.0,bembrde01,26.0,tor,sf,51.0,12.0,972.0,117.0,228.0,0.513,14.0,53.0,0.264,103.0,175.0,0.589,0.544,45.0,66.0,0.682,33.0,113.0,146.0,107.0,53.0,18.0,71.0,87.0,293.0,0.0
2021,298.0,whiteha01,31.0,sac,c,36.0,4.0,546.0,126.0,224.0,0.563,0.0,1.0,0.0,126.0,223.0,0.565,0.563,41.0,79.0,0.519,61.0,154.0,215.0,20.0,9.0,46.0,40.0,73.0,293.0,0.0
2021,299.0,reddica01,21.0,atl,sf,26.0,21.0,750.0,96.0,263.0,0.365,33.0,126.0,0.262,63.0,137.0,0.46,0.428,67.0,82.0,0.817,22.0,82.0,104.0,35.0,33.0,9.0,34.0,68.0,292.0,0.0
2021,300.0,doumbse01,20.0,det,pf,56.0,11.0,869.0,107.0,282.0,0.379,26.0,115.0,0.226,81.0,167.0,0.485,0.426,45.0,64.0,0.703,39.0,104.0,143.0,47.0,24.0,9.0,44.0,94.0,285.0,0.0
2021,301.0,riverau01,28.0,tot,sg,36.0,7.0,845.0,104.0,245.0,0.424,55.0,149.0,0.369,49.0,96.0,0.51,0.537,22.0,31.0,0.71,8.0,74.0,82.0,81.0,30.0,2.0,36.0,64.0,285.0,0.0
2021,302.0,arizatr01,35.0,mia,sf,30.0,27.0,841.0,99.0,241.0,0.411,50.0,143.0,0.35,49.0,98.0,0.5,0.515,34.0,44.0,0.773,27.0,117.0,144.0,55.0,31.0,18.0,21.0,55.0,282.0,0.0
2021,303.0,caulewi01,27.0,dal,c,53.0,16.0,906.0,115.0,182.0,0.632,1.0,11.0,0.091,114.0,171.0,0.667,0.635,49.0,78.0,0.628,66.0,170.0,236.0,35.0,21.0,43.0,29.0,129.0,280.0,0.0
2021,304.0,matthwe02,34.0,lal,sg,58.0,10.0,1130.0,89.0,252.0,0.353,66.0,197.0,0.335,23.0,55.0,0.418,0.484,35.0,41.0,0.854,20.0,73.0,93.0,54.0,38.0,17.0,26.0,80.0,279.0,0.0
2021,305.0,beverpa01,32.0,lac,pg,37.0,34.0,832.0,93.0,220.0,0.423,56.0,141.0,0.397,37.0,79.0,0.468,0.55,36.0,45.0,0.8,29.0,90.0,119.0,76.0,29.0,28.0,34.0,108.0,278.0,0.0
2021,306.0,nwabada01,28.0,hou,sf,30.0,9.0,679.0,106.0,218.0,0.486,17.0,63.0,0.27,89.0,155.0,0.574,0.525,47.0,68.0,0.691,40.0,78.0,118.0,31.0,30.0,21.0,17.0,60.0,276.0,0.0
2021,307.0,iguodan01,37.0,mia,sf,63.0,5.0,1339.0,95.0,248.0,0.383,60.0,182.0,0.33,35.0,66.0,0.53,0.504,25.0,38.0,0.658,38.0,183.0,221.0,142.0,57.0,35.0,67.0,90.0,275.0,0.0
2021,308.0,cartemi01,29.0,orl,sg,31.0,25.0,800.0,105.0,270.0,0.389,15.0,61.0,0.246,90.0,209.0,0.431,0.417,49.0,80.0,0.613,39.0,100.0,139.0,129.0,25.0,17.0,69.0,81.0,274.0,0.0
2021,309.0,craigto01,30.0,tot,sf,50.0,8.0,803.0,109.0,227.0,0.48,39.0,106.0,0.368,70.0,121.0,0.579,0.566,17.0,22.0,0.773,57.0,140.0,197.0,49.0,28.0,26.0,25.0,83.0,274.0,0.0
2021,310.0,porteot01,27.0,tot,sf,28.0,6.0,606.0,98.0,227.0,0.432,39.0,104.0,0.375,59.0,123.0,0.48,0.518,36.0,42.0,0.857,28.0,124.0,152.0,55.0,16.0,4.0,25.0,41.0,271.0,0.0
2021,311.0,johnsst04,24.0,tor,pf,61.0,13.0,1006.0,89.0,233.0,0.382,45.0,137.0,0.328,44.0,96.0,0.458,0.479,44.0,55.0,0.8,29.0,124.0,153.0,89.0,52.0,18.0,54.0,116.0,267.0,0.0
2021,312.0,leesa01,21.0,det,pg,48.0,7.0,781.0,99.0,210.0,0.471,8.0,23.0,0.348,91.0,187.0,0.487,0.49,61.0,89.0,0.685,20.0,77.0,97.0,174.0,32.0,13.0,55.0,76.0,267.0,0.0
2021,313.0,randlch01,27.0,orl,pg,41.0,5.0,837.0,92.0,237.0,0.388,44.0,130.0,0.338,48.0,107.0,0.449,0.481,38.0,48.0,0.792,7.0,75.0,82.0,74.0,22.0,5.0,46.0,64.0,266.0,0.0
2021,314.0,martica02,25.0,cho,sf,53.0,3.0,818.0,96.0,256.0,0.375,31.0,125.0,0.248,65.0,131.0,0.496,0.436,41.0,64.0,0.641,31.0,110.0,141.0,67.0,37.0,12.0,33.0,62.0,264.0,0.0
2021,315.0,gasolma01,36.0,lal,c,52.0,42.0,993.0,88.0,194.0,0.454,50.0,122.0,0.41,38.0,72.0,0.528,0.582,36.0,50.0,0.72,38.0,177.0,215.0,109.0,26.0,58.0,53.0,115.0,262.0,0.0
2021,316.0,hillge01,34.0,tot,pg,30.0,17.0,672.0,95.0,197.0,0.482,31.0,80.0,0.388,64.0,117.0,0.547,0.561,40.0,50.0,0.8,16.0,45.0,61.0,73.0,23.0,5.0,31.0,31.0,261.0,0.0
2021,317.0,ojelese01,26.0,bos,pf,56.0,15.0,950.0,89.0,221.0,0.403,58.0,158.0,0.367,31.0,63.0,0.492,0.534,24.0,32.0,0.75,31.0,116.0,147.0,37.0,17.0,0.0,21.0,56.0,260.0,0.0
2021,318.0,dienggo01,31.0,tot,c,38.0,1.0,552.0,85.0,163.0,0.521,30.0,70.0,0.429,55.0,93.0,0.591,0.613,58.0,67.0,0.866,40.0,100.0,140.0,48.0,26.0,16.0,32.0,56.0,258.0,0.0
2021,319.0,mclaujo01,24.0,min,pg,51.0,2.0,938.0,100.0,242.0,0.413,33.0,92.0,0.359,67.0,150.0,0.447,0.481,23.0,30.0,0.767,21.0,87.0,108.0,193.0,51.0,6.0,51.0,44.0,256.0,0.0
2021,320.0,robinmi01,22.0,nyk,c,31.0,29.0,853.0,115.0,176.0,0.653,0.0,0.0,,115.0,176.0,0.653,0.653,26.0,53.0,0.491,113.0,139.0,252.0,17.0,35.0,45.0,26.0,86.0,256.0,0.0
2021,321.0,thybuma01,23.0,phi,sg,65.0,8.0,1298.0,102.0,243.0,0.42,43.0,143.0,0.301,59.0,100.0,0.59,0.508,8.0,18.0,0.444,30.0,94.0,124.0,63.0,105.0,71.0,32.0,127.0,255.0,0.0
2021,322.0,toppiob01,22.0,nyk,pf,62.0,0.0,683.0,104.0,209.0,0.498,26.0,85.0,0.306,78.0,124.0,0.629,0.56,19.0,26.0,0.731,26.0,112.0,138.0,29.0,17.0,15.0,23.0,55.0,253.0,0.0
2021,323.0,looneke01,24.0,gsw,c,61.0,34.0,1161.0,108.0,197.0,0.548,4.0,17.0,0.235,104.0,180.0,0.578,0.558,31.0,48.0,0.646,117.0,205.0,322.0,119.0,21.0,22.0,37.0,136.0,251.0,0.0
2021,324.0,snellto01,29.0,atl,sg,47.0,23.0,992.0,88.0,171.0,0.515,62.0,109.0,0.569,26.0,62.0,0.419,0.696,11.0,11.0,1.0,18.0,94.0,112.0,59.0,13.0,11.0,21.0,75.0,249.0,0.0
2021,325.0,carteje01,25.0,pho,pg,60.0,1.0,717.0,94.0,223.0,0.422,56.0,151.0,0.371,38.0,72.0,0.528,0.547,4.0,7.0,0.571,16.0,76.0,92.0,71.0,29.0,9.0,16.0,56.0,248.0,0.0
2021,326.0,marshna01,23.0,nop,sf,32.0,10.0,700.0,82.0,209.0,0.392,29.0,83.0,0.349,53.0,126.0,0.421,0.462,53.0,75.0,0.707,15.0,133.0,148.0,88.0,26.0,10.0,38.0,58.0,246.0,0.0
2021,327.0,hoodro01,28.0,tot,sf,55.0,5.0,942.0,94.0,260.0,0.362,34.0,113.0,0.301,60.0,147.0,0.408,0.427,24.0,28.0,0.857,23.0,80.0,103.0,53.0,24.0,7.0,36.0,74.0,246.0,0.0
2021,328.0,jacksju01,25.0,tot,sf,34.0,3.0,577.0,89.0,221.0,0.403,36.0,117.0,0.308,53.0,104.0,0.51,0.484,31.0,37.0,0.838,16.0,61.0,77.0,52.0,15.0,2.0,32.0,32.0,245.0,0.0
2021,329.0,vincega01,24.0,mia,pg,50.0,7.0,655.0,88.0,233.0,0.378,46.0,149.0,0.309,42.0,84.0,0.5,0.476,20.0,23.0,0.87,10.0,46.0,56.0,67.0,21.0,2.0,34.0,79.0,242.0,0.0
2021,330.0,bjeline01,32.0,tot,pf,37.0,3.0,595.0,89.0,196.0,0.454,27.0,85.0,0.318,62.0,111.0,0.559,0.523,37.0,51.0,0.725,29.0,98.0,127.0,69.0,15.0,5.0,33.0,68.0,242.0,0.0
2021,331.0,rondora01,34.0,tot,pg,45.0,3.0,770.0,95.0,215.0,0.442,36.0,89.0,0.404,59.0,126.0,0.468,0.526,16.0,17.0,0.941,18.0,92.0,110.0,199.0,37.0,4.0,79.0,53.0,242.0,0.0
2021,332.0,gibsota01,35.0,nyk,c,45.0,3.0,936.0,99.0,158.0,0.627,3.0,15.0,0.2,96.0,143.0,0.671,0.636,40.0,55.0,0.727,99.0,151.0,250.0,36.0,31.0,49.0,22.0,99.0,241.0,0.0
2021,333.0,strusma01,24.0,mia,sf,39.0,0.0,507.0,85.0,187.0,0.455,50.0,148.0,0.338,35.0,39.0,0.897,0.588,16.0,24.0,0.667,5.0,36.0,41.0,24.0,11.0,2.0,8.0,43.0,236.0,0.0
2021,334.0,harteis01,22.0,tot,c,46.0,2.0,559.0,94.0,171.0,0.55,2.0,6.0,0.333,92.0,165.0,0.558,0.556,46.0,71.0,0.648,65.0,116.0,181.0,55.0,19.0,39.0,44.0,104.0,236.0,0.0
2021,335.0,bitadgo01,21.0,ind,c,45.0,3.0,561.0,83.0,194.0,0.428,20.0,79.0,0.253,63.0,115.0,0.548,0.479,45.0,61.0,0.738,60.0,90.0,150.0,37.0,9.0,60.0,17.0,94.0,231.0,0.0
2021,336.0,laymaja01,26.0,min,sf,45.0,11.0,627.0,91.0,184.0,0.495,23.0,78.0,0.295,68.0,106.0,0.642,0.557,26.0,37.0,0.703,13.0,54.0,67.0,28.0,29.0,19.0,26.0,44.0,231.0,0.0
2021,337.0,brissos01,22.0,ind,sf,21.0,16.0,519.0,73.0,151.0,0.483,33.0,78.0,0.423,40.0,73.0,0.548,0.593,50.0,65.0,0.769,29.0,86.0,115.0,18.0,19.0,20.0,10.0,32.0,229.0,0.0
2021,338.0,goodwbr01,25.0,atl,pg,47.0,5.0,620.0,84.0,223.0,0.377,32.0,103.0,0.311,52.0,120.0,0.433,0.448,28.0,43.0,0.651,8.0,61.0,69.0,95.0,17.0,0.0,36.0,41.0,228.0,0.0
2021,339.0,okongon01,20.0,atl,c,50.0,4.0,601.0,96.0,149.0,0.644,0.0,3.0,0.0,96.0,146.0,0.658,0.644,36.0,57.0,0.632,62.0,101.0,163.0,18.0,23.0,33.0,29.0,100.0,228.0,0.0
2021,340.0,metuch01,23.0,sac,c,36.0,6.0,488.0,91.0,179.0,0.508,13.0,37.0,0.351,78.0,142.0,0.549,0.545,31.0,43.0,0.721,31.0,81.0,112.0,28.0,14.0,18.0,29.0,59.0,226.0,0.0
2021,341.0,brookar01,22.0,hou,sg,20.0,5.0,520.0,78.0,192.0,0.406,60.0,157.0,0.382,18.0,35.0,0.514,0.563,7.0,12.0,0.583,10.0,58.0,68.0,30.0,12.0,5.0,22.0,34.0,223.0,0.0
2021,342.0,littlna01,20.0,por,pf,48.0,2.0,640.0,78.0,167.0,0.467,28.0,80.0,0.35,50.0,87.0,0.575,0.551,36.0,45.0,0.8,32.0,96.0,128.0,23.0,5.0,13.0,18.0,51.0,220.0,0.0
2021,343.0,nesmiaa01,21.0,bos,sf,46.0,1.0,669.0,78.0,178.0,0.438,40.0,108.0,0.37,38.0,70.0,0.543,0.551,22.0,28.0,0.786,28.0,99.0,127.0,23.0,15.0,9.0,23.0,87.0,218.0,0.0
2021,344.0,watanyu01,26.0,tor,sf,50.0,4.0,723.0,79.0,180.0,0.439,36.0,90.0,0.4,43.0,90.0,0.478,0.539,24.0,29.0,0.828,36.0,123.0,159.0,40.0,26.0,19.0,19.0,57.0,218.0,0.0
2021,345.0,scottmi01,32.0,phi,pf,51.0,12.0,852.0,76.0,211.0,0.36,53.0,155.0,0.342,23.0,56.0,0.411,0.486,8.0,12.0,0.667,11.0,109.0,120.0,40.0,24.0,14.0,19.0,72.0,213.0,0.0
2021,346.0,claxtni01,21.0,brk,c,32.0,1.0,594.0,90.0,145.0,0.621,1.0,5.0,0.2,89.0,140.0,0.636,0.624,31.0,64.0,0.484,43.0,123.0,166.0,28.0,23.0,40.0,18.0,68.0,212.0,0.0
2021,347.0,johnsty01,28.0,brk,sg,39.0,3.0,684.0,72.0,183.0,0.393,48.0,132.0,0.364,24.0,51.0,0.471,0.525,18.0,21.0,0.857,6.0,71.0,77.0,47.0,14.0,0.0,17.0,43.0,210.0,0.0
2021,348.0,martico01,25.0,cho,sf,52.0,10.0,849.0,83.0,188.0,0.441,16.0,58.0,0.276,67.0,130.0,0.515,0.484,25.0,43.0,0.581,52.0,109.0,161.0,86.0,37.0,12.0,40.0,52.0,207.0,0.0
2021,349.0,pattepa01,31.0,lac,pf,38.0,5.0,582.0,72.0,165.0,0.436,40.0,112.0,0.357,32.0,53.0,0.604,0.558,13.0,17.0,0.765,19.0,56.0,75.0,29.0,14.0,8.0,11.0,45.0,197.0,0.0
2021,350.0,harklma01,27.0,tot,sf,37.0,23.0,772.0,69.0,165.0,0.418,23.0,84.0,0.274,46.0,81.0,0.568,0.488,33.0,43.0,0.767,13.0,76.0,89.0,44.0,30.0,20.0,22.0,86.0,194.0,0.0
2021,351.0,tuckepj01,35.0,tot,pf,52.0,33.0,1356.0,66.0,177.0,0.373,40.0,119.0,0.336,26.0,58.0,0.448,0.486,21.0,28.0,0.75,51.0,153.0,204.0,61.0,39.0,20.0,40.0,125.0,193.0,0.0
2021,352.0,gallola01,29.0,pho,sg,40.0,0.0,438.0,66.0,147.0,0.449,36.0,85.0,0.424,30.0,62.0,0.484,0.571,22.0,23.0,0.957,7.0,35.0,42.0,26.0,8.0,0.0,13.0,25.0,190.0,0.0
2021,353.0,konchjo01,24.0,mem,sg,43.0,0.0,575.0,69.0,138.0,0.5,21.0,56.0,0.375,48.0,82.0,0.585,0.576,25.0,30.0,0.833,35.0,93.0,128.0,47.0,30.0,9.0,18.0,40.0,184.0,0.0
2021,354.0,wilsodj01,24.0,tot,pf,35.0,1.0,433.0,68.0,168.0,0.405,30.0,87.0,0.345,38.0,81.0,0.469,0.494,17.0,25.0,0.68,20.0,92.0,112.0,23.0,11.0,16.0,22.0,44.0,183.0,0.0
2021,355.0,jonesda03,25.0,tot,c,39.0,10.0,547.0,70.0,103.0,0.68,1.0,5.0,0.2,69.0,98.0,0.704,0.684,42.0,58.0,0.724,36.0,85.0,121.0,29.0,11.0,29.0,26.0,77.0,183.0,0.0
2021,356.0,culveja01,21.0,min,sg,34.0,7.0,499.0,69.0,168.0,0.411,13.0,53.0,0.245,56.0,115.0,0.487,0.449,29.0,48.0,0.604,34.0,70.0,104.0,24.0,17.0,9.0,28.0,58.0,180.0,0.0
2021,357.0,winslju01,24.0,mem,sf,26.0,1.0,507.0,74.0,210.0,0.352,10.0,54.0,0.185,64.0,156.0,0.41,0.376,20.0,35.0,0.571,18.0,100.0,118.0,50.0,15.0,12.0,37.0,47.0,178.0,0.0
2021,358.0,hayeski01,19.0,det,pg,26.0,18.0,670.0,71.0,201.0,0.353,20.0,72.0,0.278,51.0,129.0,0.395,0.403,14.0,17.0,0.824,6.0,63.0,69.0,138.0,27.0,10.0,83.0,57.0,176.0,0.0
2021,359.0,bradlav01,30.0,tot,sg,27.0,6.0,602.0,64.0,171.0,0.374,33.0,101.0,0.327,31.0,70.0,0.443,0.471,12.0,15.0,0.8,8.0,49.0,57.0,46.0,21.0,3.0,28.0,55.0,173.0,0.0
2021,360.0,nworajo01,22.0,mil,sf,30.0,2.0,274.0,62.0,135.0,0.459,28.0,62.0,0.452,34.0,73.0,0.466,0.563,19.0,25.0,0.76,9.0,51.0,60.0,7.0,16.0,7.0,24.0,22.0,171.0,0.0
2021,361.0,jonesma05,22.0,tot,sg,32.0,1.0,334.0,52.0,123.0,0.423,24.0,66.0,0.364,28.0,57.0,0.491,0.52,40.0,64.0,0.625,7.0,48.0,55.0,42.0,7.0,1.0,29.0,24.0,168.0,0.0
2021,362.0,antetth01,28.0,mil,sf,57.0,3.0,551.0,67.0,137.0,0.489,7.0,29.0,0.241,60.0,108.0,0.556,0.515,25.0,49.0,0.51,54.0,70.0,124.0,46.0,22.0,10.0,43.0,74.0,166.0,0.0
2021,363.0,stevela01,23.0,cle,pf,40.0,0.0,499.0,62.0,136.0,0.456,4.0,25.0,0.16,58.0,111.0,0.523,0.471,37.0,51.0,0.725,24.0,72.0,96.0,25.0,17.0,13.0,23.0,53.0,165.0,0.0
2021,364.0,knoxke01,21.0,nyk,sf,42.0,0.0,464.0,56.0,143.0,0.392,35.0,89.0,0.393,21.0,54.0,0.389,0.514,16.0,20.0,0.8,10.0,51.0,61.0,19.0,12.0,6.0,17.0,37.0,163.0,0.0
2021,365.0,windldy01,24.0,cle,sf,31.0,0.0,513.0,57.0,130.0,0.438,26.0,77.0,0.338,31.0,53.0,0.585,0.538,21.0,27.0,0.778,20.0,87.0,107.0,33.0,19.0,12.0,32.0,37.0,161.0,0.0
2021,366.0,browntr01,21.0,tot,sf,34.0,0.0,524.0,62.0,144.0,0.431,22.0,70.0,0.314,40.0,74.0,0.541,0.507,15.0,21.0,0.714,20.0,85.0,105.0,29.0,10.0,6.0,21.0,49.0,161.0,0.0
2021,367.0,naderab01,27.0,pho,sf,24.0,0.0,355.0,57.0,116.0,0.491,18.0,43.0,0.419,39.0,73.0,0.534,0.569,28.0,37.0,0.757,7.0,55.0,62.0,19.0,10.0,9.0,19.0,34.0,160.0,0.0
2021,368.0,jacksja02,21.0,mem,c,11.0,4.0,258.0,53.0,125.0,0.424,17.0,60.0,0.283,36.0,65.0,0.554,0.492,35.0,42.0,0.833,17.0,45.0,62.0,12.0,12.0,18.0,15.0,42.0,158.0,0.0
2021,369.0,martike03,25.0,ind,sf,35.0,0.0,322.0,62.0,138.0,0.449,24.0,60.0,0.4,38.0,78.0,0.487,0.536,9.0,10.0,0.9,18.0,60.0,78.0,17.0,10.0,10.0,16.0,35.0,157.0,0.0
2021,370.0,marjabo01,32.0,dal,c,33.0,3.0,271.0,62.0,122.0,0.508,1.0,8.0,0.125,61.0,114.0,0.535,0.512,31.0,38.0,0.816,47.0,81.0,128.0,10.0,2.0,6.0,12.0,29.0,156.0,0.0
2021,371.0,cookty01,23.0,tot,sf,32.0,1.0,438.0,69.0,103.0,0.67,1.0,2.0,0.5,68.0,101.0,0.673,0.675,17.0,35.0,0.486,28.0,67.0,95.0,17.0,8.0,2.0,21.0,35.0,156.0,0.0
2021,372.0,smithde03,23.0,tot,pg,23.0,9.0,420.0,58.0,145.0,0.4,19.0,58.0,0.328,39.0,87.0,0.448,0.466,19.0,26.0,0.731,12.0,43.0,55.0,77.0,23.0,14.0,26.0,37.0,154.0,1.0
2021,373.0,joeis01,21.0,phi,sg,41.0,1.0,383.0,48.0,133.0,0.361,39.0,106.0,0.368,9.0,27.0,0.333,0.508,18.0,24.0,0.75,6.0,30.0,36.0,20.0,12.0,4.0,11.0,34.0,153.0,0.0
2021,374.0,greenja02,27.0,tot,sf,41.0,2.0,473.0,53.0,102.0,0.52,10.0,30.0,0.333,43.0,72.0,0.597,0.569,30.0,40.0,0.75,26.0,45.0,71.0,17.0,28.0,6.0,19.0,45.0,146.0,0.0
2021,375.0,okafoja01,25.0,det,c,27.0,2.0,347.0,63.0,102.0,0.618,2.0,9.0,0.222,61.0,93.0,0.656,0.627,17.0,24.0,0.708,23.0,43.0,66.0,13.0,6.0,5.0,21.0,39.0,145.0,0.0
2021,376.0,bryanth01,23.0,was,c,10.0,10.0,271.0,59.0,91.0,0.648,9.0,21.0,0.429,50.0,70.0,0.714,0.698,16.0,24.0,0.667,18.0,43.0,61.0,15.0,4.0,8.0,11.0,31.0,143.0,0.0
2021,377.0,coffeam01,23.0,lac,sg,44.0,1.0,394.0,45.0,103.0,0.437,23.0,56.0,0.411,22.0,47.0,0.468,0.549,27.0,38.0,0.711,10.0,34.0,44.0,22.0,10.0,0.0,15.0,30.0,140.0,0.0
2021,378.0,jamesju01,24.0,sac,sf,36.0,0.0,310.0,52.0,111.0,0.468,14.0,38.0,0.368,38.0,73.0,0.521,0.532,21.0,36.0,0.583,9.0,21.0,30.0,22.0,8.0,3.0,15.0,23.0,139.0,0.0
2021,379.0,thomama02,26.0,tot,sg,45.0,0.0,326.0,50.0,127.0,0.394,27.0,80.0,0.338,23.0,47.0,0.489,0.5,12.0,14.0,0.857,7.0,37.0,44.0,19.0,4.0,0.0,14.0,18.0,139.0,0.0
2021,380.0,arcidry01,26.0,chi,pg,44.0,0.0,450.0,49.0,117.0,0.419,25.0,67.0,0.373,24.0,50.0,0.48,0.526,13.0,20.0,0.65,5.0,62.0,67.0,56.0,9.0,0.0,10.0,47.0,136.0,0.0
2021,381.0,nnajize01,20.0,den,pf,42.0,1.0,397.0,50.0,104.0,0.481,24.0,59.0,0.407,26.0,45.0,0.578,0.596,12.0,15.0,0.8,14.0,51.0,65.0,10.0,8.0,4.0,7.0,29.0,136.0,0.0
2021,382.0,sampsja02,27.0,ind,pf,29.0,4.0,316.0,56.0,113.0,0.496,3.0,15.0,0.2,53.0,98.0,0.541,0.509,19.0,29.0,0.655,27.0,50.0,77.0,4.0,2.0,14.0,15.0,52.0,134.0,0.0
2021,383.0,mellini01,30.0,tot,pf,45.0,4.0,566.0,46.0,141.0,0.326,23.0,85.0,0.271,23.0,56.0,0.411,0.408,19.0,25.0,0.76,29.0,93.0,122.0,44.0,14.0,3.0,12.0,58.0,134.0,0.0
2021,384.0,lamban01,23.0,hou,sf,24.0,3.0,415.0,46.0,118.0,0.39,23.0,71.0,0.324,23.0,47.0,0.489,0.487,18.0,21.0,0.857,27.0,43.0,70.0,23.0,6.0,5.0,19.0,34.0,133.0,0.0
2021,385.0,mooreet01,31.0,pho,sg,27.0,1.0,389.0,55.0,121.0,0.455,11.0,35.0,0.314,44.0,86.0,0.512,0.5,12.0,14.0,0.857,14.0,31.0,45.0,40.0,15.0,5.0,23.0,32.0,133.0,0.0
2021,386.0,jeffrda01,23.0,tot,sg,31.0,5.0,493.0,50.0,120.0,0.417,20.0,67.0,0.299,30.0,53.0,0.566,0.5,7.0,8.0,0.875,19.0,52.0,71.0,22.0,15.0,10.0,14.0,48.0,127.0,0.0
2021,387.0,thomabr01,24.0,tot,sg,32.0,1.0,399.0,39.0,108.0,0.361,16.0,59.0,0.271,23.0,49.0,0.469,0.435,31.0,46.0,0.674,8.0,45.0,53.0,30.0,15.0,10.0,22.0,40.0,125.0,0.0
2021,388.0,knighna01,23.0,atl,pf,33.0,0.0,279.0,37.0,100.0,0.37,6.0,33.0,0.182,31.0,67.0,0.463,0.4,44.0,55.0,0.8,27.0,45.0,72.0,8.0,9.0,10.0,15.0,22.0,124.0,0.0
2021,389.0,mayssk01,23.0,atl,sg,33.0,0.0,269.0,44.0,98.0,0.449,14.0,40.0,0.35,30.0,58.0,0.517,0.52,22.0,25.0,0.88,10.0,25.0,35.0,30.0,14.0,2.0,9.0,15.0,124.0,0.0
2021,390.0,edwarca01,22.0,bos,sg,31.0,1.0,276.0,47.0,111.0,0.423,18.0,63.0,0.286,29.0,48.0,0.604,0.505,11.0,13.0,0.846,3.0,23.0,26.0,14.0,7.0,1.0,7.0,25.0,123.0,0.0
2021,391.0,mannini01,19.0,gsw,pg,30.0,1.0,364.0,39.0,114.0,0.342,22.0,60.0,0.367,17.0,54.0,0.315,0.439,23.0,28.0,0.821,6.0,40.0,46.0,70.0,16.0,1.0,31.0,29.0,123.0,0.0
2021,392.0,mckinal01,28.0,lal,sf,39.0,0.0,258.0,48.0,93.0,0.516,16.0,39.0,0.41,32.0,54.0,0.593,0.602,10.0,18.0,0.556,22.0,32.0,54.0,6.0,7.0,0.0,5.0,26.0,122.0,0.0
2021,393.0,samanlu01,21.0,sas,pf,33.0,4.0,308.0,47.0,105.0,0.448,12.0,43.0,0.279,35.0,62.0,0.565,0.505,16.0,29.0,0.552,16.0,52.0,68.0,15.0,8.0,8.0,20.0,43.0,122.0,0.0
2021,394.0,robingl02,27.0,sac,sf,23.0,2.0,369.0,42.0,99.0,0.424,16.0,44.0,0.364,26.0,55.0,0.473,0.505,21.0,23.0,0.913,11.0,34.0,45.0,20.0,4.0,3.0,11.0,23.0,121.0,0.0
2021,395.0,clarkga01,26.0,tot,sf,39.0,11.0,654.0,40.0,132.0,0.303,31.0,108.0,0.287,9.0,24.0,0.375,0.42,8.0,10.0,0.8,33.0,82.0,115.0,31.0,13.0,7.0,17.0,35.0,119.0,0.0
2021,396.0,hoardja01,21.0,okc,sf,19.0,0.0,320.0,44.0,88.0,0.5,0.0,11.0,0.0,44.0,77.0,0.571,0.5,28.0,41.0,0.683,21.0,44.0,65.0,24.0,13.0,5.0,17.0,19.0,116.0,0.0
2021,397.0,lylestr01,25.0,sas,pf,23.0,9.0,358.0,43.0,90.0,0.478,14.0,40.0,0.35,29.0,50.0,0.58,0.556,15.0,23.0,0.652,9.0,77.0,86.0,14.0,6.0,1.0,6.0,13.0,115.0,0.0
2021,398.0,dedmode01,31.0,mia,c,16.0,0.0,210.0,46.0,65.0,0.708,1.0,5.0,0.2,45.0,60.0,0.75,0.715,20.0,27.0,0.741,28.0,58.0,86.0,12.0,9.0,6.0,13.0,36.0,113.0,0.0
2021,399.0,gillefr01,23.0,tor,pf,20.0,2.0,392.0,44.0,84.0,0.524,0.0,0.0,,44.0,84.0,0.524,0.524,23.0,33.0,0.697,42.0,55.0,97.0,9.0,13.0,20.0,12.0,43.0,111.0,0.0
2021,400.0,watsopa01,26.0,tor,sf,27.0,2.0,297.0,38.0,82.0,0.463,30.0,64.0,0.469,8.0,18.0,0.444,0.646,5.0,8.0,0.625,4.0,41.0,45.0,17.0,6.0,3.0,9.0,36.0,111.0,0.0
2021,401.0,gilesha01,22.0,por,c,38.0,0.0,348.0,42.0,97.0,0.433,8.0,23.0,0.348,34.0,74.0,0.459,0.474,16.0,27.0,0.593,31.0,102.0,133.0,29.0,8.0,13.0,20.0,54.0,108.0,0.0
2021,402.0,hutchch01,24.0,tot,sf,25.0,1.0,346.0,39.0,103.0,0.379,8.0,22.0,0.364,31.0,81.0,0.383,0.417,21.0,25.0,0.84,6.0,72.0,78.0,17.0,12.0,5.0,20.0,33.0,107.0,0.0
2021,403.0,kornelu01,25.0,tot,c,31.0,2.0,348.0,44.0,101.0,0.436,15.0,59.0,0.254,29.0,42.0,0.69,0.51,3.0,6.0,0.5,14.0,53.0,67.0,24.0,4.0,32.0,7.0,20.0,106.0,0.0
2021,404.0,howarma02,21.0,den,sg,37.0,1.0,205.0,40.0,106.0,0.377,18.0,65.0,0.277,22.0,41.0,0.537,0.462,7.0,9.0,0.778,1.0,20.0,21.0,18.0,4.0,1.0,18.0,23.0,105.0,0.0
2021,405.0,onimi01,23.0,uta,sg,54.0,0.0,519.0,35.0,99.0,0.354,30.0,88.0,0.341,5.0,11.0,0.455,0.505,5.0,6.0,0.833,23.0,61.0,84.0,28.0,11.0,8.0,16.0,61.0,105.0,0.0
2021,406.0,fultzma01,22.0,orl,pg,8.0,8.0,215.0,41.0,104.0,0.394,4.0,16.0,0.25,37.0,88.0,0.42,0.413,17.0,19.0,0.895,5.0,20.0,25.0,43.0,8.0,2.0,18.0,18.0,103.0,0.0
2021,407.0,aminual01,30.0,tot,pf,23.0,14.0,434.0,38.0,99.0,0.384,8.0,37.0,0.216,30.0,62.0,0.484,0.424,18.0,22.0,0.818,22.0,88.0,110.0,31.0,19.0,9.0,28.0,29.0,102.0,0.0
2021,408.0,greenjo02,20.0,dal,sg,39.0,5.0,445.0,42.0,93.0,0.452,4.0,25.0,0.16,38.0,68.0,0.559,0.473,13.0,23.0,0.565,28.0,50.0,78.0,28.0,16.0,3.0,17.0,35.0,101.0,0.0
2021,409.0,jamesmi02,30.0,brk,pg,13.0,1.0,236.0,34.0,92.0,0.37,11.0,31.0,0.355,23.0,61.0,0.377,0.429,21.0,27.0,0.778,3.0,29.0,32.0,54.0,6.0,1.0,20.0,10.0,100.0,0.0
2021,410.0,watertr01,23.0,bos,pg,26.0,3.0,238.0,34.0,84.0,0.405,15.0,38.0,0.395,19.0,46.0,0.413,0.494,16.0,17.0,0.941,5.0,16.0,21.0,62.0,15.0,1.0,27.0,17.0,99.0,0.0
2021,411.0,iwundwe01,26.0,tot,sf,41.0,4.0,539.0,34.0,102.0,0.333,5.0,41.0,0.122,29.0,61.0,0.475,0.358,26.0,31.0,0.839,15.0,75.0,90.0,18.0,15.0,4.0,19.0,49.0,99.0,0.0
2021,412.0,harrija01,22.0,tor,sg,13.0,2.0,172.0,36.0,72.0,0.5,17.0,36.0,0.472,19.0,36.0,0.528,0.618,7.0,9.0,0.778,3.0,15.0,18.0,17.0,8.0,0.0,14.0,15.0,96.0,0.0
2021,413.0,kabenmf01,23.0,tot,pf,39.0,0.0,280.0,33.0,89.0,0.371,13.0,50.0,0.26,20.0,39.0,0.513,0.444,16.0,20.0,0.8,12.0,48.0,60.0,17.0,8.0,13.0,15.0,36.0,95.0,0.0
2021,414.0,johnsal02,24.0,brk,pf,18.0,0.0,189.0,40.0,68.0,0.588,1.0,6.0,0.167,39.0,62.0,0.629,0.596,13.0,13.0,1.0,27.0,63.0,90.0,14.0,5.0,5.0,9.0,16.0,94.0,0.0
2021,415.0,jonestr01,21.0,sas,pg,37.0,1.0,269.0,37.0,78.0,0.474,3.0,5.0,0.6,34.0,73.0,0.466,0.494,17.0,19.0,0.895,8.0,13.0,21.0,39.0,8.0,0.0,13.0,13.0,94.0,0.0
2021,416.0,okpalkz01,21.0,mia,pf,37.0,9.0,447.0,36.0,96.0,0.375,12.0,50.0,0.24,24.0,46.0,0.522,0.438,8.0,15.0,0.533,21.0,47.0,68.0,19.0,10.0,11.0,15.0,59.0,92.0,0.0
2021,417.0,mcgruro01,29.0,det,sg,16.0,2.0,194.0,37.0,70.0,0.529,11.0,24.0,0.458,26.0,46.0,0.565,0.607,6.0,8.0,0.75,8.0,14.0,22.0,16.0,8.0,1.0,7.0,12.0,91.0,0.0
2021,418.0,brazdig01,22.0,tot,sf,13.0,0.0,249.0,35.0,83.0,0.422,11.0,28.0,0.393,24.0,55.0,0.436,0.488,10.0,14.0,0.714,11.0,34.0,45.0,17.0,4.0,3.0,12.0,22.0,91.0,0.0
2021,419.0,merrisa01,24.0,mil,sg,30.0,2.0,233.0,32.0,72.0,0.444,21.0,47.0,0.447,11.0,25.0,0.44,0.59,4.0,4.0,1.0,6.0,24.0,30.0,21.0,8.0,1.0,10.0,17.0,89.0,0.0
2021,420.0,ntilila01,22.0,nyk,pg,33.0,4.0,322.0,29.0,79.0,0.367,23.0,48.0,0.479,6.0,31.0,0.194,0.513,8.0,18.0,0.444,6.0,25.0,31.0,19.0,18.0,4.0,11.0,45.0,89.0,0.0
2021,421.0,chiozch01,25.0,brk,pg,22.0,1.0,232.0,31.0,88.0,0.352,13.0,42.0,0.31,18.0,46.0,0.391,0.426,13.0,17.0,0.765,3.0,21.0,24.0,65.0,7.0,6.0,16.0,19.0,88.0,0.0
2021,422.0,forretr01,22.0,uta,pg,30.0,0.0,302.0,32.0,71.0,0.451,5.0,26.0,0.192,27.0,45.0,0.6,0.486,19.0,19.0,1.0,11.0,33.0,44.0,45.0,9.0,4.0,21.0,22.0,88.0,0.0
2021,423.0,reedpa01,21.0,phi,pf,26.0,0.0,177.0,42.0,78.0,0.538,0.0,6.0,0.0,42.0,72.0,0.583,0.538,4.0,8.0,0.5,30.0,31.0,61.0,12.0,10.0,13.0,12.0,29.0,88.0,0.0
2021,424.0,guyky01,23.0,sac,pg,31.0,0.0,235.0,29.0,88.0,0.33,13.0,46.0,0.283,16.0,42.0,0.381,0.403,16.0,20.0,0.8,5.0,30.0,35.0,32.0,6.0,0.0,11.0,20.0,87.0,0.0
2021,425.0,halljo01,20.0,okc,sf,21.0,1.0,336.0,30.0,99.0,0.303,4.0,37.0,0.108,26.0,62.0,0.419,0.323,22.0,44.0,0.5,6.0,53.0,59.0,28.0,4.0,1.0,25.0,37.0,86.0,0.0
2021,426.0,cancavl01,23.0,den,pf,41.0,1.0,281.0,33.0,72.0,0.458,9.0,33.0,0.273,24.0,39.0,0.615,0.521,10.0,13.0,0.769,11.0,39.0,50.0,14.0,11.0,2.0,14.0,18.0,85.0,0.0
2021,427.0,deckga01,25.0,okc,pf,10.0,0.0,212.0,32.0,67.0,0.478,2.0,15.0,0.133,30.0,52.0,0.577,0.493,18.0,22.0,0.818,16.0,24.0,40.0,24.0,8.0,0.0,6.0,9.0,84.0,0.0
2021,428.0,robinje01,23.0,was,sg,17.0,6.0,305.0,28.0,95.0,0.295,11.0,42.0,0.262,17.0,53.0,0.321,0.353,16.0,20.0,0.8,4.0,34.0,38.0,25.0,12.0,6.0,19.0,31.0,83.0,0.0
2021,429.0,thomakh01,24.0,hou,sg,5.0,2.0,153.0,32.0,66.0,0.485,9.0,27.0,0.333,23.0,39.0,0.59,0.553,9.0,9.0,1.0,7.0,11.0,18.0,25.0,9.0,6.0,6.0,8.0,82.0,0.0
2021,430.0,gillan01,28.0,was,pf,26.0,4.0,218.0,30.0,60.0,0.5,7.0,24.0,0.292,23.0,36.0,0.639,0.558,13.0,16.0,0.813,16.0,35.0,51.0,11.0,10.0,4.0,8.0,27.0,80.0,0.0
2021,431.0,bateske01,25.0,sas,sf,30.0,0.0,245.0,30.0,67.0,0.448,5.0,17.0,0.294,25.0,50.0,0.5,0.485,14.0,21.0,0.667,9.0,40.0,49.0,12.0,11.0,5.0,7.0,11.0,79.0,0.0
2021,432.0,bongais01,21.0,was,sf,40.0,8.0,432.0,30.0,81.0,0.37,13.0,47.0,0.277,17.0,34.0,0.5,0.451,5.0,8.0,0.625,18.0,48.0,66.0,23.0,11.0,9.0,22.0,63.0,78.0,0.0
2021,433.0,perryre01,20.0,brk,pf,26.0,0.0,211.0,32.0,78.0,0.41,4.0,21.0,0.19,28.0,57.0,0.491,0.436,10.0,13.0,0.769,27.0,46.0,73.0,14.0,6.0,6.0,15.0,40.0,78.0,0.0
2021,434.0,cookqu01,27.0,tot,pg,23.0,0.0,157.0,29.0,68.0,0.426,11.0,26.0,0.423,18.0,42.0,0.429,0.507,7.0,8.0,0.875,2.0,15.0,17.0,18.0,4.0,1.0,7.0,10.0,76.0,0.0
2021,435.0,halldo01,23.0,orl,pf,13.0,0.0,179.0,25.0,35.0,0.714,0.0,0.0,,25.0,35.0,0.714,0.714,23.0,34.0,0.676,24.0,38.0,62.0,11.0,5.0,10.0,8.0,18.0,73.0,0.0
2021,436.0,milleda01,30.0,okc,sf,18.0,0.0,197.0,22.0,48.0,0.458,17.0,42.0,0.405,5.0,6.0,0.833,0.635,12.0,12.0,1.0,2.0,22.0,24.0,21.0,13.0,5.0,8.0,13.0,73.0,0.0
2021,437.0,harrish01,27.0,tot,sg,34.0,0.0,333.0,26.0,78.0,0.333,3.0,16.0,0.188,23.0,62.0,0.371,0.353,18.0,22.0,0.818,7.0,41.0,48.0,25.0,17.0,5.0,11.0,33.0,73.0,0.0
2021,438.0,gabriwe01,23.0,nop,pf,21.0,0.0,241.0,24.0,60.0,0.4,13.0,32.0,0.406,11.0,28.0,0.393,0.508,11.0,17.0,0.647,20.0,34.0,54.0,11.0,9.0,8.0,15.0,32.0,72.0,0.0
2021,439.0,parkeja01,25.0,tot,pf,13.0,0.0,165.0,30.0,55.0,0.545,2.0,11.0,0.182,28.0,44.0,0.636,0.564,10.0,13.0,0.769,10.0,32.0,42.0,11.0,1.0,5.0,10.0,13.0,72.0,0.0
2021,440.0,pattoju01,23.0,hou,c,13.0,6.0,247.0,29.0,70.0,0.414,9.0,34.0,0.265,20.0,36.0,0.556,0.479,3.0,4.0,0.75,14.0,35.0,49.0,14.0,12.0,14.0,4.0,34.0,70.0,0.0
2021,441.0,bolbo01,21.0,den,pf,32.0,2.0,160.0,25.0,58.0,0.431,9.0,24.0,0.375,16.0,34.0,0.471,0.509,10.0,15.0,0.667,0.0,24.0,24.0,7.0,3.0,10.0,13.0,14.0,69.0,0.0
2021,442.0,ellebcj01,20.0,por,sf,30.0,0.0,192.0,25.0,66.0,0.379,7.0,34.0,0.206,18.0,32.0,0.563,0.432,11.0,15.0,0.733,11.0,21.0,32.0,10.0,6.0,3.0,5.0,27.0,68.0,0.0
2021,443.0,ilyaser01,33.0,uta,pf,17.0,1.0,148.0,21.0,54.0,0.389,18.0,41.0,0.439,3.0,13.0,0.231,0.556,5.0,5.0,1.0,7.0,22.0,29.0,4.0,10.0,3.0,8.0,29.0,65.0,0.0
2021,444.0,brantja01,24.0,uta,pf,28.0,0.0,138.0,25.0,52.0,0.481,12.0,28.0,0.429,13.0,24.0,0.542,0.596,2.0,2.0,1.0,9.0,18.0,27.0,15.0,7.0,2.0,8.0,17.0,64.0,0.0
2021,445.0,warretj01,27.0,ind,sf,4.0,4.0,117.0,27.0,51.0,0.529,0.0,7.0,0.0,27.0,44.0,0.614,0.529,8.0,10.0,0.8,2.0,12.0,14.0,5.0,2.0,0.0,4.0,16.0,62.0,0.0
2021,446.0,tilliki02,22.0,mem,c,18.0,1.0,182.0,19.0,57.0,0.333,10.0,33.0,0.303,9.0,24.0,0.375,0.421,9.0,11.0,0.818,6.0,18.0,24.0,8.0,5.0,8.0,2.0,20.0,57.0,0.0
2021,447.0,bonejo01,23.0,orl,pg,14.0,0.0,196.0,23.0,54.0,0.426,10.0,32.0,0.313,13.0,22.0,0.591,0.519,0.0,0.0,,4.0,20.0,24.0,18.0,2.0,0.0,3.0,11.0,56.0,0.0
2021,448.0,langfro01,21.0,bos,sg,18.0,4.0,283.0,21.0,59.0,0.356,5.0,18.0,0.278,16.0,41.0,0.39,0.398,9.0,12.0,0.75,12.0,23.0,35.0,13.0,6.0,5.0,10.0,24.0,56.0,0.0
2021,449.0,ferreyo01,27.0,tot,pg,10.0,0.0,136.0,20.0,57.0,0.351,9.0,28.0,0.321,11.0,29.0,0.379,0.43,7.0,9.0,0.778,5.0,14.0,19.0,22.0,7.0,3.0,3.0,11.0,56.0,0.0
2021,450.0,oturuda01,21.0,lac,c,30.0,0.0,161.0,22.0,52.0,0.423,1.0,5.0,0.2,21.0,47.0,0.447,0.433,9.0,12.0,0.75,21.0,27.0,48.0,10.0,4.0,7.0,9.0,24.0,54.0,0.0
2021,451.0,smithja04,20.0,pho,pf,27.0,1.0,156.0,22.0,50.0,0.44,4.0,17.0,0.235,18.0,33.0,0.545,0.48,5.0,7.0,0.714,7.0,30.0,37.0,4.0,1.0,5.0,7.0,16.0,53.0,0.0
2021,452.0,fernabr01,22.0,atl,c,33.0,0.0,226.0,18.0,44.0,0.409,0.0,2.0,0.0,18.0,42.0,0.429,0.409,15.0,22.0,0.682,16.0,62.0,78.0,10.0,4.0,3.0,21.0,23.0,51.0,0.0
2021,453.0,davised01,31.0,min,c,23.0,7.0,299.0,19.0,44.0,0.432,0.0,0.0,,19.0,44.0,0.432,0.432,10.0,12.0,0.833,46.0,69.0,115.0,21.0,13.0,13.0,7.0,56.0,48.0,0.0
2021,454.0,mathida01,25.0,phi,sg,8.0,2.0,123.0,19.0,48.0,0.396,8.0,26.0,0.308,11.0,22.0,0.5,0.479,2.0,6.0,0.333,1.0,6.0,7.0,13.0,1.0,3.0,1.0,7.0,48.0,0.0
2021,455.0,fallta01,25.0,bos,c,19.0,0.0,136.0,21.0,29.0,0.724,0.0,0.0,,21.0,29.0,0.724,0.724,5.0,15.0,0.333,16.0,36.0,52.0,3.0,1.0,20.0,6.0,22.0,47.0,0.0
2021,456.0,careyve01,19.0,cho,c,19.0,4.0,115.0,18.0,36.0,0.5,1.0,7.0,0.143,17.0,29.0,0.586,0.514,9.0,11.0,0.818,6.0,21.0,27.0,2.0,1.0,5.0,5.0,13.0,46.0,0.0
2021,457.0,weathqu01,24.0,sas,sg,20.0,0.0,121.0,16.0,35.0,0.457,1.0,6.0,0.167,15.0,29.0,0.517,0.471,13.0,16.0,0.813,3.0,8.0,11.0,8.0,8.0,2.0,10.0,18.0,46.0,0.0
2021,458.0,diakima01,24.0,mil,pf,14.0,1.0,141.0,16.0,40.0,0.4,1.0,8.0,0.125,15.0,32.0,0.469,0.413,11.0,14.0,0.786,8.0,26.0,34.0,8.0,7.0,6.0,3.0,16.0,44.0,0.0
2021,459.0,kinglo02,21.0,sac,sf,6.0,1.0,85.0,17.0,34.0,0.5,4.0,11.0,0.364,13.0,23.0,0.565,0.559,6.0,6.0,1.0,5.0,13.0,18.0,9.0,7.0,3.0,4.0,9.0,44.0,0.0
2021,460.0,frankro01,24.0,orl,pf,7.0,0.0,101.0,13.0,28.0,0.464,5.0,15.0,0.333,8.0,13.0,0.615,0.554,12.0,13.0,0.923,6.0,8.0,14.0,5.0,3.0,3.0,2.0,8.0,43.0,0.0
2021,461.0,oliveca01,24.0,hou,sf,4.0,0.0,87.0,19.0,33.0,0.576,4.0,13.0,0.308,15.0,20.0,0.75,0.636,1.0,4.0,0.25,5.0,16.0,21.0,5.0,2.0,4.0,3.0,11.0,43.0,0.0
2021,462.0,hintona01,21.0,dal,sg,21.0,0.0,93.0,15.0,42.0,0.357,4.0,19.0,0.211,11.0,23.0,0.478,0.405,7.0,10.0,0.7,1.0,8.0,9.0,8.0,7.0,2.0,5.0,8.0,41.0,0.0
2021,463.0,sirvyde01,20.0,det,sg,20.0,0.0,133.0,14.0,40.0,0.35,10.0,28.0,0.357,4.0,12.0,0.333,0.475,3.0,6.0,0.5,0.0,29.0,29.0,5.0,2.0,0.0,5.0,9.0,41.0,0.0
2021,464.0,winstca01,22.0,was,pg,22.0,0.0,98.0,14.0,33.0,0.424,8.0,17.0,0.471,6.0,16.0,0.375,0.545,5.0,6.0,0.833,0.0,9.0,9.0,12.0,2.0,1.0,5.0,8.0,41.0,0.0
2021,465.0,thornsi01,26.0,tot,sg,21.0,1.0,217.0,15.0,46.0,0.326,7.0,23.0,0.304,8.0,23.0,0.348,0.402,4.0,8.0,0.5,3.0,15.0,18.0,21.0,13.0,2.0,7.0,15.0,41.0,0.0
2021,466.0,brownch02,23.0,okc,sg,9.0,1.0,152.0,13.0,43.0,0.302,5.0,21.0,0.238,8.0,22.0,0.364,0.36,9.0,10.0,0.9,3.0,14.0,17.0,9.0,4.0,2.0,6.0,19.0,40.0,0.0
2021,467.0,ramseja01,19.0,sac,sg,13.0,0.0,94.0,15.0,38.0,0.395,5.0,19.0,0.263,10.0,19.0,0.526,0.461,5.0,5.0,1.0,2.0,8.0,10.0,6.0,4.0,1.0,3.0,8.0,40.0,0.0
2021,468.0,cacokde01,24.0,lal,pf,20.0,1.0,98.0,17.0,29.0,0.586,0.0,0.0,,17.0,29.0,0.586,0.586,5.0,11.0,0.455,12.0,20.0,32.0,1.0,5.0,4.0,5.0,8.0,39.0,0.0
2021,469.0,mcderse01,24.0,mem,sf,18.0,0.0,158.0,13.0,33.0,0.394,5.0,22.0,0.227,8.0,11.0,0.727,0.47,8.0,8.0,1.0,6.0,13.0,19.0,4.0,2.0,3.0,4.0,8.0,39.0,0.0
2021,470.0,dellama01,30.0,cle,pg,13.0,1.0,224.0,14.0,56.0,0.25,4.0,25.0,0.16,10.0,31.0,0.323,0.286,4.0,4.0,1.0,6.0,18.0,24.0,58.0,4.0,1.0,6.0,21.0,36.0,0.0
2021,471.0,stanlca01,21.0,ind,sg,24.0,0.0,93.0,13.0,43.0,0.302,3.0,13.0,0.231,10.0,30.0,0.333,0.337,7.0,9.0,0.778,8.0,12.0,20.0,1.0,1.0,2.0,1.0,14.0,36.0,0.0
2021,472.0,morgaju01,23.0,uta,pf,29.0,0.0,147.0,14.0,30.0,0.467,4.0,13.0,0.308,10.0,17.0,0.588,0.533,3.0,7.0,0.429,9.0,19.0,28.0,9.0,4.0,1.0,4.0,21.0,35.0,0.0
2021,473.0,scrubja01,20.0,lac,sg,4.0,1.0,84.0,14.0,36.0,0.389,2.0,9.0,0.222,12.0,27.0,0.444,0.417,5.0,5.0,1.0,2.0,12.0,14.0,1.0,4.0,0.0,7.0,5.0,35.0,0.0
2021,474.0,cannade01,24.0,orl,pg,8.0,0.0,74.0,11.0,28.0,0.393,6.0,16.0,0.375,5.0,12.0,0.417,0.5,6.0,7.0,0.857,0.0,5.0,5.0,1.0,5.0,1.0,2.0,9.0,34.0,0.0
2021,475.0,tuckera01,23.0,phi,pg,14.0,0.0,68.0,9.0,18.0,0.5,2.0,7.0,0.286,7.0,11.0,0.636,0.556,14.0,19.0,0.737,1.0,10.0,11.0,6.0,2.0,0.0,4.0,8.0,34.0,0.0
2021,476.0,silvach01,24.0,tot,pf,15.0,0.0,92.0,10.0,16.0,0.625,1.0,1.0,1.0,9.0,15.0,0.6,0.656,11.0,15.0,0.733,7.0,20.0,27.0,6.0,1.0,6.0,10.0,24.0,32.0,0.0
2021,477.0,hugheel01,22.0,uta,sf,18.0,0.0,64.0,10.0,30.0,0.333,8.0,23.0,0.348,2.0,7.0,0.286,0.467,3.0,4.0,0.75,1.0,8.0,9.0,6.0,1.0,1.0,6.0,1.0,31.0,0.0
2021,478.0,kurucro01,22.0,tot,pf,21.0,0.0,125.0,11.0,32.0,0.344,6.0,21.0,0.286,5.0,11.0,0.455,0.438,3.0,4.0,0.75,5.0,18.0,23.0,10.0,9.0,4.0,13.0,16.0,31.0,0.0
2021,479.0,makerth01,23.0,cle,c,8.0,0.0,76.0,10.0,18.0,0.556,0.0,2.0,0.0,10.0,16.0,0.625,0.556,10.0,11.0,0.909,8.0,10.0,18.0,4.0,2.0,4.0,3.0,7.0,30.0,0.0
2021,480.0,smailal01,20.0,gsw,pf,15.0,1.0,84.0,11.0,27.0,0.407,4.0,10.0,0.4,7.0,17.0,0.412,0.481,2.0,6.0,0.333,6.0,10.0,16.0,4.0,3.0,5.0,5.0,11.0,28.0,0.0
2021,481.0,holliro01,26.0,por,pf,11.0,1.0,107.0,9.0,18.0,0.5,0.0,1.0,0.0,9.0,17.0,0.529,0.5,9.0,16.0,0.563,11.0,15.0,26.0,13.0,2.0,4.0,2.0,15.0,27.0,0.0
2021,482.0,masonfr01,26.0,orl,pg,4.0,1.0,79.0,9.0,24.0,0.375,2.0,5.0,0.4,7.0,19.0,0.368,0.417,5.0,7.0,0.714,3.0,9.0,12.0,12.0,0.0,0.0,5.0,7.0,25.0,0.0
2021,483.0,paytoga02,28.0,gsw,pg,10.0,0.0,40.0,10.0,13.0,0.769,2.0,4.0,0.5,8.0,9.0,0.889,0.846,3.0,4.0,0.75,2.0,9.0,11.0,1.0,6.0,1.0,1.0,8.0,25.0,0.0
2021,484.0,dotsode01,21.0,chi,pg,11.0,0.0,50.0,11.0,21.0,0.524,1.0,7.0,0.143,10.0,14.0,0.714,0.548,0.0,0.0,,2.0,3.0,5.0,7.0,4.0,0.0,0.0,3.0,23.0,0.0
2021,485.0,exumda01,25.0,cle,sg,6.0,3.0,116.0,10.0,26.0,0.385,2.0,11.0,0.182,8.0,15.0,0.533,0.423,1.0,2.0,0.5,2.0,15.0,17.0,13.0,4.0,2.0,7.0,9.0,23.0,0.0
2021,486.0,feliccr01,28.0,chi,c,18.0,0.0,84.0,7.0,13.0,0.538,0.0,2.0,0.0,7.0,11.0,0.636,0.538,9.0,16.0,0.563,10.0,16.0,26.0,9.0,4.0,0.0,4.0,10.0,23.0,0.0
2021,487.0,thomais02,31.0,nop,pg,3.0,0.0,48.0,9.0,27.0,0.333,3.0,12.0,0.25,6.0,15.0,0.4,0.389,2.0,2.0,1.0,1.0,3.0,4.0,5.0,1.0,0.0,6.0,3.0,23.0,0.0
2021,488.0,martije02,24.0,cle,pg,9.0,0.0,75.0,9.0,33.0,0.273,3.0,12.0,0.25,6.0,21.0,0.286,0.318,1.0,5.0,0.2,2.0,5.0,7.0,4.0,5.0,2.0,6.0,1.0,22.0,0.0
2021,489.0,portejo01,21.0,mem,pf,11.0,0.0,54.0,8.0,15.0,0.533,3.0,8.0,0.375,5.0,7.0,0.714,0.633,3.0,5.0,0.6,4.0,10.0,14.0,1.0,3.0,1.0,7.0,12.0,22.0,0.0
2021,490.0,robinju01,23.0,okc,pg,9.0,0.0,88.0,7.0,21.0,0.333,4.0,14.0,0.286,3.0,7.0,0.429,0.429,3.0,5.0,0.6,1.0,6.0,7.0,9.0,3.0,0.0,2.0,10.0,21.0,0.0
2021,491.0,dinwisp01,27.0,brk,sg,3.0,3.0,64.0,6.0,16.0,0.375,2.0,7.0,0.286,4.0,9.0,0.444,0.438,6.0,6.0,1.0,0.0,13.0,13.0,9.0,2.0,1.0,5.0,4.0,20.0,0.0
2021,492.0,woodaro01,21.0,sac,sf,13.0,0.0,45.0,8.0,20.0,0.4,1.0,6.0,0.167,7.0,14.0,0.5,0.425,3.0,8.0,0.375,4.0,12.0,16.0,2.0,0.0,3.0,1.0,4.0,20.0,0.0
2021,493.0,pelleno01,27.0,tot,c,13.0,0.0,84.0,8.0,15.0,0.533,0.0,0.0,,8.0,15.0,0.533,0.533,4.0,6.0,0.667,6.0,13.0,19.0,2.0,1.0,9.0,3.0,14.0,20.0,0.0
2021,494.0,beyty01,22.0,dal,sf,18.0,0.0,71.0,7.0,22.0,0.318,1.0,4.0,0.25,6.0,18.0,0.333,0.341,3.0,5.0,0.6,8.0,11.0,19.0,3.0,0.0,1.0,3.0,6.0,18.0,0.0
2021,495.0,rillegr01,23.0,cho,pg,7.0,0.0,27.0,8.0,12.0,0.667,2.0,4.0,0.5,6.0,8.0,0.75,0.75,0.0,0.0,,0.0,1.0,1.0,3.0,1.0,0.0,1.0,0.0,18.0,0.0
2021,496.0,cabocbr01,25.0,hou,pf,6.0,0.0,36.0,8.0,17.0,0.471,0.0,5.0,0.0,8.0,12.0,0.667,0.471,1.0,2.0,0.5,3.0,11.0,14.0,1.0,0.0,2.0,4.0,6.0,17.0,0.0
2021,497.0,tollian01,35.0,phi,pf,11.0,0.0,99.0,4.0,17.0,0.235,4.0,14.0,0.286,0.0,3.0,0.0,0.353,5.0,6.0,0.833,3.0,7.0,10.0,2.0,3.0,2.0,3.0,7.0,17.0,0.0
2021,498.0,azubuud01,21.0,uta,c,15.0,0.0,57.0,4.0,9.0,0.444,0.0,0.0,,4.0,9.0,0.444,0.444,8.0,10.0,0.8,4.0,9.0,13.0,0.0,1.0,4.0,3.0,9.0,16.0,0.0
2021,499.0,bryanel01,25.0,mil,sg,1.0,0.0,32.0,6.0,13.0,0.462,1.0,5.0,0.2,5.0,8.0,0.625,0.5,3.0,3.0,1.0,2.0,4.0,6.0,3.0,0.0,1.0,4.0,4.0,16.0,0.0
2021,500.0,ellenhe01,24.0,tor,pf,2.0,0.0,38.0,5.0,14.0,0.357,2.0,9.0,0.222,3.0,5.0,0.6,0.429,3.0,4.0,0.75,3.0,9.0,12.0,5.0,0.0,0.0,0.0,7.0,15.0,0.0
2021,501.0,mokokad01,22.0,chi,sg,14.0,0.0,56.0,7.0,19.0,0.368,1.0,10.0,0.1,6.0,9.0,0.667,0.395,0.0,1.0,0.0,1.0,4.0,5.0,5.0,2.0,1.0,5.0,5.0,15.0,0.0
2021,502.0,nunnaja01,30.0,nop,sf,9.0,0.0,48.0,5.0,13.0,0.385,4.0,12.0,0.333,1.0,1.0,1.0,0.538,1.0,2.0,0.5,2.0,7.0,9.0,3.0,0.0,0.0,2.0,1.0,15.0,0.0
2021,503.0,richani01,23.0,cho,pf,18.0,0.0,63.0,4.0,9.0,0.444,0.0,1.0,0.0,4.0,8.0,0.5,0.444,7.0,11.0,0.636,4.0,7.0,11.0,2.0,0.0,0.0,3.0,7.0,15.0,0.0
2021,504.0,belljo01,26.0,tot,c,6.0,1.0,82.0,7.0,22.0,0.318,0.0,2.0,0.0,7.0,20.0,0.35,0.318,1.0,2.0,0.5,7.0,17.0,24.0,7.0,3.0,5.0,4.0,7.0,15.0,0.0
2021,505.0,reynoca01,25.0,tot,sf,5.0,0.0,40.0,6.0,18.0,0.333,3.0,12.0,0.25,3.0,6.0,0.5,0.417,0.0,0.0,,2.0,3.0,5.0,2.0,0.0,0.0,0.0,2.0,15.0,0.0
2021,506.0,toupaax01,28.0,mil,sf,8.0,1.0,61.0,4.0,11.0,0.364,1.0,2.0,0.5,3.0,9.0,0.333,0.409,5.0,7.0,0.714,0.0,6.0,6.0,4.0,2.0,3.0,0.0,6.0,14.0,0.0
2021,507.0,brimaam01,26.0,ind,c,5.0,0.0,29.0,5.0,8.0,0.625,0.0,0.0,,5.0,8.0,0.625,0.625,3.0,3.0,1.0,2.0,6.0,8.0,1.0,0.0,5.0,4.0,4.0,13.0,0.0
2021,508.0,chrisma01,23.0,gsw,pf,2.0,0.0,27.0,5.0,14.0,0.357,1.0,5.0,0.2,4.0,9.0,0.444,0.393,2.0,4.0,0.5,3.0,10.0,13.0,2.0,0.0,2.0,2.0,3.0,13.0,0.0
2021,509.0,varejan01,38.0,cle,c,5.0,0.0,36.0,4.0,16.0,0.25,0.0,1.0,0.0,4.0,15.0,0.267,0.25,5.0,9.0,0.556,7.0,13.0,20.0,3.0,0.0,2.0,1.0,3.0,13.0,0.0
2021,510.0,antetko01,23.0,lal,pf,15.0,0.0,56.0,3.0,10.0,0.3,0.0,0.0,,3.0,10.0,0.3,0.3,6.0,13.0,0.462,4.0,15.0,19.0,1.0,2.0,4.0,11.0,8.0,12.0,0.0
2021,511.0,blevike01,25.0,por,sf,17.0,0.0,75.0,5.0,20.0,0.25,2.0,8.0,0.25,3.0,12.0,0.25,0.3,0.0,0.0,,3.0,7.0,10.0,4.0,2.0,0.0,5.0,8.0,12.0,0.0
2021,512.0,leaftj01,23.0,por,pf,7.0,0.0,35.0,5.0,10.0,0.5,0.0,0.0,,5.0,10.0,0.5,0.5,2.0,2.0,1.0,0.0,5.0,5.0,1.0,2.0,1.0,2.0,1.0,12.0,0.0
2021,513.0,maneka01,20.0,orl,pg,10.0,0.0,88.0,3.0,13.0,0.231,1.0,2.0,0.5,2.0,11.0,0.182,0.269,4.0,5.0,0.8,1.0,13.0,14.0,4.0,0.0,2.0,3.0,10.0,11.0,0.0
2021,514.0,terryty01,20.0,dal,pg,11.0,0.0,56.0,5.0,16.0,0.313,0.0,7.0,0.0,5.0,9.0,0.556,0.313,1.0,3.0,0.333,0.0,6.0,6.0,6.0,5.0,0.0,2.0,2.0,11.0,0.0
2021,515.0,leoname01,28.0,mia,c,3.0,2.0,29.0,3.0,7.0,0.429,3.0,7.0,0.429,0.0,0.0,,0.643,1.0,2.0,0.5,0.0,7.0,7.0,2.0,0.0,0.0,2.0,5.0,10.0,0.0
2021,516.0,alexaty01,22.0,pho,sg,15.0,0.0,47.0,3.0,12.0,0.25,2.0,9.0,0.222,1.0,3.0,0.333,0.333,1.0,2.0,0.5,2.0,8.0,10.0,6.0,0.0,1.0,3.0,2.0,9.0,0.0
2021,517.0,darlina01,22.0,cho,sg,7.0,0.0,26.0,2.0,7.0,0.286,2.0,7.0,0.286,0.0,0.0,,0.429,3.0,3.0,1.0,1.0,0.0,1.0,1.0,0.0,1.0,1.0,1.0,9.0,0.0
2021,518.0,fraziti01,30.0,mem,pg,5.0,0.0,62.0,3.0,20.0,0.15,0.0,8.0,0.0,3.0,12.0,0.25,0.15,2.0,6.0,0.333,0.0,8.0,8.0,16.0,2.0,1.0,4.0,7.0,8.0,0.0
2021,519.0,louzama01,21.0,nop,sf,3.0,0.0,56.0,3.0,13.0,0.231,2.0,8.0,0.25,1.0,5.0,0.2,0.308,0.0,0.0,,1.0,2.0,3.0,3.0,2.0,0.0,3.0,5.0,8.0,0.0
2021,520.0,poirivi01,27.0,phi,c,10.0,0.0,39.0,3.0,12.0,0.25,0.0,1.0,0.0,3.0,11.0,0.273,0.25,2.0,6.0,0.333,6.0,8.0,14.0,2.0,0.0,3.0,4.0,8.0,8.0,0.0
2021,521.0,boldema01,22.0,cle,c,6.0,0.0,29.0,1.0,3.0,0.333,0.0,0.0,,1.0,3.0,0.333,0.333,5.0,8.0,0.625,3.0,3.0,6.0,0.0,2.0,2.0,2.0,0.0,7.0,0.0
2021,522.0,dudleja01,35.0,lal,pf,12.0,0.0,81.0,2.0,9.0,0.222,2.0,6.0,0.333,0.0,3.0,0.0,0.333,0.0,0.0,,4.0,17.0,21.0,5.0,1.0,1.0,2.0,7.0,6.0,0.0
2021,523.0,roberan03,29.0,brk,sg,5.0,0.0,63.0,2.0,14.0,0.143,1.0,8.0,0.125,1.0,6.0,0.167,0.179,1.0,2.0,0.5,7.0,8.0,15.0,4.0,3.0,1.0,2.0,4.0,6.0,0.0
2021,524.0,dunnkr01,26.0,atl,pg,4.0,0.0,45.0,1.0,12.0,0.083,0.0,2.0,0.0,1.0,10.0,0.1,0.083,3.0,4.0,0.75,0.0,6.0,6.0,2.0,2.0,2.0,3.0,10.0,5.0,0.0
2021,525.0,lecquja01,20.0,ind,pg,4.0,0.0,12.0,1.0,9.0,0.111,0.0,1.0,0.0,1.0,8.0,0.125,0.111,3.0,3.0,1.0,2.0,3.0,5.0,2.0,0.0,0.0,0.0,0.0,5.0,0.0
2021,526.0,mccawpa01,25.0,tor,sf,5.0,0.0,33.0,1.0,1.0,1.0,0.0,0.0,,1.0,1.0,1.0,1.0,3.0,3.0,1.0,1.0,2.0,3.0,4.0,2.0,0.0,0.0,6.0,5.0,0.0
2021,527.0,hasleud01,40.0,mia,c,1.0,0.0,3.0,2.0,2.0,1.0,0.0,0.0,,2.0,2.0,1.0,1.0,0.0,0.0,,0.0,1.0,1.0,0.0,0.0,0.0,0.0,0.0,4.0,0.0
2021,528.0,spaldra01,23.0,hou,c,2.0,0.0,19.0,2.0,4.0,0.5,0.0,1.0,0.0,2.0,3.0,0.667,0.5,0.0,2.0,0.0,2.0,2.0,4.0,0.0,0.0,2.0,3.0,3.0,4.0,0.0
2021,529.0,bowenbr02,22.0,ind,sf,6.0,0.0,15.0,1.0,4.0,0.25,0.0,1.0,0.0,1.0,3.0,0.333,0.25,1.0,1.0,1.0,0.0,3.0,3.0,0.0,0.0,0.0,0.0,1.0,3.0,0.0
2021,530.0,fittsma01,23.0,lac,pf,3.0,0.0,11.0,1.0,3.0,0.333,1.0,2.0,0.5,0.0,1.0,0.0,0.5,0.0,0.0,,0.0,3.0,3.0,0.0,0.0,0.0,0.0,3.0,3.0,0.0
2021,531.0,harpeja01,23.0,nyk,pg,8.0,0.0,16.0,0.0,4.0,0.0,0.0,1.0,0.0,0.0,3.0,0.0,0.0,3.0,4.0,0.75,0.0,2.0,2.0,1.0,0.0,0.0,3.0,1.0,3.0,0.0
2021,532.0,adamsja01,24.0,mil,pg,7.0,0.0,18.0,1.0,8.0,0.125,0.0,2.0,0.0,1.0,6.0,0.167,0.125,0.0,0.0,,0.0,3.0,3.0,2.0,0.0,0.0,0.0,1.0,2.0,0.0
2021,533.0,fergute01,22.0,phi,sg,13.0,0.0,49.0,1.0,7.0,0.143,0.0,5.0,0.0,1.0,2.0,0.5,0.143,0.0,0.0,,0.0,1.0,1.0,2.0,1.0,0.0,4.0,7.0,2.0,0.0
2021,534.0,pinsoth01,25.0,nyk,sg,17.0,0.0,34.0,1.0,9.0,0.111,0.0,8.0,0.0,1.0,1.0,1.0,0.111,0.0,0.0,,0.0,5.0,5.0,1.0,0.0,0.0,1.0,4.0,2.0,0.0
2021,535.0,shumpim01,30.0,brk,sg,2.0,0.0,11.0,1.0,4.0,0.25,0.0,3.0,0.0,1.0,1.0,1.0,0.25,0.0,0.0,,1.0,0.0,1.0,0.0,1.0,0.0,1.0,0.0,2.0,0.0
2021,536.0,haganas01,21.0,min,pg,2.0,0.0,4.0,0.0,0.0,,0.0,0.0,,0.0,0.0,,,0.0,0.0,,0.0,0.0,0.0,0.0,0.0,0.0,1.0,0.0,0.0,0.0
2021,537.0,magnawi01,22.0,nop,c,1.0,0.0,3.0,0.0,1.0,0.0,0.0,1.0,0.0,0.0,0.0,,0.0,0.0,0.0,,0.0,0.0,0.0,0.0,0.0,0.0,1.0,1.0,0.0,0.0
2021,538.0,pasecan01,25.0,was,c,1.0,0.0,6.0,0.0,1.0,0.0,0.0,1.0,0.0,0.0,0.0,,0.0,0.0,0.0,,1.0,0.0,1.0,1.0,0.0,0.0,5.0,2.0,0.0,0.0
2021,539.0,vonleno01,25.0,brk,c,4.0,0.0,11.0,0.0,3.0,0.0,0.0,2.0,0.0,0.0,1.0,0.0,0.0,0.0,0.0,,0.0,1.0,1.0,1.0,0.0,0.0,2.0,2.0,0.0,0.0
2021,540.0,whittgr01,27.0,den,pf,4.0,0.0,12.0,0.0,3.0,0.0,0.0,2.0,0.0,0.0,1.0,0.0,0.0,0.0,0.0,,0.0,0.0,0.0,0.0,0.0,0.0,0.0,0.0,0.0,0.0
2021,,tot,,tot,,,,,,,0.466,,,0.367,,,0.53,0.538,,,0.778,,,,,,,,,,
2022,1.0,youngtr01,23.0,atl,pg,76.0,76.0,2652.0,711.0,1544.0,0.46,233.0,610.0,0.382,478.0,934.0,0.512,0.536,500.0,553.0,0.904,50.0,234.0,284.0,737.0,72.0,7.0,303.0,128.0,2155.0,0.0
2022,2.0,derozde01,32.0,chi,pf,76.0,76.0,2743.0,774.0,1535.0,0.504,50.0,142.0,0.352,724.0,1393.0,0.52,0.521,520.0,593.0,0.877,56.0,336.0,392.0,374.0,68.0,24.0,181.0,178.0,2118.0,0.0
2022,3.0,embiijo01,27.0,phi,c,68.0,68.0,2297.0,666.0,1334.0,0.499,93.0,251.0,0.371,573.0,1083.0,0.529,0.534,654.0,803.0,0.814,146.0,650.0,796.0,284.0,77.0,99.0,214.0,181.0,2079.0,2.0
2022,4.0,tatumja01,23.0,bos,sf,76.0,76.0,2731.0,708.0,1564.0,0.453,230.0,651.0,0.353,478.0,913.0,0.524,0.526,400.0,469.0,0.853,85.0,524.0,609.0,334.0,75.0,49.0,217.0,174.0,2046.0,0.0
2022,5.0,jokicni01,26.0,den,c,74.0,74.0,2476.0,764.0,1311.0,0.583,97.0,288.0,0.337,667.0,1023.0,0.652,0.62,379.0,468.0,0.81,206.0,813.0,1019.0,584.0,109.0,63.0,281.0,191.0,2004.0,19.0
2022,6.0,antetgi01,27.0,mil,pf,67.0,67.0,2204.0,689.0,1245.0,0.553,71.0,242.0,0.293,618.0,1003.0,0.616,0.582,553.0,766.0,0.722,134.0,644.0,778.0,388.0,72.0,91.0,219.0,212.0,2002.0,4.0
2022,7.0,doncilu01,22.0,dal,pg,65.0,65.0,2301.0,641.0,1403.0,0.457,201.0,569.0,0.353,440.0,834.0,0.528,0.529,364.0,489.0,0.744,56.0,537.0,593.0,568.0,75.0,36.0,292.0,145.0,1847.0,10.0
2022,8.0,bookede01,25.0,pho,sg,68.0,68.0,2345.0,662.0,1421.0,0.466,183.0,478.0,0.383,479.0,943.0,0.508,0.53,315.0,363.0,0.868,45.0,297.0,342.0,329.0,77.0,26.0,162.0,180.0,1822.0,0.0
2022,9.0,townska01,26.0,min,c,74.0,74.0,2476.0,642.0,1214.0,0.529,150.0,366.0,0.41,492.0,848.0,0.58,0.591,384.0,467.0,0.822,194.0,533.0,727.0,269.0,72.0,83.0,226.0,267.0,1818.0,1.0
2022,10.0,mitchdo01,25.0,uta,sg,67.0,67.0,2266.0,617.0,1376.0,0.448,232.0,654.0,0.355,385.0,722.0,0.533,0.533,267.0,313.0,0.853,55.0,227.0,282.0,358.0,99.0,12.0,200.0,164.0,1733.0,0.0
2022,11.0,jamesle01,37.0,lal,c,56.0,56.0,2084.0,640.0,1221.0,0.524,161.0,448.0,0.359,479.0,773.0,0.62,0.59,254.0,336.0,0.756,63.0,396.0,459.0,349.0,73.0,59.0,196.0,121.0,1695.0,6.0
2022,12.0,duranke01,33.0,brk,pf,55.0,55.0,2047.0,578.0,1115.0,0.518,115.0,300.0,0.383,463.0,815.0,0.568,0.57,372.0,409.0,0.91,29.0,378.0,407.0,351.0,48.0,52.0,191.0,113.0,1643.0,4.0
2022,13.0,lavinza01,26.0,chi,sg,67.0,67.0,2328.0,565.0,1186.0,0.476,185.0,475.0,0.389,380.0,711.0,0.534,0.554,320.0,375.0,0.853,22.0,286.0,308.0,303.0,41.0,23.0,171.0,120.0,1635.0,0.0
2022,14.0,curryst01,33.0,gsw,pg,64.0,64.0,2211.0,535.0,1224.0,0.437,285.0,750.0,0.38,250.0,474.0,0.527,0.554,275.0,298.0,0.923,34.0,301.0,335.0,404.0,85.0,23.0,206.0,130.0,1630.0,2.0
2022,15.0,bridgmi02,23.0,cho,pf,80.0,80.0,2837.0,596.0,1214.0,0.491,154.0,465.0,0.331,442.0,749.0,0.59,0.554,267.0,333.0,0.802,90.0,469.0,559.0,300.0,74.0,67.0,150.0,193.0,1613.0,0.0
2022,16.0,moranja01,22.0,mem,pg,57.0,57.0,1889.0,580.0,1177.0,0.493,88.0,256.0,0.344,492.0,921.0,0.534,0.53,316.0,415.0,0.761,77.0,248.0,325.0,384.0,66.0,22.0,196.0,86.0,1564.0,1.0
2022,17.0,brownja02,25.0,bos,sf,66.0,66.0,2220.0,576.0,1217.0,0.473,166.0,464.0,0.358,410.0,753.0,0.544,0.541,241.0,318.0,0.758,53.0,351.0,404.0,231.0,70.0,18.0,178.0,163.0,1559.0,2.0
2022,18.0,siakapa01,27.0,tor,pf,68.0,68.0,2578.0,596.0,1207.0,0.494,75.0,218.0,0.344,521.0,989.0,0.527,0.525,284.0,379.0,0.749,128.0,452.0,580.0,360.0,85.0,42.0,181.0,225.0,1551.0,2.0
2022,19.0,edwaran01,20.0,min,sg,72.0,72.0,2466.0,549.0,1245.0,0.441,215.0,602.0,0.357,334.0,643.0,0.519,0.527,220.0,280.0,0.786,62.0,281.0,343.0,275.0,105.0,46.0,190.0,164.0,1533.0,0.0
2022,20.0,ballla01,20.0,cho,pg,75.0,75.0,2422.0,538.0,1254.0,0.429,220.0,565.0,0.389,318.0,689.0,0.462,0.517,212.0,243.0,0.872,108.0,393.0,501.0,571.0,119.0,30.0,245.0,237.0,1508.0,5.0
2022,21.0,garlada01,22.0,cle,pg,68.0,68.0,2430.0,542.0,1173.0,0.462,174.0,454.0,0.383,368.0,719.0,0.512,0.536,215.0,241.0,0.892,39.0,185.0,224.0,583.0,89.0,7.0,248.0,115.0,1473.0,1.0
2022,22.0,randlju01,27.0,nyk,pf,72.0,72.0,2544.0,512.0,1246.0,0.411,120.0,390.0,0.308,392.0,856.0,0.458,0.459,303.0,401.0,0.756,125.0,591.0,716.0,370.0,53.0,39.0,245.0,205.0,1447.0,1.0
2022,23.0,westbru01,33.0,lal,pg,78.0,78.0,2678.0,548.0,1233.0,0.444,79.0,265.0,0.298,469.0,968.0,0.485,0.476,266.0,399.0,0.667,110.0,470.0,580.0,550.0,75.0,20.0,295.0,235.0,1441.0,10.0
2022,24.0,murrade01,25.0,sas,pg,68.0,68.0,2366.0,573.0,1241.0,0.462,96.0,294.0,0.327,477.0,947.0,0.504,0.5,196.0,247.0,0.794,80.0,483.0,563.0,627.0,138.0,23.0,180.0,138.0,1438.0,13.0
2022,25.0,hardeja01,32.0,tot,pg,65.0,65.0,2419.0,407.0,992.0,0.41,148.0,448.0,0.33,259.0,544.0,0.476,0.485,470.0,536.0,0.877,55.0,445.0,500.0,667.0,82.0,36.0,284.0,153.0,1432.0,11.0
2022,26.0,roziete01,27.0,cho,sg,73.0,73.0,2458.0,518.0,1167.0,0.444,222.0,593.0,0.374,296.0,574.0,0.516,0.539,150.0,176.0,0.852,56.0,259.0,315.0,326.0,93.0,25.0,96.0,119.0,1408.0,1.0
2022,27.0,poolejo01,22.0,gsw,sg,76.0,51.0,2283.0,474.0,1058.0,0.448,211.0,580.0,0.364,263.0,478.0,0.55,0.548,246.0,266.0,0.925,34.0,226.0,260.0,304.0,60.0,23.0,187.0,206.0,1405.0,0.0
2022,28.0,barrerj01,21.0,nyk,sf,70.0,70.0,2417.0,487.0,1194.0,0.408,138.0,404.0,0.342,349.0,790.0,0.442,0.466,290.0,406.0,0.714,66.0,342.0,408.0,208.0,43.0,16.0,151.0,142.0,1402.0,0.0
2022,29.0,banede01,23.0,mem,sg,76.0,76.0,2266.0,508.0,1101.0,0.461,228.0,523.0,0.436,280.0,578.0,0.484,0.565,140.0,155.0,0.903,46.0,288.0,334.0,208.0,92.0,29.0,111.0,196.0,1384.0,0.0
2022,30.0,gilgesh01,23.0,okc,pg,56.0,56.0,1942.0,477.0,1052.0,0.453,89.0,297.0,0.3,388.0,755.0,0.514,0.496,328.0,405.0,0.81,37.0,241.0,278.0,331.0,71.0,46.0,154.0,142.0,1371.0,1.0
2022,31.0,mccolcj01,30.0,tot,pg,62.0,62.0,2145.0,536.0,1164.0,0.46,182.0,469.0,0.388,354.0,695.0,0.509,0.539,116.0,170.0,0.682,53.0,216.0,269.0,315.0,70.0,22.0,127.0,121.0,1370.0,0.0
2022,32.0,foxde01,24.0,sac,pg,59.0,59.0,2083.0,516.0,1092.0,0.473,74.0,249.0,0.297,442.0,843.0,0.524,0.506,261.0,348.0,0.75,25.0,206.0,231.0,330.0,68.0,25.0,168.0,172.0,1367.0,0.0
2022,33.0,herroty01,22.0,mia,sg,66.0,10.0,2151.0,501.0,1122.0,0.447,175.0,439.0,0.399,326.0,683.0,0.477,0.525,190.0,219.0,0.868,32.0,297.0,329.0,263.0,44.0,8.0,174.0,95.0,1367.0,0.0
2022,34.0,middlkh01,30.0,mil,sf,66.0,66.0,2141.0,452.0,1021.0,0.443,162.0,434.0,0.373,290.0,587.0,0.494,0.522,259.0,291.0,0.89,41.0,315.0,356.0,358.0,76.0,18.0,190.0,160.0,1325.0,0.0
2022,35.0,beysa01,22.0,det,sf,82.0,82.0,2704.0,450.0,1136.0,0.396,211.0,610.0,0.346,239.0,526.0,0.454,0.489,210.0,254.0,0.827,107.0,334.0,441.0,233.0,73.0,16.0,96.0,128.0,1321.0,0.0
2022,36.0,vanvlfr01,27.0,tor,pg,65.0,65.0,2462.0,442.0,1097.0,0.403,242.0,642.0,0.377,200.0,455.0,0.44,0.513,194.0,222.0,0.874,44.0,245.0,289.0,434.0,111.0,35.0,170.0,162.0,1320.0,1.0
2022,37.0,valanjo01,29.0,nop,c,74.0,74.0,2240.0,510.0,938.0,0.544,57.0,158.0,0.361,453.0,780.0,0.581,0.574,237.0,289.0,0.82,226.0,617.0,843.0,190.0,41.0,60.0,179.0,247.0,1314.0,0.0
2022,38.0,maxeyty01,21.0,phi,pg,75.0,74.0,2650.0,483.0,995.0,0.485,132.0,309.0,0.427,351.0,686.0,0.512,0.552,213.0,246.0,0.866,26.0,214.0,240.0,321.0,55.0,32.0,88.0,156.0,1311.0,0.0
2022,39.0,vucevni01,31.0,chi,c,73.0,73.0,2418.0,546.0,1154.0,0.473,104.0,331.0,0.314,442.0,823.0,0.537,0.518,92.0,121.0,0.76,142.0,662.0,804.0,236.0,70.0,71.0,136.0,181.0,1288.0,0.0
2022,40.0,brunsja01,25.0,dal,sg,79.0,61.0,2524.0,506.0,1008.0,0.502,94.0,252.0,0.373,412.0,756.0,0.545,0.549,179.0,213.0,0.84,43.0,266.0,309.0,377.0,66.0,3.0,124.0,151.0,1285.0,0.0
2022,41.0,trentga02,23.0,tor,sg,70.0,69.0,2448.0,450.0,1086.0,0.414,209.0,545.0,0.383,241.0,541.0,0.445,0.511,174.0,204.0,0.853,26.0,165.0,191.0,141.0,122.0,19.0,73.0,144.0,1283.0,0.0
2022,42.0,johnske04,22.0,sas,sf,75.0,74.0,2392.0,471.0,1011.0,0.466,159.0,399.0,0.398,312.0,612.0,0.51,0.545,177.0,234.0,0.756,80.0,377.0,457.0,158.0,58.0,14.0,92.0,148.0,1278.0,0.0
2022,43.0,jacksja02,22.0,mem,pf,78.0,78.0,2126.0,430.0,1036.0,0.415,128.0,401.0,0.319,302.0,635.0,0.476,0.477,284.0,345.0,0.823,119.0,335.0,454.0,86.0,73.0,177.0,130.0,272.0,1272.0,0.0
2022,44.0,clarkjo01,29.0,uta,sg,79.0,1.0,2141.0,466.0,1113.0,0.419,190.0,597.0,0.318,276.0,516.0,0.535,0.504,144.0,174.0,0.828,67.0,206.0,273.0,194.0,66.0,16.0,129.0,149.0,1266.0,0.0
2022,45.0,barneha02,29.0,sac,pf,77.0,77.0,2587.0,391.0,834.0,0.469,142.0,360.0,0.394,249.0,474.0,0.525,0.554,341.0,413.0,0.826,82.0,350.0,432.0,186.0,53.0,14.0,118.0,94.0,1265.0,0.0
2022,46.0,hieldbu01,29.0,tot,sg,81.0,32.0,2499.0,446.0,1098.0,0.406,262.0,716.0,0.366,184.0,382.0,0.482,0.526,111.0,127.0,0.874,66.0,287.0,353.0,229.0,73.0,25.0,153.0,184.0,1265.0,0.0
2022,47.0,jacksre01,31.0,lac,sg,75.0,75.0,2337.0,479.0,1222.0,0.392,167.0,512.0,0.326,312.0,710.0,0.439,0.46,138.0,163.0,0.847,39.0,232.0,271.0,359.0,55.0,15.0,173.0,159.0,1263.0,0.0
2022,48.0,harrito02,29.0,phi,pf,73.0,73.0,2543.0,493.0,1022.0,0.482,101.0,275.0,0.367,392.0,747.0,0.525,0.532,170.0,202.0,0.842,77.0,419.0,496.0,252.0,47.0,43.0,116.0,164.0,1257.0,1.0
2022,49.0,wiggian01,26.0,gsw,sf,73.0,73.0,2329.0,475.0,1019.0,0.466,157.0,399.0,0.393,318.0,620.0,0.513,0.543,149.0,235.0,0.634,85.0,240.0,325.0,161.0,76.0,51.0,111.0,158.0,1256.0,0.0
2022,50.0,bogdabo02,32.0,uta,pf,69.0,69.0,2131.0,422.0,928.0,0.455,181.0,468.0,0.387,241.0,460.0,0.524,0.552,223.0,260.0,0.858,58.0,238.0,296.0,120.0,34.0,1.0,118.0,116.0,1248.0,0.0
2022,51.0,ingrabr01,24.0,nop,sf,55.0,55.0,1869.0,453.0,983.0,0.461,74.0,226.0,0.327,379.0,757.0,0.501,0.498,266.0,322.0,0.826,35.0,285.0,320.0,307.0,34.0,26.0,151.0,119.0,1246.0,0.0
2022,52.0,holidjr01,31.0,mil,pg,67.0,64.0,2207.0,478.0,954.0,0.501,132.0,321.0,0.411,346.0,633.0,0.547,0.57,137.0,180.0,0.761,69.0,232.0,301.0,457.0,108.0,29.0,183.0,133.0,1225.0,0.0
2022,53.0,butleji01,32.0,mia,sf,57.0,57.0,1931.0,398.0,829.0,0.48,27.0,116.0,0.233,371.0,713.0,0.52,0.496,396.0,455.0,0.87,102.0,234.0,336.0,312.0,94.0,27.0,121.0,88.0,1219.0,4.0
2022,54.0,woodch01,26.0,hou,c,68.0,67.0,2094.0,440.0,878.0,0.501,131.0,336.0,0.39,309.0,542.0,0.57,0.576,207.0,332.0,0.623,110.0,576.0,686.0,155.0,54.0,65.0,126.0,171.0,1218.0,0.0
2022,55.0,wagnefr01,20.0,orl,sf,79.0,79.0,2429.0,456.0,975.0,0.468,96.0,271.0,0.354,360.0,704.0,0.511,0.517,189.0,219.0,0.863,84.0,272.0,356.0,231.0,68.0,34.0,119.0,164.0,1197.0,0.0
2022,56.0,halibty01,21.0,tot,pg,77.0,77.0,2695.0,430.0,909.0,0.473,161.0,389.0,0.414,269.0,520.0,0.517,0.562,160.0,190.0,0.842,61.0,250.0,311.0,628.0,134.0,49.0,199.0,121.0,1181.0,0.0
2022,57.0,russeda01,25.0,min,pg,65.0,65.0,2077.0,401.0,975.0,0.411,176.0,518.0,0.34,225.0,457.0,0.492,0.502,198.0,240.0,0.825,25.0,191.0,216.0,460.0,62.0,22.0,165.0,130.0,1176.0,0.0
2022,58.0,sabondo01,25.0,tot,pf,62.0,61.0,2136.0,443.0,773.0,0.573,39.0,125.0,0.312,404.0,648.0,0.623,0.598,246.0,332.0,0.741,201.0,551.0,752.0,323.0,59.0,27.0,195.0,203.0,1171.0,5.0
2022,59.0,bridgmi01,25.0,pho,sf,82.0,82.0,2854.0,458.0,858.0,0.534,115.0,312.0,0.369,343.0,546.0,0.628,0.601,131.0,157.0,0.834,74.0,273.0,347.0,185.0,96.0,36.0,68.0,150.0,1162.0,0.0
2022,60.0,greenja05,19.0,hou,sg,67.0,67.0,2138.0,406.0,954.0,0.426,157.0,458.0,0.343,249.0,496.0,0.502,0.508,188.0,236.0,0.797,33.0,193.0,226.0,176.0,44.0,18.0,135.0,103.0,1157.0,0.0
2022,61.0,oubreke01,26.0,cho,sf,76.0,13.0,1999.0,410.0,932.0,0.44,191.0,553.0,0.345,219.0,379.0,0.578,0.542,126.0,189.0,0.667,79.0,223.0,302.0,84.0,77.0,31.0,67.0,189.0,1137.0,0.0
2022,62.0,barnesc01,20.0,tor,pf,74.0,74.0,2617.0,459.0,932.0,0.492,58.0,193.0,0.301,401.0,739.0,0.543,0.524,158.0,215.0,0.735,195.0,362.0,557.0,256.0,80.0,55.0,136.0,192.0,1134.0,0.0
2022,63.0,kuzmaky01,26.0,was,pf,66.0,66.0,2204.0,423.0,936.0,0.452,128.0,375.0,0.341,295.0,561.0,0.526,0.52,156.0,219.0,0.712,70.0,491.0,561.0,233.0,42.0,57.0,169.0,128.0,1130.0,1.0
2022,64.0,gordoaa01,26.0,den,pf,75.0,75.0,2376.0,434.0,834.0,0.52,87.0,260.0,0.335,347.0,574.0,0.605,0.573,171.0,230.0,0.743,125.0,314.0,439.0,188.0,44.0,44.0,133.0,148.0,1126.0,0.0
2022,65.0,fournev01,29.0,nyk,sg,80.0,80.0,2358.0,402.0,965.0,0.417,241.0,619.0,0.389,161.0,346.0,0.465,0.541,80.0,113.0,0.708,34.0,176.0,210.0,171.0,79.0,20.0,105.0,180.0,1125.0,0.0
2022,66.0,cunnica01,20.0,det,sg,64.0,64.0,2088.0,429.0,1031.0,0.416,114.0,363.0,0.314,315.0,668.0,0.472,0.471,142.0,168.0,0.845,58.0,296.0,354.0,356.0,78.0,43.0,234.0,200.0,1114.0,2.0
2022,67.0,adebaba01,24.0,mia,c,56.0,56.0,1825.0,406.0,729.0,0.557,0.0,6.0,0.0,406.0,723.0,0.562,0.557,256.0,340.0,0.753,137.0,427.0,564.0,190.0,80.0,44.0,148.0,171.0,1068.0,0.0
2022,68.0,anthoco01,21.0,orl,pg,65.0,65.0,2059.0,357.0,912.0,0.391,132.0,391.0,0.338,225.0,521.0,0.432,0.464,216.0,253.0,0.854,32.0,316.0,348.0,369.0,46.0,17.0,170.0,171.0,1062.0,0.0
2022,69.0,portibo01,26.0,mil,c,72.0,59.0,2028.0,417.0,871.0,0.479,133.0,338.0,0.393,284.0,533.0,0.533,0.555,85.0,113.0,0.752,180.0,477.0,657.0,86.0,53.0,51.0,90.0,174.0,1052.0,0.0
2022,70.0,monkma01,23.0,lal,sg,76.0,37.0,2139.0,391.0,826.0,0.473,173.0,442.0,0.391,218.0,384.0,0.568,0.578,93.0,117.0,0.795,37.0,219.0,256.0,218.0,61.0,29.0,122.0,138.0,1048.0,0.0
2022,71.0,bartowi01,31.0,den,sg,71.0,71.0,2277.0,392.0,896.0,0.438,157.0,430.0,0.365,235.0,466.0,0.504,0.525,102.0,127.0,0.803,44.0,296.0,340.0,276.0,55.0,31.0,127.0,114.0,1043.0,0.0
2022,72.0,mobleev01,20.0,cle,pf,69.0,69.0,2331.0,422.0,830.0,0.508,23.0,92.0,0.25,399.0,738.0,0.541,0.522,167.0,252.0,0.663,143.0,427.0,570.0,174.0,56.0,115.0,133.0,147.0,1034.0,0.0
2022,73.0,porzikr01,26.0,tot,pf,51.0,51.0,1481.0,352.0,767.0,0.459,78.0,252.0,0.31,274.0,515.0,0.532,0.51,248.0,286.0,0.867,102.0,309.0,411.0,119.0,37.0,84.0,81.0,137.0,1030.0,0.0
2022,74.0,goberru01,29.0,uta,c,66.0,66.0,2120.0,362.0,508.0,0.713,0.0,4.0,0.0,362.0,504.0,0.718,0.713,303.0,439.0,0.69,241.0,727.0,968.0,72.0,45.0,137.0,119.0,176.0,1027.0,0.0
2022,75.0,caldwke01,28.0,was,sg,77.0,77.0,2329.0,361.0,829.0,0.435,159.0,408.0,0.39,202.0,421.0,0.48,0.531,137.0,154.0,0.89,41.0,220.0,261.0,145.0,83.0,26.0,97.0,139.0,1018.0,0.0
2022,76.0,loveke01,33.0,cle,c,74.0,4.0,1665.0,327.0,761.0,0.43,187.0,477.0,0.392,140.0,284.0,0.493,0.553,166.0,198.0,0.838,87.0,449.0,536.0,160.0,26.0,18.0,98.0,101.0,1007.0,0.0
2022,77.0,aytonde01,23.0,pho,c,58.0,58.0,1713.0,442.0,697.0,0.634,7.0,19.0,0.368,435.0,678.0,0.642,0.639,106.0,142.0,0.746,149.0,444.0,593.0,84.0,40.0,40.0,91.0,142.0,997.0,0.0
2022,78.0,whitede01,27.0,tot,sg,75.0,52.0,2199.0,337.0,800.0,0.421,115.0,369.0,0.312,222.0,431.0,0.515,0.493,203.0,235.0,0.864,38.0,223.0,261.0,366.0,64.0,58.0,119.0,172.0,992.0,0.0
2022,79.0,simonan01,22.0,por,sg,57.0,30.0,1681.0,353.0,797.0,0.443,179.0,442.0,0.405,174.0,355.0,0.49,0.555,103.0,116.0,0.888,26.0,125.0,151.0,221.0,30.0,6.0,115.0,110.0,988.0,0.0
2022,80.0,conlemi01,34.0,uta,pg,72.0,72.0,2058.0,344.0,791.0,0.435,169.0,414.0,0.408,175.0,377.0,0.464,0.542,129.0,162.0,0.796,47.0,170.0,217.0,385.0,96.0,21.0,123.0,142.0,986.0,0.0
2022,81.0,leverca01,27.0,tot,sg,58.0,49.0,1781.0,379.0,854.0,0.444,82.0,256.0,0.32,297.0,598.0,0.497,0.492,146.0,193.0,0.756,43.0,171.0,214.0,248.0,51.0,23.0,108.0,131.0,986.0,0.0
2022,82.0,curryse01,31.0,tot,sg,64.0,64.0,2135.0,360.0,739.0,0.487,158.0,374.0,0.422,202.0,365.0,0.553,0.594,82.0,94.0,0.872,21.0,179.0,200.0,230.0,53.0,14.0,109.0,148.0,960.0,0.0
2022,83.0,paulch01,36.0,pho,pg,65.0,65.0,2139.0,363.0,736.0,0.493,63.0,199.0,0.317,300.0,537.0,0.559,0.536,169.0,202.0,0.837,22.0,261.0,283.0,702.0,121.0,20.0,153.0,134.0,958.0,2.0
2022,84.0,beaslma01,25.0,min,sg,79.0,18.0,1976.0,332.0,850.0,0.391,240.0,637.0,0.377,92.0,213.0,0.432,0.532,49.0,60.0,0.817,26.0,201.0,227.0,116.0,43.0,12.0,43.0,88.0,953.0,0.0
2022,85.0,bogdabo01,29.0,atl,sg,63.0,27.0,1848.0,342.0,794.0,0.431,169.0,459.0,0.368,173.0,335.0,0.516,0.537,97.0,115.0,0.843,29.0,221.0,250.0,194.0,68.0,14.0,70.0,132.0,950.0,0.0
2022,86.0,porteke02,21.0,hou,pg,61.0,61.0,1907.0,335.0,808.0,0.415,155.0,413.0,0.375,180.0,395.0,0.456,0.511,124.0,193.0,0.642,43.0,224.0,267.0,376.0,69.0,22.0,192.0,156.0,949.0,1.0
2022,87.0,morrimo01,26.0,den,pg,75.0,74.0,2239.0,374.0,773.0,0.484,124.0,314.0,0.395,250.0,459.0,0.545,0.564,73.0,84.0,0.869,27.0,199.0,226.0,333.0,56.0,14.0,78.0,92.0,945.0,0.0
2022,88.0,burksal01,30.0,nyk,sg,81.0,44.0,2318.0,285.0,728.0,0.391,157.0,389.0,0.404,128.0,339.0,0.378,0.499,217.0,264.0,0.822,47.0,350.0,397.0,239.0,85.0,26.0,91.0,215.0,944.0,0.0
2022,89.0,harremo01,28.0,tot,c,71.0,3.0,1641.0,358.0,555.0,0.645,4.0,17.0,0.235,354.0,538.0,0.658,0.649,212.0,296.0,0.716,149.0,282.0,431.0,145.0,29.0,43.0,72.0,137.0,932.0,0.0
2022,90.0,cartewe01,22.0,orl,pf,62.0,61.0,1852.0,359.0,684.0,0.525,70.0,214.0,0.327,289.0,470.0,0.615,0.576,143.0,207.0,0.691,139.0,509.0,648.0,171.0,36.0,43.0,117.0,169.0,931.0,0.0
2022,91.0,bealbr01,28.0,was,sg,40.0,40.0,1439.0,348.0,771.0,0.451,63.0,210.0,0.3,285.0,561.0,0.508,0.492,169.0,203.0,0.833,38.0,151.0,189.0,265.0,36.0,15.0,135.0,95.0,928.0,0.0
2022,92.0,davisan02,28.0,lal,c,40.0,40.0,1404.0,370.0,695.0,0.532,13.0,70.0,0.186,357.0,625.0,0.571,0.542,174.0,244.0,0.713,106.0,288.0,394.0,122.0,49.0,90.0,82.0,97.0,927.0,0.0
2022,93.0,millspa02,33.0,brk,sg,81.0,48.0,2346.0,324.0,794.0,0.408,227.0,568.0,0.4,97.0,226.0,0.429,0.551,48.0,59.0,0.814,18.0,138.0,156.0,183.0,51.0,17.0,73.0,112.0,923.0,0.0
2022,94.0,anthoca01,37.0,lal,pf,69.0,3.0,1793.0,319.0,723.0,0.441,149.0,397.0,0.375,170.0,326.0,0.521,0.544,132.0,159.0,0.83,62.0,226.0,288.0,68.0,47.0,52.0,59.0,166.0,919.0,0.0
2022,95.0,tateja01,26.0,hou,pf,78.0,77.0,2056.0,363.0,729.0,0.498,63.0,202.0,0.312,300.0,527.0,0.569,0.541,130.0,184.0,0.707,135.0,285.0,420.0,222.0,72.0,41.0,139.0,286.0,919.0,0.0
2022,96.0,dinwisp01,28.0,tot,pg,67.0,51.0,1980.0,306.0,735.0,0.416,112.0,330.0,0.339,194.0,405.0,0.479,0.493,195.0,252.0,0.774,45.0,234.0,279.0,346.0,44.0,13.0,104.0,150.0,919.0,1.0
2022,97.0,poeltja01,26.0,sas,c,68.0,67.0,1970.0,410.0,663.0,0.618,1.0,1.0,1.0,409.0,662.0,0.618,0.619,94.0,190.0,0.495,262.0,372.0,634.0,189.0,45.0,118.0,109.0,212.0,915.0,0.0
2022,98.0,allenja01,23.0,cle,c,56.0,56.0,1809.0,369.0,545.0,0.677,1.0,10.0,0.1,368.0,535.0,0.688,0.678,165.0,233.0,0.708,192.0,410.0,602.0,92.0,44.0,75.0,94.0,97.0,904.0,0.0
2022,99.0,grantje01,27.0,det,pf,47.0,47.0,1500.0,298.0,699.0,0.426,91.0,254.0,0.358,207.0,445.0,0.465,0.491,217.0,259.0,0.838,28.0,163.0,191.0,111.0,44.0,49.0,85.0,107.0,904.0,0.0
2022,100.0,grahade01,26.0,nop,pg,76.0,63.0,2162.0,296.0,815.0,0.363,192.0,563.0,0.341,104.0,252.0,0.413,0.481,118.0,140.0,0.843,37.0,140.0,177.0,316.0,71.0,12.0,105.0,95.0,902.0,0.0
2022,101.0,markkla01,24.0,cle,sf,61.0,61.0,1878.0,313.0,703.0,0.445,136.0,380.0,0.358,177.0,323.0,0.548,0.542,138.0,159.0,0.868,59.0,286.0,345.0,81.0,45.0,30.0,54.0,130.0,900.0,0.0
2022,102.0,huertke01,23.0,atl,sf,74.0,60.0,2188.0,345.0,760.0,0.454,160.0,411.0,0.389,185.0,349.0,0.53,0.559,42.0,52.0,0.808,32.0,222.0,254.0,203.0,55.0,26.0,91.0,185.0,892.0,0.0
2022,103.0,quickim01,22.0,nyk,pg,78.0,3.0,1802.0,284.0,724.0,0.392,137.0,396.0,0.346,147.0,328.0,0.448,0.487,177.0,201.0,0.881,31.0,216.0,247.0,275.0,54.0,3.0,99.0,167.0,882.0,2.0
2022,104.0,finnedo01,28.0,dal,pf,80.0,80.0,2644.0,326.0,692.0,0.471,172.0,435.0,0.395,154.0,257.0,0.599,0.595,56.0,83.0,0.675,122.0,253.0,375.0,150.0,88.0,39.0,80.0,183.0,880.0,0.0
2022,105.0,dortlu01,22.0,okc,sg,51.0,51.0,1665.0,293.0,726.0,0.404,130.0,391.0,0.332,163.0,335.0,0.487,0.493,161.0,191.0,0.843,38.0,174.0,212.0,88.0,46.0,18.0,88.0,149.0,877.0,0.0
2022,106.0,collijo01,24.0,atl,pf,54.0,53.0,1663.0,339.0,644.0,0.526,64.0,176.0,0.364,275.0,468.0,0.588,0.576,134.0,169.0,0.793,93.0,329.0,422.0,98.0,33.0,56.0,60.0,164.0,876.0,0.0
2022,107.0,mannte01,25.0,lac,sf,81.0,33.0,2317.0,334.0,690.0,0.484,76.0,208.0,0.365,258.0,482.0,0.535,0.539,128.0,164.0,0.78,104.0,321.0,425.0,209.0,55.0,21.0,84.0,178.0,872.0,0.0
2022,108.0,vassede01,21.0,sas,sf,71.0,32.0,1937.0,326.0,764.0,0.427,137.0,380.0,0.361,189.0,384.0,0.492,0.516,83.0,99.0,0.838,44.0,262.0,306.0,136.0,76.0,41.0,58.0,143.0,872.0,0.0
2022,109.0,schrode01,28.0,tot,pg,64.0,29.0,1837.0,312.0,724.0,0.431,86.0,250.0,0.344,226.0,474.0,0.477,0.49,157.0,184.0,0.853,34.0,180.0,214.0,296.0,53.0,8.0,143.0,154.0,867.0,0.0
2022,110.0,robindu01,27.0,mia,sg,79.0,68.0,2043.0,290.0,726.0,0.399,232.0,624.0,0.372,58.0,102.0,0.569,0.559,51.0,61.0,0.836,24.0,179.0,203.0,129.0,42.0,14.0,60.0,201.0,863.0,0.0
2022,111.0,mitchda01,23.0,sac,pg,75.0,19.0,2076.0,352.0,843.0,0.418,101.0,320.0,0.316,251.0,523.0,0.48,0.477,56.0,85.0,0.659,33.0,133.0,166.0,313.0,55.0,24.0,114.0,141.0,861.0,0.0
2022,112.0,smartma01,27.0,bos,pg,71.0,71.0,2296.0,300.0,718.0,0.418,119.0,360.0,0.331,181.0,358.0,0.506,0.501,142.0,179.0,0.793,42.0,228.0,270.0,417.0,119.0,18.0,159.0,160.0,861.0,0.0
2022,113.0,powelno01,28.0,tot,sf,45.0,41.0,1458.0,279.0,605.0,0.461,106.0,253.0,0.419,173.0,352.0,0.491,0.549,189.0,233.0,0.811,20.0,125.0,145.0,96.0,42.0,21.0,69.0,106.0,853.0,0.0
2022,114.0,walkelo01,23.0,sas,sg,70.0,6.0,1612.0,311.0,764.0,0.407,111.0,353.0,0.314,200.0,411.0,0.487,0.48,116.0,148.0,0.784,18.0,163.0,181.0,152.0,44.0,19.0,71.0,98.0,849.0,0.0
2022,115.0,lowryky01,35.0,mia,pg,63.0,63.0,2133.0,276.0,627.0,0.44,144.0,382.0,0.377,132.0,245.0,0.539,0.555,148.0,174.0,0.851,33.0,249.0,282.0,474.0,67.0,17.0,168.0,177.0,844.0,2.0
2022,116.0,nurkiju01,27.0,por,c,56.0,56.0,1579.0,321.0,600.0,0.535,15.0,56.0,0.268,306.0,544.0,0.563,0.548,185.0,268.0,0.69,167.0,452.0,619.0,157.0,62.0,34.0,143.0,189.0,842.0,0.0
2022,117.0,kennalu01,25.0,lac,sg,70.0,13.0,1919.0,287.0,639.0,0.449,190.0,423.0,0.449,97.0,216.0,0.449,0.598,69.0,77.0,0.896,20.0,209.0,229.0,146.0,42.0,6.0,60.0,101.0,833.0,0.0
2022,118.0,morrima03,32.0,lac,pf,54.0,54.0,1564.0,300.0,691.0,0.434,101.0,275.0,0.367,199.0,416.0,0.478,0.507,129.0,148.0,0.872,26.0,213.0,239.0,113.0,28.0,18.0,69.0,115.0,830.0,0.0
2022,119.0,anunoog01,24.0,tor,sf,48.0,48.0,1728.0,309.0,697.0,0.443,115.0,317.0,0.363,194.0,380.0,0.511,0.526,89.0,118.0,0.754,74.0,190.0,264.0,125.0,71.0,25.0,80.0,131.0,822.0,0.0
2022,120.0,johnsca02,25.0,pho,pf,66.0,16.0,1730.0,279.0,607.0,0.46,166.0,391.0,0.425,113.0,216.0,0.523,0.596,98.0,114.0,0.86,42.0,231.0,273.0,99.0,57.0,16.0,47.0,113.0,822.0,0.0
2022,121.0,capelca01,27.0,atl,c,74.0,73.0,2042.0,370.0,604.0,0.613,0.0,1.0,0.0,370.0,603.0,0.614,0.613,80.0,169.0,0.473,279.0,598.0,877.0,92.0,55.0,93.0,44.0,166.0,820.0,0.0
2022,122.0,hartjo01,26.0,tot,sg,54.0,53.0,1791.0,287.0,569.0,0.504,73.0,213.0,0.343,214.0,356.0,0.601,0.569,160.0,211.0,0.758,62.0,326.0,388.0,224.0,61.0,13.0,114.0,150.0,807.0,0.0
2022,123.0,irvinky01,29.0,brk,pg,29.0,29.0,1091.0,289.0,616.0,0.469,100.0,239.0,0.418,189.0,377.0,0.501,0.55,118.0,129.0,0.915,16.0,111.0,127.0,167.0,41.0,17.0,73.0,81.0,796.0,0.0
2022,124.0,meltode01,23.0,mem,sg,73.0,15.0,1657.0,281.0,695.0,0.404,139.0,372.0,0.374,142.0,323.0,0.44,0.504,90.0,120.0,0.75,64.0,264.0,328.0,194.0,104.0,39.0,112.0,128.0,791.0,0.0
2022,125.0,lylestr01,26.0,tot,pf,75.0,23.0,1537.0,262.0,562.0,0.466,67.0,209.0,0.321,195.0,353.0,0.552,0.526,195.0,243.0,0.802,89.0,290.0,379.0,88.0,29.0,32.0,73.0,123.0,786.0,0.0
2022,126.0,zubaciv01,24.0,lac,c,76.0,76.0,1852.0,310.0,495.0,0.626,0.0,0.0,,310.0,495.0,0.626,0.626,165.0,227.0,0.727,217.0,427.0,644.0,120.0,36.0,77.0,114.0,203.0,785.0,0.0
2022,127.0,haywago01,31.0,cho,sf,49.0,48.0,1564.0,283.0,617.0,0.459,86.0,220.0,0.391,197.0,397.0,0.496,0.528,126.0,149.0,0.846,38.0,186.0,224.0,177.0,47.0,22.0,81.0,85.0,778.0,0.0
2022,128.0,greenje02,35.0,den,pf,75.0,63.0,1849.0,277.0,529.0,0.524,53.0,168.0,0.315,224.0,361.0,0.62,0.574,165.0,198.0,0.833,41.0,190.0,231.0,96.0,28.0,27.0,71.0,151.0,772.0,0.0
2022,129.0,whiteco01,21.0,chi,pg,61.0,17.0,1675.0,279.0,644.0,0.433,136.0,353.0,0.385,143.0,291.0,0.491,0.539,78.0,91.0,0.857,17.0,165.0,182.0,176.0,29.0,11.0,70.0,137.0,772.0,0.0
2022,130.0,gallida01,33.0,atl,pf,66.0,18.0,1672.0,259.0,597.0,0.434,112.0,294.0,0.381,147.0,303.0,0.485,0.528,141.0,156.0,0.904,35.0,273.0,308.0,101.0,28.0,12.0,38.0,93.0,771.0,0.0
2022,131.0,gordoer01,33.0,hou,sg,57.0,46.0,1669.0,268.0,564.0,0.475,124.0,301.0,0.412,144.0,263.0,0.548,0.585,105.0,135.0,0.778,15.0,98.0,113.0,154.0,28.0,18.0,107.0,63.0,765.0,0.0
2022,132.0,bambamo01,23.0,orl,c,71.0,69.0,1824.0,296.0,617.0,0.48,107.0,281.0,0.381,189.0,336.0,0.563,0.566,57.0,73.0,0.781,148.0,424.0,572.0,85.0,38.0,118.0,77.0,182.0,756.0,0.0
2022,133.0,bouchch01,29.0,tor,sf,80.0,9.0,1690.0,268.0,577.0,0.464,68.0,229.0,0.297,200.0,348.0,0.575,0.523,150.0,193.0,0.777,179.0,315.0,494.0,25.0,49.0,75.0,42.0,174.0,754.0,0.0
2022,134.0,georgpa01,31.0,lac,pf,31.0,31.0,1077.0,268.0,636.0,0.421,91.0,257.0,0.354,177.0,379.0,0.467,0.493,127.0,148.0,0.858,12.0,201.0,213.0,176.0,67.0,13.0,126.0,74.0,754.0,0.0
2022,135.0,holidju01,32.0,tot,sf,74.0,65.0,2057.0,261.0,662.0,0.394,177.0,482.0,0.367,84.0,180.0,0.467,0.528,50.0,62.0,0.806,29.0,161.0,190.0,128.0,57.0,33.0,70.0,154.0,749.0,0.0
2022,136.0,bazleda01,21.0,okc,pf,69.0,53.0,1924.0,274.0,649.0,0.422,80.0,269.0,0.297,194.0,380.0,0.511,0.484,117.0,170.0,0.688,71.0,365.0,436.0,97.0,58.0,70.0,90.0,68.0,745.0,0.0
2022,137.0,joneshe01,23.0,nop,pf,78.0,69.0,2335.0,274.0,576.0,0.476,57.0,169.0,0.337,217.0,407.0,0.533,0.525,137.0,163.0,0.84,98.0,198.0,296.0,167.0,130.0,60.0,100.0,238.0,742.0,0.0
2022,138.0,allengr01,26.0,mil,sg,66.0,61.0,1805.0,255.0,569.0,0.448,159.0,389.0,0.409,96.0,180.0,0.533,0.588,64.0,74.0,0.865,32.0,190.0,222.0,100.0,46.0,18.0,43.0,96.0,733.0,0.0
2022,139.0,strusma01,25.0,mia,sf,68.0,16.0,1587.0,249.0,564.0,0.441,181.0,442.0,0.41,68.0,122.0,0.557,0.602,42.0,53.0,0.792,24.0,178.0,202.0,92.0,28.0,16.0,57.0,116.0,721.0,0.0
2022,140.0,duartch01,24.0,ind,sg,55.0,39.0,1541.0,268.0,621.0,0.432,94.0,255.0,0.369,174.0,366.0,0.475,0.507,90.0,112.0,0.804,41.0,185.0,226.0,114.0,56.0,10.0,90.0,95.0,720.0,0.0
2022,141.0,poweldw01,30.0,dal,c,82.0,71.0,1798.0,269.0,401.0,0.671,13.0,37.0,0.351,256.0,364.0,0.703,0.687,166.0,212.0,0.783,173.0,231.0,404.0,97.0,37.0,39.0,64.0,220.0,717.0,0.0
2022,142.0,huntede01,24.0,atl,sf,53.0,52.0,1577.0,254.0,575.0,0.442,74.0,195.0,0.379,180.0,380.0,0.474,0.506,127.0,166.0,0.765,26.0,150.0,176.0,68.0,36.0,21.0,69.0,155.0,709.0,0.0
2022,143.0,osmande01,26.0,cle,sf,66.0,3.0,1462.0,247.0,572.0,0.432,128.0,359.0,0.357,119.0,213.0,0.559,0.544,87.0,131.0,0.664,25.0,121.0,146.0,135.0,52.0,10.0,67.0,127.0,709.0,0.0
2022,144.0,horfoal01,35.0,bos,c,69.0,69.0,2005.0,266.0,569.0,0.467,89.0,265.0,0.336,177.0,304.0,0.582,0.546,80.0,95.0,0.842,108.0,422.0,530.0,232.0,49.0,92.0,65.0,130.0,701.0,0.0
2022,145.0,niangge01,28.0,phi,pf,76.0,7.0,1736.0,246.0,563.0,0.437,156.0,387.0,0.403,90.0,176.0,0.511,0.575,52.0,59.0,0.881,25.0,178.0,203.0,102.0,30.0,13.0,59.0,190.0,700.0,0.0
2022,146.0,hylanbo01,21.0,den,sg,69.0,4.0,1310.0,230.0,571.0,0.403,131.0,358.0,0.366,99.0,213.0,0.465,0.518,107.0,125.0,0.856,14.0,174.0,188.0,191.0,41.0,20.0,86.0,153.0,698.0,0.0
2022,147.0,martike04,21.0,hou,sf,79.0,2.0,1656.0,279.0,523.0,0.533,60.0,168.0,0.357,219.0,355.0,0.617,0.591,78.0,123.0,0.634,80.0,217.0,297.0,101.0,34.0,40.0,60.0,113.0,696.0,0.0
2022,148.0,lillada01,31.0,por,pg,29.0,29.0,1056.0,222.0,552.0,0.402,92.0,284.0,0.324,130.0,268.0,0.485,0.486,159.0,181.0,0.878,13.0,107.0,120.0,212.0,17.0,11.0,83.0,37.0,695.0,0.0
2022,149.0,sengual01,19.0,hou,c,72.0,13.0,1489.0,249.0,525.0,0.474,29.0,117.0,0.248,220.0,408.0,0.539,0.502,165.0,232.0,0.711,138.0,255.0,393.0,185.0,59.0,68.0,145.0,214.0,692.0,0.0
2022,150.0,alexani01,23.0,tot,sg,65.0,21.0,1466.0,253.0,680.0,0.372,105.0,338.0,0.311,148.0,342.0,0.433,0.449,81.0,109.0,0.743,37.0,150.0,187.0,156.0,46.0,23.0,93.0,103.0,692.0,0.0
2022,151.0,brogdma01,29.0,ind,pg,36.0,36.0,1206.0,243.0,543.0,0.448,58.0,186.0,0.312,185.0,357.0,0.518,0.501,143.0,167.0,0.856,33.0,152.0,185.0,212.0,30.0,14.0,77.0,71.0,687.0,1.0
2022,152.0,avdijde01,21.0,was,sf,82.0,8.0,1984.0,250.0,579.0,0.432,82.0,259.0,0.317,168.0,320.0,0.525,0.503,103.0,136.0,0.757,52.0,373.0,425.0,167.0,59.0,44.0,87.0,190.0,685.0,0.0
2022,153.0,mcgeeja01,34.0,pho,c,74.0,17.0,1172.0,288.0,458.0,0.629,2.0,9.0,0.222,286.0,449.0,0.637,0.631,102.0,146.0,0.699,163.0,333.0,496.0,42.0,22.0,81.0,98.0,181.0,680.0,0.0
2022,154.0,dosunay01,22.0,chi,sg,77.0,40.0,2110.0,278.0,535.0,0.52,70.0,186.0,0.376,208.0,349.0,0.596,0.585,53.0,78.0,0.679,27.0,187.0,214.0,256.0,60.0,29.0,108.0,182.0,679.0,0.0
2022,155.0,harriga01,27.0,orl,sg,61.0,30.0,1730.0,240.0,553.0,0.434,116.0,302.0,0.384,124.0,251.0,0.494,0.539,83.0,95.0,0.874,36.0,86.0,122.0,108.0,59.0,9.0,61.0,112.0,679.0,0.0
2022,156.0,gaffoda01,23.0,was,c,72.0,53.0,1444.0,285.0,411.0,0.693,0.0,1.0,0.0,285.0,410.0,0.695,0.693,107.0,153.0,0.699,155.0,252.0,407.0,68.0,30.0,99.0,65.0,170.0,677.0,0.0
2022,157.0,giddejo01,19.0,okc,sf,54.0,54.0,1700.0,281.0,670.0,0.419,56.0,213.0,0.263,225.0,457.0,0.492,0.461,56.0,79.0,0.709,98.0,323.0,421.0,345.0,51.0,20.0,171.0,88.0,674.0,4.0
2022,158.0,washipj01,23.0,cho,c,65.0,28.0,1768.0,250.0,532.0,0.47,110.0,301.0,0.365,140.0,231.0,0.606,0.573,58.0,81.0,0.716,82.0,255.0,337.0,147.0,57.0,61.0,82.0,152.0,668.0,0.0
2022,159.0,clarkbr01,25.0,mem,pf,64.0,1.0,1246.0,288.0,447.0,0.644,5.0,22.0,0.227,283.0,425.0,0.666,0.65,85.0,130.0,0.654,135.0,207.0,342.0,86.0,39.0,68.0,34.0,122.0,666.0,0.0
2022,160.0,richajo01,28.0,tot,sg,65.0,7.0,1600.0,234.0,534.0,0.438,102.0,246.0,0.415,132.0,288.0,0.458,0.534,96.0,108.0,0.889,42.0,143.0,185.0,115.0,56.0,29.0,66.0,116.0,666.0,0.0
2022,161.0,achiupr01,22.0,tor,c,73.0,28.0,1725.0,265.0,603.0,0.439,56.0,156.0,0.359,209.0,447.0,0.468,0.486,78.0,131.0,0.595,146.0,327.0,473.0,82.0,37.0,41.0,84.0,151.0,664.0,0.0
2022,162.0,forbebr01,28.0,tot,sg,75.0,2.0,1286.0,231.0,539.0,0.429,122.0,295.0,0.414,109.0,244.0,0.447,0.542,79.0,87.0,0.908,10.0,83.0,93.0,75.0,25.0,5.0,56.0,95.0,663.0,0.0
2022,163.0,mclembe01,28.0,por,sg,64.0,6.0,1285.0,216.0,539.0,0.401,151.0,417.0,0.362,65.0,122.0,0.533,0.541,72.0,88.0,0.818,12.0,91.0,103.0,59.0,38.0,10.0,55.0,103.0,655.0,0.0
2022,164.0,hayesja02,21.0,nop,c,70.0,28.0,1398.0,245.0,398.0,0.616,20.0,57.0,0.351,225.0,341.0,0.66,0.641,144.0,188.0,0.766,115.0,200.0,315.0,43.0,33.0,55.0,54.0,155.0,654.0,0.0
2022,165.0,kuminjo01,19.0,gsw,sf,70.0,12.0,1185.0,236.0,460.0,0.513,50.0,149.0,0.336,186.0,311.0,0.598,0.567,130.0,190.0,0.684,54.0,180.0,234.0,64.0,31.0,22.0,74.0,146.0,652.0,0.0
2022,166.0,thompkl01,31.0,gsw,sg,32.0,32.0,941.0,246.0,573.0,0.429,114.0,296.0,0.385,132.0,277.0,0.477,0.529,46.0,51.0,0.902,15.0,110.0,125.0,88.0,16.0,17.0,43.0,54.0,652.0,0.0
2022,167.0,mathega01,25.0,hou,sg,65.0,33.0,1712.0,184.0,461.0,0.399,139.0,386.0,0.36,45.0,75.0,0.6,0.55,143.0,180.0,0.794,32.0,158.0,190.0,64.0,57.0,24.0,41.0,168.0,650.0,0.0
2022,168.0,toppiob01,23.0,nyk,pf,72.0,10.0,1230.0,251.0,473.0,0.531,52.0,169.0,0.308,199.0,304.0,0.655,0.586,94.0,124.0,0.758,69.0,199.0,268.0,77.0,25.0,33.0,56.0,102.0,648.0,0.0
2022,169.0,brownbr01,25.0,brk,sf,72.0,45.0,1774.0,256.0,506.0,0.506,38.0,94.0,0.404,218.0,412.0,0.529,0.543,97.0,128.0,0.758,100.0,245.0,345.0,148.0,77.0,52.0,56.0,176.0,647.0,0.0
2022,170.0,mcdanja02,21.0,min,pf,70.0,31.0,1803.0,255.0,554.0,0.46,80.0,252.0,0.317,175.0,302.0,0.579,0.532,57.0,71.0,0.803,76.0,217.0,293.0,79.0,52.0,54.0,75.0,224.0,647.0,0.0
2022,171.0,connapa01,29.0,mil,sf,65.0,19.0,1691.0,227.0,496.0,0.458,146.0,370.0,0.395,81.0,126.0,0.643,0.605,45.0,54.0,0.833,45.0,228.0,273.0,82.0,59.0,15.0,35.0,86.0,645.0,0.0
2022,172.0,reidna01,22.0,min,c,77.0,6.0,1215.0,233.0,476.0,0.489,57.0,166.0,0.343,176.0,310.0,0.568,0.549,114.0,149.0,0.765,102.0,199.0,301.0,71.0,40.0,71.0,82.0,172.0,637.0,0.0
2022,173.0,diallha01,23.0,det,sg,58.0,29.0,1269.0,261.0,526.0,0.496,23.0,93.0,0.247,238.0,433.0,0.55,0.518,91.0,140.0,0.65,69.0,208.0,277.0,73.0,71.0,17.0,58.0,143.0,636.0,0.0
2022,174.0,kispeco01,22.0,was,sf,77.0,36.0,1801.0,234.0,514.0,0.455,112.0,320.0,0.35,122.0,194.0,0.629,0.564,54.0,62.0,0.871,53.0,156.0,209.0,85.0,35.0,22.0,50.0,93.0,634.0,0.0
2022,175.0,crowdja01,31.0,pho,pf,67.0,67.0,1886.0,217.0,544.0,0.399,127.0,365.0,0.348,90.0,179.0,0.503,0.516,71.0,90.0,0.789,30.0,324.0,354.0,124.0,95.0,30.0,55.0,173.0,632.0,0.0
2022,176.0,jonesty01,25.0,mem,pg,73.0,23.0,1549.0,249.0,552.0,0.451,80.0,205.0,0.39,169.0,347.0,0.487,0.524,54.0,66.0,0.818,17.0,159.0,176.0,324.0,66.0,2.0,46.0,32.0,632.0,0.0
2022,177.0,rosste01,30.0,orl,sg,63.0,0.0,1448.0,220.0,554.0,0.397,77.0,264.0,0.292,143.0,290.0,0.493,0.467,112.0,130.0,0.862,20.0,141.0,161.0,116.0,28.0,12.0,75.0,68.0,629.0,0.0
2022,178.0,payneca01,27.0,pho,pg,58.0,12.0,1278.0,240.0,587.0,0.409,71.0,211.0,0.336,169.0,376.0,0.449,0.469,75.0,89.0,0.843,24.0,151.0,175.0,282.0,40.0,17.0,103.0,119.0,626.0,0.0
2022,179.0,manntr01,20.0,okc,pg,60.0,26.0,1367.0,231.0,588.0,0.393,98.0,272.0,0.36,133.0,316.0,0.421,0.476,65.0,82.0,0.793,25.0,146.0,171.0,91.0,47.0,12.0,71.0,102.0,625.0,0.0
2022,180.0,coffeam01,24.0,lac,sg,69.0,30.0,1567.0,211.0,466.0,0.453,96.0,254.0,0.378,115.0,212.0,0.542,0.556,101.0,117.0,0.863,26.0,171.0,197.0,124.0,38.0,15.0,45.0,87.0,619.0,0.0
2022,181.0,brissos01,23.0,ind,sf,67.0,25.0,1564.0,208.0,506.0,0.411,83.0,237.0,0.35,125.0,269.0,0.465,0.493,114.0,164.0,0.695,108.0,250.0,358.0,72.0,44.0,29.0,54.0,116.0,613.0,0.0
2022,182.0,robinmi01,23.0,nyk,c,72.0,62.0,1848.0,261.0,343.0,0.761,0.0,0.0,,261.0,343.0,0.761,0.761,88.0,181.0,0.486,295.0,322.0,617.0,38.0,58.0,133.0,60.0,195.0,610.0,0.0
2022,183.0,aldrila01,36.0,brk,c,47.0,12.0,1050.0,252.0,458.0,0.55,14.0,46.0,0.304,238.0,412.0,0.578,0.566,89.0,102.0,0.873,73.0,185.0,258.0,42.0,14.0,47.0,44.0,78.0,607.0,0.0
2022,184.0,williro04,24.0,bos,c,61.0,61.0,1804.0,271.0,368.0,0.736,0.0,1.0,0.0,271.0,367.0,0.738,0.736,65.0,90.0,0.722,238.0,350.0,588.0,121.0,56.0,134.0,63.0,137.0,607.0,1.0
2022,185.0,okekech01,23.0,orl,pf,70.0,20.0,1749.0,216.0,575.0,0.376,118.0,371.0,0.318,98.0,204.0,0.48,0.478,55.0,65.0,0.846,47.0,300.0,347.0,118.0,97.0,42.0,57.0,95.0,605.0,0.0
2022,186.0,covinro01,31.0,tot,pf,71.0,42.0,1940.0,209.0,498.0,0.42,128.0,339.0,0.378,81.0,159.0,0.509,0.548,58.0,69.0,0.841,59.0,332.0,391.0,92.0,103.0,91.0,75.0,190.0,604.0,0.0
2022,187.0,willigr01,23.0,bos,pf,77.0,21.0,1875.0,205.0,432.0,0.475,106.0,258.0,0.411,99.0,174.0,0.569,0.597,86.0,95.0,0.905,64.0,210.0,274.0,78.0,38.0,57.0,62.0,186.0,602.0,0.0
2022,188.0,hardati02,29.0,dal,sg,42.0,20.0,1245.0,209.0,530.0,0.394,102.0,304.0,0.336,107.0,226.0,0.473,0.491,78.0,103.0,0.757,13.0,143.0,156.0,92.0,38.0,6.0,34.0,74.0,598.0,0.0
2022,189.0,hortota01,21.0,lal,sg,60.0,19.0,1511.0,224.0,538.0,0.416,49.0,182.0,0.269,175.0,356.0,0.492,0.462,100.0,125.0,0.8,37.0,156.0,193.0,159.0,59.0,29.0,82.0,148.0,597.0,0.0
2022,190.0,vincega01,25.0,mia,pg,68.0,27.0,1589.0,214.0,513.0,0.417,119.0,323.0,0.368,95.0,190.0,0.5,0.533,44.0,54.0,0.815,22.0,104.0,126.0,210.0,62.0,12.0,98.0,158.0,591.0,0.0
2022,191.0,brookdi01,26.0,mem,sf,32.0,31.0,885.0,227.0,526.0,0.432,46.0,149.0,0.309,181.0,377.0,0.48,0.475,90.0,106.0,0.849,29.0,73.0,102.0,88.0,36.0,8.0,50.0,105.0,590.0,0.0
2022,192.0,stewais01,20.0,det,c,71.0,71.0,1816.0,250.0,490.0,0.51,15.0,46.0,0.326,235.0,444.0,0.529,0.526,74.0,103.0,0.718,226.0,391.0,617.0,82.0,22.0,78.0,85.0,211.0,589.0,0.0
2022,193.0,okorois01,21.0,cle,sf,67.0,61.0,1981.0,207.0,431.0,0.48,55.0,157.0,0.35,152.0,274.0,0.555,0.544,119.0,155.0,0.768,72.0,129.0,201.0,121.0,56.0,22.0,58.0,164.0,588.0,0.0
2022,194.0,chrisjo01,20.0,hou,sg,74.0,2.0,1334.0,224.0,500.0,0.448,56.0,189.0,0.296,168.0,311.0,0.54,0.504,83.0,113.0,0.735,52.0,134.0,186.0,150.0,65.0,13.0,114.0,97.0,587.0,0.0
2022,195.0,bullore01,30.0,dal,sf,68.0,37.0,1902.0,201.0,501.0,0.401,141.0,392.0,0.36,60.0,109.0,0.55,0.542,40.0,48.0,0.833,33.0,208.0,241.0,83.0,41.0,14.0,40.0,111.0,583.0,0.0
2022,196.0,drumman01,28.0,tot,c,73.0,36.0,1437.0,247.0,433.0,0.57,0.0,3.0,0.0,247.0,430.0,0.574,0.57,86.0,164.0,0.524,229.0,451.0,680.0,131.0,78.0,68.0,115.0,192.0,580.0,0.0
2022,197.0,mcderdo01,30.0,sas,pf,51.0,51.0,1223.0,215.0,465.0,0.462,108.0,256.0,0.422,107.0,209.0,0.512,0.578,40.0,51.0,0.784,18.0,97.0,115.0,64.0,13.0,6.0,43.0,79.0,578.0,0.0
2022,198.0,shamela01,24.0,pho,sg,69.0,14.0,1437.0,191.0,485.0,0.394,123.0,334.0,0.368,68.0,151.0,0.45,0.521,68.0,81.0,0.84,16.0,110.0,126.0,108.0,28.0,9.0,41.0,92.0,573.0,0.0
2022,199.0,onealro01,28.0,uta,sf,77.0,77.0,2406.0,203.0,444.0,0.457,119.0,306.0,0.389,84.0,138.0,0.609,0.591,45.0,56.0,0.804,64.0,304.0,368.0,191.0,86.0,32.0,79.0,183.0,570.0,0.0
2022,200.0,thomaca02,20.0,brk,sg,67.0,2.0,1176.0,218.0,503.0,0.433,47.0,174.0,0.27,171.0,329.0,0.52,0.48,87.0,105.0,0.829,16.0,145.0,161.0,78.0,33.0,8.0,55.0,66.0,570.0,0.0
2022,201.0,suggsja01,20.0,orl,pg,48.0,45.0,1307.0,198.0,548.0,0.361,42.0,196.0,0.214,156.0,352.0,0.443,0.4,126.0,163.0,0.773,26.0,145.0,171.0,209.0,59.0,19.0,143.0,142.0,564.0,0.0
2022,202.0,wagnemo01,24.0,orl,c,63.0,3.0,960.0,197.0,396.0,0.497,66.0,201.0,0.328,131.0,195.0,0.672,0.581,104.0,129.0,0.806,42.0,190.0,232.0,87.0,20.0,13.0,56.0,123.0,564.0,0.0
2022,203.0,harteis01,23.0,lac,c,68.0,0.0,1216.0,229.0,366.0,0.626,14.0,30.0,0.467,215.0,336.0,0.64,0.645,91.0,132.0,0.689,117.0,215.0,332.0,160.0,50.0,77.0,84.0,167.0,563.0,0.0
2022,204.0,jacksfr01,23.0,det,pg,53.0,7.0,1164.0,194.0,483.0,0.402,86.0,279.0,0.308,108.0,204.0,0.529,0.491,86.0,104.0,0.827,19.0,68.0,87.0,55.0,27.0,9.0,38.0,89.0,560.0,0.0
2022,205.0,martica02,26.0,mia,sf,60.0,12.0,1372.0,208.0,410.0,0.507,64.0,155.0,0.413,144.0,255.0,0.565,0.585,71.0,93.0,0.763,70.0,160.0,230.0,64.0,58.0,30.0,52.0,104.0,551.0,0.0
2022,206.0,eubandr01,24.0,tot,c,71.0,31.0,1245.0,221.0,371.0,0.596,5.0,23.0,0.217,216.0,348.0,0.621,0.602,99.0,130.0,0.762,130.0,252.0,382.0,85.0,31.0,40.0,81.0,122.0,546.0,0.0
2022,207.0,martico01,26.0,cho,sf,71.0,11.0,1866.0,204.0,423.0,0.482,61.0,159.0,0.384,143.0,264.0,0.542,0.554,75.0,107.0,0.701,82.0,203.0,285.0,179.0,88.0,32.0,61.0,116.0,544.0,0.0
2022,208.0,turnemy01,25.0,ind,c,42.0,42.0,1235.0,200.0,393.0,0.509,61.0,183.0,0.333,139.0,210.0,0.662,0.587,79.0,105.0,0.752,65.0,232.0,297.0,44.0,28.0,118.0,54.0,119.0,540.0,0.0
2022,209.0,baglema01,22.0,tot,pf,48.0,25.0,1146.0,225.0,446.0,0.504,23.0,97.0,0.237,202.0,349.0,0.579,0.53,67.0,101.0,0.663,105.0,233.0,338.0,36.0,22.0,18.0,39.0,93.0,540.0,0.0
2022,210.0,tuckepj01,36.0,mia,pf,71.0,70.0,1981.0,207.0,428.0,0.484,80.0,193.0,0.415,127.0,235.0,0.54,0.577,45.0,61.0,0.738,100.0,287.0,387.0,149.0,58.0,15.0,66.0,161.0,539.0,0.0
2022,211.0,bledser01,32.0,lac,pg,54.0,29.0,1361.0,197.0,468.0,0.421,51.0,163.0,0.313,146.0,305.0,0.479,0.475,89.0,117.0,0.761,28.0,154.0,182.0,225.0,69.0,19.0,116.0,85.0,534.0,0.0
2022,212.0,metuch01,24.0,sac,c,60.0,20.0,1279.0,203.0,449.0,0.452,57.0,186.0,0.306,146.0,263.0,0.555,0.516,71.0,91.0,0.78,34.0,301.0,335.0,60.0,51.0,32.0,61.0,93.0,534.0,0.0
2022,213.0,whiteha01,32.0,uta,c,65.0,8.0,1162.0,215.0,330.0,0.652,0.0,0.0,,215.0,330.0,0.652,0.652,104.0,167.0,0.623,166.0,328.0,494.0,26.0,22.0,103.0,53.0,179.0,534.0,0.0
2022,214.0,beverpa01,33.0,min,pg,58.0,54.0,1476.0,177.0,436.0,0.406,83.0,242.0,0.343,94.0,194.0,0.485,0.501,96.0,133.0,0.722,62.0,178.0,240.0,268.0,67.0,52.0,73.0,174.0,533.0,0.0
2022,215.0,adamsst01,28.0,mem,c,76.0,75.0,1999.0,210.0,384.0,0.547,0.0,1.0,0.0,210.0,383.0,0.548,0.547,108.0,199.0,0.543,349.0,411.0,760.0,256.0,65.0,60.0,115.0,153.0,528.0,0.0
2022,216.0,nowelja01,22.0,min,sg,62.0,1.0,975.0,196.0,413.0,0.475,63.0,160.0,0.394,133.0,253.0,0.526,0.551,72.0,92.0,0.783,22.0,101.0,123.0,130.0,27.0,10.0,36.0,73.0,527.0,0.0
2022,217.0,netora01,29.0,was,pg,70.0,19.0,1372.0,204.0,441.0,0.463,35.0,120.0,0.292,169.0,321.0,0.526,0.502,83.0,108.0,0.769,13.0,121.0,134.0,217.0,55.0,3.0,79.0,104.0,526.0,0.0
2022,218.0,anderky01,28.0,mem,pf,69.0,11.0,1484.0,209.0,469.0,0.446,36.0,109.0,0.33,173.0,360.0,0.481,0.484,67.0,105.0,0.638,69.0,299.0,368.0,183.0,77.0,45.0,71.0,108.0,521.0,0.0
2022,219.0,josepco01,30.0,det,pg,65.0,39.0,1600.0,178.0,400.0,0.445,65.0,157.0,0.414,113.0,243.0,0.465,0.526,100.0,113.0,0.885,29.0,145.0,174.0,237.0,42.0,17.0,85.0,147.0,521.0,0.0
2022,220.0,craigto01,31.0,tot,sf,78.0,16.0,1596.0,200.0,441.0,0.454,77.0,234.0,0.329,123.0,207.0,0.594,0.541,39.0,52.0,0.75,86.0,224.0,310.0,91.0,46.0,36.0,67.0,151.0,516.0,0.0
2022,221.0,porteot01,28.0,gsw,pf,63.0,15.0,1396.0,193.0,416.0,0.464,80.0,216.0,0.37,113.0,200.0,0.565,0.56,49.0,61.0,0.803,86.0,276.0,362.0,94.0,68.0,29.0,37.0,83.0,515.0,0.0
2022,222.0,vandeja01,22.0,min,pf,74.0,67.0,1880.0,212.0,361.0,0.587,2.0,14.0,0.143,210.0,347.0,0.605,0.59,86.0,131.0,0.656,215.0,409.0,624.0,94.0,99.0,46.0,73.0,181.0,512.0,0.0
2022,223.0,korkmfu01,24.0,phi,sg,67.0,19.0,1414.0,182.0,470.0,0.387,77.0,266.0,0.289,105.0,204.0,0.515,0.469,68.0,84.0,0.81,22.0,153.0,175.0,127.0,33.0,9.0,48.0,58.0,509.0,0.0
2022,224.0,paytoga02,29.0,gsw,sg,71.0,16.0,1247.0,212.0,344.0,0.616,43.0,120.0,0.358,169.0,224.0,0.754,0.679,35.0,58.0,0.603,72.0,175.0,247.0,64.0,96.0,22.0,40.0,131.0,502.0,0.0
2022,225.0,princta02,27.0,min,pf,69.0,8.0,1177.0,177.0,390.0,0.454,86.0,229.0,0.376,91.0,161.0,0.565,0.564,62.0,82.0,0.756,26.0,148.0,174.0,68.0,47.0,23.0,53.0,116.0,502.0,0.0
2022,226.0,willizi02,20.0,mem,sf,62.0,31.0,1346.0,191.0,424.0,0.45,76.0,242.0,0.314,115.0,182.0,0.632,0.54,43.0,55.0,0.782,26.0,103.0,129.0,65.0,35.0,12.0,41.0,113.0,501.0,0.0
2022,227.0,reddica01,22.0,tot,sf,49.0,7.0,1012.0,165.0,408.0,0.404,66.0,184.0,0.359,99.0,224.0,0.442,0.485,101.0,112.0,0.902,25.0,80.0,105.0,48.0,47.0,15.0,57.0,60.0,497.0,0.0
2022,228.0,batumni01,33.0,lac,pf,59.0,54.0,1462.0,179.0,387.0,0.463,108.0,270.0,0.4,71.0,117.0,0.607,0.602,25.0,38.0,0.658,29.0,225.0,254.0,100.0,58.0,42.0,40.0,80.0,491.0,0.0
2022,229.0,looneke01,25.0,gsw,c,82.0,80.0,1732.0,208.0,364.0,0.571,0.0,1.0,0.0,208.0,363.0,0.573,0.571,75.0,125.0,0.6,208.0,388.0,596.0,165.0,50.0,52.0,67.0,215.0,491.0,0.0
2022,230.0,hamptrj01,20.0,orl,sg,64.0,14.0,1402.0,175.0,457.0,0.383,64.0,183.0,0.35,111.0,274.0,0.405,0.453,75.0,117.0,0.641,23.0,171.0,194.0,158.0,42.0,13.0,87.0,101.0,489.0,0.0
2022,231.0,nworajo01,23.0,mil,sf,62.0,13.0,1185.0,186.0,462.0,0.403,79.0,227.0,0.348,107.0,235.0,0.455,0.488,36.0,43.0,0.837,37.0,184.0,221.0,59.0,25.0,17.0,57.0,78.0,487.0,0.0
2022,232.0,plumlma01,31.0,cho,c,73.0,73.0,1793.0,205.0,320.0,0.641,0.0,2.0,0.0,205.0,318.0,0.645,0.641,67.0,171.0,0.392,176.0,389.0,565.0,226.0,61.0,52.0,100.0,224.0,477.0,0.0
2022,233.0,hachiru01,23.0,was,pf,42.0,13.0,943.0,187.0,381.0,0.491,55.0,123.0,0.447,132.0,258.0,0.512,0.563,46.0,66.0,0.697,25.0,135.0,160.0,48.0,23.0,9.0,33.0,53.0,475.0,0.0
2022,234.0,washidu02,21.0,ind,pg,48.0,7.0,968.0,173.0,427.0,0.405,81.0,215.0,0.377,92.0,212.0,0.434,0.5,46.0,61.0,0.754,4.0,79.0,83.0,85.0,26.0,3.0,57.0,66.0,473.0,0.0
2022,235.0,smithja04,21.0,tot,pf,51.0,8.0,925.0,176.0,350.0,0.503,40.0,122.0,0.328,136.0,228.0,0.596,0.56,78.0,102.0,0.765,101.0,206.0,307.0,24.0,15.0,41.0,42.0,96.0,470.0,0.0
2022,236.0,greenja02,28.0,chi,sf,65.0,45.0,1519.0,176.0,325.0,0.542,36.0,101.0,0.356,140.0,224.0,0.625,0.597,80.0,96.0,0.833,91.0,185.0,276.0,60.0,67.0,32.0,30.0,132.0,468.0,0.0
2022,237.0,holmeri01,28.0,sac,c,45.0,37.0,1074.0,198.0,300.0,0.66,2.0,5.0,0.4,196.0,295.0,0.664,0.663,70.0,90.0,0.778,93.0,224.0,317.0,48.0,17.0,41.0,56.0,128.0,468.0,0.0
2022,238.0,leeda03,29.0,gsw,sg,63.0,5.0,1256.0,169.0,383.0,0.441,63.0,187.0,0.337,106.0,196.0,0.541,0.523,66.0,75.0,0.88,27.0,176.0,203.0,63.0,39.0,6.0,38.0,95.0,467.0,0.0
2022,239.0,pokusal01,20.0,okc,pf,61.0,12.0,1233.0,186.0,456.0,0.408,57.0,197.0,0.289,129.0,259.0,0.498,0.47,35.0,50.0,0.7,73.0,245.0,318.0,131.0,39.0,38.0,94.0,88.0,464.0,1.0
2022,240.0,balllo01,24.0,chi,pg,35.0,35.0,1212.0,162.0,383.0,0.423,110.0,260.0,0.423,52.0,123.0,0.423,0.567,21.0,28.0,0.75,35.0,155.0,190.0,178.0,64.0,31.0,82.0,85.0,455.0,1.0
2022,241.0,jonesda03,26.0,sac,c,56.0,15.0,1017.0,175.0,266.0,0.658,10.0,29.0,0.345,165.0,237.0,0.696,0.677,94.0,131.0,0.718,75.0,171.0,246.0,69.0,26.0,47.0,59.0,130.0,454.0,0.0
2022,242.0,robyis01,23.0,okc,pf,45.0,28.0,948.0,166.0,323.0,0.514,44.0,99.0,0.444,122.0,224.0,0.545,0.582,78.0,116.0,0.672,75.0,142.0,217.0,71.0,36.0,34.0,43.0,109.0,454.0,0.0
2022,243.0,hayeski01,20.0,det,pg,66.0,40.0,1647.0,176.0,459.0,0.383,44.0,167.0,0.263,132.0,292.0,0.452,0.431,57.0,74.0,0.77,36.0,174.0,210.0,277.0,78.0,35.0,111.0,183.0,453.0,0.0
2022,244.0,hernawi01,27.0,nop,c,50.0,8.0,839.0,170.0,327.0,0.52,4.0,12.0,0.333,166.0,315.0,0.527,0.526,109.0,141.0,0.773,143.0,195.0,338.0,63.0,21.0,19.0,51.0,97.0,453.0,0.0
2022,245.0,miltosh01,25.0,phi,sg,55.0,6.0,1179.0,173.0,403.0,0.429,43.0,133.0,0.323,130.0,270.0,0.481,0.483,61.0,73.0,0.836,30.0,112.0,142.0,139.0,28.0,17.0,44.0,99.0,450.0,0.0
2022,246.0,gayru01,35.0,uta,pf,55.0,1.0,1038.0,157.0,379.0,0.414,70.0,203.0,0.345,87.0,176.0,0.494,0.507,62.0,79.0,0.785,55.0,187.0,242.0,56.0,25.0,19.0,47.0,95.0,446.0,0.0
2022,247.0,rubiori01,31.0,cle,pg,34.0,8.0,970.0,149.0,411.0,0.363,59.0,174.0,0.339,90.0,237.0,0.38,0.434,88.0,103.0,0.854,15.0,126.0,141.0,225.0,49.0,7.0,90.0,75.0,445.0,0.0
2022,248.0,reaveau01,23.0,lal,sg,61.0,19.0,1418.0,146.0,318.0,0.459,53.0,167.0,0.317,93.0,151.0,0.616,0.542,99.0,118.0,0.839,45.0,148.0,193.0,110.0,29.0,20.0,40.0,87.0,444.0,1.0
2022,249.0,pritcpa01,24.0,bos,pg,71.0,2.0,1001.0,160.0,373.0,0.429,101.0,245.0,0.412,59.0,128.0,0.461,0.564,21.0,21.0,1.0,32.0,102.0,134.0,139.0,25.0,6.0,41.0,61.0,442.0,0.0
2022,250.0,bjeline01,33.0,gsw,c,71.0,0.0,1142.0,160.0,342.0,0.468,54.0,149.0,0.362,106.0,193.0,0.549,0.547,59.0,81.0,0.728,62.0,232.0,294.0,159.0,41.0,26.0,87.0,128.0,433.0,0.0
2022,251.0,greenja01,31.0,den,pf,67.0,8.0,1085.0,159.0,327.0,0.486,33.0,124.0,0.266,126.0,203.0,0.621,0.537,81.0,93.0,0.871,81.0,200.0,281.0,59.0,43.0,26.0,57.0,158.0,432.0,0.0
2022,252.0,walkeke02,31.0,nyk,pg,37.0,37.0,948.0,149.0,370.0,0.403,73.0,199.0,0.367,76.0,171.0,0.444,0.501,60.0,71.0,0.845,14.0,97.0,111.0,131.0,26.0,7.0,48.0,37.0,431.0,1.0
2022,253.0,couside01,31.0,tot,c,48.0,7.0,718.0,149.0,324.0,0.46,37.0,122.0,0.303,112.0,202.0,0.554,0.517,95.0,125.0,0.76,74.0,196.0,270.0,71.0,35.0,21.0,85.0,139.0,430.0,0.0
2022,254.0,dedmode01,32.0,mia,c,67.0,15.0,1065.0,164.0,290.0,0.566,19.0,47.0,0.404,145.0,243.0,0.597,0.598,75.0,100.0,0.75,105.0,281.0,386.0,47.0,24.0,42.0,70.0,174.0,422.0,0.0
2022,255.0,wiggiaa01,23.0,okc,sg,50.0,35.0,1209.0,156.0,337.0,0.463,42.0,138.0,0.304,114.0,199.0,0.573,0.525,62.0,85.0,0.729,51.0,127.0,178.0,68.0,30.0,10.0,54.0,93.0,416.0,0.0
2022,256.0,jonestr01,22.0,sas,pg,69.0,11.0,1148.0,166.0,339.0,0.49,10.0,51.0,0.196,156.0,288.0,0.542,0.504,71.0,91.0,0.78,29.0,126.0,155.0,233.0,42.0,7.0,46.0,78.0,413.0,0.0
2022,257.0,klebima01,30.0,dal,pf,59.0,21.0,1450.0,141.0,354.0,0.398,83.0,255.0,0.325,58.0,99.0,0.586,0.516,46.0,65.0,0.708,70.0,280.0,350.0,68.0,30.0,58.0,47.0,137.0,411.0,0.0
2022,258.0,claxtni01,22.0,brk,c,47.0,19.0,974.0,178.0,264.0,0.674,0.0,0.0,,178.0,264.0,0.674,0.674,54.0,93.0,0.581,91.0,173.0,264.0,43.0,24.0,51.0,38.0,110.0,410.0,0.0
2022,259.0,littlna01,21.0,por,sf,42.0,23.0,1088.0,145.0,315.0,0.46,51.0,154.0,0.331,94.0,161.0,0.584,0.541,69.0,94.0,0.734,58.0,178.0,236.0,54.0,25.0,36.0,40.0,82.0,410.0,0.0
2022,260.0,lambje01,29.0,tot,sf,56.0,0.0,935.0,133.0,347.0,0.383,55.0,170.0,0.324,78.0,177.0,0.441,0.463,89.0,106.0,0.84,26.0,128.0,154.0,81.0,31.0,22.0,37.0,59.0,410.0,0.0
2022,261.0,smithis01,33.0,tot,pg,65.0,1.0,1126.0,185.0,430.0,0.43,25.0,67.0,0.373,160.0,363.0,0.441,0.459,15.0,24.0,0.625,25.0,115.0,140.0,244.0,47.0,23.0,78.0,78.0,410.0,0.0
2022,262.0,riverau01,29.0,den,sg,67.0,18.0,1480.0,146.0,350.0,0.417,79.0,231.0,0.342,67.0,119.0,0.563,0.53,32.0,44.0,0.727,19.0,95.0,114.0,90.0,51.0,6.0,54.0,121.0,403.0,0.0
2022,263.0,holidaa01,25.0,tot,pg,63.0,15.0,1021.0,151.0,338.0,0.447,39.0,103.0,0.379,112.0,235.0,0.477,0.504,59.0,68.0,0.868,24.0,98.0,122.0,153.0,42.0,9.0,67.0,92.0,400.0,0.0
2022,264.0,bradlav01,31.0,lal,sg,62.0,45.0,1406.0,148.0,350.0,0.423,82.0,210.0,0.39,66.0,140.0,0.471,0.54,16.0,18.0,0.889,31.0,105.0,136.0,47.0,53.0,9.0,38.0,118.0,394.0,0.0
2022,265.0,okongon01,21.0,atl,c,48.0,6.0,992.0,156.0,226.0,0.69,0.0,0.0,,156.0,226.0,0.69,0.69,80.0,110.0,0.727,115.0,168.0,283.0,53.0,31.0,60.0,44.0,149.0,392.0,0.0
2022,266.0,stephla01,31.0,tot,sg,46.0,1.0,814.0,147.0,323.0,0.455,27.0,90.0,0.3,120.0,233.0,0.515,0.497,63.0,80.0,0.788,12.0,115.0,127.0,165.0,24.0,4.0,72.0,96.0,384.0,0.0
2022,267.0,theisda01,29.0,tot,c,47.0,27.0,977.0,151.0,291.0,0.519,33.0,107.0,0.308,118.0,184.0,0.641,0.576,49.0,72.0,0.681,59.0,169.0,228.0,41.0,20.0,31.0,46.0,111.0,384.0,0.0
2022,268.0,stevela01,24.0,cle,pf,63.0,13.0,1015.0,156.0,319.0,0.489,18.0,65.0,0.277,138.0,254.0,0.543,0.517,53.0,75.0,0.707,47.0,117.0,164.0,44.0,31.0,18.0,41.0,106.0,383.0,0.0
2022,269.0,divindo01,25.0,tot,sg,42.0,1.0,1006.0,118.0,336.0,0.351,74.0,218.0,0.339,44.0,118.0,0.373,0.461,70.0,83.0,0.843,40.0,130.0,170.0,118.0,48.0,8.0,72.0,69.0,380.0,0.0
2022,270.0,thybuma01,24.0,phi,sg,66.0,50.0,1685.0,150.0,300.0,0.5,45.0,144.0,0.313,105.0,156.0,0.673,0.575,34.0,43.0,0.791,42.0,109.0,151.0,75.0,115.0,71.0,39.0,158.0,379.0,0.0
2022,271.0,howardw01,36.0,lal,c,60.0,27.0,971.0,134.0,219.0,0.612,8.0,15.0,0.533,126.0,204.0,0.618,0.63,96.0,146.0,0.658,118.0,238.0,356.0,35.0,34.0,36.0,47.0,115.0,372.0,0.0
2022,272.0,greenda02,34.0,phi,sf,62.0,28.0,1353.0,126.0,320.0,0.394,103.0,271.0,0.38,23.0,49.0,0.469,0.555,11.0,14.0,0.786,32.0,125.0,157.0,64.0,60.0,37.0,45.0,105.0,366.0,0.0
2022,273.0,robinje02,21.0,okc,c,49.0,36.0,1087.0,134.0,324.0,0.414,58.0,165.0,0.352,76.0,159.0,0.478,0.503,40.0,54.0,0.741,75.0,199.0,274.0,49.0,29.0,15.0,39.0,75.0,366.0,0.0
2022,274.0,olynyke01,30.0,det,c,40.0,1.0,764.0,128.0,286.0,0.448,40.0,119.0,0.336,88.0,167.0,0.527,0.517,69.0,89.0,0.775,54.0,123.0,177.0,111.0,31.0,19.0,58.0,100.0,365.0,0.0
2022,275.0,ibakase01,32.0,tot,c,54.0,12.0,877.0,148.0,296.0,0.5,37.0,99.0,0.374,111.0,197.0,0.563,0.563,32.0,44.0,0.727,62.0,188.0,250.0,49.0,11.0,33.0,43.0,102.0,365.0,0.0
2022,276.0,watfotr01,21.0,por,sf,48.0,10.0,869.0,142.0,267.0,0.532,9.0,38.0,0.237,133.0,229.0,0.581,0.549,71.0,94.0,0.755,57.0,142.0,199.0,81.0,25.0,28.0,44.0,116.0,364.0,0.0
2022,277.0,willike04,27.0,okc,sf,49.0,0.0,1072.0,146.0,317.0,0.461,41.0,121.0,0.339,105.0,196.0,0.536,0.525,30.0,55.0,0.545,75.0,145.0,220.0,108.0,44.0,10.0,46.0,81.0,363.0,0.0
2022,278.0,maledth01,20.0,okc,pg,51.0,7.0,908.0,119.0,317.0,0.375,44.0,150.0,0.293,75.0,167.0,0.449,0.445,79.0,100.0,0.79,20.0,111.0,131.0,111.0,31.0,11.0,65.0,67.0,361.0,0.0
2022,279.0,griffbl01,32.0,brk,c,56.0,24.0,958.0,133.0,313.0,0.425,38.0,145.0,0.262,95.0,168.0,0.565,0.486,55.0,76.0,0.724,60.0,168.0,228.0,105.0,27.0,14.0,31.0,95.0,359.0,0.0
2022,280.0,willilo02,35.0,atl,pg,56.0,0.0,799.0,125.0,320.0,0.391,37.0,102.0,0.363,88.0,218.0,0.404,0.448,67.0,78.0,0.859,16.0,71.0,87.0,105.0,28.0,3.0,43.0,48.0,354.0,0.0
2022,281.0,bitadgo01,22.0,ind,c,50.0,16.0,729.0,131.0,252.0,0.52,23.0,80.0,0.288,108.0,172.0,0.628,0.565,64.0,94.0,0.681,79.0,98.0,177.0,55.0,21.0,42.0,46.0,107.0,349.0,0.0
2022,282.0,konchjo01,25.0,mem,sg,72.0,7.0,1292.0,135.0,262.0,0.515,52.0,126.0,0.413,83.0,136.0,0.61,0.615,27.0,49.0,0.551,87.0,242.0,329.0,109.0,45.0,22.0,29.0,90.0,349.0,1.0
2022,283.0,greendr01,31.0,gsw,pf,46.0,44.0,1329.0,135.0,257.0,0.525,16.0,54.0,0.296,119.0,203.0,0.586,0.556,60.0,91.0,0.659,45.0,291.0,336.0,320.0,61.0,50.0,139.0,136.0,346.0,1.0
2022,284.0,muscami01,30.0,okc,c,43.0,0.0,592.0,113.0,248.0,0.456,70.0,163.0,0.429,43.0,85.0,0.506,0.597,48.0,57.0,0.842,21.0,108.0,129.0,22.0,18.0,26.0,14.0,58.0,344.0,0.0
2022,285.0,thomptr01,30.0,tot,c,57.0,6.0,897.0,141.0,267.0,0.528,1.0,3.0,0.333,140.0,264.0,0.53,0.53,61.0,116.0,0.526,120.0,168.0,288.0,34.0,23.0,21.0,45.0,98.0,344.0,0.0
2022,286.0,bostobr01,20.0,lac,sg,51.0,0.0,760.0,125.0,325.0,0.385,34.0,111.0,0.306,91.0,214.0,0.425,0.437,59.0,72.0,0.819,17.0,94.0,111.0,51.0,26.0,13.0,31.0,43.0,343.0,0.0
2022,287.0,wrighde01,29.0,atl,sg,77.0,8.0,1452.0,122.0,269.0,0.454,44.0,116.0,0.379,78.0,153.0,0.51,0.535,54.0,63.0,0.857,50.0,170.0,220.0,188.0,93.0,19.0,45.0,56.0,342.0,0.0
2022,288.0,jeromty01,24.0,okc,sg,48.0,4.0,801.0,124.0,328.0,0.378,54.0,186.0,0.29,70.0,142.0,0.493,0.46,38.0,47.0,0.809,19.0,59.0,78.0,109.0,30.0,5.0,37.0,73.0,340.0,0.0
2022,289.0,johnsja01,34.0,brk,pf,62.0,10.0,1191.0,144.0,307.0,0.469,23.0,85.0,0.271,121.0,222.0,0.545,0.507,29.0,55.0,0.527,51.0,164.0,215.0,130.0,30.0,34.0,48.0,162.0,340.0,0.0
2022,290.0,mcdanja01,24.0,cho,sf,55.0,2.0,895.0,123.0,254.0,0.484,41.0,108.0,0.38,82.0,146.0,0.562,0.565,53.0,72.0,0.736,37.0,133.0,170.0,58.0,26.0,22.0,36.0,93.0,340.0,0.0
2022,291.0,ellebcj01,21.0,por,sf,58.0,28.0,1174.0,121.0,308.0,0.393,37.0,126.0,0.294,84.0,182.0,0.462,0.453,60.0,84.0,0.714,66.0,161.0,227.0,87.0,35.0,19.0,56.0,116.0,339.0,0.0
2022,292.0,bateske01,26.0,sas,sf,59.0,14.0,956.0,136.0,263.0,0.517,17.0,55.0,0.309,119.0,208.0,0.572,0.549,46.0,61.0,0.754,62.0,169.0,231.0,41.0,27.0,14.0,45.0,61.0,335.0,0.0
2022,293.0,hillge01,35.0,mil,pg,54.0,17.0,1253.0,118.0,275.0,0.429,41.0,134.0,0.306,77.0,141.0,0.546,0.504,57.0,62.0,0.919,38.0,117.0,155.0,120.0,42.0,6.0,41.0,70.0,334.0,0.0
2022,294.0,murphtr02,21.0,nop,sf,62.0,1.0,864.0,109.0,277.0,0.394,71.0,186.0,0.382,38.0,91.0,0.418,0.522,45.0,51.0,0.882,47.0,100.0,147.0,38.0,23.0,7.0,16.0,60.0,334.0,0.0
2022,295.0,pascher01,25.0,uta,pf,58.0,3.0,736.0,114.0,235.0,0.485,40.0,108.0,0.37,74.0,127.0,0.583,0.57,66.0,86.0,0.767,30.0,76.0,106.0,36.0,9.0,5.0,27.0,51.0,334.0,0.0
2022,296.0,campafa01,30.0,den,pg,65.0,4.0,1184.0,107.0,296.0,0.361,58.0,193.0,0.301,49.0,103.0,0.476,0.459,60.0,78.0,0.769,23.0,94.0,117.0,220.0,63.0,23.0,67.0,124.0,332.0,0.0
2022,297.0,alvarjo01,23.0,nop,pg,54.0,1.0,834.0,131.0,294.0,0.446,32.0,110.0,0.291,99.0,184.0,0.538,0.5,36.0,53.0,0.679,25.0,75.0,100.0,152.0,71.0,7.0,40.0,73.0,330.0,0.0
2022,298.0,jacksjo02,24.0,tot,sf,51.0,3.0,830.0,120.0,300.0,0.4,33.0,130.0,0.254,87.0,170.0,0.512,0.455,55.0,77.0,0.714,21.0,120.0,141.0,54.0,26.0,22.0,47.0,88.0,328.0,0.0
2022,299.0,inglejo01,34.0,uta,sf,45.0,15.0,1122.0,115.0,285.0,0.404,78.0,225.0,0.347,37.0,60.0,0.617,0.54,17.0,22.0,0.773,12.0,119.0,131.0,158.0,23.0,5.0,46.0,82.0,325.0,0.0
2022,300.0,youngth01,33.0,tot,pf,52.0,1.0,845.0,141.0,272.0,0.518,17.0,48.0,0.354,124.0,224.0,0.554,0.55,23.0,49.0,0.469,80.0,128.0,208.0,104.0,54.0,18.0,52.0,81.0,322.0,0.0
2022,301.0,nancela02,29.0,tot,pf,46.0,11.0,1040.0,129.0,247.0,0.522,23.0,70.0,0.329,106.0,177.0,0.599,0.569,40.0,57.0,0.702,72.0,176.0,248.0,81.0,43.0,20.0,37.0,84.0,321.0,0.0
2022,302.0,johnsst04,25.0,lal,pf,48.0,27.0,1094.0,117.0,251.0,0.466,33.0,105.0,0.314,84.0,146.0,0.575,0.532,53.0,74.0,0.716,34.0,121.0,155.0,80.0,43.0,14.0,35.0,109.0,320.0,0.0
2022,303.0,greenjo02,21.0,dal,sg,67.0,3.0,1039.0,130.0,256.0,0.508,28.0,78.0,0.359,102.0,178.0,0.573,0.563,31.0,45.0,0.689,52.0,109.0,161.0,79.0,45.0,14.0,44.0,115.0,319.0,0.0
2022,304.0,taylote01,22.0,ind,pf,33.0,7.0,714.0,135.0,220.0,0.614,12.0,38.0,0.316,123.0,182.0,0.676,0.641,36.0,51.0,0.706,95.0,77.0,172.0,41.0,14.0,8.0,23.0,61.0,318.0,0.0
2022,305.0,marshna01,24.0,nop,sf,55.0,4.0,735.0,109.0,269.0,0.405,21.0,105.0,0.2,88.0,164.0,0.537,0.444,74.0,93.0,0.796,38.0,104.0,142.0,62.0,33.0,8.0,46.0,69.0,313.0,0.0
2022,306.0,daviste02,24.0,sac,sg,30.0,11.0,536.0,113.0,267.0,0.423,49.0,149.0,0.329,64.0,118.0,0.542,0.515,36.0,44.0,0.818,11.0,83.0,94.0,40.0,25.0,11.0,33.0,70.0,311.0,0.0
2022,307.0,rosede01,33.0,nyk,pg,26.0,4.0,636.0,122.0,274.0,0.445,37.0,92.0,0.402,85.0,182.0,0.467,0.513,30.0,31.0,0.968,21.0,57.0,78.0,103.0,22.0,12.0,39.0,15.0,311.0,0.0
2022,308.0,bertada01,29.0,tot,pf,56.0,0.0,807.0,99.0,275.0,0.36,77.0,230.0,0.335,22.0,45.0,0.489,0.5,36.0,40.0,0.9,12.0,105.0,117.0,31.0,17.0,12.0,19.0,85.0,311.0,0.0
2022,309.0,templga01,35.0,nop,sg,59.0,16.0,1098.0,111.0,295.0,0.376,59.0,185.0,0.319,52.0,110.0,0.473,0.476,28.0,41.0,0.683,29.0,114.0,143.0,74.0,43.0,23.0,42.0,81.0,309.0,0.0
2022,310.0,willibr03,22.0,por,pg,24.0,16.0,640.0,105.0,282.0,0.372,31.0,106.0,0.292,74.0,176.0,0.42,0.427,68.0,97.0,0.701,19.0,55.0,74.0,94.0,24.0,10.0,58.0,52.0,309.0,0.0
2022,311.0,carusal01,27.0,chi,sg,41.0,18.0,1147.0,102.0,256.0,0.398,42.0,126.0,0.333,60.0,130.0,0.462,0.48,58.0,73.0,0.795,33.0,115.0,148.0,165.0,71.0,15.0,57.0,106.0,304.0,0.0
2022,312.0,yurtsom01,23.0,mia,c,56.0,12.0,706.0,130.0,247.0,0.526,1.0,11.0,0.091,129.0,236.0,0.547,0.528,38.0,61.0,0.623,85.0,209.0,294.0,49.0,17.0,20.0,41.0,84.0,299.0,0.0
2022,313.0,toscaju01,28.0,gsw,sf,73.0,6.0,994.0,115.0,235.0,0.489,28.0,87.0,0.322,87.0,148.0,0.588,0.549,40.0,70.0,0.571,28.0,148.0,176.0,127.0,48.0,17.0,68.0,115.0,298.0,0.0
2022,314.0,jacksis01,20.0,ind,c,36.0,15.0,541.0,116.0,206.0,0.563,5.0,16.0,0.313,111.0,190.0,0.584,0.575,60.0,88.0,0.682,60.0,89.0,149.0,10.0,25.0,52.0,40.0,92.0,297.0,0.0
2022,315.0,augusdj01,34.0,tot,pg,55.0,2.0,883.0,94.0,222.0,0.423,68.0,164.0,0.415,26.0,58.0,0.448,0.577,38.0,43.0,0.884,11.0,57.0,68.0,107.0,17.0,1.0,56.0,39.0,294.0,0.0
2022,316.0,primojo01,19.0,sas,sf,50.0,16.0,965.0,101.0,270.0,0.374,42.0,137.0,0.307,59.0,133.0,0.444,0.452,44.0,59.0,0.746,32.0,81.0,113.0,81.0,20.0,23.0,57.0,79.0,288.0,0.0
2022,317.0,brookar01,23.0,tot,sg,54.0,11.0,844.0,98.0,289.0,0.339,74.0,249.0,0.297,24.0,40.0,0.6,0.467,18.0,21.0,0.857,20.0,83.0,103.0,62.0,28.0,11.0,27.0,74.0,288.0,0.0
2022,318.0,ellinwa01,34.0,lal,sg,43.0,9.0,810.0,98.0,237.0,0.414,82.0,211.0,0.389,16.0,26.0,0.615,0.586,9.0,11.0,0.818,10.0,67.0,77.0,30.0,23.0,5.0,19.0,42.0,287.0,0.0
2022,319.0,jonesde02,24.0,chi,pf,51.0,8.0,899.0,105.0,195.0,0.538,20.0,61.0,0.328,85.0,134.0,0.634,0.59,56.0,70.0,0.8,60.0,109.0,169.0,30.0,25.0,33.0,30.0,105.0,286.0,0.0
2022,320.0,edwarke02,21.0,brk,sf,48.0,23.0,987.0,110.0,267.0,0.412,48.0,136.0,0.353,62.0,131.0,0.473,0.502,16.0,19.0,0.842,44.0,128.0,172.0,31.0,29.0,24.0,42.0,85.0,284.0,0.0
2022,321.0,bembrde01,27.0,tot,sf,56.0,20.0,1026.0,124.0,221.0,0.561,15.0,36.0,0.417,109.0,185.0,0.589,0.595,21.0,35.0,0.6,42.0,121.0,163.0,66.0,49.0,25.0,31.0,113.0,284.0,0.0
2022,322.0,browntr01,22.0,chi,sf,66.0,7.0,1055.0,108.0,258.0,0.419,47.0,133.0,0.353,61.0,125.0,0.488,0.51,20.0,26.0,0.769,39.0,164.0,203.0,66.0,36.0,5.0,26.0,62.0,283.0,0.0
2022,323.0,carteje01,26.0,tot,pg,66.0,3.0,905.0,98.0,253.0,0.387,66.0,170.0,0.388,32.0,83.0,0.386,0.518,15.0,18.0,0.833,14.0,96.0,110.0,96.0,24.0,14.0,34.0,67.0,277.0,0.0
2022,324.0,grimequ01,21.0,nyk,sg,46.0,6.0,786.0,95.0,235.0,0.404,72.0,189.0,0.381,23.0,46.0,0.5,0.557,13.0,19.0,0.684,24.0,70.0,94.0,44.0,31.0,11.0,28.0,72.0,275.0,0.0
2022,325.0,winslju01,25.0,tot,pf,48.0,11.0,774.0,110.0,257.0,0.428,15.0,66.0,0.227,95.0,191.0,0.497,0.457,39.0,66.0,0.591,50.0,152.0,202.0,84.0,35.0,25.0,49.0,67.0,274.0,0.0
2022,326.0,mcgruro01,30.0,det,sg,51.0,2.0,754.0,98.0,225.0,0.436,58.0,146.0,0.397,40.0,79.0,0.506,0.564,19.0,26.0,0.731,31.0,80.0,111.0,48.0,21.0,7.0,24.0,58.0,273.0,0.0
2022,327.0,nnajize01,21.0,den,pf,41.0,1.0,698.0,96.0,186.0,0.516,37.0,80.0,0.463,59.0,106.0,0.557,0.616,41.0,65.0,0.631,56.0,91.0,147.0,17.0,16.0,13.0,23.0,79.0,270.0,0.0
2022,328.0,wadede01,25.0,cle,pf,51.0,28.0,980.0,99.0,217.0,0.456,51.0,142.0,0.359,48.0,75.0,0.64,0.574,20.0,30.0,0.667,31.0,119.0,150.0,52.0,29.0,7.0,16.0,88.0,269.0,0.0
2022,329.0,johnske07,19.0,tot,sg,37.0,12.0,697.0,96.0,272.0,0.353,34.0,100.0,0.34,62.0,172.0,0.36,0.415,41.0,51.0,0.804,24.0,57.0,81.0,76.0,28.0,12.0,46.0,69.0,267.0,0.0
2022,330.0,landajo01,26.0,sas,c,54.0,1.0,589.0,101.0,204.0,0.495,29.0,89.0,0.326,72.0,115.0,0.626,0.566,34.0,41.0,0.829,63.0,75.0,138.0,45.0,10.0,14.0,31.0,53.0,265.0,0.0
2022,331.0,mykhasv01,24.0,tor,sf,56.0,5.0,716.0,91.0,234.0,0.389,41.0,134.0,0.306,50.0,100.0,0.5,0.476,32.0,37.0,0.865,20.0,72.0,92.0,45.0,26.0,4.0,32.0,54.0,255.0,0.0
2022,332.0,lopezro01,33.0,orl,c,36.0,9.0,612.0,110.0,199.0,0.553,2.0,6.0,0.333,108.0,193.0,0.56,0.558,32.0,54.0,0.593,68.0,58.0,126.0,54.0,2.0,18.0,44.0,67.0,254.0,0.0
2022,333.0,tillmxa01,23.0,mem,pf,53.0,2.0,701.0,98.0,216.0,0.454,10.0,49.0,0.204,88.0,167.0,0.527,0.477,46.0,71.0,0.648,66.0,95.0,161.0,62.0,49.0,15.0,34.0,63.0,252.0,0.0
2022,334.0,matthwe02,35.0,mil,sg,49.0,14.0,1002.0,87.0,220.0,0.395,53.0,157.0,0.338,34.0,63.0,0.54,0.516,22.0,28.0,0.786,30.0,62.0,92.0,36.0,23.0,8.0,18.0,87.0,249.0,0.0
2022,335.0,houseda01,28.0,tot,sf,42.0,7.0,727.0,80.0,198.0,0.404,44.0,117.0,0.376,36.0,81.0,0.444,0.515,44.0,58.0,0.759,18.0,93.0,111.0,44.0,21.0,17.0,33.0,51.0,248.0,0.0
2022,336.0,birchkh01,29.0,tor,c,55.0,28.0,991.0,97.0,200.0,0.485,0.0,14.0,0.0,97.0,186.0,0.522,0.485,53.0,71.0,0.746,122.0,117.0,239.0,56.0,30.0,26.0,29.0,104.0,247.0,0.0
2022,337.0,ntilila01,23.0,dal,sg,58.0,5.0,685.0,89.0,223.0,0.399,38.0,111.0,0.342,51.0,112.0,0.455,0.484,24.0,25.0,0.96,12.0,67.0,79.0,69.0,27.0,7.0,31.0,61.0,240.0,0.0
2022,338.0,lenal01,28.0,sac,c,39.0,10.0,620.0,94.0,176.0,0.534,6.0,21.0,0.286,88.0,155.0,0.568,0.551,41.0,63.0,0.651,52.0,109.0,161.0,45.0,13.0,25.0,43.0,100.0,235.0,0.0
2022,339.0,mclaujo01,25.0,min,pg,62.0,3.0,902.0,88.0,200.0,0.44,27.0,85.0,0.318,61.0,115.0,0.53,0.508,30.0,40.0,0.75,22.0,72.0,94.0,180.0,57.0,10.0,38.0,54.0,233.0,0.0
2022,340.0,nwabada01,29.0,hou,sf,46.0,4.0,609.0,85.0,176.0,0.483,15.0,49.0,0.306,70.0,127.0,0.551,0.526,48.0,67.0,0.716,41.0,110.0,151.0,35.0,28.0,20.0,21.0,55.0,233.0,0.0
2022,341.0,gibsota01,36.0,nyk,c,52.0,4.0,946.0,86.0,166.0,0.518,15.0,38.0,0.395,71.0,128.0,0.555,0.563,42.0,52.0,0.808,88.0,141.0,229.0,32.0,22.0,40.0,27.0,137.0,229.0,0.0
2022,342.0,mccontj01,29.0,ind,pg,27.0,8.0,652.0,100.0,208.0,0.481,10.0,33.0,0.303,90.0,175.0,0.514,0.505,19.0,23.0,0.826,20.0,70.0,90.0,131.0,29.0,10.0,29.0,53.0,229.0,0.0
2022,343.0,moodymo01,19.0,gsw,sg,52.0,11.0,607.0,80.0,183.0,0.437,40.0,110.0,0.364,40.0,73.0,0.548,0.546,28.0,36.0,0.778,17.0,63.0,80.0,23.0,7.0,10.0,13.0,43.0,228.0,0.0
2022,344.0,luwawti01,26.0,atl,sf,52.0,18.0,685.0,74.0,186.0,0.398,44.0,122.0,0.361,30.0,64.0,0.469,0.516,35.0,41.0,0.854,17.0,65.0,82.0,40.0,18.0,6.0,20.0,76.0,227.0,0.0
2022,345.0,browngr01,20.0,por,sf,48.0,6.0,640.0,81.0,190.0,0.426,19.0,61.0,0.311,62.0,129.0,0.481,0.476,44.0,65.0,0.677,38.0,97.0,135.0,35.0,26.0,24.0,36.0,90.0,225.0,0.0
2022,346.0,colliza01,24.0,sas,c,28.0,4.0,502.0,76.0,155.0,0.49,14.0,41.0,0.341,62.0,114.0,0.544,0.535,52.0,65.0,0.8,46.0,107.0,153.0,61.0,13.0,23.0,45.0,67.0,218.0,0.0
2022,347.0,langfro01,22.0,tot,sg,48.0,5.0,771.0,83.0,191.0,0.435,29.0,85.0,0.341,54.0,106.0,0.509,0.51,23.0,42.0,0.548,30.0,78.0,108.0,21.0,22.0,16.0,16.0,47.0,218.0,0.0
2022,348.0,harklma01,28.0,sac,sf,47.0,24.0,863.0,83.0,181.0,0.459,31.0,101.0,0.307,52.0,80.0,0.65,0.544,20.0,28.0,0.714,12.0,100.0,112.0,23.0,29.0,24.0,31.0,77.0,217.0,0.0
2022,349.0,burketr01,29.0,dal,pg,42.0,0.0,441.0,84.0,215.0,0.391,26.0,82.0,0.317,58.0,133.0,0.436,0.451,20.0,23.0,0.87,4.0,29.0,33.0,57.0,12.0,0.0,26.0,39.0,214.0,0.0
2022,350.0,biyombi01,29.0,pho,c,36.0,3.0,506.0,86.0,145.0,0.593,0.0,0.0,,86.0,145.0,0.593,0.593,38.0,71.0,0.535,63.0,104.0,167.0,23.0,12.0,26.0,25.0,70.0,210.0,0.0
2022,351.0,brazdig01,23.0,orl,sf,42.0,1.0,536.0,81.0,188.0,0.431,27.0,87.0,0.31,54.0,101.0,0.535,0.503,21.0,32.0,0.656,23.0,49.0,72.0,37.0,10.0,3.0,17.0,48.0,210.0,0.0
2022,352.0,reedda01,26.0,den,sg,48.0,5.0,668.0,81.0,161.0,0.503,37.0,86.0,0.43,44.0,75.0,0.587,0.618,10.0,15.0,0.667,14.0,94.0,108.0,53.0,24.0,9.0,16.0,63.0,209.0,0.0
2022,353.0,leesa01,22.0,det,pg,37.0,0.0,604.0,69.0,177.0,0.39,14.0,60.0,0.233,55.0,117.0,0.47,0.429,56.0,71.0,0.789,18.0,69.0,87.0,107.0,36.0,12.0,36.0,44.0,208.0,0.0
2022,354.0,favorde01,30.0,okc,c,39.0,18.0,653.0,94.0,182.0,0.516,2.0,16.0,0.125,92.0,166.0,0.554,0.522,16.0,25.0,0.64,58.0,126.0,184.0,25.0,17.0,12.0,9.0,62.0,206.0,0.0
2022,355.0,smithde03,24.0,por,pg,37.0,4.0,638.0,79.0,189.0,0.418,6.0,27.0,0.222,73.0,162.0,0.451,0.434,42.0,64.0,0.656,20.0,68.0,88.0,132.0,45.0,12.0,51.0,52.0,206.0,0.0
2022,356.0,jordade01,33.0,tot,c,48.0,20.0,622.0,92.0,143.0,0.643,0.0,0.0,,92.0,143.0,0.643,0.643,22.0,40.0,0.55,83.0,181.0,264.0,21.0,12.0,35.0,37.0,71.0,206.0,0.0
2022,357.0,bantoda01,22.0,tor,pg,64.0,1.0,696.0,83.0,202.0,0.411,13.0,51.0,0.255,70.0,151.0,0.464,0.443,26.0,44.0,0.591,38.0,86.0,124.0,99.0,28.0,10.0,53.0,68.0,205.0,0.0
2022,358.0,bryanth01,24.0,was,c,27.0,9.0,439.0,77.0,148.0,0.52,12.0,42.0,0.286,65.0,106.0,0.613,0.561,35.0,40.0,0.875,26.0,82.0,108.0,23.0,6.0,21.0,19.0,43.0,201.0,0.0
2022,359.0,waterli01,24.0,okc,sg,25.0,1.0,465.0,71.0,175.0,0.406,53.0,146.0,0.363,18.0,29.0,0.621,0.557,4.0,5.0,0.8,6.0,67.0,73.0,24.0,19.0,8.0,11.0,31.0,199.0,0.0
2022,360.0,joeis01,22.0,phi,sg,55.0,1.0,609.0,62.0,177.0,0.35,45.0,135.0,0.333,17.0,42.0,0.405,0.477,29.0,31.0,0.935,6.0,50.0,56.0,35.0,14.0,3.0,19.0,47.0,198.0,0.0
2022,361.0,sharpda01,20.0,brk,pf,32.0,8.0,391.0,86.0,149.0,0.577,2.0,7.0,0.286,84.0,142.0,0.592,0.584,24.0,41.0,0.585,81.0,79.0,160.0,17.0,10.0,15.0,30.0,60.0,198.0,0.0
2022,362.0,satorto01,30.0,tot,sg,55.0,13.0,906.0,72.0,191.0,0.377,11.0,53.0,0.208,61.0,138.0,0.442,0.406,43.0,54.0,0.796,27.0,99.0,126.0,184.0,29.0,5.0,46.0,71.0,198.0,0.0
2022,363.0,nesmiaa01,22.0,bos,sf,52.0,3.0,574.0,72.0,182.0,0.396,31.0,115.0,0.27,41.0,67.0,0.612,0.481,21.0,26.0,0.808,15.0,74.0,89.0,22.0,20.0,5.0,31.0,70.0,196.0,0.0
2022,364.0,forretr01,23.0,uta,pg,60.0,6.0,765.0,76.0,155.0,0.49,5.0,27.0,0.185,71.0,128.0,0.555,0.506,38.0,48.0,0.792,23.0,76.0,99.0,106.0,30.0,6.0,48.0,43.0,195.0,0.0
2022,365.0,fultzma01,23.0,orl,pg,18.0,3.0,360.0,83.0,175.0,0.474,4.0,17.0,0.235,79.0,158.0,0.5,0.486,25.0,31.0,0.806,4.0,45.0,49.0,99.0,20.0,5.0,40.0,22.0,195.0,0.0
2022,366.0,flynnma01,23.0,tor,pg,44.0,5.0,537.0,72.0,183.0,0.393,30.0,90.0,0.333,42.0,93.0,0.452,0.475,15.0,24.0,0.625,10.0,53.0,63.0,70.0,20.0,4.0,13.0,45.0,189.0,0.0
2022,367.0,krejcvi01,21.0,okc,sg,30.0,8.0,690.0,68.0,167.0,0.407,32.0,98.0,0.327,36.0,69.0,0.522,0.503,19.0,22.0,0.864,18.0,83.0,101.0,57.0,19.0,8.0,29.0,65.0,187.0,0.0
2022,368.0,snellto01,30.0,tot,sg,53.0,12.0,823.0,69.0,171.0,0.404,45.0,128.0,0.352,24.0,43.0,0.558,0.535,4.0,4.0,1.0,16.0,87.0,103.0,28.0,16.0,9.0,19.0,70.0,187.0,0.0
2022,369.0,garzalu01,23.0,det,c,32.0,5.0,389.0,66.0,147.0,0.449,16.0,49.0,0.327,50.0,98.0,0.51,0.503,38.0,61.0,0.623,58.0,42.0,100.0,20.0,9.0,6.0,18.0,55.0,186.0,0.0
2022,370.0,rondora01,35.0,tot,pg,39.0,1.0,697.0,68.0,176.0,0.386,31.0,88.0,0.352,37.0,88.0,0.42,0.474,19.0,26.0,0.731,15.0,93.0,108.0,170.0,30.0,6.0,68.0,56.0,186.0,0.0
2022,371.0,thomais02,32.0,tot,pg,22.0,1.0,333.0,67.0,167.0,0.401,28.0,83.0,0.337,39.0,84.0,0.464,0.485,22.0,26.0,0.846,4.0,25.0,29.0,34.0,7.0,5.0,15.0,34.0,184.0,0.0
2022,372.0,gillan01,29.0,was,pf,44.0,0.0,463.0,62.0,109.0,0.569,14.0,26.0,0.538,48.0,83.0,0.578,0.633,42.0,52.0,0.808,33.0,52.0,85.0,27.0,5.0,11.0,18.0,58.0,180.0,0.0
2022,373.0,sykeske01,28.0,ind,pg,32.0,11.0,566.0,69.0,190.0,0.363,27.0,90.0,0.3,42.0,100.0,0.42,0.434,15.0,17.0,0.882,8.0,37.0,45.0,62.0,12.0,4.0,33.0,51.0,180.0,0.0
2022,374.0,sextoco01,23.0,cle,sg,11.0,11.0,316.0,68.0,151.0,0.45,11.0,45.0,0.244,57.0,106.0,0.538,0.487,29.0,39.0,0.744,13.0,23.0,36.0,23.0,10.0,0.0,31.0,25.0,176.0,0.0
2022,375.0,antetth01,29.0,mil,sf,48.0,6.0,473.0,70.0,128.0,0.547,2.0,14.0,0.143,68.0,114.0,0.596,0.555,29.0,46.0,0.63,40.0,61.0,101.0,22.0,16.0,12.0,26.0,68.0,171.0,0.0
2022,376.0,goodwbr01,26.0,cle,pg,36.0,5.0,502.0,64.0,154.0,0.416,19.0,55.0,0.345,45.0,99.0,0.455,0.477,24.0,38.0,0.632,14.0,53.0,67.0,91.0,25.0,1.0,36.0,39.0,171.0,0.0
2022,377.0,martike03,26.0,tot,sf,30.0,1.0,450.0,70.0,171.0,0.409,22.0,75.0,0.293,48.0,96.0,0.5,0.474,9.0,13.0,0.692,17.0,38.0,55.0,21.0,13.0,9.0,14.0,36.0,171.0,0.0
2022,378.0,brownmo01,22.0,tot,c,40.0,6.0,345.0,64.0,108.0,0.593,0.0,0.0,,64.0,108.0,0.593,0.593,43.0,72.0,0.597,39.0,96.0,135.0,1.0,7.0,16.0,20.0,53.0,171.0,0.0
2022,379.0,bradlto01,24.0,chi,c,55.0,7.0,549.0,72.0,123.0,0.585,0.0,0.0,,72.0,123.0,0.585,0.585,19.0,29.0,0.655,67.0,119.0,186.0,27.0,10.0,33.0,34.0,62.0,163.0,0.0
2022,380.0,watanyu01,27.0,tor,sf,38.0,4.0,445.0,56.0,138.0,0.406,27.0,79.0,0.342,29.0,59.0,0.492,0.504,24.0,40.0,0.6,18.0,74.0,92.0,21.0,11.0,16.0,19.0,38.0,163.0,0.0
2022,381.0,hoodro01,29.0,tot,sf,52.0,0.0,709.0,58.0,157.0,0.369,30.0,91.0,0.33,28.0,66.0,0.424,0.465,17.0,19.0,0.895,15.0,62.0,77.0,38.0,15.0,6.0,11.0,31.0,163.0,0.0
2022,382.0,butleja02,21.0,uta,sg,42.0,1.0,360.0,61.0,151.0,0.404,28.0,88.0,0.318,33.0,63.0,0.524,0.497,11.0,16.0,0.688,5.0,40.0,45.0,63.0,17.0,8.0,33.0,47.0,161.0,0.0
2022,383.0,lopezbr01,33.0,mil,c,13.0,11.0,298.0,61.0,131.0,0.466,19.0,53.0,0.358,42.0,78.0,0.538,0.538,20.0,23.0,0.87,19.0,34.0,53.0,6.0,8.0,15.0,12.0,34.0,161.0,0.0
2022,384.0,thomama02,27.0,chi,sg,40.0,0.0,459.0,55.0,134.0,0.41,35.0,91.0,0.385,20.0,43.0,0.465,0.541,16.0,20.0,0.8,3.0,47.0,50.0,20.0,8.0,3.0,8.0,18.0,161.0,0.0
2022,385.0,brownst02,26.0,dal,sg,49.0,3.0,628.0,59.0,155.0,0.381,28.0,92.0,0.304,31.0,63.0,0.492,0.471,14.0,15.0,0.933,26.0,123.0,149.0,34.0,14.0,7.0,23.0,56.0,160.0,0.0
2022,386.0,harrijo01,30.0,brk,sf,14.0,14.0,423.0,56.0,124.0,0.452,41.0,88.0,0.466,15.0,36.0,0.417,0.617,5.0,6.0,0.833,5.0,51.0,56.0,14.0,7.0,2.0,16.0,31.0,158.0,0.0
2022,387.0,dragigo01,35.0,tot,pg,21.0,8.0,498.0,57.0,151.0,0.377,16.0,63.0,0.254,41.0,88.0,0.466,0.43,27.0,33.0,0.818,13.0,52.0,65.0,86.0,19.0,4.0,34.0,45.0,157.0,0.0
2022,388.0,chrisma01,24.0,dal,pf,34.0,0.0,346.0,62.0,134.0,0.463,8.0,25.0,0.32,54.0,109.0,0.495,0.493,22.0,33.0,0.667,33.0,70.0,103.0,17.0,13.0,12.0,17.0,64.0,154.0,0.0
2022,389.0,dienggo01,32.0,atl,c,44.0,3.0,371.0,53.0,112.0,0.473,29.0,68.0,0.426,24.0,44.0,0.545,0.603,19.0,26.0,0.731,32.0,89.0,121.0,34.0,11.0,13.0,20.0,52.0,154.0,0.0
2022,390.0,mamuksa01,22.0,mil,pf,41.0,3.0,407.0,57.0,115.0,0.496,22.0,52.0,0.423,35.0,63.0,0.556,0.591,18.0,22.0,0.818,35.0,47.0,82.0,22.0,9.0,9.0,15.0,28.0,154.0,0.0
2022,391.0,sarrol01,22.0,okc,c,22.0,2.0,421.0,58.0,101.0,0.574,13.0,29.0,0.448,45.0,72.0,0.625,0.639,24.0,29.0,0.828,34.0,59.0,93.0,19.0,6.0,15.0,22.0,52.0,153.0,0.0
2022,392.0,willipa01,20.0,chi,pf,17.0,9.0,422.0,54.0,102.0,0.529,15.0,29.0,0.517,39.0,73.0,0.534,0.603,30.0,41.0,0.732,17.0,52.0,69.0,15.0,9.0,9.0,16.0,28.0,153.0,0.0
2022,393.0,paytoel01,27.0,pho,pg,50.0,1.0,549.0,67.0,175.0,0.383,4.0,18.0,0.222,63.0,157.0,0.401,0.394,12.0,32.0,0.375,21.0,67.0,88.0,99.0,25.0,6.0,47.0,38.0,150.0,0.0
2022,394.0,richani01,24.0,cho,c,50.0,5.0,367.0,60.0,90.0,0.667,0.0,0.0,,60.0,90.0,0.667,0.667,30.0,43.0,0.698,34.0,52.0,86.0,13.0,9.0,21.0,24.0,51.0,150.0,0.0
2022,395.0,schofad01,24.0,orl,sf,38.0,1.0,469.0,54.0,129.0,0.419,26.0,79.0,0.329,28.0,50.0,0.56,0.519,12.0,15.0,0.8,17.0,72.0,89.0,25.0,4.0,5.0,21.0,58.0,146.0,0.0
2022,396.0,bouknja01,21.0,cho,sg,31.0,0.0,304.0,49.0,141.0,0.348,17.0,49.0,0.347,32.0,92.0,0.348,0.408,27.0,31.0,0.871,22.0,30.0,52.0,26.0,7.0,1.0,15.0,29.0,142.0,0.0
2022,397.0,lewiski01,20.0,nop,pg,24.0,0.0,341.0,59.0,146.0,0.404,13.0,58.0,0.224,46.0,88.0,0.523,0.449,10.0,12.0,0.833,9.0,30.0,39.0,49.0,11.0,1.0,26.0,17.0,141.0,0.0
2022,398.0,gabriwe01,24.0,tot,pf,26.0,5.0,358.0,54.0,110.0,0.491,8.0,28.0,0.286,46.0,82.0,0.561,0.527,25.0,42.0,0.595,39.0,58.0,97.0,14.0,5.0,11.0,16.0,68.0,141.0,0.0
2022,399.0,zelleco01,29.0,por,c,27.0,0.0,355.0,51.0,90.0,0.567,0.0,4.0,0.0,51.0,86.0,0.593,0.567,38.0,49.0,0.776,50.0,75.0,125.0,22.0,8.0,6.0,19.0,56.0,140.0,0.0
2022,400.0,knighna01,24.0,min,pf,37.0,2.0,267.0,45.0,88.0,0.511,4.0,13.0,0.308,41.0,75.0,0.547,0.534,44.0,60.0,0.733,32.0,53.0,85.0,22.0,7.0,8.0,18.0,42.0,138.0,0.0
2022,401.0,okogijo01,23.0,min,sg,49.0,6.0,516.0,42.0,104.0,0.404,14.0,47.0,0.298,28.0,57.0,0.491,0.471,35.0,51.0,0.686,29.0,41.0,70.0,25.0,26.0,12.0,23.0,53.0,133.0,0.0
2022,402.0,aldamsa01,21.0,mem,pf,32.0,0.0,360.0,53.0,132.0,0.402,6.0,48.0,0.125,47.0,84.0,0.56,0.424,20.0,32.0,0.625,33.0,54.0,87.0,21.0,6.0,10.0,16.0,36.0,132.0,0.0
2022,403.0,bazemke01,32.0,lal,sf,39.0,14.0,545.0,45.0,139.0,0.324,29.0,80.0,0.363,16.0,59.0,0.271,0.428,13.0,17.0,0.765,13.0,56.0,69.0,34.0,25.0,9.0,21.0,70.0,132.0,0.0
2022,404.0,hernaju01,26.0,tot,pf,40.0,9.0,445.0,44.0,106.0,0.415,24.0,69.0,0.348,20.0,37.0,0.541,0.528,19.0,34.0,0.559,28.0,72.0,100.0,20.0,14.0,10.0,16.0,25.0,131.0,0.0
2022,405.0,culveja01,22.0,mem,sg,37.0,0.0,338.0,51.0,135.0,0.378,12.0,47.0,0.255,39.0,88.0,0.443,0.422,16.0,34.0,0.471,13.0,35.0,48.0,33.0,20.0,5.0,20.0,42.0,130.0,0.0
2022,406.0,morrima02,32.0,mia,pf,17.0,1.0,298.0,54.0,114.0,0.474,13.0,39.0,0.333,41.0,75.0,0.547,0.531,8.0,9.0,0.889,17.0,28.0,45.0,23.0,6.0,1.0,20.0,33.0,129.0,0.0
2022,407.0,kanteen01,29.0,bos,c,35.0,1.0,411.0,51.0,97.0,0.526,2.0,5.0,0.4,49.0,92.0,0.533,0.536,24.0,28.0,0.857,61.0,99.0,160.0,8.0,5.0,14.0,20.0,42.0,128.0,0.0
2022,408.0,howarma02,22.0,den,sg,31.0,0.0,176.0,39.0,101.0,0.386,28.0,70.0,0.4,11.0,31.0,0.355,0.525,20.0,23.0,0.87,2.0,10.0,12.0,7.0,9.0,0.0,7.0,17.0,126.0,0.0
2022,409.0,hugheel01,23.0,tot,sg,36.0,4.0,434.0,47.0,144.0,0.326,25.0,95.0,0.263,22.0,49.0,0.449,0.413,7.0,9.0,0.778,6.0,52.0,58.0,22.0,14.0,8.0,17.0,39.0,126.0,0.0
2022,410.0,iguodan01,38.0,gsw,sf,31.0,0.0,603.0,46.0,121.0,0.38,17.0,74.0,0.23,29.0,47.0,0.617,0.45,15.0,20.0,0.75,21.0,79.0,100.0,114.0,27.0,22.0,28.0,34.0,124.0,0.0
2022,411.0,liveris01,23.0,det,sf,19.0,5.0,383.0,41.0,90.0,0.456,27.0,64.0,0.422,14.0,26.0,0.538,0.606,12.0,14.0,0.857,15.0,42.0,57.0,21.0,13.0,7.0,15.0,37.0,121.0,0.0
2022,412.0,tilliki02,23.0,mem,c,36.0,3.0,461.0,43.0,127.0,0.339,27.0,86.0,0.314,16.0,41.0,0.39,0.445,5.0,8.0,0.625,21.0,39.0,60.0,22.0,23.0,15.0,13.0,58.0,118.0,0.0
2022,413.0,reedpa01,22.0,phi,c,38.0,2.0,302.0,54.0,96.0,0.563,2.0,8.0,0.25,52.0,88.0,0.591,0.573,6.0,14.0,0.429,44.0,48.0,92.0,16.0,33.0,14.0,10.0,57.0,116.0,0.0
2022,414.0,millspa01,36.0,tot,c,33.0,1.0,376.0,45.0,115.0,0.391,8.0,35.0,0.229,37.0,80.0,0.463,0.426,17.0,24.0,0.708,41.0,73.0,114.0,29.0,10.0,13.0,19.0,67.0,115.0,0.0
2022,415.0,windldy01,25.0,cle,sf,50.0,0.0,459.0,37.0,98.0,0.378,21.0,70.0,0.3,16.0,28.0,0.571,0.485,15.0,18.0,0.833,21.0,68.0,89.0,34.0,14.0,3.0,16.0,47.0,110.0,0.0
2022,416.0,wainris01,27.0,pho,pf,45.0,0.0,359.0,41.0,104.0,0.394,19.0,59.0,0.322,22.0,45.0,0.489,0.486,7.0,12.0,0.583,27.0,27.0,54.0,15.0,20.0,6.0,13.0,49.0,108.0,0.0
2022,417.0,dunnkr01,27.0,por,pg,14.0,3.0,336.0,44.0,102.0,0.431,1.0,11.0,0.091,43.0,91.0,0.473,0.436,17.0,18.0,0.944,9.0,40.0,49.0,79.0,23.0,3.0,32.0,38.0,106.0,0.0
2022,418.0,dukeda01,22.0,brk,pg,22.0,7.0,341.0,39.0,108.0,0.361,9.0,37.0,0.243,30.0,71.0,0.423,0.403,17.0,21.0,0.81,30.0,37.0,67.0,17.0,14.0,7.0,9.0,36.0,104.0,0.0
2022,419.0,hoardja01,22.0,okc,sf,7.0,5.0,240.0,44.0,90.0,0.489,9.0,25.0,0.36,35.0,65.0,0.538,0.539,6.0,14.0,0.429,30.0,54.0,84.0,17.0,6.0,5.0,8.0,14.0,103.0,0.0
2022,420.0,anderju01,28.0,tot,sf,16.0,6.0,316.0,36.0,95.0,0.379,15.0,59.0,0.254,21.0,36.0,0.583,0.458,15.0,19.0,0.789,4.0,42.0,46.0,33.0,8.0,6.0,8.0,22.0,102.0,0.0
2022,421.0,clarkga01,27.0,nop,pf,38.0,1.0,378.0,33.0,88.0,0.375,28.0,70.0,0.4,5.0,18.0,0.278,0.534,7.0,10.0,0.7,23.0,67.0,90.0,18.0,13.0,7.0,10.0,20.0,101.0,0.0
2022,422.0,oladivi01,29.0,mia,sg,8.0,1.0,173.0,35.0,73.0,0.479,15.0,36.0,0.417,20.0,37.0,0.541,0.582,14.0,19.0,0.737,3.0,20.0,23.0,28.0,5.0,1.0,16.0,13.0,99.0,0.0
2022,423.0,marjabo01,33.0,dal,c,23.0,0.0,128.0,42.0,70.0,0.6,1.0,4.0,0.25,41.0,66.0,0.621,0.607,13.0,22.0,0.591,8.0,31.0,39.0,3.0,0.0,3.0,15.0,24.0,98.0,0.0
2022,424.0,ojelese01,27.0,tot,pf,30.0,0.0,406.0,30.0,99.0,0.303,15.0,50.0,0.3,15.0,49.0,0.306,0.379,23.0,29.0,0.793,27.0,47.0,74.0,9.0,7.0,6.0,9.0,30.0,98.0,0.0
2022,425.0,doziepj01,25.0,den,sg,18.0,0.0,340.0,36.0,99.0,0.364,15.0,48.0,0.313,21.0,51.0,0.412,0.439,10.0,13.0,0.769,14.0,49.0,63.0,29.0,11.0,6.0,13.0,33.0,97.0,0.0
2022,426.0,arizatr01,36.0,lal,sf,24.0,11.0,462.0,33.0,99.0,0.333,20.0,74.0,0.27,13.0,25.0,0.52,0.434,10.0,18.0,0.556,10.0,72.0,82.0,27.0,13.0,6.0,11.0,20.0,96.0,0.0
2022,427.0,blevike01,26.0,por,sf,31.0,1.0,349.0,34.0,111.0,0.306,21.0,72.0,0.292,13.0,39.0,0.333,0.401,6.0,11.0,0.545,16.0,29.0,45.0,19.0,13.0,1.0,17.0,29.0,95.0,0.0
2022,428.0,kaminfr01,28.0,pho,c,9.0,0.0,181.0,36.0,66.0,0.545,5.0,15.0,0.333,31.0,51.0,0.608,0.583,18.0,20.0,0.9,11.0,30.0,41.0,13.0,8.0,7.0,5.0,14.0,95.0,0.0
2022,429.0,knoxke01,22.0,tot,sf,30.0,0.0,222.0,31.0,85.0,0.365,15.0,54.0,0.278,16.0,31.0,0.516,0.453,16.0,22.0,0.727,14.0,30.0,44.0,10.0,4.0,2.0,7.0,19.0,93.0,0.0
2022,430.0,perryre01,21.0,tot,pf,10.0,1.0,187.0,40.0,79.0,0.506,3.0,16.0,0.188,37.0,63.0,0.587,0.525,9.0,15.0,0.6,15.0,32.0,47.0,12.0,9.0,6.0,11.0,33.0,92.0,0.0
2022,431.0,simsje01,23.0,nyk,pf,41.0,5.0,555.0,39.0,54.0,0.722,0.0,0.0,,39.0,54.0,0.722,0.722,12.0,29.0,0.414,61.0,108.0,169.0,21.0,11.0,22.0,20.0,66.0,90.0,0.0
2022,432.0,mcbrimi01,21.0,nyk,pg,40.0,2.0,372.0,32.0,108.0,0.296,17.0,68.0,0.25,15.0,40.0,0.375,0.375,8.0,12.0,0.667,4.0,38.0,42.0,41.0,14.0,1.0,5.0,45.0,89.0,0.0
2022,433.0,portemi01,23.0,den,sf,9.0,9.0,265.0,37.0,103.0,0.359,10.0,48.0,0.208,27.0,55.0,0.491,0.408,5.0,9.0,0.556,9.0,50.0,59.0,17.0,10.0,2.0,12.0,16.0,89.0,0.0
2022,434.0,fernabr01,23.0,tot,c,30.0,0.0,152.0,36.0,55.0,0.655,1.0,2.0,0.5,35.0,53.0,0.66,0.664,15.0,24.0,0.625,18.0,37.0,55.0,7.0,1.0,11.0,14.0,24.0,88.0,0.0
2022,435.0,kalaige01,23.0,tot,sf,13.0,4.0,214.0,31.0,67.0,0.463,10.0,26.0,0.385,21.0,41.0,0.512,0.537,14.0,30.0,0.467,6.0,15.0,21.0,12.0,11.0,2.0,20.0,19.0,86.0,0.0
2022,436.0,noelne01,27.0,nyk,c,25.0,11.0,562.0,32.0,60.0,0.533,0.0,3.0,0.0,32.0,57.0,0.561,0.533,21.0,30.0,0.7,48.0,93.0,141.0,23.0,30.0,31.0,20.0,67.0,85.0,0.0
2022,437.0,wanambr01,32.0,tot,pg,23.0,2.0,320.0,28.0,77.0,0.364,4.0,17.0,0.235,24.0,60.0,0.4,0.39,23.0,25.0,0.92,6.0,33.0,39.0,55.0,7.0,6.0,23.0,45.0,83.0,0.0
2022,438.0,champju01,20.0,tor,sf,36.0,0.0,281.0,31.0,67.0,0.463,10.0,28.0,0.357,21.0,39.0,0.538,0.537,9.0,9.0,1.0,37.0,35.0,72.0,11.0,8.0,4.0,8.0,32.0,81.0,0.0
2022,439.0,laymaja01,27.0,min,sf,34.0,1.0,231.0,30.0,73.0,0.411,8.0,35.0,0.229,22.0,38.0,0.579,0.466,13.0,18.0,0.722,6.0,30.0,36.0,9.0,7.0,5.0,10.0,12.0,81.0,0.0
2022,440.0,azubuud01,22.0,uta,c,17.0,6.0,195.0,37.0,49.0,0.755,0.0,0.0,,37.0,49.0,0.755,0.755,6.0,11.0,0.545,18.0,53.0,71.0,0.0,1.0,11.0,12.0,25.0,80.0,0.0
2022,441.0,mayssk01,24.0,atl,sg,28.0,5.0,220.0,32.0,64.0,0.5,8.0,25.0,0.32,24.0,39.0,0.615,0.563,8.0,9.0,0.889,5.0,20.0,25.0,17.0,7.0,0.0,10.0,9.0,80.0,0.0
2022,442.0,wiggili01,23.0,mil,pg,19.0,0.0,199.0,26.0,61.0,0.426,9.0,26.0,0.346,17.0,35.0,0.486,0.5,19.0,35.0,0.543,3.0,22.0,25.0,23.0,5.0,1.0,12.0,17.0,80.0,0.0
2022,443.0,keybr01,24.0,tot,sf,11.0,0.0,197.0,33.0,72.0,0.458,6.0,21.0,0.286,27.0,51.0,0.529,0.5,7.0,13.0,0.538,13.0,37.0,50.0,11.0,10.0,11.0,11.0,26.0,79.0,0.0
2022,444.0,robinju01,24.0,tot,pg,25.0,0.0,304.0,28.0,93.0,0.301,18.0,61.0,0.295,10.0,32.0,0.313,0.398,4.0,8.0,0.5,4.0,17.0,21.0,32.0,9.0,1.0,17.0,27.0,78.0,0.0
2022,445.0,nixda01,19.0,hou,sg,24.0,0.0,261.0,27.0,67.0,0.403,7.0,26.0,0.269,20.0,41.0,0.488,0.455,16.0,30.0,0.533,7.0,26.0,33.0,40.0,15.0,0.0,26.0,21.0,77.0,0.0
2022,446.0,okpalkz01,22.0,mia,pf,21.0,0.0,244.0,30.0,69.0,0.435,9.0,26.0,0.346,21.0,43.0,0.488,0.5,8.0,11.0,0.727,11.0,30.0,41.0,14.0,4.0,7.0,5.0,25.0,77.0,0.0
2022,447.0,monrogr01,31.0,tot,c,14.0,0.0,195.0,32.0,57.0,0.561,0.0,0.0,,32.0,57.0,0.561,0.561,12.0,23.0,0.522,30.0,34.0,64.0,22.0,8.0,10.0,12.0,24.0,76.0,0.0
2022,448.0,guyky01,24.0,mia,sg,19.0,0.0,186.0,26.0,65.0,0.4,14.0,40.0,0.35,12.0,25.0,0.48,0.508,8.0,12.0,0.667,4.0,13.0,17.0,17.0,7.0,1.0,13.0,12.0,74.0,0.0
2022,449.0,hillma01,26.0,tot,sg,19.0,0.0,212.0,24.0,52.0,0.462,13.0,36.0,0.361,11.0,16.0,0.688,0.587,11.0,14.0,0.786,11.0,24.0,35.0,8.0,7.0,3.0,3.0,24.0,72.0,0.0
2022,450.0,bassech01,21.0,phi,c,23.0,0.0,168.0,30.0,47.0,0.638,0.0,4.0,0.0,30.0,43.0,0.698,0.638,9.0,12.0,0.75,22.0,40.0,62.0,7.0,5.0,17.0,8.0,32.0,69.0,0.0
2022,451.0,valende01,28.0,tot,sg,24.0,0.0,222.0,25.0,66.0,0.379,19.0,47.0,0.404,6.0,19.0,0.316,0.523,0.0,0.0,,9.0,33.0,42.0,11.0,8.0,0.0,12.0,20.0,69.0,0.0
2022,452.0,muldemy01,27.0,tot,pg,17.0,3.0,239.0,24.0,77.0,0.312,17.0,54.0,0.315,7.0,23.0,0.304,0.422,4.0,4.0,1.0,2.0,22.0,24.0,5.0,4.0,2.0,8.0,13.0,69.0,0.0
2022,453.0,chiozch01,26.0,gsw,pg,34.0,1.0,372.0,24.0,81.0,0.296,17.0,53.0,0.321,7.0,28.0,0.25,0.401,2.0,3.0,0.667,9.0,27.0,36.0,65.0,13.0,0.0,32.0,32.0,67.0,0.0
2022,454.0,cookty01,24.0,chi,pf,20.0,2.0,200.0,23.0,38.0,0.605,0.0,0.0,,23.0,38.0,0.605,0.605,21.0,32.0,0.656,16.0,37.0,53.0,3.0,4.0,4.0,7.0,28.0,67.0,0.0
2022,455.0,thorjt01,19.0,cho,pf,33.0,0.0,262.0,24.0,55.0,0.436,7.0,27.0,0.259,17.0,28.0,0.607,0.5,12.0,20.0,0.6,11.0,32.0,43.0,19.0,8.0,11.0,10.0,26.0,67.0,0.0
2022,456.0,hausesa01,24.0,bos,sf,26.0,0.0,158.0,23.0,50.0,0.46,19.0,44.0,0.432,4.0,6.0,0.667,0.65,0.0,0.0,,5.0,24.0,29.0,10.0,1.0,2.0,2.0,7.0,65.0,0.0
2022,457.0,cancavl01,24.0,den,pf,15.0,1.0,176.0,23.0,41.0,0.561,7.0,12.0,0.583,16.0,29.0,0.552,0.646,9.0,14.0,0.643,8.0,23.0,31.0,17.0,2.0,3.0,9.0,18.0,62.0,0.0
2022,458.0,wieskjo01,22.0,sas,sg,29.0,0.0,205.0,20.0,56.0,0.357,14.0,43.0,0.326,6.0,13.0,0.462,0.482,7.0,13.0,0.538,4.0,10.0,14.0,9.0,4.0,3.0,2.0,14.0,61.0,0.0
2022,459.0,ramseja01,20.0,sac,sg,19.0,0.0,134.0,24.0,58.0,0.414,5.0,18.0,0.278,19.0,40.0,0.475,0.457,7.0,14.0,0.5,4.0,9.0,13.0,7.0,1.0,1.0,5.0,10.0,60.0,0.0
2022,460.0,mckinal01,29.0,chi,sf,17.0,3.0,206.0,24.0,61.0,0.393,9.0,27.0,0.333,15.0,34.0,0.441,0.467,2.0,8.0,0.25,13.0,20.0,33.0,5.0,2.0,3.0,7.0,26.0,59.0,0.0
2022,461.0,moonxa01,27.0,lac,sg,10.0,0.0,137.0,25.0,51.0,0.49,5.0,14.0,0.357,20.0,37.0,0.541,0.539,3.0,5.0,0.6,2.0,12.0,14.0,24.0,7.0,3.0,6.0,9.0,58.0,0.0
2022,462.0,diakima01,25.0,okc,pf,13.0,3.0,188.0,25.0,47.0,0.532,0.0,5.0,0.0,25.0,42.0,0.595,0.532,6.0,11.0,0.545,17.0,42.0,59.0,2.0,5.0,9.0,7.0,33.0,56.0,0.0
2022,463.0,parkeja01,26.0,bos,pf,12.0,0.0,112.0,18.0,38.0,0.474,8.0,16.0,0.5,10.0,22.0,0.455,0.579,9.0,9.0,1.0,5.0,23.0,28.0,6.0,4.0,1.0,8.0,13.0,53.0,0.0
2022,464.0,johnsja05,20.0,atl,pf,22.0,0.0,120.0,22.0,41.0,0.537,3.0,13.0,0.231,19.0,28.0,0.679,0.573,5.0,7.0,0.714,2.0,24.0,26.0,3.0,3.0,2.0,9.0,9.0,52.0,0.0
2022,465.0,stanlca01,22.0,det,sg,9.0,1.0,155.0,19.0,46.0,0.413,4.0,17.0,0.235,15.0,29.0,0.517,0.457,10.0,10.0,1.0,5.0,14.0,19.0,4.0,5.0,2.0,6.0,17.0,52.0,0.0
2022,466.0,smartja01,22.0,tot,pg,17.0,1.0,200.0,19.0,60.0,0.317,8.0,27.0,0.296,11.0,33.0,0.333,0.383,5.0,6.0,0.833,5.0,19.0,24.0,16.0,6.0,3.0,11.0,12.0,51.0,0.0
2022,467.0,bolmale01,21.0,min,sf,35.0,2.0,241.0,17.0,54.0,0.315,5.0,18.0,0.278,12.0,36.0,0.333,0.361,11.0,13.0,0.846,16.0,27.0,43.0,21.0,6.0,0.0,13.0,26.0,50.0,0.0
2022,468.0,cannade01,25.0,orl,pg,5.0,0.0,145.0,15.0,44.0,0.341,15.0,37.0,0.405,0.0,7.0,0.0,0.511,5.0,7.0,0.714,1.0,5.0,6.0,10.0,5.0,3.0,5.0,9.0,50.0,0.0
2022,469.0,graveha01,25.0,orl,pg,8.0,3.0,171.0,18.0,38.0,0.474,11.0,26.0,0.423,7.0,12.0,0.583,0.618,3.0,4.0,0.75,1.0,20.0,21.0,20.0,5.0,1.0,9.0,13.0,50.0,0.0
2022,470.0,pickeja01,24.0,det,pf,13.0,0.0,176.0,18.0,50.0,0.36,13.0,39.0,0.333,5.0,11.0,0.455,0.49,1.0,2.0,0.5,6.0,26.0,32.0,7.0,0.0,7.0,5.0,12.0,50.0,0.0
2022,471.0,scrubja01,21.0,lac,sg,18.0,0.0,121.0,18.0,46.0,0.391,6.0,21.0,0.286,12.0,25.0,0.48,0.457,7.0,10.0,0.7,2.0,14.0,16.0,8.0,4.0,3.0,7.0,9.0,49.0,0.0
2022,472.0,garubus01,19.0,hou,pf,24.0,2.0,239.0,19.0,44.0,0.432,5.0,20.0,0.25,14.0,24.0,0.583,0.489,5.0,7.0,0.714,21.0,62.0,83.0,17.0,10.0,11.0,6.0,28.0,48.0,0.0
2022,473.0,pinsoth01,26.0,dal,sf,19.0,0.0,148.0,14.0,39.0,0.359,10.0,30.0,0.333,4.0,9.0,0.444,0.487,10.0,10.0,1.0,2.0,19.0,21.0,17.0,5.0,2.0,5.0,12.0,48.0,0.0
2022,474.0,cacokde01,25.0,sas,pf,15.0,0.0,121.0,21.0,31.0,0.677,0.0,0.0,,21.0,31.0,0.677,0.677,4.0,7.0,0.571,8.0,34.0,42.0,6.0,8.0,7.0,3.0,16.0,46.0,0.0
2022,475.0,kinglo02,22.0,sac,sf,10.0,0.0,104.0,15.0,47.0,0.319,8.0,27.0,0.296,7.0,20.0,0.35,0.404,7.0,10.0,0.7,0.0,12.0,12.0,9.0,2.0,1.0,0.0,14.0,45.0,0.0
2022,476.0,quetane01,22.0,sac,c,15.0,0.0,120.0,17.0,38.0,0.447,0.0,0.0,,17.0,38.0,0.447,0.447,11.0,17.0,0.647,14.0,17.0,31.0,6.0,1.0,8.0,6.0,18.0,45.0,0.0
2022,477.0,simpsza01,24.0,okc,pg,4.0,4.0,174.0,19.0,52.0,0.365,1.0,8.0,0.125,18.0,44.0,0.409,0.375,5.0,5.0,1.0,2.0,19.0,21.0,30.0,5.0,4.0,10.0,15.0,44.0,0.0
2022,478.0,highsha01,25.0,mia,sf,19.0,1.0,163.0,16.0,46.0,0.348,9.0,28.0,0.321,7.0,18.0,0.389,0.446,2.0,5.0,0.4,10.0,16.0,26.0,6.0,2.0,3.0,3.0,13.0,43.0,0.0
2022,479.0,queentr01,24.0,hou,sg,10.0,0.0,74.0,15.0,33.0,0.455,9.0,24.0,0.375,6.0,9.0,0.667,0.591,4.0,4.0,1.0,7.0,9.0,16.0,4.0,5.0,1.0,7.0,6.0,43.0,0.0
2022,480.0,johnsal02,25.0,tot,pf,23.0,0.0,167.0,17.0,39.0,0.436,0.0,4.0,0.0,17.0,35.0,0.486,0.436,7.0,12.0,0.583,28.0,33.0,61.0,9.0,5.0,0.0,12.0,18.0,41.0,0.0
2022,481.0,pangoke01,29.0,cle,pg,24.0,3.0,166.0,15.0,46.0,0.326,6.0,26.0,0.231,9.0,20.0,0.45,0.391,3.0,4.0,0.75,2.0,9.0,11.0,30.0,3.0,0.0,7.0,11.0,39.0,0.0
2022,482.0,fraziti01,31.0,tot,pg,12.0,3.0,208.0,14.0,45.0,0.311,6.0,17.0,0.353,8.0,28.0,0.286,0.378,5.0,9.0,0.556,5.0,14.0,19.0,34.0,3.0,1.0,15.0,27.0,39.0,0.0
2022,483.0,harpeja01,24.0,nop,pg,5.0,0.0,43.0,14.0,26.0,0.538,5.0,12.0,0.417,9.0,14.0,0.643,0.635,4.0,4.0,1.0,2.0,0.0,2.0,14.0,4.0,1.0,2.0,5.0,37.0,0.0
2022,484.0,louzama01,22.0,tot,sf,9.0,1.0,129.0,12.0,33.0,0.364,9.0,23.0,0.391,3.0,10.0,0.3,0.5,2.0,2.0,1.0,5.0,12.0,17.0,5.0,2.0,2.0,5.0,13.0,35.0,0.0
2022,485.0,caulewi01,28.0,tot,c,20.0,2.0,183.0,16.0,35.0,0.457,1.0,2.0,0.5,15.0,33.0,0.455,0.471,1.0,2.0,0.5,13.0,27.0,40.0,10.0,6.0,3.0,7.0,19.0,34.0,0.0
2022,486.0,naderab01,28.0,pho,sf,14.0,0.0,145.0,12.0,35.0,0.343,4.0,14.0,0.286,8.0,21.0,0.381,0.4,6.0,10.0,0.6,4.0,23.0,27.0,7.0,8.0,4.0,11.0,20.0,34.0,0.0
2022,487.0,bolbo01,22.0,den,pf,14.0,0.0,81.0,15.0,27.0,0.556,1.0,4.0,0.25,14.0,23.0,0.609,0.574,2.0,5.0,0.4,4.0,16.0,20.0,5.0,1.0,2.0,4.0,4.0,33.0,0.0
2022,488.0,frazime01,25.0,okc,sg,3.0,0.0,120.0,13.0,48.0,0.271,1.0,21.0,0.048,12.0,27.0,0.444,0.281,5.0,7.0,0.714,5.0,8.0,13.0,1.0,1.0,0.0,3.0,8.0,32.0,0.0
2022,489.0,hasleud01,41.0,mia,c,13.0,0.0,83.0,14.0,31.0,0.452,1.0,4.0,0.25,13.0,27.0,0.481,0.468,3.0,3.0,1.0,4.0,21.0,25.0,4.0,1.0,1.0,5.0,15.0,32.0,0.0
2022,490.0,knighbr03,30.0,dal,pg,5.0,0.0,65.0,10.0,25.0,0.4,4.0,17.0,0.235,6.0,8.0,0.75,0.48,8.0,8.0,1.0,0.0,8.0,8.0,8.0,1.0,0.0,4.0,5.0,32.0,0.0
2022,491.0,watsopa01,27.0,okc,sf,9.0,3.0,156.0,12.0,35.0,0.343,6.0,26.0,0.231,6.0,9.0,0.667,0.429,1.0,2.0,0.5,3.0,24.0,27.0,8.0,3.0,3.0,4.0,10.0,31.0,0.0
2022,492.0,brownch05,23.0,tot,sf,5.0,2.0,104.0,10.0,32.0,0.313,6.0,18.0,0.333,4.0,14.0,0.286,0.406,5.0,6.0,0.833,1.0,15.0,16.0,4.0,2.0,0.0,1.0,7.0,31.0,0.0
2022,493.0,weathqu01,25.0,gsw,sg,11.0,0.0,73.0,12.0,21.0,0.571,1.0,5.0,0.2,11.0,16.0,0.688,0.595,5.0,5.0,1.0,2.0,12.0,14.0,5.0,1.0,1.0,3.0,15.0,30.0,0.0
2022,494.0,wilsodj01,25.0,tor,pf,4.0,1.0,54.0,11.0,15.0,0.733,0.0,2.0,0.0,11.0,13.0,0.846,0.733,8.0,10.0,0.8,1.0,15.0,16.0,5.0,5.0,1.0,2.0,6.0,30.0,0.0
2022,495.0,brownch02,24.0,tot,sg,22.0,2.0,177.0,10.0,39.0,0.256,1.0,12.0,0.083,9.0,27.0,0.333,0.269,9.0,10.0,0.9,14.0,18.0,32.0,6.0,10.0,4.0,5.0,18.0,30.0,0.0
2022,496.0,kornelu01,26.0,tot,c,15.0,0.0,103.0,13.0,27.0,0.481,0.0,5.0,0.0,13.0,22.0,0.591,0.481,4.0,6.0,0.667,13.0,16.0,29.0,9.0,3.0,3.0,0.0,9.0,30.0,0.0
2022,497.0,dotsode01,22.0,chi,pg,11.0,0.0,85.0,11.0,23.0,0.478,2.0,9.0,0.222,9.0,14.0,0.643,0.522,5.0,9.0,0.556,1.0,8.0,9.0,15.0,1.0,0.0,5.0,11.0,29.0,0.0
2022,498.0,ennisja01,31.0,tot,sf,7.0,0.0,56.0,11.0,24.0,0.458,3.0,8.0,0.375,8.0,16.0,0.5,0.521,4.0,5.0,0.8,5.0,7.0,12.0,3.0,2.0,2.0,2.0,5.0,29.0,0.0
2022,499.0,davised01,32.0,cle,c,31.0,3.0,201.0,11.0,16.0,0.688,0.0,0.0,,11.0,16.0,0.688,0.688,6.0,14.0,0.429,14.0,50.0,64.0,7.0,3.0,9.0,5.0,33.0,28.0,0.0
2022,500.0,jonesma05,23.0,lal,sg,4.0,0.0,51.0,7.0,15.0,0.467,1.0,4.0,0.25,6.0,11.0,0.545,0.5,12.0,15.0,0.8,1.0,9.0,10.0,4.0,2.0,0.0,1.0,8.0,27.0,0.0
2022,501.0,johnsbj01,26.0,orl,sf,4.0,0.0,65.0,11.0,25.0,0.44,4.0,10.0,0.4,7.0,15.0,0.467,0.52,0.0,0.0,,6.0,9.0,15.0,0.0,0.0,1.0,0.0,4.0,26.0,0.0
2022,502.0,silvach01,25.0,tot,pf,10.0,0.0,91.0,8.0,15.0,0.533,0.0,0.0,,8.0,15.0,0.533,0.533,10.0,12.0,0.833,13.0,23.0,36.0,7.0,0.0,1.0,8.0,20.0,26.0,0.0
2022,503.0,merrisa01,25.0,mem,sg,6.0,0.0,58.0,8.0,24.0,0.333,7.0,23.0,0.304,1.0,1.0,1.0,0.479,2.0,4.0,0.5,1.0,6.0,7.0,4.0,0.0,0.0,2.0,3.0,25.0,0.0
2022,504.0,edwarca01,23.0,det,sg,4.0,0.0,79.0,9.0,30.0,0.3,4.0,16.0,0.25,5.0,14.0,0.357,0.367,1.0,1.0,1.0,2.0,4.0,6.0,14.0,2.0,0.0,5.0,4.0,23.0,0.0
2022,505.0,oliveca01,25.0,atl,sf,2.0,0.0,43.0,10.0,15.0,0.667,1.0,3.0,0.333,9.0,12.0,0.75,0.7,2.0,3.0,0.667,2.0,4.0,6.0,3.0,1.0,1.0,0.0,5.0,23.0,0.0
2022,506.0,iwundwe01,27.0,atl,sf,3.0,1.0,82.0,8.0,18.0,0.444,3.0,5.0,0.6,5.0,13.0,0.385,0.528,3.0,4.0,0.75,3.0,10.0,13.0,0.0,1.0,0.0,1.0,8.0,22.0,0.0
2022,507.0,joneska01,21.0,cho,c,21.0,0.0,63.0,9.0,14.0,0.643,1.0,2.0,0.5,8.0,12.0,0.667,0.679,3.0,8.0,0.375,3.0,8.0,11.0,4.0,1.0,2.0,6.0,8.0,22.0,0.0
2022,508.0,gillefr01,24.0,orl,pf,9.0,2.0,119.0,9.0,22.0,0.409,0.0,1.0,0.0,9.0,21.0,0.429,0.409,3.0,7.0,0.429,13.0,23.0,36.0,5.0,3.0,9.0,5.0,18.0,21.0,0.0
2022,509.0,thomabr01,25.0,bos,sg,12.0,0.0,60.0,8.0,18.0,0.444,2.0,9.0,0.222,6.0,9.0,0.667,0.5,3.0,5.0,0.6,2.0,8.0,10.0,11.0,1.0,1.0,6.0,7.0,21.0,0.0
2022,510.0,fittsma01,24.0,tot,pf,15.0,0.0,63.0,8.0,19.0,0.421,5.0,10.0,0.5,3.0,9.0,0.333,0.553,0.0,0.0,,2.0,15.0,17.0,5.0,0.0,0.0,2.0,4.0,21.0,0.0
2022,511.0,tuckera01,24.0,tot,sg,5.0,0.0,71.0,6.0,9.0,0.667,4.0,5.0,0.8,2.0,4.0,0.5,0.889,5.0,7.0,0.714,3.0,5.0,8.0,10.0,4.0,0.0,1.0,5.0,21.0,0.0
2022,512.0,toddis01,20.0,was,pf,12.0,0.0,74.0,7.0,26.0,0.269,4.0,16.0,0.25,3.0,10.0,0.3,0.346,2.0,6.0,0.333,3.0,9.0,12.0,4.0,4.0,2.0,4.0,4.0,20.0,0.0
2022,513.0,careyve01,20.0,tot,c,7.0,1.0,44.0,7.0,13.0,0.538,0.0,0.0,,7.0,13.0,0.538,0.538,6.0,13.0,0.462,8.0,4.0,12.0,0.0,2.0,1.0,3.0,4.0,20.0,0.0
2022,514.0,waltode01,26.0,det,pg,3.0,3.0,108.0,6.0,26.0,0.231,3.0,13.0,0.231,3.0,13.0,0.231,0.288,4.0,4.0,1.0,2.0,8.0,10.0,21.0,7.0,4.0,11.0,8.0,19.0,0.0
2022,515.0,dowtije01,24.0,tot,pg,9.0,0.0,108.0,8.0,26.0,0.308,1.0,9.0,0.111,7.0,17.0,0.412,0.327,2.0,2.0,1.0,8.0,10.0,18.0,10.0,5.0,1.0,5.0,5.0,19.0,0.0
2022,516.0,deckga01,26.0,okc,pf,7.0,0.0,56.0,8.0,14.0,0.571,2.0,4.0,0.5,6.0,10.0,0.6,0.643,0.0,0.0,,1.0,5.0,6.0,5.0,1.0,0.0,2.0,2.0,18.0,0.0
2022,517.0,stausni01,28.0,tot,sg,8.0,0.0,39.0,5.0,14.0,0.357,4.0,10.0,0.4,1.0,4.0,0.25,0.5,4.0,6.0,0.667,1.0,2.0,3.0,2.0,0.0,0.0,1.0,1.0,18.0,0.0
2022,518.0,simonma01,22.0,chi,c,9.0,0.0,35.0,4.0,15.0,0.267,1.0,5.0,0.2,3.0,10.0,0.3,0.3,8.0,11.0,0.727,5.0,5.0,10.0,0.0,1.0,1.0,2.0,6.0,17.0,0.0
2022,519.0,wallaty01,27.0,nop,sg,6.0,0.0,75.0,7.0,20.0,0.35,2.0,8.0,0.25,5.0,12.0,0.417,0.4,1.0,5.0,0.2,0.0,8.0,8.0,1.0,3.0,1.0,2.0,7.0,17.0,0.0
2022,520.0,johnsty01,29.0,tot,pg,6.0,0.0,91.0,6.0,20.0,0.3,5.0,13.0,0.385,1.0,7.0,0.143,0.425,0.0,0.0,,3.0,9.0,12.0,7.0,3.0,3.0,2.0,7.0,17.0,0.0
2022,521.0,arcidry01,27.0,nyk,pg,10.0,0.0,76.0,6.0,12.0,0.5,4.0,9.0,0.444,2.0,3.0,0.667,0.667,0.0,0.0,,0.0,8.0,8.0,4.0,1.0,0.0,3.0,5.0,16.0,0.0
2022,522.0,nembhrj01,22.0,cle,sg,14.0,0.0,63.0,6.0,18.0,0.333,0.0,2.0,0.0,6.0,16.0,0.375,0.333,3.0,4.0,0.75,3.0,4.0,7.0,12.0,1.0,0.0,3.0,2.0,15.0,0.0
2022,523.0,jacksju01,26.0,tot,sf,7.0,0.0,37.0,5.0,15.0,0.333,3.0,9.0,0.333,2.0,6.0,0.333,0.433,2.0,2.0,1.0,1.0,6.0,7.0,2.0,0.0,0.0,1.0,3.0,15.0,0.0
2022,524.0,cornepe01,26.0,den,pf,13.0,0.0,38.0,5.0,15.0,0.333,1.0,8.0,0.125,4.0,7.0,0.571,0.367,3.0,4.0,0.75,7.0,7.0,14.0,3.0,1.0,1.0,4.0,7.0,14.0,0.0
2022,525.0,doumbse01,21.0,lal,pf,2.0,0.0,16.0,5.0,8.0,0.625,1.0,2.0,0.5,4.0,6.0,0.667,0.688,3.0,4.0,0.75,2.0,4.0,6.0,0.0,3.0,2.0,2.0,1.0,14.0,0.0
2022,526.0,fordal03,24.0,orl,sf,5.0,0.0,74.0,6.0,20.0,0.3,2.0,15.0,0.133,4.0,5.0,0.8,0.35,0.0,0.0,,2.0,13.0,15.0,2.0,1.0,0.0,4.0,7.0,14.0,0.0
2022,527.0,mcgrica01,24.0,por,sf,3.0,0.0,46.0,5.0,14.0,0.357,2.0,6.0,0.333,3.0,8.0,0.375,0.429,2.0,2.0,1.0,6.0,9.0,15.0,3.0,0.0,1.0,0.0,7.0,14.0,0.0
2022,528.0,winstca01,23.0,was,pg,7.0,0.0,39.0,4.0,11.0,0.364,2.0,6.0,0.333,2.0,5.0,0.4,0.455,4.0,4.0,1.0,0.0,1.0,1.0,7.0,0.0,0.0,3.0,9.0,14.0,0.0
2022,529.0,gallola01,30.0,tot,sg,7.0,0.0,107.0,6.0,26.0,0.231,2.0,16.0,0.125,4.0,10.0,0.4,0.269,0.0,0.0,,3.0,15.0,18.0,12.0,1.0,0.0,6.0,7.0,14.0,0.0
2022,530.0,garrema01,23.0,mia,sg,12.0,0.0,128.0,5.0,21.0,0.238,1.0,4.0,0.25,4.0,17.0,0.235,0.262,2.0,5.0,0.4,9.0,14.0,23.0,7.0,5.0,3.0,2.0,16.0,13.0,0.0
2022,531.0,lundbga01,27.0,pho,sg,4.0,0.0,44.0,5.0,19.0,0.263,3.0,8.0,0.375,2.0,11.0,0.182,0.342,0.0,0.0,,2.0,5.0,7.0,11.0,3.0,0.0,3.0,7.0,13.0,0.0
2022,532.0,ponsyv01,22.0,mem,sf,12.0,0.0,71.0,5.0,16.0,0.313,3.0,9.0,0.333,2.0,7.0,0.286,0.406,0.0,2.0,0.0,5.0,7.0,12.0,1.0,1.0,4.0,1.0,6.0,13.0,0.0
2022,533.0,powelmy01,24.0,phi,pg,11.0,0.0,52.0,5.0,17.0,0.294,1.0,6.0,0.167,4.0,11.0,0.364,0.324,2.0,2.0,1.0,1.0,5.0,6.0,3.0,1.0,0.0,3.0,8.0,13.0,0.0
2022,534.0,bongais01,22.0,tor,sf,15.0,0.0,69.0,3.0,13.0,0.231,1.0,4.0,0.25,2.0,9.0,0.222,0.269,5.0,8.0,0.625,4.0,3.0,7.0,4.0,8.0,2.0,2.0,10.0,12.0,0.0
2022,535.0,fallta01,26.0,cle,c,11.0,1.0,59.0,5.0,12.0,0.417,0.0,0.0,,5.0,12.0,0.417,0.417,2.0,7.0,0.286,7.0,16.0,23.0,2.0,0.0,6.0,3.0,3.0,12.0,0.0
2022,536.0,pottemi01,23.0,det,c,3.0,0.0,31.0,5.0,11.0,0.455,0.0,2.0,0.0,5.0,9.0,0.556,0.455,2.0,2.0,1.0,4.0,5.0,9.0,0.0,1.0,1.0,1.0,4.0,12.0,0.0
2022,537.0,diallch01,25.0,det,c,3.0,0.0,31.0,3.0,8.0,0.375,0.0,0.0,,3.0,8.0,0.375,0.375,5.0,6.0,0.833,4.0,8.0,12.0,0.0,1.0,0.0,1.0,6.0,11.0,0.0
2022,538.0,watertr01,24.0,tot,pg,3.0,0.0,50.0,4.0,14.0,0.286,2.0,9.0,0.222,2.0,5.0,0.4,0.357,0.0,0.0,,0.0,4.0,4.0,7.0,5.0,0.0,4.0,4.0,10.0,0.0
2022,539.0,oturuda01,22.0,tor,c,3.0,0.0,27.0,3.0,6.0,0.5,0.0,1.0,0.0,3.0,5.0,0.6,0.5,3.0,5.0,0.6,1.0,4.0,5.0,0.0,0.0,2.0,0.0,1.0,9.0,0.0
2022,540.0,hillso01,30.0,atl,sf,13.0,1.0,139.0,3.0,20.0,0.15,2.0,13.0,0.154,1.0,7.0,0.143,0.2,0.0,0.0,,6.0,17.0,23.0,12.0,4.0,2.0,1.0,16.0,8.0,0.0
2022,541.0,newmama01,24.0,cle,pg,1.0,0.0,8.0,3.0,5.0,0.6,0.0,1.0,0.0,3.0,4.0,0.75,0.6,2.0,2.0,1.0,0.0,1.0,1.0,1.0,0.0,0.0,1.0,0.0,8.0,0.0
2022,542.0,yorkga01,28.0,ind,sg,2.0,0.0,21.0,2.0,7.0,0.286,1.0,6.0,0.167,1.0,1.0,1.0,0.357,3.0,5.0,0.6,0.0,2.0,2.0,4.0,2.0,1.0,1.0,4.0,8.0,0.0
2022,543.0,mccluma01,23.0,tot,sg,2.0,0.0,25.0,3.0,6.0,0.5,1.0,3.0,0.333,2.0,3.0,0.667,0.583,1.0,1.0,1.0,0.0,3.0,3.0,1.0,1.0,1.0,3.0,5.0,8.0,0.0
2022,544.0,coopesh01,20.0,atl,pg,13.0,0.0,39.0,3.0,14.0,0.214,1.0,6.0,0.167,2.0,8.0,0.25,0.25,0.0,0.0,,0.0,5.0,5.0,5.0,0.0,0.0,5.0,1.0,7.0,0.0
2022,545.0,omorueu01,24.0,dal,sf,4.0,0.0,18.0,2.0,5.0,0.4,1.0,2.0,0.5,1.0,3.0,0.333,0.5,2.0,4.0,0.5,2.0,5.0,7.0,2.0,0.0,0.0,0.0,2.0,7.0,0.0
2022,546.0,woodaro01,22.0,sac,sf,12.0,0.0,42.0,2.0,16.0,0.125,1.0,4.0,0.25,1.0,12.0,0.083,0.156,2.0,2.0,1.0,5.0,6.0,11.0,3.0,1.0,1.0,1.0,3.0,7.0,0.0
2022,547.0,basspa01,26.0,pho,sf,2.0,0.0,7.0,2.0,6.0,0.333,0.0,2.0,0.0,2.0,4.0,0.5,0.333,2.0,2.0,1.0,2.0,2.0,4.0,0.0,1.0,0.0,2.0,2.0,6.0,0.0
2022,548.0,mathida01,26.0,mem,sg,6.0,0.0,16.0,2.0,6.0,0.333,2.0,6.0,0.333,0.0,0.0,,0.5,0.0,0.0,,0.0,2.0,2.0,1.0,1.0,0.0,0.0,1.0,6.0,0.0
2022,549.0,pelleno01,28.0,uta,c,3.0,0.0,19.0,3.0,5.0,0.6,0.0,0.0,,3.0,5.0,0.6,0.6,0.0,0.0,,3.0,3.0,6.0,0.0,0.0,1.0,2.0,1.0,6.0,0.0
2022,550.0,scotttr01,25.0,cle,sf,2.0,0.0,11.0,3.0,6.0,0.5,0.0,1.0,0.0,3.0,5.0,0.6,0.5,0.0,0.0,,1.0,1.0,2.0,0.0,1.0,1.0,0.0,2.0,6.0,0.0
2022,551.0,swordcr01,28.0,was,sg,3.0,0.0,19.0,3.0,4.0,0.75,0.0,1.0,0.0,3.0,3.0,1.0,0.75,0.0,0.0,,0.0,0.0,0.0,1.0,4.0,0.0,1.0,7.0,6.0,0.0
2022,552.0,morgaju01,24.0,tot,pf,2.0,0.0,31.0,2.0,3.0,0.667,1.0,2.0,0.5,1.0,1.0,1.0,0.833,0.0,0.0,,2.0,2.0,4.0,1.0,0.0,0.0,0.0,3.0,5.0,0.0
2022,553.0,onimi01,24.0,uta,sg,16.0,0.0,44.0,2.0,9.0,0.222,1.0,8.0,0.125,1.0,1.0,1.0,0.278,0.0,1.0,0.0,1.0,6.0,7.0,5.0,0.0,0.0,1.0,7.0,5.0,0.0
2022,554.0,schakjo01,23.0,was,sg,4.0,0.0,30.0,1.0,11.0,0.091,1.0,6.0,0.167,0.0,5.0,0.0,0.136,2.0,2.0,1.0,2.0,6.0,8.0,0.0,1.0,0.0,1.0,0.0,5.0,0.0
2022,555.0,seldewa01,27.0,nyk,sg,3.0,0.0,19.0,1.0,4.0,0.25,1.0,2.0,0.5,0.0,2.0,0.0,0.375,2.0,4.0,0.5,0.0,1.0,1.0,1.0,0.0,0.0,0.0,1.0,5.0,0.0
2022,556.0,sneedxa01,24.0,tot,sf,9.0,0.0,39.0,2.0,10.0,0.2,1.0,8.0,0.125,1.0,2.0,0.5,0.25,0.0,0.0,,2.0,4.0,6.0,1.0,0.0,0.0,0.0,2.0,5.0,0.0
2022,557.0,wrighmc01,23.0,min,pg,5.0,0.0,19.0,2.0,3.0,0.667,1.0,2.0,0.5,1.0,1.0,1.0,0.833,0.0,0.0,,0.0,0.0,0.0,3.0,0.0,0.0,1.0,1.0,5.0,0.0
2022,558.0,wrighmo01,23.0,tot,pf,4.0,0.0,14.0,1.0,4.0,0.25,0.0,1.0,0.0,1.0,3.0,0.333,0.25,3.0,3.0,1.0,1.0,2.0,3.0,2.0,0.0,1.0,0.0,0.0,5.0,0.0
2022,559.0,collida01,34.0,lal,pg,3.0,0.0,37.0,2.0,7.0,0.286,0.0,3.0,0.0,2.0,4.0,0.5,0.286,0.0,0.0,,0.0,4.0,4.0,2.0,1.0,0.0,1.0,5.0,4.0,0.0
2022,560.0,dotsoda01,27.0,nyk,sg,2.0,0.0,21.0,2.0,4.0,0.5,0.0,1.0,0.0,2.0,3.0,0.667,0.5,0.0,0.0,,0.0,2.0,2.0,1.0,0.0,0.0,0.0,0.0,4.0,0.0
2022,561.0,harrish01,28.0,brk,sg,2.0,0.0,23.0,2.0,6.0,0.333,0.0,2.0,0.0,2.0,4.0,0.5,0.333,0.0,0.0,,1.0,3.0,4.0,3.0,1.0,1.0,2.0,3.0,4.0,0.0
2022,562.0,hopsosc01,32.0,okc,sg,1.0,0.0,18.0,2.0,4.0,0.5,0.0,1.0,0.0,2.0,3.0,0.667,0.5,0.0,0.0,,0.0,1.0,1.0,1.0,0.0,0.0,2.0,1.0,4.0,0.0
2022,563.0,hutchch01,25.0,pho,sf,6.0,0.0,22.0,1.0,2.0,0.5,0.0,0.0,,1.0,2.0,0.5,0.5,2.0,2.0,1.0,0.0,5.0,5.0,2.0,0.0,0.0,4.0,1.0,4.0,0.0
2022,564.0,jonesje01,26.0,lal,sf,2.0,0.0,15.0,2.0,3.0,0.667,0.0,0.0,,2.0,3.0,0.667,0.667,0.0,0.0,,2.0,1.0,3.0,0.0,1.0,0.0,0.0,2.0,4.0,0.0
2022,565.0,jonesca03,24.0,tot,pg,5.0,0.0,23.0,1.0,9.0,0.111,0.0,1.0,0.0,1.0,8.0,0.125,0.111,2.0,2.0,1.0,1.0,2.0,3.0,5.0,1.0,0.0,3.0,0.0,4.0,0.0
2022,566.0,edwarro01,25.0,okc,sg,2.0,0.0,11.0,1.0,4.0,0.25,1.0,4.0,0.25,0.0,0.0,,0.375,0.0,0.0,,0.0,3.0,3.0,0.0,0.0,0.0,1.0,0.0,3.0,0.0
2022,567.0,mudiaem01,25.0,sac,pg,2.0,0.0,11.0,0.0,2.0,0.0,0.0,0.0,,0.0,2.0,0.0,0.0,3.0,4.0,0.75,0.0,0.0,0.0,4.0,1.0,0.0,1.0,1.0,3.0,0.0
2022,568.0,ryanma01,24.0,bos,sf,1.0,0.0,5.0,1.0,5.0,0.2,1.0,5.0,0.2,0.0,0.0,,0.3,0.0,0.0,,0.0,0.0,0.0,0.0,1.0,0.0,0.0,0.0,3.0,0.0
2022,569.0,sirvyde01,21.0,det,sg,3.0,0.0,27.0,1.0,10.0,0.1,1.0,7.0,0.143,0.0,3.0,0.0,0.15,0.0,0.0,,0.0,6.0,6.0,1.0,3.0,1.0,0.0,4.0,3.0,0.0
2022,570.0,ayayijo01,21.0,was,sg,7.0,0.0,20.0,1.0,6.0,0.167,0.0,1.0,0.0,1.0,5.0,0.2,0.167,0.0,0.0,,1.0,2.0,3.0,4.0,0.0,0.0,0.0,0.0,2.0,0.0
2022,571.0,buchash01,25.0,mem,sg,2.0,0.0,10.0,1.0,4.0,0.25,0.0,2.0,0.0,1.0,2.0,0.5,0.25,0.0,0.0,,1.0,1.0,2.0,2.0,1.0,0.0,2.0,1.0,2.0,0.0
2022,572.0,caverah01,25.0,ind,sg,1.0,0.0,1.0,1.0,1.0,1.0,0.0,0.0,,1.0,1.0,1.0,1.0,0.0,0.0,,0.0,0.0,0.0,0.0,0.0,0.0,0.0,0.0,2.0,0.0
2022,573.0,cumbeja01,24.0,por,sg,3.0,0.0,12.0,1.0,2.0,0.5,0.0,1.0,0.0,1.0,1.0,1.0,0.5,0.0,0.0,,1.0,2.0,3.0,1.0,0.0,0.0,0.0,2.0,2.0,0.0
2022,574.0,henryaa01,22.0,phi,sf,6.0,0.0,17.0,1.0,5.0,0.2,0.0,1.0,0.0,1.0,4.0,0.25,0.2,0.0,0.0,,0.0,1.0,1.0,0.0,0.0,2.0,2.0,2.0,2.0,0.0
2022,575.0,jeffrda01,24.0,mem,sg,3.0,0.0,9.0,1.0,2.0,0.5,0.0,1.0,0.0,1.0,1.0,1.0,0.5,0.0,0.0,,0.0,2.0,2.0,1.0,0.0,0.0,0.0,1.0,2.0,0.0
2022,576.0,johnsjo02,40.0,bos,sg,1.0,0.0,2.0,1.0,1.0,1.0,0.0,0.0,,1.0,1.0,1.0,1.0,0.0,0.0,,0.0,0.0,0.0,0.0,0.0,0.0,0.0,0.0,2.0,0.0
2022,577.0,morrija01,26.0,sas,sg,3.0,0.0,16.0,0.0,6.0,0.0,0.0,2.0,0.0,0.0,4.0,0.0,0.0,2.0,4.0,0.5,0.0,2.0,2.0,2.0,0.0,0.0,1.0,2.0,2.0,0.0
2022,578.0,sprinja01,19.0,phi,sg,2.0,0.0,6.0,1.0,1.0,1.0,0.0,0.0,,1.0,1.0,1.0,1.0,0.0,0.0,,1.0,1.0,2.0,0.0,0.0,2.0,1.0,0.0,2.0,0.0
2022,579.0,terryty01,21.0,mem,pg,2.0,0.0,3.0,1.0,1.0,1.0,0.0,0.0,,1.0,1.0,1.0,1.0,0.0,0.0,,0.0,0.0,0.0,0.0,0.0,0.0,0.0,1.0,2.0,0.0
2022,580.0,kingge03,28.0,dal,sf,4.0,0.0,19.0,0.0,5.0,0.0,0.0,4.0,0.0,0.0,1.0,0.0,0.0,1.0,2.0,0.5,0.0,5.0,5.0,0.0,0.0,0.0,1.0,4.0,1.0,0.0
2022,581.0,lewissc01,21.0,cho,sg,2.0,0.0,7.0,0.0,0.0,,0.0,0.0,,0.0,0.0,,,1.0,2.0,0.5,0.0,0.0,0.0,1.0,1.0,0.0,0.0,0.0,1.0,0.0
2022,582.0,barbeca01,27.0,atl,pg,3.0,0.0,13.0,0.0,4.0,0.0,0.0,0.0,,0.0,4.0,0.0,0.0,0.0,4.0,0.0,1.0,2.0,3.0,3.0,0.0,0.0,1.0,1.0,0.0,0.0
2022,583.0,belljo01,27.0,chi,c,1.0,0.0,2.0,0.0,0.0,,0.0,0.0,,0.0,0.0,,,0.0,0.0,,1.0,0.0,1.0,0.0,1.0,0.0,0.0,2.0,0.0,0.0
2022,584.0,cheatzy01,26.0,uta,sf,1.0,0.0,5.0,0.0,3.0,0.0,0.0,2.0,0.0,0.0,1.0,0.0,0.0,0.0,0.0,,0.0,0.0,0.0,0.0,0.0,0.0,0.0,0.0,0.0,0.0
2022,585.0,dekkesa01,27.0,tor,pf,1.0,0.0,1.0,0.0,0.0,,0.0,0.0,,0.0,0.0,,,0.0,0.0,,0.0,0.0,0.0,0.0,0.0,0.0,0.0,0.0,0.0,0.0
2022,586.0,delauja01,23.0,mil,c,1.0,0.0,3.0,0.0,0.0,,0.0,0.0,,0.0,0.0,,,0.0,0.0,,0.0,1.0,1.0,0.0,1.0,0.0,0.0,1.0,0.0,0.0
2022,587.0,echenja01,24.0,was,c,1.0,0.0,3.0,0.0,0.0,,0.0,0.0,,0.0,0.0,,,0.0,0.0,,0.0,0.0,0.0,0.0,0.0,0.0,0.0,0.0,0.0,0.0
2022,588.0,goodwjo01,23.0,was,sg,2.0,0.0,6.0,0.0,3.0,0.0,0.0,1.0,0.0,0.0,2.0,0.0,0.0,0.0,0.0,,0.0,1.0,1.0,0.0,0.0,0.0,0.0,1.0,0.0,0.0
2022,589.0,hallty01,24.0,nyk,sg,1.0,0.0,2.0,0.0,0.0,,0.0,0.0,,0.0,0.0,,,0.0,0.0,,0.0,0.0,0.0,0.0,0.0,0.0,0.0,0.0,0.0,0.0
2022,590.0,hintona01,22.0,ind,sg,2.0,0.0,2.0,0.0,1.0,0.0,0.0,0.0,,0.0,1.0,0.0,0.0,0.0,0.0,,0.0,0.0,0.0,0.0,0.0,0.0,1.0,0.0,0.0,0.0
2022,591.0,huffja01,23.0,lal,c,4.0,0.0,20.0,0.0,3.0,0.0,0.0,2.0,0.0,0.0,1.0,0.0,0.0,0.0,0.0,,1.0,3.0,4.0,1.0,1.0,1.0,1.0,1.0,0.0,0.0
2022,592.0,huntfe01,22.0,nyk,sf,2.0,0.0,8.0,0.0,2.0,0.0,0.0,0.0,,0.0,2.0,0.0,0.0,0.0,0.0,,1.0,0.0,1.0,1.0,1.0,0.0,1.0,1.0,0.0,0.0
2022,593.0,jarrede01,24.0,ind,sg,1.0,0.0,1.0,0.0,0.0,,0.0,0.0,,0.0,0.0,,,0.0,0.0,,0.0,0.0,0.0,0.0,0.0,0.0,0.0,0.0,0.0,0.0
2022,594.0,johnsda08,20.0,tor,sg,2.0,0.0,2.0,0.0,1.0,0.0,0.0,1.0,0.0,0.0,0.0,,0.0,0.0,0.0,,0.0,0.0,0.0,0.0,0.0,0.0,0.0,0.0,0.0,0.0
2022,595.0,kulboar01,24.0,cho,sf,2.0,0.0,5.0,0.0,1.0,0.0,0.0,1.0,0.0,0.0,0.0,,0.0,0.0,0.0,,0.0,0.0,0.0,0.0,0.0,0.0,0.0,1.0,0.0,0.0
2022,596.0,lamban01,24.0,sas,sf,2.0,0.0,8.0,0.0,2.0,0.0,0.0,2.0,0.0,0.0,0.0,,0.0,0.0,0.0,,0.0,1.0,1.0,2.0,0.0,0.0,0.0,0.0,0.0,0.0
2022,597.0,mclauja01,24.0,dal,pg,4.0,0.0,11.0,0.0,2.0,0.0,0.0,1.0,0.0,0.0,1.0,0.0,0.0,0.0,0.0,,0.0,0.0,0.0,2.0,0.0,0.0,0.0,1.0,0.0,0.0
2022,598.0,milescj01,34.0,bos,sg,1.0,0.0,2.0,0.0,0.0,,0.0,0.0,,0.0,0.0,,,0.0,0.0,,0.0,0.0,0.0,0.0,0.0,0.0,0.0,1.0,0.0,0.0
2022,599.0,moonema01,25.0,nyk,sg,1.0,0.0,2.0,0.0,1.0,0.0,0.0,1.0,0.0,0.0,0.0,,0.0,0.0,0.0,,0.0,0.0,0.0,0.0,1.0,0.0,1.0,0.0,0.0,0.0
2022,600.0,murkead01,24.0,sac,sg,1.0,0.0,1.0,0.0,0.0,,0.0,0.0,,0.0,0.0,,,0.0,0.0,,0.0,0.0,0.0,0.0,0.0,0.0,0.0,0.0,0.0,0.0
2022,601.0,paigeja01,27.0,det,pg,1.0,0.0,7.0,0.0,3.0,0.0,0.0,2.0,0.0,0.0,1.0,0.0,0.0,0.0,0.0,,0.0,1.0,1.0,1.0,0.0,0.0,1.0,2.0,0.0,0.0
2022,602.0,palmetr01,27.0,det,sg,1.0,0.0,17.0,0.0,1.0,0.0,0.0,0.0,,0.0,1.0,0.0,0.0,0.0,0.0,,0.0,2.0,2.0,0.0,0.0,0.0,1.0,2.0,0.0,0.0
2022,603.0,terryem01,25.0,pho,pf,3.0,0.0,18.0,0.0,5.0,0.0,0.0,0.0,,0.0,5.0,0.0,0.0,0.0,0.0,,8.0,7.0,15.0,2.0,1.0,0.0,5.0,4.0,0.0,0.0
2022,604.0,teskejo01,24.0,mem,c,3.0,0.0,8.0,0.0,1.0,0.0,0.0,0.0,,0.0,1.0,0.0,0.0,0.0,2.0,0.0,0.0,2.0,2.0,1.0,1.0,0.0,0.0,1.0,0.0,0.0
2022,605.0,walkemj01,23.0,pho,sg,2.0,0.0,8.0,0.0,4.0,0.0,0.0,2.0,0.0,0.0,2.0,0.0,0.0,0.0,0.0,,0.0,1.0,1.0,1.0,2.0,0.0,0.0,1.0,0.0,0.0
2022,,tot,,tot,,,,,,,0.461,,,0.354,,,0.533,0.532,,,0.775,,,,,,,,,,
2023,1.0,tatumja01,24.0,bos,sf,74.0,74.0,2732.0,727.0,1559.0,0.466,240.0,686.0,0.35,487.0,873.0,0.558,0.543,531.0,622.0,0.854,78.0,571.0,649.0,342.0,78.0,51.0,213.0,160.0,2225.0,1.0
2023,2.0,embiijo01,28.0,phi,c,66.0,66.0,2284.0,728.0,1328.0,0.548,66.0,200.0,0.33,662.0,1128.0,0.587,0.573,661.0,771.0,0.857,113.0,557.0,670.0,274.0,66.0,112.0,226.0,205.0,2183.0,1.0
2023,3.0,doncilu01,23.0,dal,pg,66.0,66.0,2391.0,719.0,1449.0,0.496,185.0,541.0,0.342,534.0,908.0,0.588,0.56,515.0,694.0,0.742,54.0,515.0,569.0,529.0,90.0,33.0,236.0,166.0,2138.0,10.0
2023,4.0,gilgesh01,24.0,okc,pg,68.0,68.0,2416.0,704.0,1381.0,0.51,58.0,168.0,0.345,646.0,1213.0,0.533,0.531,669.0,739.0,0.905,59.0,270.0,329.0,371.0,112.0,65.0,192.0,192.0,2135.0,0.0
2023,5.0,antetgi01,28.0,mil,pf,63.0,63.0,2024.0,707.0,1278.0,0.553,47.0,171.0,0.275,660.0,1107.0,0.596,0.572,498.0,772.0,0.645,137.0,605.0,742.0,359.0,52.0,51.0,246.0,197.0,1959.0,6.0
2023,6.0,edwaran01,21.0,min,sg,79.0,79.0,2842.0,707.0,1541.0,0.459,213.0,578.0,0.369,494.0,963.0,0.513,0.528,319.0,422.0,0.756,47.0,411.0,458.0,350.0,125.0,58.0,259.0,186.0,1946.0,0.0
2023,7.0,randlju01,28.0,nyk,pf,77.0,77.0,2737.0,658.0,1432.0,0.459,218.0,636.0,0.343,440.0,796.0,0.553,0.536,402.0,531.0,0.757,141.0,626.0,767.0,316.0,49.0,21.0,216.0,233.0,1936.0,0.0
2023,8.0,mitchdo01,26.0,cle,sg,68.0,68.0,2432.0,679.0,1402.0,0.484,245.0,635.0,0.386,434.0,767.0,0.566,0.572,319.0,368.0,0.867,63.0,226.0,289.0,301.0,99.0,27.0,180.0,168.0,1922.0,0.0
2023,9.0,youngtr01,24.0,atl,pg,73.0,73.0,2541.0,597.0,1390.0,0.429,154.0,460.0,0.335,443.0,930.0,0.476,0.485,566.0,639.0,0.886,56.0,161.0,217.0,741.0,80.0,9.0,300.0,104.0,1914.0,0.0
2023,10.0,lavinza01,27.0,chi,sg,77.0,77.0,2768.0,673.0,1388.0,0.485,204.0,544.0,0.375,469.0,844.0,0.556,0.558,363.0,428.0,0.848,42.0,303.0,345.0,327.0,69.0,18.0,194.0,159.0,1913.0,0.0
2023,11.0,lillada01,32.0,por,pg,58.0,58.0,2107.0,556.0,1202.0,0.463,244.0,658.0,0.371,312.0,544.0,0.574,0.564,510.0,558.0,0.914,44.0,233.0,277.0,425.0,50.0,18.0,191.0,109.0,1866.0,2.0
2023,12.0,foxde01,25.0,sac,pg,73.0,73.0,2435.0,682.0,1331.0,0.512,119.0,367.0,0.324,563.0,964.0,0.584,0.557,343.0,440.0,0.78,40.0,266.0,306.0,447.0,83.0,23.0,181.0,172.0,1826.0,0.0
2023,13.0,derozde01,33.0,chi,sf,74.0,74.0,2682.0,657.0,1303.0,0.504,46.0,142.0,0.324,611.0,1161.0,0.526,0.522,456.0,523.0,0.872,34.0,309.0,343.0,377.0,83.0,36.0,153.0,186.0,1816.0,0.0
2023,14.0,brownja02,26.0,bos,sf,67.0,67.0,2405.0,679.0,1383.0,0.491,163.0,487.0,0.335,516.0,896.0,0.576,0.55,263.0,344.0,0.765,78.0,381.0,459.0,232.0,75.0,26.0,197.0,172.0,1784.0,0.0
2023,15.0,siakapa01,28.0,tor,pf,71.0,71.0,2652.0,630.0,1313.0,0.48,93.0,287.0,0.324,537.0,1026.0,0.523,0.515,367.0,474.0,0.774,131.0,425.0,556.0,415.0,65.0,36.0,169.0,228.0,1720.0,2.0
2023,16.0,markkla01,25.0,uta,pf,66.0,66.0,2273.0,571.0,1145.0,0.499,200.0,511.0,0.391,371.0,634.0,0.585,0.586,349.0,399.0,0.875,130.0,440.0,570.0,123.0,42.0,38.0,127.0,137.0,1691.0,0.0
2023,17.0,jokicni01,27.0,den,c,69.0,69.0,2323.0,646.0,1022.0,0.632,57.0,149.0,0.383,589.0,873.0,0.675,0.66,341.0,415.0,0.822,167.0,650.0,817.0,678.0,87.0,47.0,247.0,174.0,1690.0,29.0
2023,18.0,greenja05,20.0,hou,sg,76.0,76.0,2602.0,566.0,1359.0,0.416,187.0,554.0,0.338,379.0,805.0,0.471,0.485,364.0,463.0,0.786,43.0,241.0,284.0,281.0,59.0,18.0,200.0,131.0,1683.0,0.0
2023,19.0,poolejo01,23.0,gsw,pg,82.0,43.0,2458.0,550.0,1278.0,0.43,214.0,637.0,0.336,336.0,641.0,0.524,0.514,361.0,415.0,0.87,32.0,193.0,225.0,369.0,63.0,21.0,252.0,214.0,1675.0,0.0
2023,20.0,bridgmi01,26.0,tot,sg,83.0,83.0,2963.0,593.0,1267.0,0.468,169.0,442.0,0.382,424.0,825.0,0.514,0.535,316.0,353.0,0.895,79.0,285.0,364.0,273.0,91.0,61.0,127.0,159.0,1671.0,0.0
2023,21.0,curryst01,34.0,gsw,pg,56.0,56.0,1941.0,559.0,1133.0,0.493,273.0,639.0,0.427,286.0,494.0,0.579,0.614,257.0,281.0,0.915,39.0,302.0,341.0,352.0,52.0,20.0,179.0,117.0,1648.0,1.0
2023,22.0,brunsja01,26.0,nyk,pg,68.0,68.0,2379.0,587.0,1195.0,0.491,134.0,322.0,0.416,453.0,873.0,0.519,0.547,325.0,392.0,0.829,40.0,201.0,241.0,421.0,61.0,15.0,142.0,152.0,1633.0,0.0
2023,23.0,irvinky01,30.0,tot,sg,60.0,60.0,2241.0,594.0,1203.0,0.494,188.0,496.0,0.379,406.0,707.0,0.574,0.572,247.0,273.0,0.905,59.0,245.0,304.0,331.0,66.0,45.0,128.0,165.0,1623.0,0.0
2023,24.0,moranja01,23.0,mem,pg,61.0,59.0,1948.0,566.0,1214.0,0.466,92.0,300.0,0.307,474.0,914.0,0.519,0.504,372.0,497.0,0.748,61.0,296.0,357.0,493.0,66.0,16.0,206.0,100.0,1596.0,7.0
2023,25.0,jamesle01,38.0,lal,pf,55.0,54.0,1954.0,609.0,1219.0,0.5,121.0,377.0,0.321,488.0,842.0,0.58,0.549,251.0,327.0,0.768,65.0,392.0,457.0,375.0,50.0,32.0,178.0,88.0,1590.0,2.0
2023,26.0,mccolcj01,31.0,nop,pg,75.0,75.0,2649.0,587.0,1344.0,0.437,211.0,543.0,0.389,376.0,801.0,0.469,0.515,183.0,238.0,0.769,55.0,273.0,328.0,429.0,70.0,38.0,183.0,153.0,1568.0,0.0
2023,27.0,adebaba01,25.0,mia,c,75.0,75.0,2598.0,602.0,1114.0,0.54,1.0,12.0,0.083,601.0,1102.0,0.545,0.541,324.0,402.0,0.806,184.0,504.0,688.0,240.0,88.0,61.0,187.0,208.0,1529.0,0.0
2023,28.0,murrade01,26.0,atl,sg,74.0,74.0,2693.0,612.0,1319.0,0.464,133.0,387.0,0.344,479.0,932.0,0.514,0.514,158.0,190.0,0.832,53.0,336.0,389.0,448.0,112.0,19.0,160.0,106.0,1515.0,1.0
2023,29.0,sabondo01,26.0,sac,c,79.0,79.0,2736.0,577.0,938.0,0.615,31.0,83.0,0.373,546.0,855.0,0.639,0.632,325.0,438.0,0.742,251.0,722.0,973.0,573.0,65.0,39.0,230.0,279.0,1510.0,14.0
2023,30.0,thompkl01,32.0,gsw,sf,69.0,69.0,2279.0,546.0,1252.0,0.436,301.0,731.0,0.412,245.0,521.0,0.47,0.556,116.0,132.0,0.879,39.0,247.0,286.0,163.0,49.0,29.0,123.0,130.0,1509.0,0.0
2023,31.0,porzikr01,27.0,was,c,65.0,65.0,2120.0,507.0,1018.0,0.498,137.0,356.0,0.385,370.0,662.0,0.559,0.565,354.0,416.0,0.851,114.0,432.0,546.0,174.0,58.0,100.0,137.0,196.0,1505.0,0.0
2023,32.0,garlada01,23.0,cle,pg,69.0,69.0,2447.0,522.0,1129.0,0.462,169.0,412.0,0.41,353.0,717.0,0.492,0.537,277.0,321.0,0.863,28.0,157.0,185.0,538.0,85.0,9.0,199.0,148.0,1490.0,0.0
2023,33.0,wagnefr01,21.0,orl,sf,80.0,80.0,2609.0,542.0,1118.0,0.485,130.0,360.0,0.361,412.0,758.0,0.544,0.543,271.0,322.0,0.842,70.0,259.0,329.0,283.0,77.0,17.0,167.0,183.0,1485.0,0.0
2023,34.0,bookede01,26.0,pho,sg,53.0,53.0,1835.0,527.0,1067.0,0.494,111.0,316.0,0.351,416.0,751.0,0.554,0.546,306.0,358.0,0.855,46.0,194.0,240.0,293.0,51.0,18.0,145.0,159.0,1471.0,0.0
2023,35.0,butleji01,33.0,mia,pf,64.0,64.0,2138.0,479.0,888.0,0.539,36.0,103.0,0.35,443.0,785.0,0.564,0.56,472.0,555.0,0.85,141.0,234.0,375.0,340.0,117.0,21.0,101.0,80.0,1466.0,0.0
2023,36.0,davisan02,29.0,lal,c,56.0,54.0,1904.0,542.0,962.0,0.563,19.0,74.0,0.257,523.0,888.0,0.589,0.573,348.0,444.0,0.784,195.0,507.0,702.0,148.0,59.0,114.0,122.0,146.0,1451.0,0.0
2023,37.0,vucevni01,32.0,chi,c,82.0,82.0,2746.0,597.0,1148.0,0.52,121.0,347.0,0.349,476.0,801.0,0.594,0.573,132.0,158.0,0.835,159.0,744.0,903.0,265.0,60.0,57.0,139.0,179.0,1447.0,1.0
2023,38.0,banchpa01,20.0,orl,pf,72.0,72.0,2430.0,479.0,1122.0,0.427,85.0,285.0,0.298,394.0,837.0,0.471,0.465,394.0,534.0,0.738,84.0,413.0,497.0,269.0,60.0,39.0,200.0,160.0,1437.0,0.0
2023,39.0,barrerj01,22.0,nyk,sg,73.0,73.0,2475.0,510.0,1176.0,0.434,121.0,390.0,0.31,389.0,786.0,0.495,0.485,290.0,392.0,0.74,60.0,308.0,368.0,201.0,31.0,15.0,164.0,179.0,1431.0,0.0
2023,40.0,johnske04,23.0,sas,sf,63.0,63.0,2063.0,503.0,1113.0,0.452,134.0,407.0,0.329,369.0,706.0,0.523,0.512,245.0,327.0,0.749,56.0,262.0,318.0,183.0,46.0,11.0,134.0,125.0,1385.0,0.0
2023,41.0,dinwisp01,29.0,tot,sg,79.0,79.0,2725.0,460.0,1050.0,0.438,181.0,490.0,0.369,279.0,560.0,0.498,0.524,268.0,330.0,0.812,28.0,242.0,270.0,515.0,67.0,24.0,145.0,187.0,1369.0,0.0
2023,42.0,duranke01,34.0,tot,pf,47.0,47.0,1672.0,483.0,862.0,0.56,93.0,230.0,0.404,390.0,632.0,0.617,0.614,307.0,334.0,0.919,17.0,296.0,313.0,235.0,34.0,67.0,156.0,99.0,1366.0,1.0
2023,43.0,kuzmaky01,27.0,was,pf,64.0,64.0,2239.0,512.0,1142.0,0.448,160.0,481.0,0.333,352.0,661.0,0.533,0.518,173.0,237.0,0.73,55.0,408.0,463.0,239.0,36.0,29.0,190.0,145.0,1357.0,1.0
2023,44.0,herroty01,23.0,mia,sg,67.0,67.0,2337.0,487.0,1109.0,0.439,203.0,537.0,0.378,284.0,572.0,0.497,0.531,170.0,182.0,0.934,27.0,333.0,360.0,280.0,51.0,16.0,158.0,101.0,1347.0,1.0
2023,45.0,hieldbu01,30.0,ind,sf,80.0,73.0,2482.0,475.0,1038.0,0.458,288.0,677.0,0.425,187.0,361.0,0.518,0.596,106.0,129.0,0.822,67.0,333.0,400.0,225.0,92.0,26.0,139.0,156.0,1344.0,0.0
2023,46.0,vanvlfr01,28.0,tor,pg,69.0,69.0,2535.0,437.0,1112.0,0.393,207.0,606.0,0.342,230.0,506.0,0.455,0.486,254.0,283.0,0.898,30.0,250.0,280.0,495.0,123.0,38.0,140.0,193.0,1335.0,1.0
2023,47.0,georgpa01,32.0,lac,sf,56.0,56.0,1939.0,459.0,1004.0,0.457,158.0,426.0,0.371,301.0,578.0,0.521,0.536,256.0,294.0,0.871,45.0,297.0,342.0,288.0,83.0,20.0,176.0,159.0,1332.0,1.0
2023,48.0,roziete01,28.0,cho,sg,63.0,63.0,2221.0,493.0,1188.0,0.415,165.0,505.0,0.327,328.0,683.0,0.48,0.484,178.0,220.0,0.809,51.0,208.0,259.0,319.0,74.0,16.0,134.0,119.0,1329.0,0.0
2023,49.0,simonan01,23.0,por,sg,62.0,62.0,2171.0,467.0,1045.0,0.447,212.0,562.0,0.377,255.0,483.0,0.528,0.548,160.0,179.0,0.894,18.0,143.0,161.0,253.0,42.0,14.0,128.0,142.0,1306.0,0.0
2023,50.0,mathube01,20.0,ind,sg,78.0,17.0,2222.0,413.0,951.0,0.434,100.0,310.0,0.323,313.0,641.0,0.488,0.487,376.0,454.0,0.828,87.0,231.0,318.0,116.0,48.0,13.0,152.0,162.0,1302.0,0.0
2023,51.0,murraja01,25.0,den,pg,65.0,65.0,2133.0,473.0,1041.0,0.454,172.0,432.0,0.398,301.0,609.0,0.494,0.537,180.0,216.0,0.833,48.0,209.0,257.0,400.0,66.0,16.0,145.0,103.0,1298.0,1.0
2023,52.0,grantje01,28.0,por,pf,63.0,63.0,2246.0,434.0,913.0,0.475,144.0,359.0,0.401,290.0,554.0,0.523,0.554,278.0,342.0,0.813,53.0,230.0,283.0,150.0,51.0,53.0,116.0,152.0,1290.0,0.0
2023,53.0,holidjr01,32.0,mil,pg,67.0,65.0,2183.0,490.0,1023.0,0.479,158.0,411.0,0.384,332.0,612.0,0.542,0.556,152.0,177.0,0.859,79.0,262.0,341.0,495.0,79.0,25.0,197.0,116.0,1290.0,0.0
2023,54.0,mobleev01,21.0,cle,pf,79.0,79.0,2715.0,525.0,947.0,0.554,22.0,102.0,0.216,503.0,845.0,0.595,0.566,205.0,304.0,0.674,187.0,524.0,711.0,224.0,60.0,119.0,146.0,218.0,1277.0,0.0
2023,55.0,bogdabo02,33.0,det,pf,59.0,59.0,1893.0,430.0,882.0,0.488,145.0,353.0,0.411,285.0,529.0,0.539,0.57,268.0,303.0,0.884,36.0,187.0,223.0,152.0,34.0,8.0,135.0,113.0,1273.0,0.0
2023,56.0,clarkjo01,30.0,uta,sg,61.0,61.0,1988.0,458.0,1031.0,0.444,155.0,459.0,0.338,303.0,572.0,0.53,0.519,200.0,245.0,0.816,72.0,174.0,246.0,270.0,33.0,13.0,186.0,120.0,1271.0,0.0
2023,57.0,russeda01,26.0,tot,pg,71.0,71.0,2304.0,445.0,948.0,0.469,194.0,490.0,0.396,251.0,458.0,0.548,0.572,179.0,216.0,0.829,35.0,180.0,215.0,437.0,70.0,29.0,186.0,140.0,1263.0,0.0
2023,58.0,giddejo01,20.0,okc,pf,76.0,76.0,2367.0,539.0,1118.0,0.482,76.0,234.0,0.325,463.0,884.0,0.524,0.516,106.0,145.0,0.731,148.0,451.0,599.0,469.0,57.0,31.0,211.0,143.0,1260.0,4.0
2023,59.0,banede01,24.0,mem,sg,58.0,58.0,1841.0,450.0,939.0,0.479,166.0,407.0,0.408,284.0,532.0,0.534,0.568,181.0,205.0,0.883,43.0,248.0,291.0,254.0,56.0,22.0,126.0,150.0,1247.0,0.0
2023,60.0,leonaka01,31.0,lac,sf,52.0,50.0,1748.0,446.0,871.0,0.512,104.0,250.0,0.416,342.0,621.0,0.551,0.572,243.0,279.0,0.871,57.0,281.0,338.0,204.0,72.0,28.0,88.0,84.0,1239.0,0.0
2023,61.0,lopezbr01,34.0,mil,c,78.0,78.0,2373.0,477.0,899.0,0.531,136.0,364.0,0.374,341.0,535.0,0.637,0.606,149.0,190.0,0.784,157.0,363.0,520.0,99.0,37.0,193.0,107.0,203.0,1239.0,0.0
2023,62.0,barneha02,30.0,sac,pf,82.0,82.0,2662.0,374.0,791.0,0.473,132.0,353.0,0.374,242.0,438.0,0.553,0.556,350.0,413.0,0.847,87.0,279.0,366.0,128.0,57.0,10.0,86.0,103.0,1230.0,0.0
2023,63.0,maxeyty01,22.0,phi,sg,60.0,41.0,2016.0,439.0,913.0,0.481,160.0,369.0,0.434,279.0,544.0,0.513,0.568,180.0,213.0,0.845,23.0,153.0,176.0,212.0,49.0,8.0,80.0,132.0,1218.0,0.0
2023,64.0,hardeja01,33.0,phi,pg,58.0,58.0,2135.0,371.0,842.0,0.441,161.0,418.0,0.385,210.0,424.0,0.495,0.536,313.0,361.0,0.867,40.0,314.0,354.0,618.0,71.0,31.0,195.0,112.0,1216.0,5.0
2023,65.0,quickim01,23.0,nyk,sg,81.0,21.0,2344.0,419.0,936.0,0.448,168.0,454.0,0.37,251.0,482.0,0.521,0.537,203.0,248.0,0.819,58.0,279.0,337.0,279.0,80.0,14.0,100.0,166.0,1209.0,0.0
2023,66.0,iveyja01,20.0,det,sg,74.0,73.0,2304.0,409.0,983.0,0.416,120.0,350.0,0.343,289.0,633.0,0.457,0.477,266.0,356.0,0.747,73.0,215.0,288.0,387.0,61.0,17.0,237.0,242.0,1204.0,0.0
2023,67.0,aytonde01,24.0,pho,c,67.0,67.0,2035.0,522.0,887.0,0.589,7.0,24.0,0.292,515.0,863.0,0.597,0.592,152.0,200.0,0.76,172.0,495.0,667.0,115.0,37.0,53.0,120.0,190.0,1203.0,0.0
2023,68.0,barnesc01,21.0,tor,sf,77.0,76.0,2678.0,463.0,1016.0,0.456,63.0,224.0,0.281,400.0,792.0,0.505,0.487,190.0,246.0,0.772,179.0,333.0,512.0,371.0,83.0,61.0,154.0,170.0,1179.0,1.0
2023,69.0,jacksja02,23.0,mem,c,63.0,63.0,1787.0,416.0,822.0,0.506,100.0,282.0,0.355,316.0,540.0,0.585,0.567,241.0,306.0,0.788,108.0,318.0,426.0,60.0,65.0,189.0,107.0,227.0,1173.0,0.0
2023,70.0,bealbr01,29.0,was,sg,50.0,50.0,1673.0,444.0,878.0,0.506,80.0,219.0,0.365,364.0,659.0,0.552,0.551,192.0,228.0,0.842,41.0,155.0,196.0,271.0,45.0,33.0,145.0,107.0,1160.0,0.0
2023,71.0,halibty01,22.0,ind,pg,56.0,56.0,1883.0,412.0,841.0,0.49,161.0,402.0,0.4,251.0,439.0,0.572,0.586,175.0,201.0,0.871,33.0,172.0,205.0,585.0,91.0,25.0,141.0,69.0,1160.0,0.0
2023,72.0,westbru01,34.0,tot,pg,73.0,24.0,2126.0,432.0,991.0,0.436,89.0,286.0,0.311,343.0,705.0,0.487,0.481,206.0,314.0,0.656,89.0,334.0,423.0,551.0,76.0,33.0,255.0,162.0,1159.0,4.0
2023,73.0,murphtr02,22.0,nop,sf,79.0,65.0,2448.0,387.0,800.0,0.484,202.0,497.0,0.406,185.0,303.0,0.611,0.61,172.0,190.0,0.905,59.0,222.0,281.0,112.0,89.0,43.0,61.0,155.0,1148.0,0.0
2023,74.0,trentga02,24.0,tor,sg,66.0,44.0,2118.0,405.0,935.0,0.433,166.0,450.0,0.369,239.0,485.0,0.493,0.522,172.0,205.0,0.839,30.0,143.0,173.0,106.0,104.0,14.0,55.0,102.0,1148.0,0.0
2023,75.0,washipj01,24.0,cho,pf,73.0,73.0,2380.0,434.0,978.0,0.444,149.0,428.0,0.348,285.0,550.0,0.518,0.52,127.0,174.0,0.73,73.0,285.0,358.0,175.0,66.0,79.0,110.0,193.0,1144.0,0.0
2023,76.0,huertke01,24.0,sac,sg,75.0,75.0,2203.0,420.0,866.0,0.485,205.0,510.0,0.402,215.0,356.0,0.604,0.603,95.0,131.0,0.725,42.0,209.0,251.0,221.0,80.0,24.0,97.0,181.0,1140.0,0.0
2023,77.0,porteke02,22.0,hou,pg,59.0,59.0,2024.0,391.0,884.0,0.442,141.0,385.0,0.366,250.0,499.0,0.501,0.522,207.0,264.0,0.784,76.0,238.0,314.0,338.0,82.0,17.0,188.0,156.0,1130.0,1.0
2023,78.0,anunoog01,25.0,tor,sf,67.0,67.0,2386.0,421.0,885.0,0.476,142.0,367.0,0.387,279.0,518.0,0.539,0.556,140.0,167.0,0.838,95.0,237.0,332.0,131.0,128.0,50.0,132.0,200.0,1124.0,0.0
2023,79.0,valanjo01,30.0,nop,c,79.0,79.0,1968.0,446.0,816.0,0.547,38.0,109.0,0.349,408.0,707.0,0.577,0.57,185.0,224.0,0.826,225.0,579.0,804.0,140.0,20.0,52.0,159.0,245.0,1115.0,0.0
2023,80.0,woodch01,27.0,dal,c,67.0,17.0,1738.0,396.0,769.0,0.515,105.0,279.0,0.376,291.0,490.0,0.594,0.583,217.0,281.0,0.772,87.0,404.0,491.0,121.0,30.0,72.0,121.0,169.0,1114.0,0.0
2023,81.0,turnemy01,26.0,ind,c,62.0,62.0,1825.0,402.0,733.0,0.548,93.0,249.0,0.373,309.0,484.0,0.638,0.612,216.0,276.0,0.783,88.0,378.0,466.0,89.0,36.0,140.0,103.0,215.0,1113.0,0.0
2023,82.0,ingrabr01,25.0,nop,sf,45.0,45.0,1538.0,404.0,835.0,0.484,64.0,164.0,0.39,340.0,671.0,0.507,0.522,240.0,272.0,0.882,23.0,223.0,246.0,262.0,32.0,19.0,148.0,116.0,1112.0,2.0
2023,83.0,gordoaa01,27.0,den,pf,68.0,68.0,2055.0,429.0,761.0,0.564,60.0,173.0,0.347,369.0,588.0,0.628,0.603,191.0,314.0,0.608,164.0,282.0,446.0,203.0,54.0,51.0,98.0,129.0,1109.0,0.0
2023,84.0,sengual01,20.0,hou,c,75.0,72.0,2171.0,442.0,799.0,0.553,19.0,57.0,0.333,423.0,742.0,0.57,0.565,206.0,288.0,0.715,242.0,436.0,678.0,291.0,70.0,70.0,193.0,258.0,1109.0,2.0
2023,85.0,harrito02,30.0,phi,sf,74.0,74.0,2436.0,423.0,845.0,0.501,126.0,324.0,0.389,297.0,521.0,0.57,0.575,113.0,129.0,0.876,67.0,357.0,424.0,186.0,68.0,40.0,89.0,149.0,1085.0,0.0
2023,86.0,portemi01,24.0,den,sf,62.0,62.0,1798.0,398.0,817.0,0.487,188.0,454.0,0.414,210.0,363.0,0.579,0.602,96.0,120.0,0.8,64.0,277.0,341.0,65.0,37.0,29.0,68.0,119.0,1080.0,0.0
2023,87.0,beysa01,23.0,tot,sf,77.0,37.0,2129.0,353.0,836.0,0.422,151.0,418.0,0.361,202.0,418.0,0.483,0.513,205.0,238.0,0.861,98.0,264.0,362.0,118.0,70.0,13.0,71.0,123.0,1062.0,0.0
2023,88.0,willija06,21.0,okc,sg,75.0,62.0,2276.0,414.0,794.0,0.521,73.0,205.0,0.356,341.0,589.0,0.579,0.567,155.0,191.0,0.812,84.0,253.0,337.0,248.0,103.0,35.0,123.0,191.0,1056.0,0.0
2023,89.0,brookdi01,27.0,mem,sf,73.0,73.0,2214.0,392.0,991.0,0.396,143.0,439.0,0.326,249.0,552.0,0.451,0.468,120.0,154.0,0.779,45.0,199.0,244.0,189.0,65.0,16.0,104.0,240.0,1047.0,0.0
2023,90.0,monkma01,24.0,sac,sg,77.0,0.0,1719.0,357.0,796.0,0.448,143.0,398.0,0.359,214.0,398.0,0.538,0.538,184.0,207.0,0.889,32.0,171.0,203.0,298.0,49.0,20.0,146.0,125.0,1041.0,0.0
2023,91.0,martike04,22.0,hou,sf,82.0,49.0,2292.0,410.0,720.0,0.569,68.0,216.0,0.315,342.0,504.0,0.679,0.617,151.0,222.0,0.68,126.0,326.0,452.0,123.0,41.0,30.0,91.0,147.0,1039.0,0.0
2023,92.0,huntede01,25.0,atl,sf,67.0,67.0,2126.0,379.0,822.0,0.461,100.0,286.0,0.35,279.0,536.0,0.521,0.522,171.0,207.0,0.826,46.0,238.0,284.0,94.0,35.0,17.0,82.0,199.0,1029.0,0.0
2023,93.0,beaslma01,26.0,tot,sg,81.0,27.0,2093.0,370.0,937.0,0.395,235.0,658.0,0.357,135.0,279.0,0.484,0.52,50.0,65.0,0.769,35.0,248.0,283.0,124.0,65.0,9.0,90.0,107.0,1025.0,0.0
2023,94.0,hardati02,30.0,dal,sf,71.0,45.0,2152.0,340.0,847.0,0.401,212.0,550.0,0.385,128.0,297.0,0.431,0.527,127.0,165.0,0.77,21.0,230.0,251.0,129.0,49.0,12.0,60.0,120.0,1019.0,0.0
2023,95.0,powelno01,29.0,lac,sg,60.0,8.0,1567.0,340.0,710.0,0.479,114.0,287.0,0.397,226.0,423.0,0.534,0.559,225.0,277.0,0.812,24.0,151.0,175.0,109.0,50.0,18.0,101.0,125.0,1019.0,0.0
2023,96.0,whitede01,28.0,bos,sg,82.0,70.0,2319.0,350.0,758.0,0.462,149.0,391.0,0.381,201.0,367.0,0.548,0.56,168.0,192.0,0.875,52.0,241.0,293.0,321.0,54.0,76.0,95.0,177.0,1017.0,0.0
2023,97.0,dortlu01,23.0,okc,sf,74.0,73.0,2272.0,339.0,873.0,0.388,135.0,409.0,0.33,204.0,464.0,0.44,0.466,200.0,259.0,0.772,128.0,216.0,344.0,154.0,75.0,23.0,92.0,243.0,1013.0,0.0
2023,98.0,smithja05,19.0,hou,pf,79.0,79.0,2451.0,364.0,892.0,0.408,120.0,391.0,0.307,244.0,501.0,0.487,0.475,162.0,206.0,0.786,122.0,447.0,569.0,101.0,43.0,74.0,104.0,227.0,1010.0,0.0
2023,99.0,brogdma01,30.0,bos,pg,67.0,0.0,1744.0,354.0,732.0,0.484,132.0,297.0,0.444,222.0,435.0,0.51,0.574,160.0,184.0,0.87,42.0,238.0,280.0,248.0,45.0,18.0,98.0,109.0,1000.0,0.0
2023,100.0,portibo01,27.0,mil,pf,70.0,22.0,1818.0,398.0,803.0,0.496,95.0,257.0,0.37,303.0,546.0,0.555,0.555,96.0,125.0,0.768,154.0,518.0,672.0,105.0,29.0,16.0,81.0,115.0,987.0,0.0
2023,101.0,murrake02,22.0,sac,sf,80.0,78.0,2382.0,354.0,782.0,0.453,206.0,501.0,0.411,148.0,281.0,0.527,0.584,62.0,81.0,0.765,89.0,282.0,371.0,98.0,61.0,42.0,60.0,162.0,976.0,0.0
2023,102.0,oubreke01,27.0,cho,sf,48.0,40.0,1548.0,353.0,819.0,0.431,108.0,339.0,0.319,245.0,480.0,0.51,0.497,158.0,208.0,0.76,65.0,184.0,249.0,54.0,68.0,18.0,64.0,141.0,972.0,0.0
2023,103.0,allenja01,24.0,cle,c,68.0,68.0,2220.0,403.0,626.0,0.644,1.0,10.0,0.1,402.0,616.0,0.653,0.645,162.0,221.0,0.733,221.0,445.0,666.0,113.0,54.0,84.0,93.0,153.0,969.0,0.0
2023,104.0,claxtni01,23.0,brk,c,76.0,76.0,2271.0,414.0,587.0,0.705,0.0,2.0,0.0,414.0,585.0,0.708,0.705,133.0,246.0,0.541,184.0,518.0,702.0,144.0,65.0,189.0,96.0,212.0,961.0,0.0
2023,105.0,mcdanja02,22.0,min,sf,79.0,79.0,2416.0,370.0,716.0,0.517,107.0,269.0,0.398,263.0,447.0,0.588,0.591,106.0,144.0,0.736,92.0,215.0,307.0,148.0,74.0,76.0,112.0,272.0,953.0,0.0
2023,106.0,goberru01,30.0,min,c,70.0,70.0,2148.0,360.0,546.0,0.659,0.0,3.0,0.0,360.0,543.0,0.663,0.659,219.0,340.0,0.644,231.0,583.0,814.0,87.0,56.0,95.0,122.0,210.0,939.0,0.0
2023,107.0,collijo01,25.0,atl,pf,71.0,71.0,2130.0,359.0,707.0,0.508,70.0,240.0,0.292,289.0,467.0,0.619,0.557,143.0,178.0,0.803,77.0,385.0,462.0,85.0,42.0,73.0,79.0,220.0,931.0,0.0
2023,108.0,brownbr01,26.0,den,sf,80.0,31.0,2280.0,358.0,741.0,0.483,91.0,254.0,0.358,267.0,487.0,0.548,0.545,116.0,153.0,0.758,63.0,265.0,328.0,268.0,87.0,51.0,123.0,190.0,923.0,1.0
2023,109.0,strusma01,26.0,mia,sf,80.0,33.0,2272.0,324.0,790.0,0.41,197.0,563.0,0.35,127.0,227.0,0.559,0.535,78.0,89.0,0.876,49.0,209.0,258.0,171.0,42.0,12.0,70.0,166.0,923.0,0.0
2023,110.0,leverca01,28.0,cle,sg,74.0,30.0,2237.0,320.0,742.0,0.431,127.0,324.0,0.392,193.0,418.0,0.462,0.517,130.0,180.0,0.722,53.0,229.0,282.0,287.0,72.0,24.0,116.0,170.0,897.0,0.0
2023,111.0,poeltja01,27.0,tot,c,72.0,71.0,1906.0,389.0,618.0,0.629,0.0,1.0,0.0,389.0,617.0,0.63,0.629,119.0,201.0,0.592,236.0,417.0,653.0,197.0,66.0,86.0,125.0,195.0,897.0,0.0
2023,112.0,jonestr01,23.0,sas,pg,68.0,65.0,1984.0,341.0,743.0,0.459,45.0,158.0,0.285,296.0,585.0,0.506,0.489,148.0,172.0,0.86,56.0,189.0,245.0,448.0,89.0,9.0,110.0,98.0,875.0,2.0
2023,113.0,cartewe01,23.0,orl,c,57.0,54.0,1690.0,322.0,613.0,0.525,80.0,225.0,0.356,242.0,388.0,0.624,0.591,144.0,195.0,0.738,120.0,377.0,497.0,132.0,30.0,33.0,106.0,159.0,868.0,0.0
2023,114.0,plumlma01,32.0,tot,c,79.0,60.0,2054.0,329.0,484.0,0.68,0.0,0.0,,329.0,484.0,0.68,0.68,199.0,313.0,0.636,229.0,471.0,700.0,245.0,46.0,47.0,117.0,217.0,857.0,0.0
2023,115.0,gordoer01,34.0,tot,sg,69.0,58.0,1965.0,291.0,653.0,0.446,132.0,356.0,0.371,159.0,297.0,0.535,0.547,142.0,173.0,0.821,16.0,118.0,134.0,183.0,43.0,25.0,104.0,78.0,856.0,0.0
2023,116.0,olynyke01,31.0,uta,c,68.0,68.0,1942.0,278.0,557.0,0.499,93.0,236.0,0.394,185.0,321.0,0.576,0.583,198.0,232.0,0.853,82.0,338.0,420.0,252.0,60.0,37.0,168.0,232.0,847.0,0.0
2023,117.0,ballla01,21.0,cho,pg,36.0,36.0,1268.0,296.0,721.0,0.411,144.0,383.0,0.376,152.0,338.0,0.45,0.51,102.0,122.0,0.836,42.0,189.0,231.0,304.0,46.0,11.0,129.0,118.0,838.0,3.0
2023,118.0,fultzma01,24.0,orl,pg,60.0,60.0,1778.0,349.0,679.0,0.514,27.0,87.0,0.31,322.0,592.0,0.544,0.534,112.0,143.0,0.783,69.0,165.0,234.0,341.0,87.0,26.0,139.0,131.0,837.0,0.0
2023,119.0,reaveau01,24.0,lal,sg,64.0,22.0,1843.0,259.0,490.0,0.529,86.0,216.0,0.398,173.0,274.0,0.631,0.616,229.0,265.0,0.864,33.0,160.0,193.0,215.0,33.0,19.0,99.0,108.0,833.0,0.0
2023,120.0,willipa01,21.0,chi,pf,82.0,65.0,2323.0,314.0,677.0,0.464,115.0,277.0,0.415,199.0,400.0,0.498,0.549,90.0,105.0,0.857,78.0,249.0,327.0,100.0,72.0,70.0,101.0,147.0,833.0,0.0
2023,121.0,schrode01,29.0,lal,pg,66.0,50.0,1986.0,270.0,650.0,0.415,74.0,225.0,0.329,196.0,425.0,0.461,0.472,216.0,252.0,0.857,21.0,144.0,165.0,298.0,50.0,10.0,112.0,145.0,830.0,0.0
2023,122.0,jonesty01,26.0,mem,pg,80.0,22.0,1940.0,311.0,710.0,0.438,121.0,326.0,0.371,190.0,384.0,0.495,0.523,80.0,100.0,0.8,28.0,172.0,200.0,417.0,83.0,6.0,74.0,32.0,823.0,1.0
2023,123.0,caldwke01,29.0,den,sg,76.0,76.0,2381.0,292.0,632.0,0.462,135.0,319.0,0.423,157.0,313.0,0.502,0.569,103.0,125.0,0.824,35.0,173.0,208.0,183.0,112.0,35.0,86.0,145.0,822.0,0.0
2023,124.0,kispeco01,23.0,was,sf,74.0,45.0,2093.0,291.0,585.0,0.497,163.0,384.0,0.424,128.0,201.0,0.637,0.637,75.0,88.0,0.852,33.0,174.0,207.0,87.0,32.0,9.0,55.0,97.0,820.0,0.0
2023,125.0,paulch01,37.0,pho,pg,59.0,59.0,1889.0,294.0,668.0,0.44,98.0,261.0,0.375,196.0,407.0,0.482,0.513,133.0,160.0,0.831,27.0,224.0,251.0,524.0,91.0,22.0,114.0,126.0,819.0,0.0
2023,126.0,zubaciv01,25.0,lac,c,76.0,76.0,2170.0,326.0,514.0,0.634,0.0,2.0,0.0,326.0,512.0,0.637,0.634,166.0,238.0,0.697,236.0,520.0,756.0,77.0,29.0,98.0,117.0,219.0,818.0,0.0
2023,127.0,grimequ01,22.0,nyk,sg,71.0,66.0,2121.0,282.0,602.0,0.468,157.0,407.0,0.386,125.0,195.0,0.641,0.599,78.0,98.0,0.796,49.0,180.0,229.0,150.0,47.0,26.0,69.0,177.0,799.0,0.0
2023,128.0,conlemi01,35.0,tot,pg,67.0,66.0,2029.0,261.0,610.0,0.428,135.0,351.0,0.385,126.0,259.0,0.486,0.539,141.0,169.0,0.834,33.0,149.0,182.0,450.0,73.0,14.0,103.0,139.0,798.0,0.0
2023,129.0,okongon01,22.0,atl,c,80.0,18.0,1849.0,317.0,497.0,0.638,4.0,13.0,0.308,313.0,484.0,0.647,0.642,153.0,196.0,0.781,217.0,359.0,576.0,81.0,56.0,107.0,81.0,251.0,791.0,0.0
2023,130.0,sharpsh01,19.0,por,sg,80.0,15.0,1779.0,306.0,648.0,0.472,102.0,283.0,0.36,204.0,365.0,0.559,0.551,75.0,105.0,0.714,63.0,173.0,236.0,94.0,38.0,24.0,83.0,136.0,789.0,0.0
2023,131.0,hayeski01,21.0,det,pg,76.0,56.0,2154.0,307.0,815.0,0.377,80.0,286.0,0.28,227.0,529.0,0.429,0.426,92.0,112.0,0.821,28.0,193.0,221.0,470.0,104.0,28.0,173.0,219.0,786.0,0.0
2023,132.0,anthoco01,22.0,orl,pg,60.0,4.0,1552.0,277.0,610.0,0.454,75.0,206.0,0.364,202.0,404.0,0.5,0.516,152.0,170.0,0.894,47.0,241.0,288.0,235.0,37.0,31.0,91.0,158.0,781.0,0.0
2023,133.0,reidna01,23.0,min,c,68.0,11.0,1251.0,310.0,577.0,0.537,75.0,217.0,0.346,235.0,360.0,0.653,0.602,86.0,127.0,0.677,73.0,260.0,333.0,77.0,42.0,53.0,92.0,176.0,781.0,0.0
2023,134.0,meltode01,24.0,phi,sg,77.0,58.0,2150.0,277.0,651.0,0.425,157.0,403.0,0.39,120.0,248.0,0.484,0.546,69.0,87.0,0.793,69.0,243.0,312.0,197.0,126.0,41.0,102.0,191.0,780.0,0.0
2023,135.0,capelca01,28.0,atl,c,65.0,63.0,1730.0,350.0,536.0,0.653,0.0,1.0,0.0,350.0,535.0,0.654,0.653,79.0,131.0,0.603,258.0,459.0,717.0,58.0,45.0,79.0,54.0,139.0,779.0,0.0
2023,136.0,easonta01,21.0,hou,pf,82.0,5.0,1767.0,296.0,660.0,0.448,59.0,172.0,0.343,237.0,488.0,0.486,0.493,109.0,145.0,0.752,195.0,301.0,496.0,88.0,96.0,47.0,101.0,189.0,760.0,0.0
2023,137.0,bogdabo01,30.0,atl,sg,54.0,9.0,1508.0,273.0,611.0,0.447,146.0,360.0,0.406,127.0,251.0,0.506,0.566,64.0,77.0,0.831,23.0,142.0,165.0,150.0,43.0,18.0,65.0,86.0,756.0,0.0
2023,138.0,mcdanja01,25.0,tot,sf,80.0,24.0,1913.0,281.0,617.0,0.455,77.0,232.0,0.332,204.0,385.0,0.53,0.518,116.0,138.0,0.841,63.0,283.0,346.0,130.0,83.0,34.0,93.0,209.0,755.0,0.0
2023,139.0,willizi01,22.0,nop,pf,29.0,29.0,956.0,285.0,469.0,0.608,7.0,19.0,0.368,278.0,450.0,0.618,0.615,177.0,248.0,0.714,58.0,144.0,202.0,133.0,32.0,16.0,99.0,65.0,754.0,0.0
2023,140.0,allengr01,27.0,mil,sg,72.0,70.0,1972.0,245.0,557.0,0.44,146.0,366.0,0.399,99.0,191.0,0.518,0.571,114.0,126.0,0.905,61.0,176.0,237.0,163.0,62.0,14.0,72.0,117.0,750.0,0.0
2023,141.0,hartjo01,27.0,tot,sf,76.0,52.0,2454.0,275.0,520.0,0.529,61.0,164.0,0.372,214.0,356.0,0.601,0.588,132.0,176.0,0.75,142.0,451.0,593.0,290.0,88.0,21.0,117.0,195.0,743.0,0.0
2023,142.0,nesmiaa01,23.0,ind,sf,73.0,60.0,1816.0,252.0,590.0,0.427,115.0,314.0,0.366,137.0,276.0,0.496,0.525,119.0,142.0,0.838,62.0,215.0,277.0,98.0,55.0,34.0,75.0,235.0,738.0,0.0
2023,143.0,haywago01,32.0,cho,sf,50.0,50.0,1577.0,276.0,581.0,0.475,52.0,160.0,0.325,224.0,421.0,0.532,0.52,129.0,159.0,0.811,33.0,182.0,215.0,206.0,42.0,12.0,99.0,70.0,733.0,0.0
2023,144.0,colliza01,25.0,sas,c,63.0,26.0,1441.0,284.0,548.0,0.518,55.0,147.0,0.374,229.0,401.0,0.571,0.568,108.0,142.0,0.761,116.0,286.0,402.0,180.0,37.0,49.0,129.0,199.0,731.0,0.0
2023,145.0,morrima03,33.0,lac,pf,65.0,65.0,1825.0,274.0,643.0,0.426,112.0,308.0,0.364,162.0,335.0,0.484,0.513,68.0,87.0,0.782,29.0,229.0,258.0,114.0,42.0,21.0,56.0,136.0,728.0,0.0
2023,146.0,whiteco01,22.0,chi,sg,74.0,2.0,1730.0,263.0,594.0,0.443,128.0,344.0,0.372,135.0,250.0,0.54,0.551,61.0,70.0,0.871,16.0,196.0,212.0,204.0,54.0,6.0,74.0,122.0,715.0,0.0
2023,147.0,mannte01,26.0,lac,sg,81.0,36.0,1872.0,272.0,524.0,0.519,77.0,198.0,0.389,195.0,326.0,0.598,0.593,92.0,118.0,0.78,77.0,199.0,276.0,184.0,42.0,22.0,80.0,149.0,713.0,0.0
2023,148.0,bouchch01,30.0,tor,pf,76.0,0.0,1523.0,261.0,529.0,0.493,62.0,189.0,0.328,199.0,340.0,0.585,0.552,128.0,168.0,0.762,157.0,264.0,421.0,29.0,47.0,64.0,41.0,143.0,712.0,0.0
2023,149.0,nembhan01,23.0,ind,sg,75.0,63.0,2073.0,284.0,644.0,0.441,92.0,263.0,0.35,192.0,381.0,0.504,0.512,49.0,62.0,0.79,35.0,164.0,199.0,341.0,70.0,13.0,126.0,179.0,709.0,0.0
2023,150.0,hachiru01,24.0,tot,pf,63.0,9.0,1466.0,284.0,584.0,0.486,51.0,160.0,0.319,233.0,424.0,0.55,0.53,88.0,119.0,0.739,53.0,230.0,283.0,58.0,19.0,26.0,53.0,72.0,707.0,0.0
2023,151.0,gaffoda01,24.0,was,c,78.0,47.0,1604.0,289.0,395.0,0.732,0.0,0.0,,289.0,395.0,0.732,0.732,127.0,187.0,0.679,163.0,270.0,433.0,84.0,33.0,99.0,85.0,187.0,705.0,0.0
2023,152.0,nowelja01,23.0,min,sg,65.0,2.0,1252.0,280.0,625.0,0.448,67.0,232.0,0.289,213.0,393.0,0.542,0.502,77.0,99.0,0.778,36.0,134.0,170.0,132.0,42.0,5.0,65.0,101.0,704.0,0.0
2023,153.0,smartma01,28.0,bos,pg,61.0,61.0,1957.0,250.0,602.0,0.415,115.0,342.0,0.336,135.0,260.0,0.519,0.511,88.0,118.0,0.746,46.0,145.0,191.0,382.0,93.0,23.0,143.0,172.0,703.0,0.0
2023,154.0,vassede01,22.0,sas,sg,38.0,32.0,1178.0,261.0,595.0,0.439,103.0,266.0,0.387,158.0,329.0,0.48,0.525,78.0,100.0,0.78,8.0,140.0,148.0,136.0,43.0,17.0,57.0,57.0,703.0,0.0
2023,155.0,hortota01,22.0,uta,sg,65.0,20.0,1313.0,257.0,613.0,0.419,58.0,203.0,0.286,199.0,410.0,0.485,0.467,126.0,168.0,0.75,41.0,169.0,210.0,246.0,41.0,29.0,126.0,108.0,698.0,0.0
2023,156.0,marshna01,25.0,nop,sf,77.0,21.0,1792.0,247.0,571.0,0.433,66.0,218.0,0.303,181.0,353.0,0.513,0.49,138.0,175.0,0.789,48.0,231.0,279.0,189.0,54.0,14.0,97.0,113.0,698.0,0.0
2023,157.0,avdijde01,22.0,was,sf,76.0,40.0,2020.0,253.0,579.0,0.437,69.0,232.0,0.297,184.0,347.0,0.53,0.497,122.0,165.0,0.739,74.0,413.0,487.0,211.0,65.0,29.0,123.0,209.0,697.0,0.0
2023,158.0,aldamsa01,22.0,mem,pf,77.0,20.0,1682.0,247.0,525.0,0.47,94.0,266.0,0.353,153.0,259.0,0.591,0.56,108.0,144.0,0.75,85.0,286.0,371.0,97.0,45.0,48.0,60.0,143.0,696.0,0.0
2023,159.0,nurkiju01,28.0,por,c,52.0,52.0,1391.0,262.0,505.0,0.519,43.0,119.0,0.361,219.0,386.0,0.567,0.561,127.0,192.0,0.661,114.0,357.0,471.0,149.0,43.0,44.0,119.0,185.0,694.0,0.0
2023,160.0,jacksre01,32.0,tot,pg,68.0,40.0,1657.0,263.0,640.0,0.411,96.0,288.0,0.333,167.0,352.0,0.474,0.486,71.0,78.0,0.91,25.0,119.0,144.0,233.0,47.0,6.0,115.0,114.0,693.0,0.0
2023,161.0,joeis01,23.0,okc,sg,73.0,10.0,1395.0,224.0,508.0,0.441,161.0,394.0,0.409,63.0,114.0,0.553,0.599,82.0,100.0,0.82,27.0,148.0,175.0,88.0,48.0,8.0,39.0,105.0,691.0,0.0
2023,162.0,dosunay01,23.0,chi,sg,80.0,51.0,2098.0,281.0,570.0,0.493,59.0,189.0,0.312,222.0,381.0,0.583,0.545,66.0,82.0,0.805,45.0,175.0,220.0,206.0,62.0,26.0,99.0,182.0,687.0,0.0
2023,163.0,sextoco01,24.0,uta,pg,48.0,15.0,1145.0,237.0,468.0,0.506,48.0,122.0,0.393,189.0,346.0,0.546,0.558,163.0,199.0,0.819,37.0,68.0,105.0,138.0,27.0,6.0,85.0,112.0,685.0,0.0
2023,164.0,martica02,27.0,mia,sf,71.0,49.0,2077.0,254.0,548.0,0.464,84.0,236.0,0.356,170.0,312.0,0.545,0.54,91.0,113.0,0.805,88.0,256.0,344.0,117.0,71.0,31.0,78.0,145.0,683.0,0.0
2023,165.0,kesslwa01,21.0,uta,c,74.0,40.0,1703.0,298.0,414.0,0.72,1.0,3.0,0.333,297.0,411.0,0.723,0.721,82.0,159.0,0.516,231.0,389.0,620.0,69.0,26.0,173.0,58.0,169.0,679.0,0.0
2023,166.0,divindo01,26.0,gsw,sg,72.0,36.0,1894.0,235.0,540.0,0.435,150.0,378.0,0.397,85.0,162.0,0.525,0.574,58.0,71.0,0.817,80.0,245.0,325.0,252.0,97.0,10.0,112.0,133.0,678.0,0.0
2023,167.0,branhma01,19.0,sas,sg,66.0,32.0,1550.0,269.0,611.0,0.44,77.0,255.0,0.302,192.0,356.0,0.539,0.503,58.0,70.0,0.829,28.0,153.0,181.0,127.0,33.0,7.0,76.0,115.0,673.0,0.0
2023,168.0,onealro01,29.0,brk,sf,76.0,53.0,2409.0,229.0,593.0,0.386,163.0,419.0,0.389,66.0,174.0,0.379,0.524,50.0,69.0,0.725,55.0,329.0,384.0,283.0,65.0,49.0,114.0,239.0,671.0,1.0
2023,169.0,osmande01,27.0,cle,sf,77.0,2.0,1548.0,239.0,530.0,0.451,116.0,312.0,0.372,123.0,218.0,0.564,0.56,75.0,108.0,0.694,25.0,151.0,176.0,115.0,35.0,11.0,52.0,122.0,669.0,0.0
2023,170.0,kuminjo01,20.0,gsw,pf,67.0,16.0,1394.0,261.0,497.0,0.525,54.0,146.0,0.37,207.0,351.0,0.59,0.579,90.0,138.0,0.652,70.0,161.0,231.0,125.0,41.0,31.0,95.0,157.0,666.0,0.0
2023,171.0,hylanbo01,22.0,tot,pg,56.0,1.0,1085.0,228.0,571.0,0.399,117.0,315.0,0.371,111.0,256.0,0.434,0.502,86.0,102.0,0.843,20.0,115.0,135.0,172.0,39.0,15.0,82.0,96.0,659.0,0.0
2023,172.0,mcderdo01,31.0,sas,sf,64.0,0.0,1314.0,239.0,523.0,0.457,123.0,298.0,0.413,116.0,225.0,0.516,0.575,53.0,70.0,0.757,23.0,116.0,139.0,91.0,13.0,6.0,58.0,118.0,654.0,0.0
2023,173.0,walkelo01,24.0,lal,sg,56.0,32.0,1297.0,236.0,527.0,0.448,91.0,249.0,0.365,145.0,278.0,0.522,0.534,91.0,106.0,0.858,14.0,95.0,109.0,64.0,30.0,17.0,46.0,71.0,654.0,0.0
2023,174.0,richajo01,29.0,tot,sg,65.0,10.0,1530.0,239.0,554.0,0.431,107.0,293.0,0.365,132.0,261.0,0.506,0.528,69.0,81.0,0.852,41.0,134.0,175.0,174.0,69.0,20.0,86.0,117.0,654.0,0.0
2023,175.0,burksal01,31.0,det,sg,51.0,8.0,1122.0,200.0,459.0,0.436,99.0,239.0,0.414,101.0,220.0,0.459,0.544,153.0,188.0,0.814,19.0,139.0,158.0,114.0,38.0,8.0,58.0,98.0,652.0,0.0
2023,176.0,carteje01,27.0,mil,pg,81.0,39.0,1810.0,239.0,565.0,0.423,142.0,337.0,0.421,97.0,228.0,0.425,0.549,31.0,38.0,0.816,35.0,167.0,202.0,197.0,66.0,29.0,78.0,158.0,651.0,0.0
2023,177.0,mccontj01,30.0,ind,pg,75.0,6.0,1526.0,283.0,521.0,0.543,26.0,59.0,0.441,257.0,462.0,0.556,0.568,58.0,68.0,0.853,45.0,189.0,234.0,397.0,81.0,10.0,143.0,105.0,650.0,1.0
2023,178.0,johnsca02,26.0,tot,pf,42.0,41.0,1199.0,223.0,474.0,0.47,103.0,255.0,0.404,120.0,219.0,0.548,0.579,101.0,120.0,0.842,34.0,151.0,185.0,78.0,50.0,14.0,37.0,83.0,650.0,0.0
2023,179.0,joneshe01,24.0,nop,pf,66.0,66.0,1951.0,235.0,501.0,0.469,56.0,167.0,0.335,179.0,334.0,0.536,0.525,123.0,161.0,0.764,97.0,172.0,269.0,162.0,103.0,42.0,88.0,208.0,649.0,0.0
2023,180.0,anderky01,29.0,min,pf,69.0,46.0,1957.0,252.0,495.0,0.509,43.0,105.0,0.41,209.0,390.0,0.536,0.553,100.0,136.0,0.735,66.0,302.0,368.0,335.0,78.0,63.0,103.0,146.0,647.0,3.0
2023,181.0,bateske01,27.0,sas,pf,67.0,42.0,1452.0,236.0,465.0,0.508,56.0,142.0,0.394,180.0,323.0,0.557,0.568,119.0,150.0,0.793,65.0,183.0,248.0,103.0,46.0,20.0,56.0,63.0,647.0,0.0
2023,182.0,smithja04,22.0,ind,c,68.0,31.0,1279.0,242.0,508.0,0.476,54.0,191.0,0.283,188.0,317.0,0.593,0.53,104.0,137.0,0.759,129.0,265.0,394.0,66.0,21.0,60.0,72.0,153.0,642.0,0.0
2023,183.0,vincega01,26.0,mia,pg,68.0,34.0,1759.0,228.0,567.0,0.402,117.0,350.0,0.334,111.0,217.0,0.512,0.505,68.0,78.0,0.872,27.0,118.0,145.0,167.0,62.0,5.0,92.0,154.0,641.0,0.0
2023,184.0,willigr01,24.0,bos,pf,79.0,23.0,2045.0,216.0,476.0,0.454,115.0,291.0,0.395,101.0,185.0,0.546,0.575,94.0,122.0,0.77,87.0,276.0,363.0,131.0,41.0,31.0,82.0,192.0,641.0,0.0
2023,185.0,griffaj01,19.0,atl,sf,72.0,12.0,1401.0,248.0,533.0,0.465,101.0,259.0,0.39,147.0,274.0,0.536,0.56,42.0,47.0,0.894,37.0,116.0,153.0,73.0,42.0,12.0,42.0,87.0,639.0,0.0
2023,186.0,miltosh01,26.0,phi,sg,76.0,11.0,1567.0,241.0,503.0,0.479,56.0,148.0,0.378,185.0,355.0,0.521,0.535,99.0,116.0,0.853,39.0,152.0,191.0,240.0,25.0,13.0,94.0,123.0,637.0,0.0
2023,187.0,niangge01,29.0,phi,pf,78.0,1.0,1512.0,222.0,502.0,0.442,154.0,384.0,0.401,68.0,118.0,0.576,0.596,39.0,45.0,0.867,19.0,166.0,185.0,77.0,30.0,14.0,54.0,145.0,637.0,0.0
2023,188.0,morrimo01,27.0,was,pg,62.0,61.0,1695.0,247.0,515.0,0.48,78.0,204.0,0.382,169.0,311.0,0.543,0.555,64.0,77.0,0.831,26.0,184.0,210.0,326.0,43.0,13.0,60.0,75.0,636.0,0.0
2023,189.0,bolbo01,23.0,orl,pf,70.0,33.0,1505.0,261.0,478.0,0.546,30.0,113.0,0.265,231.0,365.0,0.633,0.577,82.0,108.0,0.759,69.0,336.0,405.0,69.0,30.0,85.0,112.0,92.0,634.0,0.0
2023,190.0,wiggian01,27.0,gsw,sf,37.0,37.0,1190.0,250.0,529.0,0.473,89.0,225.0,0.396,161.0,304.0,0.53,0.557,44.0,72.0,0.611,61.0,125.0,186.0,85.0,45.0,28.0,48.0,107.0,633.0,0.0
2023,191.0,vandeja01,23.0,tot,pf,78.0,65.0,1879.0,247.0,451.0,0.548,29.0,90.0,0.322,218.0,361.0,0.604,0.58,96.0,139.0,0.691,170.0,412.0,582.0,184.0,83.0,21.0,97.0,190.0,619.0,0.0
2023,192.0,greendr01,32.0,gsw,pf,73.0,73.0,2297.0,250.0,474.0,0.527,40.0,131.0,0.305,210.0,343.0,0.612,0.57,77.0,108.0,0.713,66.0,459.0,525.0,500.0,74.0,60.0,204.0,229.0,617.0,0.0
2023,193.0,horfoal01,36.0,bos,c,63.0,63.0,1922.0,228.0,479.0,0.476,145.0,325.0,0.446,83.0,154.0,0.539,0.627,15.0,21.0,0.714,73.0,317.0,390.0,189.0,30.0,61.0,37.0,121.0,616.0,0.0
2023,194.0,lowryky01,36.0,mia,pg,55.0,44.0,1718.0,196.0,485.0,0.404,107.0,310.0,0.345,89.0,175.0,0.509,0.514,116.0,135.0,0.859,43.0,182.0,225.0,281.0,57.0,21.0,103.0,143.0,615.0,1.0
2023,195.0,sochaje01,19.0,sas,pf,56.0,53.0,1458.0,250.0,552.0,0.453,33.0,134.0,0.246,217.0,418.0,0.519,0.483,81.0,116.0,0.698,95.0,200.0,295.0,142.0,43.0,23.0,97.0,138.0,614.0,0.0
2023,196.0,durenja01,19.0,det,c,67.0,31.0,1670.0,258.0,398.0,0.648,0.0,2.0,0.0,258.0,396.0,0.652,0.648,96.0,157.0,0.611,229.0,366.0,595.0,75.0,44.0,59.0,92.0,182.0,612.0,0.0
2023,197.0,leeda03,30.0,pho,sg,74.0,5.0,1506.0,200.0,452.0,0.442,110.0,247.0,0.445,90.0,205.0,0.439,0.564,94.0,104.0,0.904,39.0,186.0,225.0,99.0,30.0,7.0,78.0,118.0,604.0,0.0
2023,198.0,thomaca02,21.0,brk,sg,57.0,4.0,948.0,201.0,456.0,0.441,51.0,133.0,0.383,150.0,323.0,0.464,0.497,151.0,174.0,0.868,8.0,87.0,95.0,78.0,20.0,7.0,63.0,55.0,604.0,0.0
2023,199.0,townska01,27.0,min,pf,29.0,29.0,957.0,212.0,428.0,0.495,60.0,164.0,0.366,152.0,264.0,0.576,0.565,118.0,135.0,0.874,48.0,188.0,236.0,140.0,20.0,17.0,86.0,111.0,602.0,0.0
2023,200.0,wagnemo01,25.0,orl,c,57.0,18.0,1109.0,198.0,396.0,0.5,51.0,163.0,0.313,147.0,233.0,0.631,0.564,153.0,182.0,0.841,69.0,190.0,259.0,84.0,37.0,13.0,68.0,136.0,600.0,0.0
2023,201.0,craigto01,32.0,pho,pf,79.0,60.0,1948.0,228.0,500.0,0.456,100.0,253.0,0.395,128.0,247.0,0.518,0.556,32.0,45.0,0.711,145.0,281.0,426.0,117.0,50.0,62.0,73.0,179.0,588.0,0.0
2023,202.0,bryanth01,25.0,tot,c,59.0,26.0,1081.0,230.0,369.0,0.623,26.0,59.0,0.441,204.0,310.0,0.658,0.659,93.0,126.0,0.738,86.0,253.0,339.0,31.0,16.0,30.0,38.0,102.0,579.0,0.0
2023,203.0,looneke01,26.0,gsw,c,82.0,70.0,1958.0,242.0,384.0,0.63,0.0,1.0,0.0,242.0,383.0,0.632,0.63,94.0,155.0,0.606,274.0,486.0,760.0,207.0,52.0,50.0,45.0,225.0,578.0,0.0
2023,204.0,stewais01,21.0,det,c,50.0,47.0,1414.0,195.0,441.0,0.442,67.0,205.0,0.327,128.0,236.0,0.542,0.518,110.0,149.0,0.738,115.0,288.0,403.0,70.0,20.0,34.0,68.0,133.0,567.0,0.0
2023,205.0,harrijo01,31.0,brk,sf,74.0,33.0,1527.0,201.0,440.0,0.457,142.0,333.0,0.426,59.0,107.0,0.551,0.618,18.0,28.0,0.643,23.0,141.0,164.0,101.0,34.0,13.0,41.0,140.0,562.0,0.0
2023,206.0,lylestr01,27.0,sac,pf,74.0,0.0,1247.0,187.0,408.0,0.458,87.0,240.0,0.363,100.0,168.0,0.595,0.565,101.0,124.0,0.815,68.0,232.0,300.0,66.0,27.0,31.0,64.0,97.0,562.0,0.0
2023,207.0,bullore01,31.0,dal,sf,78.0,55.0,2364.0,192.0,470.0,0.409,151.0,397.0,0.38,41.0,73.0,0.562,0.569,26.0,37.0,0.703,32.0,251.0,283.0,108.0,54.0,13.0,36.0,166.0,561.0,0.0
2023,208.0,curryse01,32.0,brk,sg,61.0,7.0,1211.0,208.0,449.0,0.463,94.0,232.0,0.405,114.0,217.0,0.525,0.568,51.0,55.0,0.927,13.0,87.0,100.0,99.0,36.0,7.0,51.0,96.0,561.0,0.0
2023,209.0,clarkbr01,26.0,mem,pf,56.0,8.0,1090.0,229.0,349.0,0.656,1.0,6.0,0.167,228.0,343.0,0.665,0.658,99.0,137.0,0.723,92.0,218.0,310.0,72.0,34.0,37.0,55.0,131.0,558.0,0.0
2023,210.0,finnedo01,29.0,tot,pf,66.0,66.0,2009.0,196.0,501.0,0.391,114.0,338.0,0.337,82.0,163.0,0.503,0.505,45.0,59.0,0.763,114.0,202.0,316.0,100.0,55.0,36.0,62.0,144.0,551.0,0.0
2023,211.0,alvarjo01,24.0,nop,pg,61.0,10.0,1310.0,201.0,489.0,0.411,83.0,247.0,0.336,118.0,242.0,0.488,0.496,65.0,80.0,0.813,28.0,113.0,141.0,186.0,67.0,10.0,81.0,125.0,550.0,0.0
2023,212.0,greenjo02,22.0,dal,sg,60.0,21.0,1539.0,205.0,382.0,0.537,68.0,169.0,0.402,137.0,213.0,0.643,0.626,68.0,94.0,0.723,55.0,127.0,182.0,103.0,42.0,5.0,72.0,156.0,546.0,0.0
2023,213.0,kennalu01,26.0,tot,sg,59.0,14.0,1315.0,188.0,382.0,0.492,133.0,269.0,0.494,55.0,113.0,0.487,0.666,37.0,39.0,0.949,15.0,143.0,158.0,91.0,32.0,5.0,46.0,82.0,546.0,0.0
2023,214.0,nworajo01,24.0,tot,sf,62.0,14.0,1188.0,194.0,445.0,0.436,86.0,211.0,0.408,108.0,234.0,0.462,0.533,68.0,86.0,0.791,51.0,178.0,229.0,88.0,24.0,14.0,66.0,74.0,542.0,0.0
2023,215.0,browntr01,23.0,lal,sf,76.0,45.0,1860.0,200.0,465.0,0.43,107.0,281.0,0.381,93.0,184.0,0.505,0.545,34.0,39.0,0.872,62.0,246.0,308.0,95.0,59.0,16.0,49.0,120.0,541.0,0.0
2023,216.0,grahade01,27.0,tot,pg,73.0,8.0,1338.0,161.0,431.0,0.374,119.0,338.0,0.352,42.0,93.0,0.452,0.512,98.0,131.0,0.748,19.0,103.0,122.0,196.0,45.0,16.0,53.0,79.0,539.0,0.0
2023,217.0,richani01,25.0,cho,c,65.0,9.0,1217.0,197.0,313.0,0.629,1.0,1.0,1.0,196.0,312.0,0.628,0.631,137.0,183.0,0.749,147.0,269.0,416.0,38.0,11.0,71.0,59.0,154.0,532.0,0.0
2023,218.0,okogijo01,24.0,pho,sg,72.0,26.0,1350.0,162.0,414.0,0.391,66.0,197.0,0.335,96.0,217.0,0.442,0.471,139.0,192.0,0.724,109.0,142.0,251.0,105.0,56.0,34.0,63.0,114.0,529.0,0.0
2023,219.0,suggsja01,21.0,orl,sg,53.0,19.0,1246.0,186.0,444.0,0.419,66.0,202.0,0.327,120.0,242.0,0.496,0.493,86.0,119.0,0.723,55.0,106.0,161.0,155.0,67.0,27.0,94.0,120.0,524.0,0.0
2023,220.0,diallha01,24.0,det,sf,56.0,0.0,996.0,215.0,375.0,0.573,5.0,21.0,0.238,210.0,354.0,0.593,0.58,87.0,148.0,0.588,57.0,137.0,194.0,55.0,53.0,16.0,71.0,124.0,522.0,0.0
2023,221.0,rosste01,31.0,tot,sg,63.0,9.0,1330.0,200.0,465.0,0.43,95.0,258.0,0.368,105.0,207.0,0.507,0.532,27.0,34.0,0.794,22.0,132.0,154.0,95.0,35.0,10.0,43.0,97.0,522.0,0.0
2023,222.0,eubandr01,25.0,por,c,78.0,28.0,1584.0,214.0,334.0,0.641,7.0,18.0,0.389,207.0,316.0,0.655,0.651,83.0,125.0,0.664,132.0,286.0,418.0,103.0,40.0,102.0,67.0,169.0,518.0,0.0
2023,223.0,manntr01,21.0,okc,pg,67.0,5.0,1183.0,197.0,501.0,0.393,81.0,257.0,0.315,116.0,244.0,0.475,0.474,42.0,55.0,0.764,27.0,128.0,155.0,120.0,40.0,11.0,62.0,99.0,517.0,1.0
2023,224.0,hausesa01,25.0,bos,sf,80.0,8.0,1290.0,180.0,396.0,0.455,140.0,335.0,0.418,40.0,61.0,0.656,0.631,12.0,17.0,0.706,35.0,169.0,204.0,71.0,29.0,21.0,30.0,99.0,512.0,0.0
2023,225.0,loveke01,34.0,tot,pf,62.0,20.0,1240.0,165.0,424.0,0.389,99.0,296.0,0.334,66.0,128.0,0.516,0.506,80.0,91.0,0.879,59.0,340.0,399.0,116.0,16.0,12.0,70.0,97.0,509.0,0.0
2023,226.0,achiupr01,23.0,tor,c,55.0,12.0,1140.0,196.0,404.0,0.485,29.0,108.0,0.269,167.0,296.0,0.564,0.521,87.0,124.0,0.702,100.0,228.0,328.0,50.0,31.0,30.0,59.0,102.0,508.0,0.0
2023,227.0,poweldw01,31.0,dal,c,76.0,64.0,1458.0,197.0,269.0,0.732,0.0,5.0,0.0,197.0,264.0,0.746,0.732,112.0,168.0,0.667,149.0,165.0,314.0,69.0,48.0,26.0,65.0,209.0,506.0,0.0
2023,228.0,baglema01,23.0,det,c,42.0,25.0,990.0,202.0,382.0,0.529,19.0,66.0,0.288,183.0,316.0,0.579,0.554,81.0,108.0,0.75,94.0,175.0,269.0,36.0,19.0,30.0,46.0,81.0,504.0,0.0
2023,229.0,middlkh01,31.0,mil,sf,33.0,19.0,801.0,177.0,406.0,0.436,51.0,162.0,0.315,126.0,244.0,0.516,0.499,92.0,102.0,0.902,28.0,112.0,140.0,163.0,23.0,5.0,71.0,68.0,497.0,0.0
2023,230.0,toppiob01,24.0,nyk,pf,67.0,5.0,1050.0,187.0,419.0,0.446,85.0,247.0,0.344,102.0,172.0,0.593,0.548,38.0,47.0,0.809,29.0,158.0,187.0,66.0,23.0,12.0,38.0,68.0,497.0,0.0
2023,231.0,nunnke01,27.0,tot,sg,70.0,2.0,964.0,191.0,450.0,0.424,79.0,223.0,0.354,112.0,227.0,0.493,0.512,35.0,41.0,0.854,15.0,94.0,109.0,90.0,28.0,7.0,66.0,66.0,496.0,0.0
2023,232.0,payneca01,28.0,pho,pg,48.0,15.0,968.0,188.0,453.0,0.415,68.0,185.0,0.368,120.0,268.0,0.448,0.49,49.0,64.0,0.766,12.0,94.0,106.0,214.0,33.0,8.0,81.0,88.0,493.0,0.0
2023,233.0,princta02,28.0,min,pf,54.0,4.0,1192.0,177.0,379.0,0.467,74.0,194.0,0.381,103.0,185.0,0.557,0.565,65.0,77.0,0.844,15.0,117.0,132.0,84.0,28.0,15.0,69.0,123.0,493.0,0.0
2023,234.0,okorois01,22.0,cle,sf,76.0,46.0,1652.0,175.0,354.0,0.494,62.0,171.0,0.363,113.0,183.0,0.617,0.582,78.0,103.0,0.757,52.0,135.0,187.0,87.0,56.0,30.0,42.0,158.0,490.0,0.0
2023,235.0,wiggiaa01,24.0,okc,sg,70.0,14.0,1297.0,186.0,363.0,0.512,48.0,122.0,0.393,138.0,241.0,0.573,0.579,59.0,71.0,0.831,68.0,142.0,210.0,80.0,39.0,15.0,55.0,110.0,479.0,0.0
2023,236.0,batumni01,34.0,lac,pf,78.0,19.0,1709.0,160.0,381.0,0.42,124.0,317.0,0.391,36.0,64.0,0.563,0.583,34.0,48.0,0.708,62.0,237.0,299.0,121.0,54.0,44.0,50.0,149.0,478.0,0.0
2023,237.0,smithde03,25.0,cho,pg,54.0,15.0,1390.0,186.0,452.0,0.412,24.0,111.0,0.216,162.0,341.0,0.475,0.438,78.0,106.0,0.736,27.0,140.0,167.0,261.0,75.0,25.0,82.0,122.0,474.0,0.0
2023,238.0,agbajoc01,22.0,uta,sg,59.0,22.0,1209.0,165.0,386.0,0.427,81.0,228.0,0.355,84.0,158.0,0.532,0.532,56.0,69.0,0.812,43.0,78.0,121.0,67.0,16.0,15.0,41.0,99.0,467.0,0.0
2023,239.0,connapa01,30.0,mil,sf,61.0,33.0,1443.0,165.0,421.0,0.392,109.0,322.0,0.339,56.0,99.0,0.566,0.521,27.0,41.0,0.659,50.0,233.0,283.0,77.0,37.0,11.0,33.0,69.0,466.0,0.0
2023,240.0,roddyda01,21.0,mem,pf,70.0,4.0,1258.0,180.0,420.0,0.429,65.0,212.0,0.307,115.0,208.0,0.553,0.506,41.0,65.0,0.631,50.0,143.0,193.0,59.0,29.0,19.0,57.0,107.0,466.0,0.0
2023,241.0,watfotr01,22.0,por,pf,62.0,12.0,1182.0,181.0,323.0,0.56,25.0,64.0,0.391,156.0,259.0,0.602,0.599,72.0,100.0,0.72,42.0,196.0,238.0,130.0,32.0,12.0,71.0,118.0,459.0,0.0
2023,242.0,landajo01,27.0,pho,c,69.0,4.0,979.0,178.0,337.0,0.528,21.0,84.0,0.25,157.0,253.0,0.621,0.559,79.0,105.0,0.752,119.0,161.0,280.0,68.0,16.0,30.0,59.0,126.0,456.0,0.0
2023,243.0,jacksis01,21.0,ind,c,63.0,12.0,1042.0,179.0,318.0,0.563,2.0,14.0,0.143,177.0,304.0,0.582,0.566,95.0,146.0,0.651,113.0,169.0,282.0,51.0,31.0,93.0,51.0,154.0,455.0,0.0
2023,244.0,mitchda01,24.0,sac,pg,80.0,9.0,1447.0,181.0,399.0,0.454,63.0,197.0,0.32,118.0,202.0,0.584,0.533,25.0,31.0,0.806,16.0,89.0,105.0,185.0,44.0,15.0,62.0,112.0,450.0,0.0
2023,245.0,wisemja01,21.0,tot,c,45.0,22.0,867.0,189.0,339.0,0.558,4.0,20.0,0.2,185.0,319.0,0.58,0.563,68.0,97.0,0.701,73.0,194.0,267.0,30.0,7.0,27.0,51.0,108.0,450.0,0.0
2023,246.0,oladivi01,30.0,mia,sg,42.0,2.0,1106.0,160.0,403.0,0.397,70.0,212.0,0.33,90.0,191.0,0.471,0.484,59.0,79.0,0.747,16.0,112.0,128.0,146.0,57.0,12.0,87.0,99.0,449.0,0.0
2023,247.0,nancela02,30.0,nop,c,65.0,1.0,1381.0,186.0,305.0,0.61,14.0,42.0,0.333,172.0,263.0,0.654,0.633,55.0,79.0,0.696,106.0,248.0,354.0,119.0,56.0,37.0,42.0,133.0,441.0,0.0
2023,248.0,greenje02,36.0,den,pf,56.0,4.0,1091.0,160.0,328.0,0.488,30.0,104.0,0.288,130.0,224.0,0.58,0.534,87.0,117.0,0.744,38.0,106.0,144.0,69.0,18.0,17.0,46.0,99.0,437.0,0.0
2023,249.0,robinmi01,24.0,nyk,c,59.0,58.0,1591.0,188.0,280.0,0.671,0.0,0.0,,188.0,280.0,0.671,0.671,59.0,122.0,0.484,267.0,288.0,555.0,53.0,56.0,109.0,41.0,160.0,435.0,0.0
2023,250.0,daviste02,25.0,sac,sg,64.0,5.0,841.0,154.0,364.0,0.423,89.0,243.0,0.366,65.0,121.0,0.537,0.545,34.0,43.0,0.791,20.0,119.0,139.0,67.0,43.0,12.0,53.0,104.0,431.0,0.0
2023,251.0,tillmxa01,24.0,mem,c,61.0,29.0,1180.0,188.0,306.0,0.614,4.0,15.0,0.267,184.0,291.0,0.632,0.621,49.0,89.0,0.551,121.0,186.0,307.0,96.0,58.0,29.0,44.0,97.0,429.0,0.0
2023,252.0,josepco01,31.0,det,pg,62.0,2.0,1227.0,150.0,351.0,0.427,70.0,180.0,0.389,80.0,171.0,0.468,0.527,57.0,72.0,0.792,21.0,85.0,106.0,217.0,34.0,9.0,56.0,88.0,427.0,0.0
2023,253.0,willike04,28.0,okc,pf,53.0,10.0,1206.0,179.0,346.0,0.517,50.0,134.0,0.373,129.0,212.0,0.608,0.59,17.0,39.0,0.436,97.0,164.0,261.0,105.0,45.0,14.0,32.0,112.0,425.0,0.0
2023,254.0,hardyja02,20.0,dal,sg,48.0,5.0,708.0,146.0,333.0,0.438,63.0,156.0,0.404,83.0,177.0,0.469,0.533,65.0,79.0,0.823,11.0,78.0,89.0,65.0,17.0,7.0,46.0,64.0,420.0,0.0
2023,255.0,lamban01,25.0,gsw,sf,62.0,4.0,1195.0,148.0,314.0,0.471,73.0,199.0,0.367,75.0,115.0,0.652,0.588,46.0,60.0,0.767,56.0,159.0,215.0,96.0,28.0,20.0,54.0,134.0,415.0,0.0
2023,256.0,beverpa01,34.0,tot,sg,67.0,67.0,1816.0,144.0,360.0,0.4,80.0,239.0,0.335,64.0,121.0,0.529,0.511,47.0,65.0,0.723,44.0,203.0,247.0,194.0,63.0,41.0,60.0,187.0,415.0,0.0
2023,257.0,knoxke01,23.0,tot,sf,63.0,5.0,952.0,152.0,332.0,0.458,65.0,186.0,0.349,87.0,146.0,0.596,0.556,46.0,60.0,0.767,34.0,143.0,177.0,33.0,24.0,12.0,50.0,95.0,415.0,0.0
2023,258.0,goodwjo01,24.0,was,pg,62.0,7.0,1106.0,158.0,353.0,0.448,38.0,118.0,0.322,120.0,235.0,0.511,0.501,53.0,69.0,0.768,57.0,148.0,205.0,168.0,58.0,26.0,57.0,95.0,407.0,0.0
2023,259.0,harteis01,24.0,nyk,c,82.0,8.0,1626.0,175.0,327.0,0.535,8.0,37.0,0.216,167.0,290.0,0.576,0.547,48.0,71.0,0.676,209.0,327.0,536.0,102.0,53.0,64.0,66.0,213.0,406.0,0.0
2023,260.0,drumman01,29.0,chi,c,67.0,0.0,849.0,166.0,274.0,0.606,0.0,3.0,0.0,166.0,271.0,0.613,0.606,67.0,125.0,0.536,138.0,306.0,444.0,33.0,45.0,27.0,75.0,117.0,399.0,0.0
2023,261.0,brissos01,24.0,ind,pf,65.0,2.0,1083.0,123.0,319.0,0.386,48.0,155.0,0.31,75.0,164.0,0.457,0.461,104.0,145.0,0.717,62.0,156.0,218.0,44.0,33.0,13.0,34.0,79.0,398.0,0.0
2023,262.0,harriga01,28.0,orl,sg,48.0,42.0,1184.0,138.0,307.0,0.45,94.0,218.0,0.431,44.0,89.0,0.494,0.603,27.0,30.0,0.9,21.0,77.0,98.0,59.0,45.0,12.0,28.0,93.0,397.0,0.0
2023,263.0,johnsja05,21.0,atl,sf,70.0,6.0,1042.0,158.0,322.0,0.491,30.0,104.0,0.288,128.0,218.0,0.587,0.537,49.0,78.0,0.628,51.0,231.0,282.0,83.0,38.0,34.0,41.0,113.0,395.0,0.0
2023,264.0,willima07,21.0,cho,c,43.0,17.0,828.0,160.0,251.0,0.637,0.0,0.0,,160.0,251.0,0.637,0.637,67.0,97.0,0.691,93.0,211.0,304.0,18.0,28.0,45.0,40.0,94.0,387.0,0.0
2023,265.0,reddica01,23.0,tot,sf,40.0,20.0,990.0,139.0,312.0,0.446,45.0,144.0,0.313,94.0,168.0,0.56,0.518,64.0,75.0,0.853,18.0,70.0,88.0,57.0,39.0,14.0,47.0,72.0,387.0,0.0
2023,266.0,walljo01,32.0,lac,pg,34.0,3.0,755.0,138.0,338.0,0.408,33.0,109.0,0.303,105.0,229.0,0.459,0.457,77.0,113.0,0.681,14.0,78.0,92.0,178.0,27.0,12.0,80.0,59.0,386.0,0.0
2023,267.0,muscami01,31.0,tot,c,63.0,9.0,945.0,131.0,292.0,0.449,81.0,207.0,0.391,50.0,85.0,0.588,0.587,40.0,52.0,0.769,37.0,166.0,203.0,50.0,15.0,24.0,23.0,98.0,383.0,0.0
2023,268.0,bartowi01,32.0,tot,sg,56.0,2.0,993.0,138.0,364.0,0.379,66.0,180.0,0.367,72.0,184.0,0.391,0.47,37.0,47.0,0.787,15.0,122.0,137.0,112.0,28.0,13.0,48.0,56.0,379.0,0.0
2023,269.0,sumneed01,27.0,brk,sg,53.0,12.0,736.0,124.0,269.0,0.461,31.0,87.0,0.356,93.0,182.0,0.511,0.519,99.0,108.0,0.917,13.0,66.0,79.0,68.0,31.0,10.0,50.0,83.0,378.0,0.0
2023,270.0,carusal01,28.0,chi,pg,67.0,36.0,1575.0,130.0,286.0,0.455,55.0,151.0,0.364,75.0,135.0,0.556,0.551,59.0,73.0,0.808,42.0,154.0,196.0,193.0,98.0,46.0,77.0,159.0,374.0,0.0
2023,271.0,chrisjo01,21.0,hou,sg,64.0,2.0,786.0,153.0,329.0,0.465,21.0,89.0,0.236,132.0,240.0,0.55,0.497,45.0,60.0,0.75,20.0,51.0,71.0,73.0,33.0,15.0,60.0,59.0,372.0,0.0
2023,272.0,gabriwe01,25.0,lal,c,68.0,2.0,1024.0,155.0,260.0,0.596,10.0,36.0,0.278,145.0,224.0,0.647,0.615,52.0,84.0,0.619,116.0,170.0,286.0,36.0,26.0,35.0,46.0,144.0,372.0,0.0
2023,273.0,wrighde01,30.0,was,pg,50.0,14.0,1221.0,138.0,291.0,0.474,41.0,119.0,0.345,97.0,172.0,0.564,0.545,52.0,60.0,0.867,58.0,122.0,180.0,194.0,92.0,17.0,44.0,59.0,369.0,0.0
2023,274.0,greenja01,32.0,gsw,pf,57.0,1.0,797.0,136.0,252.0,0.54,42.0,111.0,0.378,94.0,141.0,0.667,0.623,52.0,67.0,0.776,72.0,133.0,205.0,51.0,25.0,23.0,52.0,105.0,366.0,0.0
2023,275.0,dragigo01,36.0,tot,pg,58.0,0.0,870.0,141.0,335.0,0.421,52.0,145.0,0.359,89.0,190.0,0.468,0.499,31.0,45.0,0.689,16.0,65.0,81.0,151.0,13.0,4.0,63.0,65.0,365.0,0.0
2023,276.0,konchjo01,26.0,mem,sf,72.0,23.0,1494.0,138.0,320.0,0.431,60.0,177.0,0.339,78.0,143.0,0.545,0.525,28.0,36.0,0.778,64.0,246.0,310.0,100.0,77.0,25.0,37.0,112.0,364.0,0.0
2023,277.0,alexani01,24.0,tot,sg,59.0,3.0,884.0,131.0,295.0,0.444,61.0,159.0,0.384,70.0,136.0,0.515,0.547,40.0,60.0,0.667,15.0,86.0,101.0,108.0,32.0,21.0,55.0,88.0,363.0,0.0
2023,278.0,duartch01,25.0,ind,sf,46.0,12.0,897.0,123.0,333.0,0.369,55.0,174.0,0.316,68.0,159.0,0.428,0.452,61.0,72.0,0.847,19.0,96.0,115.0,64.0,25.0,9.0,41.0,65.0,362.0,0.0
2023,279.0,saricda01,28.0,tot,c,57.0,12.0,806.0,127.0,277.0,0.458,45.0,115.0,0.391,82.0,162.0,0.506,0.54,63.0,76.0,0.829,53.0,154.0,207.0,74.0,20.0,7.0,55.0,99.0,362.0,0.0
2023,280.0,adamsst01,29.0,mem,c,42.0,42.0,1133.0,157.0,263.0,0.597,0.0,1.0,0.0,157.0,262.0,0.599,0.597,47.0,129.0,0.364,214.0,271.0,485.0,97.0,36.0,46.0,79.0,98.0,361.0,0.0
2023,281.0,braunch01,21.0,den,sg,76.0,6.0,1181.0,143.0,289.0,0.495,34.0,96.0,0.354,109.0,193.0,0.565,0.554,40.0,64.0,0.625,48.0,133.0,181.0,59.0,41.0,17.0,35.0,101.0,360.0,0.0
2023,282.0,littlna01,22.0,por,sf,54.0,4.0,976.0,134.0,303.0,0.442,58.0,158.0,0.367,76.0,145.0,0.524,0.538,33.0,46.0,0.717,27.0,114.0,141.0,50.0,20.0,20.0,36.0,66.0,359.0,0.0
2023,283.0,liveris01,24.0,det,pf,52.0,22.0,1199.0,120.0,288.0,0.417,74.0,203.0,0.365,46.0,85.0,0.541,0.545,32.0,39.0,0.821,28.0,115.0,143.0,41.0,28.0,28.0,30.0,103.0,346.0,0.0
2023,284.0,shamela01,25.0,pho,sg,40.0,9.0,807.0,113.0,300.0,0.377,75.0,199.0,0.377,38.0,101.0,0.376,0.502,45.0,51.0,0.882,11.0,56.0,67.0,93.0,26.0,5.0,36.0,61.0,346.0,0.0
2023,285.0,fontesi01,27.0,uta,sf,52.0,6.0,766.0,115.0,312.0,0.369,63.0,191.0,0.33,52.0,121.0,0.43,0.47,35.0,44.0,0.795,31.0,55.0,86.0,42.0,15.0,8.0,39.0,62.0,328.0,0.0
2023,286.0,stevela01,25.0,cle,sf,62.0,25.0,1120.0,129.0,288.0,0.448,30.0,95.0,0.316,99.0,193.0,0.513,0.5,40.0,57.0,0.702,48.0,159.0,207.0,33.0,27.0,19.0,27.0,79.0,328.0,0.0
2023,287.0,bambamo01,24.0,tot,c,49.0,7.0,769.0,117.0,241.0,0.485,48.0,124.0,0.387,69.0,117.0,0.59,0.585,41.0,62.0,0.661,58.0,167.0,225.0,46.0,13.0,43.0,30.0,105.0,323.0,0.0
2023,288.0,watanyu01,28.0,brk,sf,58.0,1.0,928.0,114.0,232.0,0.491,60.0,135.0,0.444,54.0,97.0,0.557,0.621,34.0,47.0,0.723,30.0,111.0,141.0,48.0,25.0,17.0,22.0,80.0,322.0,0.0
2023,289.0,metuch01,25.0,sac,pf,66.0,0.0,689.0,129.0,219.0,0.589,9.0,38.0,0.237,120.0,181.0,0.663,0.61,54.0,73.0,0.74,47.0,151.0,198.0,40.0,22.0,21.0,32.0,81.0,321.0,0.0
2023,290.0,harremo01,29.0,phi,c,57.0,7.0,681.0,125.0,209.0,0.598,0.0,6.0,0.0,125.0,203.0,0.616,0.598,70.0,101.0,0.693,67.0,92.0,159.0,33.0,17.0,25.0,35.0,75.0,320.0,0.0
2023,291.0,jonesde02,25.0,chi,pf,64.0,0.0,893.0,115.0,230.0,0.5,27.0,80.0,0.338,88.0,150.0,0.587,0.559,62.0,84.0,0.738,60.0,93.0,153.0,34.0,29.0,37.0,25.0,86.0,319.0,0.0
2023,292.0,inglejo01,35.0,mil,sf,46.0,0.0,1044.0,108.0,248.0,0.435,83.0,203.0,0.409,25.0,45.0,0.556,0.603,18.0,21.0,0.857,13.0,115.0,128.0,150.0,33.0,6.0,55.0,74.0,317.0,0.0
2023,293.0,warretj01,29.0,tot,pf,42.0,0.0,687.0,132.0,270.0,0.489,22.0,67.0,0.328,110.0,203.0,0.542,0.53,28.0,35.0,0.8,26.0,95.0,121.0,40.0,22.0,12.0,20.0,65.0,314.0,0.0
2023,294.0,jeromty01,25.0,gsw,sg,45.0,2.0,816.0,118.0,242.0,0.488,35.0,90.0,0.389,83.0,152.0,0.546,0.56,38.0,41.0,0.927,7.0,71.0,78.0,135.0,23.0,5.0,30.0,64.0,309.0,0.0
2023,295.0,moodymo01,20.0,gsw,sg,63.0,3.0,817.0,108.0,227.0,0.476,49.0,135.0,0.363,59.0,92.0,0.641,0.584,37.0,53.0,0.698,28.0,77.0,105.0,51.0,18.0,7.0,34.0,54.0,302.0,0.0
2023,296.0,hamptrj01,21.0,tot,sg,47.0,3.0,750.0,102.0,237.0,0.43,41.0,116.0,0.353,61.0,121.0,0.504,0.517,57.0,76.0,0.75,18.0,69.0,87.0,54.0,27.0,9.0,42.0,51.0,302.0,0.0
2023,297.0,cancavl01,25.0,den,pf,60.0,9.0,889.0,108.0,227.0,0.476,43.0,115.0,0.374,65.0,112.0,0.58,0.57,38.0,41.0,0.927,24.0,104.0,128.0,80.0,22.0,14.0,37.0,84.0,297.0,0.0
2023,298.0,langfro01,23.0,sas,sg,43.0,21.0,844.0,121.0,259.0,0.467,16.0,61.0,0.262,105.0,198.0,0.53,0.498,39.0,56.0,0.696,57.0,57.0,114.0,50.0,24.0,13.0,30.0,67.0,297.0,0.0
2023,299.0,maledth01,21.0,cho,pg,44.0,7.0,854.0,102.0,254.0,0.402,28.0,95.0,0.295,74.0,159.0,0.465,0.457,63.0,74.0,0.851,14.0,109.0,123.0,152.0,37.0,12.0,59.0,61.0,295.0,0.0
2023,300.0,gayru01,36.0,uta,pf,56.0,0.0,816.0,109.0,287.0,0.38,33.0,130.0,0.254,76.0,157.0,0.484,0.437,42.0,49.0,0.857,33.0,130.0,163.0,57.0,19.0,18.0,37.0,68.0,293.0,0.0
2023,301.0,thybuma01,25.0,tot,sg,71.0,28.0,1200.0,110.0,253.0,0.435,54.0,148.0,0.365,56.0,105.0,0.533,0.542,19.0,28.0,0.679,40.0,100.0,140.0,53.0,83.0,32.0,24.0,113.0,293.0,0.0
2023,302.0,robinje02,22.0,okc,pf,43.0,20.0,814.0,110.0,248.0,0.444,37.0,111.0,0.333,73.0,137.0,0.533,0.518,35.0,42.0,0.833,71.0,109.0,180.0,43.0,24.0,11.0,19.0,71.0,292.0,0.0
2023,303.0,simmobe01,26.0,brk,pg,42.0,33.0,1105.0,133.0,235.0,0.566,0.0,2.0,0.0,133.0,233.0,0.571,0.566,25.0,57.0,0.439,40.0,223.0,263.0,256.0,54.0,24.0,97.0,139.0,291.0,1.0
2023,304.0,dunnkr01,28.0,uta,pg,22.0,3.0,568.0,116.0,216.0,0.537,17.0,36.0,0.472,99.0,180.0,0.55,0.576,41.0,53.0,0.774,9.0,91.0,100.0,124.0,25.0,10.0,35.0,58.0,290.0,0.0
2023,305.0,covinro01,32.0,lac,pf,48.0,0.0,779.0,102.0,229.0,0.445,54.0,136.0,0.397,48.0,93.0,0.516,0.563,30.0,40.0,0.75,31.0,135.0,166.0,57.0,38.0,33.0,32.0,86.0,288.0,0.0
2023,306.0,willija07,20.0,okc,c,49.0,36.0,914.0,102.0,234.0,0.436,46.0,113.0,0.407,56.0,121.0,0.463,0.534,38.0,54.0,0.704,44.0,197.0,241.0,76.0,28.0,12.0,37.0,111.0,288.0,0.0
2023,307.0,reedpa01,23.0,phi,c,69.0,2.0,755.0,124.0,209.0,0.593,1.0,6.0,0.167,123.0,203.0,0.606,0.596,38.0,51.0,0.745,112.0,150.0,262.0,27.0,46.0,51.0,45.0,123.0,287.0,0.0
2023,308.0,tateja01,27.0,hou,sf,31.0,7.0,677.0,110.0,229.0,0.48,13.0,46.0,0.283,97.0,183.0,0.53,0.509,50.0,69.0,0.725,41.0,77.0,118.0,84.0,21.0,7.0,47.0,106.0,283.0,0.0
2023,309.0,williro04,25.0,bos,c,35.0,20.0,824.0,127.0,170.0,0.747,0.0,1.0,0.0,127.0,169.0,0.751,0.747,25.0,41.0,0.61,104.0,188.0,292.0,50.0,22.0,48.0,34.0,68.0,279.0,0.0
2023,310.0,omorueu01,25.0,tot,sf,40.0,6.0,645.0,101.0,228.0,0.443,25.0,89.0,0.281,76.0,139.0,0.547,0.498,51.0,75.0,0.68,43.0,68.0,111.0,28.0,28.0,3.0,34.0,91.0,278.0,0.0
2023,311.0,nnajize01,22.0,den,pf,53.0,5.0,728.0,110.0,196.0,0.561,17.0,65.0,0.262,93.0,131.0,0.71,0.605,40.0,62.0,0.645,65.0,73.0,138.0,18.0,17.0,23.0,31.0,105.0,277.0,0.0
2023,312.0,pokusal01,21.0,okc,pf,34.0,25.0,701.0,108.0,249.0,0.434,38.0,104.0,0.365,70.0,145.0,0.483,0.51,22.0,35.0,0.629,45.0,114.0,159.0,64.0,20.0,43.0,43.0,58.0,276.0,0.0
2023,313.0,pritcpa01,25.0,bos,pg,48.0,3.0,643.0,101.0,245.0,0.412,56.0,154.0,0.364,45.0,91.0,0.495,0.527,12.0,16.0,0.75,25.0,63.0,88.0,64.0,14.0,1.0,40.0,37.0,270.0,1.0
2023,314.0,houseda01,29.0,phi,sf,56.0,5.0,807.0,93.0,197.0,0.472,37.0,110.0,0.336,56.0,87.0,0.644,0.566,45.0,60.0,0.75,9.0,85.0,94.0,44.0,14.0,9.0,26.0,69.0,268.0,0.0
2023,315.0,robindu01,28.0,mia,sf,42.0,1.0,691.0,88.0,237.0,0.371,63.0,192.0,0.328,25.0,45.0,0.556,0.504,29.0,32.0,0.906,8.0,61.0,69.0,46.0,14.0,0.0,28.0,77.0,268.0,0.0
2023,316.0,beaucma01,22.0,mil,sf,52.0,11.0,701.0,96.0,243.0,0.395,47.0,142.0,0.331,49.0,101.0,0.485,0.492,27.0,37.0,0.73,38.0,77.0,115.0,35.0,21.0,7.0,45.0,71.0,266.0,0.0
2023,317.0,tuckepj01,37.0,phi,pf,75.0,75.0,1920.0,96.0,225.0,0.427,55.0,140.0,0.393,41.0,85.0,0.482,0.549,19.0,23.0,0.826,95.0,200.0,295.0,60.0,39.0,15.0,44.0,180.0,266.0,0.0
2023,318.0,biyombi01,30.0,pho,c,61.0,14.0,874.0,119.0,206.0,0.578,0.0,0.0,,119.0,206.0,0.578,0.578,25.0,70.0,0.357,89.0,171.0,260.0,56.0,18.0,88.0,51.0,114.0,263.0,0.0
2023,319.0,mamuksa01,23.0,tot,c,43.0,7.0,660.0,97.0,230.0,0.422,30.0,99.0,0.303,67.0,131.0,0.511,0.487,39.0,57.0,0.684,70.0,115.0,185.0,62.0,14.0,12.0,35.0,52.0,263.0,0.0
2023,320.0,hernawi01,28.0,nop,c,38.0,2.0,458.0,89.0,169.0,0.527,3.0,11.0,0.273,86.0,158.0,0.544,0.536,81.0,104.0,0.779,58.0,122.0,180.0,33.0,17.0,13.0,39.0,64.0,262.0,0.0
2023,321.0,thorjt01,20.0,cho,pf,69.0,8.0,969.0,95.0,238.0,0.399,39.0,123.0,0.317,56.0,115.0,0.487,0.481,33.0,47.0,0.702,36.0,116.0,152.0,36.0,22.0,23.0,44.0,66.0,262.0,0.0
2023,322.0,kornelu01,27.0,bos,c,69.0,0.0,804.0,113.0,170.0,0.665,3.0,13.0,0.231,110.0,157.0,0.701,0.674,32.0,39.0,0.821,86.0,111.0,197.0,53.0,11.0,46.0,25.0,81.0,261.0,0.0
2023,323.0,mathega01,26.0,tot,sg,54.0,0.0,686.0,73.0,201.0,0.363,63.0,180.0,0.35,10.0,21.0,0.476,0.52,48.0,53.0,0.906,11.0,62.0,73.0,26.0,24.0,5.0,19.0,62.0,257.0,0.0
2023,324.0,riverau01,30.0,min,sg,52.0,10.0,1016.0,91.0,209.0,0.435,43.0,123.0,0.35,48.0,86.0,0.558,0.538,30.0,39.0,0.769,5.0,78.0,83.0,75.0,28.0,4.0,23.0,80.0,255.0,0.0
2023,325.0,wainris01,28.0,pho,sf,60.0,2.0,915.0,84.0,227.0,0.37,57.0,173.0,0.329,27.0,54.0,0.5,0.496,26.0,31.0,0.839,45.0,94.0,139.0,53.0,38.0,22.0,22.0,117.0,251.0,0.0
2023,326.0,holidaa01,26.0,atl,pg,63.0,6.0,845.0,92.0,220.0,0.418,36.0,88.0,0.409,56.0,132.0,0.424,0.5,27.0,32.0,0.844,25.0,49.0,74.0,89.0,37.0,12.0,36.0,79.0,247.0,0.0
2023,327.0,flynnma01,24.0,tor,pg,53.0,2.0,691.0,87.0,242.0,0.36,47.0,133.0,0.353,40.0,109.0,0.367,0.457,25.0,33.0,0.758,15.0,61.0,76.0,70.0,21.0,4.0,25.0,65.0,246.0,0.0
2023,328.0,mcgowbr01,20.0,cho,sg,46.0,7.0,787.0,80.0,202.0,0.396,26.0,80.0,0.325,54.0,122.0,0.443,0.46,60.0,80.0,0.75,20.0,73.0,93.0,54.0,15.0,6.0,43.0,48.0,246.0,0.0
2023,329.0,millspa02,34.0,brk,pg,40.0,2.0,567.0,86.0,209.0,0.411,49.0,134.0,0.366,37.0,75.0,0.493,0.529,25.0,30.0,0.833,8.0,36.0,44.0,56.0,15.0,3.0,30.0,32.0,246.0,0.0
2023,330.0,washidu02,22.0,pho,sg,31.0,3.0,394.0,94.0,256.0,0.367,40.0,111.0,0.36,54.0,145.0,0.372,0.445,16.0,24.0,0.667,2.0,34.0,36.0,63.0,6.0,4.0,34.0,23.0,244.0,0.0
2023,331.0,youngth01,34.0,tor,pf,54.0,9.0,795.0,108.0,198.0,0.545,6.0,34.0,0.176,102.0,164.0,0.622,0.561,18.0,26.0,0.692,71.0,95.0,166.0,75.0,54.0,5.0,42.0,88.0,240.0,0.0
2023,332.0,cunnica01,21.0,det,pg,12.0,12.0,400.0,93.0,224.0,0.415,17.0,61.0,0.279,76.0,163.0,0.466,0.453,36.0,43.0,0.837,12.0,62.0,74.0,72.0,10.0,7.0,39.0,34.0,239.0,0.0
2023,333.0,highsha01,26.0,mia,pf,54.0,11.0,969.0,93.0,216.0,0.431,37.0,109.0,0.339,56.0,107.0,0.523,0.516,13.0,28.0,0.464,57.0,131.0,188.0,43.0,36.0,17.0,45.0,82.0,236.0,0.0
2023,334.0,hayesja02,22.0,nop,c,47.0,2.0,610.0,86.0,156.0,0.551,3.0,29.0,0.103,83.0,127.0,0.654,0.561,58.0,83.0,0.699,39.0,93.0,132.0,34.0,20.0,19.0,31.0,67.0,233.0,0.0
2023,335.0,hillge01,36.0,tot,sg,46.0,1.0,834.0,78.0,166.0,0.47,34.0,95.0,0.358,44.0,71.0,0.62,0.572,42.0,55.0,0.764,15.0,70.0,85.0,110.0,26.0,6.0,34.0,55.0,232.0,0.0
2023,336.0,daniedy01,19.0,nop,pg,59.0,11.0,1042.0,87.0,208.0,0.418,27.0,86.0,0.314,60.0,122.0,0.492,0.483,26.0,40.0,0.65,36.0,152.0,188.0,134.0,43.0,11.0,57.0,99.0,227.0,0.0
2023,337.0,sharpda01,21.0,brk,c,48.0,3.0,552.0,93.0,171.0,0.544,6.0,11.0,0.545,87.0,160.0,0.544,0.561,35.0,55.0,0.636,99.0,101.0,200.0,37.0,15.0,32.0,42.0,89.0,227.0,0.0
2023,338.0,nixda01,20.0,hou,pg,57.0,7.0,914.0,81.0,237.0,0.342,40.0,140.0,0.286,41.0,97.0,0.423,0.426,24.0,36.0,0.667,18.0,80.0,98.0,132.0,31.0,7.0,86.0,59.0,226.0,0.0
2023,339.0,garubus01,20.0,hou,c,75.0,1.0,970.0,86.0,177.0,0.486,24.0,59.0,0.407,62.0,118.0,0.525,0.554,29.0,47.0,0.617,120.0,187.0,307.0,64.0,44.0,29.0,47.0,135.0,225.0,0.0
2023,340.0,bazleda01,22.0,tot,c,43.0,1.0,616.0,83.0,183.0,0.454,20.0,53.0,0.377,63.0,130.0,0.485,0.508,38.0,70.0,0.543,34.0,104.0,138.0,38.0,22.0,34.0,27.0,44.0,224.0,0.0
2023,341.0,mcbrimi01,22.0,nyk,pg,64.0,2.0,760.0,77.0,215.0,0.358,40.0,134.0,0.299,37.0,81.0,0.457,0.451,28.0,42.0,0.667,13.0,37.0,50.0,72.0,37.0,8.0,25.0,60.0,222.0,0.0
2023,342.0,mykhasv01,25.0,tot,sf,32.0,8.0,468.0,77.0,173.0,0.445,42.0,99.0,0.424,35.0,74.0,0.473,0.566,26.0,39.0,0.667,15.0,38.0,53.0,53.0,15.0,4.0,24.0,23.0,222.0,0.0
2023,343.0,klebima01,31.0,dal,pf,37.0,5.0,930.0,77.0,169.0,0.456,39.0,112.0,0.348,38.0,57.0,0.667,0.571,27.0,38.0,0.711,30.0,105.0,135.0,52.0,12.0,30.0,27.0,85.0,220.0,0.0
2023,344.0,walkeja01,20.0,por,sf,56.0,0.0,619.0,83.0,198.0,0.419,16.0,56.0,0.286,67.0,142.0,0.472,0.46,34.0,45.0,0.756,48.0,83.0,131.0,34.0,10.0,13.0,29.0,69.0,216.0,0.0
2023,345.0,waterli01,25.0,okc,sg,41.0,0.0,531.0,70.0,178.0,0.393,58.0,162.0,0.358,12.0,16.0,0.75,0.556,16.0,20.0,0.8,16.0,59.0,75.0,28.0,14.0,11.0,10.0,42.0,214.0,0.0
2023,346.0,willizi02,21.0,mem,sf,37.0,4.0,561.0,84.0,196.0,0.429,25.0,97.0,0.258,59.0,99.0,0.596,0.492,17.0,22.0,0.773,16.0,63.0,79.0,35.0,14.0,6.0,37.0,58.0,210.0,0.0
2023,347.0,bertada01,30.0,dal,pf,45.0,1.0,492.0,69.0,160.0,0.431,55.0,141.0,0.39,14.0,19.0,0.737,0.603,13.0,15.0,0.867,10.0,43.0,53.0,21.0,11.0,8.0,10.0,53.0,206.0,0.0
2023,348.0,wadede01,26.0,cle,pf,44.0,13.0,891.0,73.0,177.0,0.412,45.0,127.0,0.354,28.0,50.0,0.56,0.54,15.0,23.0,0.652,20.0,130.0,150.0,37.0,28.0,21.0,17.0,89.0,206.0,0.0
2023,349.0,holidju01,33.0,tot,sf,46.0,2.0,706.0,77.0,204.0,0.377,46.0,143.0,0.322,31.0,61.0,0.508,0.49,5.0,8.0,0.625,5.0,50.0,55.0,41.0,19.0,19.0,22.0,68.0,205.0,0.0
2023,350.0,bassech01,22.0,sas,c,35.0,2.0,508.0,87.0,135.0,0.644,3.0,8.0,0.375,84.0,127.0,0.661,0.656,22.0,37.0,0.595,75.0,118.0,193.0,48.0,16.0,33.0,41.0,74.0,199.0,0.0
2023,351.0,jordade01,34.0,den,c,39.0,8.0,586.0,88.0,115.0,0.765,1.0,1.0,1.0,87.0,114.0,0.763,0.77,22.0,48.0,0.458,52.0,150.0,202.0,34.0,12.0,23.0,48.0,71.0,199.0,0.0
2023,352.0,dedmode01,33.0,tot,c,38.0,1.0,426.0,77.0,151.0,0.51,12.0,39.0,0.308,65.0,112.0,0.58,0.55,33.0,49.0,0.673,34.0,100.0,134.0,26.0,9.0,19.0,25.0,75.0,199.0,0.0
2023,353.0,winslju01,26.0,por,pf,29.0,11.0,776.0,81.0,198.0,0.409,14.0,45.0,0.311,67.0,153.0,0.438,0.444,20.0,28.0,0.714,49.0,96.0,145.0,98.0,30.0,11.0,43.0,89.0,196.0,0.0
2023,354.0,gillan01,30.0,was,pf,59.0,8.0,624.0,71.0,132.0,0.538,4.0,29.0,0.138,67.0,103.0,0.65,0.553,49.0,67.0,0.731,37.0,62.0,99.0,34.0,7.0,12.0,15.0,70.0,195.0,0.0
2023,355.0,diengou01,19.0,okc,pf,39.0,1.0,569.0,76.0,181.0,0.42,26.0,98.0,0.265,50.0,83.0,0.602,0.492,15.0,23.0,0.652,19.0,86.0,105.0,46.0,14.0,7.0,26.0,42.0,193.0,0.0
2023,356.0,houstca01,20.0,orl,sf,51.0,4.0,812.0,66.0,182.0,0.363,46.0,136.0,0.338,20.0,46.0,0.435,0.489,15.0,18.0,0.833,34.0,65.0,99.0,30.0,12.0,7.0,18.0,63.0,193.0,0.0
2023,357.0,bouknja01,22.0,cho,sg,34.0,0.0,515.0,69.0,193.0,0.358,33.0,109.0,0.303,36.0,84.0,0.429,0.443,20.0,30.0,0.667,8.0,64.0,72.0,41.0,14.0,5.0,32.0,49.0,191.0,0.0
2023,358.0,johnske07,20.0,por,sg,40.0,0.0,416.0,67.0,178.0,0.376,28.0,81.0,0.346,39.0,97.0,0.402,0.455,27.0,41.0,0.659,11.0,33.0,44.0,59.0,19.0,6.0,43.0,43.0,189.0,0.0
2023,359.0,mcgeeja01,35.0,dal,c,42.0,7.0,355.0,80.0,125.0,0.64,2.0,5.0,0.4,78.0,120.0,0.65,0.648,24.0,41.0,0.585,30.0,77.0,107.0,11.0,4.0,26.0,36.0,54.0,186.0,0.0
2023,360.0,weslebl01,19.0,sas,sg,37.0,1.0,669.0,69.0,215.0,0.321,20.0,52.0,0.385,49.0,163.0,0.301,0.367,26.0,44.0,0.591,12.0,69.0,81.0,98.0,25.0,5.0,65.0,67.0,184.0,0.0
2023,361.0,mcgruro01,31.0,det,sg,32.0,12.0,524.0,62.0,152.0,0.408,41.0,97.0,0.423,21.0,55.0,0.382,0.543,18.0,22.0,0.818,20.0,54.0,74.0,28.0,16.0,1.0,11.0,39.0,183.0,0.0
2023,362.0,kolokch01,22.0,tor,c,58.0,19.0,802.0,72.0,150.0,0.48,1.0,12.0,0.083,71.0,138.0,0.514,0.483,37.0,59.0,0.627,84.0,87.0,171.0,31.0,21.0,57.0,20.0,128.0,182.0,0.0
2023,363.0,garzalu01,24.0,min,c,28.0,0.0,243.0,63.0,116.0,0.543,14.0,39.0,0.359,49.0,77.0,0.636,0.603,41.0,52.0,0.788,33.0,30.0,63.0,18.0,3.0,2.0,14.0,43.0,181.0,0.0
2023,364.0,matthwe02,36.0,mil,sf,52.0,0.0,820.0,58.0,160.0,0.363,39.0,124.0,0.315,19.0,36.0,0.528,0.484,24.0,28.0,0.857,34.0,79.0,113.0,34.0,20.0,13.0,18.0,71.0,179.0,0.0
2023,365.0,simsje01,24.0,nyk,c,52.0,16.0,812.0,83.0,107.0,0.776,0.0,1.0,0.0,83.0,106.0,0.783,0.776,12.0,16.0,0.75,99.0,143.0,242.0,25.0,15.0,28.0,27.0,96.0,178.0,0.0
2023,366.0,johnsst04,26.0,sas,sf,30.0,0.0,469.0,65.0,122.0,0.533,18.0,40.0,0.45,47.0,82.0,0.573,0.607,26.0,39.0,0.667,22.0,73.0,95.0,67.0,16.0,6.0,33.0,48.0,174.0,0.0
2023,367.0,coffeam01,25.0,lac,sf,50.0,9.0,625.0,56.0,145.0,0.386,11.0,40.0,0.275,45.0,105.0,0.429,0.424,49.0,63.0,0.778,17.0,36.0,53.0,53.0,7.0,5.0,21.0,50.0,172.0,0.0
2023,368.0,robyis01,24.0,sas,pf,42.0,2.0,474.0,67.0,155.0,0.432,18.0,60.0,0.3,49.0,95.0,0.516,0.49,20.0,41.0,0.488,21.0,86.0,107.0,38.0,18.0,7.0,31.0,53.0,172.0,0.0
2023,369.0,rubiori01,32.0,cle,pg,33.0,2.0,566.0,61.0,178.0,0.343,21.0,82.0,0.256,40.0,96.0,0.417,0.402,28.0,35.0,0.8,9.0,61.0,70.0,115.0,26.0,6.0,31.0,51.0,171.0,0.0
2023,370.0,griffbl01,33.0,bos,c,41.0,16.0,569.0,63.0,130.0,0.485,23.0,66.0,0.348,40.0,64.0,0.625,0.573,21.0,32.0,0.656,47.0,108.0,155.0,61.0,14.0,9.0,22.0,75.0,170.0,0.0
2023,371.0,gibsota01,37.0,was,c,49.0,2.0,480.0,65.0,125.0,0.52,8.0,24.0,0.333,57.0,101.0,0.564,0.552,30.0,42.0,0.714,32.0,61.0,93.0,34.0,15.0,12.0,26.0,84.0,168.0,0.0
2023,372.0,bitadgo01,23.0,tot,c,38.0,1.0,457.0,69.0,125.0,0.552,6.0,26.0,0.231,63.0,99.0,0.636,0.576,23.0,42.0,0.548,61.0,76.0,137.0,39.0,16.0,26.0,22.0,64.0,167.0,0.0
2023,373.0,champju02,21.0,tot,sf,17.0,3.0,320.0,59.0,130.0,0.454,33.0,82.0,0.402,26.0,48.0,0.542,0.581,14.0,17.0,0.824,10.0,50.0,60.0,10.0,6.0,5.0,11.0,26.0,165.0,0.0
2023,374.0,fournev01,30.0,nyk,sg,27.0,7.0,459.0,56.0,166.0,0.337,35.0,114.0,0.307,21.0,52.0,0.404,0.443,18.0,21.0,0.857,4.0,45.0,49.0,36.0,16.0,3.0,22.0,46.0,165.0,0.0
2023,375.0,greenja02,29.0,chi,sf,32.0,1.0,480.0,61.0,108.0,0.565,13.0,35.0,0.371,48.0,73.0,0.658,0.625,30.0,45.0,0.667,27.0,61.0,88.0,23.0,24.0,21.0,20.0,52.0,165.0,0.0
2023,376.0,davisjo06,20.0,was,sg,28.0,5.0,423.0,66.0,171.0,0.386,17.0,70.0,0.243,49.0,101.0,0.485,0.436,14.0,27.0,0.519,10.0,55.0,65.0,28.0,10.0,8.0,17.0,48.0,163.0,0.0
2023,377.0,mclaujo01,26.0,min,pg,43.0,0.0,678.0,61.0,145.0,0.421,24.0,78.0,0.308,37.0,67.0,0.552,0.503,15.0,18.0,0.833,15.0,47.0,62.0,148.0,32.0,4.0,33.0,28.0,161.0,0.0
2023,378.0,joneska01,22.0,cho,c,46.0,0.0,550.0,67.0,120.0,0.558,4.0,19.0,0.211,63.0,101.0,0.624,0.575,19.0,26.0,0.731,37.0,86.0,123.0,15.0,17.0,30.0,31.0,65.0,157.0,0.0
2023,379.0,netora01,30.0,cle,pg,48.0,1.0,505.0,57.0,110.0,0.518,12.0,42.0,0.286,45.0,68.0,0.662,0.573,31.0,34.0,0.912,10.0,36.0,46.0,79.0,17.0,4.0,24.0,49.0,157.0,0.0
2023,380.0,brownmo01,23.0,tot,c,36.0,1.0,294.0,61.0,96.0,0.635,0.0,0.0,,61.0,96.0,0.635,0.635,33.0,72.0,0.458,57.0,82.0,139.0,4.0,4.0,14.0,15.0,39.0,155.0,0.0
2023,381.0,schofad01,25.0,orl,pf,37.0,0.0,451.0,55.0,122.0,0.451,24.0,74.0,0.324,31.0,48.0,0.646,0.549,21.0,23.0,0.913,23.0,39.0,62.0,31.0,8.0,5.0,16.0,61.0,155.0,0.0
2023,382.0,toscaju01,29.0,tot,sf,52.0,9.0,700.0,64.0,143.0,0.448,8.0,43.0,0.186,56.0,100.0,0.56,0.476,19.0,24.0,0.792,28.0,96.0,124.0,65.0,16.0,10.0,34.0,80.0,155.0,0.0
2023,383.0,greenaj01,23.0,mil,sg,35.0,1.0,345.0,53.0,125.0,0.424,44.0,105.0,0.419,9.0,20.0,0.45,0.6,4.0,4.0,1.0,6.0,39.0,45.0,22.0,6.0,0.0,9.0,31.0,154.0,0.0
2023,384.0,fernabr01,24.0,tot,c,39.0,4.0,405.0,59.0,112.0,0.527,0.0,4.0,0.0,59.0,108.0,0.546,0.527,35.0,50.0,0.7,54.0,83.0,137.0,31.0,6.0,34.0,25.0,74.0,153.0,0.0
2023,385.0,rosede01,34.0,nyk,pg,27.0,0.0,338.0,61.0,159.0,0.384,19.0,63.0,0.302,42.0,96.0,0.438,0.443,11.0,12.0,0.917,8.0,32.0,40.0,46.0,7.0,5.0,22.0,18.0,152.0,0.0
2023,386.0,leesa01,23.0,tot,pg,25.0,1.0,373.0,49.0,121.0,0.405,11.0,30.0,0.367,38.0,91.0,0.418,0.45,42.0,57.0,0.737,13.0,32.0,45.0,67.0,19.0,1.0,24.0,32.0,151.0,0.0
2023,387.0,washity02,21.0,hou,pg,31.0,2.0,433.0,58.0,160.0,0.363,19.0,80.0,0.238,39.0,80.0,0.488,0.422,10.0,18.0,0.556,2.0,43.0,45.0,47.0,15.0,2.0,14.0,29.0,145.0,0.0
2023,388.0,bostobr01,21.0,lac,sf,22.0,1.0,248.0,51.0,122.0,0.418,12.0,29.0,0.414,39.0,93.0,0.419,0.467,29.0,38.0,0.763,7.0,23.0,30.0,20.0,9.0,0.0,12.0,21.0,143.0,0.0
2023,389.0,bantoda01,23.0,tor,pg,31.0,2.0,279.0,55.0,130.0,0.423,15.0,51.0,0.294,40.0,79.0,0.506,0.481,17.0,24.0,0.708,11.0,34.0,45.0,36.0,13.0,13.0,18.0,34.0,142.0,0.0
2023,390.0,jonesda03,27.0,tot,c,41.0,1.0,477.0,55.0,86.0,0.64,10.0,17.0,0.588,45.0,69.0,0.652,0.698,22.0,29.0,0.759,42.0,80.0,122.0,15.0,8.0,21.0,23.0,55.0,142.0,0.0
2023,391.0,harrike01,25.0,orl,sg,34.0,0.0,457.0,47.0,107.0,0.439,16.0,43.0,0.372,31.0,64.0,0.484,0.514,31.0,41.0,0.756,28.0,42.0,70.0,16.0,17.0,5.0,21.0,53.0,141.0,0.0
2023,392.0,korkmfu01,25.0,phi,sg,37.0,0.0,353.0,48.0,111.0,0.432,18.0,46.0,0.391,30.0,65.0,0.462,0.514,26.0,36.0,0.722,6.0,36.0,42.0,22.0,10.0,3.0,24.0,18.0,140.0,0.0
2023,393.0,knighna01,25.0,min,c,38.0,0.0,291.0,46.0,81.0,0.568,8.0,22.0,0.364,38.0,59.0,0.644,0.617,39.0,57.0,0.684,22.0,34.0,56.0,13.0,10.0,6.0,21.0,41.0,139.0,0.0
2023,394.0,ntilila01,24.0,dal,sg,47.0,5.0,607.0,48.0,132.0,0.364,17.0,67.0,0.254,31.0,65.0,0.477,0.428,22.0,33.0,0.667,7.0,55.0,62.0,58.0,16.0,7.0,29.0,65.0,135.0,0.0
2023,395.0,morrima02,33.0,tot,pf,35.0,2.0,355.0,47.0,115.0,0.409,28.0,71.0,0.394,19.0,44.0,0.432,0.53,10.0,10.0,1.0,13.0,58.0,71.0,31.0,9.0,5.0,18.0,48.0,132.0,0.0
2023,396.0,holmeri01,29.0,sac,c,42.0,1.0,348.0,55.0,89.0,0.618,5.0,8.0,0.625,50.0,81.0,0.617,0.646,15.0,19.0,0.789,29.0,51.0,80.0,9.0,3.0,11.0,14.0,50.0,130.0,0.0
2023,397.0,chrisma02,19.0,lal,sg,41.0,3.0,512.0,44.0,106.0,0.415,26.0,62.0,0.419,18.0,44.0,0.409,0.538,14.0,16.0,0.875,7.0,68.0,75.0,21.0,9.0,7.0,13.0,33.0,128.0,0.0
2023,398.0,okekech01,24.0,orl,sf,27.0,8.0,518.0,43.0,122.0,0.352,26.0,86.0,0.302,17.0,36.0,0.472,0.459,16.0,21.0,0.762,26.0,70.0,96.0,37.0,19.0,11.0,17.0,40.0,128.0,0.0
2023,399.0,azubuud01,23.0,uta,c,36.0,4.0,359.0,59.0,72.0,0.819,0.0,0.0,,59.0,72.0,0.819,0.819,7.0,20.0,0.35,31.0,88.0,119.0,11.0,6.0,15.0,18.0,34.0,125.0,0.0
2023,400.0,crowdja01,32.0,mil,pf,18.0,3.0,340.0,45.0,94.0,0.479,24.0,55.0,0.436,21.0,39.0,0.538,0.606,10.0,12.0,0.833,17.0,52.0,69.0,27.0,12.0,6.0,7.0,27.0,124.0,0.0
2023,401.0,baldwpa01,20.0,gsw,sf,31.0,0.0,226.0,43.0,109.0,0.394,32.0,84.0,0.381,11.0,25.0,0.44,0.541,4.0,6.0,0.667,1.0,39.0,40.0,11.0,6.0,4.0,11.0,14.0,122.0,0.0
2023,402.0,hernaju01,27.0,tor,pf,42.0,10.0,614.0,48.0,114.0,0.421,17.0,67.0,0.254,31.0,47.0,0.66,0.496,9.0,16.0,0.563,27.0,96.0,123.0,25.0,16.0,6.0,15.0,43.0,122.0,0.0
2023,403.0,ryanma01,25.0,tot,sf,34.0,0.0,310.0,40.0,108.0,0.37,32.0,84.0,0.381,8.0,24.0,0.333,0.519,10.0,12.0,0.833,4.0,22.0,26.0,16.0,5.0,1.0,7.0,27.0,122.0,0.0
2023,404.0,dienggo01,33.0,sas,c,31.0,1.0,358.0,45.0,117.0,0.385,21.0,75.0,0.28,24.0,42.0,0.571,0.474,10.0,13.0,0.769,27.0,80.0,107.0,53.0,4.0,14.0,32.0,57.0,121.0,0.0
2023,405.0,loftoke01,20.0,mem,pf,24.0,1.0,176.0,49.0,93.0,0.527,6.0,17.0,0.353,43.0,76.0,0.566,0.559,16.0,27.0,0.593,19.0,32.0,51.0,20.0,5.0,2.0,12.0,28.0,120.0,0.0
2023,406.0,robinor01,22.0,mia,c,31.0,1.0,425.0,47.0,89.0,0.528,0.0,6.0,0.0,47.0,83.0,0.566,0.528,22.0,31.0,0.71,48.0,78.0,126.0,25.0,12.0,12.0,16.0,53.0,116.0,0.0
2023,407.0,lewiski01,21.0,nop,pg,25.0,0.0,235.0,40.0,88.0,0.455,15.0,34.0,0.441,25.0,54.0,0.463,0.54,19.0,22.0,0.864,5.0,28.0,33.0,23.0,10.0,2.0,10.0,24.0,114.0,0.0
2023,408.0,wrighmc01,24.0,dal,pg,27.0,1.0,335.0,46.0,98.0,0.469,9.0,28.0,0.321,37.0,70.0,0.529,0.515,13.0,19.0,0.684,9.0,38.0,47.0,58.0,8.0,5.0,19.0,24.0,114.0,0.0
2023,409.0,lopezro01,34.0,cle,c,37.0,2.0,299.0,48.0,75.0,0.64,2.0,4.0,0.5,46.0,71.0,0.648,0.653,14.0,18.0,0.778,23.0,28.0,51.0,19.0,2.0,8.0,25.0,43.0,112.0,0.0
2023,410.0,barlodo01,19.0,sas,pf,28.0,0.0,408.0,46.0,86.0,0.535,0.0,4.0,0.0,46.0,82.0,0.561,0.535,18.0,25.0,0.72,46.0,56.0,102.0,24.0,10.0,19.0,15.0,56.0,110.0,0.0
2023,411.0,smithis01,34.0,den,pg,43.0,0.0,398.0,52.0,131.0,0.397,2.0,12.0,0.167,50.0,119.0,0.42,0.405,2.0,4.0,0.5,5.0,49.0,54.0,100.0,8.0,7.0,44.0,33.0,108.0,0.0
2023,412.0,laravja01,21.0,mem,pf,35.0,0.0,414.0,37.0,95.0,0.389,24.0,71.0,0.338,13.0,24.0,0.542,0.516,7.0,9.0,0.778,19.0,44.0,63.0,21.0,12.0,4.0,18.0,49.0,105.0,0.0
2023,413.0,marjabo01,34.0,hou,c,31.0,0.0,171.0,41.0,60.0,0.683,0.0,1.0,0.0,41.0,59.0,0.695,0.683,20.0,27.0,0.741,20.0,40.0,60.0,9.0,5.0,2.0,14.0,10.0,102.0,0.0
2023,414.0,paytoga02,30.0,tot,sg,22.0,1.0,367.0,41.0,69.0,0.594,13.0,26.0,0.5,28.0,43.0,0.651,0.688,6.0,7.0,0.857,24.0,45.0,69.0,30.0,22.0,5.0,16.0,43.0,101.0,0.0
2023,415.0,edwarke02,22.0,tot,sf,36.0,4.0,385.0,36.0,93.0,0.387,17.0,55.0,0.309,19.0,38.0,0.5,0.478,11.0,15.0,0.733,23.0,38.0,61.0,23.0,14.0,6.0,13.0,40.0,100.0,0.0
2023,416.0,cainja01,23.0,mia,pf,18.0,0.0,240.0,37.0,66.0,0.561,7.0,20.0,0.35,30.0,46.0,0.652,0.614,17.0,22.0,0.773,15.0,37.0,52.0,12.0,11.0,1.0,6.0,21.0,98.0,0.0
2023,417.0,zelleco01,30.0,mia,c,15.0,2.0,217.0,37.0,59.0,0.627,0.0,2.0,0.0,37.0,57.0,0.649,0.627,24.0,35.0,0.686,25.0,39.0,64.0,10.0,3.0,4.0,14.0,33.0,98.0,0.0
2023,418.0,pinsoth01,27.0,dal,sg,40.0,1.0,323.0,31.0,87.0,0.356,22.0,62.0,0.355,9.0,25.0,0.36,0.483,11.0,13.0,0.846,10.0,53.0,63.0,46.0,6.0,1.0,12.0,34.0,95.0,1.0
2023,419.0,mayssk01,25.0,por,pg,6.0,6.0,189.0,34.0,68.0,0.5,12.0,26.0,0.462,22.0,42.0,0.524,0.588,12.0,13.0,0.923,2.0,17.0,19.0,50.0,6.0,1.0,10.0,11.0,92.0,0.0
2023,420.0,forbebr01,29.0,min,sg,25.0,0.0,268.0,30.0,83.0,0.361,14.0,46.0,0.304,16.0,37.0,0.432,0.446,15.0,15.0,1.0,4.0,11.0,15.0,17.0,7.0,2.0,12.0,22.0,89.0,0.0
2023,421.0,reedda01,27.0,tot,sg,43.0,1.0,342.0,28.0,84.0,0.333,17.0,46.0,0.37,11.0,38.0,0.289,0.435,16.0,24.0,0.667,10.0,49.0,59.0,23.0,15.0,4.0,20.0,39.0,89.0,0.0
2023,422.0,kaminfr01,29.0,tot,c,36.0,0.0,235.0,31.0,63.0,0.492,13.0,33.0,0.394,18.0,30.0,0.6,0.595,14.0,16.0,0.875,7.0,45.0,52.0,32.0,6.0,4.0,9.0,22.0,89.0,0.0
2023,423.0,taylote01,23.0,tot,pf,31.0,2.0,264.0,39.0,75.0,0.52,5.0,19.0,0.263,34.0,56.0,0.607,0.553,6.0,11.0,0.545,27.0,20.0,47.0,10.0,3.0,6.0,9.0,26.0,89.0,0.0
2023,424.0,juzanjo01,21.0,uta,sg,18.0,0.0,232.0,35.0,104.0,0.337,15.0,63.0,0.238,20.0,41.0,0.488,0.409,2.0,4.0,0.5,8.0,31.0,39.0,8.0,4.0,3.0,3.0,13.0,87.0,0.0
2023,425.0,dukeda01,23.0,brk,sg,23.0,0.0,228.0,36.0,78.0,0.462,1.0,12.0,0.083,35.0,66.0,0.53,0.468,12.0,17.0,0.706,11.0,18.0,29.0,21.0,10.0,1.0,18.0,31.0,85.0,0.0
2023,426.0,terryda01,20.0,chi,sg,38.0,0.0,214.0,32.0,72.0,0.444,7.0,27.0,0.259,25.0,45.0,0.556,0.493,14.0,21.0,0.667,12.0,25.0,37.0,22.0,11.0,5.0,8.0,24.0,85.0,0.0
2023,427.0,jovicni01,19.0,mia,pf,15.0,8.0,204.0,28.0,69.0,0.406,8.0,35.0,0.229,20.0,34.0,0.588,0.464,18.0,19.0,0.947,9.0,22.0,31.0,10.0,7.0,2.0,10.0,19.0,82.0,0.0
2023,428.0,chandke01,20.0,mem,pg,36.0,0.0,281.0,35.0,83.0,0.422,2.0,15.0,0.133,33.0,68.0,0.485,0.434,6.0,13.0,0.462,9.0,29.0,38.0,58.0,12.0,5.0,18.0,15.0,78.0,0.0
2023,429.0,watsope01,20.0,den,sg,23.0,2.0,186.0,29.0,59.0,0.492,6.0,14.0,0.429,23.0,45.0,0.511,0.542,11.0,20.0,0.55,8.0,29.0,37.0,11.0,2.0,11.0,8.0,14.0,75.0,0.0
2023,430.0,walkeke02,32.0,dal,pg,9.0,1.0,144.0,24.0,57.0,0.421,7.0,28.0,0.25,17.0,29.0,0.586,0.482,17.0,21.0,0.81,3.0,13.0,16.0,19.0,2.0,2.0,4.0,11.0,72.0,0.0
2023,431.0,samanlu01,23.0,uta,pf,7.0,4.0,161.0,26.0,57.0,0.456,8.0,31.0,0.258,18.0,26.0,0.692,0.526,9.0,13.0,0.692,0.0,30.0,30.0,15.0,6.0,2.0,10.0,17.0,69.0,0.0
2023,432.0,ibakase01,33.0,mil,c,16.0,0.0,185.0,26.0,54.0,0.481,6.0,18.0,0.333,20.0,36.0,0.556,0.537,8.0,13.0,0.615,15.0,29.0,44.0,4.0,2.0,7.0,11.0,23.0,66.0,0.0
2023,433.0,dowtije01,25.0,tor,pg,25.0,0.0,259.0,25.0,57.0,0.439,5.0,16.0,0.313,20.0,41.0,0.488,0.482,6.0,9.0,0.667,6.0,17.0,23.0,31.0,9.0,3.0,5.0,13.0,61.0,0.0
2023,434.0,greenda02,35.0,tot,sg,11.0,0.0,138.0,22.0,49.0,0.449,16.0,37.0,0.432,6.0,12.0,0.5,0.612,1.0,1.0,1.0,3.0,11.0,14.0,6.0,6.0,3.0,10.0,16.0,61.0,0.0
2023,435.0,diabamo01,21.0,lac,c,22.0,1.0,195.0,24.0,47.0,0.511,1.0,2.0,0.5,23.0,45.0,0.511,0.521,10.0,16.0,0.625,31.0,19.0,50.0,4.0,7.0,8.0,9.0,15.0,59.0,0.0
2023,436.0,diakima01,26.0,cle,c,22.0,2.0,176.0,24.0,50.0,0.48,7.0,21.0,0.333,17.0,29.0,0.586,0.55,2.0,2.0,1.0,8.0,22.0,30.0,8.0,4.0,9.0,12.0,26.0,57.0,0.0
2023,437.0,jacksqu01,24.0,was,pg,9.0,0.0,135.0,19.0,42.0,0.452,1.0,12.0,0.083,18.0,30.0,0.6,0.464,17.0,22.0,0.773,2.0,6.0,8.0,15.0,4.0,1.0,4.0,10.0,56.0,0.0
2023,438.0,lawsoaj01,22.0,tot,sg,15.0,0.0,108.0,22.0,44.0,0.5,10.0,25.0,0.4,12.0,19.0,0.632,0.614,2.0,8.0,0.25,6.0,15.0,21.0,2.0,2.0,0.0,3.0,11.0,56.0,0.0
2023,439.0,isaacjo01,25.0,orl,pf,11.0,0.0,124.0,22.0,53.0,0.415,6.0,15.0,0.4,16.0,38.0,0.421,0.472,5.0,9.0,0.556,15.0,29.0,44.0,6.0,14.0,4.0,4.0,5.0,55.0,0.0
2023,440.0,willije02,23.0,por,sg,5.0,4.0,127.0,24.0,39.0,0.615,3.0,8.0,0.375,21.0,31.0,0.677,0.654,2.0,3.0,0.667,10.0,5.0,15.0,10.0,3.0,2.0,4.0,13.0,53.0,0.0
2023,441.0,forretr01,24.0,atl,sg,23.0,3.0,277.0,25.0,60.0,0.417,0.0,2.0,0.0,25.0,58.0,0.431,0.417,2.0,3.0,0.667,5.0,32.0,37.0,38.0,7.0,2.0,15.0,17.0,52.0,0.0
2023,442.0,antetth01,30.0,mil,pf,37.0,0.0,206.0,20.0,46.0,0.435,0.0,8.0,0.0,20.0,38.0,0.526,0.435,11.0,22.0,0.5,15.0,29.0,44.0,15.0,3.0,3.0,12.0,22.0,51.0,0.0
2023,443.0,huffja01,24.0,was,c,7.0,0.0,95.0,15.0,25.0,0.6,6.0,12.0,0.5,9.0,13.0,0.692,0.72,15.0,16.0,0.938,6.0,15.0,21.0,10.0,3.0,4.0,5.0,15.0,51.0,0.0
2023,444.0,johnsja01,35.0,ind,pf,18.0,1.0,162.0,22.0,49.0,0.449,3.0,15.0,0.2,19.0,34.0,0.559,0.48,4.0,8.0,0.5,4.0,26.0,30.0,15.0,7.0,6.0,8.0,32.0,51.0,0.0
2023,445.0,templga01,36.0,nop,sg,25.0,0.0,162.0,18.0,45.0,0.4,11.0,26.0,0.423,7.0,19.0,0.368,0.522,3.0,4.0,0.75,5.0,12.0,17.0,13.0,9.0,2.0,4.0,15.0,50.0,0.0
2023,446.0,wiggili01,24.0,mil,pg,7.0,1.0,87.0,18.0,37.0,0.486,6.0,18.0,0.333,12.0,19.0,0.632,0.568,8.0,9.0,0.889,0.0,7.0,7.0,14.0,0.0,2.0,12.0,7.0,50.0,0.0
2023,447.0,theisda01,30.0,ind,c,7.0,1.0,109.0,21.0,44.0,0.477,2.0,11.0,0.182,19.0,33.0,0.576,0.5,5.0,12.0,0.417,7.0,15.0,22.0,9.0,2.0,6.0,3.0,7.0,49.0,0.0
2023,448.0,dellama01,32.0,sac,pg,32.0,0.0,213.0,17.0,50.0,0.34,9.0,27.0,0.333,8.0,23.0,0.348,0.43,4.0,7.0,0.571,1.0,12.0,13.0,41.0,7.0,0.0,10.0,20.0,47.0,0.0
2023,449.0,minotjo01,20.0,min,sf,15.0,0.0,96.0,18.0,36.0,0.5,2.0,6.0,0.333,16.0,30.0,0.533,0.528,8.0,8.0,1.0,5.0,20.0,25.0,5.0,4.0,6.0,3.0,10.0,46.0,0.0
2023,450.0,okpalkz01,23.0,sac,pf,35.0,3.0,248.0,16.0,38.0,0.421,7.0,21.0,0.333,9.0,17.0,0.529,0.513,7.0,8.0,0.875,7.0,27.0,34.0,13.0,7.0,7.0,7.0,39.0,46.0,0.0
2023,451.0,butlejo01,20.0,por,c,19.0,1.0,221.0,17.0,53.0,0.321,8.0,35.0,0.229,9.0,18.0,0.5,0.396,3.0,4.0,0.75,3.0,14.0,17.0,11.0,7.0,9.0,1.0,22.0,45.0,0.0
2023,452.0,rhodeja01,23.0,det,sg,14.0,0.0,198.0,17.0,44.0,0.386,5.0,20.0,0.25,12.0,24.0,0.5,0.443,6.0,6.0,1.0,11.0,26.0,37.0,4.0,4.0,1.0,3.0,23.0,45.0,0.0
2023,453.0,culveja01,23.0,atl,sf,10.0,1.0,137.0,17.0,43.0,0.395,1.0,12.0,0.083,16.0,31.0,0.516,0.407,9.0,13.0,0.692,10.0,28.0,38.0,6.0,6.0,2.0,7.0,14.0,44.0,0.0
2023,454.0,harrish01,29.0,por,sg,5.0,0.0,120.0,15.0,36.0,0.417,3.0,10.0,0.3,12.0,26.0,0.462,0.458,11.0,15.0,0.733,1.0,21.0,22.0,30.0,11.0,2.0,6.0,12.0,44.0,0.0
2023,455.0,porteot01,29.0,tor,sf,8.0,2.0,146.0,15.0,30.0,0.5,6.0,17.0,0.353,9.0,13.0,0.692,0.6,8.0,8.0,1.0,6.0,13.0,19.0,8.0,11.0,0.0,4.0,7.0,44.0,0.0
2023,456.0,smithdr01,25.0,tot,sg,15.0,1.0,158.0,18.0,45.0,0.4,5.0,19.0,0.263,13.0,26.0,0.5,0.456,3.0,3.0,1.0,2.0,22.0,24.0,22.0,10.0,4.0,3.0,23.0,44.0,0.0
2023,457.0,birchkh01,30.0,tor,c,20.0,0.0,162.0,19.0,32.0,0.594,1.0,2.0,0.5,18.0,30.0,0.6,0.609,4.0,5.0,0.8,8.0,17.0,25.0,7.0,5.0,5.0,8.0,24.0,43.0,0.0
2023,458.0,lenal01,29.0,sac,c,26.0,2.0,161.0,16.0,30.0,0.533,0.0,2.0,0.0,16.0,28.0,0.571,0.533,11.0,16.0,0.688,24.0,36.0,60.0,12.0,4.0,11.0,16.0,28.0,43.0,0.0
2023,459.0,leoname01,30.0,mil,c,9.0,2.0,114.0,14.0,29.0,0.483,7.0,18.0,0.389,7.0,11.0,0.636,0.603,8.0,9.0,0.889,12.0,22.0,34.0,1.0,2.0,0.0,6.0,16.0,43.0,0.0
2023,460.0,moorewe01,21.0,min,sg,29.0,2.0,153.0,18.0,43.0,0.419,2.0,17.0,0.118,16.0,26.0,0.615,0.442,4.0,5.0,0.8,4.0,14.0,18.0,18.0,8.0,5.0,8.0,13.0,42.0,0.0
2023,461.0,sprinja01,20.0,phi,sg,16.0,2.0,89.0,17.0,35.0,0.486,2.0,5.0,0.4,15.0,30.0,0.5,0.514,6.0,8.0,0.75,6.0,8.0,14.0,8.0,7.0,3.0,3.0,15.0,42.0,0.0
2023,462.0,prestja01,23.0,lac,pg,14.0,0.0,124.0,18.0,41.0,0.439,5.0,18.0,0.278,13.0,23.0,0.565,0.5,0.0,2.0,0.0,2.0,20.0,22.0,27.0,2.0,0.0,10.0,7.0,41.0,0.0
2023,463.0,yurtsom01,24.0,mia,c,9.0,0.0,83.0,16.0,27.0,0.593,3.0,7.0,0.429,13.0,20.0,0.65,0.648,5.0,6.0,0.833,8.0,15.0,23.0,2.0,2.0,2.0,4.0,16.0,40.0,0.0
2023,464.0,cooksxa01,27.0,was,pf,10.0,1.0,126.0,17.0,28.0,0.607,0.0,1.0,0.0,17.0,27.0,0.63,0.607,4.0,10.0,0.4,16.0,22.0,38.0,6.0,6.0,4.0,8.0,13.0,38.0,0.0
2023,465.0,butleja02,22.0,okc,pg,6.0,1.0,77.0,15.0,32.0,0.469,7.0,14.0,0.5,8.0,18.0,0.444,0.578,0.0,0.0,,1.0,3.0,4.0,8.0,5.0,0.0,5.0,5.0,37.0,0.0
2023,466.0,krejcvi01,22.0,atl,pg,29.0,0.0,165.0,15.0,37.0,0.405,5.0,21.0,0.238,10.0,16.0,0.625,0.473,1.0,2.0,0.5,6.0,20.0,26.0,17.0,5.0,1.0,5.0,17.0,36.0,0.0
2023,467.0,sarrol01,23.0,okc,c,9.0,1.0,114.0,15.0,30.0,0.5,1.0,8.0,0.125,14.0,22.0,0.636,0.517,5.0,7.0,0.714,12.0,19.0,31.0,4.0,1.0,5.0,4.0,17.0,36.0,0.0
2023,468.0,martico01,27.0,cho,sf,7.0,0.0,134.0,14.0,36.0,0.389,3.0,14.0,0.214,11.0,22.0,0.5,0.431,4.0,7.0,0.571,8.0,16.0,24.0,11.0,4.0,1.0,2.0,13.0,35.0,0.0
2023,469.0,noelne01,28.0,tot,c,17.0,4.0,195.0,13.0,36.0,0.361,1.0,2.0,0.5,12.0,34.0,0.353,0.375,8.0,12.0,0.667,10.0,36.0,46.0,10.0,16.0,10.0,13.0,32.0,35.0,0.0
2023,470.0,mobleis01,23.0,cle,pf,12.0,0.0,84.0,12.0,28.0,0.429,3.0,8.0,0.375,9.0,20.0,0.45,0.482,4.0,4.0,1.0,4.0,16.0,20.0,3.0,4.0,3.0,1.0,8.0,31.0,0.0
2023,471.0,willivi01,22.0,mem,sg,15.0,1.0,105.0,12.0,40.0,0.3,4.0,28.0,0.143,8.0,12.0,0.667,0.35,2.0,2.0,1.0,4.0,11.0,15.0,4.0,6.0,2.0,5.0,12.0,30.0,0.0
2023,472.0,browngr01,21.0,por,pf,16.0,0.0,93.0,11.0,28.0,0.393,1.0,7.0,0.143,10.0,21.0,0.476,0.411,5.0,12.0,0.417,2.0,17.0,19.0,3.0,4.0,5.0,6.0,13.0,28.0,0.0
2023,473.0,halljo02,21.0,sas,sf,9.0,0.0,83.0,9.0,28.0,0.321,3.0,15.0,0.2,6.0,13.0,0.462,0.375,7.0,9.0,0.778,3.0,9.0,12.0,11.0,1.0,0.0,7.0,6.0,28.0,0.0
2023,474.0,primojo01,20.0,sas,sg,4.0,0.0,93.0,9.0,26.0,0.346,3.0,12.0,0.25,6.0,14.0,0.429,0.404,7.0,9.0,0.778,2.0,11.0,13.0,18.0,1.0,2.0,11.0,8.0,28.0,0.0
2023,475.0,hasleud01,42.0,mia,c,7.0,1.0,71.0,10.0,29.0,0.345,3.0,9.0,0.333,7.0,20.0,0.35,0.397,4.0,5.0,0.8,4.0,7.0,11.0,0.0,1.0,2.0,1.0,11.0,27.0,0.0
2023,476.0,arcidry01,28.0,tot,pg,20.0,4.0,172.0,9.0,37.0,0.243,8.0,23.0,0.348,1.0,14.0,0.071,0.351,0.0,0.0,,0.0,15.0,15.0,23.0,5.0,0.0,7.0,17.0,26.0,0.0
2023,477.0,mccluma01,24.0,phi,sg,2.0,0.0,41.0,9.0,20.0,0.45,4.0,11.0,0.364,5.0,9.0,0.556,0.55,3.0,5.0,0.6,3.0,7.0,10.0,9.0,0.0,0.0,3.0,3.0,25.0,0.0
2023,478.0,merrisa01,26.0,cle,sg,5.0,0.0,59.0,9.0,22.0,0.409,5.0,18.0,0.278,4.0,4.0,1.0,0.523,2.0,2.0,1.0,0.0,9.0,9.0,5.0,4.0,0.0,0.0,3.0,25.0,0.0
2023,479.0,vonleno01,27.0,bos,c,23.0,1.0,171.0,11.0,24.0,0.458,1.0,4.0,0.25,10.0,20.0,0.5,0.479,2.0,2.0,1.0,18.0,30.0,48.0,7.0,2.0,8.0,11.0,35.0,25.0,0.0
2023,480.0,elliske01,23.0,sac,sg,16.0,0.0,71.0,7.0,16.0,0.438,6.0,12.0,0.5,1.0,4.0,0.25,0.625,4.0,7.0,0.571,4.0,4.0,8.0,6.0,5.0,1.0,1.0,10.0,24.0,0.0
2023,481.0,pottemi01,24.0,uta,pf,7.0,0.0,52.0,10.0,15.0,0.667,4.0,7.0,0.571,6.0,8.0,0.75,0.8,0.0,0.0,,3.0,13.0,16.0,4.0,1.0,0.0,2.0,5.0,24.0,0.0
2023,482.0,yorkga01,29.0,ind,sg,3.0,0.0,56.0,8.0,21.0,0.381,6.0,18.0,0.333,2.0,3.0,0.667,0.524,2.0,2.0,1.0,0.0,6.0,6.0,5.0,2.0,0.0,0.0,5.0,24.0,0.0
2023,483.0,rolliry01,20.0,gsw,pg,12.0,0.0,62.0,7.0,20.0,0.35,3.0,9.0,0.333,4.0,11.0,0.364,0.425,6.0,6.0,1.0,3.0,9.0,12.0,6.0,1.0,1.0,16.0,10.0,23.0,0.0
2023,484.0,brantja01,26.0,uta,pf,4.0,0.0,39.0,8.0,14.0,0.571,4.0,9.0,0.444,4.0,5.0,0.8,0.714,2.0,2.0,1.0,1.0,5.0,6.0,3.0,0.0,2.0,2.0,3.0,22.0,0.0
2023,485.0,doziepj01,26.0,sac,sf,16.0,0.0,79.0,10.0,33.0,0.303,2.0,16.0,0.125,8.0,17.0,0.471,0.333,0.0,0.0,,1.0,13.0,14.0,10.0,6.0,1.0,5.0,7.0,22.0,0.0
2023,486.0,martity01,23.0,atl,sg,16.0,0.0,66.0,9.0,23.0,0.391,1.0,7.0,0.143,8.0,16.0,0.5,0.413,2.0,2.0,1.0,5.0,7.0,12.0,2.0,1.0,0.0,2.0,2.0,21.0,0.0
2023,487.0,queentr01,25.0,ind,sg,7.0,0.0,70.0,7.0,29.0,0.241,2.0,15.0,0.133,5.0,14.0,0.357,0.276,5.0,5.0,1.0,8.0,9.0,17.0,6.0,2.0,5.0,7.0,4.0,21.0,0.0
2023,488.0,whiteja03,25.0,den,sf,17.0,0.0,66.0,8.0,19.0,0.421,3.0,9.0,0.333,5.0,10.0,0.5,0.5,2.0,3.0,0.667,6.0,11.0,17.0,4.0,3.0,2.0,2.0,9.0,21.0,0.0
2023,489.0,harpero02,22.0,tor,pf,9.0,0.0,48.0,8.0,16.0,0.5,3.0,9.0,0.333,5.0,7.0,0.714,0.594,1.0,1.0,1.0,3.0,4.0,7.0,4.0,0.0,1.0,0.0,3.0,20.0,0.0
2023,490.0,jacksju01,27.0,bos,sf,23.0,0.0,107.0,7.0,27.0,0.259,5.0,20.0,0.25,2.0,7.0,0.286,0.352,1.0,2.0,0.5,2.0,15.0,17.0,9.0,4.0,4.0,2.0,7.0,20.0,0.0
2023,491.0,jonesca03,25.0,chi,pg,7.0,0.0,56.0,6.0,15.0,0.4,3.0,6.0,0.5,3.0,9.0,0.333,0.5,5.0,8.0,0.625,1.0,4.0,5.0,6.0,2.0,0.0,2.0,2.0,20.0,0.0
2023,492.0,kinglo02,23.0,phi,pf,1.0,0.0,29.0,8.0,13.0,0.615,4.0,8.0,0.5,4.0,5.0,0.8,0.769,0.0,1.0,0.0,2.0,2.0,4.0,2.0,1.0,0.0,2.0,4.0,20.0,0.0
2023,493.0,bradlto01,25.0,chi,c,12.0,0.0,33.0,6.0,12.0,0.5,3.0,5.0,0.6,3.0,7.0,0.429,0.625,4.0,4.0,1.0,1.0,10.0,11.0,1.0,1.0,1.0,1.0,2.0,19.0,0.0
2023,494.0,davisjd01,20.0,bos,sg,12.0,0.0,66.0,8.0,19.0,0.421,2.0,7.0,0.286,6.0,12.0,0.5,0.474,1.0,2.0,0.5,2.0,7.0,9.0,11.0,2.0,2.0,4.0,5.0,19.0,0.0
2023,495.0,cartemi01,31.0,orl,pg,4.0,0.0,44.0,6.0,14.0,0.429,1.0,3.0,0.333,5.0,11.0,0.455,0.464,4.0,7.0,0.571,1.0,4.0,5.0,7.0,1.0,1.0,4.0,5.0,17.0,0.0
2023,496.0,iguodan01,39.0,gsw,pf,8.0,0.0,113.0,7.0,15.0,0.467,1.0,9.0,0.111,6.0,6.0,1.0,0.5,2.0,3.0,0.667,3.0,14.0,17.0,19.0,4.0,3.0,9.0,11.0,17.0,0.0
2023,497.0,minayju01,23.0,por,sf,4.0,0.0,89.0,7.0,23.0,0.304,3.0,12.0,0.25,4.0,11.0,0.364,0.37,0.0,1.0,0.0,3.0,12.0,15.0,4.0,2.0,5.0,4.0,9.0,17.0,0.0
2023,498.0,sneedxa01,25.0,cho,sf,4.0,0.0,48.0,5.0,10.0,0.5,3.0,6.0,0.5,2.0,4.0,0.5,0.65,4.0,4.0,1.0,0.0,5.0,5.0,5.0,0.0,1.0,3.0,7.0,17.0,0.0
2023,499.0,boehebu01,23.0,det,sf,10.0,0.0,90.0,5.0,27.0,0.185,4.0,25.0,0.16,1.0,2.0,0.5,0.259,2.0,2.0,1.0,2.0,4.0,6.0,4.0,2.0,0.0,0.0,6.0,16.0,0.0
2023,500.0,grayra01,23.0,brk,pf,1.0,0.0,35.0,6.0,12.0,0.5,2.0,5.0,0.4,4.0,7.0,0.571,0.583,2.0,2.0,1.0,3.0,6.0,9.0,7.0,0.0,1.0,4.0,5.0,16.0,0.0
2023,501.0,bouyeja01,23.0,tot,pg,5.0,0.0,71.0,6.0,14.0,0.429,2.0,6.0,0.333,4.0,8.0,0.5,0.5,1.0,2.0,0.5,1.0,5.0,6.0,4.0,4.0,2.0,4.0,6.0,15.0,0.0
2023,502.0,daysda01,23.0,hou,sf,4.0,0.0,25.0,5.0,12.0,0.417,3.0,10.0,0.3,2.0,2.0,1.0,0.542,2.0,2.0,1.0,1.0,5.0,6.0,1.0,0.0,1.0,0.0,2.0,15.0,0.0
2023,503.0,pippesc02,22.0,lal,pg,6.0,0.0,32.0,4.0,12.0,0.333,1.0,3.0,0.333,3.0,9.0,0.333,0.375,5.0,9.0,0.556,2.0,2.0,4.0,2.0,2.0,1.0,2.0,3.0,14.0,0.0
2023,504.0,scrubja01,22.0,orl,sg,2.0,0.0,30.0,5.0,7.0,0.714,2.0,2.0,1.0,3.0,5.0,0.6,0.857,1.0,2.0,0.5,0.0,6.0,6.0,1.0,2.0,0.0,3.0,2.0,13.0,0.0
2023,505.0,quetane01,23.0,sac,c,5.0,0.0,29.0,6.0,9.0,0.667,0.0,0.0,,6.0,9.0,0.667,0.667,0.0,2.0,0.0,5.0,6.0,11.0,1.0,0.0,2.0,1.0,7.0,12.0,0.0
2023,506.0,champju01,21.0,tot,sf,5.0,0.0,34.0,5.0,15.0,0.333,1.0,5.0,0.2,4.0,10.0,0.4,0.367,0.0,0.0,,3.0,5.0,8.0,4.0,1.0,0.0,0.0,2.0,11.0,0.0
2023,507.0,campafa01,31.0,dal,pg,8.0,0.0,52.0,3.0,13.0,0.231,3.0,11.0,0.273,0.0,2.0,0.0,0.346,1.0,2.0,0.5,0.0,2.0,2.0,9.0,6.0,0.0,3.0,3.0,10.0,0.0
2023,508.0,quinole01,22.0,gsw,sg,4.0,0.0,18.0,2.0,5.0,0.4,2.0,4.0,0.5,0.0,1.0,0.0,0.6,4.0,6.0,0.667,1.0,2.0,3.0,2.0,1.0,0.0,5.0,0.0,10.0,0.0
2023,509.0,brownke03,19.0,ind,sg,6.0,0.0,40.0,4.0,7.0,0.571,0.0,1.0,0.0,4.0,6.0,0.667,0.571,1.0,2.0,0.5,2.0,4.0,6.0,3.0,4.0,0.0,2.0,9.0,9.0,0.0
2023,510.0,dorsety01,26.0,dal,sf,3.0,0.0,8.0,4.0,5.0,0.8,1.0,2.0,0.5,3.0,3.0,1.0,0.9,0.0,0.0,,1.0,1.0,2.0,0.0,0.0,0.0,0.0,0.0,9.0,0.0
2023,511.0,hudgitr01,23.0,hou,pg,5.0,0.0,28.0,2.0,9.0,0.222,2.0,8.0,0.25,0.0,1.0,0.0,0.333,3.0,3.0,1.0,0.0,0.0,0.0,3.0,0.0,0.0,1.0,1.0,9.0,0.0
2023,512.0,swideco01,23.0,lal,sf,7.0,0.0,41.0,3.0,9.0,0.333,3.0,8.0,0.375,0.0,1.0,0.0,0.5,0.0,0.0,,1.0,6.0,7.0,4.0,0.0,0.0,0.0,3.0,9.0,0.0
2023,513.0,toddis01,21.0,was,pf,6.0,1.0,61.0,3.0,19.0,0.158,1.0,10.0,0.1,2.0,9.0,0.222,0.184,2.0,2.0,1.0,2.0,10.0,12.0,4.0,1.0,0.0,2.0,4.0,9.0,0.0
2023,514.0,wieskjo01,23.0,tor,sf,9.0,0.0,50.0,3.0,14.0,0.214,3.0,12.0,0.25,0.0,2.0,0.0,0.321,0.0,0.0,,0.0,4.0,4.0,3.0,0.0,0.0,1.0,3.0,9.0,0.0
2023,515.0,comanch01,26.0,por,c,1.0,0.0,21.0,3.0,5.0,0.6,0.0,0.0,,3.0,5.0,0.6,0.6,1.0,4.0,0.25,2.0,1.0,3.0,0.0,0.0,1.0,0.0,0.0,7.0,0.0
2023,516.0,johnsal02,26.0,sas,pf,4.0,0.0,30.0,3.0,6.0,0.5,0.0,2.0,0.0,3.0,4.0,0.75,0.5,1.0,2.0,0.5,2.0,8.0,10.0,1.0,1.0,0.0,4.0,3.0,7.0,0.0
2023,517.0,moonxa01,28.0,lac,sg,4.0,0.0,20.0,3.0,9.0,0.333,1.0,3.0,0.333,2.0,6.0,0.333,0.389,0.0,0.0,,0.0,3.0,3.0,5.0,0.0,0.0,1.0,2.0,7.0,0.0
2023,518.0,bolmale01,22.0,uta,sf,14.0,0.0,68.0,3.0,20.0,0.15,0.0,4.0,0.0,3.0,16.0,0.188,0.15,0.0,0.0,,4.0,3.0,7.0,7.0,3.0,1.0,7.0,10.0,6.0,0.0
2023,519.0,careyve01,21.0,was,c,11.0,0.0,28.0,2.0,8.0,0.25,0.0,0.0,,2.0,8.0,0.25,0.25,2.0,2.0,1.0,3.0,8.0,11.0,3.0,2.0,2.0,2.0,5.0,6.0,0.0
2023,520.0,kabenmf01,25.0,bos,pf,4.0,0.0,36.0,2.0,7.0,0.286,0.0,3.0,0.0,2.0,4.0,0.5,0.286,2.0,2.0,1.0,5.0,5.0,10.0,0.0,2.0,0.0,1.0,3.0,6.0,0.0
2023,521.0,simonma01,23.0,chi,c,7.0,0.0,20.0,2.0,7.0,0.286,1.0,4.0,0.25,1.0,3.0,0.333,0.357,1.0,2.0,0.5,1.0,1.0,2.0,0.0,0.0,0.0,0.0,5.0,6.0,0.0
2023,522.0,hillma01,27.0,chi,sf,5.0,0.0,9.0,2.0,4.0,0.5,1.0,3.0,0.333,1.0,1.0,1.0,0.625,0.0,0.0,,0.0,3.0,3.0,0.0,0.0,0.0,0.0,1.0,5.0,0.0
2023,523.0,simmoko01,25.0,cho,sg,5.0,0.0,28.0,1.0,6.0,0.167,1.0,5.0,0.2,0.0,1.0,0.0,0.25,2.0,2.0,1.0,1.0,3.0,4.0,5.0,0.0,2.0,1.0,0.0,5.0,0.0
2023,524.0,windldy01,26.0,cle,sf,3.0,0.0,10.0,2.0,3.0,0.667,1.0,2.0,0.5,1.0,1.0,1.0,0.833,0.0,0.0,,0.0,0.0,0.0,1.0,1.0,0.0,1.0,0.0,5.0,0.0
2023,525.0,keybr01,25.0,det,sf,3.0,0.0,9.0,1.0,1.0,1.0,0.0,0.0,,1.0,1.0,1.0,1.0,2.0,2.0,1.0,0.0,1.0,1.0,0.0,0.0,0.0,0.0,0.0,4.0,0.0
2023,526.0,seabrde01,22.0,nop,sg,5.0,0.0,12.0,2.0,5.0,0.4,0.0,0.0,,2.0,5.0,0.4,0.4,0.0,0.0,,1.0,0.0,1.0,0.0,0.0,0.0,0.0,1.0,4.0,0.0
2023,527.0,willido02,21.0,atl,sg,2.0,0.0,4.0,2.0,5.0,0.4,0.0,2.0,0.0,2.0,3.0,0.667,0.4,0.0,0.0,,0.0,2.0,2.0,0.0,0.0,0.0,0.0,0.0,4.0,0.0
2023,528.0,dotsode01,23.0,was,pg,6.0,0.0,53.0,1.0,10.0,0.1,1.0,4.0,0.25,0.0,6.0,0.0,0.15,0.0,0.0,,6.0,4.0,10.0,8.0,5.0,0.0,3.0,9.0,3.0,0.0
2023,529.0,gilyaja01,24.0,mem,pg,1.0,0.0,41.0,1.0,3.0,0.333,1.0,3.0,0.333,0.0,0.0,,0.5,0.0,0.0,,0.0,4.0,4.0,7.0,3.0,0.0,2.0,3.0,3.0,0.0
2023,530.0,keelstr01,19.0,nyk,sg,3.0,0.0,8.0,1.0,4.0,0.25,1.0,4.0,0.25,0.0,0.0,,0.375,0.0,0.0,,0.0,2.0,2.0,0.0,0.0,0.0,0.0,0.0,3.0,0.0
2023,531.0,schakjo01,24.0,was,sf,2.0,0.0,6.0,1.0,2.0,0.5,1.0,1.0,1.0,0.0,1.0,0.0,0.75,0.0,0.0,,0.0,0.0,0.0,1.0,1.0,0.0,0.0,1.0,3.0,0.0
2023,532.0,monekch01,27.0,sac,sf,2.0,0.0,8.0,1.0,2.0,0.5,0.0,0.0,,1.0,2.0,0.5,0.5,0.0,2.0,0.0,2.0,0.0,2.0,1.0,0.0,0.0,2.0,2.0,2.0,0.0
2023,533.0,silvach01,26.0,dal,pf,1.0,0.0,3.0,1.0,1.0,1.0,0.0,0.0,,1.0,1.0,1.0,1.0,0.0,0.0,,0.0,0.0,0.0,0.0,0.0,0.0,1.0,2.0,2.0,0.0
2023,534.0,umudest01,23.0,det,sg,1.0,0.0,2.0,0.0,1.0,0.0,0.0,1.0,0.0,0.0,0.0,,0.0,2.0,2.0,1.0,0.0,0.0,0.0,0.0,1.0,1.0,0.0,0.0,2.0,0.0
2023,535.0,brownst02,27.0,lal,sf,4.0,0.0,24.0,0.0,4.0,0.0,0.0,2.0,0.0,0.0,2.0,0.0,0.0,0.0,0.0,,3.0,5.0,8.0,2.0,3.0,0.0,0.0,4.0,0.0,0.0
2023,536.0,burtode02,29.0,sac,pf,2.0,0.0,6.0,0.0,2.0,0.0,0.0,1.0,0.0,0.0,1.0,0.0,0.0,0.0,0.0,,0.0,0.0,0.0,0.0,0.0,0.0,0.0,0.0,0.0,0.0
2023,537.0,fostemi02,20.0,phi,pf,1.0,0.0,1.0,0.0,0.0,,0.0,0.0,,0.0,0.0,,,0.0,0.0,,0.0,0.0,0.0,0.0,0.0,0.0,0.0,0.0,0.0,0.0
2023,538.0,jacksfr01,24.0,uta,pg,1.0,0.0,5.0,0.0,3.0,0.0,0.0,1.0,0.0,0.0,2.0,0.0,0.0,0.0,0.0,,1.0,1.0,2.0,1.0,0.0,0.0,0.0,0.0,0.0,0.0
2023,539.0,willial06,23.0,brk,sg,1.0,0.0,5.0,0.0,0.0,,0.0,0.0,,0.0,0.0,,,0.0,0.0,,0.0,1.0,1.0,0.0,0.0,0.0,2.0,1.0,0.0,0.0
2023,,tot,,tot,,,,,,,0.475,,,0.361,,,0.548,0.545,,,0.782,,,,,,,,,,
2024,1.0,doncilu01,24.0,dal,pg,70.0,70.0,2624.0,804.0,1652.0,0.487,284.0,744.0,0.382,520.0,908.0,0.573,0.573,478.0,608.0,0.786,59.0,588.0,647.0,686.0,99.0,38.0,282.0,149.0,2370.0,21.0
2024,2.0,gilgesh01,25.0,okc,pg,75.0,75.0,2553.0,796.0,1487.0,0.535,95.0,269.0,0.353,701.0,1218.0,0.576,0.567,567.0,649.0,0.874,65.0,350.0,415.0,465.0,150.0,67.0,162.0,184.0,2254.0,0.0
2024,3.0,antetgi01,29.0,mil,pf,73.0,73.0,2567.0,837.0,1369.0,0.611,34.0,124.0,0.274,803.0,1245.0,0.645,0.624,514.0,782.0,0.657,196.0,645.0,841.0,476.0,87.0,79.0,250.0,210.0,2222.0,10.0
2024,4.0,brunsja01,27.0,nyk,pg,77.0,77.0,2726.0,790.0,1648.0,0.479,211.0,526.0,0.401,579.0,1122.0,0.516,0.543,421.0,497.0,0.847,43.0,235.0,278.0,519.0,70.0,13.0,186.0,144.0,2212.0,0.0
2024,5.0,jokicni01,28.0,den,c,79.0,79.0,2737.0,822.0,1411.0,0.583,83.0,231.0,0.359,739.0,1180.0,0.626,0.612,358.0,438.0,0.817,223.0,753.0,976.0,708.0,108.0,68.0,237.0,194.0,2085.0,25.0
2024,6.0,edwaran01,22.0,min,sg,79.0,78.0,2770.0,718.0,1558.0,0.461,190.0,532.0,0.357,528.0,1026.0,0.515,0.522,423.0,506.0,0.836,52.0,378.0,430.0,405.0,101.0,42.0,241.0,141.0,2049.0,0.0
2024,7.0,duranke01,35.0,pho,pf,75.0,75.0,2791.0,751.0,1436.0,0.523,168.0,407.0,0.413,583.0,1029.0,0.567,0.581,362.0,423.0,0.856,41.0,454.0,495.0,378.0,69.0,91.0,244.0,133.0,2032.0,1.0
2024,8.0,tatumja01,25.0,bos,pf,74.0,74.0,2645.0,672.0,1426.0,0.471,229.0,609.0,0.376,443.0,817.0,0.542,0.552,414.0,497.0,0.833,67.0,534.0,601.0,364.0,75.0,43.0,188.0,145.0,1987.0,0.0
2024,9.0,foxde01,26.0,sac,pg,74.0,74.0,2659.0,720.0,1549.0,0.465,214.0,580.0,0.369,506.0,969.0,0.522,0.534,312.0,423.0,0.738,67.0,273.0,340.0,418.0,150.0,31.0,194.0,193.0,1966.0,0.0
2024,10.0,curryst01,35.0,gsw,pg,74.0,74.0,2421.0,650.0,1445.0,0.45,357.0,876.0,0.408,293.0,569.0,0.515,0.573,299.0,324.0,0.923,37.0,293.0,330.0,379.0,54.0,28.0,210.0,117.0,1956.0,0.0
2024,11.0,derozde01,34.0,chi,sf,79.0,79.0,2989.0,650.0,1355.0,0.48,75.0,225.0,0.333,575.0,1130.0,0.509,0.507,522.0,612.0,0.853,43.0,297.0,340.0,421.0,90.0,45.0,135.0,161.0,1897.0,0.0
2024,12.0,davisan02,30.0,lal,c,76.0,76.0,2700.0,713.0,1283.0,0.556,29.0,107.0,0.271,684.0,1176.0,0.582,0.567,421.0,516.0,0.816,239.0,722.0,961.0,266.0,91.0,178.0,159.0,177.0,1876.0,2.0
2024,13.0,bookede01,27.0,pho,pg,68.0,68.0,2447.0,642.0,1305.0,0.492,152.0,418.0,0.364,490.0,887.0,0.552,0.55,405.0,457.0,0.886,56.0,252.0,308.0,472.0,61.0,28.0,178.0,206.0,1841.0,0.0
2024,14.0,jamesle01,39.0,lal,pf,71.0,71.0,2504.0,685.0,1269.0,0.54,149.0,363.0,0.41,536.0,906.0,0.592,0.599,303.0,404.0,0.75,61.0,457.0,518.0,589.0,89.0,38.0,245.0,78.0,1822.0,5.0
2024,15.0,maxeyty01,23.0,phi,pg,70.0,70.0,2626.0,638.0,1419.0,0.45,212.0,569.0,0.373,426.0,850.0,0.501,0.524,328.0,378.0,0.868,36.0,222.0,258.0,433.0,69.0,33.0,116.0,151.0,1816.0,0.0
2024,16.0,banchpa01,21.0,orl,pf,80.0,80.0,2799.0,640.0,1407.0,0.455,119.0,351.0,0.339,521.0,1056.0,0.493,0.497,405.0,559.0,0.725,82.0,472.0,554.0,431.0,71.0,47.0,247.0,153.0,1804.0,2.0
2024,17.0,lillada01,33.0,mil,pg,73.0,73.0,2579.0,541.0,1277.0,0.424,220.0,622.0,0.354,321.0,655.0,0.49,0.51,473.0,514.0,0.92,36.0,284.0,320.0,508.0,72.0,18.0,193.0,134.0,1775.0,0.0
2024,18.0,murrade01,27.0,atl,sg,78.0,78.0,2783.0,672.0,1463.0,0.459,201.0,554.0,0.363,471.0,909.0,0.518,0.528,208.0,262.0,0.794,62.0,354.0,416.0,502.0,111.0,24.0,201.0,138.0,1753.0,1.0
2024,19.0,siakapa01,29.0,tot,pf,80.0,80.0,2657.0,681.0,1271.0,0.536,85.0,246.0,0.346,596.0,1025.0,0.581,0.569,290.0,396.0,0.732,139.0,426.0,565.0,342.0,63.0,25.0,141.0,193.0,1737.0,1.0
2024,20.0,georgpa01,33.0,lac,pf,74.0,74.0,2502.0,582.0,1236.0,0.471,243.0,588.0,0.413,339.0,648.0,0.523,0.569,264.0,291.0,0.907,37.0,351.0,388.0,262.0,113.0,37.0,153.0,202.0,1671.0,0.0
2024,21.0,leonaka01,32.0,lac,sf,68.0,68.0,2330.0,610.0,1162.0,0.525,140.0,336.0,0.417,470.0,826.0,0.569,0.585,253.0,286.0,0.885,84.0,332.0,416.0,244.0,111.0,59.0,119.0,97.0,1613.0,1.0
2024,22.0,brownja02,27.0,bos,sf,70.0,70.0,2343.0,627.0,1256.0,0.499,145.0,410.0,0.354,482.0,846.0,0.57,0.557,211.0,300.0,0.703,84.0,303.0,387.0,249.0,83.0,37.0,166.0,185.0,1610.0,1.0
2024,23.0,greenja05,21.0,hou,sg,82.0,82.0,2601.0,563.0,1332.0,0.423,201.0,605.0,0.332,362.0,727.0,0.498,0.498,283.0,352.0,0.804,41.0,382.0,423.0,291.0,66.0,28.0,191.0,115.0,1610.0,1.0
2024,24.0,bridgmi01,27.0,brk,sf,82.0,82.0,2854.0,564.0,1294.0,0.436,220.0,592.0,0.372,344.0,702.0,0.49,0.521,258.0,317.0,0.814,68.0,304.0,372.0,299.0,81.0,30.0,164.0,116.0,1606.0,0.0
2024,25.0,willizi01,23.0,nop,pf,70.0,70.0,2207.0,624.0,1094.0,0.57,6.0,18.0,0.333,618.0,1076.0,0.574,0.573,347.0,494.0,0.702,122.0,284.0,406.0,352.0,77.0,47.0,193.0,159.0,1601.0,0.0
2024,26.0,sabondo01,27.0,sac,c,82.0,82.0,2928.0,634.0,1068.0,0.594,33.0,87.0,0.379,601.0,981.0,0.613,0.609,292.0,415.0,0.704,294.0,826.0,1120.0,673.0,74.0,48.0,272.0,250.0,1593.0,26.0
2024,27.0,kuzmaky01,28.0,was,pf,70.0,70.0,2281.0,608.0,1313.0,0.463,151.0,450.0,0.336,457.0,863.0,0.53,0.521,186.0,240.0,0.775,62.0,402.0,464.0,296.0,37.0,49.0,192.0,153.0,1553.0,0.0
2024,28.0,wembavi01,20.0,sas,c,71.0,71.0,2106.0,551.0,1186.0,0.465,128.0,394.0,0.325,423.0,792.0,0.534,0.519,292.0,367.0,0.796,161.0,594.0,755.0,274.0,88.0,254.0,260.0,153.0,1522.0,2.0
2024,29.0,whiteco01,23.0,chi,pg,79.0,78.0,2881.0,541.0,1209.0,0.447,209.0,556.0,0.376,332.0,653.0,0.508,0.534,218.0,260.0,0.838,44.0,314.0,358.0,405.0,53.0,18.0,166.0,186.0,1509.0,0.0
2024,30.0,irvinky01,31.0,dal,sg,58.0,58.0,2030.0,562.0,1131.0,0.497,173.0,421.0,0.411,389.0,710.0,0.548,0.573,190.0,210.0,0.905,44.0,246.0,290.0,299.0,74.0,28.0,106.0,112.0,1487.0,0.0
2024,31.0,jacksja02,24.0,mem,c,66.0,66.0,2124.0,516.0,1162.0,0.444,117.0,366.0,0.32,399.0,796.0,0.501,0.494,337.0,417.0,0.808,85.0,280.0,365.0,154.0,80.0,106.0,160.0,235.0,1486.0,0.0
2024,32.0,thomaca02,22.0,brk,sg,66.0,51.0,2075.0,526.0,1190.0,0.442,144.0,396.0,0.364,382.0,794.0,0.481,0.503,286.0,334.0,0.856,28.0,186.0,214.0,192.0,45.0,16.0,124.0,138.0,1482.0,0.0
2024,33.0,mitchdo01,27.0,cle,sg,55.0,55.0,1942.0,503.0,1089.0,0.462,182.0,494.0,0.368,321.0,595.0,0.539,0.545,275.0,318.0,0.865,46.0,234.0,280.0,333.0,101.0,30.0,154.0,118.0,1463.0,0.0
2024,34.0,sextoco01,25.0,uta,sg,78.0,51.0,2075.0,506.0,1038.0,0.487,128.0,325.0,0.394,378.0,713.0,0.53,0.549,318.0,370.0,0.859,71.0,134.0,205.0,383.0,62.0,18.0,165.0,154.0,1458.0,0.0
2024,35.0,bridgmi02,25.0,cho,sf,69.0,67.0,2581.0,559.0,1210.0,0.462,157.0,450.0,0.349,402.0,760.0,0.529,0.527,174.0,211.0,0.825,71.0,434.0,505.0,231.0,65.0,33.0,138.0,118.0,1449.0,0.0
2024,36.0,wagnefr01,22.0,orl,sf,72.0,72.0,2337.0,528.0,1096.0,0.482,94.0,334.0,0.281,434.0,762.0,0.57,0.525,271.0,319.0,0.85,72.0,309.0,381.0,269.0,76.0,28.0,137.0,168.0,1421.0,0.0
2024,37.0,cunnica01,22.0,det,pg,62.0,62.0,2074.0,524.0,1167.0,0.449,119.0,335.0,0.355,405.0,832.0,0.487,0.5,238.0,274.0,0.869,33.0,235.0,268.0,464.0,56.0,22.0,212.0,153.0,1405.0,0.0
2024,38.0,halibty01,23.0,ind,pg,69.0,68.0,2224.0,500.0,1048.0,0.477,195.0,535.0,0.364,305.0,513.0,0.595,0.57,194.0,227.0,0.855,35.0,236.0,271.0,752.0,83.0,48.0,159.0,75.0,1389.0,1.0
2024,39.0,youngtr01,25.0,atl,pg,54.0,54.0,1942.0,433.0,1008.0,0.43,175.0,469.0,0.373,258.0,539.0,0.479,0.516,348.0,407.0,0.855,23.0,126.0,149.0,583.0,72.0,11.0,235.0,109.0,1389.0,0.0
2024,40.0,thompkl01,33.0,gsw,sf,77.0,63.0,2284.0,490.0,1133.0,0.432,268.0,692.0,0.387,222.0,441.0,0.503,0.551,127.0,137.0,0.927,35.0,219.0,254.0,176.0,50.0,35.0,117.0,127.0,1375.0,0.0
2024,41.0,vucevni01,33.0,chi,c,76.0,74.0,2610.0,586.0,1211.0,0.484,92.0,313.0,0.294,494.0,898.0,0.55,0.522,106.0,129.0,0.822,210.0,591.0,801.0,254.0,50.0,60.0,120.0,190.0,1370.0,0.0
2024,42.0,russeda01,27.0,lal,pg,76.0,69.0,2484.0,492.0,1080.0,0.456,226.0,545.0,0.415,266.0,535.0,0.497,0.56,159.0,192.0,0.828,28.0,208.0,236.0,482.0,69.0,36.0,156.0,156.0,1369.0,0.0
2024,43.0,adebaba01,26.0,mia,c,71.0,71.0,2416.0,530.0,1017.0,0.521,15.0,42.0,0.357,515.0,975.0,0.528,0.529,292.0,387.0,0.755,159.0,578.0,737.0,278.0,81.0,66.0,162.0,159.0,1367.0,2.0
2024,44.0,holmgch01,21.0,okc,c,82.0,82.0,2413.0,505.0,953.0,0.53,129.0,349.0,0.37,376.0,604.0,0.623,0.598,218.0,275.0,0.793,129.0,519.0,648.0,200.0,53.0,190.0,131.0,197.0,1357.0,0.0
2024,45.0,poolejo01,24.0,was,sg,78.0,66.0,2346.0,490.0,1186.0,0.413,184.0,564.0,0.326,306.0,622.0,0.492,0.491,192.0,219.0,0.877,32.0,180.0,212.0,343.0,86.0,25.0,188.0,244.0,1356.0,0.0
2024,46.0,portemi01,25.0,den,sf,81.0,81.0,2565.0,522.0,1079.0,0.484,220.0,554.0,0.397,302.0,525.0,0.575,0.586,92.0,110.0,0.836,106.0,459.0,565.0,122.0,42.0,53.0,92.0,148.0,1356.0,0.0
2024,47.0,willija06,22.0,okc,pf,71.0,71.0,2223.0,536.0,993.0,0.54,103.0,241.0,0.427,433.0,752.0,0.576,0.592,180.0,221.0,0.814,37.0,245.0,282.0,322.0,80.0,45.0,123.0,175.0,1355.0,0.0
2024,48.0,embiijo01,29.0,phi,c,39.0,39.0,1309.0,450.0,851.0,0.529,54.0,139.0,0.388,396.0,712.0,0.556,0.561,399.0,452.0,0.883,95.0,335.0,430.0,219.0,46.0,66.0,150.0,112.0,1353.0,2.0
2024,49.0,townska01,28.0,min,pf,62.0,62.0,2026.0,479.0,951.0,0.504,136.0,327.0,0.416,343.0,624.0,0.55,0.575,255.0,292.0,0.873,94.0,421.0,515.0,189.0,43.0,41.0,177.0,204.0,1349.0,0.0
2024,50.0,bogdabo01,31.0,atl,sg,79.0,33.0,2401.0,471.0,1100.0,0.428,240.0,641.0,0.374,231.0,459.0,0.503,0.537,151.0,164.0,0.921,53.0,219.0,272.0,247.0,96.0,26.0,112.0,179.0,1333.0,0.0
2024,51.0,ingrabr01,26.0,nop,sf,64.0,64.0,2103.0,500.0,1017.0,0.492,86.0,242.0,0.355,414.0,775.0,0.534,0.534,246.0,307.0,0.801,43.0,281.0,324.0,363.0,50.0,40.0,163.0,145.0,1332.0,1.0
2024,52.0,sengual01,21.0,hou,c,63.0,63.0,2046.0,527.0,982.0,0.537,33.0,111.0,0.297,494.0,871.0,0.567,0.553,244.0,352.0,0.693,183.0,406.0,589.0,312.0,76.0,46.0,162.0,211.0,1331.0,2.0
2024,53.0,vassede01,23.0,sas,sg,68.0,62.0,2248.0,498.0,1056.0,0.472,166.0,446.0,0.372,332.0,610.0,0.544,0.55,161.0,201.0,0.801,27.0,234.0,261.0,277.0,73.0,23.0,108.0,74.0,1323.0,0.0
2024,54.0,mccolcj01,32.0,nop,pg,66.0,66.0,2159.0,484.0,1055.0,0.459,239.0,557.0,0.429,245.0,498.0,0.492,0.572,115.0,139.0,0.827,39.0,247.0,286.0,305.0,62.0,41.0,110.0,126.0,1322.0,0.0
2024,55.0,turnemy01,27.0,ind,c,77.0,77.0,2076.0,476.0,909.0,0.524,116.0,324.0,0.358,360.0,585.0,0.615,0.587,245.0,317.0,0.773,113.0,420.0,533.0,100.0,39.0,144.0,109.0,232.0,1313.0,0.0
2024,56.0,reaveau01,25.0,lal,sg,82.0,57.0,2629.0,457.0,940.0,0.486,154.0,420.0,0.367,303.0,520.0,0.583,0.568,232.0,272.0,0.853,57.0,295.0,352.0,450.0,66.0,25.0,174.0,153.0,1300.0,1.0
2024,57.0,millebr02,21.0,cho,sf,74.0,68.0,2383.0,476.0,1083.0,0.44,184.0,493.0,0.373,292.0,590.0,0.495,0.524,143.0,173.0,0.827,60.0,255.0,315.0,175.0,66.0,42.0,132.0,184.0,1279.0,0.0
2024,58.0,markkla01,26.0,uta,pf,55.0,55.0,1820.0,427.0,890.0,0.48,175.0,439.0,0.399,252.0,451.0,0.559,0.578,249.0,277.0,0.899,122.0,327.0,449.0,110.0,50.0,26.0,77.0,100.0,1278.0,0.0
2024,59.0,allenja01,25.0,cle,c,77.0,77.0,2442.0,519.0,819.0,0.634,0.0,6.0,0.0,519.0,813.0,0.638,0.634,233.0,314.0,0.742,243.0,568.0,811.0,210.0,53.0,81.0,121.0,147.0,1271.0,0.0
2024,60.0,vanvlfr01,29.0,hou,pg,73.0,73.0,2684.0,423.0,1018.0,0.416,227.0,586.0,0.387,196.0,432.0,0.454,0.527,197.0,229.0,0.86,33.0,245.0,278.0,589.0,101.0,59.0,126.0,183.0,1270.0,0.0
2024,61.0,divindo01,27.0,nyk,sg,81.0,63.0,2360.0,445.0,1004.0,0.443,283.0,705.0,0.401,162.0,299.0,0.542,0.584,86.0,114.0,0.754,63.0,234.0,297.0,216.0,107.0,36.0,113.0,166.0,1259.0,0.0
2024,62.0,murraja01,26.0,den,pg,59.0,59.0,1861.0,474.0,986.0,0.481,145.0,341.0,0.425,329.0,645.0,0.51,0.554,157.0,184.0,0.853,42.0,200.0,242.0,384.0,57.0,39.0,125.0,104.0,1250.0,0.0
2024,63.0,butleji01,34.0,mia,pf,60.0,60.0,2042.0,396.0,793.0,0.499,60.0,145.0,0.414,336.0,648.0,0.519,0.537,394.0,459.0,0.858,105.0,213.0,318.0,298.0,79.0,17.0,102.0,68.0,1246.0,1.0
2024,64.0,roziete01,29.0,tot,sg,61.0,60.0,2040.0,442.0,998.0,0.443,149.0,410.0,0.363,293.0,588.0,0.498,0.518,172.0,198.0,0.869,35.0,212.0,247.0,342.0,63.0,21.0,106.0,101.0,1205.0,0.0
2024,65.0,harrito02,31.0,phi,pf,70.0,70.0,2368.0,463.0,951.0,0.487,91.0,258.0,0.353,372.0,693.0,0.537,0.535,187.0,213.0,0.878,80.0,373.0,453.0,217.0,70.0,46.0,93.0,115.0,1204.0,0.0
2024,66.0,hardeja01,34.0,lac,pg,72.0,72.0,2470.0,352.0,822.0,0.428,186.0,488.0,0.381,166.0,334.0,0.497,0.541,302.0,344.0,0.878,34.0,335.0,369.0,614.0,77.0,57.0,185.0,127.0,1192.0,3.0
2024,67.0,barnesc01,22.0,tor,sg,60.0,60.0,2094.0,447.0,942.0,0.475,101.0,296.0,0.341,346.0,646.0,0.536,0.528,196.0,251.0,0.781,141.0,353.0,494.0,363.0,75.0,88.0,165.0,118.0,1191.0,4.0
2024,68.0,kuminjo01,21.0,gsw,pf,74.0,46.0,1949.0,456.0,862.0,0.529,53.0,165.0,0.321,403.0,697.0,0.578,0.56,223.0,299.0,0.746,92.0,263.0,355.0,163.0,55.0,36.0,122.0,169.0,1188.0,0.0
2024,69.0,iveyja01,21.0,det,sg,77.0,61.0,2217.0,417.0,973.0,0.429,124.0,369.0,0.336,293.0,604.0,0.485,0.492,227.0,303.0,0.749,86.0,178.0,264.0,296.0,57.0,41.0,190.0,204.0,1185.0,0.0
2024,70.0,murrake02,23.0,sac,sf,77.0,77.0,2588.0,443.0,975.0,0.454,183.0,511.0,0.358,260.0,464.0,0.56,0.548,103.0,124.0,0.831,106.0,314.0,420.0,129.0,79.0,59.0,64.0,205.0,1172.0,0.0
2024,71.0,barrerj01,23.0,tot,sg,58.0,58.0,1838.0,436.0,880.0,0.495,90.0,250.0,0.36,346.0,630.0,0.549,0.547,208.0,291.0,0.715,53.0,262.0,315.0,193.0,31.0,22.0,126.0,129.0,1170.0,0.0
2024,72.0,quickim01,24.0,tot,sg,68.0,38.0,1985.0,388.0,894.0,0.434,171.0,433.0,0.395,217.0,461.0,0.471,0.53,209.0,245.0,0.853,17.0,242.0,259.0,331.0,50.0,10.0,101.0,119.0,1156.0,0.0
2024,73.0,porzikr01,28.0,bos,c,57.0,57.0,1690.0,388.0,752.0,0.516,110.0,293.0,0.375,278.0,459.0,0.606,0.589,259.0,302.0,0.858,97.0,312.0,409.0,115.0,42.0,111.0,89.0,156.0,1145.0,0.0
2024,74.0,hardati02,31.0,dal,sf,79.0,12.0,2120.0,392.0,976.0,0.402,211.0,597.0,0.353,181.0,379.0,0.478,0.51,144.0,169.0,0.852,22.0,232.0,254.0,139.0,42.0,6.0,69.0,106.0,1139.0,0.0
2024,75.0,grantje01,29.0,por,pf,54.0,54.0,1830.0,383.0,850.0,0.451,111.0,276.0,0.402,272.0,574.0,0.474,0.516,255.0,312.0,0.817,37.0,154.0,191.0,152.0,45.0,34.0,116.0,117.0,1132.0,0.0
2024,76.0,portibo01,28.0,mil,pf,82.0,4.0,2008.0,466.0,918.0,0.508,100.0,246.0,0.407,366.0,672.0,0.545,0.562,98.0,124.0,0.79,142.0,465.0,607.0,104.0,68.0,34.0,91.0,189.0,1130.0,0.0
2024,77.0,schrode01,30.0,tot,pg,80.0,58.0,2486.0,403.0,927.0,0.435,138.0,368.0,0.375,265.0,559.0,0.474,0.509,178.0,213.0,0.836,39.0,203.0,242.0,488.0,63.0,17.0,153.0,164.0,1122.0,0.0
2024,78.0,monkma01,25.0,sac,sg,72.0,0.0,1872.0,396.0,893.0,0.443,148.0,423.0,0.35,248.0,470.0,0.528,0.526,170.0,205.0,0.829,28.0,184.0,212.0,370.0,45.0,39.0,150.0,156.0,1110.0,0.0
2024,79.0,whitede01,29.0,bos,sg,73.0,73.0,2381.0,387.0,839.0,0.461,196.0,495.0,0.396,191.0,344.0,0.555,0.578,137.0,152.0,0.901,51.0,259.0,310.0,377.0,74.0,87.0,112.0,152.0,1107.0,1.0
2024,80.0,avdijde01,23.0,was,sf,75.0,75.0,2257.0,406.0,803.0,0.506,88.0,235.0,0.374,318.0,568.0,0.56,0.56,202.0,273.0,0.74,84.0,456.0,540.0,286.0,60.0,36.0,160.0,185.0,1102.0,0.0
2024,81.0,randlju01,29.0,nyk,pf,46.0,46.0,1630.0,395.0,836.0,0.472,76.0,244.0,0.311,319.0,592.0,0.539,0.518,236.0,302.0,0.781,99.0,324.0,423.0,229.0,25.0,12.0,159.0,125.0,1102.0,1.0
2024,82.0,reidna01,24.0,min,pf,81.0,14.0,1964.0,406.0,851.0,0.477,169.0,408.0,0.414,237.0,443.0,0.535,0.576,109.0,148.0,0.736,73.0,350.0,423.0,106.0,63.0,73.0,111.0,172.0,1090.0,0.0
2024,83.0,johnske04,24.0,sas,sf,69.0,27.0,2038.0,391.0,862.0,0.454,127.0,367.0,0.346,264.0,495.0,0.533,0.527,175.0,221.0,0.792,95.0,282.0,377.0,195.0,51.0,20.0,100.0,149.0,1084.0,0.0
2024,84.0,kispeco01,24.0,was,sf,80.0,22.0,2067.0,386.0,794.0,0.486,184.0,480.0,0.383,202.0,314.0,0.643,0.602,114.0,157.0,0.726,30.0,195.0,225.0,156.0,41.0,16.0,98.0,141.0,1070.0,0.0
2024,85.0,goberru01,31.0,min,c,76.0,76.0,2593.0,406.0,614.0,0.661,0.0,3.0,0.0,406.0,611.0,0.664,0.661,249.0,390.0,0.638,285.0,697.0,982.0,102.0,52.0,162.0,118.0,238.0,1061.0,0.0
2024,86.0,powelno01,30.0,lac,sg,76.0,3.0,1990.0,373.0,768.0,0.486,167.0,384.0,0.435,206.0,384.0,0.536,0.594,143.0,172.0,0.831,16.0,179.0,195.0,82.0,43.0,22.0,66.0,137.0,1056.0,0.0
2024,87.0,oubreke01,28.0,phi,sf,68.0,52.0,2055.0,387.0,878.0,0.441,101.0,325.0,0.311,286.0,553.0,0.517,0.498,174.0,232.0,0.75,94.0,247.0,341.0,101.0,77.0,47.0,87.0,194.0,1049.0,0.0
2024,88.0,smithja05,20.0,hou,pf,76.0,76.0,2424.0,378.0,833.0,0.454,138.0,380.0,0.363,240.0,453.0,0.53,0.537,150.0,185.0,0.811,139.0,477.0,616.0,121.0,52.0,61.0,89.0,200.0,1044.0,0.0
2024,89.0,simonan01,24.0,por,sg,46.0,46.0,1582.0,360.0,837.0,0.43,156.0,405.0,0.385,204.0,432.0,0.472,0.523,163.0,178.0,0.916,22.0,145.0,167.0,255.0,23.0,5.0,126.0,98.0,1039.0,0.0
2024,90.0,garlada01,24.0,cle,pg,57.0,57.0,1901.0,375.0,841.0,0.446,132.0,356.0,0.371,243.0,485.0,0.501,0.524,146.0,175.0,0.834,30.0,122.0,152.0,373.0,74.0,7.0,176.0,95.0,1028.0,0.0
2024,91.0,collijo01,26.0,uta,pf,68.0,66.0,1901.0,397.0,746.0,0.532,86.0,232.0,0.371,311.0,514.0,0.605,0.59,147.0,185.0,0.795,157.0,418.0,575.0,77.0,40.0,61.0,98.0,191.0,1027.0,0.0
2024,92.0,allengr01,28.0,pho,sg,75.0,74.0,2513.0,340.0,682.0,0.499,205.0,445.0,0.461,135.0,237.0,0.57,0.649,129.0,147.0,0.878,48.0,247.0,295.0,227.0,69.0,45.0,95.0,157.0,1014.0,0.0
2024,93.0,gordoaa01,28.0,den,pf,73.0,73.0,2297.0,398.0,716.0,0.556,40.0,138.0,0.29,358.0,578.0,0.619,0.584,177.0,269.0,0.658,174.0,297.0,471.0,259.0,56.0,45.0,105.0,142.0,1013.0,0.0
2024,94.0,hieldbu01,31.0,tot,sf,84.0,42.0,2160.0,371.0,850.0,0.436,219.0,568.0,0.386,152.0,282.0,0.539,0.565,52.0,59.0,0.881,61.0,208.0,269.0,236.0,70.0,42.0,103.0,169.0,1013.0,0.0
2024,95.0,valanjo01,31.0,nop,c,82.0,82.0,1925.0,402.0,719.0,0.559,37.0,120.0,0.308,365.0,599.0,0.609,0.585,161.0,205.0,0.785,186.0,535.0,721.0,173.0,32.0,68.0,111.0,218.0,1002.0,0.0
2024,96.0,barneha02,31.0,sac,pf,82.0,82.0,2381.0,347.0,732.0,0.474,149.0,385.0,0.387,198.0,347.0,0.571,0.576,157.0,196.0,0.801,67.0,182.0,249.0,99.0,54.0,12.0,58.0,98.0,1000.0,0.0
2024,97.0,banede01,25.0,mem,sg,42.0,42.0,1443.0,360.0,776.0,0.464,137.0,360.0,0.381,223.0,416.0,0.536,0.552,140.0,161.0,0.87,36.0,149.0,185.0,230.0,43.0,22.0,112.0,120.0,997.0,0.0
2024,98.0,lopezbr01,35.0,mil,c,79.0,79.0,2411.0,366.0,755.0,0.485,148.0,404.0,0.366,218.0,351.0,0.621,0.583,110.0,134.0,0.821,117.0,292.0,409.0,127.0,43.0,189.0,79.0,191.0,990.0,0.0
2024,99.0,giddejo01,21.0,okc,sg,80.0,80.0,2011.0,402.0,847.0,0.475,82.0,243.0,0.337,320.0,604.0,0.53,0.523,100.0,124.0,0.806,111.0,403.0,514.0,386.0,51.0,44.0,168.0,111.0,986.0,3.0
2024,100.0,georgke01,20.0,uta,pg,75.0,44.0,2023.0,319.0,815.0,0.391,147.0,440.0,0.334,172.0,375.0,0.459,0.482,189.0,223.0,0.848,15.0,196.0,211.0,332.0,36.0,7.0,188.0,91.0,974.0,0.0
2024,101.0,trentga02,25.0,tor,sg,71.0,41.0,1994.0,361.0,847.0,0.426,178.0,453.0,0.393,183.0,394.0,0.464,0.531,74.0,96.0,0.771,25.0,163.0,188.0,119.0,77.0,10.0,47.0,96.0,974.0,0.0
2024,102.0,bealbr01,30.0,pho,sg,53.0,53.0,1767.0,377.0,735.0,0.513,101.0,235.0,0.43,276.0,500.0,0.552,0.582,109.0,134.0,0.813,54.0,178.0,232.0,265.0,52.0,27.0,131.0,127.0,964.0,0.0
2024,103.0,leverca01,29.0,cle,sg,68.0,10.0,1958.0,345.0,820.0,0.421,108.0,332.0,0.325,237.0,488.0,0.486,0.487,154.0,201.0,0.766,39.0,241.0,280.0,346.0,76.0,34.0,117.0,121.0,952.0,0.0
2024,104.0,suggsja01,22.0,orl,sg,75.0,75.0,2025.0,336.0,714.0,0.471,153.0,385.0,0.397,183.0,329.0,0.556,0.578,118.0,156.0,0.756,48.0,181.0,229.0,205.0,106.0,47.0,132.0,205.0,943.0,0.0
2024,105.0,clarkjo01,31.0,uta,sg,55.0,19.0,1682.0,337.0,816.0,0.413,91.0,309.0,0.294,246.0,507.0,0.485,0.469,177.0,201.0,0.881,49.0,139.0,188.0,277.0,35.0,6.0,146.0,81.0,942.0,1.0
2024,106.0,wiggian01,28.0,gsw,sf,71.0,59.0,1920.0,353.0,780.0,0.453,91.0,254.0,0.358,262.0,526.0,0.498,0.511,142.0,189.0,0.751,108.0,213.0,321.0,119.0,42.0,41.0,87.0,147.0,939.0,0.0
2024,107.0,washipj01,25.0,tot,pf,73.0,45.0,2221.0,354.0,811.0,0.436,132.0,413.0,0.32,222.0,398.0,0.558,0.518,99.0,145.0,0.683,85.0,326.0,411.0,141.0,72.0,59.0,96.0,169.0,939.0,0.0
2024,108.0,anthoco01,23.0,orl,pg,81.0,0.0,1817.0,332.0,763.0,0.435,93.0,275.0,0.338,239.0,488.0,0.49,0.496,180.0,218.0,0.826,64.0,247.0,311.0,236.0,64.0,37.0,126.0,175.0,937.0,0.0
2024,109.0,dosunay01,24.0,chi,sg,76.0,37.0,2212.0,360.0,719.0,0.501,119.0,295.0,0.403,241.0,424.0,0.568,0.583,85.0,105.0,0.81,54.0,162.0,216.0,242.0,68.0,36.0,103.0,166.0,924.0,0.0
2024,110.0,hachiru01,25.0,lal,pf,68.0,39.0,1826.0,363.0,676.0,0.537,98.0,232.0,0.422,265.0,444.0,0.597,0.609,99.0,134.0,0.739,58.0,236.0,294.0,81.0,41.0,25.0,46.0,101.0,923.0,0.0
2024,111.0,aytonde01,25.0,por,c,55.0,55.0,1784.0,427.0,749.0,0.57,1.0,10.0,0.1,426.0,739.0,0.576,0.571,65.0,79.0,0.823,176.0,433.0,609.0,90.0,56.0,42.0,99.0,109.0,920.0,0.0
2024,112.0,brookdi01,28.0,hou,sf,72.0,72.0,2227.0,329.0,768.0,0.428,133.0,370.0,0.359,196.0,398.0,0.492,0.515,124.0,147.0,0.844,53.0,193.0,246.0,119.0,64.0,10.0,88.0,241.0,915.0,0.0
2024,113.0,johnsja05,22.0,atl,sf,56.0,52.0,1889.0,359.0,702.0,0.511,71.0,200.0,0.355,288.0,502.0,0.574,0.562,107.0,147.0,0.728,74.0,414.0,488.0,203.0,67.0,47.0,101.0,133.0,896.0,1.0
2024,114.0,huntede01,26.0,atl,sf,57.0,37.0,1681.0,304.0,663.0,0.459,117.0,304.0,0.385,187.0,359.0,0.521,0.547,166.0,196.0,0.847,31.0,191.0,222.0,87.0,40.0,16.0,83.0,146.0,891.0,0.0
2024,115.0,beaslma01,27.0,mil,sg,79.0,77.0,2337.0,320.0,722.0,0.443,224.0,542.0,0.413,96.0,180.0,0.533,0.598,25.0,35.0,0.714,41.0,249.0,290.0,108.0,59.0,9.0,54.0,158.0,889.0,0.0
2024,116.0,jaqueja01,22.0,mia,sf,75.0,20.0,2113.0,341.0,697.0,0.489,65.0,202.0,0.322,276.0,495.0,0.558,0.536,142.0,175.0,0.811,82.0,203.0,285.0,195.0,77.0,20.0,110.0,167.0,889.0,0.0
2024,117.0,nesmiaa01,24.0,ind,sf,72.0,47.0,1995.0,315.0,635.0,0.496,140.0,334.0,0.419,175.0,301.0,0.581,0.606,107.0,137.0,0.781,63.0,212.0,275.0,108.0,65.0,49.0,64.0,241.0,877.0,0.0
2024,118.0,herroty01,24.0,mia,sg,42.0,40.0,1407.0,324.0,735.0,0.441,132.0,333.0,0.396,192.0,402.0,0.478,0.531,95.0,111.0,0.856,19.0,203.0,222.0,188.0,30.0,3.0,93.0,63.0,875.0,0.0
2024,119.0,robindu01,29.0,mia,sf,68.0,36.0,1905.0,304.0,675.0,0.45,187.0,473.0,0.395,117.0,202.0,0.579,0.589,80.0,90.0,0.889,15.0,158.0,173.0,192.0,46.0,16.0,95.0,163.0,875.0,0.0
2024,120.0,conlemi01,36.0,min,pg,76.0,76.0,2193.0,294.0,644.0,0.457,179.0,405.0,0.442,115.0,239.0,0.481,0.595,102.0,112.0,0.911,37.0,181.0,218.0,449.0,88.0,17.0,102.0,128.0,869.0,0.0
2024,121.0,hendesc01,19.0,por,pg,62.0,32.0,1765.0,307.0,797.0,0.385,87.0,268.0,0.325,220.0,529.0,0.416,0.44,167.0,204.0,0.819,53.0,141.0,194.0,336.0,48.0,13.0,212.0,195.0,868.0,0.0
2024,122.0,wagnemo01,26.0,orl,c,80.0,1.0,1415.0,332.0,552.0,0.601,38.0,115.0,0.33,294.0,437.0,0.673,0.636,166.0,204.0,0.814,117.0,230.0,347.0,96.0,39.0,21.0,97.0,160.0,868.0,0.0
2024,123.0,bogdabo02,34.0,tot,pf,57.0,27.0,1478.0,309.0,681.0,0.454,133.0,334.0,0.398,176.0,347.0,0.507,0.551,117.0,149.0,0.785,22.0,130.0,152.0,97.0,30.0,5.0,101.0,95.0,868.0,0.0
2024,124.0,beysa01,24.0,atl,sf,63.0,51.0,2062.0,290.0,697.0,0.416,113.0,358.0,0.316,177.0,339.0,0.522,0.497,170.0,203.0,0.837,167.0,244.0,411.0,92.0,51.0,11.0,54.0,88.0,863.0,0.0
2024,125.0,sochaje01,20.0,sas,pf,74.0,73.0,2193.0,340.0,776.0,0.438,70.0,227.0,0.308,270.0,549.0,0.492,0.483,111.0,144.0,0.771,137.0,339.0,476.0,249.0,62.0,40.0,140.0,168.0,861.0,0.0
2024,126.0,dortlu01,24.0,okc,sf,79.0,79.0,2246.0,288.0,657.0,0.438,156.0,396.0,0.394,132.0,261.0,0.506,0.557,128.0,155.0,0.826,74.0,210.0,284.0,113.0,72.0,47.0,74.0,228.0,860.0,0.0
2024,127.0,holidjr01,33.0,bos,pg,69.0,69.0,2263.0,331.0,689.0,0.48,138.0,322.0,0.429,193.0,367.0,0.526,0.581,60.0,72.0,0.833,84.0,289.0,373.0,333.0,61.0,53.0,124.0,108.0,860.0,0.0
2024,128.0,mathube01,21.0,ind,sf,59.0,19.0,1538.0,296.0,663.0,0.446,80.0,214.0,0.374,216.0,449.0,0.481,0.507,184.0,224.0,0.821,60.0,174.0,234.0,119.0,35.0,14.0,97.0,117.0,856.0,0.0
2024,129.0,strusma01,27.0,cle,sf,70.0,70.0,2239.0,304.0,728.0,0.418,168.0,479.0,0.351,136.0,249.0,0.546,0.533,77.0,97.0,0.794,66.0,272.0,338.0,283.0,64.0,29.0,112.0,170.0,853.0,1.0
2024,130.0,toppiob01,25.0,ind,pf,82.0,28.0,1730.0,332.0,579.0,0.573,102.0,253.0,0.403,230.0,326.0,0.706,0.661,77.0,100.0,0.77,85.0,235.0,320.0,128.0,47.0,43.0,69.0,143.0,843.0,0.0
2024,131.0,murphtr02,23.0,nop,sf,57.0,23.0,1690.0,275.0,621.0,0.443,169.0,445.0,0.38,106.0,176.0,0.602,0.579,123.0,151.0,0.815,42.0,238.0,280.0,124.0,51.0,28.0,34.0,70.0,842.0,0.0
2024,132.0,claxtni01,24.0,brk,c,71.0,71.0,2116.0,366.0,582.0,0.629,1.0,5.0,0.2,365.0,577.0,0.633,0.63,108.0,196.0,0.551,193.0,513.0,706.0,147.0,46.0,146.0,93.0,175.0,841.0,0.0
2024,133.0,durenja01,20.0,det,c,61.0,60.0,1777.0,349.0,564.0,0.619,0.0,4.0,0.0,349.0,560.0,0.623,0.619,143.0,181.0,0.79,192.0,517.0,709.0,147.0,33.0,47.0,129.0,192.0,841.0,0.0
2024,134.0,joneshe01,25.0,nop,sf,76.0,76.0,2321.0,293.0,588.0,0.498,114.0,273.0,0.418,179.0,315.0,0.568,0.595,137.0,158.0,0.867,74.0,198.0,272.0,199.0,105.0,62.0,93.0,224.0,837.0,0.0
2024,135.0,capelca01,29.0,atl,c,73.0,73.0,1883.0,353.0,618.0,0.571,0.0,1.0,0.0,353.0,617.0,0.572,0.571,130.0,206.0,0.631,335.0,441.0,776.0,91.0,43.0,106.0,74.0,164.0,836.0,0.0
2024,136.0,jacksre01,33.0,den,pg,82.0,23.0,1817.0,326.0,756.0,0.431,102.0,284.0,0.359,224.0,472.0,0.475,0.499,79.0,98.0,0.806,33.0,122.0,155.0,308.0,44.0,13.0,106.0,149.0,833.0,0.0
2024,137.0,nurkiju01,29.0,pho,c,76.0,76.0,2078.0,320.0,627.0,0.51,22.0,90.0,0.244,298.0,537.0,0.555,0.528,167.0,261.0,0.64,224.0,613.0,837.0,301.0,81.0,80.0,175.0,254.0,829.0,0.0
2024,138.0,middlkh01,32.0,mil,sf,55.0,55.0,1487.0,317.0,643.0,0.493,94.0,247.0,0.381,223.0,396.0,0.563,0.566,100.0,120.0,0.833,40.0,217.0,257.0,292.0,51.0,15.0,127.0,141.0,828.0,1.0
2024,139.0,gaffoda01,25.0,tot,c,74.0,66.0,1815.0,348.0,480.0,0.725,0.0,0.0,,348.0,480.0,0.725,0.725,118.0,175.0,0.674,195.0,367.0,562.0,115.0,65.0,153.0,74.0,227.0,814.0,0.0
2024,140.0,dinwisp01,30.0,tot,pg,76.0,52.0,2152.0,251.0,640.0,0.392,124.0,368.0,0.337,127.0,272.0,0.467,0.489,169.0,210.0,0.805,30.0,175.0,205.0,356.0,51.0,22.0,91.0,138.0,795.0,0.0
2024,141.0,zubaciv01,26.0,lac,c,68.0,68.0,1794.0,337.0,519.0,0.649,0.0,0.0,,337.0,519.0,0.649,0.649,120.0,166.0,0.723,196.0,430.0,626.0,93.0,22.0,83.0,79.0,180.0,794.0,0.0
2024,142.0,jonesty01,27.0,was,pg,66.0,66.0,1933.0,326.0,666.0,0.489,106.0,256.0,0.414,220.0,410.0,0.537,0.569,32.0,40.0,0.8,20.0,159.0,179.0,485.0,71.0,18.0,66.0,48.0,790.0,1.0
2024,143.0,pritcpa01,26.0,bos,pg,82.0,5.0,1825.0,297.0,635.0,0.468,147.0,382.0,0.385,150.0,253.0,0.593,0.583,46.0,56.0,0.821,70.0,195.0,265.0,281.0,39.0,6.0,61.0,106.0,787.0,0.0
2024,144.0,mobleev01,22.0,cle,pf,50.0,50.0,1532.0,320.0,552.0,0.58,22.0,59.0,0.373,298.0,493.0,0.604,0.6,123.0,171.0,0.719,111.0,357.0,468.0,160.0,45.0,72.0,90.0,134.0,785.0,0.0
2024,145.0,willigr01,25.0,tot,pf,76.0,43.0,2130.0,276.0,605.0,0.456,126.0,336.0,0.375,150.0,269.0,0.558,0.56,106.0,140.0,0.757,86.0,232.0,318.0,174.0,44.0,39.0,109.0,226.0,784.0,0.0
2024,146.0,colliza01,26.0,sas,c,69.0,29.0,1526.0,298.0,616.0,0.484,58.0,181.0,0.32,240.0,435.0,0.552,0.531,122.0,162.0,0.753,118.0,252.0,370.0,194.0,34.0,52.0,132.0,206.0,776.0,0.0
2024,147.0,johnsca02,27.0,brk,pf,58.0,47.0,1599.0,276.0,619.0,0.446,138.0,353.0,0.391,138.0,266.0,0.519,0.557,86.0,109.0,0.789,55.0,196.0,251.0,138.0,49.0,15.0,57.0,105.0,776.0,0.0
2024,148.0,jonestr01,24.0,sas,pg,77.0,48.0,2138.0,303.0,600.0,0.505,64.0,191.0,0.335,239.0,409.0,0.584,0.558,101.0,118.0,0.856,58.0,231.0,289.0,478.0,78.0,9.0,116.0,92.0,771.0,1.0
2024,149.0,niangge01,30.0,cle,pf,82.0,10.0,1831.0,284.0,632.0,0.449,149.0,396.0,0.376,135.0,236.0,0.572,0.567,51.0,60.0,0.85,22.0,256.0,278.0,98.0,30.0,18.0,72.0,192.0,768.0,0.0
2024,150.0,caldwke01,30.0,den,sg,76.0,76.0,2402.0,270.0,587.0,0.46,125.0,308.0,0.406,145.0,279.0,0.52,0.566,101.0,113.0,0.894,31.0,152.0,183.0,183.0,98.0,42.0,75.0,151.0,766.0,0.0
2024,151.0,olynyke01,32.0,tot,c,78.0,27.0,1759.0,276.0,497.0,0.555,60.0,155.0,0.387,216.0,342.0,0.632,0.616,150.0,180.0,0.833,108.0,303.0,411.0,347.0,74.0,30.0,152.0,230.0,762.0,0.0
2024,152.0,hartjo01,28.0,nyk,sf,81.0,42.0,2707.0,295.0,679.0,0.434,80.0,258.0,0.31,215.0,421.0,0.511,0.493,91.0,115.0,0.791,128.0,547.0,675.0,331.0,75.0,23.0,118.0,171.0,761.0,6.0
2024,153.0,mcdanja02,23.0,min,sf,72.0,71.0,2105.0,307.0,628.0,0.489,86.0,255.0,0.337,221.0,373.0,0.592,0.557,57.0,79.0,0.722,56.0,168.0,224.0,101.0,63.0,42.0,87.0,219.0,757.0,0.0
2024,154.0,westbru01,35.0,lac,pg,68.0,11.0,1529.0,301.0,663.0,0.454,42.0,154.0,0.273,259.0,509.0,0.509,0.486,110.0,160.0,0.688,93.0,250.0,343.0,306.0,74.0,23.0,144.0,121.0,754.0,1.0
2024,155.0,gordoer01,35.0,pho,sg,68.0,24.0,1893.0,274.0,618.0,0.443,150.0,397.0,0.378,124.0,221.0,0.561,0.565,51.0,64.0,0.797,16.0,106.0,122.0,139.0,66.0,30.0,73.0,79.0,749.0,0.0
2024,156.0,anunoog01,26.0,tot,sf,50.0,50.0,1702.0,282.0,577.0,0.489,102.0,267.0,0.382,180.0,310.0,0.581,0.577,67.0,89.0,0.753,47.0,161.0,208.0,107.0,68.0,36.0,81.0,119.0,733.0,0.0
2024,157.0,mccontj01,31.0,ind,pg,71.0,4.0,1291.0,330.0,593.0,0.556,18.0,44.0,0.409,312.0,549.0,0.568,0.572,49.0,62.0,0.79,36.0,155.0,191.0,390.0,72.0,8.0,108.0,79.0,727.0,0.0
2024,158.0,brownbr01,27.0,tot,sg,67.0,44.0,1866.0,278.0,582.0,0.478,53.0,164.0,0.323,225.0,418.0,0.538,0.523,117.0,142.0,0.824,53.0,231.0,284.0,192.0,59.0,17.0,86.0,148.0,726.0,0.0
2024,159.0,carusal01,29.0,chi,sg,71.0,57.0,2040.0,253.0,541.0,0.468,136.0,333.0,0.408,117.0,208.0,0.563,0.593,73.0,96.0,0.76,62.0,211.0,273.0,247.0,120.0,70.0,102.0,181.0,715.0,0.0
2024,160.0,hausesa01,26.0,bos,sf,79.0,13.0,1741.0,249.0,558.0,0.446,197.0,465.0,0.424,52.0,93.0,0.559,0.623,17.0,19.0,0.895,45.0,231.0,276.0,82.0,40.0,25.0,32.0,99.0,712.0,0.0
2024,161.0,jacksgg01,19.0,mem,pf,48.0,18.0,1233.0,241.0,563.0,0.428,102.0,286.0,0.357,139.0,277.0,0.502,0.519,115.0,153.0,0.752,53.0,143.0,196.0,59.0,28.0,24.0,65.0,64.0,699.0,0.0
2024,162.0,princta02,29.0,lal,pf,78.0,49.0,2108.0,253.0,572.0,0.442,141.0,356.0,0.396,112.0,216.0,0.519,0.566,50.0,68.0,0.735,21.0,209.0,230.0,119.0,58.0,35.0,73.0,146.0,697.0,0.0
2024,163.0,fontesi01,28.0,tot,sf,66.0,43.0,1644.0,252.0,548.0,0.46,134.0,334.0,0.401,118.0,214.0,0.551,0.582,54.0,66.0,0.818,64.0,182.0,246.0,101.0,44.0,23.0,68.0,110.0,692.0,0.0
2024,164.0,branhma01,20.0,sas,pg,75.0,29.0,1594.0,271.0,628.0,0.432,93.0,268.0,0.347,178.0,360.0,0.494,0.506,55.0,63.0,0.873,28.0,120.0,148.0,156.0,27.0,8.0,91.0,94.0,690.0,0.0
2024,165.0,burksal01,32.0,tot,sg,66.0,1.0,1212.0,210.0,569.0,0.369,124.0,330.0,0.376,86.0,239.0,0.36,0.478,145.0,167.0,0.868,24.0,126.0,150.0,88.0,28.0,12.0,48.0,75.0,689.0,0.0
2024,166.0,podzibr01,20.0,gsw,sg,74.0,28.0,1968.0,271.0,597.0,0.454,90.0,234.0,0.385,181.0,363.0,0.499,0.529,50.0,79.0,0.633,118.0,309.0,427.0,273.0,61.0,14.0,88.0,122.0,682.0,0.0
2024,167.0,drumman01,30.0,chi,c,79.0,10.0,1351.0,267.0,480.0,0.556,0.0,3.0,0.0,267.0,477.0,0.56,0.556,129.0,218.0,0.592,265.0,443.0,708.0,37.0,73.0,48.0,81.0,140.0,663.0,0.0
2024,168.0,mannte01,27.0,lac,sg,75.0,71.0,1873.0,254.0,493.0,0.515,71.0,204.0,0.348,183.0,289.0,0.633,0.587,79.0,95.0,0.832,87.0,167.0,254.0,119.0,43.0,15.0,48.0,145.0,658.0,0.0
2024,169.0,jonesde02,26.0,dal,sf,76.0,66.0,1783.0,239.0,495.0,0.483,82.0,239.0,0.343,157.0,256.0,0.613,0.566,97.0,136.0,0.713,82.0,168.0,250.0,75.0,53.0,51.0,65.0,121.0,657.0,0.0
2024,170.0,alexani01,25.0,min,sg,82.0,20.0,1921.0,236.0,538.0,0.439,131.0,335.0,0.391,105.0,203.0,0.517,0.56,52.0,65.0,0.8,35.0,132.0,167.0,204.0,64.0,42.0,76.0,143.0,655.0,0.0
2024,171.0,huertke01,25.0,sac,sg,64.0,59.0,1562.0,248.0,560.0,0.443,123.0,341.0,0.361,125.0,219.0,0.571,0.553,36.0,47.0,0.766,38.0,186.0,224.0,166.0,45.0,23.0,53.0,135.0,655.0,0.0
2024,172.0,aldamsa01,23.0,mem,pf,61.0,35.0,1618.0,247.0,568.0,0.435,106.0,304.0,0.349,141.0,264.0,0.534,0.528,54.0,87.0,0.621,72.0,280.0,352.0,138.0,43.0,54.0,69.0,89.0,654.0,0.0
2024,173.0,richani01,26.0,cho,c,67.0,51.0,1759.0,260.0,376.0,0.691,0.0,1.0,0.0,260.0,375.0,0.693,0.691,132.0,179.0,0.737,172.0,367.0,539.0,54.0,26.0,74.0,73.0,176.0,652.0,0.0
2024,174.0,okorois01,23.0,cle,sf,69.0,42.0,1887.0,235.0,480.0,0.49,84.0,215.0,0.391,151.0,265.0,0.57,0.577,93.0,137.0,0.679,67.0,139.0,206.0,132.0,57.0,34.0,54.0,140.0,647.0,0.0
2024,175.0,martica02,28.0,mia,sf,64.0,23.0,1756.0,241.0,559.0,0.431,81.0,232.0,0.349,160.0,327.0,0.489,0.504,77.0,99.0,0.778,74.0,207.0,281.0,143.0,47.0,29.0,77.0,126.0,640.0,0.0
2024,176.0,walkeja01,21.0,por,sf,72.0,23.0,1700.0,234.0,509.0,0.46,41.0,139.0,0.295,193.0,370.0,0.522,0.5,129.0,171.0,0.754,151.0,357.0,508.0,71.0,42.0,22.0,66.0,173.0,638.0,0.0
2024,177.0,joeis01,24.0,okc,sg,78.0,1.0,1445.0,222.0,485.0,0.458,147.0,353.0,0.416,75.0,132.0,0.568,0.609,45.0,52.0,0.865,32.0,148.0,180.0,99.0,46.0,22.0,47.0,87.0,636.0,0.0
2024,178.0,nembhan01,24.0,ind,pg,68.0,47.0,1697.0,260.0,522.0,0.498,61.0,171.0,0.357,199.0,351.0,0.567,0.557,45.0,56.0,0.804,36.0,105.0,141.0,280.0,63.0,6.0,101.0,143.0,626.0,0.0
2024,179.0,reathdu01,27.0,por,c,68.0,20.0,1214.0,230.0,499.0,0.461,88.0,245.0,0.359,142.0,254.0,0.559,0.549,69.0,93.0,0.742,93.0,157.0,250.0,67.0,33.0,38.0,52.0,161.0,617.0,0.0
2024,180.0,brogdma01,31.0,por,pg,39.0,25.0,1121.0,218.0,496.0,0.44,82.0,199.0,0.412,136.0,297.0,0.458,0.522,95.0,116.0,0.819,28.0,120.0,148.0,214.0,27.0,8.0,60.0,58.0,613.0,0.0
2024,181.0,onealro01,30.0,tot,sf,79.0,14.0,1954.0,214.0,539.0,0.397,156.0,422.0,0.37,58.0,117.0,0.496,0.542,24.0,35.0,0.686,60.0,317.0,377.0,219.0,59.0,44.0,73.0,174.0,608.0,0.0
2024,182.0,cartewe01,24.0,orl,c,55.0,48.0,1406.0,223.0,425.0,0.525,64.0,171.0,0.374,159.0,254.0,0.626,0.6,93.0,134.0,0.694,112.0,269.0,381.0,95.0,35.0,28.0,68.0,121.0,603.0,0.0
2024,183.0,smithja04,23.0,ind,c,61.0,14.0,1047.0,234.0,395.0,0.592,61.0,144.0,0.424,173.0,251.0,0.689,0.67,72.0,104.0,0.692,112.0,225.0,337.0,63.0,17.0,38.0,44.0,124.0,601.0,0.0
2024,184.0,braunch01,22.0,den,sg,82.0,4.0,1655.0,222.0,483.0,0.46,63.0,164.0,0.384,159.0,319.0,0.498,0.525,93.0,134.0,0.694,79.0,227.0,306.0,132.0,42.0,35.0,55.0,137.0,600.0,0.0
2024,185.0,reedpa01,24.0,phi,c,82.0,24.0,1590.0,259.0,480.0,0.54,21.0,57.0,0.368,238.0,423.0,0.563,0.561,61.0,85.0,0.718,193.0,295.0,488.0,109.0,67.0,84.0,67.0,198.0,600.0,0.0
2024,186.0,thompam01,21.0,hou,sf,62.0,23.0,1388.0,239.0,446.0,0.536,8.0,58.0,0.138,231.0,388.0,0.595,0.545,106.0,155.0,0.684,148.0,261.0,409.0,163.0,78.0,38.0,90.0,141.0,592.0,1.0
2024,187.0,sassema01,23.0,det,pg,71.0,11.0,1351.0,219.0,512.0,0.428,90.0,240.0,0.375,129.0,272.0,0.474,0.516,58.0,66.0,0.879,11.0,114.0,125.0,236.0,44.0,12.0,90.0,103.0,586.0,0.0
2024,188.0,baglema01,24.0,tot,c,50.0,25.0,1053.0,239.0,408.0,0.586,9.0,23.0,0.391,230.0,385.0,0.597,0.597,96.0,126.0,0.762,130.0,182.0,312.0,55.0,20.0,33.0,59.0,81.0,583.0,0.0
2024,189.0,harteis01,25.0,nyk,c,75.0,49.0,1896.0,235.0,365.0,0.644,1.0,3.0,0.333,234.0,362.0,0.646,0.645,111.0,157.0,0.707,244.0,382.0,626.0,188.0,87.0,85.0,93.0,210.0,582.0,0.0
2024,190.0,finnedo01,30.0,brk,pf,68.0,56.0,1934.0,215.0,511.0,0.421,117.0,336.0,0.348,98.0,175.0,0.56,0.535,33.0,46.0,0.717,109.0,208.0,317.0,107.0,56.0,38.0,59.0,150.0,580.0,0.0
2024,191.0,whitmca01,19.0,hou,sf,47.0,2.0,880.0,212.0,467.0,0.454,79.0,220.0,0.359,133.0,247.0,0.538,0.539,76.0,112.0,0.679,44.0,136.0,180.0,33.0,30.0,17.0,46.0,64.0,579.0,0.0
2024,192.0,payneca01,29.0,tot,pg,78.0,10.0,1304.0,208.0,481.0,0.432,104.0,267.0,0.39,104.0,214.0,0.486,0.541,58.0,67.0,0.866,21.0,96.0,117.0,205.0,42.0,11.0,66.0,126.0,578.0,0.0
2024,193.0,walkelo01,25.0,brk,sg,58.0,0.0,1011.0,208.0,492.0,0.423,104.0,271.0,0.384,104.0,221.0,0.471,0.528,45.0,59.0,0.763,13.0,114.0,127.0,74.0,32.0,20.0,51.0,71.0,565.0,0.0
2024,194.0,achiupr01,24.0,tot,c,74.0,18.0,1624.0,235.0,469.0,0.501,26.0,97.0,0.268,209.0,372.0,0.562,0.529,69.0,112.0,0.616,191.0,296.0,487.0,97.0,46.0,68.0,83.0,143.0,565.0,0.0
2024,195.0,horfoal01,37.0,bos,c,65.0,33.0,1740.0,214.0,419.0,0.511,108.0,258.0,0.419,106.0,161.0,0.658,0.64,26.0,30.0,0.867,82.0,331.0,413.0,168.0,38.0,62.0,48.0,93.0,562.0,0.0
2024,196.0,mcbrimi01,23.0,nyk,pg,68.0,14.0,1328.0,205.0,454.0,0.452,109.0,266.0,0.41,96.0,188.0,0.511,0.572,43.0,50.0,0.86,31.0,69.0,100.0,114.0,50.0,7.0,30.0,108.0,562.0,0.0
2024,197.0,okongon01,23.0,atl,c,55.0,8.0,1405.0,223.0,365.0,0.611,23.0,69.0,0.333,200.0,296.0,0.676,0.642,92.0,116.0,0.793,145.0,231.0,376.0,74.0,26.0,60.0,45.0,162.0,561.0,0.0
2024,198.0,wallaca01,20.0,okc,sg,82.0,13.0,1692.0,217.0,442.0,0.491,98.0,234.0,0.419,119.0,208.0,0.572,0.602,29.0,37.0,0.784,52.0,135.0,187.0,120.0,76.0,37.0,45.0,129.0,561.0,0.0
2024,199.0,bantoda01,24.0,tot,pg,54.0,9.0,1047.0,202.0,500.0,0.404,59.0,199.0,0.296,143.0,301.0,0.475,0.463,94.0,120.0,0.783,41.0,137.0,178.0,127.0,33.0,20.0,77.0,64.0,557.0,0.0
2024,200.0,thompau01,21.0,det,sf,63.0,38.0,1583.0,232.0,480.0,0.483,21.0,113.0,0.186,211.0,367.0,0.575,0.505,71.0,119.0,0.597,129.0,273.0,402.0,120.0,68.0,59.0,84.0,175.0,556.0,0.0
2024,201.0,poeltja01,28.0,tor,c,50.0,50.0,1319.0,248.0,378.0,0.656,0.0,0.0,,248.0,378.0,0.656,0.656,59.0,107.0,0.551,146.0,283.0,429.0,127.0,35.0,76.0,77.0,149.0,555.0,0.0
2024,202.0,wiggiaa01,25.0,okc,sg,78.0,4.0,1228.0,212.0,377.0,0.562,62.0,126.0,0.492,150.0,251.0,0.598,0.645,56.0,71.0,0.789,60.0,126.0,186.0,86.0,56.0,19.0,56.0,91.0,542.0,0.0
2024,203.0,jackstr02,23.0,gsw,pf,68.0,16.0,1130.0,233.0,332.0,0.702,0.0,1.0,0.0,233.0,331.0,0.704,0.702,74.0,132.0,0.561,135.0,206.0,341.0,82.0,29.0,76.0,49.0,108.0,540.0,0.0
2024,204.0,moodymo01,21.0,gsw,sg,66.0,9.0,1156.0,194.0,420.0,0.462,72.0,200.0,0.36,122.0,220.0,0.555,0.548,73.0,93.0,0.785,65.0,131.0,196.0,57.0,42.0,24.0,44.0,90.0,533.0,0.0
2024,205.0,paulch01,38.0,gsw,pg,58.0,18.0,1531.0,206.0,467.0,0.441,78.0,210.0,0.371,128.0,257.0,0.498,0.525,43.0,52.0,0.827,18.0,207.0,225.0,393.0,70.0,6.0,76.0,108.0,533.0,0.0
2024,206.0,coulibi01,19.0,was,sf,63.0,15.0,1715.0,188.0,432.0,0.435,64.0,185.0,0.346,124.0,247.0,0.502,0.509,92.0,131.0,0.702,56.0,200.0,256.0,110.0,57.0,48.0,87.0,137.0,532.0,0.0
2024,207.0,watsope01,21.0,den,sf,80.0,4.0,1488.0,208.0,447.0,0.465,45.0,152.0,0.296,163.0,295.0,0.553,0.516,71.0,106.0,0.67,56.0,202.0,258.0,86.0,42.0,88.0,58.0,143.0,532.0,0.0
2024,208.0,hardyja02,21.0,dal,sg,73.0,7.0,989.0,195.0,479.0,0.407,81.0,224.0,0.362,114.0,255.0,0.447,0.492,59.0,76.0,0.776,20.0,111.0,131.0,109.0,22.0,4.0,62.0,80.0,530.0,0.0
2024,209.0,camarto01,23.0,por,pf,70.0,49.0,1739.0,197.0,438.0,0.45,58.0,172.0,0.337,139.0,266.0,0.523,0.516,75.0,99.0,0.758,139.0,204.0,343.0,87.0,66.0,33.0,84.0,174.0,527.0,0.0
2024,210.0,ballla01,22.0,cho,pg,22.0,22.0,711.0,183.0,423.0,0.433,70.0,197.0,0.355,113.0,226.0,0.5,0.515,90.0,104.0,0.865,29.0,84.0,113.0,176.0,40.0,4.0,83.0,79.0,526.0,1.0
2024,211.0,hawkijo01,21.0,nop,sg,67.0,10.0,1160.0,174.0,456.0,0.382,109.0,298.0,0.366,65.0,158.0,0.411,0.501,67.0,80.0,0.838,29.0,119.0,148.0,70.0,19.0,7.0,40.0,72.0,524.0,0.0
2024,212.0,willivi01,23.0,mem,sg,52.0,33.0,1436.0,169.0,379.0,0.446,79.0,209.0,0.378,90.0,170.0,0.529,0.55,104.0,130.0,0.8,59.0,231.0,290.0,175.0,47.0,34.0,92.0,135.0,521.0,0.0
2024,213.0,kesslwa01,22.0,uta,c,64.0,22.0,1493.0,229.0,350.0,0.654,4.0,19.0,0.211,225.0,331.0,0.68,0.66,56.0,93.0,0.602,165.0,316.0,481.0,60.0,30.0,154.0,66.0,132.0,518.0,0.0
2024,214.0,hortota01,23.0,uta,pg,51.0,11.0,1009.0,184.0,465.0,0.396,60.0,182.0,0.33,124.0,283.0,0.438,0.46,88.0,109.0,0.807,21.0,100.0,121.0,177.0,45.0,19.0,65.0,94.0,516.0,0.0
2024,215.0,saricda01,29.0,gsw,c,64.0,9.0,1098.0,181.0,388.0,0.466,74.0,197.0,0.376,107.0,191.0,0.56,0.562,79.0,93.0,0.849,73.0,210.0,283.0,144.0,31.0,10.0,78.0,112.0,515.0,0.0
2024,216.0,holidaa01,27.0,hou,pg,78.0,1.0,1269.0,186.0,417.0,0.446,84.0,217.0,0.387,102.0,200.0,0.51,0.547,58.0,63.0,0.921,23.0,100.0,123.0,140.0,42.0,6.0,53.0,125.0,514.0,0.0
2024,217.0,dickgr01,20.0,tor,sg,60.0,17.0,1268.0,189.0,445.0,0.425,88.0,241.0,0.365,101.0,204.0,0.495,0.524,44.0,51.0,0.863,27.0,105.0,132.0,68.0,34.0,2.0,50.0,87.0,510.0,0.0
2024,218.0,sharpsh01,20.0,por,sg,32.0,25.0,1059.0,176.0,434.0,0.406,60.0,180.0,0.333,116.0,254.0,0.457,0.475,98.0,119.0,0.824,42.0,118.0,160.0,94.0,28.0,12.0,72.0,88.0,510.0,0.0
2024,219.0,greenje02,37.0,hou,pf,78.0,6.0,1307.0,167.0,366.0,0.456,53.0,160.0,0.331,114.0,206.0,0.553,0.529,122.0,149.0,0.819,46.0,132.0,178.0,70.0,16.0,31.0,46.0,100.0,509.0,0.0
2024,220.0,anderky01,30.0,min,pf,79.0,10.0,1782.0,199.0,433.0,0.46,11.0,48.0,0.229,188.0,385.0,0.488,0.472,97.0,137.0,0.708,60.0,213.0,273.0,331.0,71.0,47.0,91.0,128.0,506.0,0.0
2024,221.0,champju02,22.0,sas,sf,74.0,59.0,1468.0,164.0,402.0,0.408,101.0,277.0,0.365,63.0,125.0,0.504,0.534,75.0,92.0,0.815,42.0,164.0,206.0,103.0,48.0,42.0,57.0,77.0,504.0,0.0
2024,222.0,stewais01,22.0,det,pf,46.0,45.0,1423.0,186.0,382.0,0.487,67.0,175.0,0.383,119.0,207.0,0.575,0.575,64.0,85.0,0.753,74.0,231.0,305.0,73.0,17.0,38.0,66.0,99.0,503.0,0.0
2024,223.0,haywago01,33.0,tot,sf,51.0,28.0,1245.0,187.0,403.0,0.464,37.0,90.0,0.411,150.0,313.0,0.479,0.51,89.0,120.0,0.742,38.0,143.0,181.0,158.0,40.0,13.0,66.0,67.0,500.0,0.0
2024,224.0,osmande01,28.0,sas,sf,72.0,3.0,1269.0,184.0,384.0,0.479,86.0,221.0,0.389,98.0,163.0,0.601,0.591,35.0,52.0,0.673,25.0,155.0,180.0,119.0,36.0,11.0,47.0,107.0,489.0,0.0
2024,225.0,lavinza01,28.0,chi,sg,25.0,23.0,872.0,170.0,376.0,0.452,59.0,169.0,0.349,111.0,207.0,0.536,0.531,88.0,103.0,0.854,8.0,121.0,129.0,98.0,21.0,8.0,52.0,57.0,487.0,0.0
2024,226.0,lowryky01,37.0,tot,pg,60.0,55.0,1690.0,163.0,377.0,0.432,98.0,250.0,0.392,65.0,127.0,0.512,0.562,63.0,75.0,0.84,34.0,160.0,194.0,253.0,59.0,21.0,85.0,146.0,487.0,0.0
2024,227.0,loveke01,35.0,mia,pf,55.0,5.0,924.0,158.0,359.0,0.44,84.0,244.0,0.344,74.0,115.0,0.643,0.557,85.0,108.0,0.787,59.0,279.0,338.0,115.0,18.0,10.0,48.0,97.0,485.0,0.0
2024,228.0,merrisa01,27.0,cle,sg,61.0,1.0,1069.0,158.0,393.0,0.402,143.0,354.0,0.404,15.0,39.0,0.385,0.584,26.0,28.0,0.929,22.0,98.0,120.0,108.0,19.0,4.0,19.0,72.0,485.0,0.0
2024,229.0,livelde01,19.0,dal,c,55.0,42.0,1294.0,221.0,296.0,0.747,0.0,2.0,0.0,221.0,294.0,0.752,0.747,41.0,81.0,0.506,135.0,243.0,378.0,60.0,36.0,77.0,50.0,144.0,483.0,0.0
2024,230.0,greendr01,33.0,gsw,pf,55.0,52.0,1490.0,185.0,372.0,0.497,51.0,129.0,0.395,134.0,243.0,0.551,0.566,54.0,74.0,0.73,76.0,322.0,398.0,332.0,55.0,47.0,135.0,166.0,475.0,1.0
2024,231.0,greenjo02,23.0,dal,sg,57.0,33.0,1505.0,179.0,374.0,0.479,72.0,187.0,0.385,107.0,187.0,0.572,0.575,39.0,57.0,0.684,40.0,144.0,184.0,130.0,47.0,9.0,60.0,107.0,469.0,0.0
2024,232.0,marshna01,26.0,nop,sf,66.0,1.0,1257.0,170.0,367.0,0.463,58.0,150.0,0.387,112.0,217.0,0.516,0.542,68.0,86.0,0.791,53.0,187.0,240.0,128.0,49.0,12.0,65.0,91.0,466.0,0.0
2024,233.0,coffeam01,26.0,lac,sf,70.0,13.0,1460.0,166.0,352.0,0.472,70.0,184.0,0.38,96.0,168.0,0.571,0.571,61.0,71.0,0.859,29.0,119.0,148.0,76.0,41.0,14.0,33.0,102.0,463.0,0.0
2024,234.0,agbajoc01,23.0,tot,sg,78.0,28.0,1641.0,178.0,433.0,0.411,62.0,211.0,0.294,116.0,222.0,0.523,0.483,37.0,56.0,0.661,74.0,142.0,216.0,83.0,47.0,44.0,64.0,117.0,455.0,0.0
2024,235.0,beverpa01,35.0,tot,pg,73.0,13.0,1462.0,158.0,379.0,0.417,61.0,181.0,0.337,97.0,198.0,0.49,0.497,74.0,90.0,0.822,49.0,190.0,239.0,212.0,43.0,31.0,65.0,128.0,451.0,0.0
2024,236.0,wisemja01,22.0,det,c,63.0,6.0,1091.0,187.0,305.0,0.613,0.0,2.0,0.0,187.0,303.0,0.617,0.613,72.0,102.0,0.706,110.0,226.0,336.0,54.0,12.0,39.0,66.0,141.0,446.0,0.0
2024,237.0,watfotr01,23.0,brk,pf,63.0,2.0,856.0,164.0,311.0,0.527,27.0,68.0,0.397,137.0,243.0,0.564,0.571,77.0,97.0,0.794,52.0,142.0,194.0,81.0,23.0,19.0,63.0,106.0,432.0,0.0
2024,238.0,kennalu01,27.0,mem,sg,39.0,22.0,999.0,141.0,315.0,0.448,107.0,238.0,0.45,34.0,77.0,0.442,0.617,40.0,45.0,0.889,11.0,102.0,113.0,136.0,20.0,2.0,54.0,39.0,429.0,0.0
2024,239.0,willipa01,22.0,chi,pf,43.0,30.0,1174.0,159.0,359.0,0.443,59.0,148.0,0.399,100.0,211.0,0.474,0.525,52.0,66.0,0.788,46.0,120.0,166.0,66.0,40.0,33.0,57.0,87.0,429.0,0.0
2024,240.0,connapa01,31.0,mil,sf,76.0,3.0,1676.0,151.0,347.0,0.435,82.0,238.0,0.345,69.0,109.0,0.633,0.553,44.0,58.0,0.759,51.0,188.0,239.0,161.0,40.0,19.0,49.0,99.0,428.0,0.0
2024,241.0,exumda01,28.0,dal,pg,55.0,17.0,1088.0,161.0,302.0,0.533,53.0,108.0,0.491,108.0,194.0,0.557,0.621,53.0,68.0,0.779,25.0,124.0,149.0,157.0,22.0,5.0,49.0,85.0,428.0,0.0
2024,242.0,richajo01,30.0,mia,sg,43.0,6.0,1103.0,154.0,347.0,0.444,66.0,190.0,0.347,88.0,157.0,0.561,0.539,51.0,54.0,0.944,18.0,103.0,121.0,105.0,24.0,14.0,36.0,76.0,425.0,0.0
2024,243.0,roddyda01,22.0,tot,pf,65.0,13.0,1177.0,165.0,409.0,0.403,48.0,164.0,0.293,117.0,245.0,0.478,0.462,47.0,68.0,0.691,53.0,158.0,211.0,80.0,27.0,11.0,57.0,72.0,425.0,0.0
2024,244.0,micicva01,30.0,tot,pg,60.0,21.0,1176.0,159.0,370.0,0.43,43.0,154.0,0.279,116.0,216.0,0.537,0.488,61.0,75.0,0.813,14.0,74.0,88.0,262.0,31.0,7.0,99.0,68.0,422.0,0.0
2024,245.0,meltode01,25.0,phi,sg,38.0,33.0,1023.0,139.0,360.0,0.386,77.0,214.0,0.36,62.0,146.0,0.425,0.493,66.0,79.0,0.835,28.0,113.0,141.0,114.0,60.0,16.0,39.0,84.0,421.0,0.0
2024,246.0,willizi02,22.0,mem,sf,51.0,15.0,1038.0,150.0,378.0,0.397,58.0,189.0,0.307,92.0,189.0,0.487,0.474,62.0,75.0,0.827,35.0,145.0,180.0,75.0,36.0,9.0,66.0,85.0,420.0,0.0
2024,247.0,lylestr01,28.0,sac,pf,58.0,0.0,1158.0,143.0,321.0,0.445,84.0,219.0,0.384,59.0,102.0,0.578,0.576,49.0,70.0,0.7,61.0,196.0,257.0,72.0,17.0,19.0,38.0,86.0,419.0,0.0
2024,248.0,sharpda01,22.0,brk,c,61.0,1.0,921.0,168.0,294.0,0.571,4.0,15.0,0.267,164.0,279.0,0.588,0.578,75.0,123.0,0.61,161.0,228.0,389.0,85.0,24.0,44.0,70.0,131.0,415.0,0.0
2024,249.0,highsha01,27.0,mia,pf,66.0,26.0,1366.0,153.0,329.0,0.465,76.0,192.0,0.396,77.0,137.0,0.562,0.581,23.0,36.0,0.639,65.0,145.0,210.0,70.0,53.0,30.0,34.0,117.0,405.0,0.0
2024,250.0,alvarjo01,25.0,nop,pg,56.0,0.0,1028.0,142.0,345.0,0.412,78.0,207.0,0.377,64.0,138.0,0.464,0.525,35.0,52.0,0.673,25.0,103.0,128.0,117.0,59.0,15.0,40.0,89.0,397.0,0.0
2024,251.0,isaacjo01,26.0,orl,pf,58.0,2.0,914.0,146.0,286.0,0.51,42.0,112.0,0.375,104.0,174.0,0.598,0.584,59.0,82.0,0.72,73.0,187.0,260.0,30.0,43.0,70.0,27.0,64.0,393.0,0.0
2024,252.0,jacksis01,22.0,ind,c,59.0,3.0,771.0,155.0,233.0,0.665,0.0,4.0,0.0,155.0,229.0,0.677,0.665,73.0,102.0,0.716,94.0,144.0,238.0,50.0,34.0,61.0,39.0,137.0,383.0,0.0
2024,253.0,manntr01,22.0,tot,pg,41.0,28.0,987.0,145.0,316.0,0.459,47.0,126.0,0.373,98.0,190.0,0.516,0.533,45.0,59.0,0.763,20.0,129.0,149.0,165.0,51.0,3.0,65.0,48.0,382.0,0.0
2024,254.0,flynnma01,25.0,tot,pg,69.0,0.0,876.0,136.0,325.0,0.418,56.0,169.0,0.331,80.0,156.0,0.513,0.505,52.0,71.0,0.732,21.0,93.0,114.0,130.0,38.0,8.0,63.0,66.0,380.0,0.0
2024,255.0,eubandr01,26.0,pho,c,75.0,6.0,1169.0,152.0,253.0,0.601,3.0,3.0,1.0,149.0,250.0,0.596,0.607,72.0,93.0,0.774,103.0,219.0,322.0,63.0,27.0,61.0,61.0,115.0,379.0,0.0
2024,256.0,laravja01,22.0,mem,pf,35.0,6.0,806.0,118.0,303.0,0.389,53.0,156.0,0.34,65.0,147.0,0.442,0.477,90.0,109.0,0.826,51.0,77.0,128.0,58.0,29.0,12.0,45.0,69.0,379.0,0.0
2024,257.0,mitchda01,25.0,sac,pg,72.0,4.0,1101.0,146.0,323.0,0.452,57.0,158.0,0.361,89.0,165.0,0.539,0.54,30.0,42.0,0.714,19.0,76.0,95.0,134.0,17.0,3.0,43.0,85.0,379.0,0.0
2024,258.0,murrakr01,23.0,por,sf,62.0,29.0,1348.0,145.0,366.0,0.396,49.0,183.0,0.268,96.0,183.0,0.525,0.463,37.0,56.0,0.661,85.0,139.0,224.0,80.0,53.0,21.0,55.0,92.0,376.0,0.0
2024,259.0,theisda01,31.0,tot,c,60.0,3.0,1015.0,156.0,293.0,0.532,26.0,71.0,0.366,130.0,222.0,0.586,0.577,38.0,50.0,0.76,85.0,159.0,244.0,61.0,21.0,51.0,42.0,127.0,376.0,0.0
2024,260.0,harriga01,29.0,orl,sg,54.0,27.0,1297.0,131.0,297.0,0.441,76.0,205.0,0.371,55.0,92.0,0.598,0.569,34.0,45.0,0.756,24.0,67.0,91.0,87.0,49.0,14.0,31.0,91.0,372.0,0.0
2024,261.0,smithde03,26.0,brk,pg,56.0,2.0,1059.0,147.0,338.0,0.435,32.0,109.0,0.294,115.0,229.0,0.502,0.482,43.0,58.0,0.741,50.0,114.0,164.0,203.0,68.0,12.0,68.0,121.0,369.0,0.0
2024,262.0,goodwjo01,25.0,tot,pg,57.0,12.0,1055.0,141.0,382.0,0.369,42.0,141.0,0.298,99.0,241.0,0.411,0.424,44.0,59.0,0.746,88.0,165.0,253.0,155.0,48.0,18.0,56.0,76.0,368.0,0.0
2024,263.0,nworajo01,25.0,tot,sf,52.0,1.0,712.0,138.0,299.0,0.462,44.0,131.0,0.336,94.0,168.0,0.56,0.535,44.0,53.0,0.83,28.0,121.0,149.0,62.0,26.0,13.0,53.0,48.0,364.0,0.0
2024,264.0,grimequ01,23.0,tot,sg,51.0,18.0,1025.0,122.0,328.0,0.372,81.0,240.0,0.338,41.0,88.0,0.466,0.495,34.0,45.0,0.756,15.0,85.0,100.0,66.0,35.0,7.0,28.0,75.0,359.0,0.0
2024,265.0,carteje01,28.0,chi,pg,72.0,0.0,1004.0,138.0,365.0,0.378,77.0,234.0,0.329,61.0,131.0,0.466,0.484,4.0,7.0,0.571,11.0,49.0,60.0,94.0,37.0,16.0,36.0,71.0,357.0,0.0
2024,266.0,dunnkr01,29.0,uta,pg,66.0,32.0,1249.0,147.0,313.0,0.47,41.0,111.0,0.369,106.0,202.0,0.525,0.535,22.0,32.0,0.688,50.0,139.0,189.0,254.0,68.0,28.0,79.0,135.0,357.0,0.0
2024,267.0,daniedy01,20.0,nop,pg,61.0,16.0,1358.0,139.0,311.0,0.447,42.0,135.0,0.311,97.0,176.0,0.551,0.514,34.0,53.0,0.642,62.0,174.0,236.0,164.0,85.0,25.0,59.0,101.0,354.0,0.0
2024,268.0,thybuma01,26.0,por,sf,65.0,19.0,1487.0,126.0,317.0,0.397,80.0,231.0,0.346,46.0,86.0,0.535,0.524,22.0,29.0,0.759,30.0,106.0,136.0,90.0,113.0,49.0,40.0,93.0,354.0,0.0
2024,269.0,jovicni01,20.0,mia,pf,46.0,38.0,896.0,127.0,281.0,0.452,65.0,163.0,0.399,62.0,118.0,0.525,0.568,33.0,47.0,0.702,25.0,167.0,192.0,90.0,25.0,14.0,42.0,82.0,352.0,0.0
2024,270.0,mcderdo01,32.0,tot,sf,64.0,0.0,904.0,123.0,284.0,0.433,94.0,229.0,0.41,29.0,55.0,0.527,0.599,11.0,19.0,0.579,10.0,49.0,59.0,70.0,16.0,2.0,28.0,64.0,351.0,0.0
2024,271.0,nancela02,31.0,nop,c,61.0,0.0,1216.0,138.0,241.0,0.573,27.0,65.0,0.415,111.0,176.0,0.631,0.629,47.0,61.0,0.77,94.0,213.0,307.0,113.0,61.0,19.0,49.0,98.0,350.0,0.0
2024,272.0,woodch01,28.0,lal,pf,50.0,1.0,872.0,123.0,264.0,0.466,35.0,114.0,0.307,88.0,150.0,0.587,0.532,66.0,94.0,0.702,39.0,215.0,254.0,49.0,16.0,33.0,50.0,72.0,347.0,0.0
2024,273.0,fultzma01,25.0,orl,pg,43.0,18.0,910.0,154.0,326.0,0.472,4.0,18.0,0.222,150.0,308.0,0.487,0.479,23.0,33.0,0.697,56.0,82.0,138.0,120.0,42.0,15.0,50.0,65.0,335.0,0.0
2024,274.0,kornelu01,28.0,bos,c,63.0,7.0,983.0,142.0,203.0,0.7,1.0,1.0,1.0,141.0,202.0,0.698,0.702,49.0,54.0,0.907,118.0,143.0,261.0,67.0,23.0,61.0,21.0,77.0,334.0,0.0
2024,275.0,looneke01,27.0,gsw,c,74.0,36.0,1195.0,139.0,233.0,0.597,0.0,1.0,0.0,139.0,232.0,0.599,0.597,56.0,83.0,0.675,143.0,276.0,419.0,133.0,28.0,29.0,50.0,155.0,334.0,0.0
2024,276.0,metuch01,26.0,tot,c,51.0,12.0,859.0,123.0,244.0,0.504,28.0,94.0,0.298,95.0,150.0,0.633,0.561,58.0,64.0,0.906,41.0,153.0,194.0,46.0,43.0,16.0,52.0,71.0,332.0,0.0
2024,277.0,shamela01,26.0,was,sg,46.0,5.0,726.0,118.0,274.0,0.431,53.0,157.0,0.338,65.0,117.0,0.556,0.527,38.0,46.0,0.826,16.0,46.0,62.0,54.0,25.0,10.0,30.0,76.0,327.0,0.0
2024,278.0,mathega01,27.0,atl,sg,66.0,5.0,992.0,103.0,226.0,0.456,85.0,193.0,0.44,18.0,33.0,0.545,0.644,34.0,42.0,0.81,17.0,75.0,92.0,37.0,20.0,8.0,19.0,115.0,325.0,0.0
2024,279.0,willike04,29.0,okc,pf,69.0,1.0,1029.0,131.0,280.0,0.468,56.0,141.0,0.397,75.0,139.0,0.54,0.568,7.0,14.0,0.5,61.0,148.0,209.0,93.0,38.0,9.0,32.0,101.0,325.0,0.0
2024,280.0,bouchch01,31.0,tor,pf,50.0,0.0,705.0,110.0,217.0,0.507,31.0,94.0,0.33,79.0,123.0,0.642,0.578,71.0,92.0,0.772,62.0,145.0,207.0,23.0,14.0,24.0,28.0,68.0,322.0,0.0
2024,281.0,batumni01,35.0,tot,pf,60.0,38.0,1529.0,116.0,256.0,0.453,73.0,185.0,0.395,43.0,71.0,0.606,0.596,15.0,21.0,0.714,70.0,178.0,248.0,128.0,48.0,38.0,40.0,109.0,320.0,0.0
2024,282.0,blackan01,20.0,orl,pg,69.0,33.0,1164.0,115.0,247.0,0.466,37.0,94.0,0.394,78.0,153.0,0.51,0.54,49.0,80.0,0.613,33.0,106.0,139.0,91.0,35.0,21.0,56.0,110.0,316.0,0.0
2024,283.0,morrima03,34.0,tot,pf,49.0,7.0,817.0,116.0,264.0,0.439,48.0,119.0,0.403,68.0,145.0,0.469,0.53,36.0,44.0,0.818,23.0,111.0,134.0,36.0,15.0,13.0,30.0,74.0,316.0,0.0
2024,284.0,crowdja01,33.0,mil,pf,50.0,25.0,1156.0,114.0,270.0,0.422,58.0,166.0,0.349,56.0,104.0,0.538,0.53,26.0,36.0,0.722,31.0,130.0,161.0,66.0,38.0,9.0,23.0,74.0,312.0,0.0
2024,285.0,bitadgo01,24.0,orl,c,62.0,33.0,957.0,126.0,209.0,0.603,2.0,14.0,0.143,124.0,195.0,0.636,0.608,57.0,87.0,0.655,109.0,177.0,286.0,79.0,32.0,72.0,44.0,107.0,311.0,0.0
2024,286.0,elliske01,24.0,sac,sg,57.0,21.0,978.0,107.0,232.0,0.461,70.0,168.0,0.417,37.0,64.0,0.578,0.612,26.0,35.0,0.743,32.0,92.0,124.0,85.0,51.0,29.0,37.0,112.0,310.0,0.0
2024,287.0,craigto01,33.0,chi,sf,53.0,14.0,1049.0,108.0,251.0,0.43,60.0,153.0,0.392,48.0,98.0,0.49,0.55,27.0,36.0,0.75,69.0,148.0,217.0,58.0,30.0,21.0,32.0,110.0,303.0,0.0
2024,288.0,hayesja02,23.0,lal,c,70.0,5.0,877.0,126.0,175.0,0.72,0.0,8.0,0.0,126.0,167.0,0.754,0.72,51.0,82.0,0.622,69.0,142.0,211.0,33.0,34.0,29.0,43.0,123.0,303.0,0.0
2024,289.0,mcgowbr01,21.0,cho,sg,59.0,14.0,882.0,101.0,230.0,0.439,34.0,102.0,0.333,67.0,128.0,0.523,0.513,66.0,85.0,0.776,17.0,85.0,102.0,51.0,21.0,10.0,30.0,74.0,302.0,0.0
2024,290.0,smithni01,19.0,cho,sg,51.0,0.0,729.0,113.0,289.0,0.391,63.0,146.0,0.432,50.0,143.0,0.35,0.5,13.0,15.0,0.867,18.0,54.0,72.0,59.0,10.0,7.0,39.0,55.0,302.0,0.0
2024,291.0,inglejo01,36.0,orl,sf,68.0,0.0,1169.0,99.0,227.0,0.436,70.0,161.0,0.435,29.0,66.0,0.439,0.59,28.0,34.0,0.824,18.0,124.0,142.0,203.0,43.0,5.0,67.0,88.0,296.0,0.0
2024,292.0,hendrta01,20.0,uta,pf,40.0,23.0,856.0,108.0,240.0,0.45,53.0,140.0,0.379,55.0,100.0,0.55,0.56,23.0,29.0,0.793,46.0,139.0,185.0,32.0,28.0,30.0,27.0,77.0,292.0,0.0
2024,293.0,wadede01,27.0,cle,pf,54.0,32.0,1108.0,96.0,232.0,0.414,79.0,202.0,0.391,17.0,30.0,0.567,0.584,20.0,26.0,0.769,37.0,181.0,218.0,43.0,40.0,25.0,20.0,93.0,291.0,0.0
2024,294.0,bertada01,31.0,tot,pf,43.0,1.0,674.0,92.0,234.0,0.393,76.0,200.0,0.38,16.0,34.0,0.471,0.556,30.0,33.0,0.909,9.0,52.0,61.0,35.0,26.0,12.0,18.0,56.0,290.0,0.0
2024,295.0,hayeski01,22.0,det,pg,42.0,31.0,1008.0,117.0,283.0,0.413,22.0,74.0,0.297,95.0,209.0,0.455,0.452,33.0,50.0,0.66,11.0,108.0,119.0,205.0,36.0,20.0,51.0,75.0,289.0,0.0
2024,296.0,smartma01,29.0,mem,pg,20.0,20.0,605.0,102.0,237.0,0.43,42.0,134.0,0.313,60.0,103.0,0.583,0.519,43.0,56.0,0.768,6.0,47.0,53.0,86.0,41.0,5.0,62.0,53.0,289.0,0.0
2024,297.0,portecr01,23.0,cle,pg,51.0,6.0,649.0,116.0,228.0,0.509,12.0,34.0,0.353,104.0,194.0,0.536,0.535,41.0,56.0,0.732,21.0,88.0,109.0,118.0,21.0,15.0,45.0,40.0,285.0,0.0
2024,298.0,chrisma02,20.0,lal,sg,67.0,7.0,944.0,103.0,241.0,0.427,42.0,118.0,0.356,61.0,123.0,0.496,0.515,36.0,46.0,0.783,15.0,127.0,142.0,60.0,20.0,17.0,35.0,57.0,284.0,0.0
2024,299.0,tillmxa01,25.0,tot,pf,54.0,15.0,974.0,121.0,279.0,0.434,20.0,81.0,0.247,101.0,198.0,0.51,0.47,22.0,50.0,0.44,70.0,141.0,211.0,77.0,51.0,44.0,34.0,75.0,284.0,0.0
2024,300.0,fernabr01,25.0,atl,c,45.0,2.0,682.0,109.0,187.0,0.583,0.0,4.0,0.0,109.0,183.0,0.596,0.583,64.0,96.0,0.667,59.0,134.0,193.0,46.0,25.0,28.0,44.0,107.0,282.0,0.0
2024,301.0,gallida01,35.0,tot,sf,49.0,0.0,630.0,83.0,190.0,0.437,30.0,93.0,0.323,53.0,97.0,0.546,0.516,84.0,98.0,0.857,20.0,88.0,108.0,55.0,14.0,6.0,23.0,50.0,280.0,0.0
2024,302.0,okogijo01,25.0,pho,sg,60.0,11.0,960.0,86.0,206.0,0.417,29.0,94.0,0.309,57.0,112.0,0.509,0.488,76.0,102.0,0.745,74.0,80.0,154.0,64.0,48.0,24.0,36.0,68.0,277.0,0.0
2024,303.0,willija07,21.0,okc,c,69.0,1.0,897.0,95.0,228.0,0.417,53.0,144.0,0.368,42.0,84.0,0.5,0.533,33.0,41.0,0.805,36.0,198.0,234.0,110.0,28.0,27.0,34.0,98.0,276.0,0.0
2024,304.0,landajo01,28.0,hou,c,56.0,3.0,763.0,106.0,206.0,0.515,10.0,40.0,0.25,96.0,166.0,0.578,0.539,52.0,65.0,0.8,88.0,84.0,172.0,65.0,20.0,33.0,31.0,74.0,274.0,0.0
2024,305.0,stevela01,26.0,tot,pf,38.0,3.0,559.0,108.0,240.0,0.45,14.0,46.0,0.304,94.0,194.0,0.485,0.479,42.0,54.0,0.778,36.0,91.0,127.0,28.0,23.0,22.0,24.0,45.0,272.0,0.0
2024,306.0,pippesc02,23.0,mem,pg,21.0,16.0,527.0,100.0,203.0,0.493,30.0,72.0,0.417,70.0,131.0,0.534,0.567,41.0,55.0,0.745,22.0,45.0,67.0,98.0,36.0,10.0,56.0,60.0,271.0,0.0
2024,307.0,weslebl01,20.0,sas,sg,61.0,3.0,876.0,102.0,215.0,0.474,12.0,55.0,0.218,90.0,160.0,0.563,0.502,52.0,78.0,0.667,18.0,76.0,94.0,166.0,29.0,9.0,55.0,89.0,268.0,0.0
2024,308.0,tateja01,28.0,hou,sf,65.0,9.0,1031.0,108.0,229.0,0.472,23.0,77.0,0.299,85.0,152.0,0.559,0.522,26.0,39.0,0.667,61.0,136.0,197.0,64.0,42.0,15.0,37.0,137.0,265.0,0.0
2024,309.0,reddica01,24.0,lal,sf,48.0,26.0,984.0,91.0,234.0,0.389,37.0,110.0,0.336,54.0,124.0,0.435,0.468,41.0,54.0,0.759,27.0,72.0,99.0,48.0,47.0,14.0,31.0,64.0,260.0,0.0
2024,310.0,hylanbo01,23.0,lac,pg,37.0,5.0,540.0,97.0,251.0,0.386,44.0,135.0,0.326,53.0,116.0,0.457,0.474,18.0,23.0,0.783,5.0,50.0,55.0,93.0,26.0,4.0,44.0,51.0,256.0,0.0
2024,311.0,bambamo01,25.0,phi,c,57.0,17.0,740.0,97.0,198.0,0.49,25.0,64.0,0.391,72.0,134.0,0.537,0.553,34.0,50.0,0.68,77.0,161.0,238.0,41.0,22.0,60.0,39.0,101.0,253.0,0.0
2024,312.0,houstca01,21.0,orl,sf,59.0,13.0,815.0,80.0,206.0,0.388,72.0,193.0,0.373,8.0,13.0,0.615,0.563,21.0,26.0,0.808,28.0,56.0,84.0,29.0,15.0,4.0,16.0,61.0,253.0,0.0
2024,313.0,greenaj01,24.0,mil,sg,56.0,0.0,614.0,83.0,196.0,0.423,69.0,169.0,0.408,14.0,27.0,0.519,0.599,17.0,19.0,0.895,9.0,55.0,64.0,30.0,9.0,4.0,12.0,49.0,252.0,0.0
2024,314.0,sheppbe01,22.0,ind,sg,57.0,1.0,814.0,90.0,229.0,0.393,49.0,156.0,0.314,41.0,73.0,0.562,0.5,23.0,26.0,0.885,15.0,74.0,89.0,53.0,33.0,2.0,15.0,88.0,252.0,0.0
2024,315.0,butleja02,23.0,was,sg,40.0,0.0,566.0,98.0,201.0,0.488,24.0,78.0,0.308,74.0,123.0,0.602,0.547,31.0,36.0,0.861,9.0,49.0,58.0,126.0,29.0,8.0,50.0,58.0,251.0,0.0
2024,316.0,browntr01,24.0,tot,sf,59.0,15.0,827.0,84.0,226.0,0.372,47.0,141.0,0.333,37.0,85.0,0.435,0.476,32.0,37.0,0.865,25.0,119.0,144.0,60.0,24.0,3.0,30.0,42.0,247.0,0.0
2024,317.0,plumlma01,33.0,lac,c,46.0,11.0,674.0,87.0,153.0,0.569,0.0,6.0,0.0,87.0,147.0,0.592,0.569,70.0,99.0,0.707,60.0,174.0,234.0,55.0,14.0,17.0,36.0,68.0,244.0,0.0
2024,318.0,willima07,22.0,cho,c,19.0,19.0,508.0,98.0,151.0,0.649,0.0,0.0,,98.0,151.0,0.649,0.649,46.0,64.0,0.719,76.0,108.0,184.0,22.0,16.0,20.0,17.0,50.0,242.0,0.0
2024,319.0,sensabr01,20.0,uta,sf,32.0,11.0,584.0,85.0,218.0,0.39,34.0,115.0,0.296,51.0,103.0,0.495,0.468,37.0,41.0,0.902,16.0,86.0,102.0,55.0,13.0,6.0,47.0,43.0,241.0,0.0
2024,320.0,paytoga02,31.0,gsw,sg,44.0,0.0,680.0,103.0,183.0,0.563,20.0,55.0,0.364,83.0,128.0,0.648,0.617,14.0,23.0,0.609,46.0,67.0,113.0,48.0,39.0,18.0,27.0,77.0,240.0,0.0
2024,321.0,konchjo01,27.0,mem,sf,55.0,23.0,1173.0,88.0,208.0,0.423,38.0,120.0,0.317,50.0,88.0,0.568,0.514,21.0,25.0,0.84,72.0,185.0,257.0,110.0,51.0,51.0,46.0,76.0,235.0,0.0
2024,322.0,holidju01,34.0,den,sg,58.0,9.0,862.0,88.0,194.0,0.454,55.0,136.0,0.404,33.0,58.0,0.569,0.595,3.0,4.0,0.75,9.0,62.0,71.0,67.0,36.0,9.0,14.0,69.0,234.0,0.0
2024,323.0,duartch01,26.0,sac,sf,59.0,11.0,719.0,80.0,210.0,0.381,44.0,127.0,0.346,36.0,83.0,0.434,0.486,26.0,33.0,0.788,26.0,80.0,106.0,44.0,28.0,8.0,26.0,80.0,230.0,0.0
2024,324.0,strawju01,21.0,den,sf,50.0,0.0,545.0,82.0,222.0,0.369,41.0,138.0,0.297,41.0,84.0,0.488,0.462,22.0,31.0,0.71,5.0,56.0,61.0,47.0,17.0,7.0,23.0,54.0,227.0,0.0
2024,325.0,moranja01,24.0,mem,pg,9.0,9.0,318.0,80.0,170.0,0.471,14.0,51.0,0.275,66.0,119.0,0.555,0.512,52.0,64.0,0.813,6.0,44.0,50.0,73.0,7.0,5.0,27.0,19.0,226.0,0.0
2024,326.0,curryse01,33.0,tot,sg,44.0,4.0,616.0,80.0,204.0,0.392,38.0,108.0,0.352,42.0,96.0,0.438,0.485,28.0,31.0,0.903,18.0,50.0,68.0,44.0,22.0,6.0,21.0,39.0,226.0,0.0
2024,327.0,vezenal01,28.0,sac,pf,42.0,0.0,511.0,84.0,191.0,0.44,45.0,120.0,0.375,39.0,71.0,0.549,0.558,12.0,15.0,0.8,30.0,66.0,96.0,19.0,20.0,7.0,12.0,42.0,225.0,0.0
2024,328.0,martike04,23.0,tot,sf,60.0,2.0,746.0,97.0,181.0,0.536,8.0,28.0,0.286,89.0,153.0,0.582,0.558,22.0,41.0,0.537,41.0,90.0,131.0,51.0,22.0,12.0,32.0,100.0,224.0,0.0
2024,329.0,bolbo01,24.0,pho,pf,43.0,0.0,469.0,93.0,151.0,0.616,22.0,52.0,0.423,71.0,99.0,0.717,0.689,15.0,19.0,0.789,32.0,105.0,137.0,17.0,10.0,25.0,19.0,42.0,223.0,0.0
2024,330.0,knoxke01,24.0,det,sf,31.0,11.0,560.0,86.0,186.0,0.462,31.0,94.0,0.33,55.0,92.0,0.598,0.546,20.0,22.0,0.909,18.0,57.0,75.0,23.0,13.0,7.0,22.0,50.0,223.0,0.0
2024,331.0,yurtsom01,25.0,uta,c,48.0,12.0,545.0,99.0,184.0,0.538,5.0,24.0,0.208,94.0,160.0,0.588,0.552,19.0,28.0,0.679,72.0,136.0,208.0,29.0,8.0,18.0,37.0,52.0,222.0,0.0
2024,332.0,fournev01,31.0,tot,sg,32.0,0.0,580.0,79.0,221.0,0.357,33.0,130.0,0.254,46.0,91.0,0.505,0.432,29.0,36.0,0.806,5.0,53.0,58.0,48.0,29.0,7.0,21.0,48.0,220.0,0.0
2024,333.0,bryanth01,26.0,mia,c,38.0,4.0,441.0,86.0,149.0,0.577,4.0,22.0,0.182,82.0,127.0,0.646,0.591,41.0,47.0,0.872,40.0,101.0,141.0,23.0,10.0,16.0,21.0,46.0,217.0,0.0
2024,334.0,miltosh01,27.0,tot,sg,48.0,0.0,581.0,79.0,195.0,0.405,18.0,64.0,0.281,61.0,131.0,0.466,0.451,40.0,49.0,0.816,14.0,61.0,75.0,60.0,19.0,6.0,31.0,54.0,216.0,0.0
2024,335.0,easonta01,22.0,hou,pf,22.0,0.0,480.0,88.0,189.0,0.466,18.0,50.0,0.36,70.0,139.0,0.504,0.513,21.0,33.0,0.636,46.0,107.0,153.0,27.0,31.0,19.0,20.0,51.0,215.0,0.0
2024,336.0,wilsoja03,23.0,brk,pf,43.0,3.0,664.0,76.0,179.0,0.425,24.0,74.0,0.324,52.0,105.0,0.495,0.492,38.0,46.0,0.826,47.0,84.0,131.0,45.0,11.0,4.0,19.0,48.0,214.0,0.0
2024,337.0,beaucma01,23.0,mil,sf,48.0,1.0,608.0,81.0,166.0,0.488,30.0,75.0,0.4,51.0,91.0,0.56,0.578,19.0,28.0,0.679,22.0,77.0,99.0,31.0,13.0,7.0,27.0,54.0,211.0,0.0
2024,338.0,martico01,28.0,cho,sf,28.0,22.0,753.0,82.0,215.0,0.381,27.0,86.0,0.314,55.0,129.0,0.426,0.444,20.0,33.0,0.606,19.0,90.0,109.0,104.0,32.0,18.0,44.0,48.0,211.0,0.0
2024,339.0,wrighde01,31.0,tot,pg,47.0,1.0,742.0,74.0,188.0,0.394,25.0,68.0,0.368,49.0,120.0,0.408,0.46,37.0,45.0,0.822,19.0,67.0,86.0,119.0,54.0,11.0,14.0,32.0,210.0,0.0
2024,340.0,poweldw01,32.0,dal,c,63.0,9.0,836.0,72.0,106.0,0.679,1.0,3.0,0.333,71.0,103.0,0.689,0.684,63.0,89.0,0.708,97.0,117.0,214.0,84.0,26.0,20.0,32.0,113.0,208.0,0.0
2024,341.0,omorueu01,26.0,was,sf,43.0,0.0,393.0,81.0,167.0,0.485,13.0,46.0,0.283,68.0,121.0,0.562,0.524,32.0,49.0,0.653,35.0,50.0,85.0,35.0,27.0,5.0,21.0,62.0,207.0,0.0
2024,342.0,brissos01,25.0,bos,sf,55.0,1.0,630.0,68.0,153.0,0.444,15.0,55.0,0.273,53.0,98.0,0.541,0.493,50.0,83.0,0.602,61.0,99.0,160.0,44.0,19.0,8.0,20.0,54.0,201.0,0.0
2024,343.0,thorjt01,21.0,cho,pf,63.0,3.0,781.0,80.0,183.0,0.437,28.0,81.0,0.346,52.0,102.0,0.51,0.514,11.0,20.0,0.55,43.0,103.0,146.0,29.0,11.0,27.0,15.0,60.0,199.0,0.0
2024,344.0,holmeri01,30.0,tot,c,40.0,10.0,555.0,82.0,147.0,0.558,1.0,3.0,0.333,81.0,144.0,0.563,0.561,34.0,47.0,0.723,71.0,111.0,182.0,25.0,11.0,19.0,24.0,74.0,199.0,0.0
2024,345.0,bateske01,28.0,tot,sf,53.0,8.0,665.0,72.0,166.0,0.434,21.0,69.0,0.304,51.0,97.0,0.526,0.497,32.0,42.0,0.762,31.0,79.0,110.0,38.0,25.0,22.0,15.0,35.0,197.0,0.0
2024,346.0,mclaujo01,27.0,min,pg,56.0,0.0,626.0,70.0,145.0,0.483,42.0,89.0,0.472,28.0,56.0,0.5,0.628,13.0,18.0,0.722,18.0,54.0,72.0,110.0,35.0,7.0,19.0,31.0,195.0,0.0
2024,347.0,klebima01,32.0,dal,c,43.0,7.0,871.0,63.0,146.0,0.432,32.0,92.0,0.348,31.0,54.0,0.574,0.541,33.0,47.0,0.702,30.0,113.0,143.0,68.0,17.0,30.0,28.0,79.0,191.0,0.0
2024,348.0,rosede01,35.0,mem,pg,24.0,7.0,399.0,76.0,165.0,0.461,15.0,41.0,0.366,61.0,124.0,0.492,0.506,24.0,27.0,0.889,7.0,38.0,45.0,78.0,8.0,2.0,31.0,21.0,191.0,0.0
2024,349.0,mamuksa01,24.0,sas,c,46.0,5.0,451.0,73.0,155.0,0.471,19.0,64.0,0.297,54.0,91.0,0.593,0.532,25.0,34.0,0.735,45.0,102.0,147.0,49.0,7.0,12.0,19.0,35.0,190.0,0.0
2024,350.0,gillan01,31.0,was,pf,50.0,3.0,466.0,75.0,160.0,0.469,10.0,41.0,0.244,65.0,119.0,0.546,0.5,29.0,36.0,0.806,37.0,57.0,94.0,34.0,13.0,11.0,23.0,48.0,189.0,0.0
2024,351.0,nnajize01,23.0,den,pf,58.0,0.0,576.0,69.0,149.0,0.463,6.0,23.0,0.261,63.0,126.0,0.5,0.483,42.0,62.0,0.677,61.0,65.0,126.0,32.0,15.0,38.0,27.0,81.0,186.0,0.0
2024,352.0,mcgeeja01,36.0,sac,c,46.0,0.0,339.0,79.0,132.0,0.598,1.0,7.0,0.143,78.0,125.0,0.624,0.602,26.0,45.0,0.578,42.0,84.0,126.0,17.0,14.0,20.0,34.0,46.0,185.0,0.0
2024,353.0,terryda01,21.0,chi,sg,59.0,2.0,681.0,69.0,157.0,0.439,17.0,74.0,0.23,52.0,83.0,0.627,0.494,25.0,43.0,0.581,29.0,84.0,113.0,81.0,27.0,18.0,32.0,81.0,180.0,0.0
2024,354.0,samanlu01,24.0,uta,pf,43.0,7.0,404.0,60.0,158.0,0.38,13.0,64.0,0.203,47.0,94.0,0.5,0.421,44.0,56.0,0.786,22.0,80.0,102.0,19.0,5.0,7.0,28.0,32.0,177.0,0.0
2024,355.0,biyombi01,31.0,tot,c,40.0,27.0,791.0,74.0,131.0,0.565,0.0,0.0,,74.0,131.0,0.565,0.565,26.0,54.0,0.481,62.0,147.0,209.0,53.0,11.0,37.0,42.0,89.0,174.0,0.0
2024,356.0,councri01,22.0,phi,sg,32.0,0.0,289.0,54.0,112.0,0.482,12.0,32.0,0.375,42.0,80.0,0.525,0.536,53.0,71.0,0.746,14.0,32.0,46.0,16.0,8.0,1.0,5.0,17.0,173.0,0.0
2024,357.0,gilyaja01,25.0,tot,pg,41.0,14.0,699.0,60.0,150.0,0.4,51.0,126.0,0.405,9.0,24.0,0.375,0.57,2.0,2.0,1.0,9.0,37.0,46.0,137.0,33.0,5.0,30.0,39.0,173.0,0.0
2024,358.0,robinmi01,25.0,nyk,c,31.0,21.0,768.0,73.0,127.0,0.575,0.0,0.0,,73.0,127.0,0.575,0.575,27.0,66.0,0.409,142.0,121.0,263.0,18.0,37.0,35.0,25.0,55.0,173.0,0.0
2024,359.0,jemistr01,24.0,tot,c,25.0,14.0,573.0,75.0,136.0,0.551,0.0,0.0,,75.0,136.0,0.551,0.551,21.0,25.0,0.84,64.0,70.0,134.0,27.0,12.0,28.0,34.0,69.0,171.0,0.0
2024,360.0,mcdanja01,26.0,tor,sf,50.0,1.0,538.0,65.0,189.0,0.344,12.0,71.0,0.169,53.0,118.0,0.449,0.376,27.0,37.0,0.73,18.0,61.0,79.0,37.0,19.0,6.0,30.0,52.0,169.0,0.0
2024,361.0,baldwpa01,21.0,was,sf,38.0,7.0,493.0,59.0,155.0,0.381,31.0,97.0,0.32,28.0,58.0,0.483,0.481,19.0,28.0,0.679,17.0,106.0,123.0,29.0,18.0,15.0,19.0,56.0,168.0,0.0
2024,362.0,bostobr01,22.0,lac,sf,32.0,0.0,345.0,65.0,161.0,0.404,14.0,52.0,0.269,51.0,109.0,0.468,0.447,23.0,33.0,0.697,19.0,33.0,52.0,13.0,11.0,8.0,24.0,40.0,167.0,0.0
2024,363.0,quinole01,23.0,gsw,sg,37.0,0.0,394.0,56.0,141.0,0.397,32.0,88.0,0.364,24.0,53.0,0.453,0.511,20.0,29.0,0.69,21.0,51.0,72.0,36.0,6.0,2.0,17.0,44.0,164.0,0.0
2024,364.0,morrimo01,28.0,tot,pg,33.0,0.0,476.0,62.0,153.0,0.405,27.0,70.0,0.386,35.0,83.0,0.422,0.493,13.0,19.0,0.684,7.0,50.0,57.0,69.0,19.0,9.0,7.0,14.0,164.0,0.0
2024,365.0,sprinja01,21.0,tot,sg,49.0,2.0,507.0,59.0,148.0,0.399,10.0,48.0,0.208,49.0,100.0,0.49,0.432,35.0,42.0,0.833,33.0,45.0,78.0,44.0,36.0,15.0,34.0,66.0,163.0,0.0
2024,366.0,mykhasv01,26.0,bos,sf,41.0,2.0,413.0,57.0,137.0,0.416,42.0,108.0,0.389,15.0,29.0,0.517,0.569,6.0,9.0,0.667,11.0,40.0,51.0,35.0,11.0,1.0,12.0,19.0,162.0,0.0
2024,367.0,thomptr01,32.0,cle,c,49.0,0.0,549.0,73.0,120.0,0.608,0.0,1.0,0.0,73.0,119.0,0.613,0.608,15.0,52.0,0.288,73.0,101.0,174.0,51.0,12.0,14.0,29.0,59.0,161.0,0.0
2024,368.0,muscami01,32.0,tot,c,53.0,6.0,600.0,56.0,156.0,0.359,28.0,96.0,0.292,28.0,60.0,0.467,0.449,17.0,25.0,0.68,39.0,86.0,125.0,36.0,9.0,13.0,22.0,52.0,157.0,0.0
2024,369.0,ruperra01,19.0,por,sg,39.0,12.0,633.0,54.0,161.0,0.335,28.0,78.0,0.359,26.0,83.0,0.313,0.422,19.0,25.0,0.76,24.0,68.0,92.0,62.0,12.0,3.0,31.0,56.0,155.0,0.0
2024,370.0,mayssk01,26.0,tot,pg,38.0,5.0,433.0,63.0,159.0,0.396,16.0,54.0,0.296,47.0,105.0,0.448,0.447,13.0,17.0,0.765,10.0,33.0,43.0,85.0,21.0,4.0,20.0,26.0,155.0,0.0
2024,371.0,quetane01,24.0,bos,c,28.0,0.0,333.0,67.0,104.0,0.644,0.0,0.0,,67.0,104.0,0.644,0.644,20.0,28.0,0.714,53.0,69.0,122.0,20.0,13.0,21.0,13.0,50.0,154.0,0.0
2024,372.0,freemja01,24.0,tor,pg,22.0,6.0,403.0,55.0,124.0,0.444,10.0,42.0,0.238,45.0,82.0,0.549,0.484,33.0,36.0,0.917,16.0,54.0,70.0,40.0,10.0,4.0,25.0,28.0,153.0,0.0
2024,373.0,davisjo06,21.0,was,sg,50.0,6.0,613.0,62.0,154.0,0.403,14.0,40.0,0.35,48.0,114.0,0.421,0.448,14.0,24.0,0.583,18.0,54.0,72.0,32.0,18.0,10.0,13.0,57.0,152.0,0.0
2024,374.0,littlna01,23.0,pho,sf,45.0,2.0,458.0,57.0,124.0,0.46,21.0,70.0,0.3,36.0,54.0,0.667,0.544,17.0,20.0,0.85,14.0,61.0,75.0,21.0,10.0,10.0,14.0,39.0,152.0,0.0
2024,375.0,ryanma01,26.0,nop,sf,28.0,1.0,390.0,49.0,113.0,0.434,41.0,91.0,0.451,8.0,22.0,0.364,0.615,13.0,14.0,0.929,6.0,34.0,40.0,18.0,6.0,1.0,19.0,32.0,152.0,0.0
2024,376.0,vandeja01,24.0,lal,pf,29.0,6.0,581.0,59.0,114.0,0.518,8.0,27.0,0.296,51.0,87.0,0.586,0.553,24.0,36.0,0.667,41.0,97.0,138.0,36.0,36.0,5.0,28.0,43.0,150.0,0.0
2024,377.0,pokusal01,22.0,tot,pf,28.0,0.0,405.0,49.0,121.0,0.405,18.0,55.0,0.327,31.0,66.0,0.47,0.479,30.0,41.0,0.732,17.0,72.0,89.0,35.0,15.0,13.0,19.0,22.0,146.0,0.0
2024,378.0,barlodo01,20.0,sas,pf,33.0,1.0,420.0,56.0,113.0,0.496,3.0,9.0,0.333,53.0,104.0,0.51,0.509,29.0,42.0,0.69,45.0,68.0,113.0,36.0,12.0,14.0,9.0,47.0,144.0,0.0
2024,379.0,houseda01,30.0,phi,sf,34.0,4.0,509.0,47.0,105.0,0.448,15.0,50.0,0.3,32.0,55.0,0.582,0.519,35.0,46.0,0.761,16.0,42.0,58.0,28.0,15.0,5.0,19.0,45.0,144.0,0.0
2024,380.0,juzanjo01,22.0,uta,sg,20.0,5.0,372.0,51.0,110.0,0.464,32.0,77.0,0.416,19.0,33.0,0.576,0.609,10.0,14.0,0.714,7.0,29.0,36.0,23.0,4.0,2.0,13.0,29.0,144.0,0.0
2024,381.0,jordade01,35.0,den,c,36.0,2.0,396.0,58.0,93.0,0.624,0.0,0.0,,58.0,93.0,0.624,0.624,26.0,53.0,0.491,54.0,103.0,157.0,26.0,6.0,16.0,23.0,56.0,142.0,0.0
2024,382.0,smithis01,35.0,cho,pg,43.0,5.0,741.0,66.0,158.0,0.418,4.0,8.0,0.5,62.0,150.0,0.413,0.43,3.0,4.0,0.75,11.0,65.0,76.0,145.0,17.0,4.0,47.0,49.0,139.0,0.0
2024,383.0,waterli01,26.0,okc,sg,38.0,0.0,280.0,49.0,104.0,0.471,37.0,85.0,0.435,12.0,19.0,0.632,0.649,2.0,2.0,1.0,7.0,33.0,40.0,24.0,5.0,7.0,7.0,23.0,137.0,0.0
2024,384.0,youngth01,35.0,tot,pf,33.0,6.0,439.0,65.0,108.0,0.602,1.0,7.0,0.143,64.0,101.0,0.634,0.606,6.0,15.0,0.4,46.0,57.0,103.0,57.0,23.0,5.0,15.0,49.0,137.0,0.0
2024,385.0,lawsoaj01,23.0,dal,sg,42.0,0.0,311.0,54.0,121.0,0.446,13.0,50.0,0.26,41.0,71.0,0.577,0.5,15.0,23.0,0.652,14.0,36.0,50.0,20.0,10.0,3.0,14.0,22.0,136.0,0.0
2024,386.0,krejcvi01,23.0,atl,pg,22.0,14.0,541.0,51.0,104.0,0.49,28.0,68.0,0.412,23.0,36.0,0.639,0.625,5.0,6.0,0.833,11.0,41.0,52.0,50.0,13.0,6.0,20.0,48.0,135.0,0.0
2024,387.0,clownno01,19.0,brk,pf,23.0,4.0,370.0,50.0,93.0,0.538,12.0,33.0,0.364,38.0,60.0,0.633,0.602,21.0,30.0,0.7,26.0,55.0,81.0,18.0,8.0,16.0,15.0,25.0,133.0,0.0
2024,388.0,diengou01,20.0,okc,pf,33.0,0.0,365.0,49.0,116.0,0.422,21.0,70.0,0.3,28.0,46.0,0.609,0.513,14.0,16.0,0.875,10.0,41.0,51.0,37.0,8.0,5.0,19.0,22.0,133.0,0.0
2024,389.0,umudest01,24.0,det,sg,24.0,2.0,307.0,37.0,84.0,0.44,24.0,53.0,0.453,13.0,31.0,0.419,0.583,29.0,32.0,0.906,8.0,43.0,51.0,11.0,8.0,7.0,14.0,40.0,127.0,0.0
2024,390.0,covinro01,33.0,tot,sf,29.0,6.0,488.0,43.0,98.0,0.439,19.0,56.0,0.339,24.0,42.0,0.571,0.536,22.0,26.0,0.846,31.0,66.0,97.0,24.0,39.0,18.0,11.0,56.0,127.0,0.0
2024,391.0,millspa02,35.0,tot,pg,32.0,5.0,415.0,46.0,131.0,0.351,24.0,87.0,0.276,22.0,44.0,0.5,0.443,11.0,11.0,1.0,9.0,26.0,35.0,34.0,20.0,1.0,16.0,32.0,127.0,0.0
2024,392.0,jacksan01,22.0,mil,sg,57.0,8.0,572.0,50.0,100.0,0.5,17.0,46.0,0.37,33.0,54.0,0.611,0.585,8.0,11.0,0.727,43.0,70.0,113.0,50.0,16.0,6.0,28.0,92.0,125.0,0.0
2024,393.0,prospol01,21.0,dal,pf,40.0,1.0,336.0,40.0,104.0,0.385,13.0,45.0,0.289,27.0,59.0,0.458,0.447,28.0,41.0,0.683,25.0,54.0,79.0,22.0,7.0,4.0,8.0,20.0,121.0,0.0
2024,394.0,lenal01,30.0,sac,c,48.0,0.0,444.0,50.0,81.0,0.617,0.0,3.0,0.0,50.0,78.0,0.641,0.617,20.0,34.0,0.588,46.0,82.0,128.0,50.0,11.0,33.0,27.0,66.0,120.0,0.0
2024,395.0,walkeja02,20.0,ind,pf,33.0,0.0,340.0,45.0,110.0,0.409,22.0,55.0,0.4,23.0,55.0,0.418,0.509,8.0,9.0,0.889,12.0,51.0,63.0,40.0,15.0,11.0,17.0,29.0,120.0,0.0
2024,396.0,watanyu01,29.0,tot,sf,34.0,0.0,464.0,41.0,116.0,0.353,25.0,85.0,0.294,16.0,31.0,0.516,0.461,10.0,17.0,0.588,11.0,43.0,54.0,15.0,12.0,7.0,19.0,39.0,117.0,0.0
2024,397.0,portejo01,24.0,tor,pf,26.0,5.0,360.0,40.0,104.0,0.385,20.0,60.0,0.333,20.0,44.0,0.455,0.481,15.0,18.0,0.833,26.0,56.0,82.0,60.0,20.0,20.0,21.0,35.0,115.0,0.0
2024,398.0,robinje02,23.0,nop,pf,39.0,1.0,334.0,45.0,95.0,0.474,13.0,39.0,0.333,32.0,56.0,0.571,0.542,12.0,16.0,0.75,23.0,53.0,76.0,21.0,10.0,4.0,16.0,24.0,115.0,0.0
2024,399.0,grahade01,28.0,sas,pg,23.0,0.0,313.0,38.0,108.0,0.352,25.0,83.0,0.301,13.0,25.0,0.52,0.468,13.0,16.0,0.813,5.0,31.0,36.0,49.0,9.0,2.0,17.0,14.0,114.0,0.0
2024,400.0,liveris01,25.0,det,pf,23.0,6.0,469.0,40.0,116.0,0.345,22.0,77.0,0.286,18.0,39.0,0.462,0.44,12.0,18.0,0.667,15.0,33.0,48.0,25.0,13.0,5.0,16.0,43.0,114.0,0.0
2024,401.0,greenja02,30.0,chi,sf,9.0,5.0,230.0,45.0,75.0,0.6,10.0,27.0,0.37,35.0,48.0,0.729,0.667,10.0,13.0,0.769,20.0,47.0,67.0,5.0,10.0,8.0,7.0,19.0,110.0,0.0
2024,402.0,matthwe02,37.0,atl,sg,36.0,3.0,413.0,34.0,97.0,0.351,24.0,69.0,0.348,10.0,28.0,0.357,0.474,18.0,24.0,0.75,9.0,44.0,53.0,23.0,16.0,11.0,8.0,43.0,110.0,0.0
2024,403.0,jonesda03,28.0,cle,c,39.0,0.0,270.0,43.0,72.0,0.597,3.0,14.0,0.214,40.0,58.0,0.69,0.618,18.0,21.0,0.857,20.0,42.0,62.0,15.0,7.0,13.0,13.0,27.0,107.0,0.0
2024,404.0,okekech01,25.0,orl,sf,47.0,8.0,432.0,40.0,112.0,0.357,23.0,82.0,0.28,17.0,30.0,0.567,0.46,4.0,7.0,0.571,18.0,62.0,80.0,20.0,9.0,7.0,16.0,19.0,107.0,0.0
2024,405.0,evbuoto01,22.0,tot,sf,17.0,8.0,367.0,36.0,71.0,0.507,12.0,32.0,0.375,24.0,39.0,0.615,0.592,17.0,25.0,0.68,18.0,42.0,60.0,16.0,6.0,5.0,9.0,23.0,101.0,0.0
2024,406.0,garzalu01,25.0,min,c,25.0,0.0,122.0,36.0,75.0,0.48,9.0,32.0,0.281,27.0,43.0,0.628,0.54,18.0,25.0,0.72,19.0,12.0,31.0,4.0,4.0,1.0,6.0,24.0,99.0,0.0
2024,407.0,robinor01,23.0,mia,c,36.0,7.0,304.0,36.0,72.0,0.5,8.0,15.0,0.533,28.0,57.0,0.491,0.556,19.0,25.0,0.76,28.0,56.0,84.0,34.0,7.0,8.0,18.0,35.0,99.0,0.0
2024,408.0,cainja01,24.0,mia,pf,26.0,1.0,259.0,34.0,79.0,0.43,11.0,31.0,0.355,23.0,48.0,0.479,0.5,18.0,23.0,0.783,15.0,22.0,37.0,10.0,10.0,5.0,8.0,22.0,97.0,0.0
2024,409.0,bullore01,32.0,hou,sf,44.0,0.0,417.0,34.0,82.0,0.415,27.0,67.0,0.403,7.0,15.0,0.467,0.579,1.0,1.0,1.0,6.0,67.0,73.0,15.0,12.0,5.0,10.0,29.0,96.0,0.0
2024,410.0,loftoke01,21.0,tot,pf,21.0,0.0,199.0,36.0,78.0,0.462,7.0,24.0,0.292,29.0,54.0,0.537,0.506,17.0,26.0,0.654,12.0,26.0,38.0,33.0,6.0,5.0,14.0,24.0,96.0,0.0
2024,411.0,edwarke02,23.0,sac,sf,54.0,0.0,275.0,34.0,82.0,0.415,20.0,52.0,0.385,14.0,30.0,0.467,0.537,5.0,9.0,0.556,9.0,33.0,42.0,15.0,10.0,4.0,4.0,26.0,93.0,0.0
2024,412.0,simmobe01,27.0,brk,pg,15.0,12.0,359.0,43.0,74.0,0.581,0.0,0.0,,43.0,74.0,0.581,0.581,6.0,15.0,0.4,31.0,88.0,119.0,86.0,12.0,9.0,27.0,36.0,92.0,0.0
2024,413.0,simsje01,25.0,nyk,c,45.0,11.0,585.0,38.0,55.0,0.691,0.0,0.0,,38.0,55.0,0.691,0.691,16.0,24.0,0.667,56.0,91.0,147.0,25.0,8.0,19.0,16.0,45.0,92.0,0.0
2024,414.0,brownko01,24.0,lac,pf,44.0,0.0,394.0,37.0,90.0,0.411,14.0,48.0,0.292,23.0,42.0,0.548,0.489,1.0,2.0,0.5,20.0,42.0,62.0,25.0,12.0,6.0,9.0,49.0,89.0,0.0
2024,415.0,champju01,22.0,was,sf,15.0,1.0,235.0,32.0,78.0,0.41,13.0,45.0,0.289,19.0,33.0,0.576,0.494,12.0,15.0,0.8,19.0,34.0,53.0,19.0,10.0,9.0,10.0,14.0,89.0,0.0
2024,416.0,phillju01,20.0,chi,sf,40.0,0.0,323.0,32.0,77.0,0.416,12.0,38.0,0.316,20.0,39.0,0.513,0.494,13.0,19.0,0.684,12.0,24.0,36.0,13.0,7.0,7.0,10.0,40.0,89.0,0.0
2024,417.0,lewiski01,22.0,tot,pg,28.0,0.0,265.0,34.0,92.0,0.37,4.0,33.0,0.121,30.0,59.0,0.508,0.391,17.0,20.0,0.85,9.0,17.0,26.0,37.0,9.0,2.0,14.0,13.0,89.0,0.0
2024,418.0,korkmfu01,26.0,phi,sg,35.0,0.0,300.0,30.0,76.0,0.395,14.0,40.0,0.35,16.0,36.0,0.444,0.487,14.0,20.0,0.7,4.0,26.0,30.0,25.0,14.0,3.0,10.0,17.0,88.0,0.0
2024,419.0,templga01,37.0,tor,sg,27.0,2.0,289.0,29.0,78.0,0.372,12.0,40.0,0.3,17.0,38.0,0.447,0.449,18.0,22.0,0.818,18.0,27.0,45.0,28.0,12.0,3.0,14.0,28.0,88.0,0.0
2024,420.0,gilleco01,24.0,den,pg,24.0,0.0,225.0,32.0,69.0,0.464,15.0,38.0,0.395,17.0,31.0,0.548,0.572,8.0,12.0,0.667,1.0,20.0,21.0,27.0,13.0,0.0,14.0,24.0,87.0,0.0
2024,421.0,vukcetr01,20.0,was,c,10.0,4.0,153.0,29.0,67.0,0.433,10.0,36.0,0.278,19.0,31.0,0.613,0.507,17.0,22.0,0.773,6.0,30.0,36.0,13.0,5.0,7.0,10.0,28.0,85.0,0.0
2024,422.0,forretr01,25.0,atl,sg,38.0,0.0,414.0,34.0,90.0,0.378,2.0,10.0,0.2,32.0,80.0,0.4,0.389,13.0,17.0,0.765,11.0,40.0,51.0,92.0,11.0,3.0,20.0,25.0,83.0,0.0
2024,423.0,rhodeja01,24.0,det,sg,17.0,0.0,245.0,33.0,66.0,0.5,12.0,31.0,0.387,21.0,35.0,0.6,0.591,5.0,8.0,0.625,3.0,30.0,33.0,14.0,3.0,13.0,7.0,28.0,83.0,0.0
2024,424.0,santogu01,21.0,gsw,pf,23.0,0.0,192.0,28.0,55.0,0.509,10.0,27.0,0.37,18.0,28.0,0.643,0.6,16.0,17.0,0.941,17.0,32.0,49.0,14.0,4.0,2.0,7.0,23.0,82.0,0.0
2024,425.0,bufkiko01,20.0,atl,sg,17.0,0.0,196.0,34.0,92.0,0.37,9.0,40.0,0.225,25.0,52.0,0.481,0.418,4.0,8.0,0.5,6.0,27.0,33.0,27.0,7.0,5.0,10.0,20.0,81.0,0.0
2024,426.0,nowelja01,24.0,tot,sg,13.0,1.0,214.0,34.0,78.0,0.436,6.0,29.0,0.207,28.0,49.0,0.571,0.474,7.0,9.0,0.778,6.0,18.0,24.0,19.0,4.0,2.0,7.0,15.0,81.0,0.0
2024,427.0,bitimon01,24.0,chi,sg,23.0,1.0,268.0,32.0,84.0,0.381,12.0,44.0,0.273,20.0,40.0,0.5,0.452,4.0,5.0,0.8,6.0,26.0,32.0,13.0,3.0,2.0,10.0,24.0,80.0,0.0
2024,428.0,haganas01,24.0,por,pg,19.0,1.0,316.0,29.0,71.0,0.408,8.0,25.0,0.32,21.0,46.0,0.457,0.465,14.0,17.0,0.824,14.0,31.0,45.0,54.0,11.0,9.0,30.0,40.0,80.0,0.0
2024,429.0,zelleco01,31.0,nop,c,43.0,0.0,320.0,26.0,62.0,0.419,1.0,3.0,0.333,25.0,59.0,0.424,0.427,23.0,38.0,0.605,48.0,64.0,112.0,39.0,9.0,5.0,16.0,45.0,76.0,0.0
2024,430.0,brownmo01,24.0,por,c,22.0,5.0,200.0,33.0,65.0,0.508,0.0,0.0,,33.0,65.0,0.508,0.508,9.0,31.0,0.29,37.0,49.0,86.0,7.0,5.0,7.0,11.0,27.0,75.0,0.0
2024,431.0,bernaju01,24.0,was,sg,19.0,0.0,149.0,29.0,64.0,0.453,11.0,29.0,0.379,18.0,35.0,0.514,0.539,5.0,9.0,0.556,10.0,16.0,26.0,16.0,3.0,1.0,8.0,14.0,74.0,0.0
2024,432.0,leesa01,24.0,pho,pg,24.0,0.0,185.0,20.0,55.0,0.364,2.0,16.0,0.125,18.0,39.0,0.462,0.382,29.0,39.0,0.744,9.0,22.0,31.0,30.0,7.0,3.0,8.0,13.0,71.0,0.0
2024,433.0,blackle01,24.0,cho,sf,26.0,3.0,284.0,25.0,52.0,0.481,9.0,20.0,0.45,16.0,32.0,0.5,0.567,10.0,15.0,0.667,9.0,39.0,48.0,24.0,8.0,11.0,6.0,19.0,69.0,0.0
2024,434.0,clarkbr01,27.0,mem,pf,6.0,1.0,134.0,33.0,59.0,0.559,1.0,6.0,0.167,32.0,53.0,0.604,0.568,1.0,7.0,0.143,13.0,19.0,32.0,9.0,5.0,6.0,3.0,8.0,68.0,0.0
2024,435.0,morrima02,34.0,dal,pf,26.0,1.0,216.0,23.0,68.0,0.338,15.0,42.0,0.357,8.0,26.0,0.308,0.449,5.0,6.0,0.833,4.0,35.0,39.0,16.0,5.0,3.0,12.0,12.0,66.0,0.0
2024,436.0,jonesco02,21.0,sac,sg,30.0,0.0,192.0,28.0,71.0,0.394,2.0,22.0,0.091,26.0,49.0,0.531,0.408,6.0,11.0,0.545,17.0,23.0,40.0,20.0,7.0,5.0,10.0,29.0,64.0,0.0
2024,437.0,bassech01,23.0,sas,c,19.0,0.0,205.0,29.0,40.0,0.725,0.0,1.0,0.0,29.0,39.0,0.744,0.725,5.0,6.0,0.833,23.0,53.0,76.0,21.0,8.0,17.0,15.0,31.0,63.0,0.0
2024,438.0,josepco01,32.0,gsw,pg,26.0,0.0,296.0,23.0,64.0,0.359,13.0,42.0,0.31,10.0,22.0,0.455,0.461,4.0,7.0,0.571,6.0,24.0,30.0,42.0,4.0,3.0,12.0,25.0,63.0,0.0
2024,439.0,willije02,24.0,hou,sg,22.0,0.0,129.0,27.0,50.0,0.54,2.0,5.0,0.4,25.0,45.0,0.556,0.56,7.0,13.0,0.538,12.0,11.0,23.0,7.0,4.0,1.0,4.0,10.0,63.0,0.0
2024,440.0,minayju01,24.0,por,sf,34.0,1.0,381.0,22.0,74.0,0.297,12.0,49.0,0.245,10.0,25.0,0.4,0.378,5.0,9.0,0.556,30.0,26.0,56.0,21.0,9.0,10.0,9.0,35.0,61.0,0.0
2024,441.0,maledth01,22.0,tot,pg,17.0,1.0,213.0,20.0,70.0,0.286,5.0,30.0,0.167,15.0,40.0,0.375,0.321,14.0,15.0,0.933,4.0,20.0,24.0,28.0,7.0,0.0,18.0,21.0,59.0,0.0
2024,442.0,gilesha01,25.0,tot,c,23.0,0.0,100.0,23.0,50.0,0.46,3.0,14.0,0.214,20.0,36.0,0.556,0.49,7.0,13.0,0.538,12.0,18.0,30.0,6.0,2.0,3.0,6.0,15.0,56.0,0.0
2024,443.0,willibr03,24.0,dal,pg,17.0,0.0,113.0,20.0,54.0,0.37,3.0,15.0,0.2,17.0,39.0,0.436,0.398,11.0,17.0,0.647,4.0,9.0,13.0,17.0,1.0,1.0,7.0,4.0,54.0,0.0
2024,444.0,pottemi01,25.0,uta,pf,16.0,0.0,186.0,19.0,40.0,0.475,9.0,21.0,0.429,10.0,19.0,0.526,0.588,6.0,8.0,0.75,10.0,33.0,43.0,6.0,4.0,6.0,5.0,14.0,53.0,0.0
2024,445.0,dowtije01,26.0,phi,pg,12.0,0.0,142.0,20.0,36.0,0.556,9.0,19.0,0.474,11.0,17.0,0.647,0.681,3.0,4.0,0.75,3.0,17.0,20.0,27.0,7.0,1.0,5.0,1.0,52.0,0.0
2024,446.0,smithte01,21.0,phi,pg,16.0,0.0,84.0,18.0,46.0,0.391,13.0,35.0,0.371,5.0,11.0,0.455,0.533,3.0,5.0,0.6,0.0,4.0,4.0,12.0,8.0,0.0,7.0,8.0,52.0,0.0
2024,447.0,tuckepj01,38.0,tot,pf,31.0,10.0,486.0,18.0,50.0,0.36,13.0,35.0,0.371,5.0,15.0,0.333,0.49,3.0,3.0,1.0,28.0,57.0,85.0,16.0,16.0,7.0,8.0,54.0,52.0,0.0
2024,448.0,bouknja01,23.0,cho,sg,14.0,0.0,81.0,18.0,41.0,0.439,13.0,30.0,0.433,5.0,11.0,0.455,0.598,1.0,2.0,0.5,1.0,8.0,9.0,6.0,1.0,1.0,2.0,3.0,50.0,0.0
2024,449.0,minotjo01,21.0,min,sf,32.0,0.0,91.0,17.0,36.0,0.472,4.0,10.0,0.4,13.0,26.0,0.5,0.528,12.0,14.0,0.857,4.0,13.0,17.0,8.0,5.0,5.0,2.0,10.0,50.0,0.0
2024,450.0,bazleda01,23.0,tot,pf,9.0,0.0,152.0,18.0,30.0,0.6,2.0,8.0,0.25,16.0,22.0,0.727,0.633,10.0,12.0,0.833,8.0,20.0,28.0,7.0,6.0,7.0,8.0,3.0,48.0,0.0
2024,451.0,griffaj01,20.0,atl,sf,20.0,0.0,171.0,18.0,62.0,0.29,10.0,39.0,0.256,8.0,23.0,0.348,0.371,2.0,2.0,1.0,2.0,16.0,18.0,5.0,1.0,2.0,8.0,6.0,48.0,0.0
2024,452.0,pereima01,23.0,mem,sf,7.0,1.0,122.0,18.0,35.0,0.514,5.0,13.0,0.385,13.0,22.0,0.591,0.586,7.0,10.0,0.7,11.0,26.0,37.0,2.0,6.0,4.0,5.0,10.0,48.0,0.0
2024,453.0,ramseja01,22.0,tor,sg,7.0,1.0,121.0,18.0,41.0,0.439,6.0,22.0,0.273,12.0,19.0,0.632,0.512,5.0,6.0,0.833,4.0,18.0,22.0,8.0,7.0,0.0,7.0,10.0,47.0,0.0
2024,454.0,taylote01,24.0,chi,pf,31.0,0.0,188.0,20.0,39.0,0.513,2.0,9.0,0.222,18.0,30.0,0.6,0.538,4.0,5.0,0.8,17.0,20.0,37.0,10.0,5.0,2.0,7.0,17.0,46.0,0.0
2024,455.0,cissosi01,19.0,sas,sf,12.0,0.0,141.0,16.0,33.0,0.485,1.0,12.0,0.083,15.0,21.0,0.714,0.5,12.0,15.0,0.8,8.0,14.0,22.0,10.0,7.0,3.0,3.0,18.0,45.0,0.0
2024,456.0,marjabo01,35.0,hou,c,14.0,0.0,71.0,18.0,34.0,0.529,0.0,2.0,0.0,18.0,32.0,0.563,0.529,9.0,14.0,0.643,7.0,25.0,32.0,6.0,1.0,2.0,5.0,5.0,45.0,0.0
2024,457.0,rolliry01,21.0,tot,pg,13.0,0.0,78.0,14.0,27.0,0.519,3.0,4.0,0.75,11.0,23.0,0.478,0.574,13.0,17.0,0.765,2.0,11.0,13.0,14.0,10.0,3.0,8.0,8.0,44.0,0.0
2024,458.0,jarrede01,26.0,mem,sg,9.0,0.0,150.0,17.0,50.0,0.34,4.0,13.0,0.308,13.0,37.0,0.351,0.38,5.0,11.0,0.455,8.0,36.0,44.0,26.0,6.0,2.0,9.0,14.0,43.0,0.0
2024,459.0,windldy01,27.0,tot,sf,17.0,0.0,108.0,15.0,30.0,0.5,13.0,27.0,0.481,2.0,3.0,0.667,0.717,0.0,0.0,,3.0,13.0,16.0,10.0,2.0,0.0,2.0,6.0,43.0,0.0
2024,460.0,brookar01,25.0,brk,pg,10.0,0.0,104.0,15.0,46.0,0.326,11.0,32.0,0.344,4.0,14.0,0.286,0.446,1.0,2.0,0.5,7.0,11.0,18.0,5.0,1.0,1.0,3.0,3.0,42.0,0.0
2024,461.0,pickeja02,24.0,den,sg,27.0,0.0,122.0,15.0,35.0,0.429,9.0,25.0,0.36,6.0,10.0,0.6,0.557,3.0,4.0,0.75,1.0,13.0,14.0,21.0,4.0,0.0,9.0,13.0,42.0,0.0
2024,462.0,simpsza01,26.0,mem,pg,7.0,0.0,161.0,17.0,54.0,0.315,5.0,17.0,0.294,12.0,37.0,0.324,0.361,3.0,4.0,0.75,4.0,16.0,20.0,25.0,7.0,3.0,10.0,11.0,42.0,0.0
2024,463.0,swideco01,24.0,mia,sf,18.0,0.0,87.0,15.0,38.0,0.395,10.0,30.0,0.333,5.0,8.0,0.625,0.526,2.0,2.0,1.0,1.0,6.0,7.0,5.0,1.0,1.0,8.0,4.0,42.0,0.0
2024,464.0,batesem01,20.0,cle,sf,15.0,0.0,133.0,15.0,49.0,0.306,10.0,33.0,0.303,5.0,16.0,0.313,0.408,1.0,4.0,0.25,1.0,13.0,14.0,10.0,1.0,2.0,8.0,5.0,41.0,0.0
2024,465.0,warretj01,30.0,min,sf,11.0,0.0,125.0,18.0,41.0,0.439,2.0,13.0,0.154,16.0,28.0,0.571,0.463,3.0,4.0,0.75,5.0,17.0,22.0,9.0,4.0,1.0,4.0,11.0,41.0,0.0
2024,466.0,williro04,26.0,por,c,6.0,0.0,119.0,17.0,26.0,0.654,0.0,0.0,,17.0,26.0,0.654,0.654,7.0,9.0,0.778,11.0,27.0,38.0,5.0,7.0,7.0,7.0,17.0,41.0,0.0
2024,467.0,queentr01,26.0,orl,sg,14.0,0.0,165.0,14.0,38.0,0.368,3.0,17.0,0.176,11.0,21.0,0.524,0.408,9.0,12.0,0.75,3.0,17.0,20.0,18.0,7.0,5.0,7.0,15.0,40.0,0.0
2024,468.0,harrijo01,32.0,det,sg,16.0,0.0,170.0,14.0,39.0,0.359,10.0,30.0,0.333,4.0,9.0,0.444,0.487,1.0,2.0,0.5,3.0,10.0,13.0,10.0,3.0,2.0,4.0,19.0,39.0,0.0
2024,469.0,porteot01,30.0,tor,sf,15.0,1.0,174.0,14.0,33.0,0.424,8.0,23.0,0.348,6.0,10.0,0.6,0.545,3.0,3.0,1.0,6.0,23.0,29.0,8.0,5.0,5.0,2.0,19.0,39.0,0.0
2024,470.0,smithdr01,26.0,mia,sg,9.0,0.0,131.0,15.0,33.0,0.455,7.0,17.0,0.412,8.0,16.0,0.5,0.561,2.0,2.0,1.0,6.0,8.0,14.0,14.0,9.0,3.0,5.0,12.0,39.0,0.0
2024,471.0,boldema01,25.0,tot,c,11.0,2.0,121.0,17.0,25.0,0.68,0.0,1.0,0.0,17.0,24.0,0.708,0.68,3.0,4.0,0.75,10.0,24.0,34.0,4.0,3.0,7.0,3.0,10.0,37.0,0.0
2024,472.0,sanogad01,21.0,chi,pf,9.0,0.0,66.0,14.0,27.0,0.519,0.0,0.0,,14.0,27.0,0.519,0.519,8.0,12.0,0.667,19.0,17.0,36.0,0.0,1.0,0.0,5.0,5.0,36.0,0.0
2024,473.0,azubuud01,24.0,pho,c,16.0,0.0,113.0,16.0,23.0,0.696,0.0,0.0,,16.0,23.0,0.696,0.696,3.0,13.0,0.231,11.0,21.0,32.0,3.0,1.0,6.0,4.0,17.0,35.0,0.0
2024,474.0,badjiib01,21.0,por,c,22.0,1.0,226.0,14.0,22.0,0.636,0.0,0.0,,14.0,22.0,0.636,0.636,6.0,12.0,0.5,20.0,31.0,51.0,13.0,3.0,20.0,15.0,46.0,34.0,0.0
2024,475.0,boehebu01,24.0,det,sf,10.0,0.0,84.0,9.0,29.0,0.31,8.0,25.0,0.32,1.0,4.0,0.25,0.448,8.0,10.0,0.8,3.0,7.0,10.0,3.0,0.0,1.0,0.0,5.0,34.0,0.0
2024,476.0,hoodsja01,20.0,lal,sg,21.0,0.0,109.0,10.0,45.0,0.222,2.0,15.0,0.133,8.0,30.0,0.267,0.244,12.0,20.0,0.6,2.0,11.0,13.0,8.0,3.0,2.0,9.0,13.0,34.0,0.0
2024,477.0,sarrol01,24.0,okc,c,15.0,0.0,98.0,11.0,19.0,0.579,2.0,6.0,0.333,9.0,13.0,0.692,0.632,10.0,15.0,0.667,10.0,26.0,36.0,2.0,0.0,7.0,3.0,18.0,34.0,0.0
2024,478.0,vincega01,27.0,lal,pg,11.0,0.0,218.0,15.0,49.0,0.306,3.0,28.0,0.107,12.0,21.0,0.571,0.337,1.0,2.0,0.5,4.0,5.0,9.0,21.0,9.0,0.0,5.0,19.0,34.0,0.0
2024,479.0,gibsota01,38.0,tot,pf,20.0,1.0,204.0,15.0,37.0,0.405,2.0,10.0,0.2,13.0,27.0,0.481,0.432,2.0,2.0,1.0,12.0,25.0,37.0,11.0,3.0,7.0,5.0,31.0,34.0,0.0
2024,480.0,hintona01,24.0,hou,sg,15.0,0.0,75.0,11.0,26.0,0.423,7.0,14.0,0.5,4.0,12.0,0.333,0.558,4.0,5.0,0.8,7.0,15.0,22.0,10.0,3.0,2.0,3.0,11.0,33.0,0.0
2024,481.0,mensana01,25.0,cho,c,25.0,0.0,307.0,12.0,28.0,0.429,0.0,0.0,,12.0,28.0,0.429,0.429,9.0,12.0,0.75,29.0,36.0,65.0,9.0,6.0,14.0,14.0,64.0,33.0,0.0
2024,482.0,moonxa01,29.0,lac,sg,14.0,1.0,119.0,15.0,46.0,0.326,2.0,17.0,0.118,13.0,29.0,0.448,0.348,1.0,2.0,0.5,8.0,10.0,18.0,21.0,3.0,3.0,5.0,8.0,33.0,0.0
2024,483.0,antetth01,31.0,mil,pf,34.0,0.0,155.0,16.0,30.0,0.533,0.0,1.0,0.0,16.0,29.0,0.552,0.533,0.0,2.0,0.0,7.0,6.0,13.0,17.0,7.0,4.0,14.0,24.0,32.0,0.0
2024,484.0,hurtma01,23.0,mem,pf,8.0,0.0,113.0,12.0,34.0,0.353,5.0,20.0,0.25,7.0,14.0,0.5,0.426,3.0,3.0,1.0,9.0,7.0,16.0,4.0,3.0,3.0,2.0,8.0,32.0,0.0
2024,485.0,johnske07,21.0,brk,sg,5.0,0.0,61.0,8.0,21.0,0.381,4.0,10.0,0.4,4.0,11.0,0.364,0.476,11.0,12.0,0.917,3.0,4.0,7.0,3.0,3.0,1.0,5.0,5.0,31.0,0.0
2024,486.0,robinje01,26.0,gsw,sg,22.0,0.0,81.0,11.0,33.0,0.333,2.0,17.0,0.118,9.0,16.0,0.563,0.364,7.0,11.0,0.636,1.0,5.0,6.0,5.0,1.0,3.0,2.0,5.0,31.0,0.0
2024,487.0,diabamo01,22.0,lac,c,11.0,0.0,64.0,10.0,19.0,0.526,0.0,0.0,,10.0,19.0,0.526,0.526,9.0,14.0,0.643,15.0,9.0,24.0,4.0,5.0,1.0,2.0,4.0,29.0,0.0
2024,488.0,howarje01,20.0,orl,sf,18.0,0.0,67.0,10.0,30.0,0.333,7.0,25.0,0.28,3.0,5.0,0.6,0.45,2.0,4.0,0.5,1.0,6.0,7.0,6.0,2.0,2.0,3.0,4.0,29.0,0.0
2024,489.0,millele01,20.0,min,sf,17.0,0.0,52.0,13.0,20.0,0.65,2.0,5.0,0.4,11.0,15.0,0.733,0.7,1.0,2.0,0.5,5.0,15.0,20.0,8.0,2.0,1.0,1.0,5.0,29.0,0.0
2024,490.0,nixda01,21.0,min,pg,15.0,0.0,50.0,9.0,24.0,0.375,6.0,17.0,0.353,3.0,7.0,0.429,0.5,3.0,6.0,0.5,1.0,2.0,3.0,6.0,5.0,0.0,5.0,2.0,27.0,0.0
2024,491.0,dukeda01,24.0,sas,sg,4.0,0.0,51.0,10.0,18.0,0.556,3.0,6.0,0.5,7.0,12.0,0.583,0.639,3.0,3.0,1.0,2.0,8.0,10.0,5.0,2.0,0.0,3.0,4.0,26.0,0.0
2024,492.0,gueyemo01,25.0,tor,pf,11.0,0.0,120.0,11.0,38.0,0.289,0.0,3.0,0.0,11.0,35.0,0.314,0.289,4.0,9.0,0.444,12.0,11.0,23.0,5.0,3.0,18.0,12.0,15.0,26.0,0.0
2024,493.0,livinch01,20.0,mil,sf,21.0,0.0,90.0,11.0,22.0,0.5,1.0,5.0,0.2,10.0,17.0,0.588,0.523,3.0,4.0,0.75,3.0,18.0,21.0,5.0,2.0,0.0,5.0,15.0,26.0,0.0
2024,494.0,schofad01,26.0,orl,pf,23.0,0.0,84.0,10.0,26.0,0.385,6.0,16.0,0.375,4.0,10.0,0.4,0.5,0.0,2.0,0.0,3.0,14.0,17.0,7.0,1.0,0.0,5.0,9.0,26.0,0.0
2024,495.0,tshieos01,24.0,ind,pf,8.0,0.0,42.0,10.0,20.0,0.5,0.0,0.0,,10.0,20.0,0.5,0.5,6.0,8.0,0.75,8.0,8.0,16.0,2.0,2.0,1.0,0.0,3.0,26.0,0.0
2024,496.0,castlco01,23.0,lal,c,16.0,0.0,59.0,9.0,16.0,0.563,0.0,0.0,,9.0,16.0,0.563,0.563,6.0,6.0,1.0,6.0,6.0,12.0,3.0,2.0,0.0,3.0,11.0,24.0,0.0
2024,497.0,gueyemo02,21.0,atl,pf,6.0,0.0,73.0,8.0,23.0,0.348,3.0,9.0,0.333,5.0,14.0,0.357,0.413,5.0,6.0,0.833,10.0,12.0,22.0,4.0,5.0,4.0,1.0,13.0,24.0,0.0
2024,498.0,baileam01,19.0,cho,pg,10.0,0.0,65.0,8.0,24.0,0.333,1.0,8.0,0.125,7.0,16.0,0.438,0.354,6.0,7.0,0.857,6.0,3.0,9.0,7.0,3.0,0.0,4.0,2.0,23.0,0.0
2024,499.0,grayra01,24.0,sas,pf,3.0,0.0,39.0,10.0,17.0,0.588,3.0,7.0,0.429,7.0,10.0,0.7,0.676,0.0,0.0,,2.0,5.0,7.0,6.0,1.0,1.0,1.0,0.0,23.0,0.0
2024,500.0,huffja01,25.0,den,c,20.0,0.0,49.0,9.0,15.0,0.6,3.0,9.0,0.333,6.0,6.0,1.0,0.7,2.0,2.0,1.0,2.0,9.0,11.0,2.0,2.0,3.0,1.0,9.0,23.0,0.0
2024,501.0,mobleis01,24.0,cle,pf,10.0,0.0,72.0,10.0,24.0,0.417,3.0,10.0,0.3,7.0,14.0,0.5,0.479,0.0,1.0,0.0,3.0,7.0,10.0,6.0,2.0,0.0,2.0,6.0,23.0,0.0
2024,502.0,wainris01,29.0,tot,sf,11.0,0.0,62.0,7.0,24.0,0.292,7.0,20.0,0.35,0.0,4.0,0.0,0.438,2.0,2.0,1.0,3.0,11.0,14.0,1.0,4.0,1.0,2.0,8.0,23.0,0.0
2024,503.0,dennide01,24.0,dal,sg,4.0,0.0,30.0,10.0,19.0,0.526,1.0,8.0,0.125,9.0,11.0,0.818,0.553,1.0,3.0,0.333,1.0,8.0,9.0,4.0,0.0,1.0,3.0,1.0,22.0,0.0
2024,504.0,keybr01,26.0,den,sf,20.0,0.0,60.0,7.0,17.0,0.412,2.0,5.0,0.4,5.0,12.0,0.417,0.471,6.0,8.0,0.75,3.0,15.0,18.0,9.0,2.0,1.0,1.0,5.0,22.0,0.0
2024,505.0,brownke03,20.0,ind,sg,15.0,0.0,63.0,8.0,15.0,0.533,0.0,2.0,0.0,8.0,13.0,0.615,0.533,5.0,8.0,0.625,3.0,2.0,5.0,5.0,0.0,0.0,2.0,9.0,21.0,0.0
2024,506.0,bouyeja01,24.0,tot,pg,9.0,0.0,95.0,10.0,28.0,0.357,1.0,9.0,0.111,9.0,19.0,0.474,0.375,0.0,0.0,,3.0,16.0,19.0,11.0,1.0,0.0,9.0,10.0,21.0,0.0
2024,507.0,samueje01,25.0,hou,sf,14.0,0.0,60.0,9.0,14.0,0.643,0.0,2.0,0.0,9.0,12.0,0.75,0.643,2.0,2.0,1.0,3.0,10.0,13.0,3.0,1.0,2.0,0.0,5.0,20.0,0.0
2024,508.0,simmoko01,26.0,tor,pg,4.0,0.0,67.0,9.0,21.0,0.429,2.0,8.0,0.25,7.0,13.0,0.538,0.476,0.0,0.0,,1.0,6.0,7.0,12.0,6.0,2.0,1.0,5.0,20.0,0.0
2024,509.0,tysonhu01,23.0,den,pf,18.0,0.0,48.0,8.0,20.0,0.4,4.0,14.0,0.286,4.0,6.0,0.667,0.5,0.0,0.0,,1.0,8.0,9.0,2.0,1.0,0.0,2.0,10.0,20.0,0.0
2024,510.0,willima11,25.0,tor,c,7.0,2.0,107.0,9.0,34.0,0.265,1.0,5.0,0.2,8.0,29.0,0.276,0.279,0.0,2.0,0.0,15.0,23.0,38.0,2.0,3.0,4.0,3.0,15.0,19.0,0.0
2024,511.0,lopezro01,35.0,mil,c,16.0,2.0,65.0,7.0,19.0,0.368,2.0,8.0,0.25,5.0,11.0,0.455,0.421,2.0,2.0,1.0,3.0,2.0,5.0,4.0,1.0,3.0,2.0,7.0,18.0,0.0
2024,512.0,mooreta02,25.0,por,sg,4.0,0.0,40.0,8.0,19.0,0.421,1.0,7.0,0.143,7.0,12.0,0.583,0.447,1.0,2.0,0.5,4.0,4.0,8.0,5.0,2.0,0.0,3.0,4.0,18.0,0.0
2024,513.0,moorewe01,22.0,min,sg,25.0,0.0,75.0,9.0,18.0,0.5,0.0,6.0,0.0,9.0,12.0,0.75,0.5,0.0,0.0,,0.0,12.0,12.0,6.0,5.0,1.0,4.0,5.0,18.0,0.0
2024,514.0,gabriwe01,26.0,mem,pf,5.0,0.0,81.0,8.0,22.0,0.364,1.0,6.0,0.167,7.0,16.0,0.438,0.386,0.0,5.0,0.0,7.0,18.0,25.0,3.0,2.0,2.0,8.0,10.0,17.0,0.0
2024,515.0,davisjd01,21.0,bos,sg,8.0,0.0,39.0,5.0,12.0,0.417,3.0,7.0,0.429,2.0,5.0,0.4,0.542,3.0,4.0,0.75,2.0,8.0,10.0,10.0,1.0,1.0,2.0,4.0,16.0,0.0
2024,516.0,browngr01,22.0,dal,pf,6.0,0.0,40.0,5.0,11.0,0.455,1.0,3.0,0.333,4.0,8.0,0.5,0.5,4.0,9.0,0.444,3.0,6.0,9.0,4.0,0.0,4.0,4.0,5.0,15.0,0.0
2024,517.0,walshjo01,19.0,bos,sf,9.0,1.0,83.0,6.0,15.0,0.4,2.0,9.0,0.222,4.0,6.0,0.667,0.467,1.0,2.0,0.5,5.0,15.0,20.0,5.0,5.0,1.0,3.0,11.0,15.0,0.0
2024,518.0,fudgeal01,20.0,tot,sf,6.0,0.0,40.0,6.0,15.0,0.4,1.0,5.0,0.2,5.0,10.0,0.5,0.433,2.0,2.0,1.0,4.0,1.0,5.0,0.0,3.0,0.0,2.0,2.0,15.0,0.0
2024,519.0,hodgedm01,25.0,lal,sg,7.0,0.0,41.0,5.0,15.0,0.333,3.0,12.0,0.25,2.0,3.0,0.667,0.433,1.0,2.0,0.5,0.0,0.0,0.0,5.0,1.0,1.0,1.0,4.0,14.0,0.0
2024,520.0,jeffrda01,26.0,nyk,sg,17.0,0.0,46.0,6.0,17.0,0.353,2.0,10.0,0.2,4.0,7.0,0.571,0.412,0.0,2.0,0.0,0.0,5.0,5.0,5.0,0.0,1.0,3.0,2.0,14.0,0.0
2024,521.0,lundyse01,23.0,atl,sf,9.0,0.0,52.0,4.0,17.0,0.235,3.0,13.0,0.231,1.0,4.0,0.25,0.324,3.0,4.0,0.75,1.0,6.0,7.0,0.0,0.0,0.0,1.0,6.0,14.0,0.0
2024,522.0,seabrde01,23.0,nop,sg,6.0,0.0,55.0,4.0,13.0,0.308,1.0,2.0,0.5,3.0,11.0,0.273,0.346,5.0,6.0,0.833,1.0,6.0,7.0,5.0,2.0,1.0,0.0,4.0,14.0,0.0
2024,523.0,washity02,22.0,mil,pg,11.0,0.0,56.0,6.0,20.0,0.3,2.0,6.0,0.333,4.0,14.0,0.286,0.35,0.0,0.0,,1.0,4.0,5.0,5.0,3.0,0.0,2.0,1.0,14.0,0.0
2024,524.0,allenti01,24.0,mem,sf,5.0,0.0,125.0,6.0,23.0,0.261,0.0,7.0,0.0,6.0,16.0,0.375,0.261,1.0,2.0,0.5,4.0,13.0,17.0,5.0,4.0,0.0,2.0,18.0,13.0,0.0
2024,525.0,millejo02,24.0,lac,sf,8.0,0.0,28.0,5.0,9.0,0.556,1.0,2.0,0.5,4.0,7.0,0.571,0.611,2.0,2.0,1.0,3.0,2.0,5.0,0.0,0.0,0.0,1.0,2.0,13.0,0.0
2024,526.0,toppija01,23.0,nyk,sf,9.0,0.0,38.0,5.0,9.0,0.556,1.0,4.0,0.25,4.0,5.0,0.8,0.611,2.0,2.0,1.0,3.0,4.0,7.0,3.0,0.0,1.0,1.0,3.0,13.0,0.0
2024,527.0,diakima01,27.0,tot,pf,6.0,0.0,24.0,4.0,6.0,0.667,0.0,1.0,0.0,4.0,5.0,0.8,0.667,4.0,6.0,0.667,1.0,3.0,4.0,2.0,1.0,1.0,1.0,2.0,12.0,0.0
2024,528.0,fordjo01,25.0,sac,pg,6.0,0.0,22.0,4.0,7.0,0.571,2.0,3.0,0.667,2.0,4.0,0.5,0.714,2.0,2.0,1.0,0.0,2.0,2.0,2.0,0.0,0.0,1.0,0.0,12.0,0.0
2024,529.0,prestja01,24.0,uta,pg,7.0,0.0,71.0,6.0,19.0,0.316,0.0,3.0,0.0,6.0,16.0,0.375,0.316,0.0,0.0,,6.0,11.0,17.0,16.0,2.0,1.0,2.0,3.0,12.0,0.0
2024,530.0,cartodj01,23.0,tor,sg,4.0,0.0,36.0,3.0,8.0,0.375,1.0,4.0,0.25,2.0,4.0,0.5,0.438,4.0,5.0,0.8,2.0,2.0,4.0,3.0,1.0,0.0,1.0,3.0,11.0,0.0
2024,531.0,drellhe01,23.0,chi,sf,4.0,0.0,30.0,4.0,10.0,0.4,2.0,6.0,0.333,2.0,4.0,0.5,0.5,1.0,2.0,0.5,1.0,3.0,4.0,4.0,2.0,1.0,2.0,6.0,11.0,0.0
2024,532.0,johnske08,23.0,okc,sf,9.0,0.0,66.0,5.0,16.0,0.313,1.0,3.0,0.333,4.0,13.0,0.308,0.344,0.0,0.0,,4.0,6.0,10.0,4.0,1.0,0.0,4.0,5.0,11.0,0.0
2024,533.0,lewisma05,21.0,lal,sf,34.0,0.0,103.0,4.0,21.0,0.19,1.0,9.0,0.111,3.0,12.0,0.25,0.214,2.0,3.0,0.667,2.0,2.0,4.0,6.0,2.0,1.0,10.0,5.0,11.0,0.0
2024,534.0,peterdr01,24.0,bos,pf,3.0,0.0,23.0,4.0,6.0,0.667,3.0,5.0,0.6,1.0,1.0,1.0,0.917,0.0,0.0,,0.0,1.0,1.0,1.0,2.0,0.0,1.0,1.0,11.0,0.0
2024,535.0,hamptrj01,22.0,mia,pg,8.0,2.0,76.0,4.0,14.0,0.286,1.0,8.0,0.125,3.0,6.0,0.5,0.321,1.0,2.0,0.5,2.0,4.0,6.0,8.0,0.0,0.0,3.0,8.0,10.0,0.0
2024,536.0,wilsodj01,27.0,phi,pf,2.0,0.0,15.0,4.0,6.0,0.667,2.0,2.0,1.0,2.0,4.0,0.5,0.833,0.0,0.0,,1.0,1.0,2.0,2.0,0.0,2.0,0.0,1.0,10.0,0.0
2024,537.0,johnsja01,36.0,ind,pf,9.0,0.0,47.0,3.0,10.0,0.3,0.0,2.0,0.0,3.0,8.0,0.375,0.3,2.0,2.0,1.0,1.0,3.0,4.0,8.0,5.0,1.0,5.0,9.0,8.0,0.0
2024,538.0,slawsja01,24.0,sac,sf,12.0,0.0,37.0,4.0,6.0,0.667,0.0,2.0,0.0,4.0,4.0,1.0,0.667,0.0,0.0,,1.0,6.0,7.0,2.0,1.0,1.0,2.0,8.0,8.0,0.0
2024,539.0,thomais02,34.0,pho,pg,6.0,0.0,19.0,3.0,10.0,0.3,2.0,4.0,0.5,1.0,6.0,0.167,0.4,0.0,0.0,,0.0,0.0,0.0,3.0,0.0,0.0,0.0,0.0,8.0,0.0
2024,540.0,jonesma05,25.0,sac,sg,5.0,0.0,28.0,2.0,8.0,0.25,2.0,7.0,0.286,0.0,1.0,0.0,0.375,1.0,2.0,0.5,1.0,4.0,5.0,5.0,1.0,0.0,2.0,3.0,7.0,0.0
2024,541.0,toscaju01,30.0,sac,sf,11.0,0.0,53.0,3.0,12.0,0.25,1.0,4.0,0.25,2.0,8.0,0.25,0.292,0.0,0.0,,4.0,10.0,14.0,4.0,1.0,1.0,2.0,11.0,7.0,0.0
2024,542.0,brownch02,26.0,nyk,sg,8.0,0.0,37.0,2.0,10.0,0.2,2.0,7.0,0.286,0.0,3.0,0.0,0.3,0.0,0.0,,1.0,1.0,2.0,0.0,0.0,2.0,2.0,5.0,6.0,0.0
2024,543.0,whiteja03,26.0,mem,sf,4.0,0.0,64.0,2.0,16.0,0.125,2.0,10.0,0.2,0.0,6.0,0.0,0.188,0.0,0.0,,4.0,8.0,12.0,1.0,4.0,1.0,2.0,3.0,6.0,0.0
2024,544.0,wiggili01,25.0,mil,pg,3.0,0.0,8.0,2.0,5.0,0.4,0.0,2.0,0.0,2.0,3.0,0.667,0.4,2.0,2.0,1.0,0.0,0.0,0.0,0.0,0.0,0.0,1.0,1.0,6.0,0.0
2024,545.0,ntilila01,25.0,cho,pg,5.0,0.0,43.0,1.0,9.0,0.111,1.0,8.0,0.125,0.0,1.0,0.0,0.167,2.0,2.0,1.0,1.0,5.0,6.0,4.0,0.0,0.0,1.0,4.0,5.0,0.0
2024,546.0,willial06,24.0,mia,sg,7.0,0.0,16.0,2.0,8.0,0.25,0.0,4.0,0.0,2.0,4.0,0.5,0.25,1.0,1.0,1.0,0.0,1.0,1.0,0.0,0.0,1.0,2.0,2.0,5.0,0.0
2024,547.0,brockiz01,24.0,nop,pg,1.0,0.0,3.0,2.0,5.0,0.4,0.0,1.0,0.0,2.0,4.0,0.5,0.4,0.0,0.0,,1.0,1.0,2.0,0.0,0.0,0.0,0.0,0.0,4.0,0.0
2024,548.0,harrike01,26.0,orl,sg,2.0,0.0,6.0,2.0,3.0,0.667,0.0,0.0,,2.0,3.0,0.667,0.667,0.0,0.0,,0.0,2.0,2.0,1.0,0.0,0.0,1.0,3.0,4.0,0.0
2024,549.0,jeromty01,26.0,cle,sg,2.0,0.0,15.0,2.0,4.0,0.5,0.0,1.0,0.0,2.0,3.0,0.667,0.5,0.0,0.0,,1.0,0.0,1.0,3.0,0.0,0.0,1.0,2.0,4.0,0.0
2024,550.0,liddeej01,23.0,nop,pf,8.0,0.0,23.0,1.0,6.0,0.167,0.0,5.0,0.0,1.0,1.0,1.0,0.167,2.0,2.0,1.0,0.0,5.0,5.0,1.0,2.0,2.0,2.0,2.0,4.0,0.0
2024,551.0,spencpa01,27.0,gsw,pg,6.0,0.0,26.0,2.0,4.0,0.5,0.0,2.0,0.0,2.0,2.0,1.0,0.5,0.0,0.0,,2.0,2.0,4.0,5.0,0.0,0.0,1.0,1.0,4.0,0.0
2024,552.0,flaglad01,24.0,okc,sg,2.0,0.0,14.0,1.0,7.0,0.143,1.0,6.0,0.167,0.0,1.0,0.0,0.214,0.0,0.0,,0.0,0.0,0.0,4.0,0.0,0.0,0.0,0.0,3.0,0.0
2024,553.0,garubus01,21.0,gsw,pf,6.0,0.0,18.0,1.0,6.0,0.167,0.0,1.0,0.0,1.0,5.0,0.2,0.167,1.0,2.0,0.5,3.0,4.0,7.0,1.0,1.0,3.0,2.0,2.0,3.0,0.0
2024,554.0,whiteda01,19.0,brk,sf,2.0,0.0,24.0,1.0,5.0,0.2,0.0,3.0,0.0,1.0,2.0,0.5,0.2,1.0,2.0,0.5,0.0,4.0,4.0,3.0,0.0,1.0,0.0,0.0,3.0,0.0
2024,555.0,nancepe01,23.0,cle,pf,8.0,0.0,27.0,1.0,6.0,0.167,1.0,1.0,1.0,0.0,5.0,0.0,0.25,0.0,2.0,0.0,0.0,3.0,3.0,0.0,1.0,0.0,1.0,2.0,3.0,0.0
2024,556.0,petrufi01,23.0,tot,c,3.0,0.0,10.0,1.0,2.0,0.5,0.0,0.0,,1.0,2.0,0.5,0.5,1.0,2.0,0.5,0.0,1.0,1.0,0.0,0.0,0.0,0.0,1.0,3.0,0.0
2024,557.0,diallha01,25.0,was,sg,2.0,0.0,5.0,1.0,2.0,0.5,0.0,0.0,,1.0,2.0,0.5,0.5,0.0,0.0,,2.0,0.0,2.0,1.0,2.0,0.0,1.0,1.0,2.0,0.0
2024,558.0,harrish01,30.0,mem,sg,3.0,0.0,6.0,1.0,2.0,0.5,0.0,0.0,,1.0,2.0,0.5,0.5,0.0,0.0,,0.0,2.0,2.0,0.0,0.0,1.0,0.0,0.0,2.0,0.0
2024,559.0,jacksqu01,25.0,ind,pg,3.0,0.0,11.0,0.0,1.0,0.0,0.0,0.0,,0.0,1.0,0.0,0.0,2.0,2.0,1.0,0.0,4.0,4.0,2.0,1.0,0.0,0.0,1.0,2.0,0.0
2024,560.0,nowelma01,24.0,tor,sg,1.0,0.0,4.0,0.0,1.0,0.0,0.0,0.0,,0.0,1.0,0.0,0.0,2.0,2.0,1.0,2.0,0.0,2.0,2.0,1.0,0.0,0.0,0.0,2.0,0.0
2024,561.0,primojo01,21.0,lac,sg,2.0,0.0,10.0,1.0,3.0,0.333,0.0,1.0,0.0,1.0,2.0,0.5,0.333,0.0,0.0,,1.0,0.0,1.0,0.0,0.0,1.0,4.0,0.0,2.0,0.0
2024,562.0,wongis01,23.0,ind,sg,1.0,0.0,4.0,1.0,3.0,0.333,0.0,1.0,0.0,1.0,2.0,0.5,0.333,0.0,0.0,,0.0,0.0,0.0,0.0,0.0,0.0,0.0,0.0,2.0,0.0
2024,563.0,arcidry01,29.0,nyk,pg,20.0,0.0,45.0,0.0,6.0,0.0,0.0,6.0,0.0,0.0,0.0,,0.0,0.0,0.0,,0.0,8.0,8.0,4.0,2.0,0.0,2.0,5.0,0.0,0.0
2024,564.0,cazalma01,22.0,det,sg,1.0,0.0,3.0,0.0,0.0,,0.0,0.0,,0.0,0.0,,,0.0,0.0,,0.0,0.0,0.0,0.0,0.0,0.0,0.0,0.0,0.0,0.0
2024,565.0,crutcja01,24.0,nop,pg,1.0,0.0,3.0,0.0,1.0,0.0,0.0,0.0,,0.0,1.0,0.0,0.0,0.0,0.0,,0.0,0.0,0.0,0.0,0.0,0.0,0.0,0.0,0.0,0.0
2024,566.0,funkan01,24.0,chi,sg,5.0,0.0,13.0,0.0,4.0,0.0,0.0,3.0,0.0,0.0,1.0,0.0,0.0,0.0,0.0,,0.0,0.0,0.0,0.0,1.0,1.0,0.0,0.0,0.0,0.0
2024,567.0,gateska01,27.0,nop,sf,1.0,0.0,7.0,0.0,4.0,0.0,0.0,2.0,0.0,0.0,2.0,0.0,0.0,0.0,0.0,,0.0,1.0,1.0,0.0,0.0,0.0,0.0,0.0,0.0,0.0
2024,568.0,greenda02,36.0,phi,sg,2.0,0.0,18.0,0.0,2.0,0.0,0.0,1.0,0.0,0.0,1.0,0.0,0.0,0.0,0.0,,0.0,2.0,2.0,1.0,1.0,0.0,0.0,1.0,0.0,0.0
2024,569.0,harpero02,23.0,tor,pf,1.0,0.0,4.0,0.0,0.0,,0.0,0.0,,0.0,0.0,,,0.0,0.0,,0.0,0.0,0.0,1.0,0.0,0.0,0.0,2.0,0.0,0.0
2024,570.0,jacksju01,28.0,min,sf,2.0,0.0,1.0,0.0,0.0,,0.0,0.0,,0.0,0.0,,,0.0,0.0,,0.0,0.0,0.0,0.0,0.0,0.0,0.0,0.0,0.0,0.0
2024,571.0,skapidm01,25.0,nyk,c,2.0,0.0,2.0,0.0,1.0,0.0,0.0,0.0,,0.0,1.0,0.0,0.0,0.0,0.0,,0.0,0.0,0.0,0.0,0.0,0.0,0.0,0.0,0.0,0.0
2024,572.0,smartja01,24.0,phi,pg,1.0,0.0,1.0,0.0,0.0,,0.0,0.0,,0.0,0.0,,,0.0,0.0,,0.0,0.0,0.0,0.0,0.0,0.0,0.0,0.0,0.0,0.0
2024,,tot,,tot,,,,,,,0.474,,,0.366,,,0.545,0.547,,,0.784,,,,,,,,,,
2025,1.0,gilgesh01,26.0,okc,pg,76.0,76.0,2598.0,860.0,1656.0,0.519,163.0,435.0,0.375,697.0,1221.0,0.571,0.569,601.0,669.0,0.898,67.0,312.0,379.0,486.0,131.0,77.0,183.0,164.0,2484.0,0.0
2025,2.0,edwaran01,23.0,min,sg,79.0,79.0,2871.0,721.0,1612.0,0.447,320.0,811.0,0.395,401.0,801.0,0.501,0.547,415.0,496.0,0.837,61.0,389.0,450.0,359.0,91.0,51.0,249.0,150.0,2177.0,0.0
2025,3.0,jokicni01,29.0,den,c,70.0,70.0,2571.0,786.0,1364.0,0.576,138.0,331.0,0.417,648.0,1033.0,0.627,0.627,361.0,451.0,0.8,200.0,692.0,892.0,716.0,127.0,45.0,230.0,160.0,2071.0,34.0
2025,4.0,antetgi01,30.0,mil,pf,67.0,67.0,2289.0,793.0,1319.0,0.601,14.0,63.0,0.222,779.0,1256.0,0.62,0.607,436.0,707.0,0.617,147.0,651.0,798.0,433.0,58.0,78.0,206.0,155.0,2036.0,11.0
2025,5.0,tatumja01,26.0,bos,pf,72.0,72.0,2624.0,662.0,1465.0,0.452,250.0,728.0,0.343,412.0,737.0,0.559,0.537,358.0,440.0,0.814,48.0,575.0,623.0,431.0,76.0,38.0,209.0,157.0,1932.0,2.0
2025,6.0,bookede01,28.0,pho,sg,75.0,75.0,2795.0,654.0,1420.0,0.461,183.0,551.0,0.332,471.0,869.0,0.542,0.525,432.0,483.0,0.894,76.0,229.0,305.0,529.0,67.0,16.0,220.0,198.0,1923.0,0.0
2025,7.0,youngtr01,26.0,atl,pg,76.0,76.0,2739.0,566.0,1376.0,0.411,218.0,642.0,0.34,348.0,734.0,0.474,0.491,491.0,561.0,0.875,36.0,200.0,236.0,880.0,91.0,12.0,355.0,145.0,1841.0,0.0
2025,8.0,herroty01,25.0,mia,sg,77.0,77.0,2725.0,651.0,1378.0,0.472,251.0,670.0,0.375,400.0,708.0,0.565,0.563,287.0,327.0,0.878,35.0,364.0,399.0,424.0,69.0,17.0,198.0,85.0,1840.0,0.0
2025,9.0,cunnica01,23.0,det,pg,70.0,70.0,2452.0,684.0,1457.0,0.469,149.0,418.0,0.356,535.0,1039.0,0.515,0.521,313.0,370.0,0.846,56.0,369.0,425.0,638.0,71.0,53.0,309.0,195.0,1830.0,9.0
2025,10.0,hardeja01,35.0,lac,pg,79.0,79.0,2789.0,531.0,1295.0,0.41,235.0,668.0,0.352,296.0,627.0,0.472,0.501,505.0,578.0,0.874,55.0,401.0,456.0,687.0,118.0,55.0,341.0,162.0,1802.0,3.0
2025,11.0,townska01,29.0,nyk,c,72.0,72.0,2517.0,639.0,1215.0,0.526,142.0,338.0,0.42,497.0,877.0,0.567,0.584,339.0,409.0,0.829,212.0,708.0,920.0,222.0,71.0,50.0,192.0,249.0,1759.0,1.0
2025,12.0,lavinza01,29.0,tot,sg,74.0,74.0,2602.0,625.0,1223.0,0.511,239.0,536.0,0.446,386.0,687.0,0.562,0.609,235.0,285.0,0.825,22.0,293.0,315.0,310.0,58.0,12.0,208.0,121.0,1724.0,0.0
2025,13.0,greenja05,22.0,hou,sg,82.0,82.0,2697.0,608.0,1437.0,0.423,234.0,661.0,0.354,374.0,776.0,0.482,0.505,273.0,336.0,0.813,45.0,332.0,377.0,282.0,71.0,27.0,203.0,127.0,1723.0,0.0
2025,14.0,curryst01,36.0,gsw,pg,70.0,70.0,2252.0,564.0,1258.0,0.448,311.0,784.0,0.397,253.0,474.0,0.534,0.572,279.0,299.0,0.933,40.0,270.0,310.0,421.0,80.0,30.0,200.0,95.0,1718.0,0.0
2025,15.0,derozde01,35.0,sac,sf,77.0,77.0,2768.0,624.0,1308.0,0.477,84.0,256.0,0.328,540.0,1052.0,0.513,0.509,378.0,441.0,0.857,50.0,248.0,298.0,342.0,62.0,32.0,105.0,150.0,1710.0,0.0
2025,16.0,jamesle01,40.0,lal,sf,70.0,70.0,2444.0,651.0,1270.0,0.513,149.0,396.0,0.376,502.0,874.0,0.574,0.571,259.0,331.0,0.782,72.0,474.0,546.0,575.0,70.0,39.0,260.0,99.0,1710.0,10.0
2025,17.0,mitchdo01,28.0,cle,sg,71.0,71.0,2232.0,585.0,1320.0,0.443,233.0,633.0,0.368,352.0,687.0,0.512,0.531,298.0,362.0,0.823,57.0,265.0,322.0,354.0,95.0,17.0,149.0,140.0,1701.0,0.0
2025,18.0,brunsja01,28.0,nyk,pg,65.0,65.0,2301.0,585.0,1200.0,0.488,152.0,397.0,0.383,433.0,803.0,0.539,0.551,368.0,448.0,0.821,27.0,160.0,187.0,475.0,60.0,8.0,164.0,138.0,1690.0,0.0
2025,19.0,duranke01,36.0,pho,pf,62.0,62.0,2265.0,592.0,1124.0,0.527,160.0,372.0,0.43,432.0,752.0,0.574,0.598,303.0,361.0,0.839,23.0,351.0,374.0,263.0,50.0,77.0,190.0,104.0,1647.0,0.0
2025,20.0,jacksja02,25.0,mem,c,74.0,74.0,2207.0,592.0,1213.0,0.488,146.0,389.0,0.375,446.0,824.0,0.541,0.548,311.0,398.0,0.781,91.0,326.0,417.0,148.0,92.0,113.0,153.0,257.0,1641.0,0.0
2025,21.0,siakapa01,30.0,ind,pf,78.0,78.0,2548.0,613.0,1182.0,0.519,126.0,324.0,0.389,487.0,858.0,0.568,0.572,226.0,308.0,0.734,133.0,407.0,540.0,263.0,70.0,42.0,109.0,189.0,1578.0,0.0
2025,22.0,garlada01,25.0,cle,pg,75.0,75.0,2301.0,554.0,1174.0,0.472,212.0,529.0,0.401,342.0,645.0,0.53,0.562,224.0,255.0,0.878,47.0,167.0,214.0,506.0,91.0,11.0,189.0,143.0,1544.0,0.0
2025,23.0,whiteco01,24.0,chi,sg,74.0,73.0,2450.0,508.0,1121.0,0.453,216.0,584.0,0.37,292.0,537.0,0.544,0.55,277.0,307.0,0.902,25.0,248.0,273.0,330.0,69.0,16.0,177.0,154.0,1509.0,0.0
2025,24.0,willija06,23.0,okc,sg,69.0,69.0,2237.0,565.0,1168.0,0.484,124.0,340.0,0.365,441.0,828.0,0.533,0.537,236.0,299.0,0.789,59.0,310.0,369.0,354.0,111.0,46.0,150.0,158.0,1490.0,0.0
2025,25.0,reaveau01,26.0,lal,sg,73.0,73.0,2550.0,477.0,1037.0,0.46,200.0,531.0,0.377,277.0,506.0,0.547,0.556,321.0,366.0,0.877,61.0,268.0,329.0,421.0,81.0,22.0,177.0,151.0,1475.0,1.0
2025,26.0,foxde01,27.0,tot,pg,62.0,62.0,2241.0,539.0,1163.0,0.463,118.0,381.0,0.31,421.0,782.0,0.538,0.514,263.0,318.0,0.827,54.0,244.0,298.0,392.0,91.0,25.0,174.0,164.0,1459.0,0.0
2025,27.0,sengual01,22.0,hou,c,76.0,76.0,2395.0,567.0,1143.0,0.496,21.0,90.0,0.233,546.0,1053.0,0.519,0.505,296.0,428.0,0.692,262.0,524.0,786.0,372.0,84.0,61.0,194.0,209.0,1451.0,4.0
2025,28.0,wagnefr01,23.0,orl,sf,60.0,60.0,2023.0,537.0,1161.0,0.463,104.0,352.0,0.295,433.0,809.0,0.535,0.507,271.0,311.0,0.871,56.0,286.0,342.0,284.0,75.0,21.0,138.0,147.0,1449.0,0.0
2025,29.0,lillada01,34.0,mil,pg,58.0,58.0,2093.0,444.0,992.0,0.448,197.0,524.0,0.376,247.0,468.0,0.528,0.547,362.0,393.0,0.921,29.0,243.0,272.0,410.0,70.0,10.0,162.0,97.0,1447.0,2.0
2025,30.0,bridgmi01,28.0,nyk,sf,82.0,82.0,3036.0,592.0,1183.0,0.5,164.0,463.0,0.354,428.0,720.0,0.594,0.57,96.0,118.0,0.814,71.0,188.0,259.0,306.0,75.0,43.0,132.0,127.0,1444.0,0.0
2025,31.0,murraja01,27.0,den,pg,67.0,67.0,2418.0,531.0,1121.0,0.474,156.0,397.0,0.393,375.0,724.0,0.518,0.543,218.0,246.0,0.886,45.0,216.0,261.0,403.0,91.0,33.0,138.0,128.0,1436.0,0.0
2025,32.0,adebaba01,27.0,mia,c,78.0,78.0,2674.0,540.0,1113.0,0.485,79.0,221.0,0.357,461.0,892.0,0.517,0.521,251.0,328.0,0.765,185.0,564.0,749.0,337.0,98.0,53.0,161.0,162.0,1410.0,1.0
2025,33.0,doncilu01,25.0,tot,pg,50.0,50.0,1769.0,461.0,1025.0,0.45,177.0,481.0,0.368,284.0,544.0,0.522,0.536,309.0,395.0,0.782,40.0,369.0,409.0,383.0,89.0,21.0,179.0,126.0,1408.0,5.0
2025,34.0,brownja02,28.0,bos,sf,63.0,63.0,2158.0,518.0,1118.0,0.463,116.0,358.0,0.324,402.0,760.0,0.529,0.515,246.0,322.0,0.764,82.0,286.0,368.0,286.0,73.0,19.0,162.0,154.0,1398.0,0.0
2025,35.0,portemi01,26.0,den,sf,77.0,77.0,2593.0,528.0,1048.0,0.504,193.0,489.0,0.395,335.0,559.0,0.599,0.596,149.0,194.0,0.768,138.0,402.0,540.0,165.0,50.0,38.0,104.0,157.0,1398.0,0.0
2025,36.0,poolejo01,25.0,was,sg,68.0,68.0,2001.0,457.0,1057.0,0.432,235.0,622.0,0.378,222.0,435.0,0.51,0.544,242.0,274.0,0.883,31.0,172.0,203.0,303.0,86.0,27.0,204.0,201.0,1391.0,0.0
2025,37.0,maxeyty01,24.0,phi,pg,52.0,52.0,1960.0,477.0,1091.0,0.437,161.0,478.0,0.337,316.0,613.0,0.515,0.511,254.0,289.0,0.879,15.0,159.0,174.0,317.0,91.0,21.0,124.0,116.0,1369.0,1.0
2025,38.0,halibty01,24.0,ind,pg,73.0,73.0,2451.0,476.0,1006.0,0.473,218.0,562.0,0.388,258.0,444.0,0.581,0.582,189.0,222.0,0.851,42.0,216.0,258.0,673.0,105.0,49.0,120.0,92.0,1359.0,0.0
2025,39.0,vucevni01,34.0,chi,c,73.0,72.0,2278.0,550.0,1038.0,0.53,129.0,321.0,0.402,421.0,717.0,0.587,0.592,120.0,149.0,0.805,178.0,557.0,735.0,256.0,61.0,52.0,119.0,163.0,1349.0,1.0
2025,40.0,simonan01,25.0,por,sg,70.0,70.0,2292.0,479.0,1125.0,0.426,215.0,593.0,0.363,264.0,532.0,0.496,0.521,175.0,194.0,0.902,25.0,164.0,189.0,337.0,60.0,5.0,143.0,117.0,1348.0,0.0
2025,41.0,zubaciv01,27.0,lac,c,80.0,80.0,2624.0,592.0,942.0,0.628,0.0,0.0,,592.0,942.0,0.628,0.628,156.0,236.0,0.661,300.0,710.0,1010.0,214.0,55.0,90.0,127.0,168.0,1340.0,1.0
2025,42.0,sabondo01,28.0,sac,c,70.0,70.0,2429.0,527.0,893.0,0.59,65.0,156.0,0.417,462.0,737.0,0.627,0.627,218.0,289.0,0.754,267.0,705.0,972.0,423.0,48.0,26.0,202.0,229.0,1337.0,10.0
2025,43.0,beaslma01,28.0,det,sg,82.0,18.0,2283.0,461.0,1071.0,0.43,319.0,766.0,0.416,142.0,305.0,0.466,0.579,95.0,140.0,0.679,47.0,167.0,214.0,139.0,73.0,5.0,83.0,125.0,1336.0,0.0
2025,44.0,sharpsh01,21.0,por,sg,72.0,52.0,2252.0,499.0,1104.0,0.452,147.0,472.0,0.311,352.0,632.0,0.557,0.519,190.0,242.0,0.785,68.0,256.0,324.0,198.0,62.0,16.0,150.0,120.0,1335.0,0.0
2025,45.0,anunoog01,27.0,nyk,pf,74.0,74.0,2706.0,489.0,1027.0,0.476,171.0,460.0,0.372,318.0,567.0,0.561,0.559,183.0,226.0,0.81,97.0,261.0,358.0,164.0,110.0,65.0,102.0,172.0,1332.0,0.0
2025,46.0,banede01,26.0,mem,sg,69.0,68.0,2205.0,493.0,1018.0,0.484,164.0,418.0,0.392,329.0,600.0,0.548,0.565,177.0,198.0,0.894,62.0,356.0,418.0,369.0,80.0,28.0,169.0,164.0,1327.0,1.0
2025,47.0,mobleev01,23.0,cle,pf,71.0,71.0,2167.0,505.0,906.0,0.557,85.0,230.0,0.37,420.0,676.0,0.621,0.604,221.0,305.0,0.725,164.0,495.0,659.0,226.0,61.0,113.0,145.0,141.0,1316.0,0.0
2025,48.0,powelno01,31.0,lac,sg,60.0,60.0,1958.0,457.0,945.0,0.484,179.0,428.0,0.418,278.0,517.0,0.538,0.578,213.0,265.0,0.804,21.0,169.0,190.0,125.0,73.0,9.0,108.0,114.0,1306.0,0.0
2025,49.0,bridgmi02,26.0,cho,pf,64.0,64.0,2029.0,469.0,1089.0,0.431,141.0,450.0,0.313,328.0,639.0,0.513,0.495,221.0,254.0,0.87,72.0,409.0,481.0,248.0,44.0,45.0,136.0,93.0,1300.0,1.0
2025,50.0,randlju01,30.0,min,pf,69.0,69.0,2226.0,455.0,939.0,0.485,108.0,314.0,0.344,347.0,625.0,0.555,0.542,270.0,335.0,0.806,144.0,343.0,487.0,323.0,47.0,16.0,196.0,175.0,1288.0,0.0
2025,51.0,davisan02,31.0,tot,c,51.0,51.0,1706.0,470.0,910.0,0.516,35.0,124.0,0.282,435.0,786.0,0.553,0.536,286.0,369.0,0.775,134.0,456.0,590.0,181.0,59.0,110.0,113.0,98.0,1261.0,1.0
2025,52.0,barnesc01,23.0,tor,pf,65.0,65.0,2134.0,474.0,1063.0,0.446,76.0,280.0,0.271,398.0,783.0,0.508,0.482,228.0,302.0,0.755,109.0,393.0,502.0,378.0,93.0,63.0,185.0,113.0,1252.0,1.0
2025,53.0,whitede01,30.0,bos,sg,76.0,76.0,2574.0,424.0,959.0,0.442,265.0,691.0,0.384,159.0,268.0,0.593,0.58,135.0,161.0,0.839,67.0,274.0,341.0,361.0,72.0,80.0,131.0,138.0,1248.0,0.0
2025,54.0,irvinky01,32.0,dal,sg,50.0,50.0,1804.0,447.0,945.0,0.473,144.0,359.0,0.401,303.0,586.0,0.517,0.549,196.0,214.0,0.916,60.0,180.0,240.0,231.0,66.0,23.0,111.0,101.0,1234.0,0.0
2025,55.0,barrerj01,24.0,tor,sf,58.0,58.0,1869.0,460.0,982.0,0.468,107.0,306.0,0.35,353.0,676.0,0.522,0.523,196.0,311.0,0.63,61.0,305.0,366.0,314.0,46.0,17.0,165.0,137.0,1223.0,2.0
2025,56.0,avdijde01,24.0,por,sf,72.0,54.0,2161.0,402.0,844.0,0.476,125.0,342.0,0.365,277.0,502.0,0.552,0.55,290.0,372.0,0.78,110.0,412.0,522.0,281.0,71.0,35.0,196.0,171.0,1219.0,2.0
2025,57.0,braunch01,23.0,den,sg,79.0,77.0,2675.0,476.0,821.0,0.58,89.0,224.0,0.397,387.0,597.0,0.648,0.634,177.0,214.0,0.827,98.0,312.0,410.0,205.0,85.0,37.0,81.0,170.0,1218.0,0.0
2025,58.0,banchpa01,22.0,orl,pf,46.0,46.0,1582.0,412.0,911.0,0.452,87.0,272.0,0.32,325.0,639.0,0.509,0.5,280.0,385.0,0.727,51.0,294.0,345.0,219.0,36.0,28.0,136.0,97.0,1191.0,0.0
2025,59.0,castlst01,20.0,sas,pg,81.0,47.0,2162.0,423.0,988.0,0.428,95.0,333.0,0.285,328.0,655.0,0.501,0.476,249.0,344.0,0.724,89.0,208.0,297.0,332.0,74.0,22.0,177.0,164.0,1190.0,0.0
2025,60.0,ballla01,23.0,cho,pg,47.0,47.0,1505.0,406.0,1003.0,0.405,179.0,528.0,0.339,227.0,475.0,0.478,0.494,193.0,229.0,0.843,47.0,185.0,232.0,346.0,54.0,13.0,167.0,157.0,1184.0,0.0
2025,61.0,mccolcj01,33.0,nop,pg,56.0,56.0,1832.0,444.0,1000.0,0.444,171.0,459.0,0.373,273.0,541.0,0.505,0.53,124.0,173.0,0.717,42.0,170.0,212.0,227.0,46.0,24.0,106.0,124.0,1183.0,0.0
2025,62.0,moranja01,25.0,mem,pg,50.0,50.0,1519.0,404.0,889.0,0.454,88.0,285.0,0.309,316.0,604.0,0.523,0.504,263.0,319.0,0.824,34.0,171.0,205.0,364.0,61.0,12.0,185.0,113.0,1159.0,1.0
2025,63.0,sextoco01,26.0,uta,sg,63.0,61.0,1758.0,416.0,867.0,0.48,110.0,271.0,0.406,306.0,596.0,0.513,0.543,217.0,251.0,0.865,60.0,111.0,171.0,264.0,47.0,6.0,160.0,144.0,1159.0,0.0
2025,64.0,mathube01,22.0,ind,sf,72.0,49.0,2149.0,391.0,853.0,0.458,98.0,288.0,0.34,293.0,565.0,0.519,0.516,276.0,332.0,0.831,87.0,296.0,383.0,136.0,47.0,24.0,135.0,162.0,1156.0,0.0
2025,65.0,pritcpa01,27.0,bos,pg,80.0,3.0,2271.0,409.0,866.0,0.472,255.0,626.0,0.407,154.0,240.0,0.642,0.62,71.0,84.0,0.845,102.0,205.0,307.0,279.0,70.0,14.0,83.0,118.0,1144.0,0.0
2025,66.0,reidna01,25.0,min,c,80.0,17.0,2200.0,426.0,923.0,0.462,175.0,462.0,0.379,251.0,461.0,0.544,0.556,111.0,143.0,0.776,92.0,388.0,480.0,181.0,58.0,72.0,108.0,189.0,1138.0,0.0
2025,67.0,georgke01,21.0,uta,pg,67.0,35.0,2109.0,359.0,919.0,0.391,174.0,507.0,0.343,185.0,412.0,0.449,0.485,233.0,285.0,0.818,26.0,227.0,253.0,377.0,46.0,9.0,183.0,111.0,1125.0,0.0
2025,68.0,murphtr02,24.0,nop,sf,53.0,51.0,1854.0,381.0,839.0,0.454,158.0,438.0,0.361,223.0,401.0,0.556,0.548,204.0,230.0,0.887,47.0,221.0,268.0,188.0,56.0,39.0,103.0,112.0,1124.0,0.0
2025,69.0,turnemy01,28.0,ind,c,72.0,72.0,2174.0,390.0,811.0,0.481,156.0,394.0,0.396,234.0,417.0,0.561,0.577,184.0,238.0,0.773,90.0,381.0,471.0,111.0,54.0,144.0,123.0,183.0,1120.0,0.0
2025,70.0,monkma01,26.0,sac,sg,65.0,45.0,2054.0,412.0,939.0,0.439,139.0,428.0,0.325,273.0,511.0,0.534,0.513,154.0,178.0,0.865,30.0,215.0,245.0,362.0,61.0,38.0,159.0,158.0,1117.0,0.0
2025,71.0,wembavi01,21.0,sas,c,46.0,46.0,1527.0,408.0,857.0,0.476,142.0,403.0,0.352,266.0,454.0,0.586,0.559,158.0,189.0,0.836,82.0,424.0,506.0,168.0,52.0,176.0,149.0,105.0,1116.0,1.0
2025,72.0,allenja01,26.0,cle,c,82.0,82.0,2296.0,452.0,640.0,0.706,0.0,5.0,0.0,452.0,635.0,0.712,0.706,199.0,277.0,0.718,216.0,582.0,798.0,158.0,77.0,73.0,97.0,127.0,1103.0,0.0
2025,73.0,grimequ01,24.0,tot,sg,75.0,37.0,2013.0,384.0,823.0,0.467,162.0,421.0,0.385,222.0,402.0,0.552,0.565,162.0,214.0,0.757,59.0,265.0,324.0,228.0,74.0,22.0,141.0,138.0,1092.0,0.0
2025,74.0,huntede01,27.0,tot,sf,64.0,9.0,1740.0,358.0,762.0,0.47,157.0,388.0,0.405,201.0,374.0,0.537,0.573,215.0,254.0,0.846,44.0,214.0,258.0,92.0,50.0,13.0,82.0,155.0,1088.0,0.0
2025,75.0,wiggian01,29.0,tot,sf,60.0,60.0,1842.0,376.0,839.0,0.448,130.0,348.0,0.374,246.0,491.0,0.501,0.526,196.0,257.0,0.763,89.0,180.0,269.0,158.0,60.0,50.0,99.0,101.0,1078.0,0.0
2025,76.0,daniedy01,21.0,atl,sg,76.0,76.0,2571.0,455.0,923.0,0.493,80.0,235.0,0.34,375.0,688.0,0.545,0.536,83.0,140.0,0.593,124.0,325.0,449.0,333.0,229.0,55.0,155.0,175.0,1073.0,0.0
2025,77.0,johnsca02,28.0,brk,pf,57.0,57.0,1800.0,355.0,747.0,0.475,159.0,408.0,0.39,196.0,339.0,0.578,0.582,201.0,225.0,0.893,54.0,193.0,247.0,194.0,53.0,25.0,99.0,104.0,1070.0,0.0
2025,78.0,brookdi01,29.0,hou,sf,75.0,75.0,2388.0,384.0,895.0,0.429,186.0,469.0,0.397,198.0,426.0,0.465,0.533,99.0,121.0,0.818,75.0,200.0,275.0,128.0,60.0,16.0,76.0,242.0,1053.0,0.0
2025,79.0,hartjo01,29.0,nyk,sg,77.0,77.0,2897.0,404.0,770.0,0.525,84.0,252.0,0.333,320.0,518.0,0.618,0.579,159.0,205.0,0.776,161.0,576.0,737.0,453.0,119.0,27.0,158.0,201.0,1051.0,9.0
2025,80.0,lopezbr01,36.0,mil,c,80.0,80.0,2546.0,394.0,774.0,0.509,139.0,373.0,0.373,255.0,401.0,0.636,0.599,114.0,138.0,0.826,113.0,288.0,401.0,143.0,50.0,148.0,84.0,171.0,1041.0,0.0
2025,81.0,vassede01,24.0,sas,sg,64.0,53.0,1983.0,394.0,889.0,0.443,158.0,429.0,0.368,236.0,460.0,0.513,0.532,95.0,120.0,0.792,34.0,221.0,255.0,183.0,84.0,33.0,88.0,108.0,1041.0,0.0
2025,82.0,giddejo01,22.0,chi,pg,70.0,69.0,2117.0,371.0,798.0,0.465,105.0,278.0,0.378,266.0,520.0,0.512,0.531,175.0,224.0,0.781,127.0,439.0,566.0,503.0,84.0,45.0,202.0,122.0,1022.0,7.0
2025,83.0,barneha02,32.0,sas,pf,82.0,82.0,2230.0,347.0,683.0,0.508,156.0,360.0,0.433,191.0,323.0,0.591,0.622,161.0,199.0,0.809,97.0,213.0,310.0,136.0,39.0,14.0,50.0,75.0,1011.0,0.0
2025,84.0,thompkl01,34.0,dal,sf,72.0,72.0,1965.0,361.0,877.0,0.412,216.0,553.0,0.391,145.0,324.0,0.448,0.535,67.0,74.0,0.905,44.0,202.0,246.0,145.0,50.0,30.0,88.0,81.0,1005.0,0.0
2025,85.0,harrito02,32.0,det,pf,73.0,73.0,2305.0,384.0,805.0,0.477,91.0,264.0,0.345,293.0,541.0,0.542,0.534,143.0,166.0,0.861,65.0,367.0,432.0,162.0,74.0,57.0,85.0,138.0,1002.0,0.0
2025,86.0,mcdanja02,24.0,min,pf,82.0,82.0,2614.0,398.0,834.0,0.477,100.0,303.0,0.33,298.0,531.0,0.561,0.537,104.0,128.0,0.813,129.0,341.0,470.0,163.0,110.0,74.0,95.0,225.0,1000.0,0.0
2025,87.0,westbru01,36.0,den,pg,75.0,36.0,2092.0,373.0,831.0,0.449,94.0,291.0,0.323,279.0,540.0,0.517,0.505,154.0,233.0,0.661,102.0,268.0,370.0,457.0,106.0,37.0,242.0,188.0,994.0,4.0
2025,88.0,okongon01,24.0,atl,c,74.0,40.0,2064.0,388.0,684.0,0.567,48.0,148.0,0.324,340.0,536.0,0.634,0.602,164.0,216.0,0.759,220.0,440.0,660.0,168.0,69.0,68.0,90.0,193.0,988.0,0.0
2025,89.0,schrode01,31.0,tot,pg,75.0,49.0,2105.0,336.0,827.0,0.406,127.0,371.0,0.342,209.0,456.0,0.458,0.483,181.0,216.0,0.838,27.0,171.0,198.0,404.0,66.0,12.0,142.0,180.0,980.0,0.0
2025,90.0,johnske04,25.0,sas,sf,77.0,0.0,1838.0,371.0,770.0,0.482,87.0,274.0,0.318,284.0,496.0,0.573,0.538,150.0,194.0,0.773,112.0,259.0,371.0,125.0,49.0,22.0,77.0,115.0,979.0,0.0
2025,91.0,thompam01,22.0,hou,sf,69.0,42.0,2225.0,388.0,697.0,0.557,25.0,91.0,0.275,363.0,606.0,0.599,0.575,169.0,247.0,0.684,192.0,372.0,564.0,265.0,97.0,89.0,138.0,167.0,970.0,3.0
2025,92.0,butleji01,35.0,tot,sf,55.0,55.0,1746.0,301.0,597.0,0.504,32.0,104.0,0.308,269.0,493.0,0.546,0.531,330.0,392.0,0.842,125.0,171.0,296.0,298.0,77.0,18.0,74.0,52.0,964.0,3.0
2025,93.0,kuzmaky01,29.0,tot,pf,65.0,62.0,1936.0,370.0,848.0,0.436,96.0,313.0,0.307,274.0,535.0,0.512,0.493,128.0,202.0,0.634,54.0,316.0,370.0,152.0,36.0,19.0,146.0,119.0,964.0,0.0
2025,94.0,murrake02,24.0,sac,pf,76.0,76.0,2610.0,364.0,820.0,0.444,154.0,449.0,0.343,210.0,371.0,0.566,0.538,60.0,72.0,0.833,146.0,361.0,507.0,109.0,61.0,69.0,60.0,186.0,942.0,0.0
2025,95.0,risacza01,19.0,atl,sf,75.0,73.0,1843.0,357.0,779.0,0.458,122.0,344.0,0.355,235.0,435.0,0.54,0.537,106.0,149.0,0.711,86.0,182.0,268.0,92.0,52.0,37.0,92.0,149.0,942.0,0.0
2025,96.0,durenja01,21.0,det,c,78.0,78.0,2034.0,378.0,546.0,0.692,0.0,0.0,,378.0,546.0,0.692,0.692,162.0,242.0,0.669,277.0,530.0,807.0,209.0,54.0,89.0,136.0,251.0,918.0,0.0
2025,97.0,marshna01,27.0,dal,sf,69.0,31.0,1919.0,362.0,712.0,0.508,60.0,218.0,0.275,302.0,494.0,0.611,0.551,130.0,160.0,0.813,76.0,252.0,328.0,208.0,70.0,11.0,112.0,109.0,914.0,0.0
2025,98.0,wiggiaa01,26.0,okc,sg,76.0,26.0,1744.0,355.0,728.0,0.488,130.0,339.0,0.383,225.0,389.0,0.578,0.577,74.0,89.0,0.831,81.0,214.0,295.0,134.0,60.0,18.0,69.0,101.0,914.0,0.0
2025,99.0,hieldbu01,32.0,gsw,sg,82.0,22.0,1863.0,328.0,786.0,0.417,203.0,549.0,0.37,125.0,237.0,0.527,0.546,53.0,64.0,0.828,51.0,213.0,264.0,134.0,69.0,23.0,91.0,132.0,912.0,0.0
2025,100.0,oubreke01,29.0,phi,sf,60.0,57.0,2078.0,348.0,741.0,0.47,71.0,242.0,0.293,277.0,499.0,0.555,0.518,139.0,185.0,0.751,97.0,271.0,368.0,108.0,92.0,30.0,80.0,180.0,906.0,0.0
2025,101.0,bealbr01,31.0,pho,sg,53.0,38.0,1702.0,345.0,694.0,0.497,102.0,264.0,0.386,243.0,430.0,0.565,0.571,110.0,137.0,0.803,34.0,143.0,177.0,195.0,58.0,28.0,99.0,136.0,902.0,0.0
2025,102.0,markkla01,27.0,uta,pf,47.0,47.0,1476.0,296.0,700.0,0.423,138.0,399.0,0.346,158.0,301.0,0.525,0.521,162.0,185.0,0.876,72.0,206.0,278.0,70.0,33.0,17.0,66.0,79.0,892.0,0.0
2025,103.0,camarto01,24.0,por,pf,78.0,78.0,2548.0,328.0,716.0,0.458,135.0,360.0,0.375,193.0,356.0,0.542,0.552,91.0,126.0,0.722,173.0,277.0,450.0,175.0,116.0,50.0,109.0,230.0,882.0,0.0
2025,104.0,jeromty01,27.0,cle,sg,70.0,3.0,1392.0,319.0,618.0,0.516,111.0,253.0,0.439,208.0,365.0,0.57,0.606,129.0,148.0,0.872,50.0,123.0,173.0,237.0,78.0,3.0,92.0,102.0,878.0,0.0
2025,105.0,dinwisp01,31.0,dal,pg,79.0,30.0,2136.0,284.0,682.0,0.416,109.0,326.0,0.334,175.0,356.0,0.492,0.496,195.0,243.0,0.802,18.0,191.0,209.0,349.0,70.0,17.0,102.0,121.0,872.0,0.0
2025,106.0,sarral01,19.0,was,c,67.0,67.0,1814.0,326.0,828.0,0.394,105.0,341.0,0.308,221.0,487.0,0.454,0.457,112.0,165.0,0.679,124.0,311.0,435.0,161.0,44.0,101.0,114.0,146.0,869.0,0.0
2025,107.0,goberru01,32.0,min,c,72.0,72.0,2388.0,341.0,510.0,0.669,0.0,0.0,,341.0,510.0,0.669,0.669,184.0,273.0,0.674,265.0,520.0,785.0,127.0,56.0,104.0,89.0,182.0,866.0,0.0
2025,108.0,hardati02,32.0,det,sg,77.0,77.0,2153.0,276.0,680.0,0.406,168.0,457.0,0.368,108.0,223.0,0.484,0.529,124.0,145.0,0.855,18.0,165.0,183.0,123.0,38.0,7.0,48.0,96.0,844.0,0.0
2025,109.0,vanvlfr01,30.0,hou,pg,60.0,60.0,2111.0,287.0,759.0,0.378,159.0,461.0,0.345,128.0,298.0,0.43,0.483,111.0,137.0,0.81,32.0,189.0,221.0,333.0,94.0,25.0,87.0,140.0,844.0,0.0
2025,110.0,valanjo01,32.0,tot,c,81.0,21.0,1524.0,345.0,627.0,0.55,8.0,37.0,0.216,337.0,590.0,0.571,0.557,145.0,165.0,0.879,190.0,437.0,627.0,164.0,37.0,46.0,120.0,181.0,843.0,0.0
2025,111.0,johnske07,22.0,brk,sg,79.0,56.0,1925.0,303.0,779.0,0.389,126.0,401.0,0.314,177.0,378.0,0.468,0.47,107.0,139.0,0.77,63.0,234.0,297.0,175.0,82.0,30.0,116.0,209.0,839.0,0.0
2025,112.0,hendesc01,20.0,por,pg,66.0,10.0,1759.0,287.0,685.0,0.419,105.0,297.0,0.354,182.0,388.0,0.469,0.496,158.0,206.0,0.767,52.0,146.0,198.0,335.0,68.0,13.0,177.0,181.0,837.0,0.0
2025,113.0,washipj01,26.0,dal,pf,57.0,56.0,1835.0,301.0,665.0,0.453,91.0,239.0,0.381,210.0,426.0,0.493,0.521,143.0,198.0,0.722,82.0,360.0,442.0,131.0,63.0,60.0,118.0,131.0,836.0,0.0
2025,114.0,toppiob01,26.0,ind,pf,79.0,4.0,1545.0,317.0,599.0,0.529,110.0,301.0,0.365,207.0,298.0,0.695,0.621,89.0,114.0,0.781,56.0,262.0,318.0,128.0,46.0,28.0,68.0,108.0,833.0,0.0
2025,115.0,jonesty01,28.0,pho,pg,81.0,58.0,2174.0,306.0,683.0,0.448,166.0,401.0,0.414,140.0,282.0,0.496,0.57,51.0,57.0,0.895,40.0,156.0,196.0,429.0,69.0,8.0,91.0,63.0,829.0,0.0
2025,116.0,poeltja01,29.0,tor,c,57.0,56.0,1686.0,363.0,579.0,0.627,1.0,3.0,0.333,362.0,576.0,0.628,0.628,97.0,144.0,0.674,189.0,358.0,547.0,158.0,66.0,71.0,111.0,176.0,824.0,0.0
2025,117.0,trentga02,26.0,mil,sg,74.0,9.0,1893.0,283.0,657.0,0.431,180.0,433.0,0.416,103.0,224.0,0.46,0.568,78.0,92.0,0.848,20.0,148.0,168.0,87.0,72.0,4.0,42.0,124.0,824.0,0.0
2025,118.0,wellsja01,21.0,mem,sg,79.0,74.0,2043.0,287.0,676.0,0.425,138.0,392.0,0.352,149.0,284.0,0.525,0.527,111.0,135.0,0.822,87.0,181.0,268.0,135.0,44.0,8.0,69.0,146.0,823.0,0.0
2025,119.0,porzikr01,29.0,bos,c,42.0,42.0,1210.0,277.0,574.0,0.483,103.0,250.0,0.412,174.0,324.0,0.537,0.572,161.0,199.0,0.809,68.0,216.0,284.0,87.0,31.0,63.0,53.0,116.0,818.0,0.0
2025,120.0,robindu01,30.0,mia,sf,74.0,37.0,1785.0,290.0,663.0,0.437,190.0,483.0,0.393,100.0,180.0,0.556,0.581,47.0,53.0,0.887,18.0,149.0,167.0,176.0,40.0,6.0,86.0,135.0,817.0,0.0
2025,121.0,champju02,23.0,sas,sf,82.0,29.0,1932.0,276.0,665.0,0.415,178.0,480.0,0.371,98.0,185.0,0.53,0.549,85.0,94.0,0.904,67.0,251.0,318.0,111.0,61.0,35.0,74.0,114.0,815.0,0.0
2025,122.0,aldamsa01,24.0,mem,pf,65.0,16.0,1660.0,313.0,648.0,0.483,120.0,326.0,0.368,193.0,322.0,0.599,0.576,65.0,94.0,0.691,94.0,322.0,416.0,188.0,52.0,29.0,71.0,76.0,811.0,0.0
2025,123.0,carrica01,19.0,was,pg,82.0,57.0,2458.0,300.0,748.0,0.401,138.0,407.0,0.339,162.0,341.0,0.475,0.493,69.0,85.0,0.812,33.0,308.0,341.0,364.0,54.0,21.0,141.0,190.0,807.0,0.0
2025,124.0,leonaka01,33.0,lac,sf,37.0,37.0,1180.0,310.0,623.0,0.498,78.0,190.0,0.411,232.0,433.0,0.536,0.56,98.0,121.0,0.81,35.0,184.0,219.0,116.0,59.0,17.0,72.0,56.0,796.0,0.0
2025,125.0,niangge01,31.0,tot,pf,79.0,3.0,1697.0,286.0,620.0,0.461,166.0,409.0,0.406,120.0,211.0,0.569,0.595,46.0,58.0,0.793,47.0,225.0,272.0,111.0,28.0,14.0,82.0,201.0,784.0,0.0
2025,126.0,jonesde02,27.0,lac,sf,77.0,55.0,1873.0,310.0,589.0,0.526,78.0,219.0,0.356,232.0,370.0,0.627,0.593,83.0,118.0,0.703,93.0,170.0,263.0,60.0,79.0,33.0,66.0,153.0,781.0,0.0
2025,127.0,pippesc02,24.0,mem,pg,79.0,21.0,1683.0,285.0,594.0,0.48,87.0,219.0,0.397,198.0,375.0,0.528,0.553,122.0,171.0,0.713,65.0,194.0,259.0,347.0,103.0,30.0,138.0,203.0,779.0,1.0
2025,128.0,dickgr01,21.0,tor,sg,54.0,54.0,1587.0,265.0,647.0,0.41,114.0,326.0,0.35,151.0,321.0,0.47,0.498,133.0,155.0,0.858,44.0,149.0,193.0,98.0,48.0,10.0,83.0,120.0,777.0,0.0
2025,129.0,leverca01,30.0,tot,sg,64.0,3.0,1596.0,280.0,599.0,0.467,106.0,284.0,0.373,174.0,315.0,0.552,0.556,110.0,155.0,0.71,41.0,162.0,203.0,215.0,57.0,33.0,76.0,99.0,776.0,0.0
2025,130.0,hachiru01,26.0,lal,pf,59.0,57.0,1869.0,293.0,576.0,0.509,102.0,247.0,0.413,191.0,329.0,0.581,0.597,87.0,113.0,0.77,79.0,216.0,295.0,83.0,45.0,26.0,49.0,105.0,775.0,0.0
2025,131.0,alexani01,26.0,min,sg,82.0,10.0,2073.0,270.0,616.0,0.438,141.0,370.0,0.381,129.0,246.0,0.524,0.553,92.0,118.0,0.78,54.0,211.0,265.0,223.0,50.0,34.0,99.0,139.0,773.0,0.0
2025,132.0,sensabr01,21.0,uta,sf,71.0,15.0,1432.0,275.0,599.0,0.459,157.0,372.0,0.422,118.0,227.0,0.52,0.59,65.0,73.0,0.89,42.0,168.0,210.0,110.0,46.0,8.0,107.0,111.0,772.0,0.0
2025,133.0,porteke02,24.0,tot,sg,75.0,4.0,1482.0,293.0,652.0,0.449,55.0,177.0,0.311,238.0,475.0,0.501,0.492,130.0,169.0,0.769,42.0,236.0,278.0,256.0,81.0,13.0,136.0,119.0,771.0,1.0
2025,134.0,yabusgu01,29.0,phi,c,70.0,43.0,1895.0,282.0,563.0,0.501,104.0,274.0,0.38,178.0,289.0,0.616,0.593,100.0,138.0,0.725,134.0,261.0,395.0,148.0,58.0,24.0,87.0,164.0,768.0,0.0
2025,135.0,collijo01,27.0,uta,pf,40.0,31.0,1220.0,280.0,531.0,0.527,59.0,148.0,0.399,221.0,383.0,0.577,0.583,139.0,164.0,0.848,89.0,238.0,327.0,80.0,39.0,40.0,103.0,116.0,758.0,0.0
2025,136.0,joeis01,25.0,okc,sg,74.0,16.0,1604.0,259.0,588.0,0.44,192.0,466.0,0.412,67.0,122.0,0.549,0.604,46.0,56.0,0.821,41.0,155.0,196.0,119.0,48.0,9.0,38.0,113.0,756.0,0.0
2025,137.0,wilsoja03,24.0,brk,pf,79.0,22.0,2031.0,246.0,620.0,0.397,122.0,362.0,0.337,124.0,258.0,0.481,0.495,135.0,165.0,0.818,75.0,195.0,270.0,145.0,40.0,5.0,79.0,164.0,749.0,0.0
2025,138.0,chrisma02,21.0,tot,sg,78.0,36.0,2127.0,252.0,590.0,0.427,115.0,314.0,0.366,137.0,276.0,0.496,0.525,130.0,152.0,0.855,38.0,220.0,258.0,146.0,64.0,31.0,88.0,115.0,749.0,0.0
2025,139.0,gordoaa01,29.0,den,pf,51.0,42.0,1447.0,264.0,497.0,0.531,75.0,172.0,0.436,189.0,325.0,0.582,0.607,145.0,179.0,0.81,80.0,167.0,247.0,164.0,23.0,14.0,73.0,82.0,748.0,0.0
2025,140.0,podzibr01,21.0,gsw,sg,64.0,33.0,1716.0,280.0,629.0,0.445,115.0,309.0,0.372,165.0,320.0,0.516,0.537,72.0,95.0,0.758,65.0,260.0,325.0,220.0,69.0,13.0,75.0,95.0,747.0,0.0
2025,141.0,willizi01,24.0,nop,pf,30.0,30.0,857.0,288.0,508.0,0.567,3.0,13.0,0.231,285.0,495.0,0.576,0.57,158.0,241.0,0.656,76.0,140.0,216.0,159.0,37.0,27.0,90.0,82.0,737.0,2.0
2025,142.0,blackan01,21.0,orl,pg,78.0,10.0,1887.0,262.0,620.0,0.423,62.0,195.0,0.318,200.0,425.0,0.471,0.473,150.0,197.0,0.761,52.0,178.0,230.0,240.0,86.0,48.0,139.0,166.0,736.0,0.0
2025,143.0,russeda01,28.0,tot,pg,58.0,36.0,1480.0,249.0,638.0,0.39,113.0,360.0,0.314,136.0,278.0,0.489,0.479,121.0,145.0,0.834,20.0,142.0,162.0,297.0,56.0,23.0,108.0,115.0,732.0,0.0
2025,144.0,coulibi01,20.0,was,sf,59.0,59.0,1948.0,263.0,624.0,0.421,63.0,224.0,0.281,200.0,400.0,0.5,0.472,138.0,185.0,0.746,91.0,203.0,294.0,199.0,78.0,41.0,125.0,139.0,727.0,1.0
2025,145.0,claxtni01,25.0,brk,c,70.0,62.0,1882.0,320.0,568.0,0.563,5.0,21.0,0.238,315.0,547.0,0.576,0.568,79.0,154.0,0.513,157.0,358.0,515.0,157.0,62.0,100.0,87.0,150.0,724.0,0.0
2025,146.0,moodymo01,22.0,gsw,sg,74.0,34.0,1649.0,246.0,568.0,0.433,126.0,337.0,0.374,120.0,231.0,0.519,0.544,106.0,133.0,0.797,52.0,137.0,189.0,96.0,59.0,31.0,54.0,116.0,724.0,0.0
2025,147.0,divindo01,28.0,min,sg,62.0,10.0,1606.0,250.0,593.0,0.422,174.0,438.0,0.397,76.0,155.0,0.49,0.568,49.0,63.0,0.778,32.0,196.0,228.0,225.0,73.0,17.0,99.0,114.0,723.0,0.0
2025,148.0,paulch01,39.0,sas,pg,82.0,82.0,2292.0,249.0,583.0,0.427,140.0,371.0,0.377,109.0,212.0,0.514,0.547,85.0,92.0,0.924,33.0,263.0,296.0,605.0,103.0,22.0,129.0,151.0,723.0,0.0
2025,149.0,mccontj01,32.0,ind,pg,79.0,1.0,1415.0,324.0,624.0,0.519,15.0,49.0,0.306,309.0,575.0,0.537,0.531,57.0,77.0,0.74,44.0,149.0,193.0,351.0,83.0,21.0,109.0,79.0,720.0,0.0
2025,150.0,dortlu01,25.0,okc,sf,71.0,71.0,2073.0,258.0,593.0,0.435,170.0,413.0,0.412,88.0,180.0,0.489,0.578,33.0,46.0,0.717,89.0,204.0,293.0,115.0,79.0,39.0,51.0,208.0,719.0,0.0
2025,151.0,kuminjo01,22.0,gsw,pf,47.0,10.0,1144.0,258.0,568.0,0.454,46.0,151.0,0.305,212.0,417.0,0.508,0.495,157.0,235.0,0.668,56.0,161.0,217.0,104.0,38.0,21.0,71.0,90.0,719.0,0.0
2025,152.0,knechda01,23.0,lal,sf,78.0,16.0,1494.0,257.0,557.0,0.461,128.0,340.0,0.376,129.0,217.0,0.594,0.576,64.0,84.0,0.762,37.0,179.0,216.0,66.0,24.0,8.0,37.0,93.0,706.0,0.0
2025,153.0,kispeco01,25.0,was,sf,61.0,0.0,1602.0,255.0,565.0,0.451,120.0,330.0,0.364,135.0,235.0,0.574,0.558,75.0,88.0,0.852,36.0,145.0,181.0,103.0,26.0,14.0,64.0,98.0,705.0,0.0
2025,154.0,gaffoda01,26.0,dal,c,57.0,31.0,1226.0,283.0,403.0,0.702,0.0,0.0,,283.0,403.0,0.702,0.702,135.0,196.0,0.689,155.0,233.0,388.0,80.0,23.0,102.0,66.0,152.0,701.0,0.0
2025,155.0,smithja05,21.0,hou,pf,57.0,39.0,1716.0,248.0,566.0,0.438,98.0,277.0,0.354,150.0,289.0,0.519,0.525,104.0,126.0,0.825,105.0,294.0,399.0,60.0,25.0,41.0,61.0,123.0,698.0,0.0
2025,156.0,coffeam01,27.0,lac,sg,72.0,13.0,1748.0,240.0,510.0,0.471,101.0,247.0,0.409,139.0,263.0,0.529,0.57,115.0,129.0,0.891,32.0,129.0,161.0,77.0,40.0,7.0,45.0,120.0,696.0,0.0
2025,157.0,filipky01,21.0,uta,c,72.0,27.0,1522.0,260.0,518.0,0.502,77.0,220.0,0.35,183.0,298.0,0.614,0.576,93.0,143.0,0.65,112.0,328.0,440.0,140.0,48.0,22.0,102.0,171.0,690.0,0.0
2025,158.0,buzelma01,20.0,chi,sf,80.0,31.0,1511.0,252.0,555.0,0.454,96.0,266.0,0.361,156.0,289.0,0.54,0.541,88.0,108.0,0.815,55.0,223.0,278.0,79.0,29.0,75.0,74.0,128.0,688.0,0.0
2025,159.0,easonta01,23.0,hou,pf,57.0,16.0,1420.0,272.0,559.0,0.487,63.0,184.0,0.342,209.0,375.0,0.557,0.543,79.0,104.0,0.76,128.0,234.0,362.0,83.0,97.0,50.0,65.0,136.0,686.0,0.0
2025,160.0,holidjr01,34.0,bos,pg,62.0,62.0,1896.0,254.0,573.0,0.443,108.0,306.0,0.353,146.0,267.0,0.547,0.538,70.0,77.0,0.909,76.0,189.0,265.0,239.0,66.0,27.0,77.0,101.0,686.0,0.0
2025,161.0,huertke01,26.0,tot,sg,69.0,31.0,1679.0,257.0,604.0,0.425,132.0,391.0,0.338,125.0,213.0,0.587,0.535,35.0,49.0,0.714,30.0,175.0,205.0,156.0,66.0,23.0,67.0,121.0,681.0,0.0
2025,162.0,allengr01,29.0,pho,sg,64.0,7.0,1544.0,219.0,489.0,0.448,149.0,350.0,0.426,70.0,139.0,0.504,0.6,93.0,114.0,0.816,34.0,160.0,194.0,137.0,54.0,19.0,75.0,95.0,680.0,0.0
2025,163.0,johnsja05,23.0,atl,sf,36.0,36.0,1284.0,271.0,542.0,0.5,44.0,141.0,0.312,227.0,401.0,0.566,0.541,94.0,126.0,0.746,62.0,297.0,359.0,181.0,56.0,36.0,106.0,67.0,680.0,1.0
2025,164.0,onealro01,31.0,pho,sf,75.0,22.0,1837.0,241.0,570.0,0.423,179.0,441.0,0.406,62.0,129.0,0.481,0.58,19.0,26.0,0.731,53.0,296.0,349.0,163.0,67.0,34.0,65.0,151.0,680.0,0.0
2025,165.0,portibo01,29.0,mil,pf,49.0,7.0,1244.0,277.0,595.0,0.466,65.0,178.0,0.365,212.0,417.0,0.508,0.52,61.0,73.0,0.836,90.0,321.0,411.0,104.0,35.0,26.0,57.0,94.0,680.0,0.0
2025,166.0,roziete01,30.0,mia,pg,64.0,23.0,1658.0,248.0,635.0,0.391,91.0,308.0,0.295,157.0,327.0,0.48,0.462,92.0,108.0,0.852,44.0,194.0,238.0,167.0,37.0,14.0,78.0,73.0,679.0,0.0
2025,167.0,grantje01,30.0,por,pf,47.0,47.0,1524.0,214.0,574.0,0.373,108.0,296.0,0.365,106.0,278.0,0.381,0.467,141.0,166.0,0.849,26.0,137.0,163.0,101.0,41.0,46.0,65.0,109.0,677.0,0.0
2025,168.0,caldwke01,31.0,orl,sg,77.0,77.0,2279.0,239.0,544.0,0.439,113.0,330.0,0.342,126.0,214.0,0.589,0.543,82.0,95.0,0.863,33.0,136.0,169.0,136.0,99.0,34.0,62.0,136.0,673.0,0.0
2025,169.0,willima07,23.0,cho,c,44.0,41.0,1171.0,270.0,447.0,0.604,0.0,4.0,0.0,270.0,443.0,0.609,0.604,131.0,163.0,0.804,132.0,315.0,447.0,109.0,32.0,54.0,71.0,105.0,671.0,0.0
2025,170.0,agbajoc01,24.0,tor,sg,64.0,45.0,1739.0,266.0,534.0,0.498,101.0,253.0,0.399,165.0,281.0,0.587,0.593,34.0,48.0,0.708,61.0,181.0,242.0,98.0,58.0,30.0,54.0,125.0,667.0,0.0
2025,171.0,elliske01,25.0,sac,sg,80.0,28.0,1948.0,227.0,464.0,0.489,139.0,321.0,0.433,88.0,143.0,0.615,0.639,73.0,86.0,0.849,60.0,152.0,212.0,120.0,121.0,63.0,71.0,176.0,666.0,0.0
2025,172.0,georgpa01,34.0,phi,pf,41.0,41.0,1334.0,245.0,570.0,0.43,96.0,268.0,0.358,149.0,302.0,0.493,0.514,79.0,97.0,0.814,24.0,195.0,219.0,178.0,75.0,20.0,106.0,101.0,665.0,0.0
2025,173.0,missiyv01,20.0,nop,c,73.0,67.0,1956.0,269.0,492.0,0.547,0.0,1.0,0.0,269.0,491.0,0.548,0.547,127.0,204.0,0.623,255.0,346.0,601.0,99.0,37.0,98.0,82.0,145.0,665.0,0.0
2025,174.0,princta02,30.0,mil,sf,80.0,73.0,2166.0,235.0,514.0,0.457,147.0,335.0,0.439,88.0,179.0,0.492,0.6,39.0,48.0,0.813,34.0,253.0,287.0,155.0,76.0,15.0,82.0,165.0,656.0,0.0
2025,175.0,nembhan01,25.0,ind,sg,65.0,65.0,1881.0,247.0,539.0,0.458,51.0,175.0,0.291,196.0,364.0,0.538,0.506,108.0,136.0,0.794,34.0,182.0,216.0,326.0,79.0,11.0,112.0,149.0,653.0,0.0
2025,176.0,kesslwa01,23.0,uta,c,58.0,58.0,1740.0,278.0,419.0,0.663,6.0,34.0,0.176,272.0,385.0,0.706,0.671,79.0,152.0,0.52,266.0,441.0,707.0,97.0,36.0,138.0,86.0,130.0,641.0,0.0
2025,177.0,harteis01,26.0,okc,c,57.0,53.0,1590.0,279.0,480.0,0.581,0.0,19.0,0.0,279.0,461.0,0.605,0.581,79.0,117.0,0.675,163.0,448.0,611.0,219.0,47.0,62.0,96.0,171.0,637.0,0.0
2025,178.0,willizi02,23.0,brk,sf,63.0,45.0,1541.0,214.0,520.0,0.412,103.0,302.0,0.341,111.0,218.0,0.509,0.511,101.0,123.0,0.821,61.0,226.0,287.0,84.0,62.0,28.0,67.0,149.0,632.0,0.0
2025,179.0,anthoco01,24.0,orl,pg,67.0,22.0,1234.0,230.0,543.0,0.424,77.0,218.0,0.353,153.0,325.0,0.471,0.494,93.0,113.0,0.823,46.0,158.0,204.0,191.0,45.0,32.0,103.0,151.0,630.0,0.0
2025,180.0,cartewe01,25.0,orl,c,68.0,51.0,1758.0,226.0,491.0,0.46,37.0,158.0,0.234,189.0,333.0,0.568,0.498,129.0,175.0,0.737,151.0,341.0,492.0,134.0,52.0,41.0,77.0,199.0,618.0,0.0
2025,181.0,sochaje01,21.0,sas,pf,54.0,23.0,1364.0,251.0,469.0,0.535,28.0,91.0,0.308,223.0,378.0,0.59,0.565,87.0,125.0,0.696,127.0,225.0,352.0,128.0,45.0,27.0,84.0,131.0,617.0,0.0
2025,182.0,colliis01,20.0,uta,pg,71.0,46.0,1839.0,234.0,555.0,0.422,42.0,169.0,0.249,192.0,386.0,0.497,0.459,105.0,154.0,0.682,32.0,203.0,235.0,446.0,66.0,16.0,208.0,149.0,615.0,0.0
2025,183.0,greendr01,34.0,gsw,pf,68.0,66.0,1983.0,216.0,509.0,0.424,80.0,246.0,0.325,136.0,263.0,0.517,0.503,101.0,147.0,0.687,74.0,340.0,414.0,383.0,99.0,70.0,174.0,219.0,613.0,1.0
2025,184.0,mcbrimi01,24.0,nyk,pg,64.0,10.0,1593.0,222.0,547.0,0.406,115.0,312.0,0.369,107.0,235.0,0.455,0.511,52.0,64.0,0.813,47.0,114.0,161.0,187.0,67.0,17.0,41.0,108.0,611.0,0.0
2025,185.0,edeyza01,22.0,mem,c,66.0,55.0,1416.0,251.0,433.0,0.58,18.0,52.0,0.346,233.0,381.0,0.612,0.6,90.0,127.0,0.709,232.0,316.0,548.0,65.0,36.0,85.0,88.0,182.0,610.0,0.0
2025,186.0,hausesa01,27.0,bos,pf,71.0,19.0,1541.0,214.0,474.0,0.451,166.0,399.0,0.416,48.0,75.0,0.64,0.627,11.0,11.0,1.0,44.0,180.0,224.0,64.0,41.0,13.0,23.0,87.0,605.0,0.0
2025,187.0,hawkijo01,22.0,nop,sg,56.0,9.0,1321.0,207.0,556.0,0.372,110.0,332.0,0.331,97.0,224.0,0.433,0.471,80.0,98.0,0.816,25.0,133.0,158.0,66.0,30.0,23.0,58.0,51.0,604.0,0.0
2025,188.0,clarkjo01,32.0,uta,sg,37.0,9.0,962.0,201.0,493.0,0.408,84.0,232.0,0.362,117.0,261.0,0.448,0.493,114.0,143.0,0.797,25.0,93.0,118.0,138.0,31.0,9.0,86.0,52.0,600.0,0.0
2025,189.0,thomaca02,23.0,brk,sg,25.0,23.0,781.0,199.0,454.0,0.438,68.0,195.0,0.349,131.0,259.0,0.506,0.513,133.0,151.0,0.881,15.0,68.0,83.0,94.0,15.0,2.0,62.0,44.0,599.0,0.0
2025,190.0,wareke01,20.0,mia,c,64.0,36.0,1422.0,257.0,464.0,0.554,35.0,111.0,0.315,222.0,353.0,0.629,0.592,46.0,67.0,0.687,116.0,357.0,473.0,60.0,39.0,71.0,57.0,111.0,595.0,0.0
2025,191.0,thompau01,22.0,det,sf,59.0,48.0,1328.0,246.0,460.0,0.535,11.0,49.0,0.224,235.0,411.0,0.572,0.547,91.0,142.0,0.641,111.0,192.0,303.0,134.0,98.0,40.0,80.0,164.0,594.0,0.0
2025,192.0,smithni01,20.0,cho,sg,60.0,27.0,1369.0,222.0,568.0,0.391,104.0,306.0,0.34,118.0,262.0,0.45,0.482,43.0,46.0,0.935,13.0,115.0,128.0,145.0,17.0,6.0,82.0,79.0,591.0,0.0
2025,193.0,georgky01,21.0,was,sg,68.0,38.0,1802.0,203.0,546.0,0.372,114.0,354.0,0.322,89.0,192.0,0.464,0.476,70.0,93.0,0.753,49.0,236.0,285.0,169.0,68.0,50.0,97.0,201.0,590.0,0.0
2025,194.0,strawju01,22.0,den,sg,65.0,4.0,1384.0,210.0,486.0,0.432,94.0,269.0,0.349,116.0,217.0,0.535,0.529,74.0,90.0,0.822,17.0,125.0,142.0,83.0,39.0,16.0,57.0,151.0,588.0,0.0
2025,195.0,mitchda01,26.0,tot,pg,74.0,37.0,2027.0,223.0,476.0,0.468,84.0,211.0,0.398,139.0,265.0,0.525,0.557,58.0,84.0,0.69,35.0,132.0,167.0,363.0,72.0,16.0,128.0,185.0,588.0,0.0
2025,196.0,bogdabo01,32.0,tot,sg,54.0,4.0,1348.0,210.0,492.0,0.427,105.0,289.0,0.363,105.0,203.0,0.517,0.534,58.0,66.0,0.879,24.0,135.0,159.0,146.0,41.0,11.0,74.0,127.0,583.0,0.0
2025,197.0,conlemi01,37.0,min,pg,71.0,64.0,1756.0,187.0,468.0,0.4,127.0,310.0,0.41,60.0,158.0,0.38,0.535,81.0,90.0,0.9,32.0,150.0,182.0,319.0,79.0,14.0,75.0,111.0,582.0,0.0
2025,198.0,alvarjo01,26.0,nop,pg,56.0,23.0,1366.0,204.0,521.0,0.392,111.0,309.0,0.359,93.0,212.0,0.439,0.498,60.0,74.0,0.811,27.0,109.0,136.0,259.0,74.0,14.0,86.0,91.0,579.0,0.0
2025,199.0,aytonde01,26.0,por,c,40.0,40.0,1206.0,265.0,468.0,0.566,6.0,32.0,0.188,259.0,436.0,0.594,0.573,40.0,60.0,0.667,124.0,282.0,406.0,64.0,31.0,39.0,69.0,88.0,576.0,0.0
2025,200.0,kennalu01,28.0,mem,sg,65.0,11.0,1472.0,206.0,431.0,0.478,113.0,261.0,0.433,93.0,170.0,0.547,0.609,51.0,57.0,0.895,37.0,146.0,183.0,215.0,50.0,5.0,72.0,59.0,576.0,0.0
2025,201.0,juzanjo01,23.0,uta,sg,64.0,18.0,1270.0,204.0,475.0,0.429,118.0,314.0,0.376,86.0,161.0,0.534,0.554,45.0,53.0,0.849,42.0,142.0,184.0,68.0,39.0,8.0,36.0,126.0,571.0,0.0
2025,202.0,jaqueja01,23.0,mia,sf,66.0,17.0,1368.0,213.0,462.0,0.461,37.0,119.0,0.311,176.0,343.0,0.513,0.501,107.0,142.0,0.754,84.0,206.0,290.0,166.0,61.0,14.0,98.0,81.0,570.0,1.0
2025,203.0,millebr02,22.0,cho,sf,27.0,27.0,924.0,198.0,491.0,0.403,104.0,293.0,0.355,94.0,198.0,0.475,0.509,68.0,79.0,0.861,25.0,106.0,131.0,98.0,29.0,20.0,76.0,74.0,568.0,0.0
2025,204.0,wallaca01,21.0,okc,sg,68.0,43.0,1876.0,232.0,489.0,0.474,74.0,208.0,0.356,158.0,281.0,0.562,0.55,30.0,37.0,0.811,71.0,158.0,229.0,173.0,120.0,35.0,59.0,145.0,568.0,0.0
2025,205.0,suggsja01,23.0,orl,pg,35.0,35.0,1002.0,197.0,481.0,0.41,76.0,242.0,0.314,121.0,239.0,0.506,0.489,97.0,110.0,0.882,23.0,118.0,141.0,129.0,51.0,33.0,102.0,98.0,567.0,0.0
2025,206.0,dosunay01,25.0,chi,sg,46.0,26.0,1394.0,221.0,449.0,0.492,62.0,189.0,0.328,159.0,260.0,0.612,0.561,62.0,79.0,0.785,26.0,135.0,161.0,208.0,43.0,18.0,69.0,105.0,566.0,1.0
2025,207.0,willipa01,23.0,chi,pf,63.0,36.0,1576.0,205.0,516.0,0.397,96.0,272.0,0.353,109.0,244.0,0.447,0.49,60.0,83.0,0.723,43.0,194.0,237.0,124.0,48.0,32.0,86.0,88.0,566.0,0.0
2025,208.0,quickim01,25.0,tor,pg,33.0,33.0,918.0,184.0,438.0,0.42,85.0,225.0,0.378,99.0,213.0,0.465,0.517,111.0,128.0,0.867,16.0,101.0,117.0,191.0,23.0,4.0,58.0,61.0,564.0,0.0
2025,209.0,bantoda01,25.0,por,pg,67.0,7.0,1120.0,198.0,507.0,0.391,72.0,222.0,0.324,126.0,285.0,0.442,0.462,91.0,125.0,0.728,30.0,105.0,135.0,160.0,43.0,34.0,86.0,58.0,559.0,0.0
2025,210.0,watsope01,22.0,den,sf,68.0,18.0,1656.0,204.0,428.0,0.477,48.0,136.0,0.353,156.0,292.0,0.534,0.533,95.0,137.0,0.693,47.0,186.0,233.0,94.0,48.0,93.0,56.0,123.0,551.0,0.0
2025,211.0,finnedo01,31.0,tot,pf,63.0,40.0,1818.0,195.0,435.0,0.448,129.0,314.0,0.411,66.0,121.0,0.545,0.597,30.0,45.0,0.667,80.0,167.0,247.0,90.0,58.0,23.0,56.0,136.0,549.0,0.0
2025,212.0,champju01,23.0,was,sf,62.0,31.0,1340.0,210.0,411.0,0.511,74.0,193.0,0.383,136.0,218.0,0.624,0.601,50.0,73.0,0.685,112.0,239.0,351.0,60.0,65.0,39.0,54.0,110.0,544.0,0.0
2025,213.0,murrade01,28.0,nop,pg,31.0,31.0,1012.0,194.0,494.0,0.393,52.0,174.0,0.299,142.0,320.0,0.444,0.445,102.0,124.0,0.823,17.0,183.0,200.0,228.0,63.0,12.0,106.0,61.0,542.0,1.0
2025,214.0,greenaj01,25.0,mil,sg,73.0,7.0,1659.0,182.0,424.0,0.429,155.0,363.0,0.427,27.0,61.0,0.443,0.612,22.0,27.0,0.815,18.0,156.0,174.0,108.0,37.0,7.0,40.0,157.0,541.0,0.0
2025,215.0,nesmiaa01,25.0,ind,sf,45.0,37.0,1123.0,192.0,379.0,0.507,84.0,195.0,0.431,108.0,184.0,0.587,0.617,73.0,80.0,0.913,37.0,141.0,178.0,54.0,35.0,17.0,37.0,114.0,541.0,0.0
2025,216.0,butleja02,24.0,tot,sg,60.0,17.0,1044.0,203.0,453.0,0.448,60.0,169.0,0.355,143.0,284.0,0.504,0.514,75.0,91.0,0.824,25.0,85.0,110.0,220.0,42.0,13.0,80.0,97.0,541.0,0.0
2025,217.0,horfoal01,38.0,bos,c,60.0,42.0,1659.0,195.0,461.0,0.423,114.0,314.0,0.363,81.0,147.0,0.551,0.547,34.0,38.0,0.895,79.0,290.0,369.0,128.0,36.0,51.0,46.0,81.0,538.0,0.0
2025,218.0,clarkbr01,28.0,mem,pf,64.0,18.0,1207.0,236.0,380.0,0.621,1.0,17.0,0.059,235.0,363.0,0.647,0.622,61.0,87.0,0.701,127.0,199.0,326.0,66.0,52.0,36.0,41.0,145.0,534.0,0.0
2025,219.0,dasiltr01,23.0,orl,sf,74.0,38.0,1629.0,199.0,483.0,0.412,80.0,239.0,0.335,119.0,244.0,0.488,0.495,55.0,63.0,0.873,73.0,172.0,245.0,113.0,33.0,18.0,56.0,94.0,533.0,0.0
2025,220.0,sheadja01,22.0,tor,pg,75.0,11.0,1467.0,204.0,504.0,0.405,72.0,223.0,0.323,132.0,281.0,0.47,0.476,53.0,69.0,0.768,30.0,85.0,115.0,316.0,58.0,10.0,117.0,158.0,533.0,0.0
2025,221.0,councri01,23.0,phi,sf,73.0,12.0,1250.0,177.0,463.0,0.382,55.0,213.0,0.258,122.0,250.0,0.488,0.442,123.0,153.0,0.804,51.0,163.0,214.0,97.0,32.0,13.0,52.0,67.0,532.0,0.0
2025,222.0,richani01,27.0,tot,c,57.0,43.0,1256.0,205.0,347.0,0.591,0.0,2.0,0.0,205.0,345.0,0.594,0.591,119.0,160.0,0.744,148.0,318.0,466.0,49.0,14.0,55.0,81.0,141.0,529.0,0.0
2025,223.0,iveyja01,22.0,det,sg,30.0,30.0,898.0,190.0,413.0,0.46,63.0,154.0,0.409,127.0,259.0,0.49,0.536,85.0,116.0,0.733,40.0,84.0,124.0,119.0,28.0,11.0,89.0,67.0,528.0,0.0
2025,224.0,smithja04,24.0,chi,c,64.0,2.0,962.0,190.0,408.0,0.466,72.0,222.0,0.324,118.0,186.0,0.634,0.554,72.0,89.0,0.809,89.0,268.0,357.0,65.0,17.0,44.0,37.0,95.0,524.0,0.0
2025,225.0,martity01,25.0,brk,sg,60.0,11.0,1315.0,189.0,465.0,0.406,99.0,282.0,0.351,90.0,183.0,0.492,0.513,46.0,58.0,0.793,58.0,161.0,219.0,122.0,34.0,9.0,74.0,77.0,523.0,0.0
2025,226.0,hollaro01,19.0,det,sf,81.0,2.0,1266.0,197.0,416.0,0.474,36.0,151.0,0.238,161.0,265.0,0.608,0.517,92.0,122.0,0.754,40.0,178.0,218.0,82.0,49.0,17.0,72.0,141.0,522.0,0.0
2025,227.0,mannte01,28.0,tot,sg,67.0,13.0,1414.0,205.0,413.0,0.496,60.0,163.0,0.368,145.0,250.0,0.58,0.569,47.0,68.0,0.691,68.0,131.0,199.0,121.0,47.0,15.0,47.0,128.0,517.0,0.0
2025,228.0,dunnry01,22.0,pho,sf,74.0,44.0,1410.0,205.0,477.0,0.43,82.0,264.0,0.311,123.0,213.0,0.577,0.516,19.0,39.0,0.487,92.0,175.0,267.0,57.0,44.0,40.0,40.0,162.0,511.0,0.0
2025,229.0,merrisa01,28.0,cle,sg,71.0,4.0,1401.0,172.0,424.0,0.406,137.0,368.0,0.372,35.0,56.0,0.625,0.567,28.0,29.0,0.966,38.0,119.0,157.0,108.0,53.0,14.0,35.0,124.0,509.0,0.0
2025,230.0,greenjo02,24.0,cho,sg,68.0,67.0,1887.0,180.0,421.0,0.428,97.0,248.0,0.391,83.0,173.0,0.48,0.543,49.0,72.0,0.681,56.0,116.0,172.0,108.0,74.0,15.0,70.0,165.0,506.0,0.0
2025,231.0,bitadgo01,25.0,orl,c,70.0,42.0,1430.0,207.0,339.0,0.611,3.0,28.0,0.107,204.0,311.0,0.656,0.615,85.0,133.0,0.639,167.0,296.0,463.0,137.0,49.0,98.0,72.0,150.0,502.0,0.0
2025,232.0,bouchch01,32.0,tor,pf,50.0,0.0,862.0,182.0,370.0,0.492,70.0,193.0,0.363,112.0,177.0,0.633,0.586,68.0,87.0,0.782,70.0,154.0,224.0,33.0,24.0,25.0,29.0,68.0,502.0,0.0
2025,233.0,payneca01,30.0,nyk,pg,72.0,5.0,1090.0,179.0,446.0,0.401,93.0,256.0,0.363,86.0,190.0,0.453,0.506,49.0,54.0,0.907,14.0,90.0,104.0,203.0,39.0,16.0,52.0,111.0,500.0,0.0
2025,234.0,hardyja02,22.0,dal,sg,57.0,3.0,907.0,180.0,414.0,0.435,76.0,197.0,0.386,104.0,217.0,0.479,0.527,60.0,86.0,0.698,9.0,80.0,89.0,81.0,28.0,5.0,82.0,90.0,496.0,0.0
2025,235.0,jovicni01,21.0,mia,pf,46.0,10.0,1156.0,172.0,377.0,0.456,78.0,210.0,0.371,94.0,167.0,0.563,0.56,72.0,87.0,0.828,26.0,154.0,180.0,131.0,38.0,13.0,60.0,82.0,494.0,0.0
2025,236.0,capelca01,30.0,atl,c,55.0,41.0,1176.0,218.0,390.0,0.559,0.0,1.0,0.0,218.0,389.0,0.56,0.559,52.0,97.0,0.536,174.0,295.0,469.0,62.0,34.0,53.0,47.0,106.0,488.0,0.0
2025,237.0,holmgch01,22.0,okc,c,32.0,32.0,877.0,167.0,341.0,0.49,44.0,116.0,0.379,123.0,225.0,0.547,0.554,101.0,134.0,0.754,48.0,209.0,257.0,63.0,23.0,71.0,56.0,72.0,479.0,0.0
2025,238.0,highsha01,28.0,mia,sf,74.0,42.0,1818.0,179.0,391.0,0.458,89.0,233.0,0.382,90.0,158.0,0.57,0.572,31.0,43.0,0.721,72.0,180.0,252.0,112.0,68.0,37.0,54.0,164.0,478.0,0.0
2025,239.0,whitmca01,20.0,hou,sf,51.0,3.0,827.0,179.0,403.0,0.444,65.0,183.0,0.355,114.0,220.0,0.518,0.525,54.0,72.0,0.75,36.0,115.0,151.0,49.0,31.0,13.0,46.0,44.0,477.0,0.0
2025,240.0,dunnkr01,30.0,lac,pg,74.0,58.0,1783.0,192.0,437.0,0.439,75.0,224.0,0.335,117.0,213.0,0.549,0.525,15.0,22.0,0.682,53.0,198.0,251.0,210.0,128.0,27.0,74.0,197.0,474.0,0.0
2025,241.0,strusma01,28.0,cle,sf,50.0,37.0,1273.0,165.0,373.0,0.442,113.0,293.0,0.386,52.0,80.0,0.65,0.594,28.0,34.0,0.824,53.0,164.0,217.0,158.0,26.0,12.0,54.0,104.0,471.0,0.0
2025,242.0,walkeja02,21.0,ind,pf,75.0,5.0,1187.0,170.0,360.0,0.472,75.0,185.0,0.405,95.0,175.0,0.543,0.576,46.0,69.0,0.667,25.0,204.0,229.0,110.0,54.0,25.0,78.0,115.0,461.0,0.0
2025,243.0,vincega01,28.0,lal,pg,72.0,11.0,1527.0,168.0,420.0,0.4,109.0,309.0,0.353,59.0,111.0,0.532,0.53,15.0,21.0,0.714,20.0,72.0,92.0,98.0,51.0,13.0,41.0,152.0,460.0,0.0
2025,244.0,laravja01,23.0,tot,pf,66.0,0.0,1349.0,160.0,337.0,0.475,60.0,142.0,0.423,100.0,195.0,0.513,0.564,78.0,115.0,0.678,90.0,169.0,259.0,158.0,62.0,23.0,86.0,132.0,458.0,0.0
2025,245.0,nurkiju01,30.0,tot,c,51.0,32.0,1063.0,168.0,352.0,0.477,32.0,105.0,0.305,136.0,247.0,0.551,0.523,85.0,128.0,0.664,85.0,313.0,398.0,115.0,40.0,34.0,97.0,130.0,453.0,0.0
2025,246.0,embiijo01,30.0,phi,c,19.0,19.0,574.0,140.0,315.0,0.444,23.0,77.0,0.299,117.0,238.0,0.492,0.481,149.0,169.0,0.882,36.0,119.0,155.0,85.0,14.0,18.0,62.0,42.0,452.0,1.0
2025,247.0,lylestr01,29.0,sac,pf,69.0,5.0,1349.0,157.0,374.0,0.42,81.0,238.0,0.34,76.0,136.0,0.559,0.528,56.0,80.0,0.7,80.0,236.0,316.0,82.0,41.0,23.0,39.0,86.0,451.0,0.0
2025,248.0,watfotr01,24.0,brk,pf,44.0,6.0,913.0,164.0,350.0,0.469,29.0,88.0,0.33,135.0,262.0,0.515,0.51,93.0,122.0,0.762,37.0,123.0,160.0,115.0,27.0,12.0,83.0,95.0,450.0,0.0
2025,249.0,walteja01,20.0,tor,sg,52.0,18.0,1103.0,159.0,393.0,0.405,65.0,186.0,0.349,94.0,207.0,0.454,0.487,66.0,83.0,0.795,59.0,101.0,160.0,81.0,43.0,10.0,50.0,95.0,449.0,0.0
2025,250.0,bostobr01,23.0,nop,sg,42.0,10.0,993.0,166.0,381.0,0.436,49.0,140.0,0.35,117.0,241.0,0.485,0.5,67.0,85.0,0.788,28.0,106.0,134.0,92.0,53.0,9.0,52.0,73.0,448.0,0.0
2025,251.0,fontesi01,29.0,det,sf,75.0,0.0,1237.0,150.0,373.0,0.402,76.0,227.0,0.335,74.0,146.0,0.507,0.504,70.0,84.0,0.833,52.0,163.0,215.0,65.0,31.0,12.0,54.0,95.0,446.0,0.0
2025,252.0,edwarju01,21.0,phi,sf,44.0,26.0,1155.0,172.0,378.0,0.455,69.0,190.0,0.363,103.0,188.0,0.548,0.546,32.0,46.0,0.696,46.0,102.0,148.0,69.0,45.0,16.0,49.0,98.0,445.0,0.0
2025,253.0,curryse01,34.0,cho,sg,68.0,14.0,1062.0,164.0,343.0,0.478,83.0,182.0,0.456,81.0,161.0,0.503,0.599,33.0,39.0,0.846,24.0,89.0,113.0,60.0,27.0,7.0,32.0,59.0,444.0,0.0
2025,254.0,kornelu01,29.0,bos,c,73.0,16.0,1361.0,187.0,280.0,0.668,0.0,3.0,0.0,187.0,277.0,0.675,0.668,67.0,97.0,0.691,190.0,198.0,388.0,117.0,36.0,71.0,31.0,119.0,441.0,0.0
2025,255.0,middlkh01,33.0,tot,sf,37.0,21.0,843.0,160.0,337.0,0.475,48.0,133.0,0.361,112.0,204.0,0.549,0.546,72.0,84.0,0.857,13.0,124.0,137.0,150.0,35.0,8.0,56.0,75.0,440.0,0.0
2025,256.0,huffja01,26.0,mem,c,64.0,2.0,748.0,157.0,305.0,0.515,81.0,200.0,0.405,76.0,105.0,0.724,0.648,44.0,56.0,0.786,30.0,99.0,129.0,38.0,16.0,56.0,34.0,78.0,439.0,0.0
2025,257.0,clingdo01,20.0,por,c,67.0,37.0,1324.0,180.0,334.0,0.539,14.0,49.0,0.286,166.0,285.0,0.582,0.56,62.0,104.0,0.596,217.0,310.0,527.0,77.0,34.0,110.0,72.0,189.0,436.0,0.0
2025,258.0,willike04,30.0,okc,pf,69.0,7.0,1132.0,171.0,354.0,0.483,66.0,171.0,0.386,105.0,183.0,0.574,0.576,28.0,39.0,0.718,65.0,176.0,241.0,97.0,43.0,10.0,39.0,110.0,436.0,0.0
2025,259.0,stewais01,23.0,det,c,72.0,4.0,1434.0,176.0,315.0,0.559,17.0,53.0,0.321,159.0,262.0,0.607,0.586,66.0,87.0,0.759,130.0,269.0,399.0,123.0,28.0,101.0,68.0,183.0,435.0,0.0
2025,260.0,bryanth01,27.0,tot,c,66.0,8.0,963.0,163.0,321.0,0.508,48.0,148.0,0.324,115.0,173.0,0.665,0.583,55.0,64.0,0.859,83.0,168.0,251.0,53.0,28.0,41.0,30.0,76.0,429.0,0.0
2025,261.0,clownno01,20.0,brk,pf,46.0,20.0,1042.0,133.0,372.0,0.358,87.0,261.0,0.333,46.0,111.0,0.414,0.474,67.0,80.0,0.838,43.0,138.0,181.0,40.0,24.0,21.0,46.0,105.0,420.0,0.0
2025,262.0,battlja01,23.0,tor,sf,59.0,10.0,1042.0,149.0,347.0,0.429,105.0,259.0,0.405,44.0,88.0,0.5,0.581,16.0,18.0,0.889,37.0,121.0,158.0,53.0,17.0,10.0,27.0,92.0,419.0,0.0
2025,263.0,robinje02,24.0,nop,pf,66.0,9.0,1239.0,158.0,347.0,0.455,56.0,164.0,0.341,102.0,183.0,0.557,0.536,46.0,55.0,0.836,110.0,205.0,315.0,88.0,39.0,7.0,51.0,79.0,418.0,0.0
2025,264.0,krejcvi01,24.0,atl,pg,57.0,16.0,1153.0,145.0,292.0,0.497,90.0,206.0,0.437,55.0,86.0,0.64,0.651,32.0,45.0,0.711,22.0,134.0,156.0,147.0,36.0,26.0,50.0,105.0,412.0,0.0
2025,265.0,jackstr02,24.0,gsw,c,62.0,37.0,967.0,174.0,302.0,0.576,0.0,3.0,0.0,174.0,299.0,0.582,0.576,59.0,102.0,0.578,122.0,189.0,311.0,104.0,23.0,38.0,45.0,73.0,407.0,0.0
2025,266.0,colliza01,27.0,tot,pf,64.0,12.0,977.0,153.0,302.0,0.507,32.0,106.0,0.302,121.0,196.0,0.617,0.56,69.0,78.0,0.885,102.0,186.0,288.0,111.0,29.0,29.0,60.0,132.0,407.0,0.0
2025,267.0,diabamo01,23.0,cho,c,71.0,8.0,1241.0,167.0,280.0,0.596,0.0,6.0,0.0,167.0,274.0,0.609,0.596,69.0,116.0,0.595,187.0,251.0,438.0,56.0,46.0,40.0,61.0,109.0,403.0,0.0
2025,268.0,ingrabr01,27.0,nop,sf,18.0,18.0,595.0,155.0,333.0,0.465,43.0,115.0,0.374,112.0,218.0,0.514,0.53,47.0,55.0,0.855,17.0,83.0,100.0,93.0,16.0,11.0,69.0,45.0,400.0,0.0
2025,269.0,paytoga02,32.0,gsw,sg,62.0,11.0,927.0,171.0,298.0,0.574,31.0,95.0,0.326,140.0,203.0,0.69,0.626,27.0,38.0,0.711,53.0,132.0,185.0,83.0,52.0,17.0,39.0,108.0,400.0,0.0
2025,270.0,sharpda01,23.0,brk,c,50.0,2.0,907.0,165.0,317.0,0.521,11.0,45.0,0.244,154.0,272.0,0.566,0.538,56.0,74.0,0.757,149.0,181.0,330.0,91.0,41.0,42.0,63.0,113.0,397.0,0.0
2025,271.0,mogbojo01,23.0,tor,pf,63.0,18.0,1286.0,156.0,356.0,0.438,17.0,70.0,0.243,139.0,286.0,0.486,0.462,60.0,82.0,0.732,109.0,202.0,311.0,146.0,55.0,34.0,70.0,136.0,389.0,1.0
2025,272.0,wagnemo01,27.0,orl,c,30.0,1.0,564.0,140.0,249.0,0.562,27.0,75.0,0.36,113.0,174.0,0.649,0.616,79.0,110.0,0.718,40.0,108.0,148.0,42.0,24.0,12.0,49.0,55.0,386.0,0.0
2025,273.0,mamuksa01,25.0,sas,pf,61.0,0.0,681.0,141.0,281.0,0.502,60.0,161.0,0.373,81.0,120.0,0.675,0.609,43.0,58.0,0.741,62.0,125.0,187.0,48.0,22.0,17.0,26.0,60.0,385.0,0.0
2025,274.0,olynyke01,33.0,tot,c,44.0,22.0,891.0,134.0,268.0,0.5,33.0,79.0,0.418,101.0,189.0,0.534,0.562,83.0,108.0,0.769,62.0,144.0,206.0,128.0,33.0,19.0,76.0,123.0,384.0,0.0
2025,275.0,hayesja02,24.0,lal,c,56.0,35.0,1093.0,161.0,223.0,0.722,0.0,3.0,0.0,161.0,220.0,0.732,0.722,61.0,98.0,0.622,78.0,191.0,269.0,58.0,31.0,51.0,43.0,136.0,383.0,0.0
2025,276.0,carusal01,30.0,okc,sg,54.0,3.0,1041.0,140.0,314.0,0.446,60.0,170.0,0.353,80.0,144.0,0.556,0.541,42.0,51.0,0.824,38.0,121.0,159.0,137.0,87.0,30.0,37.0,102.0,382.0,0.0
2025,277.0,isaacjo01,27.0,orl,pf,71.0,1.0,1090.0,134.0,324.0,0.414,39.0,151.0,0.258,95.0,173.0,0.549,0.474,73.0,107.0,0.682,120.0,194.0,314.0,40.0,61.0,80.0,33.0,90.0,380.0,0.0
2025,278.0,achiupr01,25.0,nyk,c,57.0,10.0,1170.0,164.0,327.0,0.502,10.0,36.0,0.278,154.0,291.0,0.529,0.517,41.0,69.0,0.594,101.0,216.0,317.0,55.0,47.0,42.0,45.0,81.0,379.0,0.0
2025,279.0,hortota01,24.0,chi,sg,58.0,0.0,724.0,133.0,291.0,0.457,41.0,122.0,0.336,92.0,169.0,0.544,0.527,72.0,98.0,0.735,19.0,81.0,100.0,83.0,21.0,11.0,40.0,59.0,379.0,0.0
2025,280.0,sassema01,24.0,det,pg,57.0,1.0,811.0,137.0,296.0,0.463,58.0,152.0,0.382,79.0,144.0,0.549,0.561,43.0,51.0,0.843,18.0,51.0,69.0,133.0,37.0,4.0,54.0,72.0,375.0,0.0
2025,281.0,phillju01,21.0,chi,sf,79.0,5.0,1123.0,128.0,287.0,0.446,50.0,153.0,0.327,78.0,134.0,0.582,0.533,60.0,76.0,0.789,67.0,102.0,169.0,39.0,38.0,20.0,27.0,108.0,366.0,0.0
2025,282.0,martico01,29.0,tot,sf,53.0,8.0,1173.0,136.0,325.0,0.418,43.0,151.0,0.285,93.0,174.0,0.534,0.485,43.0,61.0,0.705,53.0,171.0,224.0,105.0,56.0,32.0,51.0,95.0,358.0,0.0
2025,283.0,anderky01,31.0,tot,pf,61.0,4.0,1002.0,142.0,303.0,0.469,25.0,70.0,0.357,117.0,233.0,0.502,0.51,48.0,65.0,0.738,53.0,153.0,206.0,145.0,40.0,33.0,37.0,81.0,357.0,0.0
2025,284.0,burksal01,33.0,mia,sg,49.0,14.0,863.0,115.0,271.0,0.424,88.0,207.0,0.425,27.0,64.0,0.422,0.587,38.0,49.0,0.776,15.0,109.0,124.0,55.0,28.0,7.0,29.0,37.0,356.0,0.0
2025,285.0,martica02,29.0,tot,sf,45.0,24.0,1218.0,129.0,304.0,0.424,37.0,103.0,0.359,92.0,201.0,0.458,0.485,61.0,98.0,0.622,53.0,124.0,177.0,95.0,46.0,23.0,56.0,87.0,356.0,0.0
2025,286.0,mathega01,28.0,atl,sg,47.0,2.0,830.0,102.0,257.0,0.397,85.0,218.0,0.39,17.0,39.0,0.436,0.562,64.0,78.0,0.821,13.0,74.0,87.0,60.0,26.0,15.0,31.0,81.0,353.0,0.0
2025,287.0,salauti01,19.0,cho,pf,60.0,10.0,1244.0,114.0,345.0,0.33,58.0,205.0,0.283,56.0,140.0,0.4,0.414,67.0,94.0,0.713,70.0,210.0,280.0,74.0,29.0,14.0,58.0,84.0,353.0,0.0
2025,288.0,mccaija01,20.0,phi,sg,23.0,8.0,592.0,126.0,274.0,0.46,51.0,133.0,0.383,75.0,141.0,0.532,0.553,49.0,56.0,0.875,13.0,43.0,56.0,60.0,15.0,0.0,37.0,37.0,352.0,0.0
2025,289.0,rolliry01,22.0,mil,pg,56.0,19.0,820.0,132.0,271.0,0.487,49.0,120.0,0.408,83.0,151.0,0.55,0.577,36.0,45.0,0.8,21.0,87.0,108.0,104.0,42.0,17.0,53.0,88.0,349.0,0.0
2025,290.0,greenja02,31.0,tot,sg,68.0,19.0,1258.0,123.0,287.0,0.429,46.0,141.0,0.326,77.0,146.0,0.527,0.509,55.0,76.0,0.724,59.0,159.0,218.0,56.0,65.0,31.0,32.0,98.0,347.0,0.0
2025,291.0,looneke01,28.0,gsw,c,76.0,6.0,1142.0,143.0,278.0,0.514,2.0,5.0,0.4,141.0,273.0,0.516,0.518,56.0,99.0,0.566,185.0,277.0,462.0,118.0,46.0,37.0,39.0,154.0,344.0,0.0
2025,292.0,holidaa01,28.0,hou,pg,62.0,3.0,792.0,117.0,268.0,0.437,72.0,181.0,0.398,45.0,87.0,0.517,0.571,34.0,41.0,0.829,13.0,65.0,78.0,83.0,19.0,11.0,37.0,64.0,340.0,0.0
2025,293.0,postqu01,24.0,gsw,pf,42.0,14.0,686.0,123.0,274.0,0.449,73.0,179.0,0.408,50.0,95.0,0.526,0.582,21.0,27.0,0.778,35.0,113.0,148.0,56.0,16.0,18.0,33.0,83.0,340.0,0.0
2025,294.0,brownbr01,28.0,tot,pg,41.0,12.0,922.0,130.0,309.0,0.421,27.0,81.0,0.333,103.0,228.0,0.452,0.464,53.0,65.0,0.815,40.0,124.0,164.0,84.0,34.0,10.0,39.0,71.0,340.0,0.0
2025,295.0,bonaad01,21.0,phi,c,58.0,11.0,905.0,135.0,192.0,0.703,0.0,1.0,0.0,135.0,191.0,0.707,0.703,67.0,100.0,0.67,92.0,153.0,245.0,27.0,26.0,69.0,61.0,125.0,337.0,0.0
2025,296.0,okorois01,24.0,cle,sg,55.0,22.0,1053.0,124.0,267.0,0.464,56.0,151.0,0.371,68.0,116.0,0.586,0.569,33.0,46.0,0.717,49.0,81.0,130.0,68.0,32.0,16.0,23.0,104.0,337.0,0.0
2025,297.0,mykhasv01,27.0,uta,sf,38.0,13.0,760.0,118.0,302.0,0.391,70.0,203.0,0.345,48.0,99.0,0.485,0.507,28.0,35.0,0.8,22.0,68.0,90.0,76.0,19.0,7.0,52.0,43.0,334.0,0.0
2025,298.0,plumlma01,34.0,pho,c,74.0,21.0,1300.0,125.0,202.0,0.619,0.0,4.0,0.0,125.0,198.0,0.631,0.619,83.0,128.0,0.648,116.0,339.0,455.0,134.0,33.0,47.0,59.0,154.0,333.0,0.0
2025,299.0,sheppbe01,23.0,ind,sg,63.0,9.0,1228.0,120.0,287.0,0.418,68.0,199.0,0.342,52.0,88.0,0.591,0.537,24.0,27.0,0.889,44.0,133.0,177.0,85.0,38.0,14.0,22.0,125.0,332.0,0.0
2025,300.0,vukcetr01,21.0,was,c,35.0,1.0,513.0,120.0,242.0,0.496,38.0,102.0,0.373,82.0,140.0,0.586,0.574,52.0,67.0,0.776,26.0,104.0,130.0,39.0,11.0,23.0,42.0,57.0,330.0,0.0
2025,301.0,jonestr01,25.0,tot,pg,46.0,9.0,905.0,128.0,238.0,0.538,19.0,48.0,0.396,109.0,190.0,0.574,0.578,55.0,67.0,0.821,31.0,85.0,116.0,192.0,37.0,10.0,35.0,55.0,330.0,0.0
2025,302.0,terryda01,22.0,chi,sg,73.0,5.0,987.0,120.0,268.0,0.448,37.0,104.0,0.356,83.0,164.0,0.506,0.517,49.0,69.0,0.71,38.0,86.0,124.0,97.0,44.0,15.0,53.0,114.0,326.0,0.0
2025,303.0,matkoka01,23.0,nop,pf,42.0,7.0,791.0,135.0,235.0,0.574,21.0,66.0,0.318,114.0,169.0,0.675,0.619,34.0,44.0,0.773,64.0,145.0,209.0,46.0,22.0,41.0,43.0,106.0,325.0,0.0
2025,304.0,wadede01,28.0,cle,pf,59.0,30.0,1252.0,112.0,271.0,0.413,80.0,222.0,0.36,32.0,49.0,0.653,0.561,16.0,30.0,0.533,51.0,198.0,249.0,76.0,42.0,20.0,22.0,101.0,320.0,0.0
2025,305.0,jeffrda01,27.0,cho,sg,47.0,20.0,1071.0,118.0,291.0,0.405,55.0,164.0,0.335,63.0,127.0,0.496,0.5,24.0,30.0,0.8,37.0,98.0,135.0,53.0,26.0,25.0,35.0,99.0,315.0,0.0
2025,306.0,miltosh01,28.0,tot,sg,57.0,2.0,837.0,115.0,254.0,0.453,38.0,106.0,0.358,77.0,148.0,0.52,0.528,47.0,59.0,0.797,31.0,73.0,104.0,102.0,25.0,4.0,40.0,67.0,315.0,0.0
2025,307.0,livelde01,20.0,dal,c,36.0,29.0,833.0,134.0,191.0,0.702,0.0,0.0,,134.0,191.0,0.702,0.702,46.0,73.0,0.63,104.0,166.0,270.0,85.0,20.0,56.0,41.0,100.0,314.0,0.0
2025,308.0,batumni01,36.0,lac,pf,78.0,8.0,1367.0,104.0,238.0,0.437,88.0,203.0,0.433,16.0,35.0,0.457,0.622,17.0,21.0,0.81,47.0,171.0,218.0,84.0,52.0,36.0,34.0,111.0,313.0,0.0
2025,309.0,walkeja01,22.0,por,sf,60.0,1.0,749.0,118.0,229.0,0.515,28.0,72.0,0.389,90.0,157.0,0.573,0.576,49.0,71.0,0.69,59.0,152.0,211.0,37.0,33.0,6.0,34.0,87.0,313.0,0.0
2025,310.0,quetane01,25.0,bos,c,62.0,6.0,863.0,132.0,203.0,0.65,0.0,3.0,0.0,132.0,200.0,0.66,0.65,46.0,61.0,0.754,89.0,147.0,236.0,45.0,18.0,42.0,40.0,106.0,310.0,0.0
2025,311.0,brogdma01,32.0,was,pg,24.0,13.0,564.0,104.0,240.0,0.433,16.0,56.0,0.286,88.0,184.0,0.478,0.467,81.0,92.0,0.88,21.0,70.0,91.0,98.0,13.0,5.0,38.0,30.0,305.0,0.0
2025,312.0,reevean01,24.0,nop,sg,44.0,6.0,660.0,113.0,248.0,0.456,51.0,129.0,0.395,62.0,119.0,0.521,0.558,28.0,35.0,0.8,18.0,45.0,63.0,39.0,21.0,4.0,30.0,40.0,305.0,0.0
2025,313.0,smartma01,30.0,tot,pg,34.0,7.0,680.0,101.0,257.0,0.393,49.0,141.0,0.348,52.0,116.0,0.448,0.488,54.0,71.0,0.761,18.0,54.0,72.0,109.0,39.0,9.0,54.0,53.0,305.0,0.0
2025,314.0,robinor01,24.0,tot,c,44.0,8.0,770.0,116.0,261.0,0.444,17.0,52.0,0.327,99.0,209.0,0.474,0.477,54.0,70.0,0.771,89.0,131.0,220.0,77.0,17.0,16.0,49.0,100.0,303.0,0.0
2025,315.0,drumman01,31.0,phi,c,40.0,23.0,751.0,117.0,234.0,0.5,3.0,20.0,0.15,114.0,214.0,0.533,0.506,56.0,90.0,0.622,109.0,201.0,310.0,34.0,39.0,18.0,55.0,94.0,293.0,0.0
2025,316.0,murrakr01,24.0,por,sf,69.0,6.0,1040.0,117.0,279.0,0.419,27.0,120.0,0.225,90.0,159.0,0.566,0.468,26.0,57.0,0.456,76.0,106.0,182.0,68.0,35.0,17.0,43.0,66.0,287.0,0.0
2025,317.0,shamela01,27.0,nyk,sg,50.0,0.0,762.0,106.0,230.0,0.461,62.0,156.0,0.397,44.0,74.0,0.595,0.596,12.0,18.0,0.667,11.0,50.0,61.0,27.0,23.0,2.0,22.0,52.0,286.0,0.0
2025,318.0,dowtije01,27.0,phi,pg,41.0,3.0,621.0,112.0,230.0,0.487,28.0,70.0,0.4,84.0,160.0,0.525,0.548,33.0,45.0,0.733,12.0,48.0,60.0,78.0,24.0,12.0,15.0,29.0,285.0,0.0
2025,319.0,okogijo01,26.0,tot,sg,40.0,7.0,625.0,94.0,212.0,0.443,32.0,92.0,0.348,62.0,120.0,0.517,0.519,63.0,85.0,0.741,45.0,68.0,113.0,33.0,48.0,18.0,31.0,47.0,283.0,0.0
2025,320.0,simpskj01,22.0,cho,pg,36.0,15.0,842.0,104.0,301.0,0.346,33.0,130.0,0.254,71.0,171.0,0.415,0.4,41.0,50.0,0.82,39.0,70.0,109.0,112.0,34.0,6.0,56.0,56.0,282.0,0.0
2025,321.0,eubandr01,27.0,tot,c,61.0,4.0,746.0,115.0,194.0,0.593,3.0,6.0,0.5,112.0,188.0,0.596,0.601,47.0,71.0,0.662,60.0,166.0,226.0,54.0,12.0,39.0,41.0,63.0,280.0,0.0
2025,322.0,willija07,22.0,okc,pf,47.0,9.0,784.0,97.0,221.0,0.439,61.0,153.0,0.399,36.0,68.0,0.529,0.577,23.0,30.0,0.767,48.0,214.0,262.0,120.0,22.0,29.0,35.0,79.0,278.0,3.0
2025,323.0,willibr03,25.0,dal,pg,33.0,3.0,487.0,98.0,188.0,0.521,24.0,60.0,0.4,74.0,128.0,0.578,0.585,55.0,66.0,0.833,12.0,46.0,58.0,76.0,24.0,5.0,39.0,33.0,275.0,0.0
2025,324.0,martike04,24.0,tot,pf,43.0,16.0,912.0,111.0,201.0,0.552,15.0,58.0,0.259,96.0,143.0,0.671,0.59,37.0,47.0,0.787,30.0,95.0,125.0,48.0,17.0,22.0,24.0,101.0,274.0,0.0
2025,325.0,micicva01,31.0,tot,pg,41.0,16.0,785.0,95.0,273.0,0.348,45.0,125.0,0.36,50.0,148.0,0.338,0.43,34.0,41.0,0.829,20.0,69.0,89.0,128.0,15.0,0.0,77.0,45.0,269.0,0.0
2025,326.0,balllo01,27.0,chi,pg,35.0,14.0,777.0,89.0,243.0,0.366,67.0,195.0,0.344,22.0,48.0,0.458,0.504,22.0,27.0,0.815,25.0,93.0,118.0,115.0,47.0,17.0,41.0,55.0,267.0,0.0
2025,327.0,evbuoto01,23.0,brk,sf,28.0,0.0,665.0,94.0,220.0,0.427,24.0,77.0,0.312,70.0,143.0,0.49,0.482,55.0,73.0,0.753,32.0,88.0,120.0,55.0,24.0,10.0,39.0,55.0,267.0,0.0
2025,328.0,howarje01,21.0,orl,sf,60.0,0.0,701.0,98.0,262.0,0.374,55.0,186.0,0.296,43.0,76.0,0.566,0.479,16.0,23.0,0.696,20.0,50.0,70.0,44.0,13.0,11.0,36.0,68.0,267.0,0.0
2025,329.0,gordoer01,36.0,phi,sg,39.0,13.0,768.0,87.0,204.0,0.426,56.0,137.0,0.409,31.0,67.0,0.463,0.564,36.0,48.0,0.75,8.0,38.0,46.0,65.0,26.0,12.0,28.0,32.0,266.0,0.0
2025,330.0,waterli01,27.0,tot,sg,52.0,9.0,778.0,92.0,249.0,0.369,64.0,186.0,0.344,28.0,63.0,0.444,0.498,8.0,11.0,0.727,20.0,90.0,110.0,52.0,27.0,11.0,20.0,62.0,256.0,0.0
2025,331.0,simmobe01,28.0,tot,pg,51.0,24.0,1120.0,116.0,223.0,0.52,0.0,0.0,,116.0,223.0,0.52,0.52,24.0,33.0,0.727,47.0,194.0,241.0,285.0,38.0,23.0,102.0,107.0,256.0,0.0
2025,332.0,ighodos01,22.0,pho,pf,61.0,6.0,1045.0,113.0,187.0,0.604,0.0,2.0,0.0,113.0,185.0,0.611,0.604,29.0,50.0,0.58,66.0,156.0,222.0,71.0,28.0,29.0,39.0,102.0,255.0,0.0
2025,333.0,larsspe01,23.0,mia,sg,55.0,8.0,782.0,89.0,203.0,0.438,32.0,95.0,0.337,57.0,108.0,0.528,0.517,41.0,61.0,0.672,28.0,64.0,92.0,65.0,32.0,7.0,24.0,91.0,251.0,0.0
2025,334.0,walkelo01,26.0,phi,sg,20.0,7.0,477.0,89.0,212.0,0.42,45.0,127.0,0.354,44.0,85.0,0.518,0.526,24.0,30.0,0.8,6.0,57.0,63.0,50.0,10.0,5.0,25.0,27.0,247.0,0.0
2025,335.0,bolbo01,25.0,pho,pf,36.0,10.0,448.0,96.0,183.0,0.525,32.0,93.0,0.344,64.0,90.0,0.711,0.612,20.0,26.0,0.769,20.0,84.0,104.0,22.0,9.0,25.0,20.0,20.0,244.0,0.0
2025,336.0,houstca01,22.0,orl,sf,58.0,6.0,788.0,80.0,190.0,0.421,64.0,160.0,0.4,16.0,30.0,0.533,0.589,15.0,17.0,0.882,19.0,56.0,75.0,35.0,22.0,6.0,13.0,62.0,239.0,0.0
2025,337.0,lawsoaj01,24.0,tor,sg,26.0,2.0,486.0,80.0,190.0,0.421,33.0,101.0,0.327,47.0,89.0,0.528,0.508,43.0,63.0,0.683,20.0,66.0,86.0,31.0,13.0,6.0,15.0,44.0,236.0,0.0
2025,338.0,branhma01,21.0,sas,sg,47.0,0.0,427.0,87.0,190.0,0.458,34.0,84.0,0.405,53.0,106.0,0.5,0.547,27.0,33.0,0.818,7.0,44.0,51.0,38.0,11.0,2.0,34.0,29.0,235.0,0.0
2025,339.0,mitchaj01,22.0,okc,sg,36.0,1.0,597.0,91.0,184.0,0.495,23.0,60.0,0.383,68.0,124.0,0.548,0.557,29.0,35.0,0.829,18.0,50.0,68.0,64.0,25.0,4.0,29.0,68.0,234.0,0.0
2025,340.0,morrimo01,29.0,pho,pg,45.0,0.0,571.0,83.0,195.0,0.426,31.0,86.0,0.36,52.0,109.0,0.477,0.505,36.0,42.0,0.857,12.0,55.0,67.0,73.0,20.0,3.0,21.0,23.0,233.0,0.0
2025,341.0,holmeri01,31.0,was,pf,31.0,7.0,534.0,90.0,139.0,0.647,0.0,3.0,0.0,90.0,136.0,0.662,0.647,50.0,60.0,0.833,62.0,115.0,177.0,42.0,9.0,23.0,21.0,49.0,230.0,0.0
2025,342.0,jacksan01,23.0,mil,sg,67.0,43.0,980.0,94.0,197.0,0.477,30.0,76.0,0.395,64.0,121.0,0.529,0.553,12.0,24.0,0.5,65.0,117.0,182.0,83.0,34.0,14.0,58.0,114.0,230.0,0.0
2025,343.0,willico04,20.0,uta,sg,50.0,21.0,1060.0,83.0,257.0,0.323,35.0,135.0,0.259,48.0,122.0,0.393,0.391,29.0,40.0,0.725,27.0,86.0,113.0,59.0,23.0,16.0,44.0,95.0,230.0,0.0
2025,344.0,sheppre01,20.0,hou,pg,52.0,3.0,654.0,84.0,239.0,0.351,48.0,142.0,0.338,36.0,97.0,0.371,0.452,13.0,16.0,0.813,16.0,62.0,78.0,75.0,35.0,17.0,37.0,53.0,229.0,0.0
2025,345.0,santogu01,22.0,gsw,pf,56.0,2.0,762.0,82.0,179.0,0.458,34.0,103.0,0.33,48.0,76.0,0.632,0.553,29.0,42.0,0.69,72.0,100.0,172.0,80.0,25.0,10.0,42.0,91.0,227.0,0.0
2025,346.0,adamsst01,31.0,hou,c,58.0,3.0,794.0,91.0,167.0,0.545,0.0,2.0,0.0,91.0,165.0,0.552,0.545,43.0,93.0,0.462,166.0,161.0,327.0,66.0,22.0,28.0,54.0,60.0,225.0,0.0
2025,347.0,johnsaj01,20.0,tot,sg,29.0,11.0,639.0,82.0,213.0,0.385,24.0,90.0,0.267,58.0,123.0,0.472,0.441,32.0,37.0,0.865,8.0,51.0,59.0,76.0,12.0,3.0,35.0,50.0,220.0,0.0
2025,348.0,dilliro01,20.0,min,pg,49.0,1.0,516.0,93.0,211.0,0.441,25.0,74.0,0.338,68.0,137.0,0.496,0.5,8.0,15.0,0.533,12.0,38.0,50.0,98.0,20.0,1.0,53.0,37.0,219.0,0.0
2025,349.0,weslebl01,21.0,sas,sg,58.0,0.0,683.0,81.0,186.0,0.435,17.0,58.0,0.293,64.0,128.0,0.5,0.481,38.0,61.0,0.623,17.0,44.0,61.0,114.0,37.0,6.0,54.0,46.0,217.0,0.0
2025,350.0,connapa01,32.0,mil,sg,41.0,1.0,603.0,83.0,177.0,0.469,26.0,81.0,0.321,57.0,96.0,0.594,0.542,24.0,31.0,0.774,19.0,90.0,109.0,70.0,9.0,11.0,24.0,45.0,216.0,0.0
2025,351.0,jacksgg01,20.0,mem,pf,29.0,3.0,459.0,74.0,199.0,0.372,32.0,95.0,0.337,42.0,104.0,0.404,0.452,29.0,40.0,0.725,27.0,65.0,92.0,29.0,12.0,5.0,31.0,30.0,209.0,0.0
2025,352.0,jordade01,36.0,den,c,56.0,5.0,691.0,91.0,140.0,0.65,0.0,0.0,,91.0,140.0,0.65,0.65,27.0,64.0,0.422,84.0,200.0,284.0,53.0,16.0,27.0,40.0,74.0,209.0,0.0
2025,353.0,joneshe01,26.0,nop,sf,20.0,20.0,648.0,75.0,172.0,0.436,22.0,72.0,0.306,53.0,100.0,0.53,0.5,33.0,40.0,0.825,22.0,56.0,78.0,65.0,37.0,9.0,35.0,66.0,205.0,0.0
2025,354.0,nancela02,32.0,atl,pf,24.0,3.0,463.0,80.0,155.0,0.516,34.0,76.0,0.447,46.0,79.0,0.582,0.626,9.0,13.0,0.692,23.0,80.0,103.0,38.0,20.0,13.0,16.0,37.0,203.0,0.0
2025,355.0,prospol01,22.0,dal,pf,52.0,4.0,584.0,70.0,174.0,0.402,12.0,51.0,0.235,58.0,123.0,0.472,0.437,49.0,76.0,0.645,44.0,82.0,126.0,40.0,26.0,6.0,14.0,28.0,201.0,0.0
2025,356.0,landajo01,29.0,hou,c,42.0,3.0,500.0,81.0,152.0,0.533,11.0,26.0,0.423,70.0,126.0,0.556,0.569,27.0,40.0,0.675,56.0,81.0,137.0,37.0,13.0,10.0,21.0,49.0,200.0,0.0
2025,357.0,pickeja02,25.0,den,sg,49.0,4.0,666.0,77.0,180.0,0.428,40.0,101.0,0.396,37.0,79.0,0.468,0.539,6.0,8.0,0.75,15.0,56.0,71.0,107.0,19.0,5.0,24.0,38.0,200.0,1.0
2025,358.0,joneska01,24.0,tot,c,40.0,6.0,468.0,87.0,109.0,0.798,1.0,5.0,0.2,86.0,104.0,0.827,0.803,23.0,32.0,0.719,40.0,85.0,125.0,25.0,15.0,23.0,18.0,50.0,198.0,0.0
2025,359.0,gueyemo02,22.0,atl,pf,33.0,28.0,533.0,72.0,171.0,0.421,21.0,81.0,0.259,51.0,90.0,0.567,0.482,32.0,42.0,0.762,44.0,95.0,139.0,27.0,28.0,33.0,15.0,55.0,197.0,0.0
2025,360.0,cainja01,25.0,nop,sf,37.0,0.0,502.0,68.0,158.0,0.43,26.0,80.0,0.325,42.0,78.0,0.538,0.513,34.0,50.0,0.68,27.0,58.0,85.0,22.0,23.0,9.0,22.0,46.0,196.0,0.0
2025,361.0,gilleco01,25.0,pho,pg,33.0,9.0,461.0,68.0,158.0,0.43,39.0,90.0,0.433,29.0,68.0,0.426,0.554,19.0,22.0,0.864,22.0,56.0,78.0,78.0,21.0,5.0,17.0,30.0,194.0,0.0
2025,362.0,reathdu01,28.0,por,c,46.0,0.0,469.0,70.0,166.0,0.422,34.0,106.0,0.321,36.0,60.0,0.6,0.524,20.0,22.0,0.909,44.0,48.0,92.0,26.0,12.0,14.0,16.0,41.0,194.0,0.0
2025,363.0,portecr01,24.0,cle,pg,51.0,1.0,513.0,72.0,140.0,0.514,21.0,48.0,0.438,51.0,92.0,0.554,0.589,23.0,32.0,0.719,19.0,48.0,67.0,71.0,17.0,15.0,38.0,25.0,188.0,0.0
2025,364.0,tateja01,29.0,hou,sf,52.0,2.0,588.0,70.0,148.0,0.473,16.0,46.0,0.348,54.0,102.0,0.529,0.527,32.0,47.0,0.681,50.0,67.0,117.0,47.0,26.0,7.0,22.0,82.0,188.0,0.0
2025,365.0,nnajize01,24.0,den,pf,57.0,4.0,608.0,70.0,141.0,0.496,17.0,52.0,0.327,53.0,89.0,0.596,0.557,27.0,44.0,0.614,33.0,57.0,90.0,23.0,25.0,38.0,14.0,62.0,184.0,0.0
2025,366.0,reedpa01,25.0,det,c,45.0,0.0,438.0,72.0,142.0,0.507,8.0,28.0,0.286,64.0,114.0,0.561,0.535,32.0,42.0,0.762,40.0,83.0,123.0,44.0,39.0,25.0,26.0,75.0,184.0,0.0
2025,367.0,manntr01,23.0,cho,pg,13.0,0.0,319.0,70.0,161.0,0.435,24.0,60.0,0.4,46.0,101.0,0.455,0.509,19.0,21.0,0.905,12.0,26.0,38.0,39.0,7.0,4.0,25.0,24.0,183.0,0.0
2025,368.0,willivi01,24.0,mem,sg,27.0,5.0,499.0,67.0,167.0,0.401,26.0,95.0,0.274,41.0,72.0,0.569,0.479,19.0,24.0,0.792,22.0,76.0,98.0,55.0,12.0,7.0,33.0,45.0,179.0,0.0
2025,369.0,josepco01,33.0,orl,pg,50.0,16.0,612.0,62.0,154.0,0.403,39.0,107.0,0.364,23.0,47.0,0.489,0.529,14.0,18.0,0.778,17.0,57.0,74.0,72.0,26.0,4.0,18.0,50.0,177.0,0.0
2025,370.0,exumda01,29.0,dal,pg,20.0,13.0,372.0,64.0,134.0,0.478,23.0,53.0,0.434,41.0,81.0,0.506,0.563,23.0,31.0,0.742,4.0,29.0,33.0,56.0,12.0,3.0,22.0,34.0,174.0,0.0
2025,371.0,greenje02,38.0,hou,pf,32.0,3.0,396.0,61.0,121.0,0.504,29.0,79.0,0.367,32.0,42.0,0.762,0.624,21.0,26.0,0.808,11.0,47.0,58.0,20.0,6.0,4.0,9.0,32.0,172.0,0.0
2025,372.0,edwarke02,24.0,dal,sf,40.0,18.0,608.0,67.0,135.0,0.496,22.0,54.0,0.407,45.0,81.0,0.556,0.578,12.0,13.0,0.923,22.0,93.0,115.0,42.0,19.0,20.0,16.0,62.0,168.0,0.0
2025,373.0,wallake01,25.0,atl,pg,31.0,5.0,501.0,65.0,162.0,0.401,27.0,82.0,0.329,38.0,80.0,0.475,0.485,11.0,11.0,1.0,7.0,43.0,50.0,81.0,28.0,9.0,33.0,39.0,168.0,1.0
2025,374.0,tysonja01,22.0,cle,sg,47.0,3.0,453.0,64.0,149.0,0.43,20.0,58.0,0.345,44.0,91.0,0.484,0.497,19.0,24.0,0.792,37.0,59.0,96.0,44.0,13.0,3.0,26.0,50.0,167.0,0.0
2025,375.0,willigr01,26.0,cho,pf,16.0,7.0,479.0,54.0,123.0,0.439,27.0,74.0,0.365,27.0,49.0,0.551,0.549,31.0,37.0,0.838,18.0,64.0,82.0,37.0,18.0,13.0,28.0,46.0,166.0,0.0
2025,376.0,clarkja02,23.0,min,sg,40.0,4.0,522.0,56.0,120.0,0.467,22.0,51.0,0.431,34.0,69.0,0.493,0.558,29.0,37.0,0.784,26.0,27.0,53.0,26.0,36.0,2.0,8.0,61.0,163.0,0.0
2025,377.0,jacksqu01,26.0,ind,pg,28.0,7.0,381.0,58.0,122.0,0.475,15.0,40.0,0.375,43.0,82.0,0.524,0.537,31.0,40.0,0.775,14.0,30.0,44.0,53.0,21.0,5.0,16.0,43.0,162.0,0.0
2025,378.0,pottemi01,26.0,uta,c,38.0,10.0,705.0,57.0,135.0,0.422,31.0,98.0,0.316,26.0,37.0,0.703,0.537,17.0,20.0,0.85,43.0,121.0,164.0,31.0,14.0,14.0,31.0,50.0,162.0,0.0
2025,379.0,theisda01,32.0,nop,c,38.0,9.0,621.0,61.0,129.0,0.473,9.0,37.0,0.243,52.0,92.0,0.565,0.508,31.0,37.0,0.838,44.0,120.0,164.0,60.0,18.0,20.0,25.0,70.0,162.0,0.0
2025,380.0,goodwjo01,26.0,lal,pg,29.0,5.0,543.0,63.0,144.0,0.438,26.0,68.0,0.382,37.0,76.0,0.487,0.528,9.0,11.0,0.818,38.0,74.0,112.0,42.0,30.0,11.0,26.0,43.0,161.0,0.0
2025,381.0,bassech01,24.0,sas,c,36.0,1.0,376.0,68.0,117.0,0.581,0.0,0.0,,68.0,117.0,0.581,0.581,21.0,33.0,0.636,56.0,96.0,152.0,17.0,14.0,30.0,23.0,50.0,157.0,0.0
2025,382.0,jonesco02,22.0,tot,sg,39.0,0.0,515.0,59.0,129.0,0.457,16.0,49.0,0.327,43.0,80.0,0.538,0.519,23.0,35.0,0.657,21.0,66.0,87.0,44.0,26.0,13.0,23.0,37.0,157.0,0.0
2025,383.0,ruperra01,20.0,por,sg,52.0,0.0,460.0,58.0,142.0,0.408,16.0,59.0,0.271,42.0,83.0,0.506,0.465,23.0,30.0,0.767,26.0,44.0,70.0,25.0,16.0,4.0,30.0,37.0,155.0,0.0
2025,384.0,carteje01,29.0,chi,pg,36.0,1.0,321.0,55.0,146.0,0.377,35.0,105.0,0.333,20.0,41.0,0.488,0.497,8.0,10.0,0.8,4.0,35.0,39.0,40.0,13.0,3.0,11.0,15.0,153.0,0.0
2025,385.0,roddyda01,23.0,tot,pf,33.0,3.0,410.0,57.0,125.0,0.456,19.0,61.0,0.311,38.0,64.0,0.594,0.532,20.0,26.0,0.769,13.0,71.0,84.0,35.0,14.0,9.0,22.0,20.0,153.0,0.0
2025,386.0,millejo02,25.0,lac,sf,37.0,0.0,420.0,58.0,134.0,0.433,8.0,38.0,0.211,50.0,96.0,0.521,0.463,28.0,35.0,0.8,23.0,35.0,58.0,34.0,17.0,5.0,26.0,26.0,152.0,0.0
2025,387.0,queentr01,27.0,orl,sg,31.0,2.0,430.0,56.0,147.0,0.381,22.0,77.0,0.286,34.0,70.0,0.486,0.456,18.0,21.0,0.857,26.0,28.0,54.0,38.0,31.0,10.0,22.0,38.0,152.0,0.0
2025,388.0,moorewe01,23.0,tot,sg,36.0,1.0,499.0,59.0,126.0,0.468,14.0,41.0,0.341,45.0,85.0,0.529,0.524,18.0,22.0,0.818,30.0,65.0,95.0,42.0,20.0,5.0,27.0,31.0,150.0,0.0
2025,389.0,hylanbo01,24.0,tot,pg,24.0,0.0,239.0,47.0,118.0,0.398,32.0,82.0,0.39,15.0,36.0,0.417,0.534,23.0,26.0,0.885,5.0,20.0,25.0,32.0,18.0,4.0,25.0,29.0,149.0,0.0
2025,390.0,barlodo01,21.0,atl,sf,35.0,4.0,375.0,60.0,113.0,0.531,7.0,27.0,0.259,53.0,86.0,0.616,0.562,21.0,33.0,0.636,35.0,50.0,85.0,19.0,9.0,16.0,5.0,47.0,148.0,0.0
2025,391.0,mcderdo01,33.0,sac,sf,42.0,3.0,342.0,50.0,117.0,0.427,44.0,101.0,0.436,6.0,16.0,0.375,0.615,3.0,5.0,0.6,3.0,19.0,22.0,7.0,4.0,2.0,6.0,30.0,147.0,0.0
2025,392.0,vandeja01,25.0,lal,pf,36.0,2.0,581.0,59.0,121.0,0.488,9.0,32.0,0.281,50.0,89.0,0.562,0.525,20.0,36.0,0.556,68.0,114.0,182.0,41.0,35.0,10.0,29.0,67.0,147.0,0.0
2025,393.0,harriga01,30.0,orl,sg,48.0,3.0,711.0,51.0,133.0,0.383,36.0,101.0,0.356,15.0,32.0,0.469,0.519,7.0,12.0,0.583,20.0,44.0,64.0,30.0,26.0,12.0,17.0,45.0,145.0,0.0
2025,394.0,biyombi01,32.0,sas,c,28.0,26.0,528.0,67.0,114.0,0.588,0.0,0.0,,67.0,114.0,0.588,0.588,10.0,25.0,0.4,43.0,115.0,158.0,31.0,16.0,23.0,27.0,52.0,144.0,0.0
2025,395.0,brookke02,24.0,nop,sf,14.0,6.0,332.0,53.0,109.0,0.486,14.0,43.0,0.326,39.0,66.0,0.591,0.55,22.0,30.0,0.733,12.0,46.0,58.0,13.0,10.0,10.0,12.0,30.0,142.0,0.0
2025,396.0,diengou01,21.0,okc,c,37.0,1.0,405.0,54.0,125.0,0.432,23.0,71.0,0.324,31.0,54.0,0.574,0.524,11.0,16.0,0.688,18.0,63.0,81.0,31.0,17.0,7.0,18.0,33.0,142.0,0.0
2025,397.0,cartede02,22.0,sac,pg,36.0,0.0,396.0,47.0,127.0,0.37,18.0,61.0,0.295,29.0,66.0,0.439,0.441,26.0,44.0,0.591,19.0,57.0,76.0,41.0,21.0,4.0,18.0,39.0,138.0,0.0
2025,398.0,garzalu01,26.0,min,c,39.0,0.0,219.0,52.0,105.0,0.495,10.0,36.0,0.278,42.0,69.0,0.609,0.543,24.0,35.0,0.686,31.0,23.0,54.0,11.0,6.0,3.0,12.0,29.0,138.0,0.0
2025,399.0,lowryky01,38.0,phi,pg,35.0,12.0,659.0,41.0,117.0,0.35,29.0,88.0,0.33,12.0,29.0,0.414,0.474,27.0,33.0,0.818,11.0,56.0,67.0,96.0,33.0,11.0,21.0,62.0,138.0,0.0
2025,400.0,shannte01,24.0,min,sg,32.0,1.0,339.0,55.0,114.0,0.482,11.0,31.0,0.355,44.0,83.0,0.53,0.531,17.0,21.0,0.81,10.0,37.0,47.0,32.0,7.0,5.0,15.0,27.0,138.0,0.0
2025,401.0,bambamo01,26.0,tot,c,32.0,2.0,413.0,52.0,112.0,0.464,15.0,54.0,0.278,37.0,58.0,0.638,0.531,19.0,27.0,0.704,32.0,113.0,145.0,18.0,9.0,31.0,20.0,56.0,138.0,0.0
2025,402.0,jacksre01,34.0,phi,pg,31.0,1.0,384.0,52.0,133.0,0.391,25.0,74.0,0.338,27.0,59.0,0.458,0.485,7.0,9.0,0.778,8.0,34.0,42.0,45.0,16.0,3.0,17.0,34.0,136.0,0.0
2025,403.0,baglema01,25.0,tot,pf,31.0,2.0,265.0,55.0,106.0,0.519,3.0,19.0,0.158,52.0,87.0,0.598,0.533,23.0,35.0,0.657,38.0,46.0,84.0,11.0,9.0,8.0,12.0,18.0,136.0,0.0
2025,404.0,jonesdi01,23.0,okc,sf,54.0,3.0,551.0,51.0,133.0,0.383,16.0,63.0,0.254,35.0,70.0,0.5,0.444,17.0,28.0,0.607,30.0,91.0,121.0,58.0,16.0,4.0,28.0,54.0,135.0,0.0
2025,405.0,jonesis01,24.0,sac,pf,40.0,0.0,304.0,54.0,83.0,0.651,3.0,8.0,0.375,51.0,75.0,0.68,0.669,23.0,36.0,0.639,22.0,35.0,57.0,12.0,5.0,10.0,16.0,30.0,134.0,0.0
2025,406.0,tysonhu01,24.0,den,pf,51.0,2.0,400.0,45.0,120.0,0.375,23.0,74.0,0.311,22.0,46.0,0.478,0.471,21.0,28.0,0.75,25.0,53.0,78.0,20.0,10.0,6.0,14.0,44.0,134.0,0.0
2025,407.0,gillan01,32.0,was,pf,51.0,0.0,397.0,43.0,88.0,0.489,10.0,31.0,0.323,33.0,57.0,0.579,0.545,33.0,50.0,0.66,18.0,48.0,66.0,16.0,9.0,2.0,10.0,30.0,129.0,0.0
2025,408.0,wrighde01,32.0,tot,pg,40.0,7.0,635.0,45.0,131.0,0.344,20.0,73.0,0.274,25.0,58.0,0.431,0.42,15.0,25.0,0.6,27.0,39.0,66.0,77.0,35.0,12.0,22.0,25.0,125.0,0.0
2025,409.0,castlco01,24.0,tot,c,26.0,4.0,432.0,46.0,98.0,0.469,2.0,16.0,0.125,44.0,82.0,0.537,0.48,29.0,38.0,0.763,53.0,69.0,122.0,28.0,8.0,10.0,23.0,51.0,123.0,0.0
2025,410.0,carlsbr01,25.0,okc,c,32.0,0.0,246.0,43.0,97.0,0.443,22.0,66.0,0.333,21.0,31.0,0.677,0.557,14.0,18.0,0.778,17.0,37.0,54.0,14.0,5.0,21.0,7.0,22.0,122.0,0.0
2025,411.0,loveke01,36.0,mia,pf,23.0,9.0,251.0,41.0,115.0,0.357,24.0,67.0,0.358,17.0,48.0,0.354,0.461,16.0,23.0,0.696,22.0,72.0,94.0,22.0,15.0,4.0,14.0,21.0,122.0,0.0
2025,412.0,wongis01,24.0,cho,sg,20.0,0.0,265.0,41.0,105.0,0.39,13.0,33.0,0.394,28.0,72.0,0.389,0.452,25.0,34.0,0.735,14.0,18.0,32.0,28.0,11.0,0.0,18.0,21.0,120.0,0.0
2025,413.0,minotjo01,22.0,min,sf,46.0,0.0,276.0,44.0,90.0,0.489,14.0,43.0,0.326,30.0,47.0,0.638,0.567,17.0,19.0,0.895,12.0,35.0,47.0,18.0,15.0,12.0,11.0,34.0,119.0,0.0
2025,414.0,rhodeja01,25.0,tot,sg,14.0,2.0,227.0,42.0,87.0,0.483,12.0,39.0,0.308,30.0,48.0,0.625,0.552,22.0,25.0,0.88,14.0,28.0,42.0,16.0,10.0,2.0,9.0,20.0,118.0,0.0
2025,415.0,williro04,27.0,por,c,20.0,3.0,351.0,50.0,78.0,0.641,1.0,3.0,0.333,49.0,75.0,0.653,0.647,15.0,17.0,0.882,35.0,83.0,118.0,21.0,13.0,33.0,17.0,31.0,116.0,0.0
2025,416.0,lewisma05,22.0,tot,sf,28.0,1.0,327.0,45.0,108.0,0.417,19.0,50.0,0.38,26.0,58.0,0.448,0.505,7.0,10.0,0.7,18.0,37.0,55.0,19.0,9.0,7.0,14.0,29.0,116.0,0.0
2025,417.0,whiteda01,20.0,brk,sf,20.0,0.0,246.0,39.0,96.0,0.406,33.0,74.0,0.446,6.0,22.0,0.273,0.578,3.0,5.0,0.6,4.0,25.0,29.0,12.0,6.0,1.0,15.0,22.0,114.0,0.0
2025,418.0,poweldw01,33.0,dal,c,55.0,3.0,551.0,42.0,61.0,0.689,2.0,5.0,0.4,40.0,56.0,0.714,0.705,28.0,43.0,0.651,47.0,71.0,118.0,55.0,18.0,21.0,18.0,75.0,114.0,0.0
2025,419.0,scheiba01,24.0,bos,sg,31.0,2.0,384.0,39.0,110.0,0.355,26.0,82.0,0.317,13.0,28.0,0.464,0.473,9.0,12.0,0.75,19.0,46.0,65.0,33.0,17.0,2.0,12.0,22.0,113.0,0.0
2025,420.0,konchjo01,28.0,mem,sg,46.0,4.0,558.0,41.0,91.0,0.451,23.0,62.0,0.371,18.0,29.0,0.621,0.577,7.0,8.0,0.875,37.0,114.0,151.0,42.0,30.0,14.0,16.0,32.0,112.0,0.0
2025,421.0,thybuma01,27.0,por,sg,15.0,5.0,312.0,42.0,88.0,0.477,21.0,48.0,0.438,21.0,40.0,0.525,0.597,7.0,15.0,0.467,14.0,38.0,52.0,28.0,33.0,9.0,13.0,14.0,112.0,0.0
2025,422.0,millspa02,36.0,tot,pg,29.0,0.0,321.0,36.0,96.0,0.375,26.0,75.0,0.347,10.0,21.0,0.476,0.51,13.0,14.0,0.929,4.0,18.0,22.0,26.0,13.0,3.0,17.0,24.0,111.0,0.0
2025,423.0,baughda01,24.0,cho,sg,15.0,2.0,370.0,42.0,130.0,0.323,12.0,56.0,0.214,30.0,74.0,0.405,0.369,13.0,15.0,0.867,14.0,36.0,50.0,56.0,15.0,2.0,31.0,22.0,109.0,0.0
2025,424.0,timmedr01,24.0,brk,pf,9.0,2.0,254.0,45.0,102.0,0.441,9.0,35.0,0.257,36.0,67.0,0.537,0.485,10.0,16.0,0.625,17.0,48.0,65.0,20.0,4.0,1.0,15.0,21.0,109.0,0.0
2025,425.0,sprinja01,22.0,tot,pg,43.0,2.0,365.0,35.0,90.0,0.389,12.0,48.0,0.25,23.0,42.0,0.548,0.456,27.0,38.0,0.711,17.0,41.0,58.0,33.0,24.0,4.0,16.0,42.0,109.0,0.0
2025,426.0,craigto01,34.0,tot,sf,26.0,4.0,314.0,38.0,90.0,0.422,24.0,66.0,0.364,14.0,24.0,0.583,0.556,8.0,12.0,0.667,27.0,46.0,73.0,17.0,8.0,12.0,8.0,34.0,108.0,0.0
2025,427.0,gibsota01,39.0,cho,c,37.0,11.0,409.0,47.0,95.0,0.495,1.0,2.0,0.5,46.0,93.0,0.495,0.5,12.0,20.0,0.6,51.0,69.0,120.0,21.0,9.0,18.0,25.0,54.0,107.0,0.0
2025,428.0,tshieos01,25.0,uta,c,14.0,1.0,255.0,42.0,70.0,0.6,0.0,0.0,,42.0,70.0,0.6,0.6,23.0,31.0,0.742,46.0,76.0,122.0,9.0,13.0,1.0,10.0,24.0,107.0,0.0
2025,429.0,spencca01,24.0,mem,sg,25.0,1.0,252.0,34.0,82.0,0.415,19.0,52.0,0.365,15.0,30.0,0.5,0.53,19.0,19.0,1.0,12.0,18.0,30.0,34.0,9.0,1.0,6.0,23.0,106.0,0.0
2025,430.0,hoodsja01,21.0,tot,sg,15.0,0.0,315.0,37.0,98.0,0.378,14.0,46.0,0.304,23.0,52.0,0.442,0.449,18.0,21.0,0.857,3.0,24.0,27.0,37.0,5.0,7.0,18.0,25.0,106.0,0.0
2025,431.0,reddica01,25.0,lal,sf,33.0,8.0,589.0,38.0,94.0,0.404,13.0,47.0,0.277,25.0,47.0,0.532,0.473,16.0,26.0,0.615,17.0,49.0,66.0,22.0,33.0,10.0,12.0,43.0,105.0,0.0
2025,432.0,furphjo01,20.0,ind,sg,50.0,0.0,379.0,35.0,92.0,0.38,15.0,50.0,0.3,20.0,42.0,0.476,0.462,18.0,22.0,0.818,23.0,48.0,71.0,19.0,18.0,11.0,12.0,41.0,103.0,0.0
2025,433.0,klebima01,33.0,dal,pf,34.0,4.0,637.0,37.0,96.0,0.385,13.0,49.0,0.265,24.0,47.0,0.511,0.453,16.0,21.0,0.762,25.0,70.0,95.0,43.0,9.0,17.0,23.0,66.0,103.0,0.0
2025,434.0,spencpa01,28.0,gsw,pg,39.0,0.0,250.0,41.0,101.0,0.406,5.0,22.0,0.227,36.0,79.0,0.456,0.431,11.0,15.0,0.733,15.0,31.0,46.0,48.0,14.0,3.0,18.0,20.0,98.0,0.0
2025,435.0,simsje01,26.0,tot,c,53.0,5.0,632.0,45.0,71.0,0.634,0.0,0.0,,45.0,71.0,0.634,0.634,8.0,13.0,0.615,71.0,126.0,197.0,33.0,10.0,19.0,33.0,65.0,98.0,0.0
2025,436.0,mclaujo01,28.0,tot,pg,46.0,0.0,314.0,31.0,72.0,0.431,19.0,46.0,0.413,12.0,26.0,0.462,0.563,17.0,22.0,0.773,6.0,24.0,30.0,51.0,16.0,1.0,16.0,18.0,98.0,0.0
2025,437.0,jemistr01,25.0,tot,c,38.0,0.0,392.0,41.0,74.0,0.554,0.0,0.0,,41.0,74.0,0.554,0.554,13.0,33.0,0.394,44.0,61.0,105.0,16.0,9.0,15.0,24.0,69.0,95.0,0.0
2025,438.0,beekmre01,23.0,tot,pg,36.0,4.0,469.0,35.0,107.0,0.327,7.0,40.0,0.175,28.0,67.0,0.418,0.36,16.0,21.0,0.762,13.0,26.0,39.0,63.0,33.0,2.0,21.0,36.0,93.0,0.0
2025,439.0,kolokch01,24.0,lal,c,37.0,0.0,342.0,40.0,66.0,0.606,0.0,4.0,0.0,40.0,62.0,0.645,0.606,10.0,14.0,0.714,35.0,57.0,92.0,16.0,8.0,16.0,12.0,44.0,90.0,0.0
2025,440.0,robinmi01,26.0,nyk,c,17.0,3.0,290.0,37.0,56.0,0.661,0.0,0.0,,37.0,56.0,0.661,0.661,13.0,19.0,0.684,52.0,49.0,101.0,13.0,16.0,18.0,10.0,26.0,87.0,0.0
2025,441.0,smithdr01,27.0,mia,sg,14.0,1.0,268.0,31.0,61.0,0.508,16.0,30.0,0.533,15.0,31.0,0.484,0.639,9.0,12.0,0.75,12.0,24.0,36.0,23.0,21.0,6.0,17.0,30.0,87.0,0.0
2025,442.0,quinole01,24.0,tot,sg,13.0,0.0,183.0,31.0,78.0,0.397,13.0,44.0,0.295,18.0,34.0,0.529,0.481,11.0,13.0,0.846,4.0,15.0,19.0,24.0,3.0,2.0,14.0,18.0,86.0,0.0
2025,443.0,paytoel01,30.0,tot,pg,24.0,9.0,511.0,40.0,122.0,0.328,1.0,6.0,0.167,39.0,116.0,0.336,0.332,4.0,7.0,0.571,15.0,64.0,79.0,166.0,24.0,11.0,59.0,36.0,85.0,0.0
2025,444.0,leeda03,32.0,pho,sg,25.0,0.0,144.0,27.0,74.0,0.365,9.0,37.0,0.243,18.0,37.0,0.486,0.426,20.0,21.0,0.952,3.0,17.0,20.0,11.0,6.0,0.0,10.0,6.0,83.0,0.0
2025,445.0,walshjo01,20.0,bos,pf,52.0,1.0,403.0,30.0,83.0,0.361,15.0,55.0,0.273,15.0,28.0,0.536,0.452,7.0,12.0,0.583,23.0,46.0,69.0,19.0,12.0,11.0,17.0,30.0,82.0,0.0
2025,446.0,kolekty01,23.0,nyk,pg,41.0,0.0,296.0,27.0,82.0,0.329,14.0,47.0,0.298,13.0,35.0,0.371,0.415,13.0,17.0,0.765,8.0,19.0,27.0,70.0,12.0,4.0,18.0,26.0,81.0,0.0
2025,447.0,davisjo06,22.0,was,sg,34.0,0.0,242.0,32.0,78.0,0.41,7.0,29.0,0.241,25.0,49.0,0.51,0.455,9.0,15.0,0.6,10.0,28.0,38.0,11.0,15.0,6.0,7.0,18.0,80.0,0.0
2025,448.0,beaucma01,24.0,tot,sf,35.0,0.0,156.0,27.0,65.0,0.415,10.0,29.0,0.345,17.0,36.0,0.472,0.492,15.0,20.0,0.75,11.0,33.0,44.0,11.0,4.0,1.0,15.0,14.0,79.0,0.0
2025,449.0,martija02,21.0,tot,sf,16.0,0.0,239.0,31.0,74.0,0.419,7.0,23.0,0.304,24.0,51.0,0.471,0.466,9.0,10.0,0.9,11.0,33.0,44.0,17.0,9.0,0.0,12.0,14.0,78.0,0.0
2025,450.0,brownko01,25.0,lac,pf,40.0,0.0,272.0,33.0,72.0,0.458,6.0,26.0,0.231,27.0,46.0,0.587,0.5,5.0,7.0,0.714,19.0,46.0,65.0,24.0,7.0,4.0,12.0,23.0,77.0,0.0
2025,451.0,reeseal01,25.0,tot,pf,15.0,0.0,216.0,26.0,54.0,0.481,15.0,41.0,0.366,11.0,13.0,0.846,0.62,9.0,12.0,0.75,9.0,38.0,47.0,4.0,10.0,10.0,6.0,21.0,76.0,0.0
2025,452.0,brownmo01,25.0,tot,c,13.0,2.0,119.0,34.0,49.0,0.694,0.0,0.0,,34.0,49.0,0.694,0.694,8.0,11.0,0.727,12.0,32.0,44.0,2.0,6.0,4.0,11.0,17.0,76.0,0.0
2025,453.0,stevela01,27.0,mem,pf,17.0,1.0,155.0,29.0,63.0,0.46,8.0,27.0,0.296,21.0,36.0,0.583,0.524,8.0,11.0,0.727,4.0,34.0,38.0,8.0,5.0,3.0,10.0,15.0,74.0,0.0
2025,454.0,lenal01,31.0,tot,c,46.0,7.0,380.0,32.0,63.0,0.508,2.0,9.0,0.222,30.0,54.0,0.556,0.524,8.0,17.0,0.471,38.0,57.0,95.0,38.0,9.0,21.0,20.0,56.0,74.0,0.0
2025,455.0,thorjt01,22.0,tot,pf,20.0,0.0,249.0,25.0,59.0,0.424,6.0,21.0,0.286,19.0,38.0,0.5,0.475,15.0,22.0,0.682,20.0,28.0,48.0,6.0,8.0,9.0,9.0,17.0,71.0,0.0
2025,456.0,thomptr01,33.0,cle,c,40.0,0.0,328.0,31.0,71.0,0.437,0.0,3.0,0.0,31.0,68.0,0.456,0.437,7.0,30.0,0.233,32.0,102.0,134.0,24.0,2.0,11.0,14.0,36.0,69.0,0.0
2025,457.0,baglema02,23.0,phi,sf,10.0,4.0,253.0,27.0,69.0,0.391,5.0,32.0,0.156,22.0,37.0,0.595,0.428,8.0,10.0,0.8,23.0,47.0,70.0,10.0,9.0,12.0,7.0,16.0,67.0,0.0
2025,458.0,nowelja01,25.0,nop,sg,8.0,0.0,168.0,26.0,73.0,0.356,8.0,27.0,0.296,18.0,46.0,0.391,0.411,7.0,11.0,0.636,6.0,14.0,20.0,18.0,1.0,4.0,8.0,9.0,67.0,0.0
2025,459.0,smithty02,20.0,mil,pf,23.0,0.0,122.0,24.0,50.0,0.48,13.0,30.0,0.433,11.0,20.0,0.55,0.61,6.0,8.0,0.75,6.0,19.0,25.0,4.0,3.0,4.0,8.0,11.0,67.0,0.0
2025,460.0,flaglad01,25.0,okc,sg,37.0,0.0,203.0,25.0,96.0,0.26,14.0,72.0,0.194,11.0,24.0,0.458,0.333,1.0,2.0,0.5,7.0,20.0,27.0,12.0,8.0,3.0,4.0,15.0,65.0,0.0
2025,461.0,willije02,25.0,hou,sg,20.0,0.0,147.0,27.0,62.0,0.435,6.0,26.0,0.231,21.0,36.0,0.583,0.484,5.0,8.0,0.625,5.0,8.0,13.0,9.0,8.0,4.0,14.0,16.0,65.0,0.0
2025,462.0,jamesbr02,20.0,lal,sg,27.0,1.0,181.0,21.0,67.0,0.313,9.0,32.0,0.281,12.0,35.0,0.343,0.381,11.0,14.0,0.786,4.0,14.0,18.0,22.0,9.0,3.0,13.0,13.0,62.0,0.0
2025,463.0,meltode01,26.0,gsw,sg,6.0,2.0,121.0,22.0,54.0,0.407,13.0,35.0,0.371,9.0,19.0,0.474,0.528,5.0,8.0,0.625,6.0,14.0,20.0,17.0,7.0,2.0,10.0,18.0,62.0,0.0
2025,464.0,bradlto01,27.0,ind,c,14.0,0.0,113.0,29.0,45.0,0.644,1.0,3.0,0.333,28.0,42.0,0.667,0.656,2.0,6.0,0.333,18.0,24.0,42.0,6.0,2.0,9.0,5.0,11.0,61.0,0.0
2025,465.0,fultzma01,26.0,sac,pg,21.0,0.0,184.0,28.0,67.0,0.418,4.0,8.0,0.5,24.0,59.0,0.407,0.448,1.0,1.0,1.0,6.0,14.0,20.0,27.0,10.0,2.0,15.0,12.0,61.0,0.0
2025,466.0,swideco01,25.0,tot,sf,10.0,0.0,169.0,22.0,63.0,0.349,15.0,47.0,0.319,7.0,16.0,0.438,0.468,0.0,1.0,0.0,5.0,22.0,27.0,3.0,4.0,2.0,4.0,12.0,59.0,0.0
2025,467.0,fernabr01,26.0,tor,c,17.0,2.0,147.0,26.0,49.0,0.531,0.0,0.0,,26.0,49.0,0.531,0.531,6.0,8.0,0.75,21.0,30.0,51.0,18.0,4.0,9.0,14.0,27.0,58.0,0.0
2025,468.0,saricda01,30.0,den,c,16.0,4.0,210.0,21.0,58.0,0.362,7.0,26.0,0.269,14.0,32.0,0.438,0.422,7.0,10.0,0.7,14.0,36.0,50.0,23.0,7.0,1.0,15.0,19.0,56.0,0.0
2025,469.0,morrima02,35.0,tot,pf,15.0,2.0,165.0,21.0,70.0,0.3,9.0,36.0,0.25,12.0,34.0,0.353,0.364,5.0,6.0,0.833,3.0,20.0,23.0,21.0,2.0,3.0,5.0,16.0,56.0,0.0
2025,470.0,etienty01,25.0,brk,pg,7.0,0.0,151.0,17.0,52.0,0.327,13.0,44.0,0.295,4.0,8.0,0.5,0.452,8.0,10.0,0.8,3.0,6.0,9.0,12.0,3.0,1.0,8.0,17.0,55.0,0.0
2025,471.0,hayeski01,23.0,brk,pg,6.0,5.0,162.0,18.0,43.0,0.419,8.0,21.0,0.381,10.0,22.0,0.455,0.512,10.0,12.0,0.833,5.0,13.0,18.0,31.0,4.0,4.0,9.0,13.0,54.0,0.0
2025,472.0,peterdr01,25.0,bos,pf,25.0,1.0,186.0,17.0,41.0,0.415,13.0,33.0,0.394,4.0,8.0,0.5,0.573,7.0,9.0,0.778,9.0,31.0,40.0,13.0,5.0,2.0,8.0,18.0,54.0,0.0
2025,473.0,bufkiko01,21.0,atl,sg,10.0,0.0,124.0,18.0,47.0,0.383,4.0,19.0,0.211,14.0,28.0,0.5,0.426,13.0,18.0,0.722,5.0,16.0,21.0,17.0,3.0,2.0,8.0,9.0,53.0,0.0
2025,474.0,templga01,38.0,tor,sg,28.0,0.0,227.0,18.0,60.0,0.3,6.0,28.0,0.214,12.0,32.0,0.375,0.35,11.0,12.0,0.917,9.0,20.0,29.0,31.0,17.0,2.0,10.0,23.0,53.0,0.0
2025,475.0,okekech01,26.0,tot,pf,9.0,3.0,196.0,20.0,40.0,0.5,11.0,28.0,0.393,9.0,12.0,0.75,0.638,2.0,3.0,0.667,21.0,26.0,47.0,15.0,5.0,4.0,3.0,5.0,53.0,0.0
2025,476.0,baldwpa01,22.0,tot,sf,24.0,0.0,107.0,19.0,35.0,0.543,13.0,23.0,0.565,6.0,12.0,0.5,0.729,2.0,4.0,0.5,5.0,20.0,25.0,3.0,3.0,2.0,5.0,7.0,53.0,0.0
2025,477.0,brissos01,26.0,phi,sf,6.0,2.0,142.0,19.0,39.0,0.487,6.0,18.0,0.333,13.0,21.0,0.619,0.564,8.0,14.0,0.571,7.0,15.0,22.0,4.0,4.0,3.0,8.0,14.0,52.0,0.0
2025,478.0,hukpoar01,22.0,nyk,c,25.0,1.0,217.0,21.0,31.0,0.677,0.0,0.0,,21.0,31.0,0.677,0.677,6.0,13.0,0.462,14.0,37.0,51.0,11.0,1.0,15.0,21.0,32.0,48.0,0.0
2025,479.0,freemen01,24.0,ind,pf,22.0,1.0,181.0,16.0,37.0,0.432,1.0,10.0,0.1,15.0,27.0,0.556,0.446,13.0,19.0,0.684,11.0,19.0,30.0,9.0,3.0,3.0,6.0,21.0,46.0,0.0
2025,480.0,knoxke01,25.0,gsw,sf,14.0,0.0,84.0,18.0,36.0,0.5,4.0,15.0,0.267,14.0,21.0,0.667,0.556,6.0,8.0,0.75,7.0,10.0,17.0,5.0,2.0,4.0,4.0,6.0,46.0,0.0
2025,481.0,johnske10,23.0,mia,sf,16.0,0.0,98.0,18.0,26.0,0.692,3.0,7.0,0.429,15.0,19.0,0.789,0.75,4.0,9.0,0.444,6.0,22.0,28.0,4.0,5.0,4.0,4.0,11.0,43.0,0.0
2025,482.0,plowdda01,26.0,atl,sg,6.0,0.0,72.0,16.0,25.0,0.64,9.0,17.0,0.529,7.0,8.0,0.875,0.82,2.0,2.0,1.0,4.0,7.0,11.0,2.0,0.0,0.0,4.0,10.0,43.0,0.0
2025,483.0,simsja01,26.0,cho,sg,6.0,0.0,112.0,12.0,28.0,0.429,6.0,15.0,0.4,6.0,13.0,0.462,0.536,12.0,15.0,0.8,3.0,3.0,6.0,12.0,3.0,1.0,8.0,10.0,42.0,0.0
2025,484.0,nancepe01,24.0,tot,c,13.0,1.0,138.0,14.0,32.0,0.438,9.0,24.0,0.375,5.0,8.0,0.625,0.578,1.0,2.0,0.5,5.0,16.0,21.0,10.0,2.0,2.0,4.0,17.0,38.0,0.0
2025,485.0,batesem01,21.0,cle,sf,10.0,0.0,75.0,13.0,38.0,0.342,11.0,30.0,0.367,2.0,8.0,0.25,0.487,0.0,0.0,,0.0,7.0,7.0,8.0,1.0,1.0,2.0,4.0,37.0,0.0
2025,486.0,duartch01,27.0,chi,sg,17.0,0.0,74.0,12.0,26.0,0.462,6.0,15.0,0.4,6.0,11.0,0.545,0.577,6.0,8.0,0.75,5.0,15.0,20.0,9.0,0.0,0.0,1.0,7.0,36.0,0.0
2025,487.0,ducasal01,24.0,okc,sg,21.0,0.0,125.0,12.0,30.0,0.4,10.0,21.0,0.476,2.0,9.0,0.222,0.567,2.0,2.0,1.0,9.0,17.0,26.0,5.0,5.0,0.0,4.0,12.0,36.0,0.0
2025,488.0,kawamyu01,23.0,mem,pg,22.0,0.0,93.0,11.0,30.0,0.367,7.0,23.0,0.304,4.0,7.0,0.571,0.483,7.0,9.0,0.778,0.0,12.0,12.0,19.0,2.0,0.0,5.0,8.0,36.0,0.0
2025,489.0,tomlina01,24.0,cle,pf,5.0,1.0,63.0,13.0,32.0,0.406,2.0,10.0,0.2,11.0,22.0,0.5,0.438,8.0,11.0,0.727,9.0,12.0,21.0,2.0,0.0,1.0,2.0,9.0,36.0,0.0
2025,490.0,jacksis01,23.0,ind,c,5.0,1.0,84.0,14.0,23.0,0.609,0.0,0.0,,14.0,23.0,0.609,0.609,7.0,14.0,0.5,11.0,17.0,28.0,5.0,3.0,8.0,5.0,14.0,35.0,0.0
2025,491.0,washity02,23.0,pho,pg,16.0,0.0,118.0,14.0,45.0,0.311,4.0,21.0,0.19,10.0,24.0,0.417,0.356,3.0,6.0,0.5,4.0,9.0,13.0,16.0,3.0,0.0,3.0,4.0,35.0,0.0
2025,492.0,tillmxa01,26.0,bos,c,33.0,2.0,231.0,13.0,53.0,0.245,5.0,32.0,0.156,8.0,21.0,0.381,0.292,3.0,4.0,0.75,10.0,33.0,43.0,7.0,11.0,5.0,14.0,18.0,34.0,0.0
2025,493.0,kelleky01,27.0,tot,c,11.0,2.0,126.0,14.0,22.0,0.636,0.0,0.0,,14.0,22.0,0.636,0.636,6.0,10.0,0.6,12.0,27.0,39.0,5.0,1.0,3.0,4.0,15.0,34.0,0.0
2025,494.0,davisjd01,22.0,bos,pg,16.0,0.0,93.0,12.0,34.0,0.353,4.0,18.0,0.222,8.0,16.0,0.5,0.412,5.0,7.0,0.714,2.0,11.0,13.0,13.0,5.0,1.0,13.0,2.0,33.0,0.0
2025,495.0,hallpj01,22.0,den,c,19.0,0.0,66.0,14.0,24.0,0.583,2.0,8.0,0.25,12.0,16.0,0.75,0.625,3.0,4.0,0.75,6.0,16.0,22.0,4.0,0.0,4.0,2.0,11.0,33.0,0.0
2025,496.0,alexatr01,21.0,den,sg,24.0,0.0,117.0,13.0,41.0,0.317,3.0,17.0,0.176,10.0,24.0,0.417,0.354,3.0,4.0,0.75,1.0,11.0,12.0,11.0,2.0,1.0,5.0,10.0,32.0,0.0
2025,497.0,harklej01,24.0,uta,sg,10.0,0.0,138.0,11.0,35.0,0.314,7.0,25.0,0.28,4.0,10.0,0.4,0.414,3.0,6.0,0.5,9.0,12.0,21.0,8.0,10.0,1.0,3.0,18.0,32.0,0.0
2025,498.0,richajo01,31.0,mia,sg,8.0,0.0,150.0,11.0,38.0,0.289,6.0,22.0,0.273,5.0,16.0,0.313,0.368,4.0,4.0,1.0,6.0,6.0,12.0,12.0,8.0,1.0,8.0,17.0,32.0,0.0
2025,499.0,cissosi01,20.0,tot,sf,22.0,0.0,114.0,13.0,30.0,0.433,3.0,13.0,0.231,10.0,17.0,0.588,0.483,3.0,9.0,0.333,8.0,13.0,21.0,15.0,2.0,1.0,11.0,10.0,32.0,0.0
2025,500.0,dadiepa01,19.0,nyk,sg,18.0,0.0,111.0,10.0,31.0,0.323,6.0,19.0,0.316,4.0,12.0,0.333,0.419,4.0,6.0,0.667,3.0,15.0,18.0,5.0,3.0,2.0,4.0,7.0,30.0,0.0
2025,501.0,dennira01,23.0,ind,pg,11.0,0.0,70.0,11.0,33.0,0.333,6.0,21.0,0.286,5.0,12.0,0.417,0.424,2.0,2.0,1.0,2.0,10.0,12.0,14.0,7.0,2.0,5.0,7.0,30.0,0.0
2025,502.0,livinch01,21.0,mil,sf,21.0,1.0,106.0,9.0,27.0,0.333,0.0,8.0,0.0,9.0,19.0,0.474,0.333,12.0,16.0,0.75,10.0,25.0,35.0,5.0,5.0,0.0,6.0,8.0,30.0,0.0
2025,503.0,chrisjo01,23.0,mia,sg,14.0,0.0,69.0,11.0,31.0,0.355,2.0,11.0,0.182,9.0,20.0,0.45,0.387,4.0,6.0,0.667,0.0,9.0,9.0,8.0,5.0,3.0,6.0,2.0,28.0,0.0
2025,504.0,garrema01,26.0,cho,sg,4.0,0.0,79.0,11.0,27.0,0.407,3.0,8.0,0.375,8.0,19.0,0.421,0.463,3.0,4.0,0.75,1.0,5.0,6.0,13.0,3.0,2.0,6.0,10.0,28.0,0.0
2025,505.0,ryanma01,27.0,nyk,sf,19.0,0.0,68.0,10.0,31.0,0.323,6.0,19.0,0.316,4.0,12.0,0.333,0.419,2.0,2.0,1.0,0.0,8.0,8.0,3.0,2.0,0.0,3.0,1.0,28.0,0.0
2025,506.0,jonessp01,23.0,den,sf,20.0,0.0,125.0,11.0,34.0,0.324,1.0,17.0,0.059,10.0,17.0,0.588,0.338,3.0,3.0,1.0,8.0,9.0,17.0,5.0,5.0,5.0,5.0,17.0,26.0,0.0
2025,507.0,cancavl01,27.0,den,pf,13.0,0.0,136.0,10.0,26.0,0.385,4.0,15.0,0.267,6.0,11.0,0.545,0.462,0.0,0.0,,6.0,26.0,32.0,9.0,3.0,2.0,11.0,10.0,24.0,0.0
2025,508.0,nfalyda01,23.0,hou,c,4.0,0.0,51.0,10.0,13.0,0.769,0.0,0.0,,10.0,13.0,0.769,0.769,4.0,5.0,0.8,6.0,15.0,21.0,2.0,1.0,5.0,2.0,9.0,24.0,0.0
2025,509.0,gortmja01,21.0,dal,pg,16.0,0.0,57.0,9.0,23.0,0.391,4.0,11.0,0.364,5.0,12.0,0.417,0.478,2.0,4.0,0.5,1.0,4.0,5.0,6.0,2.0,1.0,5.0,9.0,24.0,0.0
2025,510.0,crowdja01,34.0,sac,pf,9.0,2.0,103.0,7.0,22.0,0.318,4.0,15.0,0.267,3.0,7.0,0.429,0.409,5.0,6.0,0.833,6.0,14.0,20.0,6.0,3.0,0.0,4.0,10.0,23.0,0.0
2025,511.0,jonesma05,26.0,sac,sg,10.0,0.0,45.0,9.0,18.0,0.5,1.0,8.0,0.125,8.0,10.0,0.8,0.528,4.0,5.0,0.8,2.0,7.0,9.0,11.0,0.0,1.0,1.0,3.0,23.0,0.0
2025,512.0,toppija01,24.0,tot,sf,17.0,0.0,76.0,9.0,22.0,0.409,5.0,10.0,0.5,4.0,12.0,0.333,0.523,0.0,0.0,,3.0,12.0,15.0,6.0,2.0,0.0,3.0,3.0,23.0,0.0
2025,513.0,roweja01,28.0,gsw,pf,6.0,0.0,52.0,8.0,17.0,0.471,3.0,10.0,0.3,5.0,7.0,0.714,0.559,3.0,6.0,0.5,3.0,8.0,11.0,4.0,4.0,0.0,1.0,4.0,22.0,0.0
2025,514.0,liddeej01,24.0,chi,pf,12.0,0.0,53.0,8.0,15.0,0.533,3.0,10.0,0.3,5.0,5.0,1.0,0.633,2.0,2.0,1.0,3.0,6.0,9.0,3.0,1.0,1.0,2.0,11.0,21.0,0.0
2025,515.0,millele01,21.0,min,sf,13.0,0.0,32.0,6.0,15.0,0.4,0.0,5.0,0.0,6.0,10.0,0.6,0.4,8.0,8.0,1.0,3.0,8.0,11.0,0.0,2.0,1.0,2.0,2.0,20.0,0.0
2025,516.0,chrisca02,19.0,lac,sg,13.0,0.0,59.0,7.0,24.0,0.292,2.0,13.0,0.154,5.0,11.0,0.455,0.333,2.0,4.0,0.5,3.0,9.0,12.0,6.0,5.0,1.0,2.0,4.0,18.0,0.0
2025,517.0,minayju01,25.0,por,sf,19.0,0.0,101.0,8.0,21.0,0.381,2.0,10.0,0.2,6.0,11.0,0.545,0.429,0.0,2.0,0.0,5.0,5.0,10.0,7.0,6.0,1.0,5.0,12.0,18.0,0.0
2025,518.0,bouyeja01,25.0,mil,pg,5.0,1.0,62.0,6.0,12.0,0.5,1.0,5.0,0.2,5.0,7.0,0.714,0.542,4.0,6.0,0.667,1.0,4.0,5.0,10.0,4.0,2.0,8.0,2.0,17.0,0.0
2025,519.0,dukeda01,25.0,sas,sg,6.0,0.0,34.0,6.0,14.0,0.429,3.0,6.0,0.5,3.0,8.0,0.375,0.536,1.0,2.0,0.5,1.0,4.0,5.0,4.0,1.0,0.0,2.0,1.0,16.0,0.0
2025,520.0,flynnma01,26.0,cho,pg,4.0,0.0,44.0,5.0,13.0,0.385,1.0,4.0,0.25,4.0,9.0,0.444,0.423,5.0,6.0,0.833,3.0,4.0,7.0,7.0,3.0,0.0,4.0,4.0,16.0,0.0
2025,521.0,inglejo01,37.0,min,sf,19.0,1.0,114.0,6.0,23.0,0.261,3.0,15.0,0.2,3.0,8.0,0.375,0.326,0.0,0.0,,2.0,9.0,11.0,23.0,2.0,0.0,9.0,12.0,15.0,0.0
2025,522.0,klintbo01,21.0,det,sf,8.0,0.0,42.0,6.0,10.0,0.6,2.0,5.0,0.4,4.0,5.0,0.8,0.7,1.0,2.0,0.5,1.0,6.0,7.0,7.0,2.0,1.0,1.0,8.0,15.0,0.0
2025,523.0,umudest01,25.0,mil,sg,22.0,0.0,86.0,5.0,26.0,0.192,3.0,15.0,0.2,2.0,11.0,0.182,0.25,2.0,4.0,0.5,4.0,13.0,17.0,4.0,3.0,6.0,3.0,8.0,15.0,0.0
2025,524.0,hendrta01,21.0,uta,pf,3.0,3.0,75.0,4.0,18.0,0.222,3.0,12.0,0.25,1.0,6.0,0.167,0.306,3.0,4.0,0.75,5.0,10.0,15.0,2.0,5.0,4.0,2.0,8.0,14.0,0.0
2025,525.0,mcveija01,28.0,hou,pf,9.0,0.0,43.0,5.0,17.0,0.294,4.0,13.0,0.308,1.0,4.0,0.25,0.412,0.0,0.0,,2.0,3.0,5.0,1.0,0.0,2.0,2.0,3.0,14.0,0.0
2025,526.0,smithto05,24.0,det,pf,1.0,0.0,22.0,6.0,9.0,0.667,0.0,0.0,,6.0,9.0,0.667,0.667,2.0,3.0,0.667,4.0,4.0,8.0,0.0,0.0,0.0,2.0,3.0,14.0,0.0
2025,527.0,armeltr01,22.0,lal,sf,9.0,0.0,67.0,6.0,19.0,0.316,0.0,7.0,0.0,6.0,12.0,0.5,0.316,2.0,7.0,0.286,2.0,13.0,15.0,1.0,4.0,2.0,3.0,6.0,14.0,0.0
2025,528.0,crawfis01,23.0,sac,sf,15.0,0.0,46.0,5.0,11.0,0.455,1.0,5.0,0.2,4.0,6.0,0.667,0.5,2.0,4.0,0.5,1.0,7.0,8.0,1.0,1.0,2.0,1.0,2.0,13.0,0.0
2025,529.0,mcgowbr01,22.0,por,sg,13.0,0.0,32.0,4.0,14.0,0.286,0.0,4.0,0.0,4.0,10.0,0.4,0.286,5.0,6.0,0.833,2.0,1.0,3.0,2.0,1.0,0.0,4.0,3.0,13.0,0.0
2025,530.0,travelu01,23.0,cle,sg,12.0,0.0,88.0,5.0,20.0,0.25,0.0,9.0,0.0,5.0,11.0,0.455,0.25,2.0,2.0,1.0,8.0,12.0,20.0,8.0,1.0,1.0,8.0,6.0,12.0,0.0
2025,531.0,flowetr01,19.0,lac,sf,6.0,0.0,27.0,4.0,11.0,0.364,0.0,2.0,0.0,4.0,9.0,0.444,0.364,3.0,3.0,1.0,1.0,3.0,4.0,0.0,0.0,0.0,1.0,4.0,11.0,0.0
2025,532.0,youngja05,24.0,chi,pg,6.0,0.0,30.0,4.0,5.0,0.8,1.0,2.0,0.5,3.0,3.0,1.0,0.9,2.0,2.0,1.0,1.0,2.0,3.0,6.0,0.0,0.0,1.0,2.0,11.0,0.0
2025,533.0,milleem01,24.0,chi,pf,6.0,0.0,25.0,4.0,8.0,0.5,0.0,1.0,0.0,4.0,7.0,0.571,0.5,2.0,2.0,1.0,4.0,4.0,8.0,2.0,1.0,0.0,0.0,3.0,10.0,0.0
2025,534.0,bridgja01,23.0,pho,sf,8.0,0.0,30.0,2.0,7.0,0.286,2.0,7.0,0.286,0.0,0.0,,0.429,3.0,4.0,0.75,0.0,4.0,4.0,0.0,0.0,0.0,4.0,0.0,9.0,0.0
2025,535.0,robbili01,25.0,mil,c,13.0,0.0,57.0,2.0,8.0,0.25,0.0,2.0,0.0,2.0,6.0,0.333,0.25,5.0,10.0,0.5,7.0,5.0,12.0,2.0,2.0,2.0,6.0,9.0,9.0,0.0
2025,536.0,tuckepj01,39.0,nyk,sf,3.0,1.0,58.0,3.0,7.0,0.429,3.0,6.0,0.5,0.0,1.0,0.0,0.643,0.0,0.0,,4.0,4.0,8.0,0.0,1.0,1.0,1.0,8.0,9.0,0.0
2025,537.0,johnsja01,37.0,ind,pf,12.0,0.0,37.0,4.0,11.0,0.364,0.0,3.0,0.0,4.0,8.0,0.5,0.364,0.0,1.0,0.0,0.0,6.0,6.0,4.0,0.0,2.0,4.0,5.0,8.0,0.0
2025,538.0,sanogad01,22.0,chi,c,4.0,0.0,21.0,4.0,7.0,0.571,0.0,0.0,,4.0,7.0,0.571,0.571,0.0,0.0,,5.0,1.0,6.0,1.0,0.0,0.0,1.0,1.0,8.0,0.0
2025,539.0,watsoan02,24.0,nyk,sf,9.0,0.0,22.0,4.0,9.0,0.444,0.0,1.0,0.0,4.0,8.0,0.5,0.444,0.0,0.0,,1.0,2.0,3.0,2.0,1.0,0.0,2.0,3.0,8.0,0.0
2025,540.0,wheelph02,22.0,phi,pf,5.0,0.0,44.0,3.0,21.0,0.143,0.0,10.0,0.0,3.0,11.0,0.273,0.143,2.0,2.0,1.0,2.0,6.0,8.0,2.0,1.0,2.0,1.0,1.0,8.0,0.0
2025,541.0,doziepj01,28.0,min,sg,9.0,0.0,35.0,2.0,3.0,0.667,2.0,3.0,0.667,0.0,0.0,,1.0,1.0,6.0,0.167,1.0,4.0,5.0,5.0,1.0,0.0,1.0,3.0,7.0,0.0
2025,542.0,jenkida01,23.0,det,pg,7.0,0.0,23.0,3.0,10.0,0.3,1.0,7.0,0.143,2.0,3.0,0.667,0.35,0.0,2.0,0.0,0.0,2.0,2.0,3.0,0.0,0.0,1.0,2.0,7.0,0.0
2025,543.0,norrimi01,24.0,bos,pf,3.0,0.0,35.0,2.0,9.0,0.222,2.0,7.0,0.286,0.0,2.0,0.0,0.333,1.0,2.0,0.5,2.0,7.0,9.0,0.0,2.0,1.0,0.0,0.0,7.0,0.0
2025,544.0,mcculke01,23.0,nyk,sf,4.0,0.0,29.0,2.0,7.0,0.286,0.0,1.0,0.0,2.0,6.0,0.333,0.286,2.0,2.0,1.0,0.0,8.0,8.0,2.0,1.0,1.0,0.0,6.0,6.0,0.0
2025,545.0,mobleis01,25.0,phi,pf,1.0,0.0,17.0,2.0,7.0,0.286,1.0,3.0,0.333,1.0,4.0,0.25,0.357,1.0,2.0,0.5,1.0,3.0,4.0,5.0,1.0,1.0,0.0,3.0,6.0,0.0
2025,546.0,mooreta02,26.0,por,sg,2.0,0.0,20.0,2.0,10.0,0.2,1.0,4.0,0.25,1.0,6.0,0.167,0.25,1.0,2.0,0.5,4.0,4.0,8.0,1.0,2.0,0.0,2.0,0.0,6.0,0.0
2025,547.0,wisemja01,23.0,ind,c,1.0,0.0,5.0,2.0,4.0,0.5,0.0,1.0,0.0,2.0,3.0,0.667,0.5,2.0,2.0,1.0,0.0,1.0,1.0,0.0,0.0,0.0,0.0,0.0,6.0,0.0
2025,548.0,chomcul01,19.0,tor,pf,7.0,0.0,32.0,2.0,5.0,0.4,0.0,0.0,,2.0,5.0,0.4,0.4,1.0,2.0,0.5,4.0,4.0,8.0,2.0,0.0,1.0,2.0,5.0,5.0,0.0
2025,549.0,labissk01,28.0,sac,pf,4.0,0.0,12.0,2.0,4.0,0.5,1.0,1.0,1.0,1.0,3.0,0.333,0.625,0.0,0.0,,1.0,2.0,3.0,1.0,0.0,0.0,0.0,1.0,5.0,0.0
2025,550.0,willial06,25.0,det,sg,1.0,0.0,4.0,2.0,2.0,1.0,1.0,1.0,1.0,1.0,1.0,1.0,1.25,0.0,0.0,,0.0,0.0,0.0,1.0,0.0,0.0,0.0,0.0,5.0,0.0
2025,551.0,harpero02,24.0,det,sf,1.0,0.0,17.0,1.0,8.0,0.125,0.0,6.0,0.0,1.0,2.0,0.5,0.125,2.0,2.0,1.0,4.0,3.0,7.0,2.0,0.0,0.0,0.0,0.0,4.0,0.0
2025,552.0,ingraha01,22.0,sas,sf,5.0,0.0,35.0,2.0,4.0,0.5,0.0,1.0,0.0,2.0,3.0,0.667,0.5,0.0,0.0,,2.0,7.0,9.0,3.0,3.0,0.0,1.0,2.0,4.0,0.0
2025,553.0,cartodj01,24.0,tor,sg,4.0,0.0,33.0,1.0,7.0,0.143,0.0,3.0,0.0,1.0,4.0,0.25,0.143,1.0,1.0,1.0,0.0,4.0,4.0,3.0,2.0,0.0,4.0,1.0,3.0,0.0
2025,554.0,cuiyo01,21.0,brk,sg,5.0,0.0,10.0,1.0,7.0,0.143,0.0,3.0,0.0,1.0,4.0,0.25,0.143,1.0,2.0,0.5,0.0,2.0,2.0,0.0,0.0,0.0,0.0,0.0,3.0,0.0
2025,555.0,keybr01,27.0,gsw,sf,3.0,0.0,11.0,0.0,4.0,0.0,0.0,1.0,0.0,0.0,3.0,0.0,0.0,3.0,6.0,0.5,1.0,1.0,2.0,0.0,2.0,0.0,1.0,0.0,3.0,0.0
2025,556.0,newtotr01,23.0,tot,sg,8.0,0.0,16.0,1.0,8.0,0.125,0.0,3.0,0.0,1.0,5.0,0.2,0.125,1.0,1.0,1.0,2.0,2.0,4.0,2.0,1.0,0.0,2.0,4.0,3.0,0.0
2025,557.0,olivaqu01,23.0,lal,pg,2.0,0.0,10.0,1.0,5.0,0.2,1.0,5.0,0.2,0.0,0.0,,0.3,0.0,0.0,,0.0,0.0,0.0,1.0,0.0,0.0,1.0,0.0,3.0,0.0
2025,558.0,colliyu01,23.0,gsw,pg,2.0,0.0,16.0,1.0,3.0,0.333,0.0,0.0,,1.0,3.0,0.333,0.333,0.0,0.0,,2.0,1.0,3.0,4.0,2.0,0.0,0.0,5.0,2.0,0.0
2025,559.0,leonsma01,25.0,okc,sf,6.0,0.0,21.0,0.0,2.0,0.0,0.0,1.0,0.0,0.0,1.0,0.0,0.0,2.0,4.0,0.5,1.0,2.0,3.0,1.0,0.0,0.0,1.0,4.0,2.0,0.0
2025,560.0,nixda01,22.0,min,pg,3.0,0.0,13.0,0.0,1.0,0.0,0.0,1.0,0.0,0.0,0.0,,0.0,1.0,2.0,0.5,0.0,4.0,4.0,3.0,0.0,0.0,4.0,1.0,1.0,0.0
2025,561.0,daviste02,27.0,sac,sg,1.0,0.0,8.0,0.0,2.0,0.0,0.0,1.0,0.0,0.0,1.0,0.0,0.0,0.0,0.0,,0.0,1.0,1.0,1.0,0.0,0.0,0.0,0.0,0.0,0.0
2025,562.0,edwarje01,24.0,min,c,2.0,0.0,5.0,0.0,0.0,,0.0,0.0,,0.0,0.0,,,0.0,0.0,,0.0,0.0,0.0,1.0,0.0,0.0,0.0,2.0,0.0,0.0
2025,563.0,mccluma01,26.0,orl,sg,2.0,0.0,10.0,0.0,2.0,0.0,0.0,1.0,0.0,0.0,1.0,0.0,0.0,0.0,0.0,,0.0,1.0,1.0,3.0,0.0,0.0,0.0,2.0,0.0,0.0
2025,564.0,mcdanja01,27.0,was,sf,4.0,0.0,7.0,0.0,0.0,,0.0,0.0,,0.0,0.0,,,0.0,0.0,,0.0,0.0,0.0,1.0,1.0,0.0,0.0,0.0,0.0,0.0
2025,565.0,minixri01,24.0,sas,sf,1.0,0.0,7.0,0.0,1.0,0.0,0.0,1.0,0.0,0.0,0.0,,0.0,0.0,0.0,,0.0,2.0,2.0,0.0,0.0,0.0,0.0,0.0,0.0,0.0
2025,566.0,okafoja01,29.0,ind,c,1.0,0.0,3.0,0.0,0.0,,0.0,0.0,,0.0,0.0,,,0.0,0.0,,0.0,1.0,1.0,1.0,0.0,0.0,0.0,0.0,0.0,0.0
2025,567.0,pullizy01,23.0,mem,sg,3.0,0.0,3.0,0.0,1.0,0.0,0.0,0.0,,0.0,1.0,0.0,0.0,0.0,0.0,,0.0,0.0,0.0,0.0,0.0,0.0,0.0,0.0,0.0,0.0
2025,568.0,steveis01,24.0,mia,pg,3.0,0.0,6.0,0.0,2.0,0.0,0.0,1.0,0.0,0.0,1.0,0.0,0.0,0.0,0.0,,0.0,2.0,2.0,0.0,1.0,0.0,0.0,0.0,0.0,0.0
2025,569.0,taylote01,25.0,sac,pf,3.0,0.0,6.0,0.0,1.0,0.0,0.0,0.0,,0.0,1.0,0.0,0.0,0.0,0.0,,1.0,0.0,1.0,2.0,0.0,0.0,0.0,0.0,0.0,0.0
2025,,tot,,tot,,,,,,,0.467,,,0.36,,,0.545,0.543,,,0.78,,,,,,,,,,
