Season,Rank,Player_id,Age,Team,Position,Games,Games_started,Minute_Played,Player_Efficiency_Rate,True_Shooting_Percentage,Three_Point_Attempt_Rate,Free_Throw_Attempt_Rate,Offensive_Rebound_Percentage,Defensive_Rebound_Percentage,Total_Rebound_Percentage,Assist_Percentage,Steal_Percentage,Block_Percentage,Turnover_Percentage,Usage_Percentage,Offensive_Win_Shares,Defensive_Win_Shares,Win_Shares,Win_Shares_Per_48_Minutes,Offensive_Box_Plus_Minus,Defensive_Box_Plus_Minus,Box_Plus_Minus,Value_over_Replacement_Player
2019,1,bealbr01,25,WAS,SG,82,82,3028,20.8,.581,.370,.278,3.1,11.7,7.4,24.1,1.9,1.6,11.0,28.4,5.9,1.7,7.6,.120,3.8,-0.8,2.9,3.7
2019,2,hardeja01,29,HOU,PG,78,78,2867,30.6,.616,.539,.449,2.5,17.8,10.0,39.5,2.7,1.7,14.5,40.5,11.4,3.8,15.2,.254,9.4,1.6,11.0,9.3
2019,3,walkeke02,28,CHO,PG,82,82,2863,21.7,.558,.434,.267,1.9,11.9,6.8,29.4,1.7,1.0,10.1,31.5,5.5,1.9,7.4,.123,5.2,-1.0,4.2,4.4
2019,4,harrito02,26,2TM,PF,82,82,2847,17.2,.592,.313,.245,2.6,20.8,12.0,12.5,0.8,1.0,9.8,22.8,4.5,2.6,7.1,.120,2.1,-0.5,1.6,2.6
2019,4,harrito02,26,LAC,PF,55,55,1903,18.2,.605,.302,.256,2.1,21.3,12.0,12.5,1.0,1.0,10.3,23.5,3.2,1.8,5.0,.127,2.7,-0.2,2.4,2.1
2019,4,harrito02,26,PHI,PF,27,27,944,15.3,.562,.338,.221,3.7,19.7,11.9,12.6,0.6,1.1,8.8,21.3,1.2,0.9,2.1,.105,0.9,-1.0,-0.1,0.5
2019,5,georgpa01,28,OKC,SF,77,77,2841,23.3,.583,.469,.335,3.7,19.6,11.4,17.7,2.8,1.0,10.0,29.5,7.0,4.9,11.9,.201,5.6,1.6,7.2,6.6
2019,6,lillada01,28,POR,PG,80,80,2838,23.7,.588,.419,.335,2.6,11.1,7.0,30.6,1.5,1.0,10.8,29.3,9.7,2.4,12.1,.205,6.6,-0.3,6.4,6.0
2019,7,tuckepj01,33,HOU,PF,82,82,2802,9.2,.547,.740,.113,4.7,14.4,9.5,4.6,2.3,1.2,10.3,9.5,2.0,3.0,5.0,.086,-1.6,1.0,-0.6,1.0
2019,8,duranke01,30,GSW,SF,78,78,2702,24.2,.631,.281,.366,1.4,17.5,9.8,26.2,1.0,2.6,12.3,29.0,8.6,2.9,11.5,.204,5.4,0.1,5.5,5.1
2019,9,simmobe01,22,PHI,PG,79,79,2700,20.0,.582,.006,.446,6.9,20.0,13.7,34.2,2.0,1.8,19.3,22.1,4.6,3.6,8.2,.146,2.2,1.3,3.6,3.8
2019,10,derozde01,29,SAS,SG,77,77,2688,19.6,.542,.034,.336,2.2,16.4,9.4,27.6,1.6,1.1,11.7,27.9,3.6,2.6,6.3,.112,1.0,0.1,1.1,2.2
2019,11,aldrila01,33,SAS,C,81,81,2687,22.9,.576,.032,.312,10.3,19.8,15.1,11.6,0.8,3.4,8.8,26.9,6.4,2.9,9.3,.167,2.4,-0.6,1.8,2.6
2019,12,adamsst01,25,OKC,C,80,80,2669,18.5,.591,.002,.361,14.7,14.8,14.7,6.6,2.0,2.4,12.6,16.4,5.1,4.0,9.1,.163,0.7,0.4,1.1,2.1
2019,13,thompkl01,28,GSW,SG,78,78,2652,16.6,.571,.427,.113,1.6,10.1,6.0,10.5,1.5,1.5,7.2,25.6,2.9,2.3,5.3,.095,1.1,-1.4,-0.3,1.2
2019,14,drumman01,25,DET,C,79,79,2647,23.4,.555,.036,.392,16.8,34.7,25.4,7.2,2.5,4.4,12.4,22.9,4.1,5.9,10.0,.181,1.3,0.8,2.1,2.7
2019,15,gordoaa01,23,ORL,PF,78,78,2633,15.1,.538,.332,.242,5.2,18.4,11.7,16.6,1.1,1.8,12.3,21.8,1.8,3.3,5.1,.093,0.3,0.3,0.6,1.7
2019,16,westbru01,30,OKC,PG,73,73,2630,21.1,.501,.279,.306,4.1,28.3,15.8,46.5,2.5,1.1,16.3,30.9,1.8,5.0,6.8,.124,2.8,2.4,5.2,4.7
2019,17,griffbl01,29,DET,PF,75,75,2622,21.0,.581,.389,.410,4.0,20.1,11.8,27.1,1.0,0.9,13.8,30.2,5.1,2.9,8.0,.147,4.9,0.2,5.1,4.7
2019,18,hieldbu01,26,SAC,SG,82,82,2615,17.5,.587,.479,.142,4.1,12.4,8.1,11.9,1.0,1.1,9.2,25.1,4.3,1.6,5.9,.108,3.5,-1.4,2.1,2.7
2019,19,grantje01,24,OKC,PF,80,77,2612,13.8,.592,.356,.269,3.7,13.1,8.2,4.2,1.1,3.2,6.8,15.4,4.0,3.3,7.3,.134,-0.4,0.6,0.2,1.5
2019,20,holidju01,29,2TM,SG,82,77,2607,10.0,.520,.598,.136,1.9,11.9,6.8,8.1,2.3,1.2,11.2,15.7,-0.4,2.5,2.1,.038,-2.3,0.5,-1.8,0.1
2019,20,holidju01,29,CHI,SG,38,38,1325,11.0,.531,.685,.117,1.5,12.4,6.9,9.1,2.5,1.4,10.2,15.2,0.2,1.1,1.3,.047,-1.3,1.1,-0.3,0.6
2019,20,holidju01,29,MEM,SG,44,39,1282,8.9,.509,.509,.157,2.3,11.3,6.7,7.1,2.1,1.1,12.2,16.3,-0.6,1.4,0.8,.029,-3.3,-0.1,-3.4,-0.5
2019,21,sextoco01,20,CLE,PG,82,72,2605,12.0,.520,.245,.211,2.3,8.0,5.0,15.3,0.8,0.2,12.3,25.2,-0.1,-0.5,-0.6,-0.011,-1.4,-3.3,-4.7,-1.8
2019,22,mitchdo01,22,UTA,SG,77,77,2598,17.2,.537,.339,.259,2.5,10.5,6.6,21.2,2.0,0.9,11.3,31.6,1.3,3.7,5.0,.092,1.2,0.1,1.3,2.2
2019,23,goberru01,26,UTA,C,81,80,2577,24.6,.682,.000,.733,13.2,30.2,21.9,9.6,1.2,5.8,12.1,17.8,8.7,5.7,14.4,.268,3.0,2.5,5.4,4.8
2019,24,bogdabo02,29,IND,SF,81,81,2573,16.1,.613,.367,.290,1.5,12.7,7.2,9.5,1.3,0.0,10.2,22.4,3.9,2.8,6.8,.126,1.3,-0.6,0.7,1.7
2019,25,inglejo01,31,UTA,PF,82,82,2568,13.4,.581,.602,.153,1.5,12.2,7.0,26.1,1.8,0.6,18.4,17.5,2.5,3.6,6.0,.113,0.3,1.1,1.4,2.2
2019,26,fournev01,26,ORL,SG,81,81,2553,12.3,.536,.421,.159,1.6,9.4,5.4,17.6,1.4,0.4,11.9,22.1,0.8,2.5,3.2,.061,-1.8,-0.6,-2.4,-0.3
2019,27,siakapa01,24,TOR,PF,80,79,2548,18.7,.628,.226,.320,5.4,17.5,11.6,14.6,1.4,1.7,12.5,20.8,5.7,3.6,9.3,.175,1.6,0.8,2.4,2.8
2019,28,foxde01,21,SAC,PG,81,81,2546,18.1,.544,.211,.378,1.7,10.8,6.2,33.2,2.4,1.5,15.0,24.5,3.2,2.5,5.6,.106,1.3,0.2,1.5,2.3
2019,29,townska01,23,MIN,C,77,77,2545,26.3,.622,.270,.342,10.9,29.3,20.0,17.2,1.3,4.2,13.7,28.9,7.2,3.2,10.4,.197,5.4,0.6,6.0,5.1
2019,30,wiggian01,23,MIN,SF,73,73,2543,12.4,.493,.288,.245,3.5,11.4,7.4,10.9,1.3,1.6,9.3,24.4,-0.6,1.3,0.6,.012,-1.2,-1.8,-3.0,-0.6
2019,31,richajo01,25,MIA,SG,73,73,2539,14.0,.536,.448,.225,2.3,8.8,5.5,17.9,1.5,1.2,9.1,20.9,3.0,2.6,5.6,.106,0.1,0.2,0.3,1.5
2019,32,barneha02,26,2TM,PF,77,77,2533,12.8,.550,.429,.271,2.4,12.7,7.5,6.7,0.9,0.4,7.9,20.9,2.0,1.6,3.6,.068,-0.2,-1.2,-1.4,0.4
2019,32,barneha02,26,DAL,PF,49,49,1584,13.1,.538,.434,.276,2.4,11.5,7.0,6.3,1.0,0.6,7.8,23.7,0.8,1.1,1.9,.059,0.0,-1.2,-1.2,0.3
2019,32,barneha02,26,SAC,SF,28,28,949,12.3,.578,.419,.258,2.2,14.8,8.4,7.5,0.8,0.2,8.0,16.3,1.1,0.5,1.7,.084,-0.5,-1.2,-1.7,0.1
2019,33,vucevni01,28,ORL,C,80,80,2510,25.5,.573,.171,.168,9.4,31.9,20.5,21.9,1.6,3.0,9.9,28.0,5.4,4.7,10.1,.193,5.0,1.7,6.6,5.5
2019,34,jokicni01,23,DEN,C,80,80,2504,26.3,.589,.224,.292,9.8,27.6,18.7,37.0,2.1,1.9,15.4,27.4,7.5,4.3,11.8,.226,6.2,2.9,9.1,7.0
2019,35,youngtr01,20,ATL,PG,81,81,2503,17.0,.539,.384,.330,2.6,10.2,6.3,40.5,1.3,0.5,17.6,28.4,2.5,0.7,3.3,.062,2.3,-2.8,-0.6,0.9
2019,36,youngth01,30,IND,PF,81,81,2489,16.2,.569,.174,.161,8.7,14.4,11.7,12.0,2.4,1.3,12.0,18.0,3.0,3.9,6.9,.133,0.4,1.1,1.5,2.2
2019,37,tatumja01,20,BOS,SF,79,79,2455,15.1,.547,.300,.220,3.0,17.7,10.4,10.0,1.6,2.1,9.7,22.1,1.6,3.4,5.0,.097,-0.4,0.2,-0.2,1.1
2019,38,russeda01,22,BRK,PG,81,81,2448,19.4,.533,.419,.135,2.3,11.2,6.8,41.3,1.9,0.6,13.6,31.9,2.4,2.6,5.0,.097,4.0,-0.6,3.4,3.4
2019,39,murraja01,21,DEN,PG,75,74,2447,16.0,.538,.353,.190,2.9,11.2,7.0,22.4,1.3,1.0,11.1,24.9,2.8,2.3,5.1,.100,1.4,-0.8,0.6,1.6
2019,40,osmande01,23,CLE,SF,76,75,2444,11.5,.536,.443,.214,2.0,14.8,8.1,12.1,1.2,0.4,11.0,18.6,1.2,0.2,1.5,.029,-1.4,-1.8,-3.2,-0.8
2019,41,gasolma01,34,2TM,C,79,72,2436,16.7,.546,.314,.291,3.6,25.1,14.3,22.2,1.7,3.2,13.6,20.7,2.0,4.0,6.0,.118,0.8,2.3,3.1,3.1
2019,41,gasolma01,34,MEM,C,53,53,1788,16.9,.541,.324,.294,3.5,25.5,14.3,22.6,1.7,3.3,13.4,22.3,1.0,2.8,3.9,.104,1.1,2.1,3.2,2.3
2019,41,gasolma01,34,TOR,C,26,19,648,16.0,.565,.278,.278,4.1,24.0,14.3,21.2,1.8,2.9,14.6,16.3,0.9,1.2,2.1,.157,0.1,2.8,2.9,0.8
2019,42,bridgmi01,22,PHO,SF,82,56,2417,10.8,.556,.556,.210,2.5,9.7,6.0,9.8,2.5,1.3,10.2,12.2,1.7,1.2,2.9,.058,-2.0,0.4,-1.6,0.3
2019,43,holidjr01,28,NOP,SG,67,67,2402,19.4,.555,.313,.234,3.3,11.0,7.2,31.8,2.1,1.8,14.1,25.4,3.5,1.9,5.4,.108,3.1,-0.1,3.0,3.1
2019,44,middlkh01,27,MIL,SF,77,77,2393,16.5,.558,.413,.225,2.3,16.5,9.8,20.1,1.6,0.2,12.1,25.1,2.5,3.6,6.1,.123,0.7,0.1,0.8,1.7
2019,45,redicjj01,34,PHI,SG,76,63,2379,15.1,.602,.589,.248,0.9,7.2,4.1,12.9,0.6,0.6,8.1,21.9,4.6,1.2,5.9,.118,2.2,-2.0,0.2,1.3
2019,46,mccolcj01,27,POR,SG,70,70,2375,17.0,.553,.358,.154,2.9,9.7,6.3,13.8,1.1,0.9,7.4,25.5,4.0,1.7,5.6,.114,2.1,-1.0,1.0,1.8
2019,47,antetgi01,24,MIL,PF,72,72,2358,30.9,.644,.163,.550,7.3,30.0,19.3,30.3,1.8,3.9,14.8,32.3,8.9,5.5,14.4,.292,6.3,4.1,10.4,7.4
2019,48,batumni01,30,CHO,SF,75,72,2354,11.9,.581,.530,.158,3.2,14.9,8.9,14.5,1.5,1.6,16.3,13.2,2.0,1.7,3.7,.076,-0.7,0.4,-0.3,1.0
2019,49,arizatr01,33,2TM,SF,69,69,2349,12.1,.534,.590,.223,2.3,15.2,8.6,14.8,1.8,0.7,11.6,16.6,1.3,1.2,2.5,.052,-0.7,-0.6,-1.3,0.4
2019,49,arizatr01,33,PHO,SF,26,26,884,10.5,.525,.612,.189,2.0,16.4,9.1,13.5,2.1,0.8,13.7,13.8,0.2,0.5,0.6,.035,-1.1,0.0,-1.1,0.2
2019,49,arizatr01,33,WAS,SF,43,43,1465,13.0,.538,.580,.238,2.5,14.5,8.4,15.5,1.7,0.7,10.6,18.2,1.1,0.8,1.9,.062,-0.5,-0.9,-1.4,0.2
2019,50,conlemi01,31,MEM,PG,70,70,2342,21.4,.569,.380,.363,1.9,9.7,5.7,33.4,2.0,0.9,9.1,27.3,5.7,2.3,8.0,.164,4.6,0.1,4.7,3.9
2019,51,curryst01,30,GSW,PG,69,69,2331,24.4,.641,.604,.214,2.2,14.2,8.4,24.2,1.9,0.9,11.6,30.4,7.2,2.5,9.7,.199,7.1,-0.5,6.6,5.1
2019,52,lopezbr01,30,MIL,C,81,81,2322,14.6,.597,.651,.169,1.5,15.0,8.7,5.7,1.0,6.5,8.9,16.7,2.3,4.3,6.7,.138,0.4,1.8,2.2,2.4
2019,53,doncilu01,19,DAL,SG,72,72,2318,19.6,.545,.433,.409,4.0,21.9,13.0,31.6,1.6,0.9,15.0,30.5,2.1,2.8,4.9,.101,3.6,0.3,3.9,3.4
2019,54,schrode01,25,OKC,PG,79,14,2314,12.7,.508,.330,.206,1.6,11.3,6.3,20.4,1.3,0.4,12.5,24.2,0.4,2.4,2.9,.060,-1.3,-0.7,-2.0,0.0
2019,55,kuzmaky01,23,LAL,PF,70,68,2314,14.0,.546,.388,.230,2.7,14.1,8.5,11.5,0.8,0.9,10.0,23.8,1.2,1.9,3.1,.065,-0.2,-1.2,-1.4,0.4
2019,56,forbebr01,25,SAS,SG,82,81,2293,12.0,.586,.522,.099,0.9,10.4,5.7,10.6,1.0,0.1,8.8,17.4,2.5,1.3,3.8,.079,-0.3,-0.9,-1.2,0.5
2019,57,harrijo01,27,BRK,SG,76,76,2293,13.5,.645,.516,.178,2.4,10.9,6.7,11.9,0.8,0.6,13.0,17.0,3.8,1.7,5.5,.116,0.8,-0.3,0.5,1.4
2019,58,aminual01,28,POR,PF,81,81,2292,13.2,.568,.472,.292,5.3,22.6,14.2,6.0,1.4,1.2,9.7,13.7,3.0,2.8,5.8,.121,0.1,0.6,0.7,1.5
2019,59,jacksre01,28,DET,PG,82,82,2289,15.2,.547,.450,.225,2.1,8.5,5.2,24.7,1.2,0.3,11.4,24.5,3.1,1.9,5.0,.105,1.3,-0.9,0.4,1.4
2019,60,bledser01,29,MIL,PG,78,78,2272,19.3,.577,.388,.243,3.9,11.8,8.1,27.4,2.4,1.1,13.3,22.9,4.4,3.7,8.2,.173,1.9,1.2,3.1,2.9
2019,61,augusdj01,31,ORL,PG,81,81,2269,15.7,.616,.459,.309,1.9,7.8,4.8,26.9,1.1,0.1,14.3,17.2,5.0,1.9,6.9,.146,1.1,-0.7,0.5,1.4
2019,62,lambje01,26,CHO,SG,79,55,2250,17.3,.552,.337,.266,3.1,18.1,10.4,11.9,1.9,1.2,6.8,22.5,3.3,2.0,5.3,.113,1.2,0.0,1.2,1.8
2019,63,capelca01,24,HOU,C,67,67,2249,23.8,.658,.000,.357,14.4,27.6,20.8,7.1,1.0,3.9,10.0,18.2,7.8,3.0,10.8,.230,3.3,-0.3,3.0,2.8
2019,64,bookede01,22,PHO,SG,64,64,2242,20.2,.584,.330,.362,1.9,11.3,6.5,34.1,1.2,0.5,15.4,32.9,3.3,0.3,3.5,.076,3.3,-2.3,1.0,1.7
2019,65,randlju01,24,NOP,PF,73,49,2232,20.9,.600,.179,.447,7.6,21.6,14.7,15.8,1.1,1.6,13.8,27.8,4.2,1.9,6.1,.131,2.1,-0.6,1.5,2.0
2019,66,greenda02,31,TOR,SG,80,80,2216,13.0,.632,.690,.070,3.0,12.2,7.7,7.7,1.6,2.0,10.4,14.1,3.0,2.9,5.9,.128,1.1,0.8,2.0,2.2
2019,67,clarkjo01,26,CLE,SG,81,0,2214,16.8,.539,.377,.163,3.9,9.9,6.8,15.6,1.3,0.5,9.6,27.6,1.9,-0.1,1.8,.039,2.1,-2.6,-0.5,0.8
2019,68,irvinky01,26,BOS,PG,67,67,2214,24.3,.592,.350,.197,3.4,12.7,8.1,35.0,2.2,1.4,11.3,29.6,6.2,2.9,9.1,.197,6.0,1.1,7.2,5.1
2019,69,caulewi01,25,SAC,C,81,81,2213,18.0,.566,.003,.343,8.2,23.7,15.8,12.3,2.0,2.0,9.0,17.5,3.8,2.9,6.7,.146,0.2,1.1,1.2,1.8
2019,70,lowryky01,32,TOR,PG,65,65,2213,16.5,.562,.613,.263,2.1,12.9,7.6,34.8,2.0,1.2,18.1,19.6,3.6,3.0,6.6,.144,1.7,0.6,2.3,2.4
2019,71,smartma01,24,BOS,SG,80,60,2200,13.1,.568,.610,.228,2.8,8.6,5.7,19.1,3.1,1.1,16.5,14.6,2.2,3.1,5.3,.116,-1.2,2.0,0.8,1.5
2019,72,butleji01,29,2TM,SG,65,65,2185,20.2,.571,.213,.404,6.0,10.5,8.3,18.0,2.7,1.4,8.2,22.3,5.4,2.5,7.9,.173,2.8,0.9,3.7,3.2
2019,72,butleji01,29,MIN,SG,10,10,361,22.3,.579,.287,.389,4.7,10.8,7.7,18.2,3.2,2.4,7.1,23.0,1.0,0.4,1.3,.176,4.7,2.2,6.9,0.8
2019,72,butleji01,29,PHI,SF,55,55,1824,19.8,.569,.198,.407,6.3,10.4,8.4,18.0,2.6,1.2,8.4,22.1,4.4,2.1,6.6,.172,2.4,0.7,3.1,2.4
2019,73,aytonde01,20,PHO,C,71,70,2183,20.5,.608,.005,.217,11.1,26.1,18.5,9.6,1.3,2.6,11.7,21.2,4.1,1.7,5.8,.128,1.3,-1.1,0.2,1.2
2019,74,gilgesh01,20,LAC,PG,82,73,2174,13.4,.554,.194,.272,2.9,8.3,5.7,17.8,2.1,1.6,15.0,18.3,1.5,1.9,3.3,.074,-0.9,0.4,-0.5,0.8
2019,75,lavinza01,23,CHI,SG,63,62,2171,18.7,.574,.283,.330,2.0,12.9,7.4,22.6,1.3,1.0,14.2,30.5,1.7,1.1,2.8,.062,2.4,-1.6,0.8,1.5
2019,76,crowdja01,28,UTA,SF,80,11,2166,12.1,.538,.655,.247,3.1,15.9,9.6,8.9,1.4,1.1,8.8,19.1,1.3,3.1,4.4,.097,-0.3,0.6,0.3,1.2
2019,77,satorto01,27,WAS,PG,80,54,2164,14.1,.590,.306,.302,4.0,10.0,7.0,24.6,1.8,0.5,16.7,14.1,3.8,0.9,4.7,.104,-0.4,-0.3,-0.7,0.7
2019,78,harremo01,25,LAC,C,82,5,2158,23.4,.636,.019,.466,9.3,16.7,13.1,12.5,1.6,4.0,11.0,23.5,6.1,2.6,8.7,.193,2.6,0.7,3.3,2.9
2019,79,knoxke01,19,NYK,PF,75,57,2158,8.7,.475,.398,.247,2.9,13.6,8.1,6.0,1.0,0.9,10.1,22.3,-2.2,0.9,-1.3,-0.030,-3.4,-2.3,-5.7,-2.0
2019,80,gordoer01,30,HOU,SG,68,53,2158,12.2,.549,.640,.162,0.9,6.9,3.8,9.4,0.9,1.1,8.2,22.0,1.7,1.0,2.6,.059,0.5,-1.8,-1.3,0.4
2019,81,embiijo01,24,PHI,C,64,64,2154,26.1,.593,.219,.541,8.1,34.0,21.4,18.4,1.0,4.4,13.2,33.3,4.9,3.8,8.7,.194,4.0,0.9,4.9,3.8
2019,82,rosste01,27,ORL,SG,81,0,2150,15.4,.561,.551,.140,1.3,12.8,7.0,9.9,1.6,1.1,7.6,23.9,1.7,2.6,4.3,.095,1.1,-0.3,0.8,1.5
2019,83,collida01,31,IND,PG,76,76,2143,16.7,.574,.294,.288,1.9,9.9,6.0,29.9,2.5,0.4,14.4,17.7,3.9,2.9,6.8,.153,0.8,1.0,1.8,2.1
2019,84,beverpa01,30,LAC,PG,78,49,2137,11.8,.561,.591,.258,3.9,15.0,9.6,18.4,1.5,1.6,13.8,12.2,2.8,2.0,4.8,.108,-0.3,1.2,0.9,1.5
2019,85,willima02,32,CHO,PF,75,75,2133,12.6,.548,.586,.132,3.8,17.1,10.3,6.1,1.6,2.5,6.4,14.9,1.9,1.9,3.8,.086,-0.4,0.2,-0.3,0.9
2019,86,turnemy01,22,IND,C,74,74,2119,18.0,.567,.251,.258,5.4,22.0,13.9,8.0,1.4,8.4,10.3,20.0,1.9,4.4,6.3,.144,0.0,2.4,2.5,2.4
2019,87,greenje02,32,WAS,PF,77,44,2097,13.6,.608,.466,.300,2.9,13.3,8.0,9.2,1.0,1.6,11.5,17.8,2.8,0.8,3.6,.083,0.0,-1.4,-1.4,0.3
2019,88,allenja01,20,BRK,C,80,80,2096,18.5,.632,.079,.489,9.6,24.0,16.8,7.9,1.0,4.5,13.0,15.9,4.4,3.3,7.6,.175,0.2,1.4,1.6,1.9
2019,89,morrima03,29,BOS,PF,75,53,2091,14.2,.568,.461,.205,3.9,19.5,11.7,7.5,1.0,1.1,9.1,20.9,2.1,2.5,4.5,.104,-0.2,-0.7,-0.9,0.6
2019,90,matthwe02,32,3TM,SF,69,68,2091,10.3,.546,.577,.234,1.7,7.1,4.4,11.1,1.3,0.7,10.6,17.8,1.1,1.5,2.7,.062,-1.4,-0.5,-1.8,0.1
2019,90,matthwe02,32,DAL,SF,44,44,1312,11.3,.556,.561,.235,1.6,6.6,4.2,11.6,1.2,0.8,10.1,18.9,1.0,0.8,1.8,.066,-0.8,-0.5,-1.3,0.2
2019,90,matthwe02,32,NYK,SG,2,1,54,2.9,.330,.526,.263,1.9,4.0,2.9,12.9,0.9,1.6,8.6,18.4,-0.1,0.0,-0.1,-0.115,-5.3,-1.3,-6.6,-0.1
2019,90,matthwe02,32,IND,SG,23,23,725,9.2,.543,.619,.229,1.7,8.1,5.0,10.1,1.3,0.5,11.8,15.8,0.3,0.7,1.0,.067,-2.0,-0.4,-2.4,-0.1
2019,91,greendr01,28,GSW,PF,66,66,2065,12.9,.526,.391,.216,3.2,20.8,12.4,26.8,2.2,2.8,26.8,13.1,1.1,3.2,4.3,.100,-1.3,2.7,1.4,1.8
2019,92,josepco01,27,IND,PG,82,9,2063,11.0,.474,.312,.078,2.1,12.6,7.5,20.7,2.2,0.9,12.4,13.7,0.5,2.9,3.5,.081,-2.1,1.7,-0.4,0.9
2019,93,gallida01,30,LAC,SF,68,68,2059,21.0,.633,.421,.459,2.9,18.1,10.7,13.2,1.1,0.9,8.5,23.8,6.4,1.8,8.2,.191,4.9,-0.5,4.3,3.3
2019,94,hardati02,26,2TM,SG,65,63,2057,13.6,.527,.480,.278,1.7,9.8,5.7,12.8,1.3,0.3,8.6,25.4,1.0,0.9,1.8,.043,-0.1,-2.0,-2.0,0.0
2019,94,hardati02,26,NYK,SG,46,46,1499,14.4,.531,.464,.321,1.8,9.6,5.6,13.5,1.4,0.3,8.9,25.9,1.0,0.5,1.5,.048,0.4,-1.9,-1.6,0.2
2019,94,hardati02,26,DAL,SG,19,17,558,11.6,.514,.524,.161,1.4,10.3,5.9,10.9,1.0,0.3,7.7,23.9,0.0,0.4,0.4,.030,-1.2,-2.0,-3.2,-0.2
2019,95,huertke01,20,ATL,SG,75,59,2048,10.1,.533,.537,.085,3.0,9.7,6.3,14.5,1.5,1.1,13.8,15.7,0.7,0.7,1.5,.034,-1.6,-0.8,-2.4,-0.2
2019,96,jordade01,30,2TM,C,69,69,2047,19.0,.674,.000,.592,11.7,35.2,23.5,11.6,1.0,3.0,21.4,15.0,4.0,3.1,7.1,.167,0.8,1.3,2.1,2.1
2019,96,jordade01,30,DAL,C,50,50,1554,18.0,.672,.000,.613,11.2,35.9,23.6,9.5,1.0,2.9,21.3,14.4,2.7,2.5,5.3,.162,0.4,1.3,1.7,1.4
2019,96,jordade01,30,NYK,C,19,19,493,22.1,.681,.000,.537,13.3,33.0,22.9,18.2,0.9,3.4,21.6,16.8,1.3,0.6,1.9,.181,2.2,1.3,3.4,0.7
2019,97,leonaka01,27,TOR,SF,60,60,2040,25.8,.606,.267,.377,4.2,18.6,11.6,16.4,2.5,1.0,8.4,30.3,6.1,3.4,9.5,.224,6.1,1.1,7.2,4.7
2019,98,templga01,32,2TM,SG,75,55,2040,8.5,.543,.535,.217,1.5,10.2,5.8,7.4,1.8,1.4,11.5,13.2,0.3,2.0,2.2,.052,-3.3,0.5,-2.8,-0.4
2019,98,templga01,32,MEM,SG,49,49,1530,8.6,.551,.543,.196,1.3,10.0,5.6,6.7,1.6,1.5,11.4,13.9,0.1,1.5,1.6,.050,-3.1,0.4,-2.7,-0.3
2019,98,templga01,32,LAC,SG,26,6,510,8.0,.514,.509,.292,2.1,10.9,6.7,9.4,2.4,0.8,11.8,11.2,0.2,0.5,0.6,.061,-4.1,1.0,-3.1,-0.1
2019,99,caldwke01,25,LAL,SG,82,23,2035,12.9,.568,.575,.209,2.5,9.4,6.0,7.5,1.7,0.5,7.3,18.1,2.3,1.8,4.0,.095,-0.3,-0.1,-0.5,0.8
2019,100,riverau01,26,2TM,SG,76,15,2028,7.7,.503,.572,.166,1.3,7.5,4.4,11.5,1.1,1.0,10.0,14.5,0.4,0.8,1.2,.028,-3.3,-1.0,-4.3,-1.1
2019,100,riverau01,26,WAS,SG,29,2,683,6.8,.490,.546,.237,1.6,9.8,5.6,11.2,1.2,1.2,14.4,15.5,-0.4,0.2,-0.2,-0.014,-4.1,-1.2,-5.3,-0.6
2019,100,riverau01,26,HOU,SG,47,13,1345,8.2,.511,.585,.130,1.2,6.4,3.7,11.7,1.1,0.8,7.4,13.9,0.8,0.6,1.4,.050,-2.9,-0.9,-3.8,-0.6
2019,101,saricda01,24,2TM,PF,81,41,2023,13.1,.563,.464,.216,6.6,17.5,12.1,8.8,1.1,0.4,11.3,17.8,2.3,1.2,3.5,.084,-0.3,-1.3,-1.6,0.2
2019,101,saricda01,24,PHI,PF,13,13,396,8.1,.496,.530,.227,5.8,16.9,11.5,8.9,0.5,0.6,14.7,18.0,-0.1,0.3,0.2,.023,-3.2,-1.5,-4.7,-0.3
2019,101,saricda01,24,MIN,PF,68,28,1627,14.3,.579,.449,.213,6.8,17.7,12.2,8.8,1.2,0.3,10.5,17.8,2.4,0.9,3.3,.099,0.4,-1.3,-0.8,0.5
2019,102,ibakase01,29,TOR,C,74,51,2010,18.7,.582,.193,.202,8.6,23.2,16.1,7.7,0.7,4.3,10.7,22.9,2.8,3.3,6.1,.146,0.2,0.1,0.2,1.2
2019,103,dotsoda01,24,NYK,SG,73,40,2004,10.8,.526,.490,.140,1.7,12.2,6.8,10.4,1.4,0.4,8.7,17.3,0.7,0.9,1.5,.037,-1.7,-0.8,-2.6,-0.3
2019,104,isaacjo01,21,ORL,PF,75,64,1996,13.0,.537,.435,.221,5.2,17.0,11.0,5.7,1.4,4.1,10.1,16.3,0.9,3.1,4.0,.096,-1.4,1.0,-0.4,0.8
2019,105,willilo02,32,LAC,SG,75,1,1993,21.2,.554,.256,.426,2.2,9.4,5.9,33.0,1.3,0.4,11.8,32.4,3.9,1.2,5.1,.123,4.3,-2.1,2.2,2.1
2019,106,jacksjo02,21,PHO,SG,79,29,1988,10.6,.487,.268,.253,3.6,15.9,9.7,14.1,1.8,2.3,15.6,23.9,-2.8,1.1,-1.7,-0.040,-3.3,-1.2,-4.6,-1.3
2019,107,finnedo01,25,DAL,SF,81,26,1985,11.0,.530,.481,.195,7.5,13.4,10.5,6.9,1.7,1.5,11.4,14.0,1.2,2.0,3.3,.079,-1.8,0.4,-1.4,0.3
2019,108,nurkiju01,24,POR,C,72,72,1974,23.4,.570,.035,.442,13.4,26.7,20.2,17.9,1.7,4.2,14.6,24.7,4.4,3.3,7.8,.189,2.1,1.7,3.7,2.8
2019,109,horfoal01,32,BOS,C,68,68,1973,20.2,.605,.281,.131,6.5,18.3,12.4,21.2,1.4,3.9,11.8,18.9,4.5,2.9,7.5,.181,3.3,1.9,5.1,3.6
2019,110,morrimo01,23,DEN,PG,82,6,1970,16.2,.577,.323,.115,1.9,8.8,5.3,21.7,1.8,0.2,6.6,17.1,4.4,1.8,6.2,.151,1.1,0.3,1.5,1.7
2019,111,arcidry01,24,CHI,PG,81,32,1961,11.6,.588,.519,.244,1.5,10.8,6.1,18.9,1.6,0.2,12.0,11.7,2.8,0.9,3.7,.090,-2.0,0.1,-1.9,0.1
2019,112,winslju01,22,MIA,SF,66,52,1959,12.8,.513,.342,.183,3.4,15.9,9.6,21.9,1.8,0.9,14.9,20.8,0.2,2.6,2.8,.067,-1.3,0.6,-0.6,0.7
2019,113,bogdabo01,26,SAC,SG,70,17,1947,14.1,.530,.431,.188,2.1,11.0,6.4,19.3,1.7,0.7,11.1,22.3,1.3,1.4,2.7,.067,-0.1,-0.6,-0.6,0.7
2019,114,jamesle01,34,LAL,SF,55,55,1937,25.6,.588,.299,.382,3.1,21.3,12.4,39.4,1.7,1.4,13.3,31.6,4.7,2.6,7.2,.179,6.4,1.7,8.0,4.9
2019,115,oubreke01,23,2TM,SF,69,19,1935,15.2,.551,.401,.290,4.0,14.6,9.2,6.8,2.1,2.5,9.8,23.2,0.9,1.3,2.2,.054,-0.3,-0.9,-1.2,0.4
2019,115,oubreke01,23,WAS,SF,29,7,755,13.3,.545,.433,.279,3.4,15.3,9.3,3.8,1.7,2.2,8.1,20.9,0.3,0.5,0.8,.053,-1.4,-1.2,-2.6,-0.1
2019,115,oubreke01,23,PHO,SF,40,12,1180,16.4,.555,.384,.296,4.3,14.2,9.2,8.7,2.3,2.8,10.7,24.7,0.5,0.8,1.3,.054,0.4,-0.8,-0.4,0.5
2019,116,bembrde01,24,ATL,SG,82,15,1931,10.8,.508,.281,.221,2.9,16.9,9.7,14.7,2.5,1.8,17.4,17.2,-0.9,1.7,0.9,.022,-3.3,0.8,-2.4,-0.2
2019,117,fergute01,20,OKC,SG,74,74,1931,6.4,.566,.673,.118,1.7,6.0,3.8,4.8,1.0,0.7,9.4,10.6,1.2,1.6,2.8,.070,-3.9,0.1,-3.8,-0.9
2019,118,dinwisp01,25,BRK,PG,68,4,1914,16.3,.580,.447,.430,1.4,7.6,4.6,25.6,1.0,0.7,13.4,24.9,3.5,1.4,4.8,.121,1.4,-0.8,0.6,1.3
2019,119,adebaba01,21,MIA,C,82,28,1913,17.9,.623,.031,.465,9.2,24.0,16.6,14.2,1.8,3.0,17.1,15.8,3.4,3.4,6.8,.171,-0.4,2.2,1.8,1.8
2019,120,brownja02,22,BOS,SG,74,25,1913,13.5,.547,.348,.255,3.6,13.9,8.7,7.7,1.7,1.5,10.1,22.1,0.7,2.4,3.0,.076,-1.6,-0.4,-2.1,0.0
2019,121,millspa02,30,SAS,PG,82,1,1908,13.2,.572,.609,.155,1.4,8.9,5.2,17.6,1.3,0.4,11.6,18.5,2.2,1.2,3.5,.087,0.4,-0.8,-0.3,0.8
2019,122,bradlav01,28,2TM,SG,63,63,1905,7.6,.496,.403,.082,2.5,7.3,4.9,11.8,1.0,0.7,12.4,16.2,-0.6,1.0,0.3,.009,-2.8,-0.9,-3.7,-0.8
2019,122,bradlav01,28,LAC,SG,49,49,1463,5.5,.464,.410,.060,2.6,6.7,4.7,8.8,0.9,0.9,12.4,14.2,-1.0,0.6,-0.3,-0.011,-3.7,-0.9,-4.6,-1.0
2019,122,bradlav01,28,MEM,SG,14,14,442,14.5,.565,.388,.133,2.0,9.3,5.6,21.6,1.6,0.0,12.3,22.9,0.3,0.4,0.7,.074,0.1,-1.0,-0.9,0.1
2019,123,rubiori01,28,UTA,PG,68,67,1899,14.0,.520,.348,.312,1.9,11.8,6.9,32.1,2.3,0.4,17.8,22.7,0.9,2.8,3.7,.095,-1.0,0.8,-0.2,0.9
2019,124,millspa01,33,DEN,PF,70,65,1895,17.9,.570,.239,.374,8.7,20.2,14.4,10.6,2.2,2.5,10.9,19.6,3.2,2.9,6.1,.155,0.7,1.0,1.7,1.8
2019,125,hoodro01,26,2TM,SG,72,49,1893,12.3,.545,.352,.231,1.4,7.9,4.6,10.0,1.5,0.5,6.9,18.1,2.1,0.5,2.6,.065,-1.2,-0.8,-2.0,0.0
2019,125,hoodro01,26,CLE,SG,45,45,1234,13.0,.542,.335,.251,1.6,8.8,5.0,11.5,1.5,0.4,6.7,19.1,1.5,0.0,1.5,.059,-1.0,-1.1,-2.1,0.0
2019,125,hoodro01,26,POR,SG,27,4,659,10.9,.549,.387,.189,1.2,6.0,3.6,7.1,1.5,0.9,7.5,16.3,0.6,0.5,1.1,.077,-1.7,-0.3,-2.0,0.0
2019,126,wadedw01,37,MIA,SG,72,2,1885,15.8,.510,.272,.243,3.9,12.2,8.0,26.5,1.5,1.8,13.5,27.9,0.1,2.3,2.4,.061,0.8,-0.2,0.6,1.2
2019,127,beaslma01,22,DEN,SG,81,18,1879,14.2,.599,.550,.090,2.0,9.5,5.8,7.5,1.4,0.5,6.7,18.7,2.9,1.6,4.5,.115,0.8,-0.7,0.1,1.0
2019,128,bullore01,27,2TM,SG,63,60,1879,10.5,.563,.662,.143,1.2,8.8,4.9,10.1,1.0,0.5,9.3,15.8,1.6,1.4,3.1,.078,-0.7,-0.4,-1.1,0.4
2019,128,bullore01,27,DET,SG,44,44,1355,11.0,.569,.667,.145,1.6,8.6,5.0,12.0,0.9,0.3,10.3,16.7,1.4,1.0,2.4,.084,-0.1,-0.5,-0.6,0.5
2019,128,bullore01,27,LAL,SG,19,16,524,9.1,.545,.647,.137,0.4,9.3,4.9,5.0,1.4,1.1,6.3,13.7,0.2,0.4,0.7,.061,-2.1,-0.1,-2.2,0.0
2019,129,haywago01,28,BOS,PF,72,18,1863,15.6,.575,.364,.294,2.9,15.5,9.2,18.4,1.6,1.1,12.8,19.0,2.6,2.3,4.9,.126,0.4,0.4,0.8,1.3
2019,130,paulch01,33,HOU,PG,58,58,1857,19.7,.560,.493,.282,2.1,13.9,7.9,39.3,3.0,0.8,15.8,22.5,4.4,2.2,6.6,.172,2.7,1.1,3.9,2.8
2019,131,davisan02,25,NOP,C,56,56,1850,30.3,.597,.141,.422,9.9,27.5,18.8,19.0,2.2,6.0,8.4,29.5,6.4,3.1,9.5,.247,7.1,2.3,9.4,5.3
2019,132,gayru01,32,SAS,PF,69,51,1842,17.5,.583,.247,.197,3.8,23.9,13.9,14.7,1.4,1.6,12.3,22.1,2.2,2.2,4.4,.115,0.8,0.6,1.4,1.6
2019,133,sabondo01,22,IND,C,74,5,1838,21.9,.630,.024,.416,11.5,29.8,20.8,18.2,1.3,1.5,16.2,23.5,4.3,3.3,7.6,.197,1.9,1.3,3.1,2.4
2019,134,brogdma01,26,MIL,SG,64,64,1832,17.8,.614,.326,.203,3.8,11.7,8.0,16.2,1.2,0.6,10.0,20.7,4.2,2.3,6.5,.171,2.0,0.1,2.2,1.9
2019,135,collijo01,21,ATL,PF,61,59,1829,21.8,.627,.190,.320,12.3,22.1,17.1,11.0,0.6,1.8,11.2,23.7,5.0,1.0,6.0,.158,2.8,-1.9,0.9,1.3
2019,136,belinma01,32,SAS,SG,79,1,1815,11.9,.557,.572,.180,1.0,10.8,5.9,10.1,0.9,0.4,8.8,19.8,1.4,1.1,2.5,.065,-0.5,-1.2,-1.7,0.1
2019,137,olynyke01,27,MIA,PF,79,36,1812,14.4,.610,.566,.328,4.2,17.8,11.0,11.4,1.4,1.8,15.0,18.0,2.3,2.5,4.7,.126,-0.2,0.9,0.7,1.2
2019,138,shamela01,21,2TM,SG,79,27,1802,11.0,.604,.711,.167,1.3,6.4,3.9,9.0,1.0,0.4,7.0,15.0,2.7,0.9,3.6,.095,-0.3,-1.3,-1.6,0.2
2019,138,shamela01,21,PHI,SG,54,4,1108,10.7,.606,.706,.156,1.4,5.9,3.7,7.4,1.0,0.6,6.6,15.0,1.6,0.6,2.2,.096,-0.7,-1.1,-1.9,0.0
2019,138,shamela01,21,LAC,SG,25,23,694,11.3,.601,.719,.186,1.1,7.3,4.3,11.5,0.9,0.2,7.7,15.0,1.1,0.3,1.4,.094,0.4,-1.6,-1.2,0.1
2019,139,nancela02,26,CLE,C,67,30,1795,18.6,.583,.205,.280,10.0,24.9,17.1,17.8,2.8,1.9,15.3,15.5,3.3,1.6,4.9,.131,1.0,1.4,2.4,2.0
2019,140,roziete01,24,BOS,PG,79,14,1791,12.9,.501,.506,.140,1.9,16.4,9.1,17.7,1.8,1.0,8.8,18.6,0.9,2.3,3.2,.086,-0.7,0.5,-0.2,0.8
2019,141,bjeline01,30,SAC,PF,77,70,1788,15.4,.585,.433,.155,7.0,18.8,12.8,11.1,1.4,2.7,11.5,16.5,2.7,1.9,4.5,.122,0.4,0.5,0.9,1.3
2019,142,favorde01,27,UTA,C,76,70,1766,21.8,.624,.126,.368,12.9,21.3,17.2,8.0,1.5,4.8,10.5,19.4,4.4,3.5,7.9,.215,1.8,1.5,3.3,2.4
2019,143,vanvlfr01,24,TOR,PG,64,28,1760,13.7,.539,.493,.192,1.3,8.7,5.1,23.9,1.6,0.9,11.2,17.9,2.4,1.9,4.3,.117,0.4,0.1,0.5,1.1
2019,144,ingrabr01,21,LAL,SF,52,52,1760,13.4,.555,.129,.396,2.5,13.0,7.8,12.9,0.7,1.4,13.1,23.2,0.6,1.4,2.0,.055,-1.3,-0.7,-2.0,0.0
2019,145,okogijo01,20,MIN,SG,74,52,1757,9.4,.492,.423,.319,2.5,10.9,6.6,6.9,2.4,1.6,9.8,15.4,-0.1,1.4,1.2,.034,-3.5,0.4,-3.1,-0.5
2019,146,milleda01,28,NOP,SF,69,15,1757,8.4,.550,.752,.147,0.8,6.6,3.8,10.4,1.1,1.1,10.3,13.4,1.1,0.6,1.6,.045,-2.1,-0.8,-2.9,-0.4
2019,147,gallola01,27,DET,SG,80,4,1745,10.7,.534,.647,.164,3.0,7.9,5.4,7.3,1.0,0.4,3.7,16.1,2.1,1.3,3.4,.094,-0.9,-0.6,-1.5,0.2
2019,148,plumlma01,28,DEN,C,82,17,1731,17.8,.602,.023,.448,10.3,22.5,16.4,19.5,1.9,3.9,19.2,16.2,2.9,2.9,5.8,.160,-0.5,2.6,2.1,1.8
2019,149,whitede01,24,SAS,PG,67,55,1728,14.8,.555,.262,.227,2.2,13.3,7.8,21.0,1.9,2.3,14.0,17.7,1.7,1.9,3.6,.101,-0.4,1.3,0.9,1.3
2019,150,parkeja01,23,2TM,PF,64,17,1724,15.5,.560,.260,.246,4.9,21.8,13.3,14.1,1.3,1.5,15.4,24.6,0.1,1.3,1.4,.039,-0.7,-0.9,-1.5,0.2
2019,150,parkeja01,23,CHI,PF,39,17,1042,14.6,.543,.246,.233,4.2,21.1,12.6,13.2,1.1,1.2,14.1,25.0,-0.2,0.7,0.5,.024,-1.1,-1.1,-2.1,0.0
2019,150,parkeja01,23,WAS,PF,25,0,682,17.0,.587,.284,.267,5.9,23.0,14.3,15.4,1.6,2.0,17.4,24.0,0.3,0.6,0.9,.063,0.0,-0.6,-0.6,0.2
2019,151,vonleno01,23,NYK,PF,68,57,1722,13.9,.561,.311,.355,6.7,25.8,16.0,11.1,1.3,2.5,14.7,14.8,1.5,1.7,3.2,.090,-1.2,0.5,-0.7,0.6
2019,152,hartjo01,23,LAL,SG,67,22,1715,9.3,.526,.591,.172,2.2,12.6,7.5,7.0,1.7,1.9,10.4,13.5,0.2,1.9,2.1,.059,-2.3,1.0,-1.3,0.3
2019,153,carrode01,32,BRK,PF,67,8,1703,12.1,.546,.539,.421,4.2,17.3,10.8,7.2,0.9,0.5,9.7,18.6,1.5,1.6,3.1,.088,-0.9,-0.6,-1.5,0.2
2019,154,wrighde01,26,2TM,PG,75,13,1699,15.5,.523,.301,.269,4.4,12.8,8.6,21.6,2.5,1.6,11.0,18.1,1.9,2.4,4.3,.121,0.1,1.4,1.5,1.5
2019,154,wrighde01,26,TOR,PG,49,2,897,14.5,.527,.307,.208,4.8,10.1,7.5,16.8,2.5,1.4,10.4,17.1,1.0,1.3,2.3,.123,0.1,1.6,1.7,0.8
2019,154,wrighde01,26,MEM,PG,26,11,802,16.6,.519,.294,.336,4.0,15.9,9.9,26.9,2.6,1.8,11.6,19.2,0.9,1.1,2.0,.119,0.0,1.2,1.2,0.6
2019,155,bridgmi02,20,CHO,SF,80,25,1696,13.1,.548,.391,.151,4.2,16.6,10.3,8.1,1.6,2.5,8.4,15.1,1.4,1.5,2.9,.083,-0.9,0.1,-0.8,0.5
2019,156,gibsota01,33,MIN,PF,70,57,1686,17.8,.612,.063,.330,10.8,18.3,14.5,7.3,1.5,2.0,10.6,17.2,3.7,1.4,5.1,.144,0.3,-0.4,-0.1,0.8
2019,157,porteot01,25,2TM,SF,56,43,1683,15.9,.569,.398,.149,3.4,17.0,10.1,10.6,2.3,1.6,8.7,19.1,1.8,1.5,3.2,.093,0.8,0.1,0.9,1.2
2019,157,porteot01,25,WAS,SF,41,28,1191,15.0,.551,.398,.145,3.6,17.7,10.5,9.6,2.5,1.6,7.8,18.2,1.0,1.1,2.1,.085,0.0,0.3,0.3,0.7
2019,157,porteot01,25,CHI,SF,15,15,492,18.0,.609,.398,.159,3.1,15.4,9.2,13.0,1.8,1.6,10.4,21.3,0.8,0.4,1.1,.112,2.6,-0.4,2.2,0.5
2019,158,markkla01,21,CHI,PF,52,51,1682,17.1,.553,.418,.245,4.7,25.9,15.2,7.2,1.1,1.7,8.8,25.1,1.3,1.5,2.7,.078,1.4,-1.5,-0.2,0.7
2019,159,whiteha01,29,MIA,C,72,53,1674,23.5,.564,.024,.357,16.3,35.6,25.9,5.6,1.3,7.3,11.0,22.6,2.3,4.0,6.3,.180,1.1,1.2,2.3,1.8
2019,160,onealro01,25,UTA,SF,82,16,1671,9.0,.589,.513,.122,1.5,16.7,9.2,10.0,1.5,1.1,16.2,11.0,0.7,2.5,3.3,.094,-2.6,2.1,-0.5,0.6
2019,161,mcgeeja01,31,LAL,C,75,62,1671,21.8,.634,.019,.237,12.3,22.5,17.5,4.8,1.3,7.3,13.2,20.2,3.0,2.9,5.9,.171,0.3,1.2,1.4,1.4
2019,162,poweldw01,27,DAL,C,77,22,1662,20.4,.682,.261,.523,9.1,17.3,13.2,10.7,1.3,2.6,10.1,17.2,5.6,1.9,7.5,.215,2.0,0.9,2.9,2.1
2019,163,bazemke01,29,ATL,SG,67,35,1643,11.9,.507,.434,.253,2.3,14.6,8.3,13.5,2.5,2.2,13.6,22.0,-0.7,1.4,0.7,.021,-2.5,0.2,-2.3,-0.1
2019,164,kanteen01,26,2TM,C,67,31,1640,22.3,.594,.050,.288,16.4,26.1,21.1,12.1,0.9,1.3,13.3,23.1,3.9,1.6,5.4,.159,2.5,-1.5,1.0,1.2
2019,164,kanteen01,26,NYK,C,44,23,1128,21.8,.585,.047,.276,15.5,27.5,21.4,13.1,0.8,1.3,13.1,22.9,2.4,0.9,3.4,.143,2.5,-1.6,0.9,0.8
2019,164,kanteen01,26,POR,C,23,8,512,23.5,.614,.056,.316,18.3,22.8,20.6,9.9,1.3,1.4,13.7,23.4,1.5,0.6,2.1,.196,2.6,-1.3,1.3,0.4
2019,165,harriga01,24,DEN,SG,57,48,1639,12.2,.526,.380,.226,2.7,7.9,5.3,11.0,1.6,1.0,8.9,20.0,1.1,1.5,2.6,.076,-1.2,-0.4,-1.6,0.2
2019,166,bertada01,26,SAS,PF,76,12,1632,13.0,.632,.746,.132,1.6,16.0,8.8,8.2,1.0,1.7,8.2,14.1,2.6,1.5,4.0,.118,1.1,0.2,1.3,1.4
2019,167,jacksju01,23,2TM,SF,81,14,1614,11.3,.561,.505,.163,2.8,11.0,6.9,8.1,0.9,0.7,5.3,14.3,2.0,0.9,2.9,.086,-0.8,-0.8,-1.6,0.2
2019,167,jacksju01,23,SAC,SF,52,3,1083,10.1,.546,.539,.169,2.3,11.8,6.9,8.0,1.0,1.0,6.5,12.9,1.0,0.6,1.6,.072,-1.3,-0.5,-1.9,0.0
2019,167,jacksju01,23,DAL,SF,29,11,531,13.9,.584,.453,.153,3.9,9.4,6.7,8.4,0.8,0.2,3.3,17.0,1.0,0.3,1.3,.114,0.4,-1.4,-1.0,0.1
2019,168,dedmode01,29,ATL,C,64,52,1609,16.0,.602,.413,.215,6.7,25.0,15.7,8.1,2.0,3.8,12.7,16.7,2.1,1.9,4.0,.119,-0.3,0.8,0.5,1.0
2019,169,mudiaem01,22,NYK,PG,59,42,1607,14.6,.531,.284,.251,2.1,10.9,6.4,24.2,1.3,1.0,14.6,25.6,0.1,0.7,0.8,.023,-0.2,-1.8,-2.0,0.0
2019,170,lopezro01,30,CHI,C,74,36,1606,15.9,.598,.058,.230,9.4,10.0,9.7,8.8,0.3,4.2,14.0,18.6,2.0,0.7,2.7,.081,-0.6,-1.4,-1.9,0.0
2019,171,turneev01,30,POR,PG,73,2,1605,11.6,.504,.117,.239,2.5,18.9,10.9,23.6,1.0,0.9,18.9,15.9,0.5,1.5,2.0,.060,-1.8,0.5,-1.3,0.3
2019,172,brunsja01,22,DAL,PG,73,38,1591,12.8,.549,.320,.212,1.7,9.6,5.7,22.6,1.1,0.2,12.5,19.1,1.5,1.0,2.6,.077,-1.2,-0.5,-1.7,0.1
2019,173,iguodan01,35,GSW,SF,68,13,1578,13.1,.587,.477,.222,3.4,13.2,8.5,16.8,1.8,2.7,13.6,10.4,2.4,1.8,4.2,.129,0.1,1.7,1.8,1.5
2019,174,baglema01,19,SAC,PF,62,4,1567,18.9,.562,.136,.371,10.4,20.8,15.5,5.9,1.0,3.2,10.7,24.2,2.0,1.6,3.6,.110,0.5,-1.5,-1.0,0.4
2019,175,jonesty01,22,MIN,PG,68,23,1560,13.7,.491,.283,.155,1.6,7.7,4.6,28.3,2.5,0.3,9.0,14.1,2.1,0.9,3.0,.091,-0.9,0.3,-0.6,0.6
2019,176,princta02,24,ATL,SF,55,47,1552,11.9,.575,.530,.195,1.5,12.3,6.7,11.1,1.6,1.1,13.4,19.5,0.8,0.7,1.5,.047,-1.0,-1.0,-2.0,0.0
2019,177,mcgruro01,27,MIA,SG,66,45,1550,9.4,.510,.488,.156,4.1,12.2,8.2,10.3,1.1,0.7,11.5,15.4,0.4,1.6,1.9,.059,-2.2,-0.1,-2.3,-0.1
2019,178,lenal01,25,ATL,C,77,31,1544,17.2,.575,.315,.333,10.5,18.5,14.4,8.6,0.8,3.9,11.5,22.1,2.2,1.0,3.2,.100,0.0,-1.3,-1.2,0.3
2019,179,johnsty01,26,2TM,PG,57,22,1529,12.4,.532,.494,.241,2.4,9.8,6.1,15.9,1.7,1.6,11.7,18.5,0.9,1.4,2.3,.071,-0.7,0.3,-0.4,0.6
2019,179,johnsty01,26,MIA,PG,44,10,1123,12.3,.540,.509,.219,1.8,9.7,5.7,14.9,1.7,1.7,12.5,19.2,0.5,1.3,1.8,.075,-0.7,0.6,-0.1,0.5
2019,179,johnsty01,26,PHO,PG,13,12,406,12.8,.506,.448,.312,4.0,10.3,7.1,18.6,1.6,1.2,9.0,16.5,0.4,0.1,0.5,.060,-0.5,-0.6,-1.0,0.1
2019,180,jacksja02,19,MEM,PF,58,56,1515,16.4,.591,.241,.334,5.3,15.0,10.1,7.2,1.7,5.1,12.7,22.8,1.2,2.2,3.3,.105,-1.2,1.0,-0.3,0.7
2019,181,smithde03,21,2TM,PG,53,50,1508,12.3,.502,.320,.240,2.2,8.7,5.5,27.3,2.1,1.1,17.6,24.8,-1.2,1.2,0.0,.001,-1.6,-0.4,-1.9,0.0
2019,181,smithde03,21,DAL,PG,32,32,908,11.5,.527,.350,.230,2.1,9.3,5.7,24.1,2.1,1.0,20.3,23.3,-0.7,0.9,0.2,.010,-2.1,0.0,-2.1,0.0
2019,181,smithde03,21,NYK,PG,21,18,600,13.5,.473,.283,.253,2.4,7.9,5.1,32.2,2.2,1.3,14.2,27.0,-0.5,0.3,-0.2,-0.014,-0.8,-0.9,-1.7,0.0
2019,182,craigto01,28,DEN,SF,75,37,1503,10.4,.547,.519,.193,6.4,12.6,9.5,6.3,1.2,2.7,10.1,12.4,1.4,1.7,3.0,.096,-2.0,0.2,-1.9,0.0
2019,183,klebima01,27,DAL,PF,71,18,1502,13.1,.579,.565,.192,6.5,16.9,11.7,6.8,1.2,4.4,11.4,13.5,1.6,1.8,3.5,.111,-0.8,1.2,0.4,0.9
2019,184,bryanth01,21,WAS,C,72,53,1496,21.0,.674,.197,.273,8.1,25.1,16.5,9.3,0.8,3.8,9.6,17.6,4.3,1.3,5.6,.178,2.3,-0.3,2.0,1.5
2019,185,looneke01,22,GSW,C,80,24,1481,17.3,.636,.029,.303,14.6,15.4,15.0,10.9,1.5,3.0,11.5,12.8,4.2,1.8,6.0,.194,0.1,0.4,0.5,0.9
2019,186,shumpim01,28,2TM,SG,62,41,1481,9.1,.499,.612,.101,1.9,11.4,6.5,9.9,1.9,1.4,9.7,14.5,0.1,1.2,1.4,.045,-2.4,0.5,-1.9,0.0
2019,186,shumpim01,28,SAC,SG,42,40,1099,10.1,.511,.580,.118,1.7,10.6,6.0,10.7,2.0,1.6,9.4,15.2,0.3,0.9,1.2,.054,-1.9,0.6,-1.3,0.2
2019,186,shumpim01,28,HOU,SG,20,1,382,6.3,.456,.724,.041,2.3,13.6,7.8,7.6,1.5,0.9,10.7,12.7,-0.2,0.3,0.2,.019,-4.0,0.2,-3.7,-0.2
2019,187,greenge01,33,HOU,SG,73,0,1473,11.4,.555,.763,.118,2.2,11.7,6.8,4.1,1.1,1.6,8.3,19.5,0.9,1.0,1.9,.061,-0.2,-1.5,-1.7,0.1
2019,188,mccontj01,26,PHI,PG,76,3,1470,13.4,.555,.100,.088,2.1,10.2,6.3,24.7,2.5,0.9,17.3,15.0,1.2,1.7,2.9,.094,-1.8,0.9,-0.9,0.4
2019,189,mooreet01,29,NOP,SG,53,36,1463,11.5,.567,.331,.111,2.5,6.4,4.5,9.5,1.3,0.4,9.6,17.3,1.2,0.5,1.7,.055,-1.2,-1.1,-2.3,-0.1
2019,190,trieral01,23,NYK,SG,64,3,1459,12.2,.564,.255,.431,2.2,12.2,7.1,12.9,0.9,0.8,15.8,21.5,0.4,0.5,0.9,.030,-1.6,-1.5,-3.1,-0.4
2019,191,brownbr01,22,DET,SG,74,56,1449,6.9,.469,.296,.191,3.5,10.7,7.0,8.8,1.4,2.1,11.9,11.5,-0.1,1.6,1.5,.048,-4.4,1.0,-3.3,-0.5
2019,192,davised01,29,BRK,C,81,1,1446,17.3,.632,.007,.536,15.8,34.6,25.2,6.0,1.2,1.8,14.6,12.7,3.3,2.5,5.7,.191,-0.6,0.7,0.0,0.7
2019,193,seldewa01,24,2TM,SG,75,13,1439,8.3,.491,.360,.190,2.8,11.0,6.9,11.3,1.1,0.8,13.1,18.4,-1.0,0.8,-0.3,-0.009,-3.8,-1.6,-5.4,-1.2
2019,193,seldewa01,24,MEM,SG,32,0,455,8.8,.495,.391,.180,3.9,7.0,5.4,12.4,1.1,1.2,11.7,19.3,-0.2,0.3,0.1,.014,-3.3,-1.1,-4.4,-0.3
2019,193,seldewa01,24,CHI,SG,43,13,984,8.1,.489,.345,.196,2.3,12.8,7.5,10.8,1.1,0.6,13.8,18.0,-0.8,0.4,-0.4,-0.019,-4.0,-1.8,-5.9,-1.0
2019,194,kennalu01,22,DET,SG,63,10,1437,11.9,.560,.517,.117,0.9,13.5,7.0,12.3,0.9,0.6,9.4,18.1,1.3,1.3,2.5,.085,-0.4,-0.6,-1.1,0.3
2019,195,linje01,30,2TM,PG,74,4,1436,13.5,.558,.346,.388,1.6,11.7,6.6,23.4,1.5,0.8,16.4,21.8,1.2,0.9,2.1,.070,-1.4,-0.9,-2.2,-0.1
2019,195,linje01,30,ATL,PG,51,1,1003,15.9,.594,.342,.435,1.6,11.0,6.2,26.7,1.8,0.6,17.6,22.6,1.5,0.4,1.9,.092,0.3,-1.0,-0.6,0.3
2019,195,linje01,30,TOR,PG,23,3,433,8.2,.464,.355,.271,1.5,13.1,7.5,15.7,1.0,1.1,13.0,19.8,-0.3,0.5,0.2,.020,-5.4,-0.6,-6.0,-0.4
2019,196,harrish01,25,CHI,SG,73,11,1430,12.4,.494,.209,.289,2.5,14.5,8.4,14.1,3.0,1.8,11.1,16.5,-0.1,1.6,1.4,.048,-2.8,1.5,-1.3,0.2
2019,197,balllo01,21,LAL,PG,47,45,1423,11.7,.487,.500,.105,4.0,14.0,9.1,23.8,2.3,1.1,17.8,16.9,-0.2,1.7,1.6,.052,-1.6,1.3,-0.3,0.6
2019,198,harklma01,25,POR,SF,60,53,1415,13.2,.547,.309,.188,5.9,14.1,10.1,7.1,2.3,3.0,9.7,13.9,1.5,1.9,3.4,.114,-1.0,1.7,0.7,1.0
2019,199,evansty01,29,IND,SG,69,18,1402,11.5,.483,.327,.242,2.7,13.0,7.9,17.5,2.0,1.1,13.9,26.4,-1.7,2.0,0.3,.010,-2.4,-0.3,-2.7,-0.2
2019,200,curryse01,28,POR,SG,74,2,1399,11.4,.595,.540,.112,2.1,6.9,4.6,6.5,1.2,0.7,11.1,16.6,1.5,0.9,2.4,.082,-0.4,-0.7,-1.0,0.3
2019,201,scottmi01,30,2TM,PF,79,3,1395,8.6,.528,.600,.079,3.4,17.2,10.5,6.4,0.9,0.7,9.2,14.4,0.4,1.2,1.6,.053,-1.9,-0.7,-2.5,-0.2
2019,201,scottmi01,30,LAC,PF,52,0,748,9.4,.521,.578,.078,3.5,20.6,12.3,8.1,1.1,0.8,10.2,14.9,0.1,0.7,0.9,.055,-1.5,0.0,-1.5,0.1
2019,201,scottmi01,30,PHI,PF,27,3,647,7.7,.537,.626,.079,3.2,13.2,8.3,4.6,0.7,0.6,8.0,13.8,0.2,0.5,0.7,.052,-2.3,-1.4,-3.7,-0.3
2019,202,rosede01,30,MIN,PG,51,13,1392,19.5,.557,.194,.212,2.5,8.3,5.4,26.4,1.1,0.7,9.1,27.3,2.6,0.3,3.0,.102,3.2,-1.7,1.4,1.2
2019,203,dunnkr01,24,CHI,PG,46,44,1389,12.4,.484,.190,.136,1.5,13.3,7.3,30.0,2.4,1.3,16.2,20.1,-0.5,1.2,0.6,.022,-2.8,0.2,-2.7,-0.2
2019,204,burksal01,27,3TM,SG,64,24,1375,12.7,.523,.354,.297,2.3,17.0,9.4,13.7,1.4,1.3,10.8,19.0,0.7,0.8,1.5,.052,-0.6,-0.7,-1.2,0.3
2019,204,burksal01,27,UTA,SG,17,0,269,12.4,.547,.377,.333,0.8,9.9,5.4,11.2,1.1,1.2,10.3,23.2,0.2,0.3,0.5,.084,-0.4,-0.2,-0.6,0.1
2019,204,burksal01,27,CLE,SG,34,24,979,13.2,.517,.350,.288,2.8,19.0,10.6,15.0,1.3,1.4,10.7,19.2,0.6,0.3,0.9,.042,-0.2,-1.2,-1.4,0.1
2019,204,burksal01,27,SAC,SG,13,0,127,9.0,.495,.300,.250,1.6,16.6,8.9,9.5,2.9,0.7,15.3,8.5,0.0,0.2,0.2,.062,-3.9,2.8,-1.1,0.0
2019,205,greenja01,28,2TM,PF,65,6,1371,14.7,.587,.370,.212,8.3,24.3,16.4,5.8,1.6,2.3,14.3,19.4,0.9,1.9,2.9,.101,-1.3,-0.4,-1.7,0.1
2019,205,greenja01,28,MEM,PF,41,4,900,14.9,.580,.308,.256,8.8,22.8,15.7,6.5,1.8,2.7,15.6,20.4,0.4,1.4,1.8,.094,-1.8,0.0,-1.8,0.1
2019,205,greenja01,28,LAC,PF,24,2,471,14.3,.600,.488,.128,7.4,27.3,17.7,4.3,1.2,1.3,11.7,17.6,0.5,0.6,1.1,.113,-0.3,-1.2,-1.5,0.1
2019,206,rondora01,32,LAL,PG,46,29,1369,12.1,.473,.329,.083,2.6,15.5,9.2,35.5,1.9,0.4,22.1,17.4,-0.2,1.5,1.3,.047,-1.7,0.2,-1.5,0.2
2019,207,robinmi01,20,NYK,C,66,19,1360,22.0,.692,.000,.464,13.3,19.4,16.3,4.2,1.8,10.0,9.1,12.1,4.0,2.2,6.1,.217,0.1,2.4,2.5,1.6
2019,208,warretj01,25,PHO,SF,43,36,1360,16.3,.580,.295,.203,2.5,11.8,7.1,7.7,1.8,1.8,7.2,22.7,1.6,0.5,2.1,.074,0.9,-1.1,-0.2,0.6
2019,209,hernaju01,23,DEN,PF,70,25,1358,11.0,.580,.576,.274,5.1,16.1,10.6,5.3,1.0,1.6,9.5,12.2,1.6,1.4,3.0,.105,-0.9,-0.2,-1.1,0.3
2019,210,colliza01,21,POR,C,77,0,1356,13.5,.562,.303,.315,8.8,16.5,12.7,7.1,0.9,3.9,14.5,16.6,1.4,1.5,2.9,.104,-1.5,0.3,-1.2,0.3
2019,211,anunoog01,21,TOR,SF,67,6,1352,9.8,.544,.500,.153,4.8,10.8,7.9,4.7,1.6,1.3,11.3,15.5,0.3,1.7,2.0,.070,-2.4,0.1,-2.4,-0.1
2019,212,mcderdo01,27,IND,SF,77,1,1340,11.6,.617,.488,.187,1.4,7.5,4.5,7.1,0.7,0.5,8.4,16.3,1.8,1.1,2.9,.103,-0.5,-0.9,-1.4,0.2
2019,213,korveky01,37,2TM,SG,70,0,1334,11.2,.582,.720,.151,0.7,12.4,6.6,8.9,0.9,0.7,10.3,18.5,1.0,1.3,2.3,.082,-0.2,-0.3,-0.5,0.5
2019,213,korveky01,37,CLE,PF,16,0,251,11.3,.650,.711,.211,0.0,13.4,6.4,10.1,0.6,0.7,17.0,17.4,0.2,0.0,0.2,.043,0.6,-1.3,-0.7,0.1
2019,213,korveky01,37,UTA,SG,54,0,1083,11.2,.569,.722,.140,0.9,12.2,6.7,8.6,1.0,0.7,8.9,18.7,0.8,1.3,2.0,.091,-0.4,0.0,-0.4,0.4
2019,214,cartevi01,42,ATL,PF,76,9,1330,11.8,.565,.675,.141,2.4,13.2,7.7,9.3,1.5,1.8,8.8,16.7,1.2,0.7,1.9,.070,-0.4,-0.3,-0.7,0.5
2019,215,laymaja01,24,POR,SF,71,33,1327,13.5,.594,.427,.167,4.6,12.6,8.7,5.6,1.1,1.8,9.2,15.9,1.9,1.2,3.1,.111,-0.1,-0.3,-0.5,0.5
2019,216,muscami01,27,2TM,PF,64,10,1306,10.8,.564,.709,.235,4.7,14.7,9.8,7.7,0.8,2.3,10.8,14.3,1.2,1.2,2.5,.091,-0.8,-0.3,-1.1,0.3
2019,216,muscami01,27,PHI,PF,47,6,1041,10.4,.560,.716,.277,5.3,14.7,10.2,7.9,0.8,2.0,12.1,14.3,0.9,1.0,1.9,.087,-1.1,-0.4,-1.5,0.1
2019,216,muscami01,27,LAL,PF,17,4,265,12.5,.578,.687,.096,2.4,14.5,8.6,7.1,0.7,3.4,5.5,14.3,0.3,0.3,0.6,.107,0.3,0.4,0.7,0.2
2019,217,snellto01,27,MIL,SF,74,12,1304,10.7,.585,.565,.116,2.4,9.4,6.1,6.7,0.9,1.2,5.7,12.9,1.6,1.6,3.2,.117,-1.0,0.3,-0.7,0.4
2019,218,hillge01,32,2TM,PG,60,13,1302,12.1,.554,.407,.226,3.2,8.3,5.9,14.0,1.9,0.5,11.0,15.1,1.5,1.3,2.8,.103,-1.9,0.5,-1.4,0.2
2019,218,hillge01,32,CLE,PG,13,13,344,13.5,.604,.262,.187,3.7,5.1,4.4,16.2,1.7,0.3,14.7,17.3,0.5,0.0,0.5,.066,-0.7,-1.2,-2.0,0.0
2019,218,hillge01,32,MIL,PG,47,0,958,11.6,.534,.465,.242,3.0,9.4,6.4,13.3,1.9,0.6,9.4,14.4,1.0,1.4,2.3,.117,-2.3,1.1,-1.2,0.2
2019,219,portibo01,23,2TM,PF,50,28,1299,16.1,.529,.304,.154,9.0,24.9,16.8,8.8,1.3,1.3,9.9,24.6,0.5,1.1,1.6,.060,-0.2,-2.3,-2.4,-0.1
2019,219,portibo01,23,CHI,PF,22,6,531,17.2,.529,.266,.185,9.3,23.8,16.5,9.2,1.0,1.3,9.0,26.5,0.3,0.4,0.7,.062,0.5,-2.4,-1.9,0.0
2019,219,portibo01,23,WAS,PF,28,22,768,15.3,.530,.333,.132,8.8,25.7,17.1,8.4,1.5,1.3,10.6,23.3,0.2,0.7,0.9,.058,-0.6,-2.2,-2.8,-0.2
2019,220,ellinwa01,31,2TM,SG,53,38,1297,11.8,.569,.814,.107,1.1,7.9,4.5,8.3,2.0,0.4,7.7,17.2,1.3,1.4,2.6,.097,-0.3,0.3,0.0,0.7
2019,220,ellinwa01,31,MIA,SG,25,12,533,10.8,.547,.842,.087,1.2,8.2,4.7,7.8,2.2,0.5,6.8,16.5,0.4,0.6,1.0,.091,-0.7,0.9,0.2,0.3
2019,220,ellinwa01,31,DET,SG,28,26,764,12.5,.584,.795,.121,1.1,7.7,4.3,8.6,1.9,0.3,8.3,17.7,0.9,0.7,1.6,.102,0.0,-0.1,-0.1,0.4
2019,221,kurucro01,20,BRK,SF,63,46,1294,11.0,.545,.410,.205,4.6,15.4,10.0,6.0,1.5,1.5,13.6,18.4,0.1,1.5,1.6,.059,-2.9,0.3,-2.6,-0.2
2019,222,anderky01,25,MEM,SF,43,40,1281,12.8,.569,.123,.232,4.1,18.1,11.0,15.0,2.1,2.7,16.0,12.6,0.8,1.8,2.7,.100,-1.6,2.4,0.8,0.9
2019,223,poeltja01,23,SAS,C,77,24,1273,19.4,.640,.000,.317,15.4,19.7,17.6,10.0,1.1,4.5,12.7,13.1,3.5,1.6,5.1,.193,1.3,0.7,2.0,1.3
2019,224,morrima02,29,2TM,PF,58,16,1270,11.7,.521,.419,.190,5.0,17.5,11.1,8.8,1.3,1.5,9.3,19.1,0.6,1.1,1.6,.061,-2.1,-0.6,-2.7,-0.2
2019,224,morrima02,29,WAS,PF,34,15,883,12.3,.543,.439,.223,5.0,16.6,10.7,9.6,1.3,1.9,11.5,19.5,0.4,0.5,0.9,.051,-1.8,-0.9,-2.7,-0.2
2019,224,morrima02,29,OKC,PF,24,1,387,10.4,.475,.378,.122,5.2,19.6,12.1,6.8,1.3,0.4,4.1,18.0,0.2,0.5,0.7,.083,-2.8,0.1,-2.8,-0.1
2019,225,teaguje01,30,MIN,PG,42,41,1264,15.4,.528,.252,.368,1.3,7.7,4.5,37.6,1.6,1.2,16.7,19.3,1.7,0.5,2.2,.085,0.8,-1.2,-0.4,0.5
2019,226,connapa01,26,MIL,SG,61,2,1261,13.6,.573,.571,.114,5.2,15.0,10.4,12.6,1.2,1.7,8.2,13.3,2.0,1.9,3.9,.149,0.3,0.8,1.2,1.0
2019,227,monkma01,20,CHO,SG,73,0,1258,11.8,.518,.563,.174,1.3,10.6,5.9,14.3,1.4,1.3,12.0,24.6,-0.4,0.7,0.3,.012,-1.3,-1.7,-3.0,-0.3
2019,228,smithis01,30,DET,PG,56,0,1251,11.8,.485,.276,.127,1.9,11.1,6.3,25.4,1.1,0.7,10.6,19.9,0.5,1.1,1.7,.064,-1.6,-0.3,-2.0,0.0
2019,229,paytoel01,24,NOP,PG,42,42,1250,14.0,.502,.255,.180,4.1,14.0,9.1,33.5,1.6,1.1,20.1,18.3,0.6,0.9,1.5,.058,-0.7,-0.7,-1.4,0.2
2019,230,macksh01,28,2TM,PG,57,3,1246,10.4,.489,.323,.208,1.6,7.9,4.7,22.6,1.9,0.3,13.0,18.1,-0.2,1.1,0.9,.034,-2.7,-0.4,-3.0,-0.3
2019,230,macksh01,28,MEM,PG,53,3,1204,11.0,.499,.329,.193,1.6,8.0,4.8,23.3,1.9,0.3,12.8,18.0,0.1,1.0,1.1,.045,-2.3,-0.3,-2.5,-0.1
2019,230,macksh01,28,CHO,PG,4,0,42,-6.6,.251,.143,.643,0.0,5.2,2.6,3.0,2.3,0.0,18.2,22.5,-0.3,0.0,-0.3,-0.304,-14.0,-3.9,-17.9,-0.2
2019,231,mirotni01,27,2TM,PF,46,25,1245,17.2,.584,.587,.229,5.1,22.6,14.0,6.2,1.2,2.2,7.4,21.4,2.0,1.4,3.5,.133,2.1,-0.6,1.5,1.1
2019,231,mirotni01,27,NOP,PF,32,22,925,17.5,.591,.568,.248,5.2,24.1,14.8,5.3,1.1,2.2,7.6,21.7,1.6,0.9,2.5,.129,2.3,-0.9,1.4,0.8
2019,231,mirotni01,27,MIL,PF,14,3,320,16.2,.562,.644,.170,4.7,18.3,11.9,8.6,1.5,2.4,7.0,20.4,0.4,0.6,1.0,.147,1.6,0.4,2.0,0.3
2019,232,zelleco01,26,CHO,C,49,47,1243,17.2,.611,.064,.409,9.4,19.7,14.5,12.1,1.5,2.9,13.2,16.3,2.6,1.2,3.9,.150,-0.6,0.7,0.1,0.7
2019,233,holliro01,24,BRK,SF,59,21,1234,12.5,.464,.101,.376,7.1,19.2,13.2,11.7,1.7,1.7,10.7,21.6,-0.5,1.7,1.2,.047,-3.0,0.4,-2.6,-0.2
2019,234,iwundwe01,24,ORL,SF,68,13,1233,8.7,.531,.288,.376,3.2,13.0,8.0,7.9,1.1,1.5,12.1,12.8,0.5,1.4,1.9,.073,-3.8,0.6,-3.2,-0.4
2019,235,ilyaser01,31,MIL,PF,67,7,1231,11.6,.548,.420,.194,8.2,16.2,12.5,5.5,1.2,1.4,10.4,15.7,1.2,1.9,3.0,.119,-2.4,0.1,-2.3,-0.1
2019,236,ennisja01,28,2TM,SF,58,27,1230,11.0,.590,.531,.276,5.3,10.9,8.1,4.7,1.6,1.6,9.3,12.7,1.6,1.0,2.6,.103,-1.4,-0.2,-1.5,0.1
2019,236,ennisja01,28,HOU,SF,40,25,949,11.3,.622,.569,.275,4.2,9.5,6.8,4.1,2.0,1.4,8.9,11.9,1.4,0.8,2.2,.112,-1.0,0.1,-0.9,0.3
2019,236,ennisja01,28,PHI,SF,18,2,281,9.9,.510,.434,.277,8.9,15.4,12.2,6.7,0.5,2.0,10.6,15.5,0.2,0.2,0.4,.071,-2.6,-1.1,-3.7,-0.1
2019,237,dudleja01,33,BRK,PF,59,25,1220,7.8,.554,.632,.192,2.9,10.4,6.7,9.2,1.4,1.0,14.2,10.4,0.6,1.2,1.8,.070,-2.9,1.1,-1.8,0.1
2019,238,jerebjo01,31,GSW,PF,73,6,1218,13.5,.588,.530,.225,6.6,18.1,12.6,10.1,1.1,1.2,9.9,15.2,2.1,1.2,3.3,.130,-0.3,-0.4,-0.7,0.4
2019,239,crawfja01,38,PHO,SG,64,0,1211,11.7,.522,.461,.251,0.7,7.2,3.9,27.7,1.3,0.8,16.9,20.8,0.1,0.0,0.2,.006,-1.1,-2.8,-3.9,-0.6
2019,240,johnsst04,22,2TM,SF,66,7,1208,9.6,.485,.489,.145,3.0,16.9,9.7,10.6,2.4,1.0,14.7,19.4,-1.1,1.6,0.5,.021,-3.1,0.9,-2.2,0.0
2019,240,johnsst04,22,DET,SF,48,7,961,9.8,.482,.519,.146,2.7,17.7,9.9,9.4,2.5,1.1,12.9,19.1,-0.7,1.4,0.7,.034,-2.9,1.3,-1.6,0.1
2019,240,johnsst04,22,NOP,SF,18,0,247,8.9,.496,.374,.143,3.8,13.7,8.8,15.1,2.3,0.3,21.2,20.4,-0.3,0.2,-0.1,-0.028,-3.9,-0.5,-4.5,-0.2
2019,241,hezonma01,23,NYK,SF,58,24,1206,10.8,.497,.328,.246,2.4,18.7,10.4,11.5,2.3,0.6,14.6,21.3,-1.1,1.1,-0.1,-0.003,-3.5,-0.3,-3.8,-0.5
2019,242,covinro01,28,2TM,SF,35,35,1203,13.3,.580,.622,.246,2.5,14.6,8.5,5.2,2.9,3.2,10.5,15.6,0.9,1.6,2.5,.100,-0.5,2.1,1.6,1.1
2019,242,covinro01,28,PHI,SF,13,13,440,11.0,.578,.658,.197,1.7,14.0,8.1,4.3,2.6,4.1,14.8,14.2,0.0,0.7,0.7,.077,-1.7,2.2,0.5,0.3
2019,242,covinro01,28,MIN,SF,22,22,763,14.7,.580,.604,.269,2.9,14.9,8.8,5.8,3.1,2.7,8.4,16.5,0.9,0.9,1.8,.114,0.1,2.1,2.2,0.8
2019,243,thomptr01,27,CLE,C,43,40,1198,18.4,.551,.000,.279,15.4,25.7,20.3,11.2,1.2,1.2,12.1,17.7,2.1,0.5,2.6,.105,1.4,-1.9,-0.5,0.4
2019,244,bartowi01,28,DEN,SF,43,38,1189,11.0,.501,.426,.161,2.9,15.3,9.1,14.6,0.7,1.6,11.7,20.0,0.1,1.1,1.2,.049,-1.1,-0.8,-1.8,0.0
2019,245,holmeri01,25,PHO,C,70,4,1184,20.7,.647,.000,.479,10.6,20.5,15.5,7.9,1.7,5.6,10.5,17.9,3.1,1.1,4.3,.173,0.1,0.5,0.6,0.8
2019,246,kiddgmi01,25,CHO,PF,64,3,1179,13.3,.553,.142,.370,7.9,14.8,11.3,7.4,1.3,2.9,10.0,15.7,1.5,1.0,2.5,.100,-2.3,-0.1,-2.4,-0.1
2019,247,chandwi01,31,2TM,SF,51,33,1177,8.5,.537,.579,.092,4.4,14.6,9.7,9.1,1.0,1.4,13.9,11.8,0.5,1.0,1.5,.062,-2.3,-0.5,-2.8,-0.2
2019,247,chandwi01,31,PHI,PF,36,32,951,9.1,.561,.570,.087,5.0,13.4,9.4,9.9,1.1,1.5,15.4,11.2,0.6,0.9,1.5,.074,-1.8,-0.2,-2.0,0.0
2019,247,chandwi01,31,LAC,SF,15,1,226,5.8,.463,.606,.106,1.9,19.5,11.0,5.9,0.6,1.1,9.2,14.2,-0.1,0.2,0.0,.009,-4.5,-1.6,-6.1,-0.2
2019,248,jacksfr01,20,NOP,PG,61,16,1169,9.4,.517,.378,.163,2.2,9.5,5.9,8.0,1.0,0.1,9.1,18.5,0.1,0.4,0.4,.018,-2.9,-1.7,-4.6,-0.8
2019,249,johnsja01,31,MIA,PF,55,33,1164,10.9,.522,.393,.185,2.0,14.1,8.0,17.0,1.5,2.1,15.3,17.8,0.0,1.5,1.5,.062,-2.4,1.1,-1.2,0.2
2019,250,jonesde02,21,MIA,SF,60,14,1153,14.0,.559,.281,.377,8.8,13.3,11.1,4.7,1.9,3.3,10.2,15.6,1.2,1.7,2.9,.121,-1.5,1.0,-0.5,0.4
2019,251,oladivi01,26,IND,SG,36,36,1147,17.6,.519,.367,.240,2.1,17.1,9.8,25.2,2.6,0.9,11.2,27.9,0.4,1.9,2.3,.097,1.8,1.2,2.9,1.4
2019,252,waitedi01,27,MIA,SG,44,28,1138,11.4,.530,.605,.092,0.7,10.2,5.4,16.4,1.2,0.7,11.4,21.1,0.1,1.1,1.2,.052,-0.5,-0.6,-1.1,0.3
2019,253,crabbal01,26,BRK,SG,43,20,1133,7.7,.519,.694,.150,1.5,12.2,6.9,5.8,1.0,0.9,10.4,16.4,-0.2,1.0,0.8,.035,-2.4,-0.4,-2.8,-0.2
2019,254,powelno01,25,TOR,SG,60,3,1126,13.3,.596,.425,.188,1.6,11.5,6.7,11.6,1.7,1.0,13.1,19.0,1.0,1.4,2.4,.102,-0.9,0.2,-0.7,0.4
2019,255,burketr01,26,2TM,PG,58,8,1125,16.5,.524,.290,.226,2.6,6.7,4.6,24.1,1.4,0.5,7.5,24.8,1.4,0.5,1.9,.081,1.5,-1.4,0.1,0.6
2019,255,burketr01,26,NYK,PG,33,7,689,15.6,.496,.240,.209,2.2,7.3,4.7,23.6,1.5,0.6,6.9,26.1,0.4,0.2,0.6,.044,0.9,-1.5,-0.6,0.2
2019,255,burketr01,26,DAL,PG,25,1,436,17.9,.574,.384,.258,3.2,5.9,4.5,24.7,1.3,0.4,8.6,22.8,1.0,0.3,1.3,.140,2.3,-1.2,1.2,0.3
2019,256,stephla01,28,LAL,SG,68,3,1123,11.8,.529,.456,.169,3.0,16.5,9.9,17.3,1.7,0.5,15.6,20.3,-0.1,1.2,1.1,.049,-1.6,0.1,-1.5,0.1
2019,257,lylestr01,23,DEN,PF,64,2,1120,12.7,.500,.404,.234,4.2,19.6,11.9,11.3,1.3,1.8,11.1,23.4,-0.2,1.4,1.2,.050,-1.8,-0.7,-2.4,-0.1
2019,258,fraziti01,28,2TM,PG,59,19,1120,11.7,.544,.387,.207,3.9,11.5,7.7,27.6,1.2,0.4,21.1,13.3,1.3,0.7,2.0,.084,-1.4,-0.4,-1.8,0.1
2019,258,fraziti01,28,NOP,PG,47,17,909,11.6,.552,.395,.210,3.7,11.8,7.8,28.0,1.3,0.4,22.0,12.3,1.1,0.4,1.5,.081,-1.2,-0.2,-1.3,0.2
2019,258,fraziti01,28,MIL,PG,12,2,211,11.8,.523,.364,.197,4.6,10.0,7.5,26.0,1.1,0.4,18.2,17.4,0.2,0.3,0.4,.097,-2.4,-1.2,-3.6,-0.1
2019,259,cartewe01,19,CHI,C,44,44,1110,15.2,.541,.086,.302,8.4,21.8,15.0,10.7,1.1,4.5,13.4,19.1,0.7,1.2,1.9,.080,-2.2,0.6,-1.6,0.1
2019,260,walljo01,28,WAS,PG,32,32,1104,18.0,.527,.306,.317,1.5,10.1,5.7,39.2,2.1,2.2,16.1,28.8,0.5,0.7,1.2,.051,2.2,-1.4,0.9,0.8
2019,261,valanjo01,26,2TM,C,49,27,1091,24.4,.616,.089,.344,10.7,31.4,21.1,12.0,0.8,4.4,12.7,28.5,2.2,1.9,4.2,.183,2.2,0.4,2.7,1.3
2019,261,valanjo01,26,TOR,C,30,10,564,24.4,.639,.116,.363,10.6,30.2,20.6,8.5,1.1,3.4,11.5,25.9,1.6,1.1,2.6,.224,2.3,0.8,3.2,0.7
2019,261,valanjo01,26,MEM,C,19,17,527,24.4,.594,.065,.326,10.9,32.7,21.6,15.7,0.6,5.4,13.8,31.4,0.7,0.9,1.5,.140,2.1,0.0,2.1,0.5
2019,262,zizican01,22,CLE,C,59,25,1082,16.2,.590,.000,.399,10.6,22.8,16.4,7.7,0.6,1.8,13.6,18.2,1.7,0.3,2.0,.087,-1.1,-2.1,-3.2,-0.3
2019,263,tollian01,33,MIN,PF,65,0,1079,8.6,.571,.830,.232,1.5,16.2,8.8,5.5,0.8,1.7,11.2,12.5,0.6,0.5,1.2,.052,-1.7,-0.7,-2.4,-0.1
2019,264,willike04,24,NOP,SF,46,29,1079,9.7,.485,.559,.068,5.4,15.5,10.5,9.5,1.9,1.4,11.1,12.3,0.3,0.9,1.2,.053,-2.3,0.4,-1.9,0.0
2019,265,harride01,35,DAL,PG,68,2,1071,10.7,.527,.576,.386,1.2,9.9,5.6,16.7,1.6,1.3,12.1,18.5,0.6,0.9,1.5,.068,-2.6,0.4,-2.2,-0.1
2019,266,ferreyo01,25,SAC,PG,71,3,1067,12.7,.550,.423,.190,1.2,9.5,5.3,17.0,1.6,0.3,9.5,16.3,1.3,0.6,1.9,.087,-1.0,-0.4,-1.4,0.2
2019,267,simmojo02,29,2TM,SF,56,9,1064,8.5,.466,.297,.277,2.7,10.0,6.3,16.7,1.3,1.2,14.8,18.7,-0.8,1.1,0.3,.013,-3.9,-0.3,-4.2,-0.6
2019,267,simmojo02,29,ORL,SG,41,9,845,7.4,.445,.290,.252,2.9,9.9,6.3,15.7,1.0,1.4,15.0,19.3,-1.0,0.8,-0.2,-0.010,-4.6,-0.5,-5.2,-0.7
2019,267,simmojo02,29,PHI,SF,15,0,219,12.9,.553,.328,.391,2.0,10.3,6.3,20.7,2.4,0.4,13.8,16.7,0.2,0.2,0.5,.101,-1.3,0.5,-0.8,0.1
2019,268,leverca01,24,BRK,SF,40,25,1063,14.9,.509,.319,.255,3.5,11.4,7.5,23.2,1.9,1.0,11.4,24.0,0.5,1.2,1.7,.077,-0.3,0.5,0.2,0.6
2019,269,cookqu01,25,GSW,PG,74,10,1059,13.1,.565,.456,.059,2.3,13.0,7.9,15.2,0.9,0.2,10.0,20.2,1.0,0.8,1.8,.082,-0.5,-1.6,-2.1,0.0
2019,270,noelne01,24,OKC,C,77,2,1055,19.3,.608,.000,.286,12.1,20.0,15.9,5.9,2.9,7.7,13.4,13.8,1.9,2.5,4.3,.198,-1.2,3.3,2.1,1.1
2019,271,zubaciv01,21,2TM,C,59,37,1040,18.9,.604,.000,.332,11.9,24.2,18.2,9.1,0.6,4.0,13.9,20.3,1.9,1.3,3.2,.148,-0.2,-0.2,-0.5,0.4
2019,271,zubaciv01,21,LAL,C,33,12,516,19.5,.633,.000,.342,11.0,21.2,16.2,7.3,0.4,4.3,12.9,20.5,1.1,0.6,1.8,.165,-0.3,0.1,-0.2,0.2
2019,271,zubaciv01,21,LAC,C,26,25,524,18.3,.574,.000,.323,12.7,27.2,20.2,10.9,0.9,3.6,14.8,20.1,0.7,0.7,1.4,.132,-0.2,-0.5,-0.7,0.2
2019,272,brownst02,23,MIL,SG,58,7,1034,10.9,.563,.471,.135,3.0,14.4,9.0,10.7,1.1,0.7,12.2,15.2,0.7,1.4,2.1,.098,-1.8,0.3,-1.5,0.1
2019,273,dienggo01,29,MIN,C,76,2,1031,18.1,.572,.149,.281,8.3,24.1,16.1,10.3,2.2,3.4,11.9,19.6,1.5,1.3,2.8,.132,-0.3,0.9,0.6,0.7
2019,274,stausni01,25,2TM,SG,68,0,1015,10.9,.545,.556,.189,1.9,11.7,6.8,11.1,1.0,0.6,12.2,17.6,0.6,0.5,1.1,.052,-0.7,-1.2,-1.9,0.0
2019,274,stausni01,25,POR,SG,44,0,673,10.8,.545,.546,.157,1.6,10.8,6.3,12.6,1.0,0.5,14.0,17.9,0.3,0.4,0.8,.055,-0.9,-0.8,-1.6,0.1
2019,274,stausni01,25,CLE,SG,24,0,342,11.3,.544,.578,.257,2.5,13.2,7.6,8.0,1.0,0.8,8.3,16.9,0.3,0.0,0.3,.046,-0.5,-2.1,-2.5,0.0
2019,275,mckinal01,26,GSW,SF,72,5,1003,11.2,.569,.429,.175,9.0,16.9,13.1,4.0,0.9,1.3,9.2,13.9,1.2,0.9,2.1,.100,-2.2,-1.3,-3.5,-0.4
2019,276,parketo01,36,CHO,PG,56,0,1003,15.3,.512,.110,.268,1.5,7.6,4.5,33.3,1.0,0.6,12.7,25.5,0.6,0.3,0.9,.044,-0.3,-2.3,-2.6,-0.1
2019,277,dragigo01,32,MIA,PG,36,22,991,13.9,.517,.379,.233,2.1,9.8,6.0,27.3,1.5,0.5,12.9,23.7,0.6,1.0,1.6,.079,-0.5,-0.6,-1.1,0.2
2019,278,nwabada01,26,CLE,SF,51,14,984,12.5,.558,.286,.324,4.4,14.4,9.2,8.1,1.8,1.5,8.8,14.6,1.1,0.3,1.4,.069,-1.8,-0.3,-2.1,0.0
2019,279,meltode01,20,PHO,PG,50,31,984,9.9,.466,.371,.109,2.8,12.5,7.5,22.3,3.3,1.9,21.8,15.0,-0.8,0.8,0.0,.002,-3.8,1.1,-2.7,-0.2
2019,280,napiesh01,27,BRK,PG,56,2,983,15.3,.534,.524,.317,1.9,8.7,5.3,22.2,2.0,1.3,11.7,24.0,1.0,1.0,2.0,.098,0.9,0.6,1.5,0.9
2019,281,houseda01,25,HOU,SF,39,13,979,12.2,.646,.706,.282,2.8,13.3,7.9,5.9,1.1,1.0,11.0,14.1,1.6,0.7,2.3,.113,0.1,-0.5,-0.5,0.4
2019,282,clarkia01,27,NOP,SG,60,6,973,8.3,.502,.527,.097,1.4,8.0,4.7,12.9,1.1,0.7,12.7,19.3,-0.4,0.3,-0.1,-0.003,-3.3,-1.8,-5.1,-0.8
2019,283,makerth01,21,2TM,PF,64,5,972,11.3,.530,.571,.313,4.5,17.4,11.0,6.3,1.0,4.4,9.8,14.8,0.5,1.5,2.0,.099,-2.2,1.0,-1.2,0.2
2019,283,makerth01,21,MIL,C,35,0,409,12.9,.546,.582,.276,4.5,18.5,11.9,5.8,1.1,3.7,5.7,16.3,0.4,0.7,1.1,.132,-1.3,1.3,0.0,0.2
2019,283,makerth01,21,DET,PF,29,5,563,10.2,.514,.560,.351,4.5,16.5,10.3,6.7,1.0,5.0,13.4,13.7,0.1,0.8,0.9,.075,-2.9,0.8,-2.1,0.0
2019,284,livinsh01,33,GSW,PG,64,0,967,11.7,.555,.010,.243,4.9,7.9,6.5,14.8,1.5,2.3,14.1,12.0,1.2,0.9,2.0,.101,-1.7,0.7,-1.0,0.2
2019,285,okoboel01,21,PHO,PG,53,16,958,7.6,.489,.455,.162,1.4,10.1,5.7,18.7,1.6,0.6,18.2,17.0,-0.7,0.2,-0.5,-0.027,-4.2,-1.5,-5.7,-0.9
2019,286,grantje02,26,ORL,PG,60,1,939,10.8,.526,.500,.182,2.1,9.1,5.6,22.4,2.3,0.5,17.7,13.4,0.5,1.1,1.7,.085,-2.9,1.3,-1.6,0.1
2019,287,okafoja01,23,NOP,C,59,24,935,17.9,.603,.014,.246,9.2,21.4,15.4,6.3,0.7,3.5,11.5,19.9,1.4,0.8,2.2,.115,-0.6,-0.9,-1.5,0.1
2019,288,cunnida01,31,SAS,PF,64,21,928,10.2,.585,.411,.114,5.7,16.3,11.0,6.8,1.4,1.2,11.7,8.9,1.0,0.9,1.9,.097,-1.3,0.6,-0.6,0.3
2019,289,theisda01,26,BOS,C,66,2,908,17.0,.624,.252,.286,10.2,16.2,13.2,10.5,1.1,4.1,9.9,15.8,2.3,1.3,3.5,.188,-0.8,0.9,0.0,0.5
2019,290,ntilila01,20,NYK,PG,43,16,904,6.0,.417,.408,.106,1.4,8.9,5.0,19.5,1.6,1.3,15.9,16.6,-1.3,0.4,-0.8,-0.045,-5.2,-0.8,-6.0,-0.9
2019,291,diallch01,22,NOP,PF,64,1,896,17.5,.644,.015,.247,8.8,29.3,19.2,5.1,1.5,3.0,14.0,16.0,1.4,1.2,2.6,.140,-1.1,0.1,-0.9,0.2
2019,292,hutchch01,22,CHI,SF,44,14,895,8.8,.507,.239,.182,3.7,18.9,11.2,5.3,1.2,0.6,10.0,12.2,0.0,0.6,0.6,.030,-3.4,-0.5,-3.9,-0.4
2019,293,wilsodj01,22,MIL,PF,48,3,882,10.3,.515,.506,.187,5.5,19.2,12.8,7.6,0.9,1.9,10.5,14.4,0.3,1.4,1.7,.093,-2.4,0.2,-2.2,0.0
2019,294,pachuza01,34,DET,C,68,3,878,13.7,.539,.021,.642,11.9,21.5,16.5,14.7,1.7,1.6,18.7,15.0,1.1,1.3,2.3,.128,-2.8,1.6,-1.2,0.2
2019,295,leoname01,26,POR,C,61,2,878,15.8,.675,.459,.211,6.1,21.8,14.2,11.8,0.7,0.8,14.0,14.8,2.1,0.9,3.0,.164,1.5,0.3,1.8,0.8
2019,296,hillso01,27,NOP,SF,44,15,878,6.8,.497,.567,.180,4.1,11.5,7.8,7.6,1.2,0.9,13.9,10.4,0.1,0.4,0.5,.029,-3.1,-0.4,-3.6,-0.3
2019,297,chandty01,36,2TM,C,55,6,875,11.2,.630,.010,.879,11.1,25.3,18.3,5.3,1.1,2.2,23.4,8.5,0.9,1.2,2.1,.114,-2.9,0.8,-2.1,0.0
2019,297,chandty01,36,PHO,C,7,0,89,11.5,.653,.000,1.500,8.6,40.5,24.3,9.1,1.1,0.9,26.0,13.0,0.1,0.1,0.2,.092,-4.8,0.2,-4.6,-0.1
2019,297,chandty01,36,LAL,C,48,6,786,11.2,.626,.011,.793,11.4,23.6,17.6,4.8,1.1,2.3,23.0,8.0,0.9,1.1,1.9,.117,-2.7,0.9,-1.8,0.0
2019,298,pattepa01,29,OKC,PF,63,5,861,8.1,.493,.626,.137,4.9,13.0,8.8,4.6,0.9,1.3,8.7,12.0,0.2,0.9,1.1,.064,-2.0,-0.4,-2.5,-0.1
2019,299,milescj01,31,2TM,SF,53,1,856,9.0,.504,.653,.186,1.7,10.3,6.1,6.0,1.5,1.5,8.2,18.6,-0.2,0.9,0.7,.041,-2.4,-0.5,-2.9,-0.2
2019,299,milescj01,31,TOR,SF,40,1,562,8.0,.484,.665,.214,2.4,10.5,6.5,5.2,1.5,1.5,8.5,18.8,-0.3,0.7,0.4,.035,-3.2,-0.4,-3.6,-0.2
2019,299,milescj01,31,MEM,SF,13,0,294,10.8,.544,.629,.133,0.4,10.1,5.2,7.4,1.4,1.6,7.5,18.3,0.1,0.3,0.3,.054,-0.8,-0.8,-1.5,0.0
2019,300,blakean01,22,CHI,SG,57,3,829,10.6,.487,.230,.192,0.9,13.1,6.9,8.2,0.7,0.9,7.5,24.5,-0.8,0.3,-0.5,-0.030,-2.4,-2.7,-5.2,-0.7
2019,301,bendedr01,21,PHO,PF,46,27,826,9.5,.521,.513,.274,4.5,20.3,12.3,9.4,1.0,2.2,14.4,13.4,0.0,0.4,0.5,.027,-3.4,-0.8,-4.1,-0.5
2019,302,baynear01,32,BOS,C,51,18,821,14.0,.567,.274,.278,11.4,19.8,15.6,9.3,0.7,3.7,13.8,15.2,1.3,1.1,2.4,.139,-1.8,0.3,-1.5,0.1
2019,303,gilesha01,20,SAC,PF,58,0,820,14.4,.526,.017,.261,8.1,20.1,14.0,15.2,1.8,2.3,15.8,23.2,0.0,1.0,1.0,.056,-3.4,0.4,-3.0,-0.2
2019,304,hernawi01,24,CHO,C,58,3,812,20.4,.587,.132,.488,15.3,26.3,20.7,11.5,1.0,2.1,13.9,22.1,1.8,0.8,2.6,.153,1.1,-1.1,-0.1,0.4
2019,305,dellama01,28,2TM,PG,48,0,812,11.1,.532,.537,.215,0.8,9.9,5.2,31.9,0.8,0.2,20.4,17.9,0.5,0.0,0.5,.028,-1.7,-2.8,-4.4,-0.5
2019,305,dellama01,28,MIL,PG,12,0,97,7.5,.482,.579,.211,0.0,9.9,5.2,35.7,1.0,0.0,34.6,13.7,0.0,0.1,0.1,.043,-3.5,-0.6,-4.1,-0.1
2019,305,dellama01,28,CLE,PG,36,0,715,11.5,.537,.534,.215,0.9,9.9,5.2,31.3,0.8,0.2,18.9,18.4,0.5,-0.1,0.4,.026,-1.4,-3.0,-4.5,-0.4
2019,306,spellom01,21,ATL,PF,46,11,805,12.4,.516,.525,.184,9.2,16.3,12.7,8.0,1.5,2.7,10.5,14.9,0.6,0.5,1.2,.070,-0.5,-0.7,-1.2,0.2
2019,307,cabocbr01,23,MEM,PF,34,19,800,12.4,.571,.578,.222,5.8,16.5,11.1,9.4,0.9,3.9,13.3,15.9,0.6,0.9,1.5,.090,-1.1,0.1,-1.1,0.2
2019,308,nowitdi01,40,DAL,PF,51,20,795,9.6,.469,.545,.133,0.7,20.5,10.6,6.9,0.5,1.9,4.3,22.5,-0.5,0.8,0.3,.016,-2.7,-1.2,-3.9,-0.4
2019,309,belljo01,24,GSW,C,68,3,788,12.9,.531,.010,.214,7.8,16.7,12.5,12.3,1.2,5.4,16.7,13.7,0.5,1.1,1.6,.096,-2.2,1.3,-0.9,0.2
2019,310,dekkesa01,24,2TM,PF,47,5,788,13.3,.519,.242,.180,7.2,13.5,10.2,8.3,2.3,0.7,8.0,16.2,0.6,0.5,1.0,.064,-1.0,-0.7,-1.8,0.1
2019,310,dekkesa01,24,CLE,PF,9,5,169,14.0,.544,.271,.208,5.7,16.5,10.8,7.9,3.2,0.0,8.7,14.9,0.2,0.1,0.3,.080,-0.9,-0.1,-1.1,0.0
2019,310,dekkesa01,24,WAS,PF,38,0,619,13.2,.514,.236,.173,7.6,12.6,10.1,8.4,2.1,1.0,7.8,16.6,0.4,0.4,0.8,.059,-1.0,-0.9,-1.9,0.0
2019,311,kornelu01,23,NYK,C,46,18,784,14.8,.531,.682,.163,3.6,14.6,9.0,10.5,1.7,4.5,7.6,17.9,0.6,0.7,1.4,.083,1.4,0.7,2.0,0.8
2019,312,biyombi01,26,CHO,C,54,32,783,14.4,.602,.000,.583,11.0,23.3,17.0,5.9,0.7,4.6,14.8,12.7,1.2,0.8,2.0,.125,-2.4,0.0,-2.5,-0.1
2019,313,thomala01,30,NYK,PF,46,17,783,6.4,.482,.401,.183,2.7,13.1,7.8,5.0,1.0,0.8,10.1,12.9,-0.3,0.3,0.1,.004,-4.8,-0.9,-5.7,-0.7
2019,314,couside01,28,GSW,C,30,30,771,21.4,.562,.256,.388,6.2,27.0,17.1,20.4,2.5,4.8,14.2,28.1,0.9,1.5,2.4,.151,0.4,2.6,3.0,1.0
2019,315,bambamo01,20,ORL,C,47,1,766,14.9,.539,.288,.259,8.8,24.0,16.3,7.4,0.8,7.0,13.7,17.8,0.3,1.4,1.7,.106,-2.8,1.4,-1.4,0.1
2019,316,danietr01,27,PHO,SG,51,1,760,9.8,.558,.705,.084,1.9,8.9,5.3,5.0,1.6,0.5,8.7,17.6,0.2,0.1,0.3,.020,-1.7,-2.0,-3.7,-0.3
2019,317,bacondw01,23,CHO,SG,43,13,759,11.7,.570,.339,.179,1.1,11.7,6.3,9.2,0.8,0.6,6.1,16.8,0.9,0.3,1.2,.073,-2.1,-1.6,-3.7,-0.3
2019,318,kaminfr01,25,CHO,C,47,0,755,16.8,.587,.466,.359,5.5,18.1,11.7,12.9,0.8,1.4,10.6,22.1,1.3,0.5,1.8,.114,1.4,-1.1,0.3,0.4
2019,319,bareajo01,34,DAL,PG,38,0,752,16.3,.495,.332,.203,1.9,11.6,6.8,47.5,1.4,0.1,14.7,28.1,0.4,0.6,1.0,.064,1.2,-1.8,-0.6,0.3
2019,320,gortama01,34,LAC,C,47,43,751,12.8,.562,.000,.258,9.8,26.5,18.4,12.0,0.4,2.5,19.4,14.4,0.6,0.8,1.4,.089,-1.7,0.4,-1.3,0.1
2019,321,feliccr01,26,CHI,C,60,0,746,13.4,.568,.022,.408,11.4,20.5,15.9,7.2,0.7,0.8,13.5,14.3,0.9,0.4,1.4,.088,-2.0,-2.1,-4.1,-0.4
2019,322,randlch01,25,WAS,PG,49,2,743,9.9,.555,.530,.286,1.4,6.8,4.1,17.5,1.6,0.3,15.0,16.4,0.4,0.2,0.6,.041,-2.7,-1.3,-4.0,-0.4
2019,323,knighbr03,27,2TM,PG,39,26,736,8.9,.484,.496,.131,1.4,7.7,4.4,14.4,1.4,0.2,9.8,18.1,-0.1,0.0,0.0,-0.002,-3.5,-2.0,-5.4,-0.6
2019,323,knighbr03,27,HOU,PG,12,0,118,0.8,.347,.681,.234,0.9,7.7,4.2,10.6,0.8,0.0,8.8,20.9,-0.3,0.0,-0.3,-0.113,-9.5,-2.9,-12.4,-0.3
2019,323,knighbr03,27,CLE,PG,27,26,618,10.5,.515,.455,.108,1.5,7.7,4.5,15.1,1.5,0.3,10.1,17.6,0.3,0.0,0.2,.019,-2.3,-1.8,-4.1,-0.3
2019,324,browntr01,19,WAS,SF,52,10,730,11.1,.487,.295,.201,5.1,16.6,10.8,14.9,1.4,0.6,10.5,16.5,0.2,0.4,0.6,.039,-1.7,-1.0,-2.7,-0.1
2019,325,farieke01,29,2TM,C,37,13,728,21.6,.622,.094,.374,14.4,23.4,18.8,4.6,1.1,2.7,9.7,20.3,2.1,0.9,2.9,.193,1.3,-1.5,-0.2,0.3
2019,325,farieke01,29,BRK,C,12,0,118,20.5,.622,.119,.381,13.4,25.7,19.6,2.8,0.8,2.7,10.9,19.6,0.2,0.2,0.4,.168,1.5,-1.1,0.4,0.1
2019,325,farieke01,29,HOU,C,25,13,610,21.8,.622,.090,.372,14.6,23.0,18.7,4.9,1.2,2.6,9.4,20.4,1.8,0.7,2.5,.198,1.3,-1.6,-0.4,0.3
2019,326,rabbiv01,21,MEM,PF,49,13,721,16.1,.586,.071,.325,10.7,21.5,16.0,12.0,1.2,1.8,12.6,17.2,1.2,0.9,2.1,.137,-1.1,-0.3,-1.4,0.1
2019,327,grahatr01,25,BRK,SG,35,21,715,6.1,.458,.670,.115,3.4,12.3,7.9,6.5,0.9,0.8,7.8,12.8,-0.1,0.6,0.5,.033,-3.7,0.0,-3.7,-0.3
2019,328,payneca01,24,2TM,PG,40,13,712,11.5,.519,.377,.184,2.0,9.2,5.5,21.8,1.9,1.1,15.7,17.6,0.1,0.3,0.5,.031,-2.3,-0.7,-3.0,-0.2
2019,328,payneca01,24,CHI,PG,31,12,536,10.3,.492,.351,.149,2.0,8.8,5.4,22.4,1.8,1.0,16.0,17.4,-0.1,0.3,0.2,.014,-3.1,-0.7,-3.8,-0.2
2019,328,payneca01,24,CLE,PG,9,1,176,15.3,.596,.455,.291,1.8,10.6,6.0,20.0,2.3,1.5,15.1,18.1,0.2,0.1,0.3,.082,0.1,-0.8,-0.7,0.1
2019,329,dorsety01,22,2TM,SG,48,11,698,11.2,.509,.500,.231,4.2,13.7,8.9,12.4,1.0,0.3,8.5,19.7,0.2,0.4,0.6,.043,-1.4,-2.1,-3.5,-0.3
2019,329,dorsety01,22,ATL,SG,27,0,251,7.8,.448,.438,.292,3.7,14.6,9.0,9.3,1.3,0.3,9.1,17.9,-0.2,0.1,-0.1,-0.010,-3.4,-1.5,-4.9,-0.2
2019,329,dorsety01,22,MEM,SG,21,11,447,13.1,.541,.531,.200,4.4,13.3,8.8,14.2,0.8,0.2,8.2,20.7,0.4,0.3,0.7,.073,-0.3,-2.4,-2.7,-0.1
2019,330,naderab01,25,OKC,SF,61,1,694,8.8,.522,.465,.167,2.0,15.7,8.6,3.8,1.3,1.5,10.1,15.1,0.0,0.9,0.9,.062,-3.6,0.3,-3.2,-0.2
2019,331,noahjo01,33,MEM,C,42,1,693,18.6,.571,.005,.512,9.2,29.6,19.3,20.6,1.4,4.2,16.1,20.0,1.0,1.2,2.2,.150,-0.3,2.4,2.1,0.7
2019,332,marjabo01,30,2TM,C,58,12,681,24.2,.664,.038,.504,14.0,26.9,20.6,12.8,1.1,3.1,15.7,23.3,2.1,0.9,3.0,.212,2.8,0.3,3.2,0.9
2019,332,marjabo01,30,LAC,C,36,9,376,24.9,.666,.014,.679,16.0,26.5,21.4,9.3,1.4,3.6,16.9,24.6,1.2,0.5,1.7,.217,2.6,0.4,3.1,0.5
2019,332,marjabo01,30,PHI,C,22,3,305,23.3,.663,.067,.300,11.4,27.3,19.6,17.1,0.8,2.6,13.9,21.7,0.9,0.4,1.3,.204,3.0,0.3,3.3,0.4
2019,333,korkmfu01,21,PHI,SG,48,7,679,11.5,.528,.588,.180,2.6,13.8,8.3,10.7,2.0,0.2,8.6,17.9,0.4,0.7,1.1,.079,-1.6,-0.2,-1.8,0.0
2019,334,grahade01,23,CHO,PG,46,3,676,10.3,.459,.560,.213,1.6,8.6,5.0,24.8,1.7,0.3,11.3,17.0,0.2,0.3,0.5,.035,-2.6,-1.3,-4.0,-0.3
2019,335,luwawti01,23,2TM,SF,50,7,669,8.0,.489,.532,.188,1.7,14.1,7.8,5.5,1.4,1.0,8.2,16.6,-0.3,0.5,0.2,.015,-4.1,-1.1,-5.2,-0.5
2019,335,luwawti01,23,OKC,SF,21,1,123,3.4,.383,.512,.140,3.3,12.1,7.6,4.2,1.5,0.7,9.9,16.8,-0.2,0.1,-0.1,-0.033,-7.0,-0.1,-7.1,-0.2
2019,335,luwawti01,23,CHI,SF,29,6,546,9.0,.515,.537,.200,1.4,14.5,7.9,5.8,1.3,1.1,7.8,16.5,0.0,0.3,0.3,.026,-3.4,-1.3,-4.7,-0.4
2019,336,exumda01,23,UTA,PG,42,1,664,11.2,.516,.257,.357,2.7,8.3,5.5,24.1,1.0,0.6,15.7,21.3,0.2,0.7,1.0,.069,-2.0,-0.1,-2.1,0.0
2019,337,bayleje01,30,MIN,PG,34,6,657,8.5,.431,.426,.122,1.8,8.4,5.0,24.6,1.3,0.3,11.7,17.6,-0.2,0.2,0.0,-0.003,-2.9,-1.7,-4.6,-0.4
2019,338,holidaa01,22,IND,PG,50,0,646,11.9,.518,.485,.191,0.9,10.4,5.8,19.3,1.6,1.8,12.3,21.9,0.1,0.8,0.9,.065,-1.7,0.1,-1.6,0.1
2019,339,birchkh01,26,ORL,C,50,1,643,19.2,.640,.007,.550,13.0,18.8,15.8,8.5,1.4,3.8,9.6,14.1,1.8,1.0,2.8,.212,0.1,1.0,1.2,0.5
2019,340,clarkga01,24,HOU,PF,51,2,641,9.2,.480,.914,.046,4.1,16.2,10.0,3.8,1.5,3.5,4.3,10.9,0.3,0.7,1.0,.071,-1.1,0.4,-0.7,0.2
2019,341,boldejo01,23,PHI,PF,44,10,639,12.7,.595,.593,.167,8.0,19.0,13.7,8.5,1.3,4.8,17.2,13.8,0.5,0.9,1.4,.106,-1.8,1.1,-0.7,0.2
2019,342,caldejo01,37,DET,PG,49,0,632,7.1,.453,.475,.092,1.8,8.8,5.2,24.9,1.2,0.4,21.9,10.9,0.0,0.5,0.6,.043,-4.2,0.3,-3.9,-0.3
2019,343,canaais01,27,3TM,PG,30,16,629,8.0,.518,.585,.146,1.0,9.2,5.1,18.2,1.1,0.3,16.7,14.2,0.0,0.1,0.1,.008,-2.7,-1.4,-4.1,-0.3
2019,343,canaais01,27,PHO,PG,19,15,503,7.3,.515,.558,.155,1.1,9.8,5.4,17.0,1.1,0.0,17.4,14.2,-0.1,0.0,-0.1,-0.007,-3.3,-1.4,-4.6,-0.3
2019,343,canaais01,27,MIN,PG,7,1,95,12.3,.536,.655,.138,0.0,5.7,2.8,26.9,1.0,0.9,11.5,15.4,0.1,0.0,0.2,.079,0.7,-2.0,-1.3,0.0
2019,343,canaais01,27,MIL,PG,4,0,31,5.2,.500,.833,.000,3.5,9.3,6.6,11.6,0.0,2.7,25.0,10.8,0.0,0.0,0.0,.030,-3.3,-0.7,-4.0,0.0
2019,344,wallaty01,24,LAC,PG,62,0,628,7.0,.450,.088,.263,3.5,13.2,8.5,9.5,1.6,0.9,12.9,18.7,-0.8,0.5,-0.3,-0.023,-5.6,-0.8,-6.4,-0.7
2019,345,robingl02,25,DET,SF,47,18,610,8.7,.511,.352,.227,2.9,10.0,6.4,5.1,1.1,1.1,8.5,15.0,0.1,0.6,0.7,.054,-2.8,-0.1,-3.0,-0.2
2019,346,sefolth01,34,UTA,SF,50,2,609,12.1,.599,.523,.148,1.4,20.1,10.9,6.1,3.4,0.7,13.6,12.9,0.2,1.2,1.5,.115,-1.6,3.1,1.5,0.5
2019,347,loveke01,30,CLE,PF,22,21,598,19.5,.561,.519,.403,5.9,40.0,22.2,12.8,0.5,0.7,11.2,27.4,1.0,0.4,1.3,.106,3.3,-1.6,1.6,0.6
2019,348,ojelese01,24,BOS,PF,56,3,594,8.5,.531,.563,.247,4.3,11.2,7.7,5.1,0.8,0.6,9.8,14.1,0.2,0.5,0.7,.057,-2.8,-1.2,-4.0,-0.3
2019,349,abrinal01,25,OKC,SG,31,2,588,6.3,.507,.809,.083,0.9,7.8,4.2,4.3,1.3,0.9,7.9,12.2,0.1,0.6,0.6,.053,-3.7,0.4,-3.3,-0.2
2019,350,carteje01,23,MEM,PG,39,3,577,7.8,.432,.551,.173,2.7,10.3,6.4,17.4,2.2,1.8,14.2,18.0,-0.7,0.7,0.0,-0.003,-4.1,0.1,-4.0,-0.3
2019,351,briscis01,22,ORL,PG,39,0,559,6.7,.455,.246,.188,0.9,13.4,7.1,21.0,1.0,0.3,17.2,14.1,-0.3,0.5,0.3,.023,-5.4,0.4,-5.0,-0.4
2019,352,hilarne01,36,HOU,C,42,2,546,11.9,.552,.026,.405,6.7,18.4,12.5,6.8,1.6,2.3,7.4,11.7,0.8,0.6,1.4,.123,-3.1,0.9,-2.2,0.0
2019,353,johnswe01,31,2TM,SF,38,13,534,5.5,.469,.594,.148,2.4,11.7,7.1,5.3,1.2,1.9,11.7,12.0,-0.3,0.3,0.0,.001,-4.3,-0.5,-4.8,-0.4
2019,353,johnswe01,31,NOP,SF,26,13,377,6.9,.517,.568,.102,2.8,11.9,7.4,5.2,1.5,1.5,11.5,11.3,0.0,0.2,0.3,.032,-3.4,0.3,-3.1,-0.1
2019,353,johnswe01,31,WAS,SF,12,0,157,2.0,.372,.650,.250,1.4,11.2,6.2,5.6,0.6,2.7,11.9,13.6,-0.3,0.0,-0.2,-0.075,-6.5,-2.4,-8.9,-0.3
2019,354,carusal01,24,LAL,PG,25,4,531,13.9,.569,.289,.370,4.0,9.0,6.5,19.7,2.1,1.4,17.3,19.0,0.5,0.6,1.0,.093,-1.0,0.7,-0.2,0.2
2019,355,johnsam01,31,PHI,C,51,6,529,13.1,.574,.255,.261,9.7,19.5,14.7,16.0,1.4,1.9,20.5,17.4,0.4,0.7,1.1,.098,-2.9,0.6,-2.3,0.0
2019,356,diallha01,20,OKC,SG,51,3,526,10.1,.497,.145,.358,7.2,12.0,9.5,4.4,1.9,1.6,10.7,16.6,0.1,0.7,0.8,.069,-4.4,0.2,-4.2,-0.3
2019,357,leaftj01,21,IND,PF,58,1,522,16.9,.572,.169,.169,9.3,17.1,13.3,6.9,0.8,3.2,5.8,17.5,0.9,0.7,1.6,.148,0.3,-0.6,-0.3,0.2
2019,358,casspom01,30,MEM,SF,36,0,520,15.7,.606,.267,.360,3.6,21.5,12.4,8.1,1.9,1.6,11.0,18.0,0.6,0.7,1.3,.119,-0.3,0.7,0.4,0.3
2019,359,niangge01,25,UTA,PF,59,0,516,13.0,.613,.580,.133,2.4,15.7,9.1,10.1,0.9,0.9,10.7,17.8,0.7,0.7,1.3,.123,-0.2,0.2,0.0,0.3
2019,360,bateske01,23,MIN,SF,30,3,503,9.6,.489,.366,.197,3.4,14.4,8.8,4.6,1.7,2.4,8.3,14.1,0.0,0.4,0.3,.032,-2.8,-0.6,-3.4,-0.2
2019,361,koufoko01,29,SAC,C,42,1,502,12.3,.477,.000,.157,10.4,26.3,18.2,9.5,1.4,3.1,14.2,15.7,0.0,0.7,0.7,.063,-3.6,0.2,-3.4,-0.2
2019,362,chrisma01,21,2TM,PF,43,2,499,9.2,.455,.400,.250,8.6,23.6,15.8,6.5,1.7,1.9,15.3,20.6,-0.6,0.4,-0.2,-0.023,-5.7,-1.9,-7.5,-0.7
2019,362,chrisma01,21,HOU,PF,16,0,104,3.4,.391,.441,.206,7.3,22.8,14.9,8.2,0.9,3.3,24.4,20.5,-0.3,0.1,-0.2,-0.101,-9.6,-1.7,-11.2,-0.2
2019,362,chrisma01,21,CLE,PF,27,2,395,10.7,.470,.390,.260,8.9,23.8,16.0,6.1,1.9,1.5,12.9,20.7,-0.3,0.2,0.0,-0.003,-4.6,-1.9,-6.6,-0.5
2019,363,mahinia01,32,WAS,C,34,6,498,12.0,.531,.154,.587,10.3,17.7,13.9,6.5,2.4,2.7,13.8,12.9,0.5,0.5,1.0,.092,-3.5,0.6,-3.0,-0.1
2019,364,parsoch01,30,MEM,SF,25,3,496,8.5,.484,.516,.137,0.9,15.2,7.9,13.4,1.9,1.0,14.2,20.3,-0.6,0.6,0.0,-0.004,-3.9,-0.5,-4.4,-0.3
2019,365,breweco01,32,2TM,SF,31,3,492,11.6,.532,.358,.350,5.4,10.7,8.0,10.2,3.0,1.2,11.8,13.6,0.4,0.6,1.0,.095,-2.9,1.6,-1.3,0.1
2019,365,breweco01,32,PHI,SF,7,3,140,10.8,.484,.286,.265,3.1,9.6,6.4,10.0,4.0,1.1,12.8,18.8,-0.1,0.2,0.1,.044,-5.1,1.5,-3.6,-0.1
2019,365,breweco01,32,SAC,SF,24,0,352,12.0,.562,.405,.405,6.3,11.1,8.6,10.3,2.6,1.2,11.2,11.5,0.5,0.4,0.8,.115,-2.0,1.6,-0.4,0.1
2019,366,monrogr01,28,3TM,C,43,2,480,16.0,.521,.026,.381,15.4,22.9,19.3,8.1,1.4,1.4,12.7,22.6,0.4,0.7,1.1,.108,-2.0,-1.3,-3.2,-0.1
2019,366,monrogr01,28,TOR,C,38,2,423,13.5,.487,.025,.379,15.7,23.8,19.9,5.4,1.5,1.6,14.2,22.2,-0.1,0.7,0.6,.071,-3.5,-1.4,-5.0,-0.3
2019,366,monrogr01,28,BOS,C,2,0,5,60.2,.600,.000,.000,63.9,0.0,32.0,73.4,0.0,0.0,0.0,43.1,0.1,0.0,0.1,.534,28.0,-2.8,25.2,0.0
2019,366,monrogr01,28,PHI,C,3,0,52,31.7,.736,.043,.478,8.4,17.8,13.2,23.5,0.9,0.0,3.5,23.2,0.4,0.0,0.4,.370,7.8,0.4,8.2,0.1
2019,367,netora01,26,UTA,PG,37,1,474,13.5,.558,.373,.205,1.4,12.6,7.1,28.7,1.4,0.7,16.6,19.0,0.5,0.6,1.1,.116,-1.1,0.8,-0.3,0.2
2019,368,anderju01,25,ATL,SF,48,4,463,11.2,.516,.490,.223,5.3,13.9,9.5,6.9,2.2,2.4,11.8,17.2,0.1,0.4,0.4,.043,-2.4,-0.3,-2.7,-0.1
2019,369,broekry01,28,DAL,SG,42,0,453,10.7,.621,.738,.151,1.9,12.9,7.4,7.2,0.6,0.8,10.6,14.3,0.5,0.3,0.8,.086,-0.5,-0.5,-1.0,0.1
2019,370,wagnemo01,21,LAL,C,43,5,446,10.1,.533,.450,.310,4.0,15.4,9.8,7.4,1.1,2.4,16.7,21.7,-0.3,0.5,0.2,.020,-3.9,-0.4,-4.3,-0.3
2019,371,mykhasv01,21,2TM,SF,42,0,440,6.0,.447,.636,.143,2.2,6.2,4.2,10.9,1.5,0.2,12.4,16.0,-0.4,0.3,-0.1,-0.012,-3.9,-1.1,-5.0,-0.3
2019,371,mykhasv01,21,LAL,SF,39,0,420,5.8,.451,.644,.152,2.0,6.3,4.2,10.1,1.4,0.2,12.4,15.9,-0.4,0.3,-0.1,-0.013,-4.1,-1.1,-5.2,-0.3
2019,371,mykhasv01,21,DET,SF,3,0,20,9.8,.375,.500,.000,5.3,5.7,5.5,28.5,2.5,0.0,11.1,19.4,0.0,0.0,0.0,.016,0.6,-1.1,-0.5,0.0
2019,372,blossja01,25,CLE,SF,27,4,439,10.2,.510,.368,.123,6.3,19.1,12.4,4.2,0.8,1.6,9.0,12.2,0.2,0.1,0.3,.030,-1.9,-1.8,-3.8,-0.2
2019,373,masonfr01,24,SAC,PG,38,0,435,12.4,.502,.379,.337,1.4,9.0,5.1,26.3,1.7,0.8,15.6,21.8,0.0,0.3,0.3,.033,-1.9,-1.3,-3.1,-0.1
2019,374,adamsja01,22,ATL,PG,34,1,428,7.6,.474,.673,.082,2.6,12.3,7.4,19.8,1.5,1.0,19.7,13.5,-0.1,0.2,0.1,.011,-3.8,-0.5,-4.3,-0.2
2019,375,leeco01,33,2TM,SG,34,6,428,10.3,.492,.426,.163,2.2,11.2,6.7,12.8,2.4,0.6,9.2,15.3,0.1,0.4,0.4,.050,-3.4,0.8,-2.5,-0.1
2019,375,leeco01,33,NYK,SG,12,2,160,13.7,.527,.340,.298,3.8,14.1,8.8,15.1,2.4,1.1,8.6,15.5,0.2,0.1,0.3,.087,-1.8,1.1,-0.8,0.0
2019,375,leeco01,33,DAL,SG,22,4,268,8.3,.470,.476,.085,1.2,9.5,5.4,11.4,2.4,0.3,9.6,15.1,-0.1,0.3,0.2,.028,-4.3,0.7,-3.6,-0.1
2019,376,fultzma01,20,PHI,SG,19,15,427,10.5,.452,.090,.239,6.6,10.6,8.7,19.5,1.9,0.9,12.7,19.3,-0.1,0.4,0.3,.035,-3.3,0.2,-3.1,-0.1
2019,377,allengr01,23,UTA,SG,38,2,416,7.5,.516,.556,.337,0.8,5.1,3.0,8.9,0.7,1.1,13.9,24.4,-0.4,0.4,0.0,.002,-4.2,-2.1,-6.3,-0.5
2019,378,allenka01,26,NYK,PG,19,1,416,16.2,.574,.255,.383,2.0,11.1,6.4,28.7,1.9,0.8,13.6,19.6,0.7,0.2,1.0,.111,0.2,0.3,0.5,0.3
2019,379,divindo01,22,MIL,SG,27,0,411,9.1,.507,.669,.097,4.2,11.4,8.0,9.7,1.5,1.2,12.8,15.1,0.0,0.6,0.6,.069,-2.8,0.6,-2.2,0.0
2019,380,jonesda03,23,GSW,C,24,22,410,15.3,.720,.000,.500,8.4,11.0,9.8,8.7,1.4,5.1,15.1,11.1,1.0,0.5,1.5,.173,-0.6,1.7,1.1,0.3
2019,381,leuerjo01,29,DET,PF,41,1,402,13.2,.616,.097,.274,7.1,19.8,13.2,5.5,1.5,0.8,15.4,16.1,0.4,0.5,0.9,.110,-2.8,0.4,-2.5,0.0
2019,382,mejrisa01,32,DAL,C,36,4,399,16.1,.559,.304,.286,9.7,25.3,17.6,13.2,1.2,5.5,14.3,15.8,0.5,0.6,1.1,.136,-1.1,1.9,0.8,0.3
2019,383,mccawpa01,23,2TM,SG,29,1,397,7.5,.532,.444,.238,2.0,10.9,6.5,9.2,2.8,0.4,19.6,9.4,0.0,0.5,0.5,.065,-4.8,1.9,-3.0,-0.1
2019,383,mccawpa01,23,CLE,SG,3,0,53,-0.7,.278,.444,.000,0.0,6.6,3.1,4.9,1.9,0.0,25.0,9.9,-0.2,0.0,-0.2,-0.137,-7.8,-3.2,-11.0,-0.1
2019,383,mccawpa01,23,TOR,SG,26,1,344,8.7,.569,.444,.278,2.3,11.6,7.1,9.8,2.9,0.5,18.8,9.3,0.2,0.5,0.7,.096,-4.4,2.7,-1.7,0.0
2019,384,denglu01,33,MIN,SF,22,2,392,14.6,.588,.373,.297,5.4,14.6,10.0,6.5,1.8,1.7,9.5,15.8,0.5,0.3,0.8,.101,0.2,-0.3,0.0,0.2
2019,385,brookma01,30,MEM,SG,29,0,387,11.6,.518,.320,.195,3.4,9.7,6.5,11.0,1.2,1.0,10.3,23.6,-0.2,0.3,0.1,.018,-1.9,-1.1,-3.0,-0.1
2019,386,feltora01,34,OKC,PG,33,0,379,11.2,.505,.452,.096,1.1,8.4,4.6,18.7,1.2,1.3,9.0,16.6,0.3,0.4,0.7,.087,-1.7,0.4,-1.3,0.1
2019,387,leeda03,26,GSW,SG,32,0,375,11.9,.578,.535,.173,2.4,15.3,9.1,4.5,1.6,0.0,7.4,16.8,0.3,0.4,0.7,.090,-1.2,-1.1,-2.2,0.0
2019,388,willijo04,23,LAL,C,24,0,372,15.1,.599,.018,.436,13.6,13.9,13.7,4.9,1.0,1.5,10.9,16.4,0.7,0.3,1.0,.135,-2.0,-1.1,-3.2,-0.1
2019,389,cartemi01,27,2TM,PG,28,1,372,14.7,.458,.309,.431,5.4,15.0,10.1,26.5,2.6,3.4,12.0,19.4,0.2,0.6,0.8,.099,-1.4,2.2,0.8,0.3
2019,389,cartemi01,27,HOU,PG,16,1,145,12.7,.476,.311,.426,2.2,7.8,5.0,22.7,3.0,3.5,12.1,24.7,0.0,0.2,0.1,.044,-2.8,1.2,-1.6,0.0
2019,389,cartemi01,27,ORL,PG,12,0,227,16.1,.440,.306,.435,7.4,19.6,13.5,28.9,2.4,3.3,11.9,16.1,0.2,0.4,0.6,.134,-0.5,2.9,2.4,0.3
2019,390,oquinky01,28,IND,C,45,3,371,16.8,.537,.088,.154,8.9,26.4,17.8,22.4,1.2,6.0,17.6,20.8,0.2,0.8,1.0,.125,-2.5,3.0,0.4,0.2
2019,391,gasolpa01,38,2TM,C,30,6,360,16.7,.529,.138,.426,6.7,34.2,20.6,19.1,0.7,3.5,12.5,15.6,0.5,0.5,1.1,.142,1.0,2.1,3.1,0.5
2019,391,gasolpa01,38,SAS,C,27,6,330,18.0,.544,.114,.432,7.3,34.4,21.0,20.2,0.7,3.6,11.8,15.8,0.6,0.5,1.1,.160,1.6,2.3,3.9,0.5
2019,391,gasolpa01,38,MIL,C,3,0,30,1.7,.291,.500,.333,0.0,31.9,16.9,7.7,0.0,2.8,22.5,12.4,-0.1,0.1,0.0,-0.063,-5.3,0.6,-4.7,0.0
2019,392,wanambr01,29,BOS,PG,36,0,343,14.3,.597,.371,.267,0.9,11.8,6.4,22.5,1.7,0.5,13.9,17.1,0.6,0.4,1.0,.134,-1.3,0.7,-0.7,0.1
2019,393,fryech01,35,CLE,C,36,6,341,8.9,.524,.675,.120,1.2,16.4,8.5,8.6,0.9,1.3,9.5,17.5,0.1,0.0,0.1,.016,-1.7,-1.8,-3.5,-0.1
2019,394,mcraejo01,27,WAS,SG,27,0,333,14.3,.550,.269,.269,1.9,11.3,6.5,13.2,1.8,1.8,9.4,20.4,0.3,0.2,0.5,.066,-0.9,-0.8,-1.7,0.0
2019,395,jenkijo01,27,2TM,SG,26,0,333,9.7,.536,.552,.171,1.8,10.0,5.8,9.9,0.0,0.5,7.4,15.7,0.2,0.0,0.2,.031,-1.0,-2.4,-3.4,-0.1
2019,395,jenkijo01,27,WAS,SG,4,0,14,20.5,1.500,1.000,.000,0.0,7.9,3.9,9.9,0.0,0.0,0.0,6.1,0.1,0.0,0.1,.202,7.6,-1.0,6.6,0.0
2019,395,jenkijo01,27,NYK,SG,22,0,319,9.3,.518,.544,.175,1.9,10.1,5.9,9.9,0.0,0.5,7.5,16.1,0.2,0.0,0.2,.024,-1.4,-2.5,-3.9,-0.2
2019,396,brookdi01,23,MEM,SF,18,0,330,7.6,.499,.328,.246,3.0,7.6,5.3,7.6,1.5,1.1,12.3,20.9,-0.3,0.3,0.0,-0.004,-5.0,-1.2,-6.3,-0.4
2019,397,martija01,24,ORL,PF,42,1,328,9.4,.528,.548,.106,3.5,20.5,11.9,7.8,0.4,2.0,9.2,15.9,0.1,0.4,0.5,.073,-3.7,-0.2,-3.9,-0.2
2019,398,anderry01,30,2TM,PF,25,8,322,4.6,.414,.580,.232,6.1,12.5,9.2,7.8,0.6,0.3,15.5,12.0,-0.3,0.0,-0.2,-0.035,-4.5,-1.9,-6.4,-0.4
2019,398,anderry01,30,PHO,PF,15,8,278,4.6,.423,.567,.233,5.5,12.5,9.0,8.1,0.5,0.3,15.4,12.1,-0.2,0.0,-0.2,-0.039,-4.5,-1.9,-6.3,-0.3
2019,398,anderry01,30,MIA,PF,10,0,44,4.5,.354,.667,.222,9.7,12.1,10.9,5.8,1.1,0.0,16.8,11.6,0.0,0.0,0.0,-0.009,-4.6,-1.9,-6.5,0.0
2019,399,udohek01,31,UTA,C,51,1,320,20.9,.698,.000,.417,9.3,20.9,15.2,12.8,1.5,7.7,13.2,13.1,0.9,0.7,1.6,.238,0.8,3.9,4.7,0.5
2019,400,robinje01,21,LAC,SG,33,0,320,7.2,.491,.518,.082,1.0,12.2,6.8,8.3,1.6,0.7,10.2,16.7,-0.2,0.3,0.1,.012,-4.2,-0.5,-4.7,-0.2
2019,401,thornsi01,24,LAC,SG,64,1,313,5.2,.485,.306,.694,1.7,12.8,7.5,7.2,2.1,1.8,23.8,11.3,-0.3,0.3,0.0,.004,-5.8,1.0,-4.7,-0.2
2019,402,willitr02,24,SAC,SF,21,0,312,10.5,.531,.449,.153,3.9,15.9,9.7,4.7,1.5,2.2,7.9,15.0,0.1,0.3,0.4,.064,-2.4,0.0,-2.4,0.0
2019,403,poythal01,25,ATL,PF,21,1,305,12.2,.571,.284,.358,9.8,16.6,13.1,7.7,0.6,2.8,12.2,14.2,0.4,0.2,0.5,.086,-2.5,-1.0,-3.5,-0.1
2019,404,anthoca01,34,HOU,PF,10,2,294,10.9,.513,.529,.182,3.3,17.3,10.2,2.6,0.7,2.0,5.8,20.5,0.1,0.2,0.3,.048,-1.3,-1.4,-2.7,-0.1
2019,405,pondequ01,30,SAS,SF,53,0,292,13.2,.641,.310,.724,3.0,14.1,8.6,10.6,1.8,0.3,14.5,13.5,0.5,0.3,0.8,.128,-1.6,0.7,-0.9,0.1
2019,406,williro04,21,BOS,C,32,2,283,18.8,.703,.000,.294,10.2,20.4,15.3,3.3,1.5,12.5,14.8,10.3,0.5,0.6,1.2,.201,-1.7,3.4,1.8,0.3
2019,407,beaslmi01,30,LAL,PF,26,2,277,15.9,.532,.111,.255,4.9,17.2,11.2,14.8,1.5,3.0,13.7,29.5,-0.1,0.4,0.2,.039,-1.9,0.5,-1.5,0.0
2019,408,miltosh01,22,PHI,SG,20,0,268,9.3,.483,.506,.080,3.7,10.0,6.9,9.2,1.4,2.3,6.2,15.0,0.1,0.3,0.3,.059,-2.6,-0.6,-3.2,-0.1
2019,409,reynoca01,23,MIN,SG,19,0,259,10.4,.580,.654,.115,1.6,11.3,6.4,6.8,1.1,0.7,5.7,14.1,0.3,0.1,0.4,.078,-1.3,-1.2,-2.5,0.0
2019,410,ellenhe01,22,2TM,PF,19,0,259,13.1,.538,.400,.263,2.0,25.5,13.4,9.6,1.3,0.7,7.8,19.0,0.2,0.2,0.4,.077,-1.0,-0.5,-1.5,0.0
2019,410,ellenhe01,22,DET,PF,2,0,25,14.8,.551,.400,.200,0.0,40.9,19.7,6.2,0.0,0.0,0.0,18.8,0.0,0.0,0.1,.149,2.1,0.2,2.2,0.0
2019,410,ellenhe01,22,NYK,PF,17,0,234,12.9,.536,.400,.271,2.2,23.8,12.7,10.0,1.4,0.7,8.6,19.0,0.1,0.2,0.3,.070,-1.4,-0.5,-1.9,0.0
2019,411,washbju01,27,MEM,SF,18,3,254,6.5,.402,.500,.083,3.5,14.8,9.1,7.7,2.5,0.7,12.3,10.0,-0.2,0.3,0.1,.023,-5.1,0.5,-4.6,-0.2
2019,412,yabusgu01,23,BOS,PF,41,1,251,12.4,.542,.364,.286,9.8,12.8,11.3,8.2,1.5,2.5,14.8,17.5,0.2,0.3,0.5,.090,-2.5,-0.2,-2.7,0.0
2019,413,woodch01,23,2TM,PF,21,2,251,21.9,.607,.222,.479,7.2,26.5,17.0,4.8,1.3,3.2,10.7,26.1,0.4,0.3,0.8,.151,1.4,-1.0,0.4,0.1
2019,413,woodch01,23,MIL,PF,13,0,62,17.1,.585,.200,.600,7.0,24.7,16.4,4.6,0.0,0.0,8.7,23.4,0.1,0.1,0.2,.146,0.3,-1.5,-1.3,0.0
2019,413,woodch01,23,NOP,PF,8,2,189,23.4,.613,.228,.446,7.2,27.0,17.3,4.9,1.7,4.3,11.3,26.9,0.3,0.3,0.6,.152,1.7,-0.8,0.9,0.1
2019,414,burtode02,25,OKC,SG,32,0,240,7.0,.470,.329,.146,1.7,10.7,6.0,5.0,1.2,2.8,9.3,16.3,-0.2,0.3,0.1,.027,-4.9,0.6,-4.3,-0.1
2019,415,howardw01,33,WAS,C,9,9,230,17.4,.638,.000,.696,11.1,28.3,19.6,2.6,1.4,1.5,15.1,19.6,0.4,0.2,0.6,.124,-1.3,-1.7,-3.0,-0.1
2019,416,smithjr01,33,CLE,SG,11,4,222,7.8,.444,.494,.127,0.0,9.4,4.5,13.8,2.5,1.2,11.7,18.6,-0.3,0.1,-0.2,-0.038,-3.7,0.5,-3.2,-0.1
2019,417,harteis01,20,HOU,PF,28,0,221,10.0,.562,.146,.341,10.3,13.3,11.8,9.4,1.6,4.6,21.6,11.8,0.2,0.3,0.5,.101,-5.1,1.2,-3.9,-0.1
2019,418,jonesja04,25,CLE,SF,16,0,214,11.7,.548,.452,.435,5.5,12.5,8.8,4.8,2.1,0.8,9.8,16.7,0.2,0.1,0.3,.056,-2.3,-1.9,-4.2,-0.1
2019,419,sampsbr01,21,CHI,SG,14,2,214,8.5,.567,.483,.100,1.5,6.7,4.1,6.8,1.8,1.2,16.1,15.2,-0.1,0.1,0.0,.010,-3.9,-0.9,-4.7,-0.1
2019,420,brownlo01,28,TOR,PG,26,0,212,6.3,.380,.394,.042,2.6,12.9,7.9,17.3,2.7,2.0,18.1,17.9,-0.5,0.3,-0.1,-0.027,-5.4,1.9,-3.5,-0.1
2019,421,pinsoth01,23,BRK,SG,18,0,211,8.1,.490,.630,.301,2.0,15.9,9.0,14.1,1.4,0.0,17.9,20.0,-0.2,0.2,0.0,.004,-3.6,0.4,-3.2,-0.1
2019,422,sumneed01,23,IND,PG,23,2,210,7.6,.443,.422,.375,4.9,7.8,6.3,6.3,2.8,2.1,11.8,17.6,-0.2,0.3,0.1,.020,-5.8,0.5,-5.3,-0.2
2019,423,evansja02,21,GSW,SG,30,1,204,3.5,.374,.283,.019,3.3,9.5,6.5,13.7,1.2,1.2,17.1,13.5,-0.3,0.2,-0.1,-0.030,-6.9,-1.2,-8.2,-0.3
2019,424,hamilda02,23,ATL,SG,19,3,204,7.1,.455,.383,.100,5.0,19.5,12.1,14.5,1.4,0.4,20.3,15.7,-0.2,0.1,-0.1,-0.024,-3.6,-0.5,-4.1,-0.1
2019,425,thomakh01,22,DET,SG,26,0,195,6.2,.413,.507,.159,2.2,9.3,5.6,6.0,1.8,2.2,5.1,17.2,-0.2,0.2,0.0,.005,-4.9,-0.1,-5.0,-0.2
2019,426,adelde01,21,CLE,SF,19,3,194,2.7,.424,.639,.111,1.6,9.6,5.4,3.4,0.3,1.8,13.7,9.9,-0.2,0.0,-0.2,-0.054,-5.9,-1.6,-7.5,-0.3
2019,427,smithja02,32,3TM,C,20,1,190,9.8,.492,.441,.271,9.0,20.2,14.6,9.7,0.7,3.1,16.4,17.5,0.0,0.2,0.2,.038,-3.7,-1.0,-4.7,-0.1
2019,427,smithja02,32,WAS,C,12,1,130,11.7,.520,.270,.324,9.0,22.1,15.4,12.3,0.4,3.2,14.2,16.1,0.1,0.1,0.2,.070,-2.7,-0.7,-3.4,0.0
2019,427,smithja02,32,MIL,PF,6,0,40,6.3,.468,.692,.154,8.1,19.2,14.0,3.1,2.3,4.2,26.5,19.8,-0.1,0.1,0.0,-0.020,-6.8,-0.1,-6.9,-0.1
2019,427,smithja02,32,NOP,C,2,0,20,4.6,.405,.778,.222,10.5,10.2,10.4,6.2,0.0,0.0,9.2,22.3,0.0,0.0,0.0,-0.049,-4.4,-4.4,-8.8,0.0
2019,428,hensojo01,28,MIL,C,14,0,188,17.1,.553,.463,.149,9.2,28.0,19.2,10.1,1.7,4.9,14.4,18.6,0.1,0.4,0.6,.146,0.4,2.1,2.5,0.2
2019,429,harrian01,24,3TM,PG,17,0,187,5.8,.443,.472,.340,3.4,8.5,5.8,17.1,1.1,0.9,16.5,16.8,-0.1,0.0,-0.1,-0.027,-5.8,-1.2,-7.1,-0.2
2019,429,harrian01,24,MEM,PG,1,0,5,4.6,.500,.500,.000,0.0,0.0,0.0,0.0,0.0,0.0,0.0,17.9,0.0,0.0,0.0,-0.013,-11.2,-4.2,-15.4,0.0
2019,429,harrian01,24,CLE,PG,10,0,144,6.6,.467,.359,.410,3.0,8.9,5.8,16.3,1.4,1.2,17.8,17.0,-0.1,0.0,-0.1,-0.022,-5.6,-0.6,-6.2,-0.2
2019,429,harrian01,24,NOP,PG,6,0,38,3.1,.349,.833,.167,5.5,8.1,6.8,22.3,0.0,0.0,13.4,16.1,0.0,0.0,0.0,-0.051,-6.0,-3.2,-9.2,-0.1
2019,430,thomais02,29,DEN,SG,12,0,181,7.0,.437,.434,.273,3.0,4.8,3.9,18.6,1.4,0.5,14.0,30.4,-0.4,0.1,-0.3,-0.077,-4.0,-2.5,-6.5,-0.2
2019,431,swanica01,21,2TM,PF,21,0,178,4.7,.377,.132,.170,10.2,27.6,19.1,8.0,1.6,0.5,24.0,17.7,-0.5,0.2,-0.2,-0.060,-7.1,0.0,-7.2,-0.2
2019,431,swanica01,21,POR,PF,18,0,145,3.1,.372,.114,.159,9.8,28.0,19.1,6.2,1.3,0.0,25.4,18.4,-0.4,0.2,-0.3,-0.086,-7.9,-0.3,-8.2,-0.2
2019,431,swanica01,21,SAC,PF,3,0,33,11.7,.405,.222,.222,12.2,25.6,18.7,15.6,2.8,2.6,16.8,14.9,0.0,0.1,0.0,.053,-3.8,1.1,-2.7,0.0
2019,432,labissk01,22,2TM,PF,22,1,176,12.6,.593,.265,.347,5.4,20.3,12.8,8.6,1.4,2.8,16.3,16.0,0.1,0.2,0.3,.089,-2.9,-0.1,-3.0,0.0
2019,432,labissk01,22,SAC,PF,13,0,113,7.0,.517,.367,.367,3.6,18.7,10.9,6.8,0.8,2.3,16.7,15.3,-0.1,0.1,0.0,.018,-5.6,-0.8,-6.4,-0.1
2019,432,labissk01,22,POR,PF,9,1,63,22.6,.716,.105,.316,8.7,23.2,16.1,11.9,2.3,3.8,15.6,17.2,0.2,0.1,0.3,.216,1.7,1.2,3.0,0.1
2019,433,watanyu01,24,MEM,SF,15,0,174,3.3,.352,.314,.196,2.5,17.7,10.0,6.6,1.1,0.5,9.8,15.8,-0.4,0.2,-0.2,-0.065,-7.0,-2.1,-9.1,-0.3
2019,434,plumlmi01,30,ATL,C,18,0,173,18.9,.654,.000,.625,9.5,14.3,11.8,14.7,1.6,2.0,14.0,16.7,0.4,0.1,0.5,.145,1.6,0.0,1.6,0.2
2019,435,bertada02,29,NOP,SG,12,0,167,2.0,.362,.723,.000,1.3,4.3,2.8,7.2,0.3,0.0,4.1,12.0,-0.2,0.0,-0.2,-0.054,-5.6,-3.2,-8.8,-0.3
2019,436,lemonwa01,26,CHI,PG,6,3,167,16.3,.468,.057,.126,2.6,15.1,8.8,30.3,3.2,0.5,9.8,26.6,-0.1,0.2,0.1,.026,-2.4,0.2,-2.2,0.0
2019,437,bouchch01,26,TOR,PF,28,0,163,22.2,.563,.487,.197,10.9,25.8,18.5,1.9,1.8,12.2,7.8,23.6,0.2,0.4,0.7,.194,-0.2,2.8,2.6,0.2
2019,438,robindu01,24,MIA,SF,15,1,161,7.6,.514,.761,.130,1.3,11.2,6.3,4.4,1.5,0.0,7.6,14.0,0.0,0.2,0.2,.051,-3.6,0.1,-3.5,-0.1
2019,439,mclembe01,25,SAC,SG,19,0,158,10.5,.541,.641,.188,1.9,9.4,5.5,3.4,1.8,1.6,6.7,19.4,0.1,0.1,0.2,.055,-2.1,-1.4,-3.5,-0.1
2019,440,motlejo01,23,LAC,PF,22,0,156,18.9,.563,.041,.548,12.6,21.7,17.3,11.7,1.5,1.5,15.0,28.8,0.1,0.2,0.3,.092,-1.2,-0.7,-1.9,0.0
2019,441,bakerro01,25,2TM,SG,15,0,152,2.5,.309,.650,.300,0.7,7.1,3.8,12.8,1.9,0.6,18.1,7.8,-0.2,0.1,-0.1,-0.034,-7.7,0.7,-7.0,-0.2
2019,441,bakerro01,25,NYK,SG,11,0,107,4.4,.376,.563,.375,1.0,6.0,3.4,16.1,2.3,0.0,13.9,8.6,0.0,0.0,0.0,.002,-7.7,1.1,-6.6,-0.1
2019,441,bakerro01,25,WAS,SG,4,0,45,-2.0,.000,1.000,.000,0.0,9.8,4.8,5.1,1.1,1.9,33.3,5.7,-0.1,0.0,-0.1,-0.120,-7.9,0.0,-7.9,-0.1
2019,442,teodomi01,31,LAC,PG,15,0,150,6.5,.557,.675,.175,2.2,8.9,5.7,28.8,0.9,0.5,32.8,18.0,-0.1,0.1,-0.1,-0.019,-3.8,-1.7,-5.4,-0.1
2019,443,spaldra01,21,2TM,PF,14,3,148,14.6,.516,.064,.255,11.1,25.1,18.0,5.1,2.9,4.5,14.7,17.8,0.0,0.2,0.2,.051,-4.3,-0.8,-5.1,-0.1
2019,443,spaldra01,21,DAL,PF,1,0,1,0.0,,,,0.0,0.0,0.0,0.0,0.0,0.0,,0.0,0.0,0.0,0.0,.000,-7.5,-5.0,-12.6,0.0
2019,443,spaldra01,21,PHO,PF,13,3,147,14.7,.516,.064,.255,11.1,25.3,18.1,5.2,2.9,4.5,14.7,17.9,0.0,0.2,0.2,.051,-4.3,-0.8,-5.1,-0.1
2019,444,metuch01,21,SAS,PF,29,0,145,6.4,.389,.034,.293,6.8,20.1,13.5,12.0,2.0,1.2,18.6,24.4,-0.5,0.2,-0.3,-0.099,-7.3,-1.4,-8.7,-0.2
2019,445,jonesje01,23,LAL,SF,6,2,143,12.1,.398,.303,.061,11.8,23.4,17.7,11.4,2.3,2.9,12.9,11.3,0.0,0.2,0.2,.084,-2.2,2.4,0.2,0.1
2019,446,simonan01,19,POR,SG,20,1,141,11.1,.535,.460,.254,2.3,7.4,4.9,13.7,0.3,0.0,13.6,24.3,0.0,0.0,0.1,.020,-1.5,-3.7,-5.3,-0.1
2019,447,bogutan01,34,GSW,C,11,5,134,13.4,.523,.000,.083,10.0,32.8,21.9,10.6,1.1,5.0,17.7,14.5,0.1,0.2,0.3,.111,-3.7,0.8,-2.9,0.0
2019,448,willicj01,28,MIN,SG,15,0,128,8.8,.550,.457,.029,0.8,5.9,3.3,12.9,2.2,0.0,12.4,13.3,0.1,0.1,0.1,.042,-3.8,0.2,-3.7,-0.1
2019,449,sampsja02,25,CHI,SF,4,0,127,22.5,.633,.259,.389,4.2,23.4,13.7,5.3,1.5,2.0,5.9,23.1,0.3,0.1,0.5,.173,3.6,0.2,3.7,0.2
2019,450,acyqu01,28,PHO,PF,10,0,123,2.9,.379,.833,.556,2.7,20.1,11.3,8.2,0.4,2.7,15.2,9.2,-0.1,0.0,-0.1,-0.022,-7.6,-0.5,-8.1,-0.2
2019,451,bongais01,19,LAL,PG,22,0,120,6.0,.240,.242,.455,7.9,13.5,10.8,14.9,3.5,2.7,13.2,15.7,-0.3,0.2,-0.1,-0.059,-7.0,2.2,-4.8,-0.1
2019,452,alkinra01,21,CHI,SG,10,1,120,8.1,.418,.308,.308,9.9,13.7,11.8,15.2,0.4,0.0,15.3,19.0,-0.1,0.0,-0.1,-0.042,-3.8,-3.5,-7.3,-0.2
2019,453,walkelo01,20,SAS,SG,17,0,118,10.8,.446,.283,.217,0.0,15.6,7.9,10.3,2.9,2.2,7.4,20.3,-0.1,0.2,0.0,.019,-3.4,1.0,-2.4,0.0
2019,454,davisde01,22,ATL,C,9,0,118,15.6,.682,.045,.455,8.7,23.7,16.0,5.8,1.2,3.7,10.2,10.1,0.3,0.1,0.4,.145,-1.5,-0.6,-2.0,0.0
2019,455,eubandr01,21,SAS,PF,23,0,113,15.1,.646,.000,.500,5.8,26.8,16.4,8.3,0.9,3.7,20.1,15.5,0.1,0.2,0.3,.120,-1.9,0.7,-1.3,0.0
2019,456,trentga02,20,POR,SG,15,1,111,3.6,.377,.420,.140,1.0,9.4,5.3,6.2,0.4,1.4,7.0,21.7,-0.3,0.1,-0.2,-0.092,-6.6,-4.2,-10.8,-0.2
2019,457,terreja01,23,MIN,SG,14,0,111,0.7,.372,.436,.154,1.0,4.9,2.9,14.4,1.3,1.5,19.4,19.6,-0.4,0.0,-0.3,-0.140,-8.5,-2.3,-10.9,-0.2
2019,458,smithzh01,19,PHI,SG,6,2,111,9.5,.533,.471,.235,2.9,9.3,6.2,12.3,0.9,1.4,13.8,16.4,0.0,0.1,0.1,.048,-2.8,-2.2,-5.0,-0.1
2019,459,meeksjo01,31,TOR,SG,8,0,104,16.0,.647,.462,.026,1.1,11.1,6.2,11.5,0.5,0.8,4.8,17.1,0.2,0.1,0.3,.153,1.4,-0.8,0.5,0.1
2019,460,richama01,23,TOR,SG,22,0,103,0.9,.481,.862,.172,2.2,11.2,6.8,0.0,0.5,0.0,20.4,16.4,-0.2,0.1,-0.1,-0.060,-6.6,-2.1,-8.8,-0.2
2019,461,nunnaja01,28,2TM,SF,15,0,102,7.3,.503,.735,.118,0.0,5.3,2.6,9.5,0.5,0.0,2.7,15.3,0.1,0.0,0.1,.035,-1.9,-2.9,-4.8,-0.1
2019,461,nunnaja01,28,MIN,SF,13,0,64,12.1,.593,.619,.190,0.0,6.8,3.3,10.9,0.7,0.0,4.2,15.6,0.1,0.0,0.1,.097,1.4,-1.3,0.1,0.0
2019,461,nunnaja01,28,HOU,SF,2,0,38,-0.8,.346,.923,.000,0.0,3.0,1.5,7.2,0.0,0.0,0.0,14.8,-0.1,0.0,-0.1,-0.068,-7.5,-5.5,-13.0,-0.1
2019,462,colsobo01,23,MIL,SF,8,2,98,12.9,.454,.538,.231,8.8,21.5,15.5,4.0,2.4,0.9,6.5,19.6,0.0,0.2,0.2,.085,-2.6,-0.8,-3.5,0.0
2019,463,robinde01,23,WAS,SF,7,0,95,20.6,.616,.063,.438,6.7,16.2,11.4,9.5,2.0,5.3,5.0,17.9,0.2,0.1,0.3,.175,0.8,1.1,1.9,0.1
2019,464,lydonty01,22,DEN,PF,25,0,94,9.3,.595,.556,.167,8.0,12.7,10.4,8.2,1.0,0.0,17.2,10.6,0.1,0.1,0.2,.086,-2.8,-1.4,-4.2,-0.1
2019,465,baldwwa01,22,POR,PG,16,0,94,1.3,.396,.273,.333,2.3,14.4,8.5,16.6,0.5,1.7,27.0,23.3,-0.4,0.1,-0.3,-0.153,-8.4,-1.9,-10.3,-0.2
2019,466,zellety01,29,2TM,C,6,1,93,17.3,.607,.033,.600,12.9,15.7,14.2,6.7,0.5,3.1,9.5,20.1,0.2,0.1,0.3,.167,-3.1,-1.9,-5.0,-0.1
2019,466,zellety01,29,ATL,C,2,0,11,1.5,.000,.500,.000,18.7,39.1,28.7,10.6,0.0,0.0,0.0,7.4,0.0,0.0,0.0,-0.013,-8.7,-1.6,-10.2,0.0
2019,466,zellety01,29,MEM,C,4,1,82,19.4,.640,.000,.643,12.1,12.5,12.3,6.2,0.6,3.5,10.0,21.8,0.2,0.1,0.3,.191,-2.3,-1.9,-4.3,0.0
2019,467,maconda01,23,DAL,SG,8,0,90,5.5,.482,.407,.259,2.4,11.8,7.1,11.2,0.5,0.0,16.6,17.2,-0.1,0.0,0.0,-0.022,-5.3,-2.6,-7.9,-0.1
2019,468,mitrona01,25,UTA,SG,14,0,84,2.2,.383,.550,.100,1.3,6.3,3.9,23.3,0.6,0.9,27.7,14.7,-0.2,0.1,-0.1,-0.046,-7.1,-1.6,-8.7,-0.1
2019,469,hasleud01,38,MIA,C,10,1,74,3.6,.360,.364,.121,4.3,34.5,19.4,4.0,0.0,0.0,7.9,21.9,-0.2,0.1,-0.1,-0.075,-8.4,-2.4,-10.9,-0.2
2019,470,vandeja01,19,DEN,PF,17,0,69,12.4,.513,.053,.526,10.9,25.2,18.0,5.9,4.3,1.3,25.5,19.4,-0.1,0.1,0.1,.037,-5.2,1.0,-4.2,0.0
2019,471,jeffeam01,25,ORL,PF,12,0,68,21.1,.692,.000,.500,9.3,24.0,16.5,6.4,2.2,3.7,4.9,13.1,0.2,0.1,0.4,.258,0.5,2.0,2.5,0.1
2019,472,derrima01,22,GSW,PF,11,0,67,19.4,.653,.606,.152,13.3,7.6,10.4,2.2,0.0,1.3,7.9,24.4,0.2,0.0,0.2,.155,2.6,-5.3,-2.7,0.0
2019,473,millema01,25,TOR,SF,10,0,67,13.7,.630,.808,.154,1.7,6.3,4.0,2.1,0.7,1.2,3.5,18.5,0.1,0.1,0.2,.130,1.2,-1.6,-0.5,0.0
2019,474,fredeji01,29,PHO,SG,6,0,65,3.6,.348,.448,.207,1.7,10.4,6.0,17.5,2.2,0.0,13.6,24.2,-0.2,0.0,-0.2,-0.166,-8.4,-2.9,-11.3,-0.2
2019,475,evansja01,22,2TM,PG,8,0,65,0.1,.214,.214,.000,1.7,19.0,10.2,19.7,2.2,0.0,30.0,13.2,-0.2,0.0,-0.2,-0.151,-10.4,0.1,-10.3,-0.1
2019,475,evansja01,22,PHO,PG,7,0,64,0.7,.231,.154,.000,1.7,19.3,10.4,20.0,2.2,0.0,31.6,12.7,-0.2,0.0,-0.2,-0.139,-9.8,0.5,-9.2,-0.1
2019,475,evansja01,22,OKC,PG,1,0,1,-38.1,.000,1.000,.000,0.0,0.0,0.0,0.0,0.0,0.0,0.0,40.7,0.0,0.0,0.0,-0.946,-52.4,-29.1,-81.4,0.0
2019,476,johnsal02,22,IND,PF,14,0,64,6.3,.333,.125,.500,7.1,25.5,16.5,2.0,0.8,4.2,0.0,13.3,-0.1,0.1,0.0,.027,-5.7,-2.0,-7.7,-0.1
2019,477,garrebi01,24,NYK,SG,4,0,63,9.8,.452,.296,.148,0.0,5.1,2.5,18.0,0.8,1.3,6.5,20.9,0.0,0.0,0.0,-0.019,-3.9,-1.7,-5.5,-0.1
2019,478,mbahalu01,32,LAC,PF,4,0,61,6.7,.495,.333,.278,3.6,8.4,6.1,4.5,0.8,1.3,9.0,15.4,0.0,0.0,0.0,.009,-2.9,0.0,-3.0,0.0
2019,479,goodwbr01,23,DEN,PG,16,0,57,8.3,.413,.261,.478,1.9,3.8,2.8,32.1,0.0,0.0,9.7,23.1,0.0,0.0,0.0,.021,-4.7,-4.8,-9.5,-0.1
2019,480,humphis01,21,ATL,C,5,1,56,3.4,.357,.524,.000,7.4,13.4,10.3,0.0,0.8,0.0,0.0,15.2,-0.1,0.0,-0.1,-0.047,-6.2,-4.7,-11.0,-0.1
2019,481,loydjo01,25,TOR,PG,12,0,55,16.3,.635,.444,.611,2.0,15.3,8.8,15.1,0.0,0.0,8.1,19.4,0.2,0.0,0.2,.190,0.0,-0.9,-1.0,0.0
2019,482,doziepj01,22,BOS,SG,6,0,51,16.0,.434,.381,.095,12.5,23.1,17.8,13.7,1.9,0.0,0.0,18.5,0.1,0.1,0.1,.125,-1.3,-0.6,-2.0,0.0
2019,483,johnsbj01,23,2TM,SF,7,0,49,12.8,.609,.389,.111,4.2,13.2,8.6,0.0,1.9,0.0,9.6,17.4,0.0,0.0,0.1,.066,-2.3,-2.0,-4.3,0.0
2019,483,johnsbj01,23,ATL,SF,6,0,43,14.0,.622,.375,.125,4.8,15.0,9.8,0.0,2.1,0.0,10.6,17.9,0.0,0.0,0.1,.076,-1.5,-1.4,-2.9,0.0
2019,483,johnsbj01,23,SAC,SF,1,0,6,3.7,.500,.500,.000,0.0,0.0,0.0,0.0,0.0,0.0,0.0,13.8,0.0,0.0,0.0,-0.008,-8.4,-5.7,-14.1,0.0
2019,484,creekmi01,26,2TM,SF,5,0,48,20.2,.550,.125,.438,13.2,13.1,13.2,18.6,2.0,0.0,5.0,17.6,0.1,0.0,0.2,.196,2.4,1.1,3.5,0.1
2019,484,creekmi01,26,BRK,SF,4,0,36,21.5,.573,.100,.700,14.6,14.5,14.6,20.2,1.3,0.0,0.0,15.3,0.2,0.0,0.2,.258,3.7,2.0,5.7,0.1
2019,484,creekmi01,26,MIN,SF,1,0,12,16.3,.500,.167,.000,8.8,9.0,8.9,13.6,4.0,0.0,14.3,24.5,0.0,0.0,0.0,.011,-1.7,-1.3,-3.0,0.0
2019,485,reedda01,23,IND,SG,10,0,47,8.1,.500,.333,.000,4.8,9.2,7.1,8.5,1.0,0.0,7.7,12.1,0.0,0.0,0.1,.064,-3.3,-2.2,-5.5,0.0
2019,486,frazime01,22,ORL,SG,10,0,44,1.2,.330,.286,.190,7.2,4.9,6.1,3.3,1.1,0.0,4.2,23.5,-0.2,0.0,-0.1,-0.133,-11.3,-3.2,-14.5,-0.1
2019,487,moreler01,27,2TM,PF,5,0,43,6.7,.500,.143,.000,10.3,39.6,25.2,11.8,1.1,1.9,41.7,12.0,-0.1,0.1,0.0,.032,-6.7,2.0,-4.7,0.0
2019,487,moreler01,27,PHO,PF,1,0,5,3.9,,,,0.0,67.5,33.2,0.0,0.0,0.0,,0.0,0.0,0.0,0.0,.077,-6.3,0.2,-6.1,0.0
2019,487,moreler01,27,TOR,PF,4,0,38,7.1,.500,.143,.000,11.7,35.9,24.1,13.3,1.3,2.2,41.7,13.6,-0.1,0.1,0.0,.026,-6.7,2.3,-4.5,0.0
2019,488,highsha01,22,PHI,SF,5,0,40,4.5,.414,.500,.200,0.0,12.9,6.6,6.6,1.2,0.0,8.4,12.4,0.0,0.0,0.0,-0.023,-5.8,-2.4,-8.2,-0.1
2019,489,cavanty01,24,UTA,PF,11,0,39,5.0,.414,.500,.200,8.5,13.6,11.1,3.4,0.0,0.0,8.4,13.0,0.0,0.0,0.0,.026,-5.3,-3.1,-8.4,-0.1
2019,490,musadz01,19,BRK,SG,9,0,39,5.8,.415,.455,.091,2.7,10.7,6.7,8.6,2.4,0.0,14.9,29.0,-0.2,0.0,-0.1,-0.152,-6.3,-0.9,-7.2,-0.1
2019,491,jacksde01,24,PHI,PG,6,0,39,21.0,.656,.400,.267,5.6,2.6,4.1,19.6,2.4,0.0,5.6,19.1,0.2,0.0,0.2,.231,3.6,0.9,4.5,0.1
2019,492,youngni01,33,DEN,SG,4,0,37,2.3,.500,.889,.000,0.0,2.9,1.5,6.8,0.0,2.4,18.2,12.7,0.0,0.0,0.0,-0.021,-4.3,-2.5,-6.9,0.0
2019,493,welshth01,22,DEN,C,11,0,36,16.1,.648,.538,.154,0.0,12.1,6.0,20.5,0.0,0.0,6.7,17.7,0.1,0.0,0.1,.162,2.2,-1.1,1.2,0.0
2019,494,bradlto01,21,UTA,C,3,0,36,19.6,.504,.000,.125,27.6,17.7,22.6,4.5,2.7,4.4,15.1,23.6,0.0,0.1,0.1,.130,-3.6,-2.4,-6.0,0.0
2019,495,chiozch01,23,HOU,PG,7,0,33,7.0,.375,.625,.000,3.3,10.3,6.7,16.1,1.5,2.6,11.1,11.8,0.0,0.0,0.0,.023,-2.7,1.4,-1.3,0.0
2019,496,hicksis01,24,NYK,PF,3,0,32,17.4,.588,.000,.625,6.4,16.7,11.4,9.4,1.5,7.9,8.9,15.0,0.1,0.0,0.1,.153,-2.1,2.2,0.1,0.0
2019,497,morrija01,23,MIL,SG,4,0,29,12.2,.460,.300,.200,0.0,16.5,8.8,18.1,3.2,0.0,8.4,17.2,0.0,0.1,0.1,.084,-3.7,3.3,-0.4,0.0
2019,498,willial03,26,BRK,PF,5,0,26,32.9,.610,.077,.308,16.2,60.3,38.4,22.3,1.8,0.0,6.3,25.5,0.1,0.1,0.2,.312,7.6,4.2,11.8,0.1
2019,499,hannadu01,25,MEM,SG,2,0,26,4.5,.311,.417,.167,0.0,4.4,2.2,28.8,1.9,0.0,7.2,23.9,-0.1,0.0,-0.1,-0.125,-6.5,-3.2,-9.7,-0.1
2019,500,hunterj01,25,BOS,SG,1,0,26,21.5,.612,.769,.154,4.1,8.2,6.2,18.0,1.9,0.0,0.0,23.0,0.1,0.0,0.1,.226,3.2,0.4,3.6,0.0
2019,501,terryem01,22,2TM,PF,3,0,23,19.7,.571,.000,.571,14.1,19.6,16.8,12.2,6.2,0.0,18.6,20.1,0.0,0.0,0.1,.117,-0.2,2.4,2.3,0.0
2019,501,terryem01,22,PHO,PF,2,0,20,19.9,.654,.000,.333,10.9,22.5,16.6,8.0,7.2,0.0,22.5,19.1,0.0,0.0,0.1,.127,-1.1,3.4,2.3,0.0
2019,501,terryem01,22,MIA,PF,1,0,3,18.4,.266,.000,2.000,35.4,0.0,17.7,40.5,0.0,0.0,0.0,26.8,0.0,0.0,0.0,.045,5.9,-3.9,2.1,0.0
2019,502,akoonde01,25,DEN,SG,7,0,22,8.2,.322,.400,.200,4.9,14.8,9.8,37.1,4.5,0.0,15.5,25.0,-0.1,0.0,0.0,-0.051,-7.9,2.1,-5.8,0.0
2019,503,pattoju01,21,PHI,C,3,0,21,10.5,.317,.286,.286,10.4,19.6,15.1,18.7,4.5,0.0,0.0,15.7,0.0,0.0,0.0,.079,-5.2,3.2,-2.0,0.0
2019,504,machasc01,28,LAL,PG,4,0,19,22.2,.776,.167,.167,0.0,0.0,0.0,23.5,2.4,0.0,0.0,14.0,0.1,0.0,0.1,.281,2.9,2.7,5.5,0.0
2019,505,macurjp01,23,CHO,SG,2,0,17,5.7,.333,.444,.000,0.0,19.4,9.5,18.0,0.0,0.0,0.0,22.8,0.0,0.0,0.0,-0.110,-4.7,-2.9,-7.7,0.0
2019,506,caupatr01,23,ORL,PG,4,0,16,30.7,.625,.375,.000,6.6,13.6,10.0,42.5,3.1,0.0,0.0,21.8,0.1,0.0,0.1,.347,9.6,3.7,13.3,0.1
2019,507,paytoga02,26,WAS,PG,3,0,16,36.9,.688,.250,.000,6.7,6.9,6.8,45.1,8.9,5.3,11.1,23.8,0.1,0.0,0.1,.358,8.3,10.6,18.9,0.1
2019,508,edwarvi01,22,HOU,SF,2,0,16,3.8,.375,1.000,.000,6.8,7.1,6.9,0.0,0.0,0.0,0.0,10.9,0.0,0.0,0.0,-0.014,-1.6,-4.8,-6.4,0.0
2019,509,ingraan01,33,LAL,SG,4,0,15,-11.9,.000,.500,.000,7.0,6.7,6.9,0.0,3.1,0.0,14.3,19.3,-0.1,0.0,-0.1,-0.408,-14.8,-4.8,-19.6,-0.1
2019,510,delgaan01,24,LAC,C,2,0,15,4.3,.255,.000,.400,14.6,13.7,14.1,0.0,3.1,0.0,0.0,16.5,0.0,0.0,0.0,-0.055,-7.0,-5.0,-12.0,0.0
2019,511,motiedo01,28,SAS,PF,3,0,13,-0.5,.436,.000,.333,16.9,8.3,12.6,11.9,0.0,6.5,30.4,33.5,-0.1,0.0,-0.1,-0.246,-19.4,-2.3,-21.7,-0.1
2019,512,matenya01,22,MIA,PF,2,0,13,5.7,.250,.250,.000,8.2,16.4,12.3,0.0,3.8,0.0,0.0,13.2,0.0,0.0,0.0,-0.026,-7.5,-1.6,-9.1,0.0
2019,513,antetko01,21,DAL,PF,2,0,11,-0.9,.210,.000,1.333,0.0,9.7,4.9,0.0,8.8,0.0,17.4,22.5,-0.1,0.0,-0.1,-0.247,-12.6,-0.1,-12.7,0.0
2019,514,chealjo01,23,CHO,PG,1,0,8,2.0,.333,.000,.000,0.0,0.0,0.0,17.7,0.0,0.0,0.0,16.2,0.0,0.0,0.0,-0.080,-8.5,-6.0,-14.6,0.0
2019,515,mccalta01,24,BRK,SG,1,0,8,9.6,.581,.333,.333,0.0,13.1,6.6,0.0,0.0,0.0,0.0,18.1,0.0,0.0,0.0,.055,-6.0,-0.6,-6.6,0.0
2019,516,stephdj01,28,MEM,SG,1,0,7,5.5,.500,.000,.000,0.0,0.0,0.0,0.0,7.1,0.0,33.3,19.1,0.0,0.0,0.0,-0.119,-7.1,1.6,-5.5,0.0
2019,517,anigbik01,20,IND,C,3,0,6,-6.0,.000,.000,.000,18.9,36.2,27.7,19.4,0.0,14.8,25.0,29.1,-0.1,0.0,-0.1,-0.480,-14.0,-2.3,-16.2,0.0
2019,518,duvaltr01,20,MIL,PG,3,0,6,38.3,.833,.333,.000,0.0,16.0,8.5,59.0,0.0,0.0,0.0,20.9,0.1,0.0,0.1,.537,19.1,5.3,24.4,0.0
2019,519,whiteok01,26,WAS,PF,3,0,6,-4.5,.000,1.000,.000,17.8,18.4,18.1,0.0,0.0,0.0,0.0,14.1,0.0,0.0,0.0,-0.251,-9.0,-7.8,-16.8,0.0
2019,520,kingge03,25,PHO,SF,1,0,6,1.9,,,,0.0,18.8,9.2,0.0,0.0,0.0,,0.0,0.0,0.0,0.0,-0.001,-5.8,-2.1,-7.9,0.0
2019,521,lucaska01,29,DET,PG,1,0,6,16.6,.532,1.000,2.000,0.0,56.7,27.3,20.8,0.0,0.0,0.0,13.5,0.0,0.0,0.0,.238,-5.6,6.4,0.8,0.0
2019,522,joneste01,27,HOU,PF,2,0,5,-15.8,.225,.500,.250,0.0,90.3,44.2,0.0,0.0,0.0,18.4,47.2,-0.1,0.0,-0.1,-0.661,-24.7,-6.4,-31.1,0.0
2019,523,loftoza01,26,DET,SG,1,0,4,-10.0,.000,1.000,.000,0.0,0.0,0.0,0.0,12.3,0.0,50.0,21.6,-0.1,0.0,0.0,-0.447,-17.4,6.0,-11.5,0.0
2019,524,siberjo01,26,ATL,SG,1,0,4,29.7,1.500,1.000,.000,0.0,0.0,0.0,0.0,0.0,0.0,0.0,10.2,0.0,0.0,0.0,.183,13.7,2.2,16.0,0.0
2019,525,grantdo01,23,OKC,SF,3,0,2,-38.1,.000,1.000,.000,0.0,0.0,0.0,0.0,0.0,0.0,0.0,40.7,0.0,0.0,0.0,-0.946,-23.6,-14.0,-37.6,0.0
2019,526,simmoko01,21,CLE,PG,1,0,2,0.0,,,,0.0,0.0,0.0,0.0,0.0,0.0,,0.0,0.0,0.0,0.0,-0.033,-7.4,-3.2,-10.6,0.0
2019,527,davisty01,21,OKC,C,1,0,1,0.0,.000,.000,.000,100.0,0.0,51.6,0.0,0.0,0.0,0.0,40.7,0.0,0.0,0.0,-0.471,-9.6,-31.1,-40.7,0.0
2019,528,hollajo02,30,CLE,SF,1,0,1,0.0,,,,0.0,0.0,0.0,0.0,0.0,0.0,,0.0,0.0,0.0,0.0,-0.032,-3.4,-1.6,-5.0,0.0
2019,529,qizh01,23,HOU,PF,1,0,1,80.4,1.000,.000,.000,0.0,0.0,0.0,0.0,0.0,0.0,0.0,43.4,0.0,0.0,0.0,1.261,40.1,11.9,52.0,0.0
2019,530,ulisty01,23,CHI,PG,1,0,1,0.0,,,,0.0,0.0,0.0,0.0,0.0,0.0,,0.0,0.0,0.0,0.0,-0.015,-7.7,-2.7,-10.4,0.0
2019,,,,,,,,,,.560,.359,.259,4.6,15.4,10.0,15.2,1.5,1.7,12.0,19.9,,,,,,,,
2020,1,mccolcj01,28,POR,SG,70,70,2556,17.0,.541,.378,.136,1.9,10.2,6.1,19.1,1.0,1.4,8.1,25.9,3.5,0.6,4.1,.077,2.3,-1.8,0.5,1.6
2020,2,bookede01,23,PHO,SG,70,70,2512,20.6,.618,.310,.397,1.3,12.0,6.6,30.0,0.9,0.6,14.9,30.0,6.0,1.5,7.5,.143,3.4,-1.3,2.2,2.6
2020,3,hardeja01,30,HOU,SG,68,68,2483,29.1,.626,.557,.528,2.9,16.0,9.4,35.9,2.3,2.1,14.2,36.3,9.9,3.2,13.1,.254,8.1,1.6,9.6,7.3
2020,4,barneha02,27,SAC,PF,72,72,2482,13.3,.574,.338,.337,3.4,12.9,8.1,9.2,0.8,0.5,8.8,17.4,3.4,1.1,4.6,.088,0.0,-1.3,-1.3,0.5
2020,5,lillada01,29,POR,PG,66,66,2474,26.9,.627,.500,.384,1.4,10.5,6.0,34.4,1.3,0.8,11.0,30.3,10.9,0.7,11.6,.225,8.3,-0.9,7.5,5.9
2020,6,harrito02,27,PHI,PF,72,72,2469,17.2,.556,.304,.184,3.1,19.1,11.1,14.6,1.0,1.4,7.6,23.9,3.5,2.7,6.2,.121,1.3,-0.5,0.8,1.8
2020,7,tuckepj01,34,HOU,PF,72,72,2467,8.3,.559,.702,.113,4.7,15.6,10.1,6.0,1.4,1.2,13.9,8.7,1.6,2.4,4.0,.078,-2.4,0.6,-1.9,0.1
2020,8,gilgesh01,21,OKC,SG,70,70,2428,17.7,.568,.247,.352,2.2,16.1,9.4,15.2,1.6,1.7,10.3,23.7,3.1,3.0,6.1,.121,1.3,0.4,1.7,2.2
2020,9,adebaba01,22,MIA,PF,72,72,2417,20.3,.598,.018,.484,8.5,24.9,17.0,24.2,1.7,3.8,17.6,21.2,4.6,3.9,8.5,.168,1.4,2.0,3.4,3.3
2020,10,mitchdo01,23,UTA,SG,69,69,2364,18.8,.558,.352,.240,2.6,11.3,7.1,21.6,1.4,0.5,11.0,30.8,3.2,2.2,5.4,.110,2.4,-0.6,1.9,2.3
2020,11,jokicni01,24,DEN,C,73,73,2336,24.9,.605,.238,.281,8.0,26.1,17.1,35.2,1.8,1.7,15.8,26.6,6.7,3.1,9.8,.202,5.5,2.0,7.4,5.5
2020,12,goberru01,27,UTA,C,68,68,2333,21.7,.699,.000,.724,11.2,31.3,21.6,6.5,1.1,4.8,15.0,16.2,6.5,4.2,10.7,.221,1.7,1.9,3.6,3.3
2020,13,derozde01,30,SAS,SF,68,68,2316,21.6,.603,.033,.430,2.0,15.4,8.7,26.1,1.4,0.8,11.6,26.3,5.9,1.3,7.3,.151,2.3,-0.4,1.9,2.3
2020,14,jamesle01,35,LAL,PG,67,67,2316,25.5,.577,.326,.292,3.2,21.5,12.4,49.1,1.6,1.4,15.1,31.5,6.2,3.6,9.8,.204,6.6,1.8,8.4,6.1
2020,15,tatumja01,21,BOS,PF,66,66,2265,20.4,.567,.383,.255,3.1,18.5,10.9,14.5,2.0,2.3,10.2,28.6,3.2,3.7,6.9,.146,3.5,0.6,4.0,3.4
2020,16,hieldbu01,27,SAC,SG,72,44,2216,16.0,.566,.592,.117,2.8,14.1,8.3,15.5,1.4,0.7,12.1,27.2,1.4,1.5,3.0,.064,2.5,-1.4,1.1,1.7
2020,17,grahade01,24,CHO,PG,63,53,2211,15.8,.537,.607,.242,2.0,8.7,5.2,35.3,1.4,0.6,14.5,24.8,2.4,0.9,3.4,.073,2.5,-2.1,0.5,1.4
2020,18,paulch01,34,OKC,PG,70,70,2208,21.7,.610,.343,.315,1.3,15.7,8.7,34.0,2.4,0.4,13.8,23.3,5.9,3.0,8.9,.193,3.0,1.4,4.4,3.5
2020,19,warretj01,26,IND,SF,67,67,2202,18.4,.610,.227,.205,3.4,10.5,7.0,7.1,1.7,1.4,7.2,23.3,4.0,2.6,6.5,.143,1.2,0.0,1.1,1.7
2020,20,robindu01,25,MIA,SG,73,68,2166,13.1,.684,.882,.105,0.5,11.0,6.0,7.1,0.8,0.9,8.9,16.0,3.7,1.6,5.3,.118,1.5,-1.0,0.5,1.3
2020,21,roziete01,25,CHO,PG,63,63,2164,14.8,.553,.450,.202,2.4,11.8,7.0,20.4,1.4,0.4,12.1,23.7,1.9,1.1,3.0,.066,0.8,-1.2,-0.4,0.8
2020,22,sabondo01,23,IND,PF,62,62,2159,20.7,.586,.079,.349,9.7,29.3,19.6,21.7,1.1,1.2,14.8,23.3,4.1,3.4,7.5,.168,2.0,1.2,3.2,2.9
2020,23,sextoco01,21,CLE,PG,65,65,2143,16.3,.560,.235,.246,3.1,7.5,5.3,15.1,1.5,0.3,11.6,27.2,2.1,0.4,2.5,.057,0.3,-2.1,-1.8,0.1
2020,24,inglejo01,32,UTA,PF,72,45,2137,12.6,.595,.638,.170,1.4,12.5,7.2,24.4,1.5,0.4,19.3,15.1,2.7,2.1,4.8,.108,0.1,0.7,0.7,1.5
2020,25,covinro01,29,2TM,C,70,68,2137,13.3,.559,.664,.172,3.0,20.2,11.4,5.9,2.5,3.7,11.7,17.0,0.7,3.0,3.7,.083,-1.2,1.3,0.0,1.1
2020,25,covinro01,29,MIN,PF,48,47,1411,13.5,.572,.629,.190,2.6,19.5,10.7,5.9,2.6,2.6,12.0,17.8,0.5,1.8,2.3,.078,-1.2,1.2,0.0,0.7
2020,25,covinro01,29,HOU,C,22,21,726,13.1,.531,.740,.132,3.9,21.7,12.7,6.1,2.2,5.7,11.1,15.4,0.2,1.2,1.4,.094,-1.2,1.4,0.2,0.4
2020,26,davisan02,26,LAL,PF,62,62,2131,27.4,.610,.199,.479,7.4,22.1,14.8,15.1,2.0,6.0,10.4,29.3,6.7,4.4,11.1,.250,5.4,2.6,8.0,5.4
2020,27,harrijo01,28,BRK,SF,69,69,2123,13.3,.606,.518,.114,3.2,11.2,7.3,10.4,0.9,0.7,11.2,18.3,2.5,1.8,4.3,.097,0.4,-0.6,-0.2,1.0
2020,28,finnedo01,26,DAL,PF,71,68,2120,12.3,.595,.580,.207,7.3,12.7,10.0,7.2,1.0,1.6,10.8,12.9,3.3,1.5,4.9,.110,0.1,-0.3,-0.2,0.9
2020,29,youngtr01,21,ATL,PG,60,60,2120,23.9,.595,.455,.448,1.6,11.5,6.5,45.6,1.4,0.3,16.2,34.9,5.3,0.6,5.9,.133,6.2,-2.3,3.9,3.1
2020,30,holidjr01,29,NOP,SG,61,61,2117,17.0,.537,.344,.181,3.8,10.9,7.3,29.1,2.2,1.9,14.5,24.5,2.0,1.9,3.9,.088,1.6,0.2,1.8,2.0
2020,31,brookdi01,24,MEM,SG,73,73,2112,11.3,.510,.385,.190,3.5,8.6,6.1,10.5,1.4,1.1,9.7,25.2,-0.4,1.6,1.2,.027,-2.7,-1.4,-4.1,-1.1
2020,32,siakapa01,25,TOR,PF,60,60,2110,17.9,.554,.331,.274,3.3,18.3,11.0,16.4,1.4,2.5,10.7,28.1,1.8,3.6,5.4,.123,1.3,0.5,1.8,2.0
2020,33,ingrabr01,22,NOP,PF,62,62,2104,18.8,.587,.350,.336,2.6,16.6,9.6,19.3,1.3,1.5,13.1,28.1,3.3,1.8,5.1,.115,2.5,-0.4,2.1,2.2
2020,34,lowryky01,33,TOR,PG,58,58,2098,17.7,.590,.580,.427,1.6,12.8,7.3,30.6,1.9,1.2,15.7,23.1,4.2,3.3,7.5,.171,2.2,1.0,3.2,2.8
2020,35,hardati02,27,DAL,SG,71,58,2091,14.5,.581,.580,.206,1.3,10.2,5.8,9.7,0.9,0.2,6.7,21.1,3.4,1.1,4.4,.102,1.2,-1.4,-0.1,1.0
2020,36,lavinza01,24,CHI,SF,60,60,2085,19.4,.568,.404,.279,2.1,13.8,7.7,21.7,2.0,1.3,13.3,31.7,1.8,2.2,4.0,.091,3.3,-0.8,2.5,2.4
2020,37,bogdabo02,30,UTA,SF,63,63,2083,15.6,.603,.489,.296,2.1,11.2,6.8,10.0,0.8,0.3,13.1,25.5,2.6,1.6,4.2,.096,1.6,-1.5,0.1,1.1
2020,38,randlju01,25,NYK,PF,64,64,2080,17.5,.538,.230,.350,7.5,24.9,16.0,15.8,1.2,1.0,14.3,27.6,0.9,1.8,2.7,.062,0.7,-1.0,-0.3,0.9
2020,39,fournev01,27,ORL,SF,66,66,2076,16.4,.595,.467,.237,0.9,8.2,4.4,16.6,1.7,0.7,10.9,23.9,2.9,1.7,4.6,.106,1.4,-0.4,1.0,1.6
2020,40,moranja01,20,MEM,PG,67,67,2074,17.4,.556,.191,.329,2.6,10.4,6.6,35.2,1.3,0.8,17.0,25.9,2.3,1.5,3.8,.088,1.4,-1.2,0.3,1.2
2020,41,anunoog01,22,TOR,SF,69,68,2066,13.2,.600,.403,.180,4.2,14.2,9.3,7.5,2.2,2.1,11.5,14.3,2.1,3.7,5.7,.134,-0.8,2.0,1.2,1.7
2020,42,bealbr01,26,WAS,SG,57,57,2053,23.2,.579,.369,.351,2.7,10.5,6.4,29.5,1.6,1.0,11.4,34.4,4.5,0.6,5.1,.118,5.3,-2.4,2.9,2.5
2020,43,onealro01,26,UTA,SF,71,62,2049,9.5,.578,.668,.151,1.5,18.8,10.4,11.6,1.4,1.3,13.5,9.6,1.8,2.5,4.3,.101,-1.3,2.2,0.9,1.5
2020,44,westbru01,31,HOU,PG,57,57,2049,21.0,.536,.166,.297,5.1,18.1,11.5,35.6,2.1,0.8,15.0,34.4,1.7,2.5,4.2,.098,1.6,-0.1,1.5,1.8
2020,45,doncilu01,20,DAL,PG,61,61,2047,27.6,.585,.431,.448,4.1,25.0,14.7,45.7,1.5,0.6,14.8,36.8,6.5,2.3,8.8,.207,7.4,1.0,8.4,5.4
2020,46,bridgmi01,23,PHO,SF,73,32,2042,12.9,.620,.401,.252,3.5,12.4,7.9,8.6,2.4,2.0,12.0,12.7,2.5,2.3,4.8,.113,-0.6,1.5,0.8,1.5
2020,47,horfoal01,33,PHI,C,67,61,2025,15.7,.536,.399,.113,5.6,19.3,12.4,19.2,1.2,2.6,9.7,17.5,2.8,2.6,5.4,.128,1.3,1.0,2.2,2.2
2020,48,balllo01,22,NOP,PG,63,54,2025,13.1,.517,.575,.111,3.7,16.4,10.0,29.1,2.0,1.6,21.1,18.5,0.4,2.0,2.4,.058,0.1,0.6,0.6,1.3
2020,49,huntede01,22,ATL,SF,63,62,2018,8.6,.521,.445,.211,2.3,13.1,7.6,8.0,1.0,0.7,12.1,17.5,-0.4,0.5,0.1,.002,-2.9,-1.8,-4.7,-1.4
2020,50,gordoaa01,24,ORL,PF,62,62,2017,15.1,.516,.309,.292,5.5,20.3,12.7,17.4,1.2,1.7,10.4,20.7,1.4,2.3,3.7,.087,-0.1,0.1,0.0,1.0
2020,51,simmobe01,23,PHI,PG,57,57,2017,20.4,.602,.011,.461,6.2,18.2,12.2,33.8,2.9,1.4,20.4,20.9,3.8,3.1,6.9,.165,1.3,2.3,3.6,2.8
2020,52,rubiori01,29,PHO,PG,65,65,2016,16.5,.535,.312,.327,2.5,14.4,8.4,39.7,2.2,0.5,17.9,20.4,2.9,2.0,4.9,.117,0.7,0.2,1.0,1.5
2020,53,bjeline01,31,SAC,PF,72,67,2011,15.7,.602,.490,.129,6.1,19.9,12.8,14.7,1.5,1.9,12.5,17.0,3.4,1.9,5.3,.127,1.2,0.5,1.8,1.9
2020,54,whiteha01,30,POR,C,67,61,2008,25.0,.644,.010,.340,13.6,33.3,23.6,5.9,0.6,8.4,12.9,19.6,5.6,3.0,8.5,.204,2.5,0.7,3.2,2.6
2020,55,schrode01,26,OKC,PG,65,2,1999,16.7,.575,.337,.245,1.1,11.6,6.5,21.9,1.1,0.6,13.4,27.2,1.9,1.8,3.6,.087,1.1,-1.1,-0.1,1.0
2020,56,vucevni01,29,ORL,C,62,62,1998,21.9,.549,.280,.162,7.3,29.7,18.1,19.5,1.3,2.1,7.4,25.8,3.5,2.9,6.4,.153,3.7,0.5,4.2,3.1
2020,57,fultzma01,21,ORL,PG,72,60,1996,14.3,.517,.175,.206,2.1,11.0,6.4,29.0,2.2,0.5,14.9,21.4,0.6,2.0,2.7,.065,-1.8,0.0,-1.8,0.1
2020,58,bridgmi02,21,CHO,SF,65,64,1995,12.1,.520,.398,.174,4.6,15.6,9.9,9.4,1.0,2.2,10.5,20.0,0.3,1.3,1.6,.039,-1.5,-1.0,-2.5,-0.3
2020,59,dinwisp01,26,BRK,PG,64,49,1994,17.8,.541,.392,.437,1.7,9.6,5.7,35.0,0.9,0.9,12.5,29.2,3.2,1.6,4.8,.116,2.7,-0.9,1.8,1.9
2020,60,nunnke01,24,MIA,PG,67,67,1962,12.9,.534,.428,.109,1.2,8.7,5.1,18.5,1.4,0.8,10.6,24.1,0.4,1.6,2.0,.049,-1.0,-1.3,-2.3,-0.1
2020,61,butleji01,30,MIA,SF,58,58,1959,23.6,.585,.157,.693,6.3,15.4,11.0,28.1,2.6,1.6,11.4,25.1,6.3,2.7,9.0,.221,4.0,1.5,5.4,3.7
2020,62,morrima03,30,2TM,PF,62,62,1936,14.3,.570,.430,.272,3.2,14.0,8.5,6.8,1.2,1.4,9.7,21.9,2.1,1.5,3.6,.088,0.6,-0.7,-0.1,0.9
2020,62,morrima03,30,NYK,SF,43,43,1387,16.5,.582,.415,.311,3.6,14.7,9.0,6.8,1.2,1.2,9.2,24.4,2.1,0.8,2.9,.101,1.8,-1.1,0.7,0.9
2020,62,morrima03,30,LAC,PF,19,19,549,8.9,.523,.483,.126,2.1,12.3,7.4,6.8,1.1,2.1,11.6,15.8,0.0,0.7,0.6,.055,-2.5,0.3,-2.2,0.0
2020,63,brownja02,23,BOS,SG,57,57,1934,16.9,.583,.381,.274,3.5,16.5,10.1,9.7,1.6,1.0,11.2,24.7,2.3,2.6,4.9,.123,1.0,-0.2,0.8,1.4
2020,64,oubreke01,24,PHO,SF,56,55,1933,14.9,.560,.372,.298,3.8,17.1,10.4,6.6,1.7,1.8,8.2,22.4,1.7,2.1,3.8,.093,-0.3,-0.3,-0.5,0.7
2020,65,vanvlfr01,25,TOR,SG,54,54,1928,16.3,.553,.484,.256,1.0,9.9,5.6,27.7,2.5,0.9,12.3,21.7,2.8,3.1,5.8,.145,1.3,1.4,2.7,2.3
2020,66,smartma01,25,BOS,SG,60,40,1919,13.8,.518,.579,.223,2.4,10.1,6.3,21.1,2.5,1.4,12.1,18.9,1.7,2.8,4.5,.112,0.0,1.4,1.4,1.6
2020,67,antetgi01,25,MIL,PF,63,63,1917,31.9,.613,.237,.508,7.7,34.8,22.1,34.2,1.5,3.0,13.2,37.5,6.1,5.0,11.1,.279,7.4,4.1,11.5,6.6
2020,68,bartowi01,29,DEN,SF,58,58,1916,15.6,.549,.390,.180,4.5,16.9,10.7,16.0,1.6,1.4,9.9,20.1,2.4,1.8,4.2,.106,1.2,-0.2,1.1,1.5
2020,69,houseda01,26,HOU,SF,63,52,1913,11.3,.572,.659,.167,3.1,11.6,7.3,6.1,1.6,1.5,8.5,13.7,1.9,1.8,3.6,.091,-0.8,0.0,-0.7,0.6
2020,70,osmande01,24,CLE,SF,65,65,1910,10.7,.552,.527,.154,2.2,11.3,6.7,11.6,1.4,0.7,12.3,16.6,1.0,0.6,1.6,.040,-1.7,-0.9,-2.6,-0.3
2020,71,murraja01,22,DEN,PG,59,59,1904,17.7,.559,.362,.207,2.7,11.2,6.9,22.9,1.7,0.8,11.5,25.2,2.8,1.5,4.3,.107,2.0,-0.8,1.2,1.5
2020,72,anthoca01,35,POR,PF,58,58,1902,12.4,.525,.289,.206,3.9,16.1,10.1,6.4,1.2,1.2,10.5,21.2,0.4,0.9,1.3,.033,-1.8,-1.8,-3.6,-0.8
2020,73,grantje01,25,DEN,PF,71,24,1892,14.4,.591,.397,.309,3.4,11.2,7.3,6.6,1.3,2.8,8.0,18.0,2.8,1.6,4.4,.111,0.1,-0.6,-0.5,0.7
2020,74,klebima01,28,DAL,PF,74,21,1890,13.6,.605,.621,.181,6.3,15.1,10.8,6.3,0.6,3.8,9.5,13.9,3.2,1.7,4.8,.123,0.4,0.0,0.4,1.1
2020,75,rosste01,28,ORL,SG,69,0,1889,14.0,.548,.596,.217,0.7,12.3,6.3,6.8,2.0,1.1,7.0,22.8,1.1,2.0,3.0,.077,-0.1,-0.3,-0.4,0.8
2020,76,drumman01,26,2TM,C,57,56,1879,22.0,.553,.045,.375,14.9,37.5,26.0,13.6,2.8,4.2,18.2,25.9,0.6,3.6,4.2,.108,-0.1,1.1,0.9,1.4
2020,76,drumman01,26,DET,C,49,48,1654,22.1,.550,.031,.376,15.3,38.2,26.6,14.0,2.9,4.2,18.0,25.5,0.7,3.3,4.0,.116,0.0,1.2,1.1,1.3
2020,76,drumman01,26,CLE,C,8,8,225,21.1,.573,.133,.371,11.7,32.4,22.0,10.8,2.6,4.2,19.2,28.7,-0.1,0.3,0.3,.053,-0.9,0.4,-0.4,0.1
2020,77,satorto01,28,CHI,SG,65,64,1878,13.5,.533,.361,.220,4.3,11.0,7.5,27.1,2.1,0.4,17.7,16.7,1.8,1.7,3.5,.090,-1.1,-0.2,-1.2,0.4
2020,78,crowdja01,29,2TM,SF,65,53,1875,12.5,.553,.700,.222,3.0,18.5,11.0,11.5,1.8,1.2,10.0,15.5,1.6,2.2,3.8,.098,-0.5,0.4,-0.1,0.9
2020,78,crowdja01,29,MEM,SF,45,45,1322,11.0,.507,.667,.238,3.2,18.5,11.0,12.2,1.7,0.9,10.9,15.6,0.5,1.4,1.9,.069,-1.4,0.2,-1.2,0.3
2020,78,crowdja01,29,MIA,PF,20,8,553,16.3,.669,.780,.183,2.5,18.5,10.8,9.7,2.2,1.8,7.8,15.3,1.2,0.8,1.9,.169,1.8,0.8,2.5,0.6
2020,79,willilo02,33,LAC,PG,65,8,1864,17.3,.546,.337,.362,1.8,9.2,5.6,30.1,1.1,0.6,14.4,28.4,2.3,1.8,4.1,.105,2.2,-1.4,0.7,1.3
2020,80,wiggian01,24,2TM,SF,54,54,1858,16.4,.536,.342,.274,3.6,12.3,7.8,18.1,1.1,2.4,10.7,27.4,0.8,1.1,1.9,.050,1.1,-1.4,-0.3,0.8
2020,80,wiggian01,24,MIN,SF,42,42,1455,16.1,.535,.348,.262,3.4,12.9,7.9,18.1,0.9,2.1,10.8,28.0,0.6,0.8,1.4,.046,1.1,-1.5,-0.4,0.6
2020,80,wiggian01,24,GSW,SF,12,12,403,17.5,.542,.314,.324,4.7,10.3,7.4,18.2,1.9,3.8,10.4,25.4,0.2,0.3,0.5,.064,1.0,-1.1,-0.1,0.2
2020,81,princta02,25,BRK,PF,64,61,1857,9.1,.497,.583,.120,2.8,18.1,10.6,9.2,1.5,1.1,14.0,20.4,-1.7,2.3,0.6,.014,-2.8,-0.1,-2.9,-0.4
2020,82,middlkh01,28,MIL,SF,62,59,1853,21.1,.619,.374,.240,2.5,17.0,10.2,22.2,1.3,0.3,11.6,26.4,4.6,3.3,7.9,.205,3.4,0.7,4.1,2.9
2020,83,allenja01,21,BRK,C,70,64,1852,20.7,.664,.013,.581,12.3,24.9,18.7,8.9,1.0,4.2,11.7,14.9,5.2,2.9,8.2,.212,1.4,1.0,2.3,2.0
2020,84,leonaka01,28,LAC,SF,57,57,1848,26.9,.589,.287,.355,3.1,19.1,11.3,26.4,2.6,1.6,10.2,33.0,5.4,3.3,8.7,.226,6.5,2.4,8.9,5.1
2020,85,valanjo01,27,MEM,C,70,70,1845,22.2,.631,.123,.271,12.4,32.2,22.5,10.9,0.8,3.6,13.3,21.5,4.2,2.8,7.0,.182,2.1,0.2,2.4,2.0
2020,86,gallida01,31,OKC,PF,62,62,1834,19.5,.612,.537,.365,2.1,16.8,9.7,10.3,1.1,0.2,7.4,24.6,4.5,1.9,6.3,.166,4.1,-0.9,3.3,2.4
2020,87,holidju01,30,IND,SF,73,6,1826,12.1,.585,.681,.138,1.9,12.2,7.1,6.7,2.3,2.2,7.9,13.4,1.6,2.6,4.2,.112,-0.5,1.8,1.3,1.5
2020,88,turnemy01,23,IND,C,62,62,1826,14.8,.566,.426,.288,5.2,19.1,12.2,5.4,1.2,6.4,11.4,17.9,1.1,3.1,4.2,.111,-1.0,1.1,0.1,1.0
2020,89,garlada01,20,CLE,SG,59,59,1824,8.5,.498,.423,.103,1.6,5.2,3.4,18.5,1.1,0.2,17.1,20.7,-1.3,0.0,-1.3,-0.034,-2.7,-2.8,-5.5,-1.7
2020,90,lopezbr01,31,MIL,C,68,67,1817,15.0,.551,.484,.227,3.4,13.0,8.5,7.4,1.2,7.9,8.7,18.3,1.4,4.1,5.5,.145,-0.4,2.5,2.0,1.9
2020,91,porzikr01,24,DAL,C,57,57,1814,20.2,.551,.432,.304,5.9,25.1,15.6,8.8,1.1,5.4,8.0,27.0,2.6,2.6,5.2,.138,1.8,0.1,1.9,1.8
2020,92,smithis01,31,WAS,PG,68,23,1787,13.9,.509,.245,.125,1.8,12.0,6.7,27.1,1.5,1.5,11.6,19.1,1.3,0.6,1.9,.051,-0.3,-1.0,-1.3,0.3
2020,93,robingl02,26,2TM,SF,62,52,1786,13.3,.577,.333,.145,4.8,11.9,8.2,8.4,1.4,0.8,8.0,16.4,2.0,0.9,2.9,.078,-0.5,-1.2,-1.7,0.1
2020,93,robingl02,26,GSW,SF,48,48,1516,13.1,.574,.335,.146,4.6,11.9,8.1,8.8,1.4,0.8,8.5,16.6,1.5,0.6,2.1,.067,-0.6,-1.1,-1.7,0.1
2020,93,robingl02,26,PHI,SF,14,4,270,14.7,.598,.318,.141,6.1,11.9,9.0,5.9,1.6,0.6,5.2,15.2,0.5,0.3,0.8,.137,0.0,-1.3,-1.4,0.0
2020,94,browntr01,20,WAS,SF,69,22,1782,13.7,.524,.288,.223,4.5,19.6,11.7,14.1,2.2,0.3,10.4,17.8,1.3,1.2,2.4,.065,-0.8,-0.4,-1.2,0.3
2020,95,harriga01,25,DEN,SG,56,55,1780,9.7,.519,.405,.177,1.6,8.6,5.1,8.9,2.1,0.7,9.7,15.1,0.5,1.4,1.9,.052,-2.8,0.3,-2.5,-0.2
2020,96,loveke01,31,CLE,PF,56,56,1780,17.9,.599,.536,.301,3.3,31.1,17.1,15.4,0.9,0.9,14.5,23.1,2.5,1.3,3.8,.101,2.6,-0.5,2.0,1.8
2020,97,bogdabo01,27,SAC,SG,61,28,1766,15.2,.565,.576,.151,1.6,11.8,6.6,18.0,1.8,0.8,11.1,22.6,1.8,1.3,3.1,.084,1.2,-0.5,0.6,1.2
2020,98,caldwke01,26,LAL,SG,69,26,1762,11.0,.584,.471,.201,2.4,6.4,4.4,8.5,1.5,0.7,10.1,14.7,1.9,1.9,3.7,.102,-1.2,0.4,-0.8,0.5
2020,99,huertke01,21,ATL,SG,56,48,1760,11.5,.536,.548,.105,2.1,12.0,7.0,17.5,1.4,1.3,12.0,17.1,1.0,0.6,1.6,.043,-0.7,-0.9,-1.6,0.2
2020,100,josepco01,28,SAC,PG,72,26,1759,10.1,.517,.386,.170,2.7,9.4,6.0,19.1,1.5,1.1,15.3,12.9,1.2,1.1,2.3,.062,-2.1,0.1,-2.0,0.0
2020,101,washipj01,21,CHO,PF,58,57,1759,12.4,.547,.390,.231,3.5,16.6,9.8,11.3,1.5,2.3,12.5,18.6,0.5,1.5,2.0,.054,-1.7,0.1,-1.6,0.2
2020,102,hartjo01,24,NOP,SF,65,16,1755,11.9,.563,.665,.216,3.7,22.1,12.8,8.2,1.7,1.1,11.4,15.3,1.3,1.8,3.1,.085,-1.1,0.4,-0.7,0.6
2020,103,aldrila01,34,SAS,C,53,53,1754,19.7,.571,.198,.241,6.3,17.8,12.0,11.4,1.0,4.4,7.8,23.4,3.0,1.4,4.5,.122,1.8,-0.5,1.4,1.5
2020,104,burksal01,28,2TM,SF,66,19,1754,16.7,.561,.392,.345,2.9,14.9,8.7,17.2,1.7,0.9,9.3,23.8,2.5,1.2,3.7,.101,1.2,-0.7,0.5,1.1
2020,104,burksal01,28,GSW,SF,48,18,1390,16.1,.552,.373,.373,2.8,15.3,8.8,17.4,1.7,1.1,9.8,23.8,1.6,0.9,2.5,.085,0.7,-0.6,0.1,0.7
2020,104,burksal01,28,PHI,SG,18,1,364,19.0,.594,.461,.246,3.3,13.7,8.5,16.3,1.6,0.0,7.5,23.7,0.9,0.4,1.2,.161,3.1,-1.1,2.0,0.4
2020,105,harremo01,26,LAC,C,63,2,1749,23.2,.607,.022,.432,9.9,16.3,13.2,10.3,1.1,3.6,10.1,25.7,4.4,2.5,7.0,.191,2.5,0.5,2.9,2.2
2020,106,walkeke02,29,BOS,PG,56,56,1742,20.0,.575,.532,.272,2.2,11.0,6.7,24.2,1.3,1.5,10.5,27.2,3.9,2.0,5.9,.162,4.9,-0.3,4.6,2.9
2020,107,haywago01,29,BOS,SF,52,52,1740,18.1,.595,.317,.207,3.4,17.8,10.7,18.7,1.1,1.2,11.2,21.1,3.5,2.2,5.7,.158,2.6,0.1,2.7,2.0
2020,108,templga01,33,BRK,SG,62,35,1730,10.5,.513,.658,.148,1.8,11.1,6.5,12.8,1.3,1.4,9.0,16.6,0.7,1.7,2.4,.066,-1.4,0.3,-1.1,0.4
2020,109,thomptr01,28,CLE,C,57,51,1721,16.8,.540,.041,.286,14.5,22.9,18.6,10.5,0.9,2.5,14.0,18.3,2.0,1.1,3.1,.085,-0.2,-1.3,-1.5,0.2
2020,110,clarkjo01,27,2TM,SG,71,2,1705,17.3,.574,.476,.190,3.3,8.7,6.1,13.2,1.3,0.8,9.4,26.3,2.4,1.0,3.4,.096,2.4,-1.3,1.1,1.3
2020,110,clarkjo01,27,CLE,SG,29,0,666,18.6,.581,.488,.264,3.5,8.1,5.8,17.0,1.2,1.0,9.7,25.9,1.4,0.1,1.5,.107,4.1,-1.4,2.7,0.8
2020,110,clarkjo01,27,UTA,SG,42,2,1039,16.5,.569,.470,.146,3.2,9.1,6.3,10.8,1.4,0.6,9.2,26.7,1.0,0.9,1.9,.089,1.3,-1.2,0.0,0.5
2020,111,barrerj01,19,NYK,SG,56,55,1704,10.7,.479,.271,.349,3.0,14.8,8.7,12.8,1.6,0.9,12.9,24.0,-1.6,1.1,-0.5,-0.015,-2.9,-1.5,-4.3,-1.0
2020,112,gallola01,28,DET,SG,66,6,1702,12.3,.584,.611,.157,2.2,7.8,5.0,8.8,1.4,0.5,6.5,15.9,2.4,0.7,3.1,.087,0.0,-0.9,-0.8,0.5
2020,113,richajo01,26,PHI,SG,55,53,1693,12.0,.533,.385,.218,2.7,8.7,5.7,13.9,1.5,1.8,12.8,20.6,0.5,1.7,2.1,.061,-1.4,-0.4,-1.8,0.1
2020,114,bazemke01,30,2TM,SF,68,21,1688,9.3,.499,.457,.275,1.7,17.1,9.4,7.4,2.1,2.1,13.2,17.5,-0.9,1.5,0.6,.017,-3.4,0.3,-3.0,-0.5
2020,114,bazemke01,30,POR,SF,43,21,1111,7.5,.475,.525,.221,1.2,14.8,8.1,7.1,1.9,2.4,14.4,15.9,-1.0,0.8,-0.2,-0.008,-3.6,0.4,-3.2,-0.3
2020,114,bazemke01,30,SAC,SF,25,0,577,12.6,.533,.351,.361,2.7,21.6,11.9,8.0,2.4,1.5,11.4,20.4,0.1,0.7,0.8,.065,-3.0,0.3,-2.8,-0.1
2020,115,greenda02,32,LAL,SG,68,68,1687,10.8,.552,.690,.101,3.3,11.2,7.3,7.1,2.4,1.7,11.3,13.9,0.8,2.5,3.4,.096,-1.1,1.5,0.5,1.1
2020,116,murrade01,23,SAS,PG,66,58,1687,16.2,.524,.174,.179,4.4,20.1,12.2,23.1,3.1,0.9,15.4,20.8,0.7,2.0,2.6,.074,-0.9,1.3,0.4,1.0
2020,117,adamsst01,26,OKC,C,63,63,1680,20.5,.604,.006,.421,14.0,24.0,19.2,13.2,1.5,3.4,14.2,17.3,3.8,2.7,6.5,.185,1.9,1.1,2.9,2.1
2020,118,whitede01,25,SAS,SG,68,20,1677,16.4,.593,.391,.382,2.3,12.1,7.2,20.0,1.3,3.1,12.1,18.9,3.1,1.1,4.2,.119,1.2,0.1,1.3,1.4
2020,119,whiteco01,19,CHI,PG,65,1,1674,11.9,.506,.475,.163,1.8,14.0,7.6,16.5,1.4,0.3,11.4,24.4,-0.5,1.4,0.9,.026,-1.3,-1.6,-2.9,-0.4
2020,120,brogdma01,27,IND,PG,54,54,1666,17.7,.541,.309,.250,3.1,14.1,8.6,33.8,1.0,0.5,13.7,25.2,2.3,1.7,4.0,.114,2.3,-0.5,1.8,1.6
2020,121,dragigo01,33,MIA,PG,59,3,1663,16.3,.573,.467,.340,2.0,10.2,6.3,29.2,1.2,0.6,14.8,25.9,2.2,1.3,3.5,.102,1.4,-1.6,-0.1,0.8
2020,122,pascher01,23,GSW,PF,60,26,1654,14.5,.571,.202,.331,5.2,13.1,9.0,12.7,0.9,0.7,11.4,21.4,1.6,0.5,2.1,.062,-0.7,-2.0,-2.7,-0.3
2020,123,bledser01,30,MIL,PG,61,61,1646,17.6,.571,.306,.304,2.8,13.5,8.5,28.7,1.6,1.4,15.7,23.7,2.4,3.0,5.4,.157,0.8,1.0,1.8,1.6
2020,124,snellto01,28,DET,SF,59,57,1641,9.7,.598,.665,.084,0.6,7.1,3.8,10.9,1.0,0.8,7.3,11.4,2.1,0.5,2.6,.076,-1.2,-0.6,-1.8,0.1
2020,125,morrimo01,24,DEN,PG,73,12,1636,14.9,.545,.304,.157,1.6,7.7,4.7,22.1,1.7,1.0,8.1,17.5,2.7,1.1,3.8,.112,0.4,-0.5,-0.2,0.7
2020,126,matthwe02,33,MIL,SG,67,67,1635,8.1,.547,.704,.161,1.4,8.2,5.0,7.1,1.1,0.5,8.7,12.5,0.8,2.4,3.2,.093,-2.6,0.7,-1.8,0.1
2020,127,brownbr01,23,DET,PG,58,43,1634,11.9,.518,.215,.266,4.2,15.0,9.5,20.4,1.9,1.5,16.7,16.0,0.7,1.4,2.1,.062,-2.0,0.8,-1.2,0.3
2020,128,foxde01,22,SAC,PG,51,49,1634,20.6,.558,.227,.420,2.4,11.4,6.8,35.3,2.2,1.5,14.1,29.8,2.6,1.4,4.0,.118,2.3,-0.5,1.8,1.6
2020,129,saricda01,25,PHO,PF,66,51,1632,14.2,.592,.437,.238,6.7,21.1,13.8,10.8,1.1,0.9,12.9,17.8,2.1,1.5,3.6,.105,-0.1,-0.3,-0.4,0.7
2020,130,jacksja02,20,MEM,C,57,57,1622,16.3,.593,.489,.247,3.6,13.2,8.5,7.2,1.2,5.0,10.6,24.0,1.6,1.8,3.5,.103,0.3,0.1,0.4,1.0
2020,131,mclembe01,26,HOU,SF,71,23,1619,11.8,.622,.829,.123,1.3,8.9,5.1,5.2,1.3,0.8,8.0,16.0,2.2,1.1,3.3,.099,0.1,-0.6,-0.5,0.6
2020,132,holidaa01,23,IND,PG,66,33,1617,11.6,.521,.393,.155,1.5,9.0,5.3,19.1,1.7,0.9,12.8,18.7,0.4,1.7,2.1,.063,-1.6,0.0,-1.6,0.2
2020,133,riverau01,27,HOU,SG,68,4,1594,10.4,.542,.539,.222,1.8,9.8,5.8,10.0,1.4,0.5,8.3,15.6,1.2,1.2,2.4,.072,-2.1,-0.4,-2.5,-0.2
2020,134,youngth01,31,CHI,PF,64,16,1591,13.3,.521,.369,.120,6.2,16.1,10.9,11.3,2.8,1.4,13.9,19.7,-0.2,2.1,1.9,.058,-1.4,0.2,-1.2,0.3
2020,135,bertada01,27,WAS,PF,54,4,1583,15.5,.628,.774,.200,2.3,15.1,8.5,8.4,1.1,1.8,8.2,19.0,3.0,0.5,3.5,.107,2.7,-1.8,0.9,1.1
2020,136,redicjj01,35,NOP,SG,60,36,1581,15.4,.644,.629,.293,0.7,9.5,5.1,10.8,0.6,0.5,9.5,20.4,3.6,0.6,4.1,.125,2.3,-1.7,0.7,1.1
2020,137,forbebr01,26,SAS,SG,63,62,1579,11.1,.570,.656,.155,0.8,7.8,4.3,9.5,1.0,0.0,8.4,18.5,1.3,0.3,1.5,.047,-0.6,-2.1,-2.7,-0.3
2020,138,curryse01,29,DAL,SG,64,25,1576,15.5,.643,.559,.169,1.8,7.8,4.8,11.6,1.2,0.5,9.1,18.4,3.5,0.8,4.3,.130,1.7,-0.9,0.8,1.2
2020,139,wrighde01,27,DAL,PG,73,5,1570,15.4,.554,.309,.243,4.7,13.8,9.4,21.0,2.6,1.2,13.8,14.4,2.6,1.8,4.4,.134,0.0,1.9,1.9,1.5
2020,140,theisda01,27,BOS,C,65,64,1566,17.9,.631,.225,.268,9.7,19.3,14.6,10.1,1.1,5.0,10.2,14.4,4.0,2.6,6.5,.201,0.6,1.8,2.4,1.7
2020,141,korkmfu01,22,PHI,SG,72,12,1559,12.0,.579,.632,.181,1.3,10.6,6.0,7.3,1.3,0.9,8.8,18.4,1.4,1.4,2.8,.085,-0.4,-1.0,-1.3,0.3
2020,142,reddica01,20,ATL,SF,58,34,1551,9.0,.500,.451,.227,2.4,12.7,7.5,8.0,1.9,1.5,13.6,18.9,-1.2,0.8,-0.4,-0.011,-3.3,-1.0,-4.2,-0.9
2020,143,okogijo01,21,MIN,SG,62,28,1547,11.5,.553,.387,.480,5.7,12.8,9.1,8.9,2.0,1.4,15.3,15.1,0.9,1.2,2.2,.068,-2.4,0.0,-2.4,-0.2
2020,144,kuzmaky01,24,LAL,PF,61,9,1526,12.2,.531,.407,.232,3.8,15.7,9.8,7.6,0.9,1.5,11.0,22.9,0.1,1.9,2.0,.063,-1.6,-1.0,-2.6,-0.2
2020,145,divindo01,23,MIL,SG,66,24,1520,14.1,.557,.484,.169,4.6,15.5,10.3,13.6,2.6,1.2,14.1,17.3,1.0,3.2,4.3,.135,-1.1,2.4,1.3,1.3
2020,146,herroty01,20,MIA,SG,55,8,1508,12.5,.550,.472,.158,1.2,14.9,8.3,12.7,1.1,0.6,11.4,22.3,0.2,1.3,1.6,.050,-0.4,-1.2,-1.6,0.1
2020,147,culveja01,20,MIN,SG,63,35,1506,9.6,.467,.388,.206,4.7,10.3,7.4,10.8,1.8,2.1,11.5,19.2,-1.2,1.1,-0.1,-0.004,-3.3,-0.7,-4.0,-0.8
2020,148,embiijo01,25,PHI,C,51,51,1506,25.8,.590,.215,.543,10.3,33.2,21.7,16.9,1.4,3.7,13.8,32.9,3.3,2.7,6.0,.192,3.7,1.0,4.7,2.5
2020,149,arizatr01,34,2TM,SF,53,21,1493,11.0,.593,.639,.228,2.5,15.7,9.0,8.0,2.2,0.9,13.6,11.8,1.3,1.2,2.5,.081,-1.4,0.9,-0.5,0.6
2020,149,arizatr01,34,SAC,SF,32,0,791,9.4,.543,.739,.164,2.9,18.2,10.4,8.3,2.1,0.8,13.7,11.2,0.3,0.8,1.1,.066,-1.9,1.3,-0.6,0.3
2020,149,arizatr01,34,POR,SF,21,21,702,12.8,.643,.535,.296,2.0,12.8,7.4,7.6,2.3,1.0,13.5,12.5,1.0,0.4,1.4,.098,-0.9,0.4,-0.4,0.3
2020,150,markkla01,22,CHI,PF,50,50,1492,14.3,.560,.536,.259,4.2,19.7,11.6,7.6,1.4,1.5,11.0,21.1,1.0,1.6,2.6,.084,0.2,-0.8,-0.6,0.5
2020,151,millspa02,31,SAS,PG,66,1,1485,14.8,.592,.674,.187,1.6,6.2,3.9,11.4,1.7,0.4,7.7,20.4,2.3,0.5,2.8,.091,1.2,-1.2,0.0,0.8
2020,152,ibakase01,30,TOR,C,55,27,1485,17.3,.583,.272,.185,8.3,23.5,16.1,8.6,0.9,3.0,13.1,24.0,1.2,2.7,3.9,.126,0.1,0.0,0.1,0.8
2020,153,powelno01,26,TOR,SG,52,26,1479,16.8,.624,.457,.256,1.9,11.4,6.8,9.7,1.9,1.4,10.4,21.5,2.3,2.3,4.6,.150,1.2,0.8,2.0,1.5
2020,154,nancela02,27,CLE,PF,56,10,1472,17.3,.608,.369,.172,7.9,23.1,15.4,12.3,1.9,1.3,11.5,15.2,2.8,1.1,3.9,.128,1.4,0.4,1.7,1.4
2020,155,teaguje01,31,2TM,PG,59,17,1464,14.6,.557,.239,.403,1.9,8.6,5.2,30.7,1.4,1.1,16.8,19.5,1.9,0.6,2.5,.082,-0.2,-1.3,-1.5,0.2
2020,155,teaguje01,31,MIN,PG,34,13,945,15.9,.578,.269,.444,1.6,8.5,4.9,32.5,1.2,1.1,16.4,20.2,1.7,0.4,2.1,.108,0.6,-1.2,-0.6,0.3
2020,155,teaguje01,31,ATL,PG,25,4,519,12.2,.512,.182,.321,2.5,8.8,5.6,27.3,1.7,1.0,17.5,18.3,0.2,0.2,0.4,.035,-1.6,-1.5,-3.2,-0.2
2020,156,gayru01,33,SAS,PF,67,5,1461,15.4,.553,.369,.228,4.5,22.2,13.4,11.3,1.1,2.0,11.8,22.0,0.9,1.1,2.1,.068,0.0,-0.9,-0.8,0.4
2020,157,shamela01,22,LAC,SG,53,30,1452,8.5,.580,.757,.194,0.4,6.6,3.6,9.1,0.7,0.6,9.0,13.4,1.5,1.1,2.6,.086,-1.8,-0.3,-2.1,0.0
2020,158,russeda01,23,2TM,PG,45,45,1452,18.7,.556,.509,.235,1.2,12.3,6.6,35.2,1.6,0.8,13.6,31.5,1.1,0.7,1.8,.060,3.8,-1.9,1.9,1.4
2020,158,russeda01,23,GSW,PG,33,33,1060,19.1,.558,.506,.227,1.4,11.4,6.2,36.0,1.4,0.8,12.6,32.2,0.9,0.4,1.3,.058,4.5,-1.9,2.6,1.2
2020,158,russeda01,23,MIN,PG,12,12,392,17.6,.553,.521,.261,0.8,14.5,7.4,33.1,2.0,0.8,16.4,29.5,0.2,0.3,0.5,.064,1.8,-1.7,0.1,0.2
2020,159,simonan01,20,POR,SG,70,4,1449,9.0,.502,.422,.172,1.8,9.1,5.5,9.2,0.9,0.6,9.6,18.7,0.0,0.1,0.2,.005,-2.6,-1.9,-4.5,-0.9
2020,160,hachiru01,21,WAS,PF,48,48,1444,13.5,.535,.160,.257,5.7,17.0,11.1,8.8,1.2,0.5,8.0,19.0,1.3,0.5,1.8,.060,-1.2,-2.0,-3.2,-0.4
2020,161,harklma01,26,2TM,PF,62,48,1427,9.8,.572,.346,.233,4.1,13.3,8.8,6.4,1.9,2.1,14.5,10.7,0.8,1.9,2.7,.090,-2.6,1.9,-0.7,0.5
2020,161,harklma01,26,LAC,PF,50,38,1141,9.7,.584,.336,.194,4.4,13.6,9.1,5.5,2.0,2.3,16.3,10.3,0.5,1.7,2.3,.095,-2.5,2.4,0.0,0.6
2020,161,harklma01,26,NYK,SF,12,10,286,10.1,.536,.379,.364,2.9,12.3,7.5,9.7,1.5,1.0,8.4,12.4,0.2,0.2,0.4,.069,-3.2,-0.3,-3.5,-0.1
2020,162,leeda03,27,GSW,SG,49,36,1423,12.7,.548,.468,.247,2.4,16.3,9.1,14.4,1.7,0.4,10.6,19.0,0.9,0.8,1.7,.058,-1.5,-0.8,-2.3,-0.1
2020,163,augusdj01,32,ORL,PG,57,13,1420,14.0,.554,.436,.393,1.6,7.8,4.6,26.8,1.2,0.1,13.7,19.1,2.0,0.9,2.9,.098,-0.3,-1.3,-1.6,0.2
2020,164,georgpa01,29,LAC,SF,48,48,1419,21.1,.589,.487,.277,1.8,17.7,10.0,21.1,2.3,1.2,12.5,29.6,2.5,2.3,4.8,.161,3.8,1.1,4.9,2.5
2020,165,robinmi01,21,NYK,C,61,7,1412,23.5,.726,.000,.434,13.7,18.8,16.2,3.9,1.8,8.0,8.3,13.3,4.8,2.0,6.8,.230,1.6,1.4,2.9,1.8
2020,166,portibo01,24,NYK,PF,66,5,1393,14.6,.530,.317,.158,6.0,20.4,12.9,11.1,1.1,1.2,10.4,21.4,0.9,1.0,1.9,.064,0.0,-1.1,-1.1,0.3
2020,167,jonesde02,22,MIA,SF,59,16,1375,14.9,.620,.378,.352,5.6,13.1,9.5,6.7,2.1,2.7,6.9,13.9,2.6,1.8,4.4,.153,-0.3,1.1,0.7,1.0
2020,168,mcderdo01,28,IND,PF,69,0,1372,14.4,.620,.537,.106,2.1,11.7,7.0,8.4,0.4,0.3,6.8,19.6,2.3,1.1,3.3,.117,1.4,-1.3,0.0,0.7
2020,169,wanambr01,30,BOS,PG,71,1,1369,12.8,.577,.282,.376,1.7,9.4,5.6,17.8,2.2,0.9,15.3,15.5,1.8,1.8,3.5,.124,-1.9,1.3,-0.6,0.5
2020,170,conlemi01,32,UTA,PG,47,41,1363,14.1,.537,.451,.245,2.8,9.2,6.1,23.1,1.3,0.3,12.8,23.1,1.4,1.1,2.5,.089,0.7,-0.4,0.3,0.8
2020,171,collijo01,22,ATL,PF,41,41,1363,23.5,.659,.243,.248,9.0,24.0,16.4,7.6,1.1,4.1,10.1,22.7,3.8,1.2,4.9,.174,3.7,-0.6,3.1,1.7
2020,172,napiesh01,28,2TM,PG,56,32,1344,13.8,.552,.526,.336,2.0,10.9,6.3,27.8,2.4,0.7,19.7,20.0,0.8,0.9,1.7,.059,-0.7,-0.4,-1.1,0.3
2020,172,napiesh01,28,MIN,PG,36,22,856,13.9,.539,.562,.311,2.0,11.9,6.8,31.3,2.2,0.7,19.1,19.1,0.6,0.6,1.3,.071,-0.6,-0.2,-0.8,0.3
2020,172,napiesh01,28,WAS,PG,20,10,488,13.6,.573,.468,.376,1.9,9.1,5.4,21.7,2.8,0.7,20.5,21.6,0.1,0.3,0.4,.039,-0.9,-0.7,-1.6,0.0
2020,173,beverpa01,31,LAC,PG,51,50,1342,12.5,.560,.604,.138,4.5,15.8,10.3,18.2,1.9,1.6,15.4,13.3,1.6,2.0,3.6,.128,-0.3,2.5,2.2,1.4
2020,174,zelleco01,27,CHO,C,58,39,1341,18.8,.576,.157,.374,12.6,21.2,16.7,11.3,1.5,1.7,11.9,20.8,2.3,1.3,3.6,.129,0.2,-0.8,-0.6,0.5
2020,175,trentga02,21,POR,SF,61,8,1332,12.9,.587,.608,.102,2.0,5.8,3.9,6.3,1.7,1.0,4.4,15.3,2.2,0.3,2.5,.089,0.5,-0.8,-0.3,0.6
2020,176,anderky01,26,MEM,SF,67,28,1330,12.5,.534,.257,.236,4.7,17.6,11.3,15.9,1.9,2.4,15.3,13.5,0.9,1.7,2.5,.091,-1.5,2.0,0.5,0.9
2020,177,leverca01,25,BRK,SG,45,31,1330,16.1,.514,.301,.269,3.9,10.7,7.4,25.0,1.9,0.6,12.6,29.5,0.1,1.4,1.5,.055,0.6,-0.9,-0.3,0.5
2020,178,zubaciv01,22,LAC,C,72,70,1326,21.7,.651,.005,.431,15.9,26.4,21.3,9.1,0.6,4.4,11.8,16.4,4.4,2.3,6.6,.241,1.9,0.9,2.8,1.6
2020,179,mccontj01,27,IND,PG,71,3,1326,16.5,.540,.041,.102,3.2,12.4,7.8,37.6,2.0,0.7,18.9,17.5,1.7,1.7,3.3,.121,0.1,0.4,0.5,0.8
2020,180,woodch01,24,DET,PF,62,12,1325,23.2,.659,.276,.476,8.8,24.8,16.7,7.6,1.3,3.4,12.0,23.0,3.6,1.5,5.1,.183,3.5,-0.3,3.1,1.7
2020,181,greenja01,29,LAC,PF,63,1,1307,11.1,.576,.676,.136,6.3,24.1,15.4,5.0,1.0,1.6,12.6,13.7,1.1,2.0,3.1,.115,-1.2,0.7,-0.5,0.5
2020,182,howardw01,34,LAL,C,69,2,1306,18.7,.696,.018,.773,14.6,27.8,21.2,4.8,1.1,5.4,18.5,14.7,2.8,2.6,5.4,.197,-1.0,1.2,0.2,0.7
2020,183,olynyke01,28,MIA,C,67,9,1300,14.6,.621,.588,.251,3.9,21.6,13.1,13.3,1.7,1.8,13.8,17.4,1.9,1.8,3.7,.135,0.0,1.0,1.0,1.0
2020,184,clarkbr01,23,MEM,PF,58,4,1300,20.9,.663,.134,.234,7.6,20.1,14.0,9.5,1.1,3.2,9.4,18.7,3.4,1.6,5.0,.183,2.4,0.7,3.1,1.7
2020,185,rosede01,31,DET,PG,50,15,1298,21.0,.555,.195,.185,2.3,8.3,5.3,40.5,1.5,1.0,13.4,31.6,1.8,0.7,2.5,.092,3.9,-1.7,2.2,1.4
2020,186,lambje01,27,IND,SG,46,42,1291,14.0,.547,.330,.230,2.1,14.8,8.5,10.5,2.1,1.5,8.7,19.6,0.9,1.8,2.7,.099,-1.1,0.8,-0.4,0.5
2020,187,thybuma01,22,PHI,SG,65,14,1287,10.0,.539,.592,.155,3.8,5.4,4.6,8.0,3.5,3.1,15.3,11.2,0.3,2.0,2.3,.086,-2.8,3.1,0.3,0.8
2020,188,capelca01,25,HOU,C,39,39,1279,20.6,.626,.000,.268,13.6,30.5,22.0,5.7,1.2,4.8,12.7,16.1,2.8,2.1,4.9,.184,1.0,0.4,1.4,1.1
2020,189,poolejo01,20,GSW,SG,57,14,1274,7.2,.454,.528,.237,0.7,9.6,5.0,15.8,1.3,0.7,11.8,21.1,-1.6,0.4,-1.2,-0.047,-4.4,-2.2,-6.6,-1.5
2020,190,lylestr01,24,SAS,PF,63,53,1271,12.6,.557,.490,.131,6.0,24.6,15.3,7.2,1.1,1.9,9.7,13.6,1.2,1.0,2.2,.083,-0.5,-0.7,-1.2,0.3
2020,191,hillge01,33,MIL,PG,59,2,1271,16.9,.659,.468,.269,4.1,9.3,6.9,19.0,1.7,0.3,11.9,15.5,3.5,2.1,5.5,.210,1.6,1.3,2.9,1.6
2020,192,dunnkr01,25,CHI,PG,51,32,1269,12.1,.510,.327,.158,1.9,14.9,8.1,19.4,3.8,1.3,15.7,14.6,0.3,2.0,2.3,.085,-3.8,3.1,-0.6,0.4
2020,193,mykhasv01,22,DET,SF,56,27,1265,11.2,.578,.704,.173,1.5,7.9,4.7,12.3,1.6,0.3,12.3,17.1,1.0,0.6,1.6,.060,-0.7,-1.2,-1.9,0.0
2020,194,ennisja01,29,2TM,SG,69,18,1265,11.5,.565,.471,.273,6.1,15.3,10.6,7.0,1.3,1.5,12.6,15.7,1.0,1.4,2.4,.090,-2.2,-0.4,-2.6,-0.2
2020,194,ennisja01,29,PHI,SF,49,0,776,12.3,.564,.469,.270,6.8,14.5,10.7,7.3,1.4,1.5,10.9,15.7,0.9,0.9,1.7,.106,-1.5,0.0,-1.5,0.1
2020,194,ennisja01,29,ORL,SG,20,18,489,10.3,.566,.474,.278,4.9,16.4,10.5,6.5,1.2,1.5,15.3,15.6,0.2,0.5,0.7,.064,-3.3,-1.1,-4.4,-0.3
2020,195,fergute01,21,OKC,SF,56,38,1257,3.7,.481,.764,.091,2.1,4.4,3.3,5.3,1.0,1.2,11.9,9.1,-0.3,0.9,0.6,.021,-4.8,0.3,-4.5,-0.8
2020,196,cartewe01,20,CHI,C,43,43,1256,15.5,.590,.085,.443,11.6,24.6,17.8,6.0,1.3,2.7,14.9,16.4,1.7,1.6,3.3,.127,-2.1,-0.3,-2.4,-0.1
2020,197,johnsca02,23,PHO,PF,57,9,1255,12.9,.586,.672,.141,4.3,12.4,8.3,7.7,1.4,1.4,6.9,15.7,1.7,1.0,2.7,.102,0.8,-0.4,0.3,0.7
2020,198,bongais01,20,WAS,SF,66,49,1250,10.2,.608,.303,.363,6.0,13.8,9.7,7.9,1.7,1.5,17.6,11.0,1.2,0.6,1.8,.068,-2.7,-0.1,-2.8,-0.3
2020,199,paytoel01,25,NYK,PG,45,36,1246,16.0,.470,.157,.195,4.3,14.1,9.1,38.6,2.7,1.3,16.7,19.5,0.5,1.2,1.7,.065,-0.4,0.4,0.0,0.6
2020,200,connapa01,27,MIL,SG,67,4,1243,11.5,.565,.551,.133,5.1,16.8,11.3,10.9,0.9,2.2,14.0,12.3,1.1,2.3,3.4,.130,-0.9,1.5,0.6,0.8
2020,201,favorde01,28,NOP,C,51,49,1243,18.5,.620,.021,.209,13.9,28.9,21.4,9.2,1.1,3.1,12.9,14.0,2.6,1.6,4.2,.162,0.7,0.3,1.0,0.9
2020,202,holmeri01,26,SAC,C,44,38,1242,19.7,.681,.000,.343,11.2,21.5,16.2,5.1,1.6,4.3,11.6,15.6,3.4,1.5,4.9,.190,0.3,0.7,1.0,0.9
2020,203,millspa01,34,DEN,PF,51,48,1240,16.9,.591,.283,.322,8.9,17.6,13.2,9.6,1.8,2.2,12.3,20.0,2.1,1.4,3.5,.136,0.3,-0.2,0.1,0.7
2020,204,aytonde01,21,PHO,C,38,32,1236,20.0,.568,.023,.157,13.0,26.3,19.6,9.7,1.0,4.1,11.6,23.7,1.5,1.6,3.1,.121,0.8,-0.4,0.4,0.7
2020,205,jordade01,31,BRK,C,56,6,1234,19.9,.682,.000,.425,12.1,34.5,23.5,12.6,0.7,3.5,17.8,14.1,3.0,2.2,5.2,.200,1.2,1.8,3.0,1.5
2020,206,jonesty01,23,MEM,PG,65,6,1232,15.7,.532,.289,.135,0.8,7.9,4.4,32.0,2.2,0.4,10.8,17.2,1.9,1.1,3.0,.117,0.4,0.2,0.6,0.8
2020,207,greendr01,29,GSW,PF,43,43,1222,12.5,.489,.408,.263,2.0,22.3,11.8,31.2,2.3,2.4,21.8,15.7,-0.2,1.3,1.1,.044,-2.1,1.9,-0.2,0.5
2020,208,daviste02,22,TOR,SG,72,4,1209,13.8,.588,.555,.135,4.5,16.0,10.3,14.2,1.5,1.1,14.1,19.0,1.2,1.9,3.1,.122,0.1,0.7,0.8,0.8
2020,209,beaslma01,23,2TM,SG,55,14,1209,12.7,.546,.517,.124,1.6,11.9,6.7,9.4,1.6,0.6,9.2,21.8,0.4,0.8,1.2,.049,-0.7,-1.4,-2.1,0.0
2020,209,beaslma01,23,DEN,SG,41,0,746,10.5,.511,.535,.126,1.4,10.2,5.8,9.1,2.1,0.7,10.2,20.6,-0.2,0.6,0.5,.030,-2.2,-0.7,-2.9,-0.2
2020,209,beaslma01,23,MIN,SG,14,14,463,16.2,.591,.494,.120,2.0,14.7,8.1,9.8,0.9,0.4,7.9,23.7,0.5,0.2,0.8,.079,1.7,-2.4,-0.7,0.2
2020,210,scottmi01,31,PHI,PF,68,11,1207,11.2,.557,.620,.106,5.9,16.8,11.3,6.4,0.8,0.4,6.6,14.0,1.4,1.1,2.5,.100,-0.7,-1.1,-1.8,0.1
2020,211,chrisma01,22,GSW,PF,59,21,1196,19.5,.604,.101,.405,10.0,23.6,16.5,15.3,1.6,4.7,14.7,19.0,2.1,1.3,3.4,.136,0.0,0.6,0.6,0.8
2020,212,ntilila01,21,NYK,PG,57,26,1187,9.8,.497,.411,.177,2.0,9.1,5.4,20.2,2.2,1.3,16.5,15.4,0.1,0.8,0.9,.037,-3.6,0.4,-3.2,-0.4
2020,213,townska01,24,MIN,C,35,35,1187,26.5,.642,.445,.363,8.1,26.1,16.8,22.8,1.3,2.9,13.2,28.8,3.7,1.3,5.1,.204,7.0,0.8,7.8,2.9
2020,214,morrima02,30,2TM,PF,58,17,1187,12.5,.565,.498,.186,3.8,17.1,10.3,10.1,1.3,1.2,13.3,20.9,0.5,1.0,1.4,.058,-1.1,-0.9,-2.0,0.0
2020,214,morrima02,30,DET,PF,44,16,988,12.7,.573,.486,.203,2.7,17.3,9.9,11.0,1.3,0.9,14.2,21.8,0.3,0.7,1.0,.049,-1.1,-1.0,-2.1,0.0
2020,214,morrima02,30,LAL,PF,14,1,199,11.5,.516,.565,.087,8.9,15.8,12.4,5.4,1.2,2.7,7.7,16.5,0.2,0.3,0.4,.106,-1.3,-0.1,-1.4,0.0
2020,215,bradlav01,29,LAL,SG,49,44,1186,8.9,.537,.452,.063,1.7,8.9,5.3,7.2,1.7,0.4,10.7,15.7,0.2,1.4,1.5,.062,-3.0,0.5,-2.5,-0.2
2020,216,carusal01,25,LAL,PG,64,2,1175,10.8,.525,.412,.323,1.6,9.8,5.7,13.6,2.8,1.4,13.8,13.8,0.5,1.8,2.3,.095,-2.6,2.4,-0.2,0.5
2020,217,poeltja01,24,SAS,C,66,18,1171,19.1,.612,.000,.323,12.1,22.5,17.3,13.6,1.5,7.1,15.1,13.2,2.4,1.6,4.0,.163,0.5,2.0,2.5,1.3
2020,218,monkma01,21,CHO,SG,55,1,1169,12.6,.530,.418,.205,2.4,12.6,7.3,16.6,1.1,1.3,12.6,22.9,0.1,0.6,0.7,.028,-1.1,-1.3,-2.3,-0.1
2020,219,meltode01,21,MEM,PG,60,8,1167,13.5,.501,.349,.302,4.0,15.7,9.9,20.1,3.1,1.5,15.6,19.2,0.1,1.7,1.7,.072,-2.2,2.0,-0.2,0.5
2020,220,knoxke01,20,NYK,SF,65,4,1166,8.3,.470,.496,.252,2.5,14.7,8.4,7.4,1.0,2.3,9.2,17.8,-0.5,0.7,0.2,.007,-3.1,-1.1,-4.2,-0.7
2020,221,porteke02,19,CLE,SF,50,3,1162,10.8,.535,.375,.240,2.1,13.5,7.7,13.9,1.9,1.0,16.7,20.5,-0.3,0.6,0.3,.012,-3.2,-0.6,-3.8,-0.5
2020,222,gasolma01,35,TOR,C,44,43,1161,11.8,.551,.530,.176,2.9,21.7,12.5,17.3,1.4,3.2,16.4,13.2,0.8,2.2,3.0,.124,-1.2,2.8,1.6,1.1
2020,223,bryanth01,22,WAS,C,46,36,1147,21.1,.649,.218,.278,9.0,23.1,15.8,11.1,1.0,3.7,10.2,18.9,3.1,0.8,3.9,.164,2.9,-0.7,2.2,1.2
2020,224,mcgeeja01,32,LAL,C,68,68,1130,19.4,.652,.020,.268,12.2,25.4,18.9,4.6,1.5,7.5,13.9,14.8,2.2,2.4,4.7,.198,-0.6,2.1,1.5,1.0
2020,225,bazleda01,19,OKC,PF,61,9,1130,9.6,.497,.445,.196,3.0,20.5,12.0,5.1,1.0,3.1,11.6,15.1,-0.5,1.5,1.0,.041,-2.1,0.5,-1.6,0.1
2020,226,willima02,33,2TM,PF,58,1,1129,11.2,.587,.584,.213,2.8,14.3,8.5,7.6,1.6,2.4,10.2,12.5,1.1,1.3,2.4,.102,-1.6,1.0,-0.6,0.4
2020,226,willima02,33,CHO,PF,41,1,808,11.8,.593,.557,.238,2.0,13.2,7.4,7.8,1.6,2.5,9.7,14.0,0.8,0.6,1.5,.087,-1.6,0.4,-1.3,0.1
2020,226,willima02,33,MIL,PF,17,0,321,9.8,.566,.684,.123,4.9,17.1,11.4,7.2,1.4,2.2,11.8,8.7,0.3,0.6,0.9,.139,-1.6,2.5,0.9,0.2
2020,227,noelne01,25,OKC,C,61,7,1127,20.4,.711,.011,.394,9.2,19.9,14.7,7.6,2.5,6.9,17.3,14.9,2.6,2.3,4.9,.209,-0.3,3.4,3.1,1.5
2020,228,holliro01,25,TOR,PF,60,6,1122,15.1,.533,.070,.435,10.6,15.9,13.3,13.6,2.0,2.0,13.1,17.2,1.4,2.0,3.4,.146,-1.2,1.5,0.3,0.6
2020,229,caulewi01,26,2TM,C,54,39,1097,17.0,.589,.003,.219,8.0,23.3,15.5,9.9,2.1,5.0,10.8,14.4,1.5,1.5,2.9,.128,-1.2,1.7,0.5,0.7
2020,229,caulewi01,26,GSW,C,41,37,940,16.2,.573,.000,.222,7.9,22.0,14.7,9.9,2.3,4.8,11.0,14.4,1.0,1.2,2.2,.113,-1.6,1.6,0.0,0.5
2020,229,caulewi01,26,DAL,C,13,2,157,22.2,.684,.022,.200,8.8,31.0,20.1,9.6,1.2,6.0,9.3,14.7,0.5,0.3,0.7,.222,0.9,2.2,3.1,0.2
2020,230,dienggo01,30,2TM,C,63,17,1096,17.1,.568,.418,.277,8.5,25.8,17.0,9.7,2.2,4.5,12.8,17.6,1.3,1.7,2.9,.129,-0.2,1.8,1.5,1.0
2020,230,dienggo01,30,MIN,C,46,17,778,17.8,.563,.433,.213,9.5,25.8,17.4,11.1,2.2,4.5,12.7,18.4,0.9,1.1,2.1,.129,0.3,1.5,1.8,0.7
2020,230,dienggo01,30,MEM,C,17,0,318,15.5,.583,.368,.483,6.1,26.0,16.2,6.3,2.1,4.7,13.2,15.9,0.3,0.6,0.9,.130,-1.5,2.5,1.0,0.2
2020,231,hillso01,28,2TM,PF,59,4,1088,9.8,.535,.615,.194,2.9,13.0,8.1,12.4,1.9,1.0,14.5,13.6,0.4,1.1,1.4,.064,-2.0,0.3,-1.7,0.1
2020,231,hillso01,28,MEM,PF,48,3,901,10.2,.549,.631,.163,2.9,13.8,8.4,13.4,1.6,0.7,13.8,13.4,0.5,0.8,1.4,.072,-1.6,0.2,-1.4,0.1
2020,231,hillso01,28,MIA,PF,11,1,187,8.1,.471,.533,.356,3.1,9.2,6.3,7.3,3.1,2.7,17.4,14.8,-0.2,0.3,0.1,.023,-3.7,0.8,-2.8,0.0
2020,232,hayesja02,19,NOP,C,64,14,1080,17.6,.689,.015,.734,9.5,16.0,12.7,7.2,1.1,4.3,13.4,15.0,2.8,1.1,3.9,.171,-0.9,0.6,-0.3,0.5
2020,233,craigto01,29,DEN,SF,58,27,1072,10.8,.553,.513,.134,6.6,13.2,9.9,5.9,1.1,3.1,8.1,12.6,1.1,0.9,2.0,.091,-2.0,-0.3,-2.3,-0.1
2020,234,poweldw01,28,DAL,C,40,37,1061,15.9,.677,.170,.485,7.5,14.8,11.2,7.7,1.5,1.8,11.5,12.6,2.6,1.0,3.6,.162,0.4,0.9,1.3,0.9
2020,235,plumlma01,29,DEN,C,61,1,1057,18.8,.613,.017,.538,10.4,23.2,16.8,20.9,1.5,3.3,18.7,18.0,2.0,1.4,3.4,.153,0.3,1.7,2.0,1.1
2020,236,jacksju01,24,DAL,PF,65,3,1045,9.5,.496,.478,.147,2.7,12.6,7.7,6.8,0.7,0.8,3.7,15.4,0.6,0.6,1.2,.054,-2.1,-1.3,-3.4,-0.4
2020,237,willigr01,21,BOS,PF,69,5,1043,7.9,.505,.455,.256,6.1,12.1,9.1,8.5,1.4,3.2,17.6,11.6,0.1,1.4,1.6,.071,-4.1,1.4,-2.7,-0.2
2020,238,mellini01,29,NOP,C,60,8,1042,11.4,.556,.638,.226,3.9,14.5,9.2,10.5,1.5,1.8,11.5,15.7,0.9,0.9,1.8,.082,-1.5,0.2,-1.3,0.2
2020,239,leoname01,27,MIA,C,51,49,1034,10.6,.627,.547,.120,3.4,24.0,14.1,7.6,0.7,1.4,13.7,12.2,0.9,1.2,2.1,.096,-1.3,0.4,-0.9,0.3
2020,240,biyombi01,27,CHO,C,53,29,1029,16.1,.570,.000,.543,12.3,20.7,16.3,7.8,0.5,4.4,12.2,16.8,1.5,0.9,2.4,.113,-1.8,-0.7,-2.5,-0.1
2020,241,gibsota01,34,NYK,C,62,56,1025,16.1,.610,.049,.196,11.2,16.7,13.9,7.6,1.3,2.8,13.1,14.8,1.8,0.8,2.6,.120,-0.8,-0.3,-1.1,0.2
2020,242,brunsja01,23,DAL,PG,57,16,1022,14.9,.553,.309,.193,2.3,11.3,6.9,27.0,1.0,0.3,13.6,20.4,1.6,0.6,2.1,.101,0.1,-1.0,-0.9,0.3
2020,243,mooreet01,30,NOP,SG,56,6,1020,11.3,.510,.382,.103,3.2,10.4,6.8,11.0,1.5,0.9,8.1,19.9,0.3,0.7,0.9,.043,-1.9,-0.8,-2.7,-0.2
2020,244,gordoer01,31,HOU,SF,36,15,1016,10.3,.510,.654,.231,0.9,6.5,3.7,7.9,1.0,1.1,7.8,22.5,-0.1,0.6,0.5,.024,-1.8,-2.1,-3.9,-0.5
2020,245,bowmaky01,22,GSW,PG,45,12,1015,9.1,.494,.333,.128,2.5,10.7,6.5,19.4,2.1,0.9,17.1,17.2,-0.6,0.6,-0.1,-0.003,-4.0,-0.3,-4.3,-0.6
2020,246,ojelese01,25,BOS,PF,69,6,1011,7.7,.562,.648,.163,2.8,12.5,7.7,4.7,1.0,0.5,8.3,9.7,0.8,1.0,1.9,.088,-2.1,0.4,-1.7,0.1
2020,247,walkelo01,21,SAS,SG,61,12,988,10.5,.507,.283,.171,2.5,12.7,7.6,9.6,1.5,1.2,10.3,18.7,-0.2,0.6,0.3,.016,-2.5,-1.0,-3.5,-0.4
2020,248,ilyaser01,32,MIL,PF,63,8,986,14.9,.589,.438,.278,6.6,22.7,15.1,6.6,1.1,1.5,8.8,16.1,1.6,2.0,3.6,.174,-0.3,0.8,0.4,0.6
2020,249,rondora01,33,LAL,PG,48,3,984,12.4,.494,.381,.125,2.6,13.1,7.9,32.9,1.9,0.2,20.8,18.7,0.1,1.3,1.4,.068,-1.2,-0.1,-1.4,0.2
2020,250,kanteen01,27,BOS,C,58,7,983,22.4,.599,.020,.284,18.0,28.9,23.5,8.8,1.1,3.9,12.5,19.4,2.6,1.8,4.4,.214,1.8,-0.3,1.5,0.9
2020,251,isaacjo01,22,ORL,PF,34,32,980,17.3,.552,.283,.232,6.2,19.6,12.7,7.4,2.6,7.2,11.8,18.3,0.6,1.9,2.5,.120,-0.6,2.9,2.3,1.1
2020,252,robinje01,22,2TM,SG,63,6,979,7.4,.476,.494,.184,1.4,12.8,7.0,11.9,1.3,1.5,12.8,16.4,-0.6,0.8,0.2,.009,-3.8,-0.2,-3.9,-0.5
2020,252,robinje01,22,LAC,SG,42,1,476,4.8,.423,.493,.140,1.1,11.7,6.5,12.6,1.3,1.5,15.3,15.0,-0.6,0.6,0.0,-0.004,-5.3,0.6,-4.7,-0.3
2020,252,robinje01,22,WAS,SG,21,5,503,9.8,.516,.494,.218,1.7,13.8,7.5,11.3,1.4,1.6,10.8,17.7,0.0,0.2,0.2,.022,-2.3,-0.9,-3.2,-0.1
2020,253,lenal01,26,2TM,C,55,12,970,17.7,.600,.185,.329,11.1,25.2,18.0,7.9,1.1,4.3,13.1,18.1,1.5,1.0,2.5,.122,-0.5,-0.3,-0.7,0.3
2020,253,lenal01,26,ATL,C,40,9,745,17.5,.590,.215,.312,9.8,23.6,16.6,8.7,1.3,3.7,11.7,18.6,1.1,0.6,1.8,.113,-0.2,-0.2,-0.4,0.3
2020,253,lenal01,26,SAC,C,15,3,225,18.2,.640,.051,.407,15.1,30.8,22.8,5.2,0.6,6.4,18.7,16.5,0.4,0.3,0.7,.150,-1.3,-0.3,-1.6,0.0
2020,254,korveky01,38,MIL,SF,58,1,960,11.3,.620,.809,.140,1.6,10.4,6.3,9.2,1.2,1.1,13.4,15.4,0.9,1.5,2.5,.124,-0.6,0.7,0.1,0.5
2020,255,greenje02,33,2TM,C,48,4,960,13.7,.590,.532,.265,2.7,12.0,7.5,7.9,1.3,1.7,9.9,19.0,1.2,0.9,2.1,.104,0.0,-0.1,-0.1,0.5
2020,255,greenje02,33,UTA,PF,30,2,553,10.0,.523,.533,.323,2.9,12.9,8.1,5.2,1.1,1.5,10.8,19.7,0.0,0.5,0.5,.046,-1.9,-0.2,-2.1,0.0
2020,255,greenje02,33,HOU,C,18,2,407,18.6,.682,.530,.188,2.6,10.9,6.7,11.5,1.6,1.9,8.5,17.9,1.2,0.4,1.5,.183,2.5,0.1,2.6,0.5
2020,256,lopezro01,31,MIL,C,66,5,958,10.2,.554,.351,.177,6.2,10.2,8.3,6.3,0.5,4.1,16.4,16.6,-0.1,1.6,1.5,.077,-3.0,0.4,-2.6,-0.2
2020,257,iwundwe01,25,ORL,SF,52,21,953,10.3,.544,.352,.416,2.6,12.5,7.4,8.8,1.3,1.2,8.6,13.7,0.8,0.8,1.7,.084,-2.7,0.0,-2.6,-0.2
2020,258,carteje01,24,PHO,PG,58,2,945,11.3,.563,.601,.111,3.5,10.5,6.9,11.9,2.4,1.6,11.2,12.9,0.8,1.0,1.8,.093,-0.7,1.3,0.6,0.6
2020,259,baynear01,33,PHO,C,42,28,934,15.2,.581,.441,.197,8.3,20.0,14.1,10.9,0.5,2.1,10.8,21.1,1.3,0.8,2.1,.107,-0.2,-0.8,-1.0,0.2
2020,260,arcidry01,25,CHI,PG,58,4,930,9.0,.551,.627,.173,2.3,11.2,6.5,14.3,1.4,0.3,13.5,12.5,0.7,0.7,1.4,.071,-2.7,-0.1,-2.8,-0.2
2020,261,grahatr01,26,2TM,SF,55,20,929,6.6,.456,.496,.231,5.7,11.7,8.6,6.6,1.2,0.5,9.8,13.1,-0.2,0.4,0.2,.009,-4.5,-1.1,-5.6,-0.8
2020,261,grahatr01,26,MIN,SF,33,20,663,6.0,.447,.474,.211,4.5,11.7,8.0,6.1,1.2,0.3,9.0,13.1,-0.3,0.3,0.1,.004,-5.0,-0.8,-5.8,-0.6
2020,261,grahatr01,26,ATL,SF,22,0,266,8.0,.478,.552,.284,8.8,11.5,10.1,7.6,1.2,1.3,11.7,13.3,0.0,0.1,0.1,.022,-3.3,-1.7,-5.0,-0.2
2020,262,thomais02,30,WAS,PG,40,37,925,11.6,.531,.444,.178,1.2,7.0,4.0,23.4,0.7,0.6,14.4,24.1,0.1,-0.1,0.0,.002,-0.5,-3.9,-4.4,-0.5
2020,263,niangge01,26,UTA,PF,66,1,923,11.7,.589,.699,.075,1.9,12.9,7.6,7.0,0.9,0.4,8.3,17.2,1.0,0.8,1.8,.092,0.4,-0.5,-0.1,0.4
2020,264,birchkh01,27,ORL,C,48,24,922,11.7,.566,.007,.706,10.3,15.6,12.9,7.3,1.1,2.3,14.2,10.2,1.2,0.9,2.2,.112,-2.5,0.2,-2.4,-0.1
2020,265,kennalu01,23,DET,SG,28,25,922,14.4,.589,.535,.219,1.1,11.1,6.0,19.2,0.6,0.5,10.3,19.8,1.6,0.3,1.9,.100,1.1,-1.4,-0.3,0.4
2020,266,parkeja01,24,2TM,PF,38,23,917,18.0,.571,.277,.189,7.1,18.3,12.6,12.4,2.3,1.5,12.1,24.0,0.8,0.8,1.6,.083,0.6,-0.3,0.3,0.5
2020,266,parkeja01,24,ATL,PF,32,23,837,17.2,.565,.293,.183,6.9,17.9,12.3,11.6,2.3,1.5,12.4,24.0,0.5,0.7,1.2,.068,0.3,-0.3,0.0,0.4
2020,266,parkeja01,24,SAC,PF,6,0,80,26.5,.638,.111,.250,9.6,23.1,16.2,21.5,1.8,1.2,9.1,23.8,0.3,0.1,0.4,.234,3.5,-0.9,2.6,0.1
2020,267,bembrde01,25,ATL,SG,43,4,915,9.6,.500,.285,.211,3.9,14.1,8.9,12.3,2.8,1.7,19.4,14.0,-0.5,0.8,0.2,.012,-3.5,1.1,-2.5,-0.1
2020,268,mccawpa01,24,TOR,SF,37,12,908,7.3,.500,.438,.111,2.3,7.6,5.0,11.5,2.0,0.4,14.6,9.4,0.2,1.2,1.4,.075,-3.6,1.8,-1.8,0.0
2020,269,portemi01,21,DEN,SF,55,8,903,19.8,.617,.384,.188,8.2,23.9,16.1,7.9,1.5,2.6,10.6,22.3,1.8,1.1,2.9,.154,2.4,-0.8,1.5,0.8
2020,270,martico01,24,CHO,SF,48,3,903,10.5,.505,.372,.314,4.4,15.1,9.6,15.7,2.2,0.9,15.7,13.6,0.2,0.8,1.0,.052,-3.1,1.0,-2.1,0.0
2020,271,diallha01,21,OKC,SF,46,3,896,9.3,.491,.193,.213,5.6,14.7,10.3,5.9,2.0,0.9,13.6,18.4,-0.7,1.1,0.4,.022,-4.2,0.3,-3.9,-0.4
2020,272,jonesda03,24,ATL,C,55,27,887,15.6,.712,.051,.472,8.9,16.2,12.5,5.6,1.4,3.8,11.5,11.4,2.2,0.6,2.8,.152,-1.6,0.1,-1.5,0.1
2020,273,spellom01,22,GSW,C,49,3,886,14.4,.551,.373,.312,9.1,18.0,13.4,8.1,1.8,2.4,13.9,18.8,0.5,0.7,1.2,.066,-0.8,-1.0,-1.8,0.1
2020,274,belinma01,33,SAS,SG,57,0,883,10.8,.532,.567,.185,0.9,11.2,6.0,10.7,0.6,0.1,5.3,17.5,0.7,0.2,0.8,.046,-0.7,-2.0,-2.7,-0.2
2020,275,bambamo01,21,ORL,C,62,0,878,17.5,.542,.374,.161,11.9,25.6,18.5,7.2,1.3,8.8,12.1,17.1,0.8,1.7,2.5,.135,-1.2,1.6,0.4,0.5
2020,276,cartevi01,43,ATL,PF,60,0,876,7.5,.470,.664,.095,2.2,13.2,7.6,7.7,1.2,2.4,9.4,16.6,-0.6,0.4,-0.2,-0.011,-3.1,-1.2,-4.3,-0.5
2020,277,tollian01,34,3TM,PF,55,13,872,7.0,.513,.797,.159,4.1,14.3,9.3,6.0,1.0,1.1,14.9,11.1,0.0,0.4,0.5,.026,-2.7,-0.5,-3.2,-0.3
2020,277,tollian01,34,POR,PF,33,9,554,7.5,.515,.761,.162,5.2,15.5,10.4,6.6,0.7,1.4,14.3,11.2,0.2,0.2,0.4,.031,-2.3,-0.9,-3.3,-0.2
2020,277,tollian01,34,SAC,PF,9,0,82,0.2,.252,.882,.118,2.7,12.7,7.6,4.5,2.4,1.2,18.3,11.6,-0.2,0.1,-0.2,-0.100,-7.8,-1.0,-8.8,-0.1
2020,277,tollian01,34,MEM,PF,13,4,236,8.0,.602,.854,.167,2.3,12.3,7.4,5.3,1.4,0.4,14.9,10.7,0.1,0.2,0.3,.061,-1.8,0.6,-1.2,0.0
2020,278,mcgruro01,28,LAC,SG,56,4,871,6.7,.477,.492,.188,3.6,14.2,9.0,5.3,1.4,0.8,10.9,10.6,-0.1,1.1,1.0,.055,-3.7,0.8,-3.0,-0.2
2020,279,hezonma01,24,POR,PF,53,4,871,9.5,.525,.358,.271,3.6,18.3,11.0,7.5,2.0,0.9,14.7,13.9,0.1,0.6,0.8,.043,-3.1,0.2,-2.9,-0.2
2020,280,naderab01,26,OKC,SF,55,6,867,11.3,.591,.487,.251,1.8,10.6,6.4,6.4,1.3,2.0,12.8,17.0,0.5,0.9,1.3,.074,-1.2,0.2,-1.0,0.2
2020,281,luwawti01,24,BRK,SF,47,2,853,11.0,.599,.595,.301,3.6,11.6,7.7,4.9,1.0,0.7,10.8,16.8,0.9,0.7,1.7,.095,-1.8,-0.5,-2.2,-0.1
2020,282,mudiaem01,23,UTA,PG,54,2,850,13.0,.543,.266,.254,2.4,13.5,8.2,20.9,1.4,1.0,17.3,22.6,0.1,0.9,1.0,.057,-1.8,-0.1,-1.9,0.0
2020,283,dotsoda01,25,NYK,SG,48,0,836,10.9,.527,.562,.114,1.2,10.6,5.8,10.0,1.3,0.5,6.5,16.5,0.6,0.4,0.9,.053,-0.9,-0.5,-1.4,0.1
2020,284,wagnemo01,22,WAS,C,45,5,835,15.1,.638,.301,.357,7.0,22.2,14.3,9.8,1.6,2.0,17.7,18.6,1.1,0.6,1.7,.099,-2.0,-0.3,-2.3,-0.1
2020,285,cartemi01,28,ORL,SG,45,0,833,15.3,.535,.288,.365,5.8,13.5,9.5,19.1,2.9,2.4,14.7,18.3,0.7,1.2,1.9,.111,-1.5,1.6,0.1,0.5
2020,286,hernaju01,24,2TM,PF,48,14,833,10.4,.518,.522,.287,5.6,20.5,12.8,6.6,1.1,1.0,10.3,15.7,0.2,0.7,0.9,.052,-2.2,-1.1,-3.4,-0.3
2020,286,hernaju01,24,DEN,PF,34,0,422,6.9,.442,.545,.227,6.4,18.8,12.6,6.7,0.6,1.1,12.9,14.3,-0.2,0.3,0.1,.007,-4.0,-1.2,-5.2,-0.3
2020,286,hernaju01,24,MIN,PF,14,14,411,14.1,.576,.504,.336,4.7,22.1,13.1,6.4,1.6,0.8,8.2,17.1,0.5,0.4,0.8,.098,-0.4,-1.0,-1.5,0.1
2020,287,willike04,25,NOP,PF,39,18,832,7.5,.429,.660,.177,6.5,17.3,11.9,8.4,1.5,2.1,12.2,8.9,0.1,0.8,0.9,.050,-3.4,0.9,-2.4,-0.1
2020,288,dellama01,29,CLE,PG,57,4,821,8.1,.463,.520,.211,2.4,7.8,5.1,29.0,1.2,0.2,23.6,13.0,0.1,0.1,0.2,.011,-3.6,-1.6,-5.2,-0.7
2020,289,dortlu01,20,OKC,SF,36,28,820,7.6,.506,.463,.243,3.3,7.5,5.5,4.6,1.8,0.4,8.4,14.1,0.1,0.8,0.8,.049,-4.1,0.4,-3.7,-0.4
2020,290,bouchch01,27,TOR,C,62,0,819,20.7,.587,.395,.388,14.1,21.4,17.9,4.8,1.3,7.3,7.4,19.7,2.1,1.8,3.8,.224,1.0,1.0,2.0,0.8
2020,291,mahinia01,33,WAS,C,38,35,808,14.2,.545,.124,.538,10.1,19.7,14.7,8.3,1.8,4.8,14.8,15.7,0.7,0.7,1.4,.083,-2.8,0.0,-2.7,-0.2
2020,292,miltosh01,23,PHI,SG,40,24,805,14.4,.617,.487,.235,2.1,10.0,6.0,18.8,1.2,0.7,13.3,18.9,1.4,0.7,2.1,.126,0.0,-1.0,-1.0,0.2
2020,293,jacksfr01,21,NOP,PG,59,2,797,9.1,.510,.435,.227,2.9,8.1,5.5,10.8,1.0,0.4,11.9,21.2,-0.2,0.3,0.2,.010,-3.3,-2.2,-5.5,-0.7
2020,294,mcraejo01,28,3TM,SG,37,4,784,14.2,.515,.344,.298,2.4,15.4,8.7,17.9,1.3,1.8,9.4,24.4,0.4,0.4,0.7,.044,0.0,-1.5,-1.5,0.1
2020,294,mcraejo01,28,WAS,SG,29,4,654,15.2,.523,.334,.262,2.7,15.1,8.7,19.1,1.4,2.0,9.7,24.9,0.4,0.3,0.7,.051,0.8,-1.2,-0.4,0.3
2020,294,mcraejo01,28,DEN,SG,4,0,32,16.7,.580,.667,.667,3.5,14.0,8.8,15.6,3.1,2.9,0.0,10.5,0.1,0.0,0.1,.201,1.1,1.4,2.5,0.0
2020,294,mcraejo01,28,DET,SG,4,0,98,6.5,.446,.372,.512,0.0,17.6,8.7,10.7,0.0,0.0,8.7,25.7,-0.1,0.0,-0.1,-0.053,-5.6,-4.2,-9.8,-0.2
2020,295,kaminfr01,26,PHO,C,39,13,777,14.2,.545,.404,.293,4.9,20.4,12.6,14.3,0.9,1.1,9.6,21.0,0.7,0.7,1.4,.087,-0.1,-0.4,-0.5,0.3
2020,296,makerth01,22,DET,C,60,14,776,13.7,.582,.332,.570,7.8,16.7,12.2,8.0,1.6,4.2,15.7,16.1,0.7,0.8,1.5,.096,-2.1,0.7,-1.4,0.1
2020,297,pattepa01,30,LAC,PF,59,18,776,11.5,.580,.738,.185,4.8,15.1,10.1,7.2,0.4,0.3,7.7,14.7,1.1,0.8,1.9,.118,0.8,-0.5,0.3,0.5
2020,298,dedmode01,30,2TM,C,44,18,774,9.4,.473,.420,.141,8.5,27.6,17.8,4.0,1.5,4.8,17.4,18.1,-1.0,1.0,0.1,.005,-5.8,0.0,-5.8,-0.7
2020,298,dedmode01,30,SAC,C,34,10,541,8.5,.477,.415,.164,9.3,25.8,17.4,3.9,1.3,4.6,20.4,18.5,-0.8,0.7,-0.1,-0.007,-6.3,-0.1,-6.4,-0.6
2020,298,dedmode01,30,ATL,C,10,8,233,11.4,.463,.429,.095,6.4,31.8,18.9,4.3,2.0,5.4,10.3,17.4,-0.2,0.3,0.2,.032,-4.6,0.1,-4.5,-0.1
2020,299,brownst02,24,MIL,SF,52,1,767,9.5,.486,.531,.156,4.3,18.5,11.8,8.6,1.7,0.8,13.3,17.0,-0.4,1.5,1.1,.070,-3.0,1.0,-2.0,0.0
2020,300,doumbse01,19,DET,PF,38,19,754,6.2,.474,.415,.195,3.0,14.9,8.9,3.6,1.3,0.9,12.0,16.9,-0.8,0.5,-0.3,-0.020,-5.2,-1.4,-6.7,-0.9
2020,301,bateske01,24,2TM,SF,44,0,744,12.4,.539,.440,.321,3.5,15.1,9.1,5.8,1.2,2.7,6.0,15.8,0.6,0.6,1.2,.078,-1.0,-0.4,-1.4,0.1
2020,301,bateske01,24,MIN,PF,37,0,646,12.5,.535,.456,.316,3.3,15.1,9.0,6.7,1.2,2.6,5.6,15.8,0.6,0.5,1.0,.077,-0.8,-0.1,-0.9,0.2
2020,301,bateske01,24,DEN,SF,7,0,98,12.1,.571,.321,.357,4.6,14.8,9.7,0.0,1.0,3.8,8.5,15.7,0.1,0.1,0.2,.084,-2.2,-2.8,-5.0,-0.1
2020,302,jacksre01,29,2TM,PG,31,16,743,13.7,.529,.445,.166,2.5,10.8,6.7,26.2,0.8,0.6,12.7,23.1,0.6,0.5,1.1,.073,0.8,-1.2,-0.4,0.3
2020,302,jacksre01,29,DET,PG,14,10,381,14.7,.492,.414,.167,3.2,9.1,6.1,30.8,1.0,0.2,9.8,27.0,0.2,0.1,0.4,.047,1.7,-2.2,-0.5,0.1
2020,302,jacksre01,29,LAC,PG,17,6,362,12.6,.587,.492,.164,1.8,12.6,7.3,21.3,0.7,1.0,16.9,19.1,0.4,0.4,0.8,.100,-0.1,-0.2,-0.3,0.2
2020,303,chandwi01,32,BRK,PF,35,3,734,7.4,.531,.661,.126,1.6,18.5,10.2,7.3,1.0,1.4,15.0,12.9,-0.1,0.9,0.7,.046,-3.7,1.0,-2.7,-0.1
2020,304,okoboel01,22,PHO,PG,55,3,719,10.6,.516,.392,.392,2.4,11.6,6.9,21.2,1.6,0.5,15.2,14.8,0.5,0.5,1.0,.067,-1.9,0.0,-1.9,0.0
2020,305,allengr01,24,MEM,SG,38,0,718,12.0,.609,.562,.179,1.2,11.1,6.2,10.0,0.7,0.2,10.9,17.6,0.8,0.4,1.2,.082,-0.1,-1.2,-1.3,0.1
2020,306,fernabr01,21,ATL,C,56,13,713,11.9,.542,.186,.256,10.0,20.0,15.0,9.9,1.2,2.0,15.9,15.3,0.4,0.4,0.8,.055,-3.2,-0.9,-4.1,-0.4
2020,307,johnsty01,27,2TM,SG,39,7,709,10.1,.504,.476,.200,2.7,8.9,5.8,14.8,1.1,1.1,9.6,18.0,0.3,0.5,0.7,.050,-2.0,-0.9,-2.9,-0.2
2020,307,johnsty01,27,PHO,PG,31,3,515,8.1,.481,.485,.187,2.1,9.2,5.6,13.3,1.1,1.4,11.5,17.3,-0.2,0.3,0.2,.014,-3.0,-0.6,-3.6,-0.2
2020,307,johnsty01,27,BRK,SG,8,4,194,15.6,.552,.456,.228,4.4,8.4,6.4,18.6,1.0,0.4,5.4,19.8,0.4,0.1,0.6,.144,0.6,-1.7,-1.1,0.0
2020,308,bacondw01,24,CHO,SG,39,11,687,6.1,.419,.275,.217,2.3,14.0,7.9,11.7,1.7,0.3,12.2,19.5,-1.2,0.4,-0.8,-0.053,-5.9,-0.9,-6.8,-0.8
2020,309,kurucro01,21,BRK,PF,47,9,684,8.9,.555,.508,.215,3.9,16.6,10.4,10.4,1.7,0.6,19.2,14.7,-0.1,0.8,0.8,.055,-3.6,0.9,-2.8,-0.1
2020,310,bullore01,28,NYK,SG,29,19,684,9.3,.502,.496,.094,2.0,8.8,5.3,8.8,1.8,0.4,7.5,15.6,0.2,0.3,0.5,.036,-2.8,-0.3,-3.0,-0.2
2020,311,netora01,27,PHI,PG,54,3,668,12.7,.567,.396,.212,1.8,8.3,5.0,20.3,1.7,0.8,16.2,18.7,0.5,0.6,1.2,.083,-1.2,-0.6,-1.8,0.0
2020,312,willizi01,19,NOP,PF,24,24,668,24.1,.616,.039,.494,10.1,13.7,11.9,13.3,1.1,1.1,11.9,30.5,1.5,0.4,2.0,.141,3.5,-1.4,2.1,0.7
2020,313,gilesha01,21,SAC,C,46,17,667,16.4,.580,.008,.195,7.1,25.1,15.9,14.2,1.6,2.6,13.9,20.6,0.8,0.8,1.6,.112,-2.2,0.9,-1.3,0.1
2020,314,bradlto01,22,UTA,C,58,3,663,21.7,.681,.016,.243,19.1,25.0,22.2,5.4,1.0,4.1,12.5,15.8,2.2,1.1,3.3,.236,1.0,0.3,1.3,0.6
2020,315,irvinky01,27,BRK,PG,20,20,658,26.2,.595,.341,.245,3.5,12.5,8.1,36.7,1.9,1.3,10.1,32.6,2.1,0.8,2.9,.210,6.7,0.9,7.7,1.6
2020,316,crabbal01,27,2TM,SF,37,1,653,6.0,.470,.672,.079,1.8,11.0,6.3,6.8,1.1,0.5,8.5,12.7,-0.2,0.2,-0.1,-0.007,-3.7,-1.5,-5.3,-0.5
2020,316,crabbal01,27,ATL,SG,28,1,522,7.2,.482,.650,.084,2.0,11.5,6.7,7.3,1.3,0.6,7.5,12.7,-0.1,0.1,0.1,.009,-3.1,-1.1,-4.1,-0.3
2020,316,crabbal01,27,MIN,SF,9,0,131,1.1,.416,.765,.059,0.8,9.2,4.8,5.1,0.0,0.0,12.5,12.5,-0.2,0.0,-0.2,-0.068,-6.4,-3.3,-9.7,-0.3
2020,317,hoodro01,27,POR,SF,21,21,619,12.2,.625,.413,.157,1.7,10.4,6.1,7.0,1.3,0.6,9.4,13.9,0.9,0.2,1.1,.084,-0.4,-0.5,-0.9,0.2
2020,318,johnsja01,32,2TM,PF,32,1,619,14.8,.572,.423,.223,4.3,16.3,10.3,18.4,1.9,4.6,16.9,19.4,0.3,0.8,1.1,.089,-1.1,1.2,0.0,0.3
2020,318,johnsja01,32,MIA,PF,18,0,281,11.1,.547,.517,.161,3.3,16.9,10.4,11.1,1.0,4.6,13.9,17.0,0.0,0.4,0.4,.065,-2.6,0.8,-1.8,0.0
2020,318,johnsja01,32,MIN,C,14,1,338,17.9,.588,.359,.266,5.1,15.9,10.3,24.4,2.6,4.7,18.8,21.4,0.3,0.4,0.8,.109,0.1,1.5,1.6,0.3
2020,319,gaffoda01,21,CHI,C,43,7,609,16.2,.686,.000,.448,9.0,10.3,9.6,5.2,1.0,8.7,15.3,13.3,1.1,0.8,1.9,.146,-2.8,1.5,-1.3,0.1
2020,320,hensojo01,29,2TM,C,40,8,600,17.0,.578,.211,.269,8.5,21.8,15.1,13.4,2.0,6.0,15.8,16.3,0.6,0.8,1.4,.109,-1.2,2.1,0.9,0.4
2020,320,hensojo01,29,CLE,C,29,2,412,16.9,.539,.258,.275,8.5,22.3,15.4,15.2,1.9,6.7,13.5,16.1,0.4,0.5,0.9,.109,-1.2,2.2,1.1,0.3
2020,320,hensojo01,29,DET,C,11,6,188,17.1,.670,.098,.255,8.3,20.8,14.5,9.3,2.1,4.5,20.9,16.7,0.2,0.2,0.4,.110,-1.2,1.7,0.5,0.1
2020,321,mckinal01,27,CLE,SF,40,1,593,8.7,.493,.380,.181,6.9,14.4,10.6,3.3,1.9,1.2,12.3,15.2,-0.2,0.3,0.2,.014,-4.4,-0.9,-5.3,-0.5
2020,322,alexani01,21,NOP,SG,47,1,591,8.9,.473,.500,.139,1.6,13.5,7.5,21.1,1.3,1.1,16.1,23.3,-0.7,0.4,-0.2,-0.020,-3.2,-1.4,-4.6,-0.4
2020,323,mclaujo01,23,MIN,PG,30,2,590,16.3,.587,.427,.219,1.2,7.8,4.4,31.0,2.7,0.6,13.7,15.8,1.1,0.4,1.6,.130,0.3,0.0,0.3,0.3
2020,324,littlna01,19,POR,PF,48,5,573,9.6,.505,.391,.291,5.7,13.9,9.9,5.0,1.1,2.1,8.1,13.7,0.3,0.3,0.6,.047,-2.9,-0.6,-3.5,-0.2
2020,325,muscami01,28,OKC,C,47,2,572,12.5,.569,.757,.116,3.2,17.3,10.4,10.1,0.8,1.8,7.9,16.6,0.7,0.6,1.3,.107,0.1,-0.2,-0.1,0.3
2020,326,labissk01,23,POR,C,33,1,567,15.4,.588,.088,.224,12.1,19.0,15.6,10.1,0.6,4.7,15.7,14.3,1.0,0.4,1.4,.119,-1.5,0.2,-1.3,0.1
2020,327,clarkga01,25,2TM,PF,42,5,567,10.7,.568,.835,.075,6.8,14.0,10.3,4.1,0.5,3.4,6.8,11.0,0.7,0.5,1.2,.100,-0.9,-0.9,-1.9,0.0
2020,327,clarkga01,25,HOU,PF,18,0,212,11.8,.564,.864,.119,5.4,14.5,9.9,7.7,0.4,2.8,3.1,12.5,0.4,0.2,0.5,.123,0.3,-0.9,-0.6,0.1
2020,327,clarkga01,25,ORL,SF,24,5,355,10.1,.571,.811,.041,7.6,13.8,10.6,1.9,0.5,3.8,9.6,10.1,0.3,0.3,0.6,.087,-1.7,-0.9,-2.6,-0.1
2020,328,kornelu01,24,CHI,C,36,14,559,12.7,.539,.578,.150,4.1,12.9,8.3,8.5,0.9,4.4,6.6,16.3,0.5,0.6,1.1,.091,-0.9,-0.2,-1.2,0.1
2020,329,ellinwa01,32,NYK,SG,36,1,558,8.5,.509,.822,.075,0.7,12.0,6.2,11.0,1.1,0.7,9.1,15.0,0.2,0.2,0.4,.035,-1.9,-1.0,-2.9,-0.1
2020,330,smithde03,22,NYK,PG,34,3,537,7.4,.399,.256,.251,4.1,11.7,7.7,26.4,2.5,1.4,19.8,23.1,-1.4,0.5,-0.9,-0.079,-5.2,-0.9,-6.1,-0.6
2020,331,danietr01,28,2TM,SG,47,0,532,8.4,.518,.710,.086,2.5,8.2,5.4,4.3,1.0,0.5,5.9,16.3,0.1,0.5,0.6,.056,-1.7,-1.2,-2.9,-0.1
2020,331,danietr01,28,LAL,SG,41,0,456,9.0,.527,.709,.101,2.9,8.1,5.5,4.1,0.8,0.6,5.2,16.1,0.2,0.4,0.7,.069,-1.2,-1.1,-2.2,0.0
2020,331,danietr01,28,DEN,SG,6,0,76,5.3,.464,.714,.000,0.0,8.8,4.4,5.4,2.0,0.0,9.7,17.7,-0.1,0.1,0.0,-0.025,-4.8,-2.4,-7.2,-0.1
2020,332,ferreyo01,26,SAC,PG,50,0,530,12.2,.528,.420,.223,1.2,9.4,5.2,18.8,1.6,0.7,11.9,19.2,0.3,0.3,0.7,.060,-1.5,-0.3,-1.8,0.0
2020,333,oladivi01,27,IND,SG,19,16,528,11.3,.506,.423,.240,1.9,13.6,7.8,15.4,1.6,0.7,14.7,26.5,-0.6,0.6,0.0,.002,-2.2,-1.1,-3.3,-0.2
2020,334,hutchch01,23,CHI,SF,28,10,527,12.4,.521,.217,.446,3.6,19.8,11.3,7.4,2.5,1.3,11.4,19.1,0.0,0.7,0.7,.060,-2.7,0.1,-2.6,-0.1
2020,335,burketr01,27,2TM,PG,33,1,520,15.6,.548,.359,.139,3.4,7.0,5.2,23.7,1.5,0.3,8.7,20.0,1.0,0.4,1.3,.123,0.8,-1.0,-0.2,0.2
2020,335,burketr01,27,PHI,PG,25,0,329,15.4,.545,.299,.142,5.0,6.7,5.9,23.9,1.0,0.3,8.2,19.2,0.6,0.2,0.9,.127,0.7,-1.2,-0.5,0.1
2020,335,burketr01,27,DAL,PG,8,1,191,16.0,.553,.451,.134,0.6,7.6,4.1,23.2,2.3,0.4,9.4,21.4,0.3,0.2,0.5,.117,1.0,-0.8,0.2,0.1
2020,336,griffbl01,30,DET,PF,18,18,512,11.9,.476,.444,.392,3.7,15.0,9.3,18.0,0.7,1.1,12.0,28.4,-0.4,0.3,-0.1,-0.012,-1.7,-2.6,-4.3,-0.3
2020,337,cookqu01,26,LAL,PG,44,1,508,10.0,.509,.397,.065,2.4,8.5,5.5,13.8,1.1,0.4,13.0,21.0,-0.2,0.5,0.3,.030,-2.3,-1.4,-3.8,-0.2
2020,338,laymaja01,25,MIN,SF,23,2,505,10.3,.544,.402,.179,3.4,8.7,6.0,4.4,1.6,1.6,11.1,17.7,0.0,0.3,0.3,.030,-2.8,-0.9,-3.7,-0.2
2020,339,batumni01,31,CHO,SF,22,3,505,9.2,.463,.605,.123,5.2,16.8,10.8,18.3,1.7,1.5,20.5,9.4,0.2,0.4,0.6,.055,-2.8,0.9,-1.9,0.0
2020,340,martike03,24,MIN,SF,31,4,495,9.2,.506,.530,.171,2.5,18.6,10.2,6.8,0.7,1.5,9.3,17.8,-0.1,0.3,0.2,.023,-3.3,-1.0,-4.3,-0.3
2020,341,reidna01,20,MIN,C,30,11,495,15.3,.505,.399,.218,7.0,19.9,13.2,11.2,1.8,3.7,7.6,24.0,0.2,0.6,0.8,.074,-1.6,-0.3,-1.9,0.0
2020,342,valende01,26,CHI,SF,36,5,488,13.0,.511,.578,.034,1.9,15.5,8.4,14.2,2.6,1.2,9.8,23.3,-0.1,0.6,0.5,.048,-0.8,0.2,-0.6,0.2
2020,343,musadz01,20,BRK,SF,40,0,487,9.4,.484,.453,.349,4.6,13.5,9.1,12.6,1.5,0.2,15.4,20.1,-0.3,0.5,0.2,.016,-3.5,-0.9,-4.4,-0.3
2020,344,exumda01,24,2TM,SG,35,1,485,10.3,.576,.361,.361,2.7,12.6,7.7,11.5,1.3,1.4,18.4,15.0,0.2,0.2,0.4,.043,-2.5,-0.4,-2.9,-0.1
2020,344,exumda01,24,UTA,SG,11,0,83,4.8,.503,.261,.087,4.1,11.5,8.0,11.9,0.6,2.0,29.5,17.8,-0.2,0.1,-0.1,-0.056,-5.2,-0.5,-5.7,-0.1
2020,344,exumda01,24,CLE,SG,24,1,402,11.5,.592,.385,.427,2.5,12.8,7.6,11.4,1.5,1.3,15.6,14.4,0.4,0.2,0.5,.063,-2.0,-0.4,-2.4,0.0
2020,345,gudurma01,24,MEM,SG,44,0,484,8.8,.514,.529,.166,3.1,12.6,7.9,12.3,1.2,1.4,17.6,17.6,-0.3,0.4,0.1,.014,-2.7,-0.7,-3.4,-0.2
2020,346,harrish01,26,CHI,SG,43,10,484,17.8,.559,.255,.303,4.8,15.3,9.8,15.3,3.4,3.7,9.2,18.1,0.7,0.8,1.5,.153,0.4,2.4,2.8,0.6
2020,347,diallch01,23,PHO,C,47,2,479,16.5,.688,.021,.275,6.9,23.7,15.2,6.9,1.1,2.2,16.7,17.0,0.8,0.5,1.3,.132,-1.1,-0.2,-1.3,0.1
2020,348,bitadgo01,20,IND,C,54,2,471,12.1,.523,.280,.220,5.9,18.7,12.3,6.7,1.0,6.9,14.5,17.9,-0.1,0.8,0.7,.067,-4.1,1.8,-2.3,0.0
2020,349,sampsja02,26,IND,PF,34,12,471,12.6,.615,.113,.235,4.7,15.7,10.2,6.1,1.6,2.2,10.6,13.2,0.6,0.7,1.2,.124,-2.8,1.4,-1.4,0.1
2020,350,greenja02,26,BOS,SG,48,2,468,13.1,.564,.262,.333,5.6,15.6,10.6,7.7,2.5,1.6,13.7,15.3,0.4,0.8,1.1,.113,-2.1,1.4,-0.7,0.2
2020,351,okafoja01,24,NOP,C,30,9,467,18.3,.642,.019,.383,10.9,18.0,14.4,12.0,0.7,3.9,16.7,19.9,0.9,0.4,1.3,.133,-0.5,0.3,-0.2,0.2
2020,352,knighbr03,28,2TM,SG,25,3,462,8.5,.503,.784,.204,1.0,9.1,5.0,21.6,1.1,0.6,17.3,20.6,-0.2,0.1,-0.1,-0.010,-1.8,-2.6,-4.4,-0.3
2020,352,knighbr03,28,CLE,SG,16,0,241,5.4,.431,.744,.151,1.4,7.9,4.6,18.0,1.0,0.7,14.9,19.1,-0.3,0.0,-0.3,-0.062,-3.8,-2.7,-6.5,-0.3
2020,352,knighbr03,28,DET,PG,9,3,221,11.9,.576,.827,.259,0.5,10.4,5.4,25.6,1.1,0.4,19.6,22.2,0.1,0.1,0.2,.046,0.5,-2.5,-2.0,0.0
2020,353,bareajo01,35,DAL,PG,29,6,450,14.6,.512,.411,.106,2.4,9.9,6.2,37.1,0.5,0.4,14.9,24.2,0.5,0.2,0.7,.072,1.6,-3.0,-1.4,0.1
2020,354,sumneed01,24,IND,SG,31,3,447,10.1,.491,.373,.204,2.7,8.5,5.6,16.7,1.6,1.8,12.4,17.3,-0.1,0.5,0.4,.047,-3.1,0.2,-2.9,-0.1
2020,355,thomama02,25,TOR,SG,41,1,440,13.3,.650,.660,.080,2.2,12.2,7.3,7.5,1.1,0.2,9.3,16.6,0.7,0.6,1.2,.133,1.0,0.1,1.1,0.3
2020,356,pasecan01,24,WAS,C,27,0,437,11.3,.551,.026,.500,10.1,16.9,13.4,5.7,1.0,2.4,14.5,15.8,0.3,0.2,0.5,.054,-4.1,-1.5,-5.6,-0.4
2020,357,sefolth01,35,HOU,PF,41,0,436,9.4,.487,.593,.088,5.0,17.5,11.2,7.5,2.5,2.4,13.7,10.4,0.0,0.6,0.7,.072,-2.9,1.7,-1.2,0.1
2020,358,paytoga02,27,WAS,SF,29,17,432,11.3,.473,.397,.069,6.3,14.2,10.1,14.8,3.6,1.4,14.3,13.4,0.0,0.4,0.5,.051,-3.1,1.5,-1.6,0.0
2020,359,goodwbr01,24,ATL,PG,34,1,430,11.6,.507,.458,.158,2.7,15.5,9.0,18.0,1.3,0.8,12.5,22.4,-0.1,0.2,0.1,.013,-1.6,-1.3,-2.9,-0.1
2020,360,marjabo01,31,DAL,C,44,5,422,25.7,.612,.081,.270,16.6,32.1,24.5,8.3,0.9,2.0,11.3,26.9,1.2,0.6,1.8,.200,2.8,-1.6,1.2,0.3
2020,361,iguodan01,36,MIA,SF,21,0,418,10.5,.507,.534,.170,4.7,15.7,10.4,16.9,1.6,5.0,21.6,12.7,0.0,0.6,0.6,.065,-1.9,1.4,-0.5,0.2
2020,362,evansja02,22,2TM,SG,29,1,418,5.5,.436,.291,.216,2.3,8.6,5.3,10.8,1.3,2.6,14.6,17.5,-0.7,0.2,-0.5,-0.056,-5.8,-1.3,-7.1,-0.5
2020,362,evansja02,22,GSW,SG,27,1,414,5.6,.439,.286,.218,2.3,8.7,5.4,10.9,1.3,2.6,14.6,17.6,-0.6,0.2,-0.5,-0.054,-5.7,-1.2,-7.0,-0.5
2020,362,evansja02,22,MIN,SG,2,0,4,-9.6,.000,1.000,.000,0.0,0.0,0.0,0.0,0.0,0.0,0.0,10.3,0.0,0.0,0.0,-0.263,-10.5,-5.6,-16.1,0.0
2020,363,doziepj01,23,DEN,SG,29,0,412,11.6,.495,.312,.185,2.7,12.2,7.5,21.6,1.7,1.3,13.7,20.8,0.0,0.4,0.4,.044,-2.5,-1.2,-3.8,-0.2
2020,364,chiozch01,24,2TM,PG,28,2,401,12.0,.499,.514,.036,2.4,11.6,6.9,29.4,2.5,0.9,18.4,18.1,0.0,0.4,0.5,.055,-1.6,0.5,-1.2,0.1
2020,364,chiozch01,24,WAS,PG,10,0,123,9.2,.397,.471,.000,0.0,13.9,6.7,29.2,3.8,1.4,20.9,14.5,-0.1,0.1,0.0,-0.001,-3.6,2.2,-1.5,0.0
2020,364,chiozch01,24,BRK,PG,18,2,278,13.2,.531,.528,.047,3.4,10.6,7.1,29.5,1.9,0.6,17.5,19.7,0.2,0.3,0.5,.080,-0.8,-0.3,-1.1,0.1
2020,365,williro04,22,BOS,C,29,1,388,23.1,.728,.000,.386,11.2,24.0,17.7,10.1,2.7,8.4,16.9,13.6,1.1,1.0,2.0,.253,0.8,4.3,5.1,0.7
2020,366,feliccr01,27,CHI,C,22,0,386,12.8,.671,.037,.426,15.0,14.1,14.6,5.7,1.2,0.5,21.9,9.1,0.7,0.3,1.0,.126,-1.4,-1.7,-3.1,-0.1
2020,367,jacksjo02,22,MEM,SF,22,0,381,14.1,.547,.453,.314,3.1,14.9,9.1,13.1,2.2,2.1,13.4,22.8,0.1,0.5,0.5,.069,-1.0,1.1,0.1,0.2
2020,368,aminual01,29,ORL,PF,18,2,380,7.6,.395,.419,.337,6.6,18.4,12.3,7.4,2.3,1.9,14.7,13.2,-0.4,0.5,0.1,.014,-4.4,1.4,-3.0,-0.1
2020,369,vonleno01,24,2TM,C,36,1,377,15.5,.622,.163,.348,10.1,25.3,17.4,10.7,1.4,1.3,16.5,13.9,0.6,0.4,1.0,.127,-1.2,0.3,-1.0,0.1
2020,369,vonleno01,24,MIN,C,29,1,347,15.3,.605,.163,.326,10.0,25.9,17.6,10.8,1.5,1.4,16.2,13.9,0.5,0.4,0.9,.124,-1.5,0.4,-1.0,0.1
2020,369,vonleno01,24,DEN,C,7,0,30,17.6,.838,.167,.667,11.2,18.6,14.9,9.5,0.0,0.0,20.5,14.1,0.1,0.0,0.1,.166,1.3,-1.9,-0.6,0.0
2020,370,hernawi01,25,CHO,C,31,0,375,19.2,.576,.158,.424,12.1,27.5,19.5,13.5,1.3,1.7,15.4,22.9,0.4,0.4,0.8,.107,0.6,-0.5,0.1,0.2
2020,371,langfro01,20,BOS,SG,32,2,370,5.4,.434,.338,.313,4.4,7.4,5.9,4.5,1.0,2.0,10.8,11.8,-0.2,0.4,0.2,.025,-4.7,-0.3,-4.9,-0.3
2020,372,schofad01,22,WAS,PF,33,2,368,6.1,.502,.663,.163,2.0,12.4,7.0,5.3,1.0,0.9,6.6,11.9,0.1,0.1,0.1,.017,-4.3,-1.2,-5.5,-0.3
2020,373,pinsoth01,24,BRK,SG,33,0,365,5.2,.370,.516,.103,2.9,12.2,7.7,21.7,2.2,0.9,16.9,22.3,-1.0,0.4,-0.6,-0.078,-6.8,-0.2,-7.0,-0.5
2020,374,dudleja01,34,LAL,PF,45,1,364,7.8,.558,.700,.033,1.8,13.7,7.8,9.5,2.0,0.7,11.6,8.0,0.3,0.5,0.8,.102,-2.7,2.0,-0.7,0.1
2020,375,wilsodj01,23,MIL,PF,37,1,363,8.2,.475,.553,.136,3.5,20.5,12.5,9.1,0.4,1.2,12.0,18.1,-0.3,0.6,0.3,.046,-4.1,0.0,-4.0,-0.2
2020,376,mannte01,23,LAC,SF,41,6,362,10.6,.545,.253,.342,2.9,12.6,7.9,19.3,1.4,1.2,16.5,12.6,0.4,0.4,0.8,.106,-2.7,1.2,-1.5,0.0
2020,377,burtode02,26,OKC,SF,39,0,356,4.3,.396,.424,.112,2.2,15.1,8.8,6.8,1.0,2.4,12.7,18.5,-0.9,0.4,-0.5,-0.067,-6.3,-0.5,-6.8,-0.4
2020,378,fraziti01,29,DET,PG,27,11,355,9.8,.464,.319,.255,2.8,7.8,5.3,36.5,1.9,0.9,25.6,17.3,-0.1,0.2,0.1,.016,-3.0,-1.6,-4.6,-0.2
2020,379,winslju01,23,MIA,SG,11,5,352,8.5,.440,.209,.209,5.3,17.5,11.6,18.7,1.0,1.4,14.6,20.6,-0.4,0.4,0.0,-0.004,-3.5,-0.1,-3.6,-0.1
2020,380,edwarca01,21,BOS,SG,37,0,351,6.9,.444,.594,.148,1.9,12.4,7.2,9.3,1.7,1.1,9.9,18.4,-0.3,0.4,0.1,.014,-4.4,-0.2,-4.6,-0.2
2020,381,silvach01,23,MIA,PF,44,0,346,17.3,.651,.038,.705,20.2,20.6,20.4,9.9,1.3,6.0,23.8,17.1,0.7,0.5,1.3,.178,-3.1,0.8,-2.3,0.0
2020,382,leeco01,34,DAL,SG,24,9,345,10.8,.629,.573,.085,2.2,7.5,4.9,4.7,2.5,1.5,11.4,11.9,0.3,0.3,0.7,.092,-2.1,1.5,-0.6,0.1
2020,383,baglema01,20,SAC,C,13,6,334,15.6,.512,.132,.186,9.5,23.5,16.3,4.9,0.9,3.4,9.1,25.8,0.0,0.3,0.4,.051,-2.2,-1.4,-3.5,-0.1
2020,384,porteot01,26,CHI,SF,14,9,331,15.8,.550,.443,.193,4.1,12.3,8.0,11.9,2.2,1.7,6.8,21.0,0.4,0.4,0.8,.112,0.8,0.2,1.0,0.3
2020,385,jeromty01,22,PHO,SG,31,0,328,7.9,.425,.442,.142,2.3,13.4,7.8,18.2,2.2,0.8,13.0,17.9,-0.3,0.3,0.0,-0.003,-3.9,0.1,-3.7,-0.1
2020,386,martica02,24,CHO,SF,18,1,317,12.0,.595,.440,.250,3.3,10.0,6.5,11.1,1.9,2.0,13.9,15.0,0.3,0.2,0.5,.081,-1.6,0.6,-1.0,0.1
2020,387,oquinky01,29,PHI,C,29,2,313,18.6,.544,.318,.235,12.0,29.0,20.5,22.7,1.1,6.5,17.6,15.7,0.5,0.6,1.1,.165,0.3,2.7,3.0,0.4
2020,388,davised01,30,UTA,C,28,1,303,9.5,.489,.000,.304,13.2,24.6,19.1,5.2,1.8,2.5,20.0,9.4,0.2,0.5,0.6,.102,-4.6,1.5,-3.2,-0.1
2020,389,johnske04,20,SAS,SF,17,1,301,19.1,.711,.247,.494,3.6,16.8,10.2,7.2,2.2,0.6,10.7,17.4,0.8,0.2,1.1,.174,1.5,0.0,1.5,0.3
2020,390,mcdanja01,22,CHO,SF,16,0,293,10.7,.574,.343,.243,5.4,19.4,12.1,6.8,1.4,0.9,12.4,13.3,0.2,0.2,0.5,.078,-3.4,0.1,-3.3,-0.1
2020,391,clemoch01,22,HOU,SG,33,0,291,13.1,.548,.754,.077,1.4,9.4,5.4,14.3,1.4,1.8,11.5,23.6,0.1,0.2,0.4,.058,0.3,-1.3,-1.0,0.1
2020,392,trieral01,24,NYK,SG,24,1,291,14.5,.620,.500,.406,2.1,8.7,5.3,14.8,0.5,1.3,15.0,21.4,0.5,0.1,0.5,.087,1.0,-1.4,-0.4,0.1
2020,393,colliza01,22,POR,PF,11,11,290,9.9,.538,.279,.118,9.1,15.7,12.4,7.2,0.8,1.5,16.4,12.5,0.2,0.1,0.3,.052,-1.7,-1.4,-3.1,-0.1
2020,394,carrode01,33,2TM,C,24,0,290,9.1,.515,.500,.636,4.4,15.8,10.1,11.2,1.3,1.5,16.8,14.8,0.0,0.2,0.3,.045,-3.1,-0.7,-3.9,-0.1
2020,394,carrode01,33,SAS,SF,15,0,135,4.9,.437,.448,.690,5.6,19.2,12.4,10.1,0.7,1.3,20.9,15.3,-0.2,0.1,-0.1,-0.036,-5.9,-1.1,-7.0,-0.2
2020,394,carrode01,33,HOU,C,9,0,155,12.8,.578,.541,.595,3.3,13.0,8.1,12.2,1.8,1.7,13.0,14.3,0.2,0.2,0.4,.114,-0.7,-0.4,-1.1,0.0
2020,395,swanica01,22,2TM,PF,27,1,288,7.6,.597,.043,.362,9.9,26.4,18.3,13.9,0.5,2.2,40.4,13.5,-0.2,0.2,0.0,.004,-6.3,0.2,-6.0,-0.3
2020,395,swanica01,22,SAC,C,7,0,23,-0.1,.512,.000,.500,9.6,25.1,17.1,11.5,2.1,8.3,55.1,20.5,-0.1,0.0,-0.1,-0.177,-15.4,3.7,-11.7,-0.1
2020,395,swanica01,22,POR,PF,20,1,265,8.2,.605,.047,.349,10.0,26.5,18.3,14.1,0.4,1.6,38.5,12.9,-0.1,0.2,0.1,.020,-5.5,-0.1,-5.5,-0.2
2020,396,bendedr01,22,2TM,C,16,3,286,10.9,.545,.467,.152,5.9,21.1,13.5,14.4,0.7,2.8,17.6,17.7,0.0,0.3,0.3,.052,-3.1,0.2,-2.9,-0.1
2020,396,bendedr01,22,MIL,C,7,0,91,8.4,.582,.429,.143,0.0,20.5,10.9,12.5,0.0,4.8,18.3,12.4,0.0,0.2,0.2,.105,-4.4,3.2,-1.2,0.0
2020,396,bendedr01,22,GSW,PF,9,3,195,12.1,.534,.479,.155,8.6,21.3,14.7,15.2,1.0,1.8,17.4,20.1,0.0,0.1,0.1,.027,-2.5,-1.2,-3.7,-0.1
2020,397,kiddgmi01,26,2TM,PF,25,0,281,4.2,.416,.303,.212,5.3,20.4,12.8,7.1,0.3,1.9,18.1,13.7,-0.4,0.2,-0.2,-0.030,-6.3,-1.1,-7.4,-0.4
2020,397,kiddgmi01,26,CHO,PF,12,0,160,6.1,.421,.321,.170,5.9,18.4,11.9,9.5,0.0,1.7,10.9,17.6,-0.2,0.1,-0.1,-0.028,-5.3,-1.6,-6.9,-0.2
2020,397,kiddgmi01,26,DAL,PF,13,0,121,1.7,.395,.231,.385,4.4,23.1,13.9,4.0,0.8,2.1,37.2,8.5,-0.2,0.1,-0.1,-0.032,-7.6,-0.4,-8.0,-0.2
2020,398,eubandr01,22,SAS,C,22,3,272,17.3,.682,.015,.388,11.1,22.6,16.8,7.7,0.9,5.5,21.1,15.8,0.5,0.3,0.8,.134,-1.4,-0.4,-1.8,0.0
2020,399,toscaju01,26,GSW,SG,13,6,272,9.4,.529,.365,.079,3.5,17.8,10.4,13.8,2.3,1.7,19.7,12.7,-0.1,0.2,0.2,.030,-4.1,0.5,-3.6,-0.1
2020,400,nwabada01,27,BRK,SF,20,0,268,14.0,.627,.394,.380,3.2,14.0,8.7,4.3,1.9,3.7,8.8,14.2,0.4,0.4,0.8,.138,-1.0,2.0,1.1,0.2
2020,401,harteis01,21,HOU,C,23,2,266,18.6,.674,.075,.418,11.3,24.3,17.7,10.0,1.6,3.9,16.8,14.8,0.7,0.4,1.1,.190,-1.0,1.3,0.3,0.2
2020,402,looneke01,23,GSW,C,20,4,262,9.4,.403,.177,.152,11.2,16.3,13.6,11.1,2.2,2.1,12.5,15.7,-0.2,0.2,0.0,.006,-4.8,-0.8,-5.6,-0.2
2020,403,belljo01,25,2TM,C,29,0,256,13.9,.577,.179,.463,12.0,21.8,16.7,8.9,0.5,3.2,20.7,16.4,0.2,0.2,0.4,.070,-1.4,-1.1,-2.5,0.0
2020,403,belljo01,25,MIN,C,27,0,235,14.1,.570,.150,.483,12.1,23.3,17.5,8.6,0.4,3.5,19.8,15.9,0.2,0.2,0.4,.072,-1.5,-1.1,-2.6,0.0
2020,403,belljo01,25,MEM,C,2,0,21,12.6,.635,.429,.286,10.2,4.9,7.5,12.9,2.2,0.0,27.6,21.6,0.0,0.0,0.0,.047,-0.9,-0.8,-1.6,0.0
2020,404,nurkiju01,25,POR,C,8,8,253,22.6,.567,.092,.321,9.6,24.1,16.9,19.1,2.1,5.4,13.2,24.0,0.5,0.3,0.9,.164,1.0,1.0,2.0,0.2
2020,405,turneev01,31,ATL,SG,19,0,251,6.8,.424,.075,.209,3.4,13.0,8.2,20.6,1.7,2.7,26.2,16.4,-0.5,0.1,-0.3,-0.064,-4.9,-0.7,-5.5,-0.2
2020,406,waltode01,24,2TM,PG,26,1,248,8.7,.617,.615,.231,0.9,5.8,3.4,13.9,1.4,0.0,10.4,8.1,0.4,0.2,0.6,.111,-2.2,1.3,-1.0,0.1
2020,406,waltode01,24,LAC,PG,23,1,222,8.4,.626,.583,.250,1.0,5.9,3.5,12.6,0.9,0.0,9.1,8.3,0.4,0.2,0.5,.112,-2.2,0.9,-1.3,0.0
2020,406,waltode01,24,DET,PG,3,0,26,11.3,.500,1.000,.000,0.0,4.4,2.2,24.8,5.7,0.0,25.0,6.7,0.0,0.0,0.1,.105,-2.9,4.7,1.8,0.0
2020,407,cabocbr01,24,2TM,C,30,0,244,14.1,.484,.371,.101,10.0,15.8,12.9,6.8,2.9,6.1,12.3,18.0,0.0,0.4,0.4,.076,-3.0,0.9,-2.1,0.0
2020,407,cabocbr01,24,MEM,C,22,0,192,11.9,.441,.362,.043,9.5,14.5,12.1,7.1,2.4,5.5,9.1,16.8,-0.1,0.3,0.2,.053,-3.4,0.7,-2.7,0.0
2020,407,cabocbr01,24,HOU,C,8,0,52,22.1,.618,.400,.300,12.0,20.3,16.1,5.9,4.4,8.2,20.9,22.8,0.0,0.1,0.2,.162,-1.4,1.6,0.2,0.0
2020,408,shumpim01,29,BRK,SF,13,0,241,5.3,.403,.516,.109,3.9,10.5,7.3,6.7,2.4,0.7,13.0,13.4,-0.3,0.3,0.0,-0.005,-6.2,0.7,-5.5,-0.2
2020,409,gabriwe01,22,2TM,PF,30,1,235,9.6,.546,.417,.458,9.5,13.9,11.7,4.4,2.2,2.6,21.7,13.4,0.0,0.2,0.2,.048,-3.7,-0.1,-3.8,-0.1
2020,409,gabriwe01,22,SAC,PF,11,0,61,7.4,.444,.471,.588,7.2,11.3,9.2,6.6,2.4,3.1,18.9,18.8,-0.1,0.1,0.0,-0.029,-4.4,0.5,-3.9,0.0
2020,409,gabriwe01,22,POR,PF,19,1,174,10.3,.606,.387,.387,10.3,14.9,12.6,3.6,2.2,2.5,23.3,11.5,0.1,0.1,0.3,.075,-3.5,-0.3,-3.8,-0.1
2020,410,jamesju01,23,SAC,SF,36,0,232,11.0,.477,.345,.250,2.8,12.9,7.8,11.2,1.3,3.7,7.9,18.9,-0.1,0.2,0.1,.028,-1.4,0.0,-1.4,0.0
2020,411,pelleno01,26,PHI,C,24,0,232,10.5,.526,.021,.292,9.5,24.8,17.1,4.6,0.6,11.4,24.9,13.4,-0.2,0.5,0.3,.069,-7.8,2.6,-5.2,-0.2
2020,412,mathega01,23,WAS,SG,18,0,227,13.1,.691,.821,.607,2.8,9.0,5.8,5.8,1.6,0.4,10.1,14.5,0.6,0.1,0.6,.131,-0.6,-0.5,-1.1,0.1
2020,413,leaftj01,22,IND,PF,28,1,222,12.9,.451,.209,.186,11.5,23.5,17.5,5.7,2.2,1.6,7.9,20.0,-0.1,0.4,0.3,.061,-2.5,0.1,-2.4,0.0
2020,414,zizican01,23,CLE,C,22,0,221,16.4,.597,.000,.264,9.0,24.4,16.6,4.2,1.5,1.9,11.1,17.5,0.3,0.2,0.5,.106,-1.7,-1.5,-3.2,-0.1
2020,415,chandty01,37,HOU,C,26,5,219,10.8,.717,.000,.722,11.8,19.8,15.8,3.5,1.3,3.1,25.2,6.0,0.3,0.3,0.6,.131,-2.6,1.1,-1.5,0.0
2020,416,waitedi01,28,2TM,SG,10,0,207,11.5,.521,.475,.172,1.1,11.5,6.4,14.4,0.9,2.7,13.1,25.2,-0.1,0.2,0.1,.030,-0.7,-0.6,-1.2,0.0
2020,416,waitedi01,28,MIA,SG,3,0,42,13.4,.530,.654,.038,0.0,28.2,14.7,12.5,0.0,4.7,10.2,30.9,-0.1,0.1,0.0,-0.003,2.4,-0.5,1.8,0.0
2020,416,waitedi01,28,LAL,SG,7,0,165,11.0,.518,.411,.219,1.3,7.2,4.3,14.9,1.2,2.2,14.0,23.8,-0.1,0.2,0.1,.038,-1.4,-0.6,-2.0,0.0
2020,417,muldemy01,25,GSW,SF,7,3,204,7.8,.533,.776,.179,1.5,11.0,6.1,5.8,0.5,0.4,6.5,16.2,0.0,0.0,0.1,.017,-3.2,-2.9,-6.0,-0.2
2020,418,claxtni01,20,BRK,C,15,0,187,14.8,.577,.146,.438,10.7,13.6,12.2,12.4,0.3,3.6,13.6,14.8,0.3,0.2,0.5,.121,-0.7,0.1,-0.7,0.1
2020,419,payneca01,25,PHO,SG,8,0,183,15.7,.612,.426,.103,2.4,16.6,9.4,19.5,2.1,1.0,13.4,19.1,0.3,0.2,0.5,.120,0.7,1.0,1.7,0.2
2020,420,konchjo01,23,MEM,SG,19,0,181,18.0,.713,.270,.054,10.7,16.6,13.7,16.2,1.8,1.5,15.6,10.3,0.5,0.2,0.7,.182,2.5,2.0,4.5,0.3
2020,421,broekry01,29,DAL,SF,17,1,180,13.1,.568,.864,.136,3.0,21.9,12.5,8.3,1.3,1.9,8.8,16.3,0.2,0.2,0.4,.109,0.5,0.3,0.8,0.1
2020,422,willijo04,24,WAS,PF,15,6,180,14.0,.566,.059,.382,14.0,25.3,19.4,5.9,0.3,3.9,11.2,10.3,0.3,0.1,0.4,.109,-0.8,-1.3,-2.0,0.0
2020,423,millema01,26,TOR,SF,28,1,162,6.7,.538,.759,.276,1.3,8.9,5.2,8.9,1.5,1.2,11.0,9.6,0.1,0.2,0.3,.082,-3.5,1.2,-2.3,0.0
2020,424,tuckera01,22,UTA,SG,20,0,161,9.7,.584,.395,.535,2.1,11.2,6.8,4.4,0.3,0.5,13.1,16.6,0.1,0.1,0.2,.063,-3.8,-2.2,-6.1,-0.2
2020,425,milescj01,32,WAS,SF,10,0,161,11.1,.472,.593,.339,2.6,5.7,4.1,10.0,2.9,2.2,5.6,18.6,0.0,0.1,0.1,.035,-1.7,0.0,-1.7,0.0
2020,426,wallaty01,25,ATL,SG,14,0,160,3.9,.389,.341,.386,2.0,13.0,7.4,10.9,2.0,0.5,16.3,16.0,-0.3,0.1,-0.2,-0.075,-7.8,-1.0,-8.7,-0.3
2020,427,coffeam01,22,LAC,SG,18,1,159,8.5,.493,.352,.204,2.7,7.6,5.2,12.3,1.5,1.1,12.0,17.6,0.0,0.2,0.1,.041,-4.3,0.1,-4.1,-0.1
2020,428,nowelja01,20,MIN,SG,15,0,151,10.5,.471,.491,.321,2.0,7.3,4.5,17.8,0.9,0.6,4.7,17.3,0.1,0.0,0.2,.051,-2.9,-0.8,-3.8,-0.1
2020,429,johnsst04,23,TOR,PF,25,0,150,9.9,.454,.407,.271,5.0,20.6,13.0,19.4,1.9,2.6,18.5,23.1,-0.3,0.3,0.0,.014,-3.9,1.4,-2.5,0.0
2020,430,frazimi01,25,HOU,SG,13,0,145,-0.9,.384,.793,.483,0.7,6.6,3.6,1.7,0.6,0.0,12.5,11.5,-0.2,0.1,-0.2,-0.060,-8.9,-2.1,-11.0,-0.3
2020,431,jeffrda01,22,SAC,SG,13,0,141,11.2,.586,.450,.150,2.3,12.3,7.2,7.1,1.4,0.7,4.5,13.7,0.2,0.1,0.3,.100,-2.8,-1.1,-3.8,-0.1
2020,432,smailal01,19,GSW,C,14,0,139,14.5,.610,.325,.475,7.5,13.7,10.5,14.3,1.0,2.6,18.5,18.2,0.2,0.1,0.2,.081,-1.5,-0.7,-2.2,0.0
2020,433,curryst01,31,GSW,PG,5,5,139,21.7,.557,.598,.317,3.0,17.8,10.1,42.3,1.7,1.3,14.6,33.6,0.2,0.1,0.3,.103,4.5,-0.6,3.9,0.2
2020,434,brissos01,21,TOR,SF,19,0,135,6.7,.458,.417,.278,7.2,13.0,10.2,7.0,1.4,0.7,14.8,15.0,-0.1,0.2,0.1,.043,-5.8,0.4,-5.3,-0.1
2020,435,morgaju01,22,UTA,PF,21,0,134,10.1,.648,.308,.154,8.5,15.1,11.9,6.2,0.4,1.2,17.8,11.0,0.2,0.1,0.3,.106,-2.9,-0.3,-3.2,0.0
2020,436,halldo01,22,2TM,PF,9,0,133,13.6,.652,.000,.818,11.4,19.2,15.4,4.2,1.1,3.8,14.3,11.1,0.2,0.2,0.4,.137,-3.5,-0.4,-3.9,-0.1
2020,436,halldo01,22,DET,PF,4,0,48,7.3,.452,.000,1.500,14.0,21.6,17.7,5.3,1.0,1.7,23.1,7.9,0.0,0.0,0.1,.067,-5.7,-1.3,-7.0,-0.1
2020,436,halldo01,22,BRK,C,5,0,85,17.2,.709,.000,.667,9.9,17.9,14.0,3.5,1.1,4.9,11.4,12.9,0.2,0.1,0.3,.177,-2.2,0.2,-2.1,0.0
2020,437,poirivi01,26,BOS,C,22,0,130,12.7,.525,.056,.194,10.8,24.4,17.7,8.5,0.7,6.4,17.0,15.4,0.1,0.2,0.3,.113,-4.8,1.0,-3.8,-0.1
2020,438,antetth01,27,MIL,SF,20,2,129,12.2,.496,.208,.354,9.8,8.7,9.2,16.3,2.5,1.4,17.8,21.6,-0.1,0.2,0.2,.070,-4.6,1.4,-3.2,0.0
2020,439,frazime01,23,ORL,SG,19,0,126,9.8,.559,.471,.118,1.7,7.1,4.3,3.4,3.5,1.4,12.3,14.0,0.0,0.2,0.2,.057,-3.5,1.2,-2.3,0.0
2020,440,watertr01,22,BOS,PG,11,1,119,4.3,.381,.490,.163,0.0,10.7,5.4,18.3,4.1,1.6,22.2,24.2,-0.5,0.2,-0.3,-0.103,-8.5,1.0,-7.5,-0.2
2020,441,johnsal02,23,IND,PF,17,1,118,13.3,.509,.276,.345,15.0,29.4,22.3,7.7,1.2,1.5,17.3,15.0,0.1,0.2,0.3,.111,-1.8,0.2,-1.6,0.0
2020,442,masonfr01,25,MIL,PG,9,0,118,16.9,.530,.412,.333,4.5,11.1,8.0,35.0,1.9,0.7,15.8,24.3,0.1,0.2,0.4,.143,-0.6,0.6,0.0,0.1
2020,443,allenka01,27,NYK,PG,10,0,117,14.0,.512,.364,.250,1.8,6.6,4.1,27.0,2.1,1.6,14.1,20.6,0.1,0.1,0.1,.053,-0.3,-0.7,-0.9,0.0
2020,444,mokokad01,21,CHI,SF,11,0,112,8.2,.538,.536,.143,6.6,3.1,4.9,5.0,1.7,0.0,6.3,12.1,0.1,0.1,0.2,.073,-2.9,-1.2,-4.1,-0.1
2020,445,onimi01,22,UTA,SF,10,1,109,9.7,.512,.594,.156,5.2,11.7,8.6,5.1,1.8,1.5,10.5,15.3,0.0,0.1,0.1,.063,-3.1,-1.1,-4.3,-0.1
2020,446,anderju01,26,BRK,SG,10,1,107,3.2,.352,.763,.105,1.0,18.9,10.2,10.1,0.0,4.7,9.1,17.1,-0.2,0.1,-0.1,-0.054,-6.8,-1.0,-7.7,-0.2
2020,447,metuch01,22,SAS,C,18,0,105,22.2,.608,.048,.310,12.3,21.6,16.9,14.9,1.4,5.0,17.3,23.7,0.2,0.1,0.3,.130,1.7,-0.1,1.7,0.1
2020,448,watanyu01,25,MEM,SF,18,0,105,11.2,.480,.235,.235,7.2,12.8,10.0,6.4,2.2,0.8,5.1,15.7,0.0,0.1,0.1,.065,-2.4,0.7,-1.7,0.0
2020,449,hoardja01,20,POR,PF,13,0,103,14.9,.504,.094,.406,14.4,18.1,16.2,5.3,2.3,0.0,9.6,17.2,0.1,0.1,0.2,.093,-0.8,-1.3,-2.1,0.0
2020,450,martije02,23,BRK,PG,9,0,99,21.8,.541,.340,.264,1.1,9.2,5.2,30.8,3.3,1.7,6.3,26.7,0.2,0.1,0.4,.176,1.5,1.7,3.2,0.1
2020,451,thomala01,31,BRK,PF,7,4,98,3.0,.485,.565,.174,2.2,11.4,6.9,8.2,0.0,0.0,19.5,13.1,-0.1,0.1,0.0,-0.015,-5.7,-2.5,-8.2,-0.2
2020,452,brantja01,23,UTA,PF,9,0,96,8.0,.416,.464,.071,2.4,19.9,11.5,15.8,1.5,4.3,19.5,16.3,-0.2,0.1,0.0,-0.006,-5.3,0.7,-4.6,-0.1
2020,453,bolbo01,20,DEN,PF,7,0,87,14.4,.617,.321,.357,6.4,18.0,12.2,9.8,1.1,6.4,23.6,21.2,0.0,0.1,0.1,.063,-2.3,-0.7,-3.0,0.0
2020,454,roberan03,28,OKC,SF,7,0,87,5.4,.335,.483,.069,9.2,24.7,17.1,6.3,0.6,3.0,6.3,16.1,-0.1,0.1,0.0,-0.017,-5.2,-0.2,-5.4,-0.1
2020,455,watsopa01,25,2TM,SF,10,0,87,12.6,.517,.462,.346,2.5,17.9,10.3,12.4,2.2,1.1,9.1,16.1,0.0,0.1,0.2,.097,-1.1,0.9,-0.2,0.0
2020,455,watsopa01,25,ATL,SF,2,0,17,-7.1,.000,.429,.000,0.0,12.8,6.3,21.1,2.7,0.0,0.0,17.1,-0.1,0.0,-0.1,-0.320,-11.5,-1.6,-13.1,0.0
2020,455,watsopa01,25,TOR,SF,8,0,70,17.3,.675,.474,.474,3.1,19.2,11.3,10.3,2.0,1.4,11.6,15.9,0.2,0.1,0.3,.198,1.4,1.4,2.9,0.1
2020,456,johnsbj01,24,ORL,SF,10,0,83,5.4,.412,.281,.313,3.8,16.1,9.7,5.1,1.8,0.0,14.2,22.1,-0.2,0.1,-0.1,-0.074,-5.8,-3.2,-9.0,-0.1
2020,457,vincega01,23,MIA,PG,9,0,83,1.2,.297,.730,.000,0.0,6.5,3.4,10.1,2.9,0.0,2.6,20.2,-0.3,0.1,-0.2,-0.117,-8.5,-1.9,-10.4,-0.2
2020,458,hallde01,24,OKC,PG,11,0,81,3.1,.298,.567,.267,2.8,6.6,4.8,21.3,2.4,1.1,13.0,20.9,-0.3,0.1,-0.2,-0.116,-6.0,-0.7,-6.7,-0.1
2020,459,hortota01,19,LAL,SG,6,1,81,12.3,.535,.433,.133,2.7,6.7,4.7,10.5,4.7,1.1,15.9,19.7,0.0,0.2,0.1,.070,-4.0,2.0,-2.1,0.0
2020,460,grantje02,27,WAS,SG,6,0,80,6.6,.449,.296,.259,2.6,5.7,4.1,15.3,0.6,1.1,9.1,17.2,0.0,0.0,0.0,-0.018,-4.5,-2.0,-6.5,-0.1
2020,461,smithjr01,34,LAL,SG,6,0,79,0.0,.372,.500,.091,0.0,6.9,3.5,4.8,0.6,0.0,14.9,14.3,-0.2,0.1,-0.1,-0.077,-7.8,-2.0,-9.8,-0.2
2020,462,weathqu01,23,SAS,SG,11,0,78,3.2,.336,.294,.118,1.4,8.3,4.8,17.5,1.8,1.1,21.9,12.7,-0.2,0.0,-0.1,-0.071,-6.4,-1.0,-7.4,-0.1
2020,463,jeffeam01,26,ORL,PF,18,0,74,8.9,.372,.000,1.000,14.1,19.5,16.7,7.2,0.7,3.7,13.0,13.5,0.0,0.1,0.0,.023,-4.8,-1.0,-5.8,-0.1
2020,464,wadede01,23,CLE,PF,12,0,71,13.9,.744,.308,.077,4.6,25.3,14.9,4.0,1.4,4.8,18.2,9.9,0.1,0.1,0.2,.105,-1.7,0.5,-1.3,0.0
2020,465,kabenmf01,22,LAC,C,12,0,64,18.2,.614,.625,.156,1.7,15.8,8.9,4.9,1.5,2.8,5.5,23.7,0.1,0.1,0.2,.173,2.3,-0.1,2.2,0.1
2020,466,kinglo02,20,DET,SF,10,0,62,6.2,.448,.524,.143,1.8,16.7,9.2,11.8,1.6,0.0,8.2,17.1,-0.1,0.0,0.0,-0.007,-5.1,-1.1,-6.2,-0.1
2020,467,lawvi01,24,ORL,PF,8,0,62,3.7,.363,.389,.333,3.4,16.2,9.6,6.7,1.6,0.0,8.8,15.8,-0.1,0.1,-0.1,-0.052,-7.0,-2.6,-9.6,-0.1
2020,468,thomakh01,23,DET,SG,8,0,61,3.1,.453,.824,.235,1.8,0.0,0.9,6.7,2.4,0.0,13.8,15.6,-0.1,0.0,0.0,-0.038,-6.2,-1.7,-7.9,-0.1
2020,469,parsoch01,31,ATL,PF,5,0,54,5.6,.389,.778,.000,2.0,12.1,7.0,7.5,3.5,1.6,14.3,16.1,-0.1,0.0,-0.1,-0.065,-4.4,-1.6,-6.0,-0.1
2020,470,cookty01,22,2TM,PF,13,0,54,19.4,.741,.000,.667,12.3,16.6,14.4,2.9,2.7,0.0,16.2,14.7,0.2,0.0,0.2,.182,0.3,-0.5,-0.2,0.0
2020,470,cookty01,22,CLE,PF,11,0,35,23.9,.752,.000,.600,12.6,19.2,15.9,4.5,1.4,0.0,7.3,16.7,0.2,0.0,0.2,.244,2.9,-0.6,2.3,0.0
2020,470,cookty01,22,DEN,SF,2,0,19,11.3,.694,.000,1.000,11.8,11.8,11.8,0.0,5.2,0.0,41.0,11.2,0.0,0.0,0.0,.069,-4.4,-0.4,-4.8,0.0
2020,471,bonejo01,22,DET,PG,10,0,53,0.8,.300,.500,.000,0.0,8.7,4.3,21.0,0.9,0.0,9.1,18.1,-0.1,0.0,-0.1,-0.117,-9.1,-2.8,-11.9,-0.1
2020,472,brazdig01,21,NYK,SF,9,0,53,3.2,.351,.409,.227,3.9,6.2,5.0,10.6,0.0,1.8,7.6,21.0,-0.1,0.0,-0.1,-0.108,-5.1,-3.9,-9.0,-0.1
2020,473,uthofja01,26,2TM,PF,7,0,53,8.8,.503,.500,.111,4.0,8.6,6.1,0.0,0.9,0.0,0.0,14.8,0.0,0.0,0.0,.018,-2.2,-2.4,-4.6,0.0
2020,473,uthofja01,26,MEM,PF,4,0,14,-0.1,.254,.571,.286,7.7,0.0,3.8,0.0,3.3,0.0,0.0,23.4,-0.1,0.0,0.0,-0.166,-10.9,-3.0,-13.9,0.0
2020,473,uthofja01,26,WAS,PF,3,0,39,12.0,.682,.455,.000,2.7,11.7,7.0,0.0,0.0,0.0,0.0,11.7,0.1,0.0,0.1,.083,0.9,-2.2,-1.3,0.0
2020,474,herveke01,23,OKC,PF,10,0,52,5.0,.315,.741,.000,2.2,22.7,12.7,13.9,0.9,1.7,0.0,22.8,-0.2,0.1,-0.1,-0.085,-4.0,-1.1,-5.1,0.0
2020,475,cheatzy01,24,NOP,PF,4,0,51,6.7,.667,.111,.000,6.2,12.5,9.4,7.7,0.9,1.6,30.8,10.4,0.0,0.0,0.0,.034,-6.6,-0.5,-7.2,-0.1
2020,476,willini01,25,UTA,PG,10,0,50,8.1,.415,.438,.125,4.6,8.5,6.6,16.4,2.9,1.7,15.1,17.4,-0.1,0.1,0.0,.017,-5.2,1.3,-3.9,0.0
2020,477,noahjo01,34,LAC,C,5,0,50,11.1,.608,.000,1.000,10.7,22.3,16.6,17.9,0.9,1.8,34.2,14.7,0.0,0.1,0.1,.096,-4.1,2.5,-1.6,0.0
2020,478,robinju01,22,WAS,PG,9,0,49,8.2,.542,.417,.000,2.1,9.3,5.6,18.8,0.0,1.8,20.0,12.7,0.0,0.0,0.0,.007,-2.6,-3.1,-5.7,0.0
2020,479,samanlu01,20,SAS,PF,3,1,48,8.8,.450,.500,.250,2.2,20.2,11.2,16.3,0.0,3.7,10.1,17.8,0.0,0.0,0.0,.011,-2.4,-1.7,-4.1,0.0
2020,480,mitrona01,26,IND,SG,5,0,47,7.8,.412,.706,.000,0.0,16.2,8.2,22.8,1.0,1.9,15.0,18.7,-0.1,0.1,0.0,-0.022,-3.5,2.1,-1.4,0.0
2020,481,boldejo01,24,2TM,C,7,0,47,4.9,.392,.364,.364,7.0,14.3,10.6,0.0,3.0,3.7,13.6,13.4,-0.1,0.1,0.0,-0.006,-8.8,-0.4,-9.2,-0.1
2020,481,boldejo01,24,PHI,C,4,0,14,-2.0,.515,.333,.667,0.0,7.9,3.9,0.0,3.5,0.0,34.0,18.1,-0.1,0.0,0.0,-0.150,-14.1,-0.7,-14.7,0.0
2020,481,boldejo01,24,PHO,C,3,0,33,7.9,.338,.375,.250,10.0,17.0,13.5,0.0,2.9,5.3,0.0,11.4,0.0,0.1,0.0,.054,-6.6,-0.3,-6.9,0.0
2020,482,clevean01,25,DAL,SG,11,0,46,2.5,.340,.214,.357,4.6,11.3,8.0,2.8,1.1,5.6,11.0,16.9,-0.1,0.0,-0.1,-0.076,-9.0,-1.0,-10.1,-0.1
2020,483,vandeja01,20,2TM,PF,11,0,46,7.6,.676,.125,.250,7.3,14.5,10.9,5.9,3.2,2.0,44.1,14.9,-0.1,0.1,0.0,-0.026,-6.8,0.5,-6.3,-0.1
2020,483,vandeja01,20,DEN,PF,9,0,41,7.2,.714,.000,.000,8.2,13.6,10.9,6.6,3.6,2.3,50.0,14.8,-0.1,0.1,0.0,-0.042,-7.3,0.9,-6.4,0.0
2020,483,vandeja01,20,MIN,PF,2,0,5,11.1,.532,1.000,2.000,0.0,21.9,10.6,0.0,0.0,0.0,0.0,15.5,0.0,0.0,0.0,.104,-2.8,-2.8,-5.6,0.0
2020,484,cancavl01,22,DEN,PF,14,0,45,11.4,.507,.400,.267,12.5,12.4,12.4,9.1,1.1,2.1,15.2,19.1,0.0,0.0,0.1,.062,-3.6,-1.2,-4.8,0.0
2020,485,wrighju02,22,UTA,PG,4,0,45,8.8,.437,.500,.200,0.0,11.8,6.1,23.0,2.2,0.0,12.1,24.1,-0.1,0.1,0.0,-0.008,-7.0,-2.0,-9.0,-0.1
2020,486,hasleud01,39,MIA,C,4,1,44,6.5,.470,.273,.364,2.6,36.7,20.3,3.2,0.0,0.0,7.3,13.8,0.0,0.1,0.0,.041,-5.8,-1.6,-7.4,-0.1
2020,487,pargoje01,33,GSW,PG,3,0,44,12.6,.557,.318,.045,2.4,5.1,3.7,33.2,1.1,0.0,15.1,25.7,0.0,0.0,0.0,.011,-2.8,-3.1,-5.9,0.0
2020,488,motlejo01,24,LAC,PF,13,0,41,28.5,.774,.067,.467,7.8,17.3,12.7,32.9,3.5,0.0,21.7,23.5,0.2,0.1,0.3,.299,4.8,3.3,8.1,0.1
2020,489,norveza01,22,2TM,SG,5,0,41,2.6,.402,.667,.083,0.0,16.3,7.9,10.2,2.3,0.0,19.4,16.1,-0.1,0.0,-0.1,-0.084,-7.1,-1.2,-8.4,-0.1
2020,489,norveza01,22,LAL,SG,2,0,5,-5.6,.000,.000,.000,0.0,21.6,10.9,0.0,0.0,0.0,0.0,8.4,0.0,0.0,0.0,-0.152,-10.3,-2.5,-12.8,0.0
2020,489,norveza01,22,GSW,SG,3,0,36,3.7,.437,.727,.091,0.0,15.6,7.5,11.7,2.7,0.0,20.8,17.1,-0.1,0.0,-0.1,-0.075,-6.7,-1.0,-7.7,-0.1
2020,490,brownch02,22,ATL,SG,10,0,40,11.0,.472,.474,.263,5.3,5.5,5.4,7.3,2.3,4.2,12.4,25.1,0.0,0.0,0.0,-0.028,-1.2,-1.4,-2.5,0.0
2020,491,randlch01,26,GSW,PG,3,0,40,6.7,.377,.500,1.500,0.0,5.6,2.7,15.7,2.4,0.0,0.0,7.1,0.0,0.0,0.0,.045,-6.0,0.2,-5.9,0.0
2020,492,magetjo01,30,ORL,PG,8,0,38,5.1,.378,.267,.133,2.7,14.6,8.5,19.2,3.8,2.4,23.9,23.7,-0.2,0.1,-0.1,-0.127,-7.9,1.6,-6.2,0.0
2020,493,thornsi01,25,NOP,SF,2,0,35,14.7,.627,.364,.364,0.0,12.2,6.1,16.1,1.3,2.4,13.6,17.3,0.0,0.0,0.1,.101,0.4,-1.2,-0.8,0.0
2020,494,brownmo01,20,POR,C,9,0,33,6.7,.407,.000,.800,9.6,34.5,22.2,4.0,1.4,2.6,18.2,21.2,-0.1,0.0,0.0,-0.065,-8.2,-1.8,-10.0,-0.1
2020,495,fallta01,24,BOS,C,7,0,33,28.4,.751,.000,.214,3.3,44.9,24.3,5.8,1.5,11.2,16.4,23.7,0.1,0.1,0.2,.223,0.4,6.0,6.5,0.1
2020,496,breweco01,33,SAC,PF,5,0,33,8.7,.470,.250,.750,6.7,21.0,13.6,7.7,5.9,0.0,27.3,9.6,0.0,0.1,0.0,.064,-6.0,2.8,-3.2,0.0
2020,497,chealjo01,24,CHO,PG,4,0,33,-2.9,.127,.571,.286,0.0,0.0,0.0,3.9,6.1,0.0,20.2,13.2,-0.2,0.0,-0.1,-0.188,-14.3,1.7,-12.5,-0.1
2020,498,smithzh01,20,PHI,SF,7,0,32,1.1,.313,.273,.364,0.0,6.9,3.5,8.2,4.5,0.0,13.6,19.9,-0.1,0.1,-0.1,-0.120,-10.2,0.4,-9.8,-0.1
2020,499,lecquja01,19,PHO,SG,5,0,32,2.7,.460,.400,.200,0.0,7.0,3.5,8.6,0.0,0.0,15.5,17.1,0.0,0.0,0.0,-0.065,-6.6,-2.9,-9.5,-0.1
2020,500,bowenbr02,21,IND,SF,6,1,31,0.1,.300,.200,.000,3.6,21.0,12.4,0.0,0.0,2.8,9.1,15.6,-0.1,0.0,-0.1,-0.107,-9.1,-1.8,-10.9,-0.1
2020,501,hernade01,23,TOR,C,6,0,28,12.9,.432,.143,.357,19.3,33.2,26.4,16.4,1.7,0.0,15.6,29.3,0.0,0.1,0.0,.043,-6.6,-3.0,-9.6,-0.1
2020,502,reavejo02,22,DAL,SF,4,0,28,5.8,.405,.222,.222,3.8,7.4,5.6,14.2,0.0,0.0,0.0,15.1,0.0,0.0,0.0,.031,-5.3,-4.0,-9.4,-0.1
2020,503,shayoma01,24,PHI,SG,4,0,28,1.4,.400,.500,.333,3.9,23.7,13.8,4.8,0.0,3.0,17.9,25.8,-0.1,0.0,-0.1,-0.130,-9.3,-3.7,-13.0,-0.1
2020,504,okpalkz01,20,MIA,PF,5,0,26,13.7,.595,.200,.400,4.5,16.6,10.8,5.5,3.8,3.8,14.5,11.7,0.0,0.0,0.1,.118,-1.3,3.7,2.4,0.0
2020,505,mbahalu01,33,HOU,PF,3,0,25,6.4,.425,.400,.400,4.2,4.2,4.2,0.0,3.7,0.0,14.5,11.4,0.0,0.0,0.0,-0.008,-5.2,-2.2,-7.4,0.0
2020,506,pattoju01,22,OKC,C,5,0,24,4.7,.450,.400,.000,4.7,17.9,11.5,12.6,0.0,0.0,16.7,22.0,-0.1,0.0,0.0,-0.063,-6.8,-3.3,-10.1,0.0
2020,507,grayjo01,26,NOP,PG,2,0,23,-5.0,.500,.000,.000,4.6,4.6,4.6,10.4,0.0,0.0,71.4,12.5,-0.1,0.0,-0.1,-0.226,-11.4,-4.7,-16.0,-0.1
2020,508,antetko01,22,LAL,PF,5,0,20,16.3,.902,.000,.667,11.1,5.4,8.2,13.7,0.0,0.0,20.5,10.3,0.1,0.0,0.1,.193,0.2,-0.9,-0.7,0.0
2020,509,moonema01,23,CLE,SG,4,0,19,8.1,.250,.500,.000,0.0,17.7,8.8,6.7,5.1,4.5,0.0,9.0,0.0,0.0,0.0,.007,-5.3,5.0,-0.4,0.0
2020,510,mikaer01,25,SAC,C,1,0,19,13.9,.773,.000,.667,11.6,30.4,20.7,0.0,0.0,0.0,0.0,8.9,0.1,0.0,0.1,.218,-1.9,-1.5,-3.4,0.0
2020,511,ellenhe01,23,BRK,C,5,0,15,-1.3,.143,.571,.000,14.1,27.0,20.7,8.7,0.0,0.0,0.0,19.5,-0.1,0.0,-0.1,-0.183,-7.5,-3.4,-10.9,0.0
2020,512,kiddst01,27,UTA,SG,4,0,15,-13.7,.000,.333,.000,0.0,21.3,11.0,8.0,0.0,0.0,40.0,14.6,-0.1,0.0,-0.1,-0.327,-16.2,-1.4,-17.6,-0.1
2020,513,owensta01,24,PHO,PF,3,0,15,8.4,.340,.400,.400,14.6,7.5,11.1,0.0,3.2,0.0,0.0,16.7,0.0,0.0,0.0,.021,-3.1,-2.7,-5.8,0.0
2020,514,maconda01,24,MIA,PG,4,0,14,-3.1,.500,.667,.000,0.0,0.0,0.0,9.7,0.0,0.0,40.0,15.7,0.0,0.0,0.0,-0.161,-7.3,-4.8,-12.0,0.0
2020,515,anderry01,31,HOU,C,2,0,14,9.4,.357,.714,.000,0.0,52.9,26.2,20.4,3.3,0.0,12.5,23.7,0.0,0.0,0.0,-0.037,-3.3,0.5,-2.8,0.0
2020,516,alexaky01,23,MIA,C,2,0,13,4.7,.500,.000,.000,17.9,8.3,12.9,0.0,0.0,0.0,33.3,10.2,0.0,0.0,0.0,-0.003,-6.4,-3.7,-10.1,0.0
2020,517,hannadu01,26,MEM,SG,2,0,13,21.3,.607,.333,.222,0.0,8.0,4.1,0.0,0.0,0.0,0.0,31.6,0.0,0.0,0.0,.146,5.1,-2.1,3.1,0.0
2020,518,howarwi01,26,HOU,PF,2,0,13,-12.7,.000,1.000,.000,0.0,16.3,8.1,9.1,0.0,0.0,20.0,15.9,-0.1,0.0,-0.1,-0.357,-14.2,-5.4,-19.6,-0.1
2020,519,pondssh01,21,TOR,PG,4,0,11,33.1,.765,.400,.400,0.0,9.4,4.8,32.4,0.0,8.9,0.0,22.8,0.1,0.0,0.1,.450,8.4,5.3,13.7,0.0
2020,520,robyis01,21,OKC,PF,3,0,11,-7.7,.000,.000,.000,0.0,19.5,10.0,0.0,0.0,0.0,50.0,8.0,-0.1,0.0,0.0,-0.188,-12.0,-3.4,-15.4,0.0
2020,521,guyky01,22,SAC,SG,3,0,10,6.6,.400,.600,.000,0.0,11.5,5.6,15.6,0.0,0.0,0.0,21.7,0.0,0.0,0.0,-0.045,-7.5,-4.8,-12.3,0.0
2020,522,cacokde01,23,LAL,C,1,0,9,28.6,.500,.000,.000,24.6,36.1,30.4,20.3,0.0,0.0,0.0,28.1,0.0,0.0,0.0,.226,4.8,-4.6,0.2,0.0
2020,523,harpeja01,22,PHO,PG,3,0,8,-5.3,.250,.500,.000,0.0,0.0,0.0,0.0,0.0,0.0,0.0,21.3,0.0,0.0,0.0,-0.249,-10.1,-5.6,-15.7,0.0
2020,524,strusma01,23,CHI,SF,2,0,6,30.7,.727,.333,.333,17.5,0.0,9.2,0.0,0.0,0.0,0.0,24.4,0.0,0.0,0.0,.316,5.7,-1.7,3.9,0.0
2020,525,crawfja01,39,BRK,SG,1,0,6,33.2,.625,.500,.000,0.0,0.0,0.0,100.0,0.0,0.0,0.0,27.9,0.1,0.0,0.1,.492,12.4,2.6,15.0,0.0
2020,526,zellety01,30,SAS,C,2,0,4,22.4,.250,.000,.000,80.9,26.9,53.9,0.0,0.0,0.0,0.0,43.2,0.0,0.0,0.0,-0.075,-0.3,-22.1,-22.4,0.0
2020,527,newmama01,22,CLE,SG,1,0,4,-11.4,.347,.500,1.000,0.0,0.0,0.0,0.0,0.0,0.0,25.8,41.5,0.0,0.0,0.0,-0.502,-14.5,-11.2,-25.7,0.0
2020,528,boldema01,21,CLE,C,1,0,3,19.8,,,,0.0,74.7,37.0,0.0,16.2,0.0,,0.0,0.0,0.0,0.0,.282,-5.8,11.3,5.4,0.0
2020,529,macurjp01,24,CLE,SG,1,0,1,0.0,,,,0.0,0.0,0.0,0.0,0.0,0.0,,0.0,0.0,0.0,0.0,-0.022,-5.2,-1.2,-6.4,0.0
2020,,,,,,,,,,.565,.384,.260,4.5,15.5,10.0,15.3,1.5,1.8,12.3,19.9,,,,,,,,
2021,1,randlju01,26,NYK,PF,71,71,2667,19.7,.567,.294,.325,3.5,25.7,14.7,27.2,1.2,0.6,13.8,29.3,3.4,4.3,7.8,.140,2.9,0.9,3.8,3.9
2021,2,barrerj01,20,NYK,SG,72,72,2511,13.4,.535,.292,.260,3.0,14.8,8.9,13.8,1.1,0.8,10.5,23.4,0.9,3.1,4.1,.078,-0.9,-0.3,-1.2,0.5
2021,3,jokicni01,25,DEN,C,72,72,2488,31.3,.647,.183,.305,9.4,26.1,17.8,40.4,1.9,1.9,13.1,29.6,12.2,3.4,15.6,.301,9.1,3.0,12.1,8.8
2021,4,hieldbu01,28,SAC,SG,71,71,2433,12.8,.567,.727,.105,1.3,14.1,7.6,14.7,1.2,1.0,11.1,20.7,1.5,0.7,2.2,.044,1.0,-1.6,-0.6,0.9
2021,5,lillada01,30,POR,PG,67,67,2398,25.6,.623,.528,.363,1.4,11.5,6.3,34.6,1.3,0.6,11.6,31.4,9.6,0.8,10.4,.209,7.5,-1.3,6.3,5.0
2021,6,roziete01,26,CHO,SG,69,69,2383,17.1,.575,.504,.178,2.1,11.8,6.9,20.0,1.8,1.1,9.5,24.4,3.3,2.0,5.2,.105,2.2,-0.5,1.6,2.2
2021,7,westbru01,32,WAS,PG,65,65,2369,19.5,.509,.221,.334,4.9,28.6,16.8,48.6,1.7,0.8,18.0,30.2,0.5,3.2,3.7,.075,2.6,1.1,3.7,3.4
2021,8,wiggian01,25,GSW,PF,71,71,2364,15.0,.568,.348,.225,3.7,11.8,7.8,10.9,1.3,2.6,9.8,23.3,1.2,2.7,3.9,.080,0.0,-0.4,-0.4,1.0
2021,9,bridgmi01,24,PHO,SF,72,72,2348,16.4,.667,.471,.196,3.7,11.1,7.5,8.8,1.6,2.4,7.3,14.9,5.4,2.6,8.0,.164,2.4,0.9,3.3,3.1
2021,10,vucevni01,30,2TM,C,70,70,2348,22.9,.560,.315,.112,6.5,30.9,18.5,21.3,1.3,1.8,7.9,29.3,3.3,3.0,6.3,.129,4.9,0.4,5.3,4.4
2021,10,vucevni01,30,ORL,C,44,44,1500,23.5,.565,.317,.121,5.8,30.8,17.9,22.1,1.4,1.7,8.0,29.9,2.1,1.8,3.9,.125,5.5,0.4,5.9,3.0
2021,10,vucevni01,30,CHI,C,26,26,848,21.8,.550,.311,.094,7.8,31.2,19.6,20.0,1.3,2.1,7.8,28.2,1.2,1.2,2.4,.137,3.9,0.5,4.4,1.4
2021,11,edwaran01,19,MIN,SG,72,55,2314,13.9,.523,.429,.225,2.7,13.5,7.9,14.6,1.7,1.3,10.7,27.0,-0.6,1.4,0.8,.017,-0.4,-1.7,-2.1,-0.1
2021,12,tatumja01,22,BOS,SF,64,64,2290,21.3,.576,.368,.258,2.4,20.7,11.5,20.3,1.6,1.3,10.4,30.8,4.1,2.5,6.5,.137,4.2,-0.3,3.9,3.4
2021,13,bookede01,24,PHO,SG,67,67,2270,19.2,.587,.288,.305,1.7,12.1,7.0,20.6,1.2,0.6,12.4,32.7,2.9,2.0,4.9,.104,1.7,-1.4,0.3,1.3
2021,14,middlkh01,29,MIL,SF,68,68,2269,18.2,.588,.340,.220,2.6,15.7,9.4,23.2,1.5,0.4,13.1,25.0,4.1,2.2,6.4,.135,1.7,-0.3,1.3,1.9
2021,15,robindu01,26,MIA,SF,72,72,2262,11.0,.628,.855,.105,0.4,12.1,6.3,8.3,0.9,0.9,9.7,16.6,1.9,1.8,3.7,.079,-0.2,-0.8,-1.0,0.6
2021,16,doncilu01,21,DAL,PG,66,66,2262,25.3,.587,.406,.349,2.7,22.9,12.8,44.1,1.4,1.5,15.3,36.0,5.1,2.6,7.7,.163,6.1,0.7,6.8,5.1
2021,17,covinro01,30,POR,PF,70,70,2243,11.2,.553,.699,.122,2.8,19.8,11.1,6.8,2.2,3.4,10.7,11.5,1.4,2.4,3.7,.080,-1.3,1.5,0.2,1.2
2021,18,onealro01,27,UTA,SF,71,71,2241,9.9,.599,.706,.117,4.4,18.0,11.5,10.4,1.2,1.2,16.7,9.6,2.3,3.3,5.6,.121,-1.2,2.1,1.0,1.7
2021,19,sabondo01,24,IND,PF,62,62,2231,20.6,.601,.179,.363,7.3,28.6,18.0,27.5,1.6,1.2,16.9,24.1,4.0,3.0,6.9,.149,2.3,1.6,3.8,3.3
2021,20,bogdabo02,31,UTA,SF,72,72,2216,14.0,.588,.498,.286,2.0,11.1,6.7,9.1,1.0,0.1,10.9,22.8,2.7,2.5,5.2,.113,0.2,-0.7,-0.4,0.9
2021,21,powelno01,27,2TM,SG,69,58,2205,16.2,.618,.453,.295,2.0,8.8,5.3,9.2,1.8,0.8,10.3,22.6,3.4,1.3,4.7,.103,1.1,-0.7,0.4,1.3
2021,21,powelno01,27,TOR,SG,42,31,1277,17.7,.645,.475,.288,1.6,9.6,5.4,10.0,1.8,0.6,10.8,24.2,2.3,0.9,3.2,.120,2.2,-0.7,1.5,1.1
2021,21,powelno01,27,POR,SF,27,27,928,14.2,.576,.418,.307,2.6,7.8,5.1,8.1,1.8,1.0,9.5,20.5,1.1,0.4,1.5,.078,-0.5,-0.7,-1.2,0.2
2021,22,paulch01,35,PHO,PG,70,70,2199,21.4,.599,.294,.206,1.3,14.5,8.0,40.9,2.2,0.8,14.0,22.6,6.5,2.7,9.2,.201,3.5,1.1,4.6,3.6
2021,23,goberru01,28,UTA,C,71,71,2187,23.5,.683,.007,.646,12.2,33.5,23.3,6.0,0.9,7.0,13.7,17.0,6.1,5.2,11.3,.248,2.1,2.8,4.9,3.8
2021,24,holidju01,31,IND,SG,72,52,2183,10.4,.571,.725,.136,1.6,11.1,6.4,7.0,1.6,1.5,7.5,14.0,1.4,1.8,3.1,.069,-0.9,-0.1,-1.0,0.6
2021,25,okorois01,20,CLE,SG,67,67,2173,7.9,.514,.383,.281,3.4,7.3,5.3,8.6,1.4,1.0,12.0,14.3,-0.1,1.0,0.9,.020,-4.2,-0.9,-5.1,-1.7
2021,26,whiteco01,20,CHI,PG,69,54,2156,12.0,.540,.503,.157,1.5,13.0,7.3,21.8,0.9,0.6,13.9,22.5,0.7,1.7,2.4,.052,-1.2,-1.2,-2.4,-0.2
2021,27,curryst01,32,GSW,PG,63,63,2152,26.3,.655,.587,.289,1.5,15.4,8.5,30.5,1.7,0.3,12.2,34.8,6.5,2.5,9.0,.201,8.3,0.4,8.7,5.8
2021,28,bealbr01,27,WAS,SG,60,60,2147,22.7,.593,.270,.332,3.6,10.4,7.0,21.3,1.5,0.9,10.6,34.1,4.2,1.7,5.9,.132,4.8,-1.4,3.4,2.9
2021,29,adebaba01,23,MIA,C,64,64,2143,22.7,.626,.010,.443,7.7,22.6,15.3,26.9,1.7,3.2,15.0,23.7,5.6,3.2,8.8,.197,2.9,2.0,4.9,3.7
2021,30,harrijo01,29,BRK,SF,69,65,2141,14.1,.663,.628,.089,2.3,10.1,6.4,8.4,1.0,0.6,7.8,16.2,4.1,1.1,5.2,.117,1.6,-1.2,0.4,1.3
2021,31,murrade01,24,SAS,PG,67,67,2139,16.5,.509,.204,.138,2.8,21.1,11.8,25.9,2.3,0.3,10.2,23.4,0.7,2.6,3.3,.074,-0.2,1.0,0.8,1.5
2021,32,huertke01,22,ATL,SG,69,49,2126,12.2,.541,.528,.088,2.0,9.7,6.0,16.3,1.9,0.7,9.4,17.2,1.9,1.7,3.6,.080,-0.6,0.4,-0.3,1.0
2021,33,youngtr01,22,ATL,PG,63,63,2125,23.0,.589,.357,.491,2.0,10.5,6.3,45.5,1.2,0.5,16.2,33.0,5.9,1.3,7.2,.163,5.3,-1.7,3.7,3.0
2021,34,aytonde01,22,PHO,C,69,69,2115,20.3,.653,.029,.252,12.4,26.3,19.5,6.8,1.0,3.4,11.9,18.2,5.3,3.1,8.4,.191,1.1,0.1,1.2,1.7
2021,35,sextoco01,22,CLE,SG,60,60,2115,18.0,.573,.239,.347,3.0,7.0,4.9,22.6,1.4,0.4,11.6,29.7,2.6,0.9,3.5,.080,1.8,-1.9,-0.2,1.0
2021,36,bledser01,31,NOP,SG,71,70,2111,11.5,.533,.486,.267,1.5,11.1,6.3,17.3,1.2,1.1,12.3,18.5,1.1,1.3,2.3,.053,-1.2,-0.9,-2.0,0.0
2021,37,barneha02,28,SAC,PF,58,58,2102,15.4,.626,.399,.366,3.3,17.2,10.2,13.0,1.0,0.4,11.1,17.2,4.0,0.5,4.5,.103,1.5,-1.3,0.2,1.1
2021,38,ingrabr01,23,NOP,SF,61,61,2093,19.2,.584,.341,.291,1.8,13.7,7.8,22.4,1.0,1.6,11.0,28.0,3.9,1.3,5.3,.120,3.3,-1.1,2.2,2.2
2021,39,derozde01,31,SAS,PF,61,61,2056,22.0,.591,.080,.478,2.0,11.6,6.7,32.0,1.3,0.6,9.7,26.1,5.9,1.5,7.4,.172,3.2,-0.1,3.1,2.6
2021,40,moranja01,21,MEM,PG,63,63,2053,16.7,.537,.252,.389,3.0,10.1,6.5,33.5,1.3,0.6,15.3,27.2,1.6,1.6,3.2,.074,1.3,-1.6,-0.4,0.8
2021,41,tateja01,25,HOU,SF,70,58,2043,13.8,.576,.312,.235,6.6,13.2,9.8,13.2,2.0,1.6,12.4,16.4,2.2,1.6,3.8,.088,-1.6,0.3,-1.4,0.3
2021,42,foxde01,23,SAC,PG,58,58,2036,20.7,.565,.288,.376,1.8,9.4,5.5,32.7,2.1,1.1,11.9,31.0,3.4,0.8,4.2,.098,3.1,-1.3,1.8,2.0
2021,43,lavinza01,25,CHI,SG,58,58,2034,21.5,.634,.425,.265,2.0,13.6,7.9,23.4,1.1,1.2,13.9,31.0,4.0,1.8,5.9,.138,4.9,-0.8,4.0,3.1
2021,44,willizi01,20,NOP,PF,61,61,2026,27.1,.649,.033,.510,8.9,14.7,11.8,19.7,1.3,1.8,11.6,29.8,7.1,1.6,8.7,.205,6.1,-0.3,5.8,4.0
2021,45,harrito02,28,PHI,PF,62,62,2014,20.0,.597,.225,.221,3.5,19.2,11.4,17.6,1.3,2.3,9.5,23.9,4.1,3.1,7.1,.170,2.9,0.8,3.7,2.9
2021,46,antetgi01,26,MIL,PF,61,61,2013,29.2,.633,.201,.528,5.3,28.9,17.5,28.7,1.7,3.2,13.2,32.5,6.9,3.3,10.2,.244,6.2,2.8,9.0,5.6
2021,47,siakapa01,26,TOR,PF,56,56,2006,17.7,.547,.256,.313,5.0,17.6,11.1,20.5,1.5,1.8,10.6,26.3,2.3,2.0,4.2,.101,1.0,-0.3,0.8,1.4
2021,48,brownja02,24,BOS,SG,58,58,1999,19.9,.586,.370,.225,3.9,15.5,9.7,16.5,1.8,1.5,11.5,29.7,2.8,2.0,4.8,.115,3.2,-0.7,2.5,2.3
2021,49,brookdi01,25,MEM,SF,67,67,1997,12.1,.515,.361,.189,2.8,7.7,5.2,11.7,1.9,1.2,9.6,26.1,-0.5,1.8,1.4,.033,-2.6,-1.1,-3.7,-0.9
2021,50,olynyke01,29,2TM,PF,70,62,1997,16.4,.610,.528,.251,4.8,22.5,13.6,16.0,1.9,2.1,14.0,19.7,2.5,2.6,5.1,.121,0.3,0.9,1.2,1.6
2021,50,olynyke01,29,MIA,C,43,38,1157,12.1,.549,.646,.106,4.4,21.1,12.9,11.7,1.7,2.4,12.3,17.5,0.3,1.6,1.9,.078,-1.6,1.0,-0.7,0.4
2021,50,olynyke01,29,HOU,PF,27,24,840,22.3,.674,.389,.421,5.2,24.5,14.5,21.9,2.2,1.7,15.7,22.9,2.2,1.0,3.2,.182,2.9,0.9,3.8,1.2
2021,51,hardati02,28,DAL,SG,70,31,1985,15.7,.589,.581,.191,1.1,11.5,6.4,9.8,0.8,0.5,6.1,23.4,3.2,1.2,4.3,.105,2.0,-1.7,0.4,1.2
2021,52,willipa01,19,CHI,PF,71,71,1983,10.5,.562,.261,.237,3.7,14.4,9.1,6.7,1.6,2.0,14.4,14.9,0.3,2.2,2.5,.060,-2.8,0.4,-2.4,-0.2
2021,53,greendr01,30,GSW,PF,63,63,1982,13.3,.530,.332,.232,3.0,20.8,12.0,36.4,2.5,2.3,31.0,13.1,1.2,3.4,4.6,.112,-1.6,3.3,1.7,1.9
2021,54,johnske04,21,SAS,SF,69,67,1968,13.8,.557,.257,.278,4.9,17.6,11.1,8.9,1.0,1.0,9.0,19.2,1.6,1.7,3.3,.079,-0.9,-0.7,-1.6,0.2
2021,55,schrode01,27,LAL,SG,61,61,1956,13.8,.543,.279,.320,1.7,10.3,6.1,26.9,1.7,0.6,15.8,22.9,1.0,2.7,3.8,.093,-1.3,0.2,-1.1,0.4
2021,56,kuzmaky01,25,LAL,SF,68,32,1954,12.7,.546,.502,.128,6.3,17.7,12.0,9.8,0.9,1.9,12.4,20.3,0.4,2.9,3.3,.080,-0.4,-0.1,-0.4,0.8
2021,57,washipj01,22,CHO,PF,64,61,1954,13.4,.549,.423,.211,5.1,18.3,11.6,12.2,1.7,4.0,14.6,19.4,0.3,2.4,2.7,.066,-1.5,0.6,-0.9,0.6
2021,58,bullore01,29,NYK,SF,65,64,1949,11.1,.606,.709,.098,0.9,11.4,6.2,7.4,1.3,0.5,7.1,14.4,2.3,2.3,4.6,.114,-0.9,0.8,-0.1,0.9
2021,59,greenda02,33,PHI,SF,69,69,1934,12.1,.582,.794,.074,3.2,11.5,7.4,8.3,2.3,2.6,10.7,14.0,1.6,3.1,4.6,.115,0.4,1.5,1.9,1.9
2021,60,bridgmi02,22,CHO,PF,66,19,1932,14.7,.625,.466,.182,4.5,18.0,11.1,11.4,1.1,2.7,13.6,17.3,2.4,1.9,4.2,.105,0.2,0.1,0.2,1.1
2021,61,brogdma01,28,IND,PG,56,56,1930,17.9,.561,.382,.181,3.3,13.2,8.3,25.7,1.2,0.6,9.8,25.9,2.9,1.3,4.2,.105,3.0,-0.9,2.1,2.0
2021,62,finnedo01,27,DAL,PF,60,60,1921,12.0,.609,.648,.088,5.7,13.0,9.3,7.2,1.3,1.2,9.0,12.2,2.8,1.6,4.4,.110,0.2,0.0,0.1,1.0
2021,63,portemi01,22,DEN,SF,61,54,1912,20.6,.663,.468,.164,5.4,20.9,13.2,5.6,1.0,2.8,8.1,21.7,4.8,2.1,6.9,.173,4.0,-0.9,3.1,2.5
2021,64,beysa01,21,DET,SF,70,53,1909,12.6,.567,.666,.213,2.5,16.2,9.3,7.6,1.3,0.6,7.4,18.7,1.6,1.7,3.3,.082,0.3,-0.8,-0.5,0.7
2021,65,holidjr01,30,MIL,PG,59,56,1907,20.0,.592,.344,.165,4.2,10.4,7.4,26.3,2.4,1.7,12.6,22.2,4.3,2.2,6.6,.165,2.8,0.6,3.4,2.6
2021,66,lopezbr01,32,MIL,C,70,70,1902,15.4,.611,.439,.222,6.0,13.0,9.6,3.5,1.0,4.8,8.3,16.9,3.1,2.2,5.3,.133,0.0,0.0,0.0,0.9
2021,67,caldwke01,27,LAL,SG,67,67,1902,10.7,.588,.579,.221,1.6,8.9,5.3,9.2,1.6,1.2,10.6,14.2,1.6,2.6,4.2,.107,-1.6,1.0,-0.5,0.7
2021,68,vanvlfr01,26,TOR,SG,52,52,1899,16.8,.534,.547,.220,1.8,11.3,6.4,26.7,2.2,2.0,9.1,23.9,2.4,1.8,4.3,.108,2.2,0.2,2.5,2.2
2021,69,capelca01,26,ATL,C,63,63,1898,24.3,.601,.000,.327,17.5,34.3,26.1,4.1,1.1,6.0,8.4,19.9,4.9,3.3,8.2,.207,2.7,0.0,2.7,2.2
2021,70,anderky01,27,MEM,PF,69,69,1887,17.2,.578,.397,.280,2.9,19.5,11.1,18.3,2.1,2.7,10.4,18.5,2.9,2.7,5.6,.143,1.4,1.9,3.3,2.5
2021,71,irvinky01,28,BRK,PG,54,54,1886,24.4,.614,.348,.201,3.2,11.4,7.5,28.6,1.9,1.7,9.9,30.4,5.8,1.6,7.4,.189,5.7,-0.2,5.5,3.6
2021,72,simmobe01,24,PHI,PG,58,58,1877,18.3,.584,.017,.492,5.6,18.7,12.2,31.3,2.4,1.7,19.6,20.2,2.7,3.3,6.0,.153,0.7,2.2,2.9,2.3
2021,73,inglejo01,33,UTA,SF,67,30,1867,15.9,.672,.722,.160,1.6,11.8,6.9,24.0,1.2,0.5,16.3,16.6,4.7,2.3,7.0,.180,2.6,0.9,3.5,2.6
2021,74,allenja01,22,2TM,C,63,45,1864,20.1,.661,.039,.602,11.6,26.3,18.9,8.7,0.8,4.3,14.1,16.6,4.3,2.1,6.4,.166,1.3,-0.2,1.1,1.4
2021,74,allenja01,22,BRK,C,12,5,320,21.5,.730,.000,.938,13.8,28.6,21.6,8.3,1.1,5.2,19.3,15.5,1.0,0.5,1.4,.216,1.7,0.9,2.6,0.4
2021,74,allenja01,22,CLE,C,51,40,1544,19.8,.649,.046,.549,11.2,25.9,18.3,8.8,0.8,4.1,13.1,16.8,3.4,1.6,5.0,.155,1.2,-0.4,0.8,1.1
2021,75,bacondw01,25,ORL,SG,72,50,1853,9.9,.490,.285,.242,1.7,11.2,6.3,7.9,1.2,0.2,5.4,19.8,-0.3,0.9,0.5,.013,-3.7,-1.4,-5.1,-1.5
2021,76,collijo01,23,ATL,PF,63,63,1848,20.6,.645,.270,.265,7.1,20.3,13.8,6.9,0.9,3.0,8.9,22.2,4.8,1.9,6.7,.174,2.5,-0.2,2.3,2.0
2021,77,poeltja01,25,SAS,C,69,51,1845,17.5,.612,.000,.288,12.4,19.3,15.8,10.1,1.2,5.7,14.6,13.4,3.2,2.5,5.7,.148,-0.5,1.2,0.8,1.3
2021,78,greenje02,34,BRK,PF,68,38,1835,13.0,.624,.472,.304,2.2,13.1,7.9,7.8,0.9,1.3,8.2,15.6,2.9,1.2,4.1,.107,0.0,-0.9,-0.8,0.5
2021,79,batumni01,32,LAC,SF,67,38,1835,12.9,.617,.660,.141,3.2,15.9,9.7,10.5,1.9,1.8,10.8,11.8,2.7,2.3,5.0,.132,0.6,1.5,2.1,1.9
2021,80,grantje01,26,DET,SF,54,54,1829,16.9,.556,.353,.368,2.1,13.2,7.6,14.3,0.9,2.8,9.1,28.5,1.6,1.6,3.2,.083,1.9,-0.8,1.1,1.4
2021,81,georgpa01,30,LAC,SF,54,54,1821,20.5,.598,.437,.239,2.9,18.9,11.1,24.6,1.7,1.2,14.5,30.0,3.0,2.3,5.3,.139,3.9,0.3,4.2,2.9
2021,82,clarkjo01,28,UTA,SG,68,1,1818,17.1,.549,.557,.134,2.9,12.7,8.0,15.3,1.6,0.4,9.2,29.7,1.7,2.5,4.2,.111,1.8,-0.4,1.4,1.6
2021,83,divindo01,24,MIL,SG,66,66,1814,13.0,.542,.574,.118,4.9,16.7,11.0,14.2,1.9,0.7,12.5,16.7,1.5,2.1,3.6,.095,-0.2,0.4,0.2,1.0
2021,84,trentga02,22,2TM,SG,58,38,1802,12.1,.534,.546,.135,1.6,7.7,4.6,6.6,1.5,0.5,4.9,20.9,1.0,0.7,1.7,.045,-0.5,-1.7,-2.3,-0.1
2021,84,trentga02,22,POR,SG,41,23,1262,12.4,.550,.582,.143,1.7,6.1,3.9,6.7,1.4,0.4,5.3,20.1,1.2,0.3,1.5,.056,-0.1,-1.8,-1.9,0.0
2021,84,trentga02,22,TOR,SG,17,15,540,11.3,.501,.475,.119,1.2,11.6,6.2,6.4,1.7,0.7,4.2,22.9,-0.2,0.4,0.2,.019,-1.6,-1.5,-3.1,-0.2
2021,85,hachiru01,22,WAS,PF,57,57,1797,11.4,.549,.211,.248,2.9,15.5,9.2,6.3,1.1,0.3,8.6,18.1,0.7,1.4,2.1,.056,-2.2,-1.0,-3.1,-0.5
2021,86,mccontj01,28,IND,PG,69,3,1796,16.9,.583,.098,.098,3.3,12.1,7.7,34.3,3.4,1.0,20.9,15.3,2.6,2.2,4.8,.128,-0.2,1.7,1.4,1.5
2021,87,richajo01,27,DAL,SG,59,56,1790,11.9,.537,.432,.175,3.2,8.8,6.0,12.1,1.7,1.2,10.6,18.4,1.0,1.4,2.4,.066,-1.5,-0.2,-1.7,0.1
2021,88,garlada01,21,CLE,PG,54,50,1790,14.2,.547,.332,.165,1.4,6.8,4.0,30.9,1.8,0.3,16.0,24.9,0.3,0.9,1.2,.033,0.0,-2.1,-2.1,-0.1
2021,89,holmeri01,27,SAC,C,61,61,1782,20.2,.669,.019,.296,8.8,22.7,15.7,8.3,1.1,4.6,10.3,17.5,4.7,1.4,6.1,.165,0.6,0.0,0.6,1.2
2021,90,maledth01,19,OKC,PG,65,49,1778,8.2,.489,.510,.220,1.4,11.0,6.2,18.8,1.5,0.5,17.3,19.4,-1.9,1.1,-0.8,-0.021,-4.0,-1.0,-5.0,-1.3
2021,91,leonaka01,29,LAC,SF,52,52,1773,26.0,.622,.280,.325,3.6,17.4,10.7,24.9,2.3,1.1,9.2,28.6,6.4,2.4,8.8,.238,6.0,1.3,7.3,4.2
2021,92,rubiori01,30,MIN,PG,68,51,1772,13.5,.516,.430,.301,1.6,12.4,6.8,33.3,2.6,0.2,16.4,16.0,1.9,1.3,3.1,.085,-1.9,0.0,-1.9,0.0
2021,93,mitchdo01,24,UTA,PG,53,53,1771,21.3,.569,.423,.290,3.1,10.6,7.0,26.7,1.4,0.7,10.7,33.5,3.9,2.2,6.2,.167,4.6,-0.2,4.3,2.8
2021,94,kanteen01,28,POR,C,72,35,1758,22.4,.636,.007,.292,16.8,31.9,24.2,7.2,0.9,2.4,11.0,17.4,5.7,1.7,7.5,.204,2.1,-1.4,0.6,1.2
2021,95,valanjo01,28,MEM,C,62,61,1755,24.4,.636,.077,.273,15.1,31.9,23.4,10.0,1.0,2.9,10.7,22.4,5.1,2.6,7.8,.213,3.2,-0.3,3.0,2.2
2021,96,wrighde01,28,2TM,PG,63,39,1748,16.3,.562,.332,.243,4.1,13.1,8.6,23.0,2.8,1.5,12.6,16.3,2.5,1.8,4.3,.117,0.6,1.5,2.2,1.8
2021,96,wrighde01,28,DET,PG,36,31,1052,16.5,.562,.304,.307,3.9,13.6,8.7,25.7,2.7,1.6,12.6,15.8,1.7,1.3,2.9,.134,0.7,2.2,2.8,1.2
2021,96,wrighde01,28,SAC,PG,27,8,696,15.9,.563,.369,.160,4.4,12.5,8.4,18.9,3.0,1.3,12.7,17.1,0.8,0.5,1.3,.092,0.5,0.6,1.2,0.6
2021,97,balllo01,23,NOP,PG,55,55,1747,15.2,.551,.650,.091,2.1,14.3,8.2,25.4,2.3,1.7,14.5,20.5,1.5,1.7,3.2,.089,1.4,0.3,1.7,1.6
2021,98,halibty01,20,SAC,PG,58,20,1746,16.2,.585,.478,.090,2.4,8.6,5.5,24.6,2.1,1.4,12.5,18.1,2.8,0.7,3.5,.096,1.9,-0.5,1.4,1.5
2021,99,butleji01,31,MIA,SF,52,52,1745,26.5,.607,.139,.565,6.3,17.1,11.8,35.1,3.1,1.1,10.6,26.6,6.6,2.7,9.3,.255,5.4,2.3,7.7,4.3
2021,100,bartowi01,30,DEN,SF,56,52,1736,11.8,.538,.423,.199,2.6,12.2,7.4,14.1,1.4,1.3,12.7,19.0,0.7,1.5,2.2,.061,-1.0,-0.8,-1.9,0.1
2021,101,bazleda01,20,OKC,PF,55,55,1714,9.7,.491,.414,.258,3.1,21.2,12.0,8.9,0.8,1.3,13.7,22.1,-2.3,1.4,-0.9,-0.026,-3.1,-1.3,-4.4,-1.0
2021,102,murraja01,23,DEN,PG,48,48,1704,18.3,.592,.399,.193,2.5,10.4,6.5,20.3,1.9,0.7,11.2,24.8,3.1,1.5,4.6,.129,2.7,-0.7,2.0,1.7
2021,103,brunsja01,24,DAL,PG,68,12,1697,17.1,.618,.319,.241,1.8,13.1,7.5,21.3,1.0,0.1,10.3,20.2,3.9,1.1,5.1,.143,1.5,-0.6,0.9,1.2
2021,104,anthoca01,36,POR,PF,69,3,1690,14.6,.547,.418,.198,2.0,11.8,6.8,9.2,1.3,2.0,6.7,23.1,1.7,0.8,2.6,.073,0.2,-1.3,-1.1,0.4
2021,105,townska01,25,MIN,C,50,50,1689,23.1,.612,.360,.355,8.2,26.4,17.0,22.6,1.1,2.9,13.7,29.1,3.8,1.6,5.4,.153,4.3,0.2,4.5,2.8
2021,106,oubreke01,25,GSW,SF,55,50,1687,13.3,.529,.394,.244,5.2,15.4,10.4,6.5,1.6,2.2,8.0,22.1,0.0,2.2,2.2,.062,-1.4,-0.5,-1.9,0.0
2021,107,millspa02,32,SAS,PG,68,1,1685,11.8,.570,.702,.128,1.1,6.3,3.7,13.5,1.2,0.2,9.3,18.4,1.3,0.8,2.2,.062,0.0,-1.2,-1.2,0.4
2021,108,grahade01,25,CHO,PG,55,44,1659,14.6,.552,.713,.236,1.4,8.4,4.8,26.3,1.4,0.4,10.2,21.4,2.5,0.9,3.4,.099,1.8,-1.1,0.7,1.1
2021,109,youngth01,32,CHI,PF,68,23,1652,20.3,.578,.068,.171,11.4,16.9,14.2,27.1,2.2,2.1,16.1,22.3,2.8,2.2,5.1,.147,1.9,1.4,3.3,2.2
2021,110,nunnke01,25,MIA,PG,56,44,1650,14.2,.596,.486,.091,1.5,10.8,6.2,14.5,1.6,0.9,10.5,20.9,1.4,1.5,2.9,.084,-0.1,-0.4,-0.5,0.6
2021,111,crowdja01,30,PHO,PF,60,42,1648,11.8,.574,.772,.152,2.2,16.9,9.7,10.0,1.4,1.5,9.5,15.7,1.4,1.9,3.3,.097,0.3,0.8,1.1,1.3
2021,112,curryse01,30,PHI,SG,57,57,1638,12.9,.607,.507,.139,0.7,8.3,4.6,13.6,1.3,0.4,10.0,17.1,2.3,1.7,4.0,.118,0.1,-0.4,-0.3,0.7
2021,113,herroty01,21,MIA,SG,54,15,1635,13.3,.543,.425,.167,1.8,16.7,9.4,18.0,1.1,1.1,11.9,23.5,0.1,1.6,1.7,.049,-0.3,-1.0,-1.3,0.3
2021,114,mcderdo01,29,IND,PF,66,29,1619,15.6,.635,.430,.147,4.0,10.7,7.4,7.8,0.6,0.3,7.0,20.0,3.1,0.7,3.8,.112,1.4,-2.0,-0.6,0.6
2021,115,zubaciv01,23,LAC,C,72,33,1609,19.1,.693,.010,.434,13.6,22.4,18.1,7.9,0.7,3.4,14.7,15.1,4.8,2.1,6.9,.206,0.6,0.4,1.0,1.2
2021,116,hardeja01,31,2TM,PG,44,43,1609,24.5,.618,.455,.440,2.5,20.6,11.9,44.4,1.6,1.8,16.8,28.4,5.3,1.7,7.0,.208,6.2,1.0,7.2,3.7
2021,116,hardeja01,31,HOU,PG,8,8,290,22.4,.613,.533,.444,1.8,13.8,7.5,46.9,1.1,1.8,17.4,28.7,0.8,0.2,1.0,.159,5.4,-0.6,4.8,0.5
2021,116,hardeja01,31,BRK,PG,36,35,1319,25.0,.619,.437,.439,2.6,22.1,12.9,43.8,1.7,1.8,16.7,28.4,4.5,1.5,6.0,.219,6.4,1.3,7.7,3.2
2021,117,adamsst01,27,NOP,C,58,58,1605,15.1,.596,.010,.438,14.4,20.4,17.4,9.1,1.6,2.2,17.5,11.7,2.3,1.7,4.0,.119,-0.4,0.1,-0.3,0.7
2021,118,lowryky01,34,TOR,PG,46,46,1601,16.5,.593,.555,.268,2.3,15.1,8.5,31.8,1.4,0.9,15.9,21.4,2.9,1.3,4.1,.124,2.0,-0.4,1.6,1.5
2021,119,theisda01,28,2TM,C,65,51,1601,15.0,.609,.326,.236,6.5,18.3,12.4,9.5,1.2,3.3,11.4,15.6,2.4,1.8,4.3,.128,-0.7,0.7,0.0,0.8
2021,119,theisda01,28,BOS,C,42,37,1027,15.0,.625,.330,.233,5.8,18.1,11.9,9.3,1.2,3.9,11.4,15.0,1.7,1.2,2.9,.134,-0.6,1.0,0.4,0.6
2021,119,theisda01,28,CHI,C,23,14,574,14.9,.584,.320,.242,7.6,18.5,13.1,10.0,1.4,2.1,11.3,16.8,0.7,0.7,1.4,.116,-1.0,0.3,-0.7,0.2
2021,120,mccolcj01,29,POR,SG,47,47,1600,20.8,.577,.475,.150,2.0,10.6,6.2,23.0,1.3,1.2,6.5,27.1,4.1,0.6,4.7,.141,5.0,-1.1,3.9,2.4
2021,121,embiijo01,26,PHI,C,51,51,1585,30.3,.636,.171,.610,8.0,29.1,18.7,16.2,1.5,3.9,12.2,35.3,5.6,3.2,8.8,.266,6.3,1.2,7.5,3.8
2021,122,smartma01,26,BOS,PG,48,45,1581,13.8,.539,.553,.318,2.5,9.3,5.9,23.6,2.2,1.4,14.2,18.4,1.8,1.5,3.3,.100,-0.4,0.2,-0.3,0.7
2021,123,harremo01,27,LAL,C,69,1,1580,22.7,.650,.017,.425,11.3,19.1,15.2,7.7,1.4,2.8,9.4,21.7,4.5,2.7,7.3,.221,2.3,0.7,3.0,2.0
2021,124,connapa01,28,MIL,SG,69,4,1575,11.3,.578,.703,.103,4.4,17.3,11.1,6.3,1.5,1.3,7.5,11.6,1.8,1.7,3.5,.108,-0.5,0.5,0.0,0.8
2021,125,jacksjo02,23,DET,SG,62,25,1560,12.0,.516,.364,.308,4.0,14.2,9.1,15.1,1.7,2.6,15.0,26.5,-1.6,1.7,0.1,.004,-2.5,-0.5,-3.0,-0.4
2021,126,noelne01,26,NYK,C,64,41,1547,14.8,.638,.013,.314,10.1,18.4,14.3,4.1,2.3,8.7,20.4,9.2,1.6,3.6,5.2,.162,-2.4,3.8,1.4,1.3
2021,127,jacksre01,30,LAC,SG,67,43,1544,14.2,.576,.482,.140,1.8,11.9,7.0,19.0,1.3,0.4,10.6,19.9,2.3,1.4,3.7,.115,0.6,-0.2,0.4,0.9
2021,128,dortlu01,21,OKC,SG,52,52,1543,10.1,.513,.515,.257,2.5,10.3,6.4,8.8,1.4,1.1,10.0,21.7,-0.6,1.0,0.3,.011,-2.6,-0.9,-3.5,-0.6
2021,129,birchkh01,28,2TM,C,67,22,1529,15.1,.552,.137,.339,11.6,15.3,13.4,8.5,1.5,3.1,9.2,13.6,2.3,1.4,3.8,.118,-1.0,0.1,-1.0,0.4
2021,129,birchkh01,28,ORL,C,48,5,952,14.1,.517,.100,.407,12.3,14.2,13.2,8.0,1.6,2.7,8.5,12.2,1.3,0.8,2.1,.106,-1.7,0.1,-1.6,0.1
2021,129,birchkh01,28,TOR,C,19,17,577,16.9,.596,.181,.257,10.5,17.2,13.7,9.4,1.3,3.8,9.9,15.8,1.1,0.6,1.7,.138,0.1,0.0,0.1,0.3
2021,130,templga01,34,CHI,SG,56,25,1528,8.2,.525,.525,.131,2.1,9.4,5.8,10.5,1.4,1.7,12.6,13.1,0.2,1.4,1.6,.050,-3.3,0.3,-3.0,-0.4
2021,131,walkelo01,22,SAS,SG,60,38,1522,9.8,.523,.463,.115,1.0,10.1,5.4,9.6,0.9,0.8,9.2,20.1,-0.5,0.9,0.4,.012,-2.3,-1.4,-3.7,-0.7
2021,132,banede01,22,MEM,SG,68,17,1519,12.2,.600,.543,.098,2.1,12.6,7.3,10.6,1.3,0.9,10.2,16.1,1.6,1.3,2.9,.093,-0.6,-0.2,-0.8,0.5
2021,133,hillso01,29,ATL,PF,71,16,1513,6.7,.498,.711,.154,3.1,12.2,7.7,6.4,1.6,0.6,11.7,10.4,0.1,1.2,1.3,.040,-3.0,0.5,-2.5,-0.2
2021,134,mcdanja02,20,MIN,PF,63,27,1511,8.9,.552,.540,.123,3.6,13.4,8.3,6.4,1.1,3.4,10.8,12.0,0.5,0.9,1.4,.046,-3.3,-0.2,-3.5,-0.6
2021,135,osmande01,25,CLE,SF,59,26,1510,10.3,.488,.553,.162,2.8,12.4,7.5,17.7,1.7,0.5,11.3,20.4,-0.5,1.0,0.5,.014,-2.3,-0.9,-3.2,-0.5
2021,136,jamesle01,36,LAL,PG,45,45,1504,24.2,.602,.346,.310,2.2,23.6,12.9,41.8,1.6,1.5,15.2,31.9,3.0,2.6,5.6,.179,5.9,2.3,8.1,3.8
2021,137,morrima03,31,LAC,PF,57,29,1502,14.5,.614,.507,.152,2.7,14.5,8.8,5.6,1.1,0.9,8.4,20.1,2.1,1.5,3.6,.115,0.9,-0.8,0.0,0.8
2021,138,plumlma01,30,DET,C,56,56,1499,18.7,.638,.018,.444,10.6,28.1,19.3,21.0,1.4,2.9,18.7,16.3,3.0,2.1,5.1,.164,0.2,2.0,2.2,1.6
2021,139,conlemi01,33,UTA,PG,51,51,1498,19.2,.589,.523,.222,2.7,9.6,6.3,30.6,2.3,0.5,12.4,23.1,4.0,2.1,6.1,.197,3.6,1.3,4.9,2.6
2021,140,haywago01,30,CHO,SF,44,44,1496,17.6,.584,.312,.281,2.6,16.3,9.3,19.5,1.7,0.9,11.0,23.9,2.2,1.4,3.5,.114,1.6,-0.1,1.6,1.4
2021,141,leverca01,26,2TM,SG,47,39,1486,17.8,.531,.317,.221,2.5,13.1,7.8,25.4,2.1,1.7,10.2,28.7,0.9,1.5,2.4,.077,0.9,-0.5,0.4,0.9
2021,141,leverca01,26,BRK,SG,12,4,334,19.1,.516,.315,.170,3.5,13.2,8.6,34.1,1.9,1.6,10.8,31.5,0.3,0.3,0.6,.084,2.1,-0.6,1.5,0.3
2021,141,leverca01,26,IND,SG,35,35,1152,17.4,.535,.318,.238,2.2,13.0,7.6,22.9,2.2,1.7,10.1,27.9,0.6,1.2,1.8,.075,0.5,-0.5,0.0,0.6
2021,142,paytoel01,26,NYK,PG,63,63,1484,11.7,.478,.158,.172,4.7,11.0,7.9,21.6,1.6,0.6,13.3,23.2,-0.9,1.9,1.0,.032,-2.9,-0.1,-3.0,-0.4
2021,143,ballla01,19,CHO,PG,51,31,1469,17.5,.539,.388,.246,4.6,17.9,11.1,33.9,2.7,1.2,16.3,26.1,1.0,1.9,2.8,.093,1.1,0.7,1.8,1.4
2021,144,bertada01,28,WAS,PF,57,7,1464,11.4,.620,.895,.241,1.3,10.8,6.1,4.4,1.0,0.7,5.9,15.9,2.1,1.0,3.1,.101,0.3,-1.1,-0.8,0.4
2021,145,miltosh01,24,PHI,SG,63,4,1461,14.6,.549,.304,.264,2.5,8.5,5.6,20.3,1.3,1.1,12.2,24.9,1.1,1.6,2.8,.091,-0.7,-1.0,-1.6,0.1
2021,146,stewais01,19,DET,C,68,14,1455,16.4,.597,.154,.225,12.0,22.7,17.3,6.3,1.3,5.2,13.0,15.5,1.9,2.1,4.0,.132,-1.6,0.5,-1.1,0.3
2021,147,turnemy01,24,IND,C,47,47,1455,15.3,.599,.477,.329,4.7,18.0,11.4,4.4,1.3,8.8,11.9,16.4,1.1,2.2,3.3,.110,-1.6,2.0,0.4,0.9
2021,148,bouchch01,28,TOR,C,60,14,1453,21.9,.634,.420,.345,8.5,22.5,15.3,6.9,1.2,7.6,6.7,20.5,4.0,2.1,6.1,.201,2.7,0.6,3.3,2.0
2021,149,brownbr01,24,BRK,PG,65,37,1451,16.1,.604,.139,.277,8.9,17.2,13.3,9.8,1.9,1.7,10.2,15.9,2.8,1.5,4.4,.144,-0.4,0.2,-0.1,0.7
2021,150,josepco01,29,2TM,PG,63,13,1446,12.5,.556,.310,.207,2.7,9.7,6.1,21.4,2.0,1.1,14.5,16.3,1.3,0.8,2.1,.069,-1.8,0.0,-1.8,0.1
2021,150,josepco01,29,SAC,PG,44,2,944,9.9,.534,.376,.188,2.9,8.8,5.8,14.9,2.0,0.8,14.0,14.3,0.4,0.3,0.7,.037,-3.0,-0.3,-3.3,-0.3
2021,150,josepco01,29,DET,PG,19,11,502,17.3,.588,.216,.233,2.2,11.2,6.6,33.7,2.1,1.6,15.3,19.9,0.8,0.5,1.4,.130,0.5,0.4,0.9,0.4
2021,151,johnsca02,24,PHO,PF,60,11,1437,11.8,.563,.694,.122,2.6,12.9,7.9,8.0,1.3,1.0,7.3,17.0,1.2,1.4,2.6,.086,0.0,-0.2,-0.2,0.7
2021,152,anunoog01,23,TOR,SF,43,43,1433,15.4,.605,.503,.197,4.0,14.6,9.1,10.1,2.2,2.2,11.7,19.3,1.5,1.6,3.1,.104,0.8,0.4,1.2,1.2
2021,153,willike04,26,OKC,PF,66,13,1426,14.0,.599,.285,.153,6.1,14.0,10.0,16.4,1.8,1.1,14.8,15.3,1.6,1.2,2.8,.096,-1.2,0.5,-0.7,0.4
2021,154,campafa01,29,DEN,PG,65,19,1425,11.6,.558,.686,.289,1.8,8.9,5.3,20.2,2.7,1.0,17.1,13.1,1.6,1.5,3.1,.105,-1.7,1.2,-0.6,0.5
2021,155,robyis01,22,OKC,PF,61,34,1425,11.9,.555,.254,.273,6.4,18.6,12.4,11.4,1.7,2.3,19.0,17.7,-0.3,1.5,1.3,.043,-3.7,0.4,-3.3,-0.5
2021,156,willilo02,34,2TM,PG,66,4,1423,14.0,.519,.268,.268,1.7,8.9,5.4,23.4,1.6,0.4,13.0,25.7,0.5,1.2,1.7,.056,-1.0,-1.5,-2.5,-0.2
2021,156,willilo02,34,LAC,PG,42,3,918,15.7,.529,.277,.277,1.9,8.7,5.4,23.3,2.1,0.4,12.0,26.5,0.7,0.9,1.6,.084,-0.5,-1.0,-1.5,0.1
2021,156,willilo02,34,ATL,PG,24,1,505,10.8,.498,.250,.250,1.3,9.3,5.4,23.7,0.8,0.3,14.9,24.3,-0.2,0.2,0.0,.004,-1.8,-2.5,-4.3,-0.3
2021,157,clarkbr01,24,MEM,PF,59,16,1415,17.3,.560,.156,.228,7.2,17.5,12.3,9.5,2.0,3.2,5.7,17.2,2.2,2.0,4.2,.142,0.4,1.2,1.5,1.3
2021,158,netora01,28,WAS,PG,64,22,1403,13.0,.575,.367,.190,2.1,9.6,5.9,14.0,2.4,0.4,9.9,15.8,1.5,1.3,2.8,.097,-1.4,0.9,-0.6,0.5
2021,159,shamela01,23,BRK,SG,61,12,1403,10.3,.578,.730,.171,0.9,7.6,4.4,9.3,1.1,0.6,8.9,16.7,1.2,0.6,1.8,.063,-0.9,-1.5,-2.4,-0.2
2021,160,gordoaa01,25,2TM,PF,50,50,1384,14.5,.547,.353,.299,6.0,16.4,11.1,17.8,1.2,2.3,14.7,20.7,0.7,1.2,1.9,.066,0.2,-0.1,0.1,0.7
2021,160,gordoaa01,25,ORL,PF,25,25,736,14.9,.537,.382,.358,5.3,18.5,11.7,23.0,1.1,2.5,16.5,23.8,0.0,0.6,0.6,.037,0.5,0.1,0.6,0.5
2021,160,gordoaa01,25,DEN,PF,25,25,648,14.1,.564,.311,.214,6.7,13.9,10.3,11.8,1.3,2.1,11.7,17.2,0.7,0.6,1.3,.099,-0.1,-0.3,-0.4,0.3
2021,161,cartewe01,21,2TM,C,54,44,1375,16.7,.566,.112,.392,10.2,24.6,17.4,11.2,1.2,2.7,12.7,19.3,1.7,1.7,3.4,.118,-1.1,-0.2,-1.3,0.2
2021,161,cartewe01,21,CHI,C,32,25,792,16.3,.578,.087,.440,9.9,24.9,17.5,12.3,1.1,2.6,14.0,19.1,1.1,1.0,2.1,.130,-1.4,0.4,-1.0,0.2
2021,161,cartewe01,21,ORL,C,22,19,583,17.3,.549,.141,.332,10.7,24.1,17.2,9.7,1.4,2.8,11.0,19.5,0.6,0.7,1.2,.103,-0.8,-1.0,-1.7,0.0
2021,162,portibo01,25,MIL,C,66,7,1372,19.9,.598,.263,.122,9.9,25.3,17.9,7.4,1.8,1.7,8.2,20.9,2.8,2.0,4.8,.167,1.8,-0.4,1.5,1.2
2021,163,walkeke02,30,BOS,PG,43,43,1369,17.7,.559,.522,.220,1.3,12.6,6.9,23.8,1.7,0.8,10.6,26.1,2.1,1.1,3.3,.115,2.8,-0.7,2.1,1.4
2021,164,gayru01,34,SAS,PF,63,1,1358,14.7,.532,.443,.162,3.2,20.9,11.9,9.7,1.6,2.5,8.8,23.6,0.0,1.7,1.7,.059,-0.1,0.0,-0.1,0.6
2021,165,tuckepj01,35,2TM,PF,52,33,1356,5.5,.510,.672,.158,3.9,12.3,8.0,5.7,1.4,1.3,17.4,7.2,0.1,0.9,1.0,.034,-4.6,0.5,-4.1,-0.7
2021,165,tuckepj01,35,HOU,PF,32,32,959,5.5,.500,.656,.176,3.5,13.3,8.2,6.1,1.4,1.7,19.0,7.7,-0.2,0.6,0.4,.021,-5.3,0.7,-4.6,-0.6
2021,165,tuckepj01,35,MIL,PF,20,1,397,5.7,.539,.717,.109,4.9,9.7,7.4,4.6,1.2,0.4,12.7,5.8,0.2,0.3,0.5,.065,-2.9,0.0,-2.9,-0.1
2021,166,lopezro01,32,WAS,C,71,9,1354,16.7,.661,.042,.322,11.1,10.2,10.6,5.9,0.5,2.7,13.4,17.1,2.8,0.9,3.7,.131,0.2,-1.2,-1.0,0.4
2021,167,forbebr01,27,MIL,SG,70,10,1354,12.8,.631,.645,.115,0.9,7.6,4.3,4.5,0.8,0.1,7.3,18.5,2.0,0.7,2.7,.096,0.4,-1.7,-1.3,0.2
2021,168,biyombi01,28,CHO,C,66,36,1349,11.7,.574,.004,.434,10.8,17.1,13.9,8.3,0.6,5.4,19.8,11.5,0.9,1.4,2.3,.081,-3.4,0.4,-3.0,-0.4
2021,169,hartjo01,25,NOP,SF,47,4,1349,12.2,.566,.561,.259,4.3,26.1,15.2,10.6,1.4,0.8,11.3,13.5,1.4,1.3,2.7,.097,-1.1,0.3,-0.8,0.4
2021,170,reidna01,21,MIN,C,70,15,1347,18.2,.599,.299,.286,6.4,20.0,12.9,8.7,1.2,4.9,9.5,22.5,1.9,1.3,3.2,.113,-0.1,-0.2,-0.2,0.6
2021,171,rosste01,29,ORL,SG,46,2,1347,13.2,.530,.429,.224,1.1,11.4,6.1,13.2,1.7,1.4,9.9,24.1,-0.1,1.0,0.9,.030,-1.4,-0.8,-2.3,-0.1
2021,172,klebima01,29,DAL,PF,50,40,1341,10.6,.606,.771,.135,3.9,17.4,10.7,6.6,0.9,2.4,9.3,10.6,1.6,1.3,2.9,.103,-0.5,0.5,0.0,0.7
2021,173,iguodan01,37,MIA,SF,63,5,1339,9.2,.519,.734,.153,3.3,15.4,9.4,14.3,2.1,2.7,20.2,11.2,-0.1,1.8,1.7,.062,-2.2,1.8,-0.4,0.5
2021,174,dragigo01,34,MIA,PG,50,11,1337,13.0,.552,.440,.220,2.2,12.1,7.2,25.9,1.2,0.6,16.2,24.5,0.2,1.2,1.3,.048,-1.1,-1.3,-2.3,-0.1
2021,175,bazemke01,31,GSW,SF,67,18,1333,10.6,.564,.469,.199,2.1,16.0,9.1,11.1,2.4,2.2,16.1,16.3,-0.2,2.1,1.8,.065,-2.9,1.7,-1.2,0.2
2021,176,porzikr01,25,DAL,C,43,43,1327,21.3,.582,.378,.202,6.9,24.6,15.8,8.4,0.7,4.1,6.4,26.5,2.6,1.7,4.3,.154,3.0,-0.8,2.2,1.4
2021,177,woodch01,25,HOU,C,41,41,1326,20.0,.591,.322,.309,5.9,26.8,15.9,9.4,1.2,3.2,9.9,25.9,1.4,1.4,2.8,.100,1.7,-0.3,1.4,1.1
2021,178,mykhasv01,23,2TM,SF,66,14,1324,10.4,.529,.621,.099,1.9,11.4,6.6,12.9,1.9,0.8,14.3,20.0,-0.8,1.1,0.3,.010,-1.9,-0.7,-2.6,-0.2
2021,178,mykhasv01,23,DET,SF,36,5,634,10.2,.527,.767,.135,1.9,11.2,6.5,13.5,2.1,0.8,14.2,19.0,-0.3,0.6,0.3,.025,-1.5,-0.2,-1.8,0.0
2021,178,mykhasv01,23,OKC,SF,30,9,690,10.6,.531,.505,.071,1.9,11.6,6.7,12.3,1.7,0.8,14.4,21.0,-0.5,0.5,-0.1,-0.004,-2.2,-1.1,-3.3,-0.2
2021,179,jonesde02,23,POR,SF,58,43,1318,11.9,.576,.447,.299,6.1,10.7,8.3,4.8,1.4,3.7,8.5,12.3,1.6,0.8,2.4,.089,-1.4,0.0,-1.4,0.2
2021,180,markkla01,23,CHI,PF,51,26,1317,15.2,.619,.568,.177,3.0,19.4,11.3,5.0,1.0,1.0,8.5,20.2,1.7,1.3,3.0,.109,1.0,-0.9,0.1,0.7
2021,181,satorto01,29,CHI,SG,58,18,1307,13.8,.614,.359,.240,2.6,9.4,6.0,27.9,1.5,0.9,20.9,15.2,1.9,1.1,3.1,.113,-0.6,0.1,-0.5,0.5
2021,182,bogdabo01,28,ATL,SG,44,27,1305,17.6,.616,.589,.078,1.7,11.5,6.7,17.6,1.8,0.9,8.5,21.3,2.8,1.1,3.9,.142,3.3,0.3,3.6,1.8
2021,183,hortota01,20,LAL,SG,65,4,1304,12.9,.536,.268,.264,2.2,12.3,7.3,20.8,2.4,1.4,16.1,21.7,-0.1,2.2,2.1,.078,-2.6,1.5,-1.2,0.3
2021,184,thybuma01,23,PHI,SG,65,8,1298,10.1,.508,.588,.074,2.6,7.8,5.3,6.3,3.9,4.9,11.3,9.4,0.1,2.7,2.8,.102,-2.6,4.5,1.9,1.3
2021,185,walljo01,30,HOU,PG,40,40,1288,15.4,.503,.343,.291,1.3,9.7,5.3,36.2,1.5,2.1,14.7,31.7,-1.0,0.8,-0.2,-0.007,1.2,-1.9,-0.7,0.4
2021,186,thomptr01,29,BOS,C,54,43,1287,14.2,.540,.009,.368,14.5,23.5,19.0,7.2,0.9,2.4,14.1,14.8,1.5,1.4,2.9,.107,-1.5,-1.0,-2.5,-0.2
2021,187,rosede01,32,2TM,PG,50,3,1279,18.3,.550,.211,.208,1.7,9.3,5.5,28.0,1.9,1.4,10.5,25.8,1.6,1.6,3.1,.118,1.6,0.3,1.9,1.3
2021,187,rosede01,32,DET,PG,15,0,342,17.1,.517,.212,.272,1.9,7.6,4.7,32.5,2.6,1.0,12.3,30.0,0.0,0.3,0.4,.051,0.7,-0.2,0.6,0.2
2021,187,rosede01,32,NYK,PG,35,3,937,18.8,.565,.211,.180,1.6,10.0,5.9,26.3,1.7,1.5,9.6,24.3,1.5,1.2,2.8,.142,1.9,0.5,2.4,1.0
2021,188,anthoco01,20,ORL,PG,47,34,1273,12.1,.496,.312,.237,3.0,15.4,9.0,24.2,1.1,1.3,14.8,24.3,-0.9,0.9,0.0,-0.001,-1.9,-1.4,-3.3,-0.4
2021,189,pritcpa01,23,BOS,SG,66,4,1268,12.4,.582,.593,.108,2.9,11.1,6.9,13.3,1.4,0.7,10.8,16.7,1.6,0.9,2.5,.095,-0.3,-0.4,-0.7,0.4
2021,190,mannte01,24,LAC,SG,67,10,1263,13.8,.603,.260,.269,5.1,16.1,10.8,11.3,1.1,0.9,9.3,15.1,2.4,1.3,3.7,.141,-0.5,0.3,-0.2,0.6
2021,191,allengr01,25,MEM,SG,50,38,1259,12.8,.586,.662,.220,1.6,12.0,6.7,11.5,1.7,0.6,9.6,16.8,1.5,1.2,2.7,.101,-0.2,0.1,-0.2,0.6
2021,192,fournev01,28,2TM,SF,42,36,1259,16.7,.598,.523,.253,0.8,10.2,5.4,18.6,1.8,1.4,10.8,23.1,1.8,1.0,2.8,.107,1.5,-0.4,1.1,1.0
2021,192,fournev01,28,ORL,SF,26,26,787,18.2,.604,.509,.333,0.6,9.5,4.9,20.9,1.7,1.0,11.3,26.2,1.2,0.5,1.7,.104,2.3,-0.6,1.7,0.7
2021,192,fournev01,28,BOS,SF,16,10,472,14.1,.584,.552,.081,1.2,11.4,6.3,14.9,2.1,2.0,9.6,18.0,0.6,0.5,1.1,.111,0.1,0.1,0.3,0.3
2021,193,avdijde01,20,WAS,SF,54,32,1257,7.6,.515,.538,.144,1.9,20.2,11.0,6.3,1.2,1.0,9.0,12.0,0.0,1.2,1.2,.046,-3.6,0.4,-3.1,-0.4
2021,194,burksal01,29,NYK,SG,49,5,1255,14.8,.564,.492,.236,1.8,17.6,9.8,13.2,1.2,1.1,8.2,21.3,1.5,1.8,3.3,.126,0.9,0.6,1.5,1.1
2021,195,jordade01,32,BRK,C,57,43,1246,17.1,.736,.004,.369,10.9,26.1,18.9,10.1,0.7,4.6,22.7,13.1,2.4,1.5,3.9,.152,0.1,1.0,1.0,0.9
2021,196,quickim01,21,NYK,PG,64,3,1243,15.8,.557,.522,.300,2.2,9.7,6.0,16.2,1.2,0.9,8.1,25.6,1.8,1.4,3.2,.125,1.4,-0.5,0.9,0.9
2021,197,drumman01,27,2TM,C,46,46,1242,19.4,.519,.014,.358,14.8,35.2,24.9,13.2,2.5,3.5,15.8,27.6,-0.6,2.5,2.0,.077,-1.7,0.5,-1.2,0.3
2021,197,drumman01,27,CLE,C,25,25,722,20.5,.500,.021,.339,15.3,37.5,26.1,16.2,2.7,3.6,15.6,31.3,-0.8,1.3,0.6,.037,-1.0,0.2,-0.8,0.2
2021,197,drumman01,27,LAL,C,21,21,520,17.9,.554,.000,.396,14.1,32.0,23.1,9.0,2.2,3.4,16.0,22.4,0.2,1.2,1.4,.133,-2.7,1.0,-1.7,0.0
2021,198,kennalu01,24,LAC,SG,63,17,1232,12.7,.608,.541,.075,1.4,13.0,7.3,11.9,0.9,0.7,10.1,17.1,1.6,1.1,2.7,.105,0.3,-0.5,-0.2,0.6
2021,199,brownst02,25,HOU,SG,51,14,1229,11.1,.597,.642,.093,3.2,16.8,9.7,8.4,1.5,0.9,10.5,13.5,1.0,0.8,1.8,.071,-1.6,0.0,-1.6,0.1
2021,200,diallha01,22,2TM,SF,52,9,1226,14.3,.541,.174,.426,5.1,18.8,11.9,13.3,1.6,1.7,12.0,22.2,0.3,1.3,1.6,.063,-2.2,0.1,-2.1,0.0
2021,200,diallha01,22,OKC,SG,32,5,761,15.0,.536,.138,.444,5.0,17.7,11.3,16.4,1.9,1.4,12.1,22.5,0.3,0.8,1.0,.065,-2.1,0.6,-1.5,0.1
2021,200,diallha01,22,DET,SF,20,4,465,13.1,.549,.237,.393,5.2,20.6,12.8,8.3,1.1,2.2,11.7,21.6,0.1,0.5,0.6,.059,-2.4,-0.8,-3.2,-0.1
2021,201,jonesty01,24,MEM,PG,70,9,1222,15.0,.511,.339,.109,1.8,10.4,6.1,28.6,2.5,0.4,10.0,16.6,1.5,1.3,2.8,.110,-0.1,0.9,0.8,0.9
2021,202,gallida01,32,ATL,PF,51,4,1222,16.3,.613,.535,.366,1.6,17.0,9.5,9.2,1.2,0.7,7.2,21.2,2.7,1.0,3.7,.146,1.7,-0.6,1.1,1.0
2021,203,carusal01,26,LAL,PG,58,6,1216,11.1,.547,.449,.249,2.9,12.8,7.9,18.1,2.6,1.1,18.3,14.8,0.3,2.1,2.4,.095,-2.5,2.5,0.0,0.6
2021,204,beaslma01,24,MIN,SG,37,36,1214,14.6,.570,.535,.133,2.4,12.4,7.2,11.6,1.2,0.5,8.6,24.0,0.9,0.4,1.3,.053,1.6,-1.8,-0.2,0.6
2021,205,wadede01,24,CLE,PF,63,19,1212,11.3,.573,.685,.125,3.4,16.8,9.9,8.9,1.4,1.5,8.4,12.9,1.1,0.9,2.0,.080,-1.1,-0.1,-1.3,0.2
2021,206,morrima02,31,LAL,PF,61,27,1200,9.3,.509,.553,.132,4.5,20.3,12.5,8.6,0.9,1.4,11.9,16.4,-0.2,1.8,1.6,.062,-2.9,0.3,-2.6,-0.2
2021,207,okogijo01,22,MIN,SG,59,37,1197,9.1,.524,.425,.425,5.5,8.7,7.1,7.0,2.1,2.0,12.5,12.1,0.5,0.8,1.3,.051,-3.7,0.3,-3.3,-0.4
2021,208,howardw01,35,PHI,C,69,6,1196,17.8,.610,.066,.693,17.8,35.3,26.7,7.2,1.2,4.7,22.1,18.2,1.3,2.6,4.0,.159,-2.1,0.6,-1.5,0.1
2021,209,morrimo01,25,DEN,PG,47,13,1196,14.0,.574,.346,.189,1.0,8.0,4.6,17.1,1.4,1.1,7.5,16.5,2.0,0.8,2.9,.115,0.1,-0.5,-0.3,0.5
2021,210,russeda01,24,MIN,PG,42,26,1196,17.6,.555,.475,.229,1.4,8.9,5.0,33.6,1.8,1.3,13.5,29.1,1.0,0.6,1.6,.063,3.3,-1.7,1.6,1.1
2021,211,griffbl01,31,2TM,PF,46,30,1186,12.9,.546,.499,.285,3.4,17.4,10.5,17.0,1.3,1.1,11.8,19.3,0.9,1.1,2.0,.081,-0.8,0.0,-0.8,0.3
2021,211,griffbl01,31,DET,PF,20,20,626,9.8,.491,.559,.279,1.2,17.4,9.2,18.4,1.1,0.3,11.4,19.6,-0.2,0.5,0.3,.026,-1.9,-0.3,-2.2,-0.1
2021,211,griffbl01,31,BRK,PF,26,10,560,16.3,.610,.429,.291,5.8,17.5,11.9,15.5,1.6,2.0,12.3,18.9,1.1,0.6,1.7,.142,0.5,0.3,0.8,0.4
2021,212,gilgesh01,22,OKC,SG,35,35,1180,21.6,.623,.301,.405,1.7,13.1,7.3,31.2,1.1,1.7,13.7,27.8,2.7,0.8,3.5,.143,3.9,0.2,4.1,1.8
2021,213,holidaa01,24,IND,PG,66,8,1176,9.2,.503,.417,.190,1.4,6.8,4.1,14.0,1.8,0.9,12.3,19.5,-0.6,0.8,0.2,.009,-3.3,-0.9,-4.2,-0.7
2021,214,millspa01,35,DEN,PF,56,36,1162,16.4,.565,.357,.244,7.4,18.1,12.8,11.6,2.2,3.0,10.3,18.6,1.7,1.6,3.2,.133,0.3,0.7,1.0,0.9
2021,215,davisan02,27,LAL,PF,36,36,1162,22.1,.556,.163,.349,6.0,21.5,13.8,16.4,1.9,4.5,9.5,29.2,1.3,2.4,3.7,.152,2.6,2.2,4.8,2.0
2021,216,looneke01,24,GSW,C,61,34,1161,11.9,.575,.086,.244,10.9,18.6,14.8,13.4,0.8,1.7,14.5,9.4,2.0,1.4,3.4,.139,-1.8,1.0,-0.9,0.3
2021,217,duranke01,32,BRK,PF,35,32,1157,26.4,.666,.313,.395,1.3,21.3,11.8,27.5,1.0,3.4,14.5,31.2,3.7,1.2,5.0,.206,6.4,0.8,7.2,2.7
2021,218,niangge01,27,UTA,PF,72,10,1154,11.4,.602,.721,.057,2.7,13.0,8.1,7.3,1.1,0.6,10.9,17.4,1.2,1.4,2.6,.108,-0.4,0.1,-0.3,0.5
2021,219,vandeja01,21,MIN,PF,64,30,1139,16.2,.612,.021,.432,10.8,24.7,17.5,9.3,2.7,3.5,15.9,12.3,1.6,1.5,3.1,.132,-1.4,1.4,-0.1,0.5
2021,220,willigr01,22,BOS,PF,63,9,1138,7.5,.546,.522,.206,4.7,12.8,8.7,7.4,1.4,2.0,17.2,12.3,0.1,1.0,1.1,.046,-4.0,0.3,-3.7,-0.5
2021,221,okekech01,22,ORL,PF,45,19,1133,11.8,.511,.435,.123,3.7,13.2,8.3,13.2,2.1,1.8,10.0,14.5,0.3,1.0,1.3,.056,-1.9,0.5,-1.5,0.1
2021,222,matthwe02,34,LAL,SG,58,10,1130,7.2,.517,.782,.163,2.0,7.2,4.6,6.3,1.6,1.3,8.8,11.4,0.2,1.5,1.7,.073,-3.1,1.4,-1.7,0.1
2021,223,augusdj01,33,2TM,PG,57,12,1129,12.1,.570,.633,.274,1.9,7.0,4.4,22.2,1.2,0.1,14.5,16.8,1.5,0.5,2.1,.088,-0.6,-1.5,-2.1,0.0
2021,223,augusdj01,33,MIL,PG,37,6,713,10.2,.542,.672,.208,1.7,5.5,3.7,18.6,1.3,0.1,14.0,14.3,0.8,0.4,1.2,.080,-1.3,-0.9,-2.2,0.0
2021,223,augusdj01,33,HOU,PG,20,6,416,15.5,.604,.583,.358,2.2,9.4,5.6,28.3,0.9,0.0,15.1,21.0,0.8,0.1,0.9,.103,0.6,-2.6,-2.0,0.0
2021,224,greenja01,30,DEN,PF,58,5,1120,13.6,.590,.529,.152,8.6,19.4,14.0,6.4,1.1,1.9,11.7,17.6,1.4,1.2,2.6,.110,-0.5,-1.0,-1.5,0.1
2021,225,baglema01,21,SAC,PF,43,42,1112,16.3,.554,.220,.273,10.4,21.5,15.9,5.8,0.9,1.6,9.7,23.5,0.9,0.5,1.4,.059,-0.4,-2.7,-3.1,-0.3
2021,226,toscaju01,27,GSW,SG,53,16,1107,12.6,.676,.440,.148,2.8,19.6,11.3,18.1,1.7,2.1,21.5,11.0,1.4,1.6,3.0,.130,-1.4,2.2,0.8,0.8
2021,227,simonan01,21,POR,SG,64,0,1104,12.3,.589,.703,.142,1.3,12.5,6.8,11.4,0.8,0.6,9.2,18.3,1.5,0.3,1.8,.078,0.6,-1.6,-1.0,0.3
2021,228,nancela02,28,CLE,PF,35,27,1091,13.2,.557,.419,.180,5.4,19.0,12.1,14.4,2.8,1.4,15.8,13.9,0.5,1.3,1.8,.080,-1.4,1.8,0.4,0.7
2021,229,pokusal01,19,OKC,PF,45,28,1090,6.1,.430,.507,.103,2.8,17.6,10.1,13.1,0.9,3.4,18.8,20.5,-2.9,1.0,-1.9,-0.084,-5.1,-1.0,-6.1,-1.1
2021,230,doziepj01,24,DEN,SG,50,6,1088,10.4,.501,.420,.186,3.7,15.3,9.5,11.2,1.4,2.0,10.7,17.2,0.1,1.1,1.1,.051,-2.3,-0.4,-2.6,-0.2
2021,231,tillmxa01,22,MEM,PF,59,12,1085,14.7,.605,.217,.177,7.2,18.0,12.5,9.4,1.9,2.7,12.3,14.3,1.4,1.5,2.9,.127,-1.3,1.1,-0.2,0.5
2021,232,oladivi01,28,3TM,SG,33,33,1080,14.3,.512,.415,.240,1.2,15.1,8.0,22.8,2.0,1.2,11.5,28.5,-0.6,1.0,0.4,.017,-0.9,-0.8,-1.7,0.1
2021,232,oladivi01,28,IND,SG,9,9,300,15.5,.535,.454,.243,0.4,18.0,9.2,18.7,2.4,0.5,9.7,26.4,0.0,0.3,0.4,.063,0.0,-0.1,-0.2,0.1
2021,232,oladivi01,28,HOU,SG,20,20,669,14.9,.508,.402,.218,1.2,14.5,7.6,25.3,1.7,1.3,10.9,29.8,-0.3,0.5,0.1,.009,-0.3,-1.0,-1.3,0.1
2021,232,oladivi01,28,MIA,SG,4,4,111,8.1,.471,.395,.419,3.1,11.1,7.2,18.9,3.1,1.9,21.6,26.4,-0.3,0.2,-0.1,-0.060,-7.1,-1.6,-8.7,-0.2
2021,233,harriga01,26,2TM,SG,39,38,1080,9.1,.511,.409,.226,2.1,5.9,4.0,10.3,1.3,1.0,8.9,16.7,0.2,0.6,0.7,.033,-2.8,-1.3,-4.2,-0.6
2021,233,harriga01,26,DEN,SG,19,19,581,9.3,.544,.481,.192,2.5,6.6,4.6,7.1,1.4,0.7,7.6,13.8,0.4,0.4,0.8,.065,-2.2,-0.6,-2.8,-0.1
2021,233,harriga01,26,ORL,SG,20,19,499,9.0,.485,.349,.254,1.6,5.2,3.3,14.0,1.1,1.3,9.9,20.2,-0.2,0.2,0.0,-0.005,-3.6,-2.2,-5.8,-0.5
2021,234,payneca01,26,PHO,PG,60,1,1079,17.4,.602,.420,.142,1.7,13.2,7.6,28.1,1.6,1.3,12.5,19.8,2.4,1.2,3.6,.158,2.1,1.0,3.1,1.4
2021,235,leeda03,28,GSW,SG,57,1,1079,11.8,.636,.708,.161,2.2,15.4,8.9,9.1,1.7,0.7,9.3,12.8,1.4,1.3,2.7,.119,-0.7,0.9,0.2,0.6
2021,236,daviste02,23,2TM,SG,61,4,1074,12.7,.555,.586,.121,2.0,14.1,7.9,11.4,2.0,1.2,11.6,21.8,0.1,0.8,0.8,.038,-0.9,-0.9,-1.7,0.1
2021,236,daviste02,23,TOR,SG,34,4,493,11.1,.537,.581,.086,1.9,13.2,7.4,11.6,1.7,1.4,11.7,21.6,-0.2,0.4,0.3,.026,-1.8,-0.8,-2.6,-0.1
2021,236,daviste02,23,SAC,SG,27,0,581,14.0,.570,.589,.150,2.1,14.9,8.4,11.3,2.2,1.0,11.5,21.9,0.2,0.3,0.6,.047,-0.1,-0.9,-0.9,0.2
2021,237,martike04,20,HOU,SF,45,8,1068,14.6,.590,.302,.264,7.0,17.6,12.1,6.8,1.3,3.4,9.7,15.6,1.3,0.9,2.2,.099,-1.4,-0.4,-1.8,0.0
2021,238,whitede01,26,SAS,SG,36,32,1064,15.0,.550,.536,.252,1.3,9.6,5.4,17.4,1.2,2.9,8.2,22.4,1.0,0.9,1.9,.085,1.3,0.0,1.3,0.9
2021,239,korkmfu01,23,PHI,SG,55,11,1062,12.8,.544,.634,.193,1.8,9.8,5.9,11.1,2.2,0.8,9.1,20.5,0.6,1.5,2.0,.092,-0.3,0.2,-0.1,0.5
2021,240,vassede01,20,SAS,SF,62,7,1056,10.6,.524,.495,.168,2.4,15.4,8.8,7.1,2.0,1.4,6.3,14.3,0.4,1.1,1.5,.069,-2.2,0.7,-1.5,0.1
2021,241,wanambr01,31,2TM,PG,61,0,1053,9.5,.489,.284,.338,1.8,8.8,5.3,22.5,1.9,1.0,17.1,16.9,-0.2,1.0,0.9,.039,-4.4,0.3,-4.0,-0.5
2021,241,wanambr01,31,GSW,PG,39,0,625,8.5,.468,.353,.324,1.4,9.8,5.6,20.8,2.0,0.8,15.8,16.0,-0.2,0.7,0.5,.036,-4.4,0.9,-3.5,-0.2
2021,241,wanambr01,31,CHO,PG,22,0,428,10.9,.518,.190,.357,2.5,7.5,4.9,25.0,1.9,1.2,18.9,18.1,0.1,0.3,0.4,.044,-4.4,-0.5,-4.8,-0.3
2021,242,luwawti01,25,BRK,SF,58,7,1050,7.8,.493,.671,.121,3.1,10.1,6.8,8.6,1.5,0.5,10.3,17.4,-0.3,0.7,0.3,.015,-3.2,-1.2,-4.4,-0.6
2021,243,meltode01,22,MEM,PG,52,1,1045,15.2,.568,.537,.130,3.0,13.4,8.2,17.5,2.7,2.7,13.7,19.5,0.7,1.5,2.2,.103,0.6,1.7,2.3,1.1
2021,244,johnsja01,33,2TM,PF,51,12,1043,11.4,.510,.367,.232,3.4,15.1,9.3,12.9,2.0,3.8,13.2,17.1,-0.1,1.3,1.2,.055,-2.7,1.5,-1.2,0.2
2021,244,johnsja01,33,DAL,PF,29,1,504,12.2,.526,.414,.200,3.1,15.6,9.4,13.7,2.3,4.2,14.6,16.2,0.0,0.7,0.8,.073,-2.0,2.5,0.5,0.3
2021,244,johnsja01,33,NOP,PF,22,11,539,10.6,.498,.330,.258,3.6,14.7,9.2,12.2,1.6,3.3,12.1,18.0,-0.1,0.5,0.4,.039,-3.3,0.5,-2.7,-0.1
2021,245,favorde01,29,UTA,C,68,0,1039,19.7,.663,.008,.329,14.7,23.3,19.2,6.0,1.5,5.3,11.5,13.0,2.9,2.2,5.1,.237,0.3,2.4,2.6,1.2
2021,246,mathega01,24,WAS,SG,64,24,1038,9.7,.635,.835,.401,1.6,7.2,4.4,3.1,1.3,0.6,3.5,11.5,1.7,0.6,2.3,.108,-1.7,-0.1,-1.8,0.1
2021,247,valende01,27,CHI,SG,62,3,1036,10.1,.479,.582,.041,2.6,18.3,10.5,14.0,1.4,0.6,9.0,19.5,-0.4,1.1,0.7,.032,-2.2,-0.4,-2.7,-0.2
2021,248,ellinwa01,33,DET,SG,46,31,1012,12.2,.625,.814,.104,1.3,8.1,4.7,10.2,0.9,0.8,8.5,16.7,1.3,0.5,1.9,.088,1.1,-1.3,-0.2,0.5
2021,249,alexani01,22,NOP,SG,46,13,1007,12.5,.522,.478,.144,1.4,14.1,7.8,14.7,2.2,2.1,12.4,23.2,-0.3,1.0,0.7,.035,-1.4,0.1,-1.3,0.2
2021,250,johnsst04,24,TOR,PF,61,13,1006,8.8,.519,.588,.236,3.1,14.1,8.4,12.0,2.5,1.8,17.4,13.4,-0.1,1.1,1.0,.048,-3.8,1.2,-2.5,-0.1
2021,251,zelleco01,28,CHO,C,48,21,1005,18.2,.599,.086,.367,12.6,22.9,17.7,13.2,1.3,1.7,11.9,18.3,2.1,1.1,3.3,.156,-0.2,-0.2,-0.5,0.4
2021,252,gasolma01,36,LAL,C,52,42,993,12.2,.606,.629,.258,4.3,19.9,12.2,14.7,1.3,5.2,19.7,11.8,0.8,1.9,2.8,.133,-1.4,3.7,2.3,1.1
2021,253,snellto01,29,ATL,SG,47,23,992,9.5,.708,.637,.064,2.0,10.2,6.2,7.9,0.6,1.0,10.7,8.6,1.6,0.5,2.0,.099,-0.4,-0.1,-0.5,0.4
2021,254,poolejo01,21,GSW,SG,51,7,988,15.1,.581,.582,.251,1.6,8.2,5.0,15.4,1.2,0.8,8.8,25.0,1.1,0.9,1.9,.094,0.7,-1.2,-0.5,0.4
2021,255,ennisja01,30,ORL,SF,41,37,986,12.5,.613,.428,.358,4.4,13.4,8.7,9.3,1.6,0.6,11.3,13.9,1.3,0.7,2.0,.097,-1.9,-0.3,-2.2,-0.1
2021,256,williro04,23,BOS,C,52,13,985,25.7,.719,.008,.283,14.9,25.6,20.2,14.2,2.1,8.6,15.2,15.0,3.4,1.9,5.3,.258,2.9,3.1,6.0,2.0
2021,257,baynear01,34,TOR,C,53,31,980,10.5,.503,.339,.135,9.4,21.7,15.3,7.0,0.8,2.3,12.5,16.2,0.1,0.9,1.0,.049,-3.4,-1.1,-4.5,-0.6
2021,258,lenal01,27,2TM,C,64,42,979,16.4,.643,.090,.417,8.5,19.7,14.1,7.0,0.9,5.6,14.3,16.3,1.5,1.3,2.7,.133,-1.2,1.0,-0.1,0.5
2021,258,lenal01,27,TOR,C,7,2,76,4.3,.633,.600,.600,0.0,16.5,8.0,5.2,0.6,7.9,38.8,11.7,-0.1,0.1,-0.1,-0.033,-6.5,2.5,-4.0,0.0
2021,258,lenal01,27,WAS,C,57,40,903,17.5,.643,.071,.410,9.2,20.0,14.6,7.2,1.0,5.4,12.9,16.7,1.6,1.2,2.8,.147,-0.7,0.9,0.2,0.5
2021,259,bembrde01,26,TOR,SF,51,12,972,11.2,.570,.232,.289,3.6,13.3,8.3,15.6,2.6,1.9,21.6,14.6,0.1,1.1,1.2,.059,-3.2,1.4,-1.9,0.0
2021,260,poweldw01,29,DAL,C,58,19,966,16.8,.688,.108,.639,9.2,17.4,13.3,8.9,1.8,2.9,13.9,13.2,2.6,1.2,3.8,.188,-0.7,1.3,0.6,0.6
2021,261,hayesja02,20,NOP,C,60,3,964,19.1,.675,.050,.429,10.4,18.6,14.5,5.2,1.2,3.7,10.5,16.2,2.6,1.0,3.5,.176,0.6,0.0,0.6,0.6
2021,262,ibakase01,31,LAC,C,41,39,955,18.2,.585,.315,.145,8.9,23.1,16.2,11.5,0.5,4.4,10.2,20.1,1.7,1.3,3.0,.150,1.2,0.2,1.4,0.8
2021,263,ojelese01,26,BOS,PF,56,15,950,8.3,.553,.715,.145,3.6,13.7,8.6,5.1,0.9,0.0,8.2,11.6,0.7,0.6,1.2,.063,-1.7,-0.7,-2.4,-0.1
2021,264,teaguje01,32,2TM,PG,55,7,950,12.3,.562,.289,.370,1.7,8.3,5.1,18.3,1.7,1.2,16.2,17.7,0.8,0.8,1.6,.079,-1.7,-0.5,-2.2,-0.1
2021,264,teaguje01,32,BOS,PG,34,5,616,11.4,.542,.298,.324,1.8,8.6,5.2,16.2,2.1,1.1,15.4,17.7,0.3,0.5,0.8,.062,-2.4,-0.3,-2.7,-0.1
2021,264,teaguje01,32,MIL,PG,21,2,334,14.1,.598,.271,.458,1.6,7.9,4.9,22.2,1.1,1.3,17.8,17.6,0.5,0.2,0.8,.110,-0.5,-1.0,-1.4,0.1
2021,265,hoodro01,28,2TM,SF,55,5,942,5.6,.452,.435,.108,2.6,9.4,5.9,7.5,1.2,0.7,11.7,14.1,-0.7,0.3,-0.4,-0.019,-4.9,-1.4,-6.4,-1.0
2021,265,hoodro01,28,POR,SF,38,5,726,5.0,.436,.418,.060,2.6,8.3,5.4,8.5,1.3,0.5,13.1,14.1,-0.7,0.2,-0.5,-0.034,-5.3,-1.5,-6.8,-0.9
2021,265,hoodro01,28,TOR,SF,17,0,216,7.5,.500,.492,.271,2.5,13.2,7.6,3.8,0.9,1.4,7.0,14.2,0.0,0.1,0.1,.029,-3.6,-1.4,-4.9,-0.2
2021,266,mclaujo01,24,MIN,PG,51,2,938,12.0,.502,.380,.124,2.3,10.4,6.2,28.0,2.6,0.6,16.7,13.7,0.6,0.6,1.2,.062,-2.0,0.2,-1.7,0.1
2021,267,gibsota01,35,NYK,C,45,3,936,16.0,.661,.095,.348,11.6,17.3,14.5,5.4,1.7,5.0,10.8,9.7,2.1,1.7,3.8,.195,-0.7,2.1,1.3,0.8
2021,268,maxeyty01,20,PHI,SG,61,8,935,14.5,.531,.240,.163,1.3,10.8,6.1,19.9,1.3,1.2,8.2,23.0,0.8,1.1,1.9,.099,-1.0,-0.5,-1.5,0.1
2021,269,houseda01,27,HOU,SF,36,23,932,9.1,.525,.574,.232,2.0,13.6,7.5,10.6,1.0,1.5,10.7,15.3,0.0,0.5,0.5,.026,-2.8,-0.7,-3.5,-0.3
2021,270,flynnma01,22,TOR,PG,47,14,928,10.9,.484,.494,.165,1.1,13.0,6.9,21.4,2.0,0.8,10.5,19.0,0.0,0.8,0.8,.041,-2.5,-0.2,-2.6,-0.1
2021,271,smithis01,32,WAS,PG,44,1,924,11.6,.473,.165,.111,2.5,14.6,8.6,24.7,1.6,1.2,11.6,15.8,0.2,0.9,1.1,.056,-2.1,0.5,-1.5,0.1
2021,272,brownmo01,21,OKC,C,43,32,920,18.8,.572,.000,.470,17.2,26.2,21.6,1.7,1.6,4.5,11.7,16.9,1.3,1.3,2.6,.138,-1.3,-1.2,-2.4,-0.1
2021,273,burketr01,28,DAL,PG,62,1,911,12.6,.544,.465,.161,1.2,5.3,3.3,12.9,1.9,0.7,8.0,20.0,0.7,0.7,1.4,.071,-1.4,-0.4,-1.8,0.0
2021,274,dotsoda01,26,CLE,SG,46,7,907,8.1,.499,.543,.123,0.6,11.1,5.7,15.1,0.9,0.4,12.0,16.9,-0.4,0.3,0.0,-0.002,-3.4,-1.4,-4.8,-0.6
2021,275,caulewi01,27,DAL,C,53,16,906,14.3,.647,.060,.429,8.1,20.5,14.3,5.3,1.1,4.4,11.8,12.0,1.6,1.2,2.8,.147,-2.2,0.9,-1.3,0.2
2021,276,princta02,26,2TM,PF,41,10,905,12.1,.540,.474,.232,2.3,15.3,8.8,12.8,1.5,2.3,11.5,19.6,0.2,0.8,1.0,.052,-1.2,-0.6,-1.8,0.0
2021,276,princta02,26,BRK,PF,12,4,218,11.7,.565,.500,.365,1.1,15.4,8.6,4.3,1.8,3.2,11.4,19.4,0.0,0.2,0.3,.062,-2.2,0.1,-2.2,0.0
2021,276,princta02,26,CLE,PF,29,6,687,12.2,.532,.466,.194,2.7,15.2,8.8,15.5,1.4,1.9,11.6,19.7,0.2,0.5,0.7,.049,-0.9,-0.8,-1.7,0.0
2021,277,mclembe01,27,2TM,SG,53,5,905,8.5,.523,.767,.145,1.7,10.5,6.0,6.4,1.2,0.9,9.8,20.4,-0.5,0.7,0.2,.013,-2.7,-1.2,-3.9,-0.4
2021,277,mclembe01,27,HOU,SG,32,4,537,8.3,.500,.741,.143,2.1,11.4,6.6,7.8,1.8,0.5,10.5,21.1,-0.5,0.3,-0.2,-0.019,-3.4,-1.1,-4.5,-0.3
2021,277,mclembe01,27,LAL,SG,21,1,368,8.8,.559,.809,.149,1.2,9.1,5.2,4.3,0.4,1.5,8.5,19.4,0.1,0.4,0.5,.061,-1.6,-1.4,-3.0,-0.1
2021,278,lewiski01,19,NOP,PG,54,0,904,10.3,.477,.356,.151,1.4,7.1,4.3,18.7,2.0,1.0,8.6,18.3,0.2,0.6,0.9,.045,-3.2,-0.2,-3.4,-0.3
2021,279,mcdanja01,23,CHO,SF,47,18,904,11.4,.554,.370,.225,5.3,15.1,10.1,8.6,1.5,2.1,12.6,17.0,0.3,0.9,1.2,.062,-2.8,-0.4,-3.2,-0.3
2021,280,hernaju01,25,MIN,PF,52,6,900,12.1,.549,.562,.324,5.2,20.0,12.3,5.6,1.0,0.7,7.3,17.2,0.6,0.5,1.1,.060,-1.1,-1.8,-2.9,-0.2
2021,281,hamptrj01,19,2TM,SG,51,1,888,11.1,.507,.278,.262,3.4,18.4,10.7,15.2,1.2,1.0,13.2,19.6,-0.3,0.7,0.4,.021,-2.6,-1.2,-3.8,-0.4
2021,281,hamptrj01,19,DEN,SG,25,0,233,7.7,.490,.300,.200,4.9,19.4,12.2,7.7,1.1,0.8,14.4,14.3,-0.1,0.2,0.1,.030,-4.4,-0.9,-5.3,-0.2
2021,281,hamptrj01,19,ORL,SG,26,1,655,12.3,.511,.273,.277,2.9,18.0,10.2,17.8,1.2,1.1,12.9,21.5,-0.2,0.5,0.2,.018,-2.0,-1.3,-3.3,-0.2
2021,282,nurkiju01,26,POR,C,37,37,880,20.5,.554,.090,.339,10.2,30.7,20.2,21.4,2.1,4.0,16.0,22.3,1.2,1.2,2.4,.133,0.7,1.8,2.5,1.0
2021,283,monkma01,22,CHO,SG,42,0,878,13.6,.569,.531,.180,1.7,10.9,6.2,15.7,1.1,0.5,11.3,23.8,0.5,0.5,1.0,.054,0.2,-2.0,-1.8,0.0
2021,284,saricda01,26,PHO,C,50,4,871,14.3,.567,.395,.289,6.1,18.4,12.4,10.4,1.7,0.4,12.9,22.6,0.7,1.0,1.7,.093,-1.4,-0.6,-2.0,0.0
2021,285,doumbse01,20,DET,PF,56,11,869,6.9,.459,.408,.227,4.9,13.5,9.2,8.0,1.4,0.9,12.4,17.8,-0.9,0.7,-0.2,-0.012,-5.4,-1.3,-6.7,-1.0
2021,286,sumneed01,25,IND,SG,53,24,861,12.7,.626,.312,.294,2.3,9.5,5.9,7.9,1.8,0.9,13.8,18.3,0.7,0.7,1.4,.077,-2.3,-0.5,-2.8,-0.2
2021,287,robinmi01,22,NYK,C,31,29,853,17.7,.642,.000,.301,14.5,17.5,16.0,2.9,2.1,5.0,11.5,11.8,1.8,1.7,3.4,.192,-0.3,1.5,1.2,0.7
2021,288,scottmi01,32,PHI,PF,51,12,852,6.8,.492,.735,.057,1.4,13.8,7.8,6.1,1.4,1.5,8.1,11.9,-0.1,1.1,1.0,.058,-3.2,0.3,-2.8,-0.2
2021,289,martico01,25,CHO,SF,52,10,849,10.6,.500,.309,.229,6.5,14.1,10.3,13.9,2.1,1.4,16.2,12.5,0.2,0.9,1.1,.061,-2.7,0.7,-2.0,0.0
2021,290,hernawi01,26,NOP,C,47,12,846,19.6,.591,.037,.347,15.0,27.8,21.4,8.5,1.2,2.6,9.9,17.0,1.9,1.0,2.9,.163,1.0,-1.0,0.0,0.4
2021,291,riverau01,28,2TM,SG,36,7,845,9.9,.551,.608,.127,1.1,9.6,5.4,13.2,1.8,0.2,12.2,15.4,0.4,0.9,1.3,.072,-2.2,0.3,-1.9,0.0
2021,291,riverau01,28,NYK,SG,21,2,442,9.5,.545,.570,.104,1.2,10.2,5.8,13.9,1.4,0.0,13.5,16.5,0.1,0.5,0.6,.063,-2.4,0.2,-2.2,0.0
2021,291,riverau01,28,DEN,SG,15,5,403,10.3,.558,.655,.155,0.8,9.0,4.9,12.5,2.2,0.5,10.6,14.2,0.3,0.4,0.7,.081,-2.1,0.4,-1.7,0.0
2021,292,arizatr01,35,MIA,SF,30,27,841,11.9,.542,.593,.183,3.7,15.6,9.8,9.4,1.8,2.2,7.5,15.1,0.5,1.0,1.6,.091,-1.2,0.1,-1.1,0.2
2021,293,randlch01,27,ORL,PG,41,5,837,7.4,.515,.549,.203,0.8,9.6,5.1,12.9,1.3,0.5,15.1,15.7,-0.4,0.4,0.0,-0.001,-4.8,-1.1,-5.9,-0.8
2021,294,wisemja01,19,GSW,C,39,27,836,13.1,.552,.103,.234,7.1,21.5,14.4,4.9,0.6,3.8,12.9,23.8,-0.4,1.2,0.7,.042,-4.0,-1.0,-5.0,-0.6
2021,295,porteke02,20,HOU,SG,26,23,835,12.5,.528,.439,.256,2.4,10.5,6.3,31.2,1.1,0.9,18.2,25.4,-0.3,0.3,0.0,.000,-1.1,-2.4,-3.5,-0.3
2021,296,beverpa01,32,LAC,PG,37,34,832,12.0,.580,.641,.205,4.0,11.8,8.0,12.0,1.7,3.0,12.4,14.6,1.0,1.0,2.1,.119,-0.7,1.4,0.7,0.6
2021,297,martica02,25,CHO,SF,53,3,818,9.5,.465,.488,.250,4.0,14.8,9.3,11.5,2.2,1.5,10.4,16.7,-0.4,0.9,0.5,.030,-3.6,0.2,-3.4,-0.3
2021,298,craigto01,30,2TM,SF,50,8,803,14.2,.579,.467,.097,8.1,19.1,13.7,7.9,1.7,2.9,9.6,14.3,1.1,1.1,2.2,.133,-0.3,0.7,0.4,0.5
2021,298,craigto01,30,MIL,SF,18,0,201,10.3,.480,.478,.043,7.1,15.1,11.2,9.5,2.1,3.1,9.6,10.8,0.1,0.3,0.4,.097,-2.2,1.6,-0.6,0.1
2021,298,craigto01,30,PHO,SF,32,8,602,15.5,.603,.464,.110,8.4,20.4,14.5,7.4,1.6,2.8,9.5,15.5,1.0,0.8,1.8,.145,0.4,0.4,0.8,0.4
2021,299,cartemi01,29,ORL,SG,31,25,800,9.5,.449,.226,.296,4.9,13.4,9.0,24.3,1.5,1.9,18.4,20.2,-1.1,0.6,-0.5,-0.028,-4.6,-0.2,-4.8,-0.6
2021,300,gaffoda01,22,2TM,C,54,11,791,22.2,.697,.000,.480,12.9,18.6,15.8,5.3,1.5,8.1,13.1,16.7,2.1,1.3,3.5,.209,0.6,1.6,2.2,0.8
2021,300,gaffoda01,22,CHI,C,31,11,383,18.8,.700,.000,.471,12.9,16.9,14.9,6.2,1.4,7.7,17.3,14.4,0.8,0.6,1.5,.182,-1.4,1.6,0.2,0.2
2021,300,gaffoda01,22,WAS,C,23,0,408,25.4,.696,.000,.486,13.0,20.2,16.6,4.4,1.7,8.4,10.2,18.9,1.3,0.7,2.0,.235,2.5,1.6,4.0,0.6
2021,301,gordoer01,32,HOU,SG,27,13,789,14.4,.577,.572,.311,1.0,7.1,3.9,14.6,0.8,1.5,10.9,25.2,0.6,0.2,0.8,.048,0.7,-1.7,-1.0,0.2
2021,302,jeromty01,23,OKC,SG,33,1,788,13.4,.585,.585,.118,1.3,10.8,6.0,23.7,1.2,0.7,13.5,18.8,0.9,0.4,1.3,.079,0.1,-0.8,-0.7,0.3
2021,303,horfoal01,34,OKC,C,28,28,782,17.4,.538,.422,.061,3.8,21.4,12.5,20.1,1.5,2.9,7.3,21.6,0.8,0.9,1.6,.101,2.0,1.4,3.4,1.1
2021,304,leesa01,21,DET,PG,48,7,781,13.8,.536,.110,.424,2.8,11.1,6.9,33.2,2.0,1.5,18.1,17.0,0.7,0.8,1.5,.091,-2.1,0.2,-2.0,0.0
2021,305,harklma01,27,2TM,SF,37,23,772,8.1,.527,.509,.261,1.9,11.1,6.4,7.3,1.9,2.3,10.7,11.5,0.2,0.4,0.6,.038,-3.8,0.1,-3.7,-0.3
2021,305,harklma01,27,MIA,SF,11,3,124,4.6,.540,.846,.154,1.9,10.0,6.0,7.3,0.8,3.4,17.8,6.1,0.0,0.1,0.1,.046,-3.5,0.7,-2.8,0.0
2021,305,harklma01,27,SAC,PF,26,20,648,8.8,.526,.480,.270,1.9,11.3,6.5,7.3,2.1,2.1,10.1,12.6,0.1,0.3,0.5,.036,-3.8,0.0,-3.8,-0.3
2021,306,rondora01,34,2TM,PG,45,3,770,13.2,.544,.414,.079,2.7,12.9,7.9,35.3,2.4,0.5,26.2,17.2,0.5,0.8,1.3,.081,-0.5,0.3,-0.2,0.4
2021,306,rondora01,34,ATL,PG,27,2,402,9.9,.478,.409,.018,1.1,13.6,7.5,32.2,2.3,0.4,26.0,16.2,-0.2,0.4,0.2,.019,-2.8,0.3,-2.5,0.0
2021,306,rondora01,34,LAC,PG,18,1,368,16.8,.609,.419,.143,4.4,12.2,8.4,38.6,2.4,0.5,26.4,18.2,0.7,0.4,1.1,.148,2.0,0.4,2.3,0.4
2021,307,muldemy01,26,GSW,PG,60,6,766,10.8,.613,.808,.083,1.1,7.1,4.2,4.8,0.7,1.4,5.5,16.2,0.6,0.6,1.2,.075,-0.6,-1.2,-1.8,0.0
2021,308,lambje01,28,IND,SG,36,8,765,15.8,.587,.464,.272,3.6,14.9,9.3,9.4,2.1,2.4,6.6,18.4,1.2,0.9,2.1,.132,0.7,0.7,1.4,0.7
2021,309,nowelja01,21,MIN,SG,42,0,759,12.3,.528,.448,.164,2.6,11.3,6.8,12.5,1.4,1.4,7.2,21.4,0.3,0.4,0.7,.044,-1.5,-1.4,-2.8,-0.2
2021,310,eubandr01,23,SAS,C,54,3,755,17.9,.618,.010,.517,10.2,24.0,17.0,7.9,1.2,5.5,15.2,17.1,1.2,1.1,2.3,.145,-1.0,1.0,0.0,0.4
2021,311,reddica01,21,ATL,SF,26,21,750,9.3,.488,.479,.312,3.3,11.7,7.6,6.5,2.2,1.1,10.2,19.3,-0.3,0.7,0.4,.026,-3.3,0.1,-3.2,-0.2
2021,312,jacksfr01,22,DET,PG,40,6,738,13.2,.598,.512,.256,2.2,10.8,6.5,7.9,1.0,0.1,9.4,21.3,0.7,0.4,1.2,.076,-0.1,-1.6,-1.7,0.1
2021,313,achiupr01,21,MIA,PF,61,4,737,14.2,.550,.004,.482,11.5,20.6,16.1,6.1,1.3,4.0,13.5,19.5,0.3,1.0,1.3,.085,-3.6,-0.5,-4.1,-0.4
2021,314,bambamo01,22,ORL,C,46,5,725,19.3,.556,.392,.219,10.5,28.0,19.0,8.1,0.9,7.3,9.8,21.8,0.7,1.1,1.8,.117,0.2,0.0,0.1,0.4
2021,315,watanyu01,26,TOR,SF,50,4,723,12.2,.565,.500,.161,5.3,19.4,12.1,7.7,1.7,2.6,9.0,12.7,0.7,0.8,1.5,.102,-1.1,0.5,-0.7,0.2
2021,316,redicjj01,36,2TM,SG,44,0,723,9.9,.564,.667,.195,0.6,9.0,4.8,9.7,0.7,0.4,11.0,19.2,0.4,0.3,0.7,.045,-1.4,-2.1,-3.5,-0.3
2021,316,redicjj01,36,NOP,SG,31,0,576,10.9,.575,.654,.220,0.6,9.2,4.9,9.6,0.7,0.3,9.6,19.0,0.6,0.2,0.8,.065,-0.8,-2.0,-2.8,-0.1
2021,316,redicjj01,36,DAL,SG,13,0,147,5.9,.516,.717,.094,0.8,8.2,4.5,10.3,0.7,0.6,16.6,19.9,-0.2,0.1,-0.1,-0.031,-3.4,-2.6,-6.0,-0.1
2021,317,wagnemo01,23,3TM,C,45,24,722,12.5,.580,.397,.380,3.9,17.7,10.7,9.7,1.7,2.2,13.9,18.1,0.5,0.8,1.2,.082,-2.7,0.2,-2.6,-0.1
2021,317,wagnemo01,23,WAS,C,25,13,375,15.4,.614,.344,.426,3.7,16.9,10.3,11.7,2.7,1.8,12.7,18.3,0.5,0.5,1.0,.134,-1.5,1.3,-0.1,0.2
2021,317,wagnemo01,23,BOS,C,9,1,61,-1.0,.370,.429,.143,5.4,29.4,17.3,12.4,0.0,1.5,37.7,16.9,-0.2,0.1,-0.2,-0.146,-10.0,-0.3,-10.3,-0.1
2021,317,wagnemo01,23,ORL,C,11,10,286,11.5,.563,.462,.355,3.9,16.1,9.8,6.3,0.7,2.9,10.8,18.2,0.2,0.2,0.4,.063,-2.9,-1.2,-4.0,-0.1
2021,318,carteje01,25,PHO,PG,60,1,717,12.2,.548,.677,.031,2.6,11.8,7.3,13.0,2.0,1.1,6.6,15.0,0.7,0.8,1.6,.104,-0.4,0.9,0.5,0.5
2021,319,kaminfr01,27,PHO,C,47,13,715,15.8,.547,.331,.233,5.8,23.7,14.9,15.3,1.0,2.1,7.2,19.0,1.1,0.9,2.0,.133,0.4,0.8,1.3,0.6
2021,320,couside01,30,2TM,C,41,11,713,16.4,.537,.443,.266,8.0,32.7,20.0,16.3,2.3,3.0,15.8,24.5,0.0,1.2,1.2,.079,-1.2,1.6,0.4,0.4
2021,320,couside01,30,HOU,C,25,11,506,14.9,.511,.552,.281,6.1,35.4,20.1,18.0,2.0,3.2,14.2,23.1,-0.1,0.8,0.7,.062,-1.6,1.5,-0.1,0.2
2021,320,couside01,30,LAC,C,16,0,207,20.3,.597,.200,.232,12.9,25.9,19.6,12.4,3.1,2.6,19.3,27.7,0.1,0.4,0.5,.119,-0.2,1.9,1.7,0.2
2021,321,marshna01,23,NOP,SF,32,10,700,11.4,.508,.397,.359,2.3,20.6,11.5,16.5,1.8,1.4,13.6,16.8,0.2,0.7,0.9,.061,-2.1,0.8,-1.3,0.1
2021,322,pascher01,24,GSW,PF,40,2,695,13.4,.561,.181,.315,4.3,15.1,9.8,11.4,0.8,0.9,11.2,23.5,0.2,0.7,0.9,.062,-1.8,-0.9,-2.7,-0.1
2021,323,johnsty01,28,BRK,SG,39,3,684,8.2,.546,.721,.115,1.0,10.9,6.2,8.7,1.0,0.0,8.1,13.3,0.4,0.3,0.7,.049,-2.4,-1.0,-3.4,-0.2
2021,324,bradlto01,23,2TM,C,42,8,684,20.7,.678,.015,.279,13.3,24.0,18.6,8.5,1.0,3.9,13.0,15.8,1.8,1.0,2.7,.192,1.2,0.1,1.3,0.6
2021,324,bradlto01,23,PHI,C,20,8,287,21.1,.683,.013,.147,15.2,24.5,19.9,8.7,1.0,4.1,7.0,12.9,1.0,0.5,1.5,.245,2.3,1.0,3.3,0.4
2021,324,bradlto01,23,OKC,C,22,0,397,20.4,.676,.016,.361,11.9,23.6,17.7,8.3,1.1,3.8,16.0,18.0,0.8,0.5,1.3,.154,0.4,-0.5,-0.2,0.2
2021,325,toppiob01,22,NYK,PF,62,0,683,12.7,.574,.407,.124,4.2,17.6,11.0,6.4,1.2,2.1,9.4,15.9,0.5,1.0,1.5,.109,-1.4,0.7,-0.7,0.2
2021,326,nwabada01,28,HOU,SF,30,9,679,14.4,.557,.289,.312,6.0,12.8,9.3,6.9,2.1,2.8,6.4,16.6,0.7,0.6,1.3,.094,-1.4,0.6,-0.8,0.2
2021,327,huntede01,23,ATL,SF,23,19,678,15.7,.603,.383,.343,2.8,14.7,8.9,9.7,1.4,1.6,9.2,20.2,1.2,0.6,1.7,.123,0.6,0.6,1.2,0.5
2021,328,mcgeeja01,33,2TM,C,46,2,678,17.0,.541,.085,.238,12.6,27.3,19.8,9.7,1.4,7.3,16.2,23.9,-0.1,1.1,1.0,.068,-3.3,0.8,-2.5,-0.1
2021,328,mcgeeja01,33,CLE,C,33,1,503,18.4,.554,.093,.256,11.7,26.5,18.9,11.4,1.6,7.1,15.8,24.6,0.0,0.8,0.8,.074,-2.3,1.2,-1.1,0.1
2021,328,mcgeeja01,33,DEN,C,13,1,175,12.9,.498,.060,.179,15.0,29.7,22.4,4.8,0.8,7.8,17.2,21.8,-0.1,0.3,0.2,.050,-6.4,-0.3,-6.6,-0.2
2021,329,aldrila01,35,2TM,C,26,23,674,15.7,.556,.270,.159,3.0,15.8,9.4,11.0,0.8,3.7,7.9,22.2,0.5,0.6,1.1,.080,-0.2,-0.2,-0.3,0.3
2021,329,aldrila01,35,SAS,C,21,18,544,15.1,.545,.302,.149,3.3,15.4,9.2,10.2,0.7,2.8,7.0,22.7,0.3,0.5,0.8,.067,-0.2,-0.7,-0.9,0.2
2021,329,aldrila01,35,BRK,C,5,5,130,18.2,.611,.104,.208,1.8,17.8,10.2,14.3,1.1,7.4,11.8,19.9,0.2,0.2,0.4,.135,0.1,2.1,2.2,0.1
2021,330,hillge01,34,2TM,PG,30,17,672,13.1,.596,.406,.254,2.6,7.2,4.9,16.0,1.6,0.7,12.4,15.9,0.9,0.6,1.4,.100,-1.0,-0.2,-1.2,0.1
2021,330,hillge01,34,OKC,PG,14,14,369,15.9,.630,.475,.208,2.2,6.0,4.1,18.2,1.5,0.5,8.4,16.5,0.8,0.2,1.0,.129,0.9,0.1,1.0,0.3
2021,330,hillge01,34,PHI,PG,16,3,303,9.7,.545,.299,.325,3.0,8.6,5.8,13.3,1.8,0.9,17.8,15.2,0.0,0.4,0.4,.065,-3.3,-0.5,-3.9,-0.1
2021,331,hayeski01,19,DET,PG,26,18,670,5.3,.422,.358,.085,1.0,10.6,5.7,29.7,2.0,1.3,28.5,19.0,-1.8,0.6,-1.1,-0.081,-6.3,-0.9,-7.2,-0.9
2021,332,nesmiaa01,21,BOS,SF,46,1,669,9.4,.573,.607,.157,4.6,16.6,10.6,4.6,1.1,1.3,10.8,13.7,0.5,0.6,1.1,.076,-2.8,-0.4,-3.2,-0.2
2021,333,vincega01,24,MIA,PG,50,7,655,7.6,.498,.639,.099,1.8,7.9,4.9,15.1,1.6,0.3,12.3,19.1,-0.4,0.5,0.2,.011,-4.5,-0.9,-5.4,-0.6
2021,334,clarkga01,26,3TM,SF,39,11,654,6.0,.436,.818,.076,5.1,13.5,9.1,6.4,1.0,1.0,11.1,10.1,-0.3,0.4,0.1,.008,-4.2,-0.7,-4.9,-0.5
2021,334,clarkga01,26,ORL,SF,35,11,637,6.1,.439,.824,.076,5.2,13.3,9.1,6.4,0.9,1.0,11.2,10.3,-0.2,0.3,0.1,.007,-4.2,-0.7,-4.9,-0.5
2021,334,clarkga01,26,DEN,SF,2,0,4,2.9,,,,0.0,28.2,14.2,0.0,0.0,0.0,,0.0,0.0,0.0,0.0,.037,-4.4,-2.0,-6.4,0.0
2021,334,clarkga01,26,PHI,PF,2,0,13,3.8,.000,.000,.000,0.0,16.6,8.5,9.0,3.7,0.0,0.0,3.3,0.0,0.0,0.0,.044,-6.5,0.6,-5.9,0.0
2021,335,muscami01,29,OKC,C,35,0,645,14.7,.599,.689,.135,3.0,18.4,10.6,7.0,0.6,1.5,6.9,20.0,0.9,0.4,1.3,.096,0.9,-1.0,-0.1,0.3
2021,336,littlna01,20,POR,PF,48,2,640,11.6,.589,.479,.269,5.2,16.5,10.7,4.9,0.4,1.8,8.8,13.8,0.9,0.2,1.1,.082,-1.1,-1.6,-2.7,-0.1
2021,337,laymaja01,26,MIN,SF,45,11,627,11.4,.577,.424,.201,2.2,9.7,5.8,6.4,2.2,2.6,11.5,15.1,0.2,0.5,0.7,.051,-2.2,0.2,-2.1,0.0
2021,338,loveke01,32,CLE,PF,25,25,622,15.1,.556,.619,.202,3.0,31.2,16.7,16.0,1.3,0.3,12.2,21.9,0.3,0.6,0.9,.073,0.9,-0.9,-0.1,0.3
2021,339,goodwbr01,25,ATL,PG,47,5,620,9.2,.471,.462,.193,1.4,10.6,6.1,21.6,1.3,0.0,13.0,19.5,-0.2,0.4,0.2,.013,-2.5,-0.6,-3.1,-0.2
2021,340,porteot01,27,2TM,SF,28,6,606,14.5,.552,.458,.185,5.2,22.4,13.8,12.9,1.3,0.6,9.2,19.3,0.6,0.7,1.3,.101,0.0,0.0,0.0,0.3
2021,340,porteot01,27,CHI,SF,25,6,540,14.8,.566,.470,.183,5.8,22.4,14.2,13.1,1.1,0.6,10.3,19.5,0.6,0.6,1.2,.108,0.4,-0.3,0.2,0.3
2021,340,porteot01,27,ORL,PF,3,0,66,11.7,.441,.360,.200,0.0,22.8,11.0,11.5,2.9,0.0,0.0,17.8,0.0,0.1,0.1,.050,-3.5,1.7,-1.7,0.0
2021,341,bradlav01,30,2TM,SG,27,6,602,6.3,.487,.591,.088,1.4,9.1,5.2,10.8,1.7,0.5,13.6,14.9,-0.5,0.4,-0.1,-0.008,-4.9,-0.5,-5.4,-0.5
2021,341,bradlav01,30,MIA,SG,10,1,211,10.4,.607,.576,.136,1.1,8.5,4.9,10.0,1.6,0.5,11.4,16.9,0.1,0.2,0.3,.072,-2.5,0.1,-2.4,0.0
2021,341,bradlav01,30,HOU,SG,17,5,391,4.0,.409,.600,.057,1.6,9.4,5.3,11.2,1.7,0.5,15.0,13.8,-0.6,0.2,-0.4,-0.052,-6.2,-0.8,-6.9,-0.5
2021,342,okongon01,20,ATL,C,50,4,601,16.8,.655,.020,.383,11.5,18.0,14.9,4.4,1.9,4.8,14.3,14.7,1.1,0.8,1.9,.155,-2.2,0.8,-1.4,0.1
2021,343,bjeline01,32,2TM,PF,37,3,595,12.9,.554,.434,.260,5.4,18.5,11.9,16.2,1.2,0.8,13.1,18.4,0.5,0.3,0.9,.071,-1.4,-0.8,-2.2,0.0
2021,343,bjeline01,32,SAC,PF,26,1,439,12.7,.555,.387,.280,6.0,19.5,12.6,15.3,0.9,0.4,14.3,19.3,0.3,0.1,0.5,.052,-1.3,-1.3,-2.6,-0.1
2021,343,bjeline01,32,MIA,PF,11,2,156,13.3,.550,.587,.196,3.7,15.8,9.9,18.7,2.2,2.0,9.1,15.9,0.2,0.2,0.4,.122,-1.8,0.4,-1.3,0.0
2021,344,claxtni01,21,BRK,C,32,1,594,16.9,.612,.034,.441,8.4,21.8,15.4,6.4,1.9,5.9,9.4,14.0,1.0,0.9,1.9,.153,-1.0,1.4,0.4,0.4
2021,345,pattepa01,31,LAC,PF,38,5,582,10.9,.571,.679,.103,3.8,10.5,7.2,6.7,1.2,1.2,6.0,14.0,0.7,0.5,1.2,.101,-0.4,-0.1,-0.6,0.2
2021,346,jacksju01,25,2TM,SF,34,3,577,10.4,.516,.529,.167,2.9,11.1,6.9,13.9,1.2,0.3,11.9,19.8,-0.1,0.3,0.2,.018,-2.3,-1.2,-3.5,-0.2
2021,346,jacksju01,25,OKC,SF,33,3,544,10.7,.519,.524,.165,2.6,11.0,6.8,14.5,1.3,0.3,12.0,20.2,-0.1,0.3,0.2,.019,-2.3,-1.0,-3.2,-0.2
2021,346,jacksju01,25,MIL,SF,1,0,33,5.8,.455,.667,.222,6.6,12.3,9.6,3.6,0.0,0.0,9.2,13.8,0.0,0.0,0.0,.006,-3.2,-4.8,-8.0,0.0
2021,347,konchjo01,24,MEM,SG,43,0,575,14.8,.608,.406,.217,6.4,17.3,11.8,10.7,2.5,1.4,10.6,12.4,0.9,0.8,1.7,.145,-0.2,1.4,1.2,0.5
2021,348,mellini01,30,2TM,PF,45,4,566,7.9,.441,.603,.177,5.6,17.9,11.8,9.8,1.2,0.5,7.3,12.5,0.1,0.5,0.6,.048,-3.5,0.0,-3.5,-0.2
2021,348,mellini01,30,NOP,PF,22,0,241,5.8,.346,.627,.119,5.4,20.3,12.8,12.7,1.8,0.4,10.1,12.1,-0.2,0.2,0.0,.008,-4.9,1.1,-3.9,-0.1
2021,348,mellini01,30,DAL,PF,23,4,325,9.4,.506,.585,.220,5.8,16.1,11.0,7.7,0.8,0.6,5.3,12.9,0.3,0.2,0.5,.078,-2.3,-0.8,-3.2,-0.1
2021,349,bitadgo01,21,IND,C,45,3,561,16.3,.523,.407,.314,11.7,17.3,14.5,8.9,0.8,8.7,7.1,18.1,0.7,0.8,1.5,.129,-2.0,1.0,-1.0,0.1
2021,350,harteis01,22,2TM,C,46,2,559,17.9,.583,.035,.415,13.0,23.7,18.2,15.3,1.7,6.5,17.9,19.2,0.7,0.9,1.6,.134,-2.4,1.5,-0.9,0.2
2021,350,harteis01,22,DEN,C,30,0,272,15.5,.543,.000,.450,16.7,18.7,17.7,7.5,2.0,7.2,18.0,18.7,0.2,0.5,0.7,.115,-4.3,0.6,-3.7,-0.1
2021,350,harteis01,22,CLE,C,16,2,287,20.3,.620,.066,.385,9.5,28.4,18.7,22.8,1.4,5.9,17.8,19.6,0.5,0.4,0.9,.151,-0.6,2.3,1.7,0.3
2021,351,dienggo01,31,2TM,C,38,1,552,19.2,.670,.429,.411,7.6,19.5,13.5,12.0,2.3,2.6,14.3,17.4,1.3,0.8,2.1,.185,1.8,1.5,3.4,0.7
2021,351,dienggo01,31,MEM,C,22,1,371,19.2,.682,.444,.398,7.9,20.2,14.0,10.6,2.2,3.4,14.8,17.0,0.9,0.6,1.5,.190,1.8,1.6,3.3,0.5
2021,351,dienggo01,31,SAS,C,16,0,181,19.0,.648,.400,.436,6.9,18.0,12.3,15.0,2.4,0.9,13.2,18.2,0.4,0.2,0.7,.175,2.0,1.5,3.5,0.2
2021,352,antetth01,28,MIL,SF,57,3,551,10.3,.523,.212,.358,10.7,12.9,11.8,10.3,1.9,1.6,21.3,15.3,0.0,0.6,0.7,.057,-3.7,0.2,-3.5,-0.2
2021,353,jonesda03,25,3TM,C,39,10,547,14.6,.712,.049,.563,7.3,17.4,12.3,7.0,1.0,4.6,16.8,12.3,1.0,0.5,1.6,.138,-2.2,0.8,-1.4,0.1
2021,353,jonesda03,25,PHO,C,14,0,94,6.7,.528,.063,.688,8.6,13.0,10.9,5.3,0.5,4.8,22.4,12.7,0.0,0.1,0.1,.043,-7.0,1.1,-5.9,-0.1
2021,353,jonesda03,25,LAL,C,8,6,112,17.1,.965,.000,.706,8.1,18.0,13.0,1.3,0.4,5.6,18.3,10.6,0.4,0.2,0.5,.235,-2.0,1.8,-0.2,0.1
2021,353,jonesda03,25,SAC,C,17,4,341,15.9,.691,.057,.500,6.7,18.5,12.5,9.4,1.3,4.2,14.9,12.7,0.7,0.2,0.9,.132,-1.0,0.3,-0.6,0.1
2021,354,whiteha01,31,SAC,C,36,4,546,19.2,.566,.004,.353,12.2,31.8,21.9,5.6,0.8,7.1,13.4,23.5,0.3,0.6,0.9,.081,-1.8,-0.4,-2.2,0.0
2021,355,iwundwe01,26,2TM,SF,41,4,539,4.3,.428,.402,.304,3.0,15.2,9.1,4.2,1.4,0.7,14.1,10.8,-0.5,0.4,0.0,-0.003,-6.1,-0.3,-6.3,-0.6
2021,355,iwundwe01,26,DAL,SF,23,3,288,4.9,.421,.442,.269,2.3,14.4,8.4,4.4,1.5,1.0,9.4,9.9,-0.2,0.3,0.1,.015,-5.5,0.5,-4.9,-0.2
2021,355,iwundwe01,26,NOP,SF,18,1,251,3.7,.435,.360,.340,3.9,16.0,9.9,3.9,1.1,0.4,18.4,11.8,-0.3,0.2,-0.1,-0.025,-6.8,-1.2,-7.9,-0.4
2021,356,browntr01,21,2TM,SF,34,0,524,8.5,.525,.486,.146,4.2,17.4,10.8,7.2,0.9,1.0,12.1,14.0,0.0,0.5,0.5,.043,-3.3,-0.6,-4.0,-0.3
2021,356,browntr01,21,WAS,SF,21,0,287,6.3,.471,.517,.169,4.1,18.4,11.3,8.5,0.5,1.2,14.3,16.1,-0.3,0.2,-0.1,-0.009,-4.2,-1.3,-5.5,-0.3
2021,356,browntr01,21,CHI,SF,13,0,237,11.2,.616,.436,.109,4.3,16.2,10.3,5.6,1.4,0.7,8.0,11.5,0.3,0.2,0.5,.107,-2.3,0.2,-2.2,0.0
2021,357,brookar01,22,HOU,SG,20,5,520,10.4,.565,.818,.063,2.0,12.4,7.0,8.7,1.1,0.9,10.0,17.9,0.1,0.2,0.3,.030,-1.1,-2.1,-3.2,-0.2
2021,358,onimi01,23,UTA,SG,54,0,519,6.4,.517,.889,.061,4.9,11.9,8.6,6.8,1.0,1.2,13.6,9.8,0.2,0.7,0.9,.081,-3.0,1.3,-1.7,0.0
2021,359,brissos01,22,IND,SF,21,16,519,17.2,.638,.517,.430,6.1,17.9,12.0,4.6,1.7,3.1,5.3,15.6,1.2,0.6,1.8,.165,1.1,-0.5,0.6,0.3
2021,360,windldy01,24,CLE,SF,31,0,513,10.8,.567,.592,.208,4.3,19.5,11.7,9.4,1.8,2.1,18.4,14.8,0.0,0.5,0.5,.045,-2.0,0.3,-1.7,0.0
2021,361,strusma01,24,MIA,SF,39,0,507,12.1,.597,.791,.128,1.1,8.0,4.6,7.3,1.1,0.4,3.9,18.3,0.6,0.3,0.9,.088,-0.5,-1.7,-2.2,0.0
2021,362,winslju01,24,MEM,SF,26,1,507,6.2,.395,.257,.167,3.7,21.1,12.3,13.3,1.4,2.1,14.1,21.9,-1.3,0.6,-0.7,-0.066,-6.2,0.2,-6.0,-0.5
2021,363,stevela01,23,CLE,PF,40,0,499,10.5,.521,.184,.375,5.3,16.6,10.8,7.4,1.7,2.3,12.7,15.8,0.0,0.5,0.4,.043,-4.2,0.0,-4.2,-0.3
2021,364,culveja01,21,MIN,SG,34,7,499,8.8,.476,.315,.286,7.1,15.8,11.3,6.8,1.6,1.6,12.9,18.2,-0.4,0.3,-0.1,-0.006,-4.5,-1.1,-5.6,-0.5
2021,365,jeffrda01,23,2TM,SG,31,5,493,7.9,.514,.558,.067,4.1,11.8,7.8,6.1,1.4,1.8,10.2,11.9,0.0,0.2,0.3,.027,-3.6,-1.1,-4.7,-0.3
2021,365,jeffrda01,23,SAC,SG,18,2,232,7.2,.524,.491,.123,4.2,9.7,6.9,3.3,1.4,1.5,11.8,12.6,0.0,0.1,0.0,.008,-3.7,-1.6,-5.3,-0.2
2021,365,jeffrda01,23,HOU,SG,13,3,261,8.5,.504,.619,.016,3.9,13.6,8.6,8.6,1.5,2.1,8.6,11.3,0.1,0.2,0.2,.043,-3.5,-0.6,-4.2,-0.1
2021,366,metuch01,23,SAC,C,36,6,488,14.5,.571,.207,.240,7.0,18.7,12.7,8.2,1.4,3.1,12.8,20.0,0.3,0.3,0.6,.061,-2.2,-1.3,-3.6,-0.2
2021,367,greenja02,27,2TM,SF,41,2,473,12.1,.610,.294,.392,6.1,10.6,8.3,4.8,2.9,1.1,13.7,12.6,0.5,0.6,1.1,.107,-2.2,1.7,-0.5,0.2
2021,367,greenja02,27,BOS,SF,25,2,345,11.8,.624,.310,.423,6.4,10.4,8.4,4.3,2.5,0.5,13.4,12.1,0.4,0.3,0.8,.105,-1.7,1.3,-0.5,0.1
2021,367,greenja02,27,CHI,SG,16,0,128,13.1,.579,.258,.323,5.3,11.1,8.2,6.1,3.8,2.7,14.5,14.0,0.1,0.2,0.3,.114,-3.4,2.8,-0.6,0.0
2021,368,knoxke01,21,NYK,SF,42,0,464,9.1,.537,.622,.140,2.4,11.8,7.1,5.9,1.3,1.2,10.1,16.2,0.0,0.6,0.6,.065,-1.7,0.4,-1.4,0.1
2021,369,arcidry01,26,CHI,PG,44,0,450,9.8,.541,.573,.171,1.2,15.1,8.3,16.3,1.0,0.0,7.4,13.1,0.5,0.4,0.9,.093,-2.6,0.3,-2.3,0.0
2021,370,okpalkz01,21,MIA,PF,37,9,447,5.2,.448,.521,.156,5.5,11.8,8.7,5.8,1.1,2.6,12.8,11.9,-0.3,0.4,0.1,.015,-6.5,-0.6,-7.1,-0.6
2021,371,greenjo02,20,DAL,SG,39,5,445,8.8,.490,.269,.247,7.0,12.3,9.7,8.3,1.8,0.6,14.2,11.9,0.1,0.4,0.5,.050,-3.7,0.1,-3.6,-0.2
2021,372,gallola01,29,PHO,SG,40,0,438,12.1,.605,.578,.156,1.8,8.9,5.4,8.0,0.9,0.0,7.6,17.3,0.6,0.3,0.9,.096,-0.1,-0.8,-0.9,0.1
2021,373,cookty01,23,2TM,SF,32,1,438,12.8,.659,.019,.340,7.0,17.2,12.1,5.9,0.9,0.4,15.1,13.9,0.5,0.3,0.8,.090,-2.2,-0.9,-3.0,-0.1
2021,373,cookty01,23,BRK,PF,4,0,17,1.6,.333,.000,.000,6.9,6.2,6.5,14.1,0.0,0.0,25.0,10.3,0.0,0.0,0.0,-0.047,-5.2,-1.0,-6.2,0.0
2021,373,cookty01,23,DET,SF,28,1,421,13.2,.667,.020,.350,7.1,17.6,12.3,5.6,0.9,0.4,14.8,14.1,0.5,0.3,0.8,.096,-2.0,-0.8,-2.9,-0.1
2021,374,aminual01,30,2TM,PF,23,14,434,8.9,.469,.374,.222,5.1,21.9,13.3,10.1,2.1,1.9,20.5,13.6,-0.4,0.5,0.1,.010,-4.9,1.1,-3.8,-0.2
2021,374,aminual01,30,ORL,PF,17,14,367,9.9,.482,.348,.191,5.5,20.8,12.9,11.3,2.3,2.2,20.6,14.3,-0.3,0.4,0.1,.014,-4.4,1.3,-3.1,-0.1
2021,374,aminual01,30,CHI,PF,6,0,67,3.0,.369,.600,.500,3.3,27.8,15.7,3.5,1.4,0.0,19.7,9.8,-0.1,0.1,0.0,-0.013,-7.5,0.2,-7.3,-0.1
2021,375,wilsodj01,24,2TM,PF,35,1,433,11.5,.511,.518,.149,4.8,23.2,13.7,7.9,1.2,3.3,10.9,19.7,-0.2,0.5,0.3,.032,-2.7,-0.6,-3.3,-0.1
2021,375,wilsodj01,24,MIL,PF,12,0,105,8.4,.490,.651,.047,3.1,21.3,12.5,3.7,0.4,3.4,8.4,19.1,-0.1,0.1,0.0,.022,-3.7,-1.4,-5.1,-0.1
2021,375,wilsodj01,24,HOU,PF,23,1,328,12.5,.518,.472,.184,5.3,23.8,14.1,9.3,1.4,3.3,11.8,19.9,-0.1,0.3,0.2,.036,-2.3,-0.4,-2.7,-0.1
2021,376,bongais01,21,WAS,SF,40,8,432,4.0,.461,.580,.099,4.4,11.7,8.1,6.5,1.2,1.7,20.7,10.2,-0.4,0.4,0.0,-0.001,-5.8,0.0,-5.8,-0.4
2021,377,smithde03,23,2TM,PG,23,9,420,13.6,.492,.400,.179,3.1,11.5,7.3,27.8,2.7,2.9,14.3,19.0,0.1,0.5,0.6,.070,-1.1,1.5,0.4,0.3
2021,377,smithde03,23,NYK,PG,3,0,28,6.8,.356,.400,.600,0.0,7.7,3.9,14.4,5.4,0.0,7.3,21.7,-0.1,0.1,0.0,-0.015,-8.5,4.7,-3.8,0.0
2021,377,smithde03,23,DET,PG,20,9,392,14.1,.504,.400,.148,3.4,11.8,7.5,28.8,2.5,3.1,14.8,18.8,0.1,0.5,0.6,.076,-0.6,1.3,0.7,0.3
2021,378,lamban01,23,HOU,SF,24,3,415,8.7,.523,.602,.178,6.7,11.5,9.0,7.9,0.7,1.1,13.0,15.0,0.1,0.1,0.2,.023,-3.4,-2.7,-6.1,-0.4
2021,379,thomabr01,24,2TM,SG,32,1,399,8.0,.487,.546,.426,2.2,12.9,7.4,10.7,1.8,2.2,14.6,16.4,-0.3,0.3,0.1,.006,-4.7,0.3,-4.4,-0.2
2021,379,thomabr01,24,HOU,SG,4,0,24,7.2,.496,.857,1.000,4.3,13.9,8.9,22.7,2.0,3.7,28.4,24.9,-0.1,0.0,0.0,-0.063,-7.0,0.6,-6.4,0.0
2021,379,thomabr01,24,CLE,SG,28,1,375,8.0,.487,.525,.386,2.0,12.8,7.3,9.9,1.8,2.1,13.2,15.8,-0.2,0.3,0.1,.010,-4.5,0.3,-4.3,-0.2
2021,380,nnajize01,20,DEN,PF,42,1,397,11.3,.615,.567,.144,4.0,14.5,9.3,3.3,1.0,1.0,6.0,12.9,0.6,0.3,0.9,.104,-0.6,-1.1,-1.7,0.0
2021,381,coffeam01,23,LAC,SG,44,1,394,10.1,.585,.544,.369,2.9,9.4,6.3,7.4,1.3,0.0,11.1,15.1,0.4,0.3,0.7,.085,-1.9,-0.1,-2.0,0.0
2021,382,gillefr01,23,TOR,PF,20,2,392,13.4,.563,.000,.393,11.4,16.0,13.6,3.2,1.6,5.1,10.9,12.2,0.5,0.5,0.9,.116,-3.1,-0.1,-3.2,-0.1
2021,383,mooreet01,31,PHO,SG,27,1,389,10.4,.523,.289,.116,4.2,8.9,6.6,13.7,1.9,1.2,15.3,17.2,0.0,0.4,0.4,.049,-3.1,0.2,-2.9,-0.1
2021,384,joeis01,21,PHI,SG,41,1,383,9.5,.533,.797,.180,1.8,8.5,5.2,7.2,1.5,0.9,7.1,17.4,0.2,0.4,0.6,.078,-2.0,-1.0,-3.0,-0.1
2021,385,robingl02,27,SAC,SF,23,2,369,9.0,.554,.444,.232,3.3,10.4,6.8,7.0,0.5,0.7,9.2,14.0,0.3,0.0,0.3,.033,-1.9,-2.2,-4.0,-0.2
2021,386,mannini01,19,GSW,PG,30,1,364,9.3,.487,.526,.246,1.8,11.5,6.7,25.6,2.1,0.2,19.7,18.5,-0.2,0.4,0.2,.029,-3.4,-0.5,-3.9,-0.2
2021,387,lylestr01,25,SAS,PF,23,9,358,11.4,.574,.444,.256,2.6,23.3,12.8,5.3,0.8,0.2,5.7,12.9,0.3,0.3,0.6,.085,-1.3,-0.5,-1.8,0.0
2021,388,naderab01,27,PHO,SF,24,0,355,13.4,.605,.371,.319,2.3,17.3,9.9,7.3,1.4,2.3,12.6,19.0,0.3,0.4,0.7,.095,-1.0,1.0,0.0,0.2
2021,389,gilesha01,22,POR,C,38,0,348,12.4,.496,.237,.278,9.3,32.2,20.4,11.3,1.1,3.3,15.5,15.9,0.1,0.4,0.5,.069,-3.2,0.2,-2.9,-0.1
2021,390,kornelu01,25,2TM,C,31,2,348,13.3,.511,.584,.059,4.4,17.0,10.7,9.5,0.6,8.5,6.3,13.7,0.2,0.5,0.7,.095,-0.8,1.6,0.8,0.3
2021,390,kornelu01,25,CHI,C,13,0,94,9.8,.452,.852,.148,1.2,16.3,8.8,5.5,1.0,6.5,3.4,13.7,0.0,0.1,0.1,.047,-0.7,1.2,0.5,0.1
2021,390,kornelu01,25,BOS,C,18,2,254,14.5,.534,.486,.027,5.7,17.2,11.4,10.9,0.4,9.2,7.4,13.7,0.3,0.3,0.6,.113,-0.8,1.8,0.9,0.2
2021,391,okafoja01,25,DET,C,27,2,347,13.1,.644,.088,.235,7.3,13.9,10.6,6.1,0.8,1.3,15.7,16.8,0.3,0.3,0.6,.082,-2.5,-0.7,-3.2,-0.1
2021,392,hutchch01,24,2TM,SF,25,1,346,6.8,.469,.214,.243,1.9,22.2,12.1,6.3,1.6,1.2,14.9,16.2,-0.5,0.4,-0.1,-0.007,-5.7,0.2,-5.6,-0.3
2021,392,hutchch01,24,CHI,SF,7,0,64,0.4,.344,.167,.111,1.8,32.6,17.3,7.9,0.8,0.0,20.9,16.2,-0.2,0.1,-0.1,-0.103,-9.3,-0.7,-10.0,-0.1
2021,392,hutchch01,24,WAS,SF,18,1,282,8.2,.494,.224,.271,1.9,19.9,10.9,6.0,1.8,1.5,13.6,16.2,-0.2,0.3,0.1,.014,-4.9,0.3,-4.5,-0.2
2021,393,halljo01,20,OKC,SF,21,1,336,1.0,.363,.374,.444,1.8,16.6,9.1,11.6,0.6,0.3,17.4,18.1,-1.1,0.2,-0.9,-0.126,-9.7,-2.2,-11.9,-0.8
2021,394,jonesma05,22,2TM,SG,32,1,334,12.1,.556,.537,.520,2.2,16.0,8.8,18.9,1.0,0.3,16.1,23.0,0.0,0.2,0.2,.028,-1.4,-1.2,-2.7,-0.1
2021,394,jonesma05,22,HOU,SG,26,1,307,11.1,.546,.561,.500,1.3,17.0,8.9,19.1,0.9,0.3,16.8,23.1,-0.1,0.1,0.0,.007,-1.9,-1.4,-3.3,-0.1
2021,394,jonesma05,22,PHI,SG,6,0,27,23.5,.662,.222,.778,12.5,4.0,8.2,16.6,1.8,0.0,7.6,20.8,0.1,0.0,0.2,.270,4.6,0.2,4.8,0.0
2021,395,harrish01,27,2TM,SG,34,0,333,6.8,.416,.205,.282,2.4,13.7,8.1,9.5,2.5,1.5,11.1,12.9,-0.2,0.4,0.2,.030,-5.5,1.5,-4.1,-0.2
2021,395,harrish01,27,UTA,SG,17,0,56,6.5,.375,.100,.300,5.9,10.9,8.5,21.5,1.7,0.0,18.1,21.3,-0.1,0.1,0.0,-0.033,-6.4,-0.3,-6.7,-0.1
2021,395,harrish01,27,DEN,SG,17,0,277,6.9,.431,.241,.276,1.6,14.3,8.0,7.1,2.7,1.8,8.4,11.2,-0.1,0.4,0.2,.042,-5.4,1.8,-3.6,-0.1
2021,396,thomama02,26,2TM,SG,45,0,326,9.1,.522,.630,.110,2.3,12.2,7.3,8.6,0.6,0.0,9.5,19.5,0.0,0.2,0.2,.031,-2.6,-2.0,-4.6,-0.2
2021,396,thomama02,26,TOR,SG,26,0,192,8.2,.545,.661,.113,1.7,10.7,6.0,6.7,0.5,0.0,8.4,16.0,0.0,0.1,0.1,.028,-1.9,-2.0,-3.9,-0.1
2021,396,thomama02,26,UTA,SG,19,0,134,10.5,.499,.600,.108,3.3,14.4,9.1,11.3,0.7,0.0,10.5,24.5,-0.1,0.2,0.1,.034,-3.5,-2.0,-5.5,-0.1
2021,397,martike03,25,IND,SF,35,0,322,13.9,.551,.435,.072,6.1,20.1,13.1,7.5,1.5,2.5,10.1,20.9,0.1,0.4,0.4,.066,-1.1,-1.3,-2.4,0.0
2021,398,ntilila01,22,NYK,PG,33,4,322,7.7,.512,.608,.228,2.0,8.3,5.2,8.1,2.8,1.2,11.2,13.6,0.0,0.5,0.5,.070,-4.2,2.5,-1.7,0.0
2021,399,hoardja01,21,OKC,SF,19,0,320,13.4,.547,.125,.466,6.7,14.5,10.6,11.2,1.9,1.4,13.8,16.3,0.2,0.3,0.5,.070,-2.2,-0.3,-2.5,0.0
2021,400,sampsja02,27,IND,PF,29,4,316,10.9,.533,.133,.257,9.3,17.1,13.2,1.8,0.3,3.6,10.7,19.0,0.0,0.3,0.3,.044,-5.2,-2.3,-7.5,-0.4
2021,401,jamesju01,24,SAC,SF,36,0,310,11.3,.548,.342,.324,3.2,7.6,5.4,9.9,1.2,0.8,10.6,19.7,0.1,0.0,0.1,.020,-2.0,-2.3,-4.3,-0.2
2021,402,samanlu01,21,SAS,PF,33,4,308,9.8,.518,.410,.276,5.4,18.3,11.7,6.9,1.3,2.2,14.5,19.5,-0.2,0.3,0.1,.015,-4.2,-0.7,-4.9,-0.2
2021,403,robinje01,23,WAS,SG,17,6,305,4.1,.400,.442,.211,1.4,11.8,6.6,10.2,1.8,1.6,15.5,16.7,-0.7,0.3,-0.4,-0.057,-6.9,-0.1,-7.0,-0.4
2021,404,forretr01,22,UTA,PG,30,0,302,11.2,.554,.366,.268,4.0,11.1,7.7,19.9,1.5,1.1,20.9,14.3,0.3,0.4,0.7,.106,-2.5,1.2,-1.3,0.1
2021,405,davised01,31,MIN,C,23,7,299,13.1,.487,.000,.273,16.1,26.0,20.8,9.0,2.1,3.8,12.4,7.9,0.5,0.4,0.8,.135,-3.3,1.1,-2.2,0.0
2021,406,watsopa01,26,TOR,SF,27,2,297,10.9,.649,.780,.098,1.4,15.7,8.3,8.2,1.0,1.0,9.5,13.7,0.4,0.2,0.6,.096,-0.8,-0.6,-1.3,0.1
2021,407,langfro01,21,BOS,SG,18,4,283,5.1,.436,.305,.203,4.7,9.1,6.9,5.9,1.0,1.7,13.5,11.3,-0.2,0.2,0.0,.003,-4.9,0.2,-4.6,-0.2
2021,408,cancavl01,23,DEN,PF,41,1,281,9.7,.547,.458,.181,4.5,15.7,10.1,6.4,1.9,0.7,15.3,14.2,0.0,0.3,0.3,.053,-2.6,0.0,-2.6,0.0
2021,409,kabenmf01,23,2TM,PF,39,0,280,9.5,.486,.562,.225,4.7,19.4,12.0,8.7,1.4,4.1,13.3,17.7,-0.2,0.3,0.2,.026,-4.3,0.1,-4.3,-0.2
2021,409,kabenmf01,23,LAC,PF,23,0,94,1.4,.390,.563,.188,1.2,15.1,8.4,6.9,1.1,2.8,14.8,19.2,-0.3,0.1,-0.1,-0.075,-9.2,-0.9,-10.1,-0.2
2021,409,kabenmf01,23,CLE,PF,16,0,186,13.7,.538,.561,.246,6.5,21.6,13.8,9.7,1.6,4.8,12.5,16.9,0.1,0.2,0.3,.078,-1.9,0.6,-1.3,0.0
2021,410,knighna01,23,ATL,PF,33,0,279,13.9,.499,.330,.550,10.8,17.3,14.1,4.0,1.6,3.2,10.8,21.7,0.1,0.3,0.4,.070,-2.6,-1.0,-3.7,-0.1
2021,411,edwarca01,22,BOS,SG,31,1,276,10.2,.527,.568,.117,1.2,9.4,5.2,7.4,1.2,0.3,5.7,19.3,0.1,0.2,0.3,.051,-3.2,-1.3,-4.5,-0.2
2021,412,nworajo01,22,MIL,SF,30,2,274,16.1,.586,.459,.185,3.6,18.9,11.5,3.6,2.7,2.3,14.1,26.0,0.0,0.4,0.4,.068,-0.7,-0.4,-1.1,0.1
2021,413,marjabo01,32,DAL,C,33,3,271,22.6,.562,.066,.311,19.3,32.7,26.0,5.9,0.4,2.1,8.0,24.6,0.7,0.3,1.0,.183,1.9,-2.6,-0.8,0.1
2021,414,bryanth01,23,WAS,C,10,10,271,18.7,.704,.231,.264,7.1,16.8,11.9,8.2,0.7,2.5,9.8,17.2,0.7,0.2,1.0,.171,1.4,-0.6,0.9,0.2
2021,415,jonestr01,21,SAS,PG,37,1,269,12.1,.544,.064,.244,3.1,5.2,4.2,20.0,1.4,0.0,13.1,16.1,0.2,0.1,0.4,.066,-2.2,-1.3,-3.5,-0.1
2021,416,mayssk01,23,ATL,SG,33,0,269,16.8,.569,.408,.255,4.2,10.0,7.1,16.4,2.6,0.7,7.6,19.1,0.5,0.3,0.8,.140,1.2,0.7,1.9,0.3
2021,417,mckinal01,28,LAL,SF,39,0,258,15.5,.604,.419,.194,9.6,13.9,11.8,3.6,1.3,0.0,4.7,17.8,0.5,0.3,0.8,.156,0.3,-0.8,-0.4,0.1
2021,418,jacksja02,21,MEM,C,11,4,258,18.0,.551,.480,.336,6.9,18.7,12.7,6.8,2.2,6.3,9.5,25.9,0.2,0.5,0.7,.123,-0.7,0.7,0.1,0.1
2021,419,brazdig01,22,3TM,SF,13,0,249,9.5,.510,.337,.169,4.5,14.7,9.4,10.5,0.8,1.1,11.9,17.6,-0.1,0.1,0.1,.016,-3.2,-2.1,-5.3,-0.2
2021,419,brazdig01,22,NYK,SF,4,0,7,11.2,.532,.000,2.000,15.7,15.3,15.5,17.5,0.0,0.0,34.7,18.3,0.0,0.0,0.0,.039,-2.9,-1.2,-4.1,0.0
2021,419,brazdig01,22,PHI,SF,1,0,8,-12.0,.000,.333,.000,0.0,27.0,13.8,0.0,0.0,0.0,0.0,16.1,-0.1,0.0,-0.1,-0.330,-15.2,-6.2,-21.4,0.0
2021,419,brazdig01,22,ORL,SF,8,0,234,10.2,.528,.342,.152,4.3,14.2,9.1,10.6,0.8,1.2,11.5,17.6,0.0,0.1,0.1,.027,-2.8,-2.0,-4.8,-0.2
2021,420,pattoju01,23,HOU,C,13,6,247,11.6,.488,.486,.057,5.8,15.8,10.6,8.1,2.3,5.1,5.3,13.0,0.1,0.3,0.4,.076,-3.6,1.4,-2.2,0.0
2021,421,bateske01,25,SAS,SF,30,0,245,12.0,.518,.254,.313,3.8,17.7,10.6,6.6,2.2,1.7,8.4,14.8,0.1,0.3,0.3,.068,-2.3,0.4,-1.9,0.0
2021,422,gabriwe01,23,NOP,PF,21,0,241,9.8,.533,.533,.283,9.0,15.3,12.2,5.9,1.8,3.1,18.2,14.4,0.0,0.3,0.3,.052,-3.2,-0.1,-3.3,-0.1
2021,423,watertr01,23,BOS,PG,26,3,238,14.6,.541,.452,.202,2.3,7.5,4.9,36.4,3.1,0.4,22.8,21.4,0.2,0.2,0.4,.080,0.4,-0.1,0.3,0.1
2021,424,jamesmi02,30,BRK,PG,13,1,236,11.9,.481,.337,.293,1.5,12.9,7.5,30.6,1.2,0.4,16.1,22.9,0.0,0.1,0.1,.028,-2.1,-2.3,-4.4,-0.1
2021,425,guyky01,23,SAC,PG,31,0,235,8.5,.449,.523,.227,2.3,14.4,8.3,17.9,1.2,0.0,10.2,19.7,-0.1,0.1,-0.1,-0.015,-3.7,-2.1,-5.8,-0.2
2021,426,merrisa01,24,MIL,SG,30,2,233,11.9,.603,.653,.056,2.8,10.4,6.8,11.4,1.6,0.4,11.9,15.0,0.3,0.2,0.5,.102,-0.7,-0.3,-1.0,0.1
2021,427,chiozch01,25,BRK,PG,22,1,232,12.9,.461,.477,.193,1.5,9.5,5.7,36.9,1.5,2.3,14.4,21.0,0.1,0.2,0.3,.063,-0.1,-0.6,-0.7,0.1
2021,428,fernabr01,22,ATL,C,33,0,226,6.2,.475,.045,.500,7.9,29.4,18.9,5.8,0.9,1.2,28.1,14.4,-0.3,0.3,-0.1,-0.019,-6.1,-0.4,-6.5,-0.3
2021,429,dellama01,30,CLE,PG,13,1,224,7.3,.312,.446,.071,2.9,9.2,6.0,35.3,0.9,0.4,9.4,12.4,-0.1,0.1,0.0,.005,-4.5,-1.9,-6.4,-0.3
2021,430,gillan01,28,WAS,PF,26,4,218,13.7,.597,.400,.267,7.8,17.0,12.4,6.7,2.1,1.5,10.7,14.2,0.3,0.3,0.6,.123,-1.6,0.3,-1.3,0.0
2021,431,thornsi01,26,2TM,SG,21,1,217,6.6,.414,.500,.174,1.4,7.4,4.4,13.0,2.9,0.9,12.4,11.1,-0.2,0.2,0.0,.009,-5.7,0.9,-4.7,-0.2
2021,431,thornsi01,26,NOP,SG,14,1,73,4.5,.388,.429,.095,1.5,5.9,3.7,7.0,3.3,1.3,15.5,14.9,-0.2,0.1,-0.1,-0.057,-6.0,0.7,-5.3,-0.1
2021,431,thornsi01,26,ORL,SG,7,0,144,7.7,.434,.560,.240,1.4,8.2,4.7,16.0,2.7,0.6,9.8,9.2,0.0,0.1,0.1,.042,-5.5,1.1,-4.4,-0.1
2021,432,fultzma01,22,ORL,PG,8,8,215,12.0,.458,.154,.183,2.3,10.0,6.0,33.1,1.8,0.8,13.8,26.2,-0.3,0.1,-0.1,-0.024,-3.6,-0.9,-4.4,-0.1
2021,433,deckga01,25,OKC,PF,10,0,212,16.1,.548,.224,.328,7.8,11.9,9.8,17.3,1.8,0.0,7.3,16.6,0.4,0.1,0.5,.120,0.0,-0.4,-0.4,0.1
2021,434,perryre01,20,BRK,PF,26,0,211,11.0,.466,.269,.167,14.9,22.9,19.1,9.0,1.4,2.5,15.2,20.4,-0.1,0.2,0.2,.040,-5.3,-1.4,-6.7,-0.2
2021,435,dedmode01,31,MIA,C,16,0,210,24.5,.735,.077,.415,15.5,31.0,23.4,9.6,2.1,3.0,14.5,19.3,0.7,0.4,1.1,.256,1.2,0.5,1.7,0.2
2021,436,howarma02,21,DEN,SG,37,1,205,6.4,.477,.613,.085,0.6,11.0,5.8,12.6,1.0,0.5,14.1,27.2,-0.4,0.1,-0.3,-0.068,-5.5,-3.2,-8.7,-0.3
2021,437,milleda01,30,OKC,SF,18,0,197,15.9,.685,.875,.250,1.0,11.8,6.3,15.4,3.1,2.3,13.1,13.2,0.4,0.2,0.6,.156,0.8,2.7,3.6,0.3
2021,438,bonejo01,23,ORL,PG,14,0,196,8.9,.519,.593,.000,2.0,11.0,6.4,13.6,0.5,0.0,5.3,12.6,0.1,0.1,0.2,.045,-3.0,-1.2,-4.2,-0.1
2021,439,mcgruro01,29,DET,SG,16,2,194,16.1,.619,.343,.114,4.5,8.1,6.3,13.6,2.0,0.4,8.7,18.1,0.3,0.2,0.5,.121,0.7,0.0,0.7,0.1
2021,440,ellebcj01,20,POR,SF,30,0,192,9.4,.468,.515,.227,6.0,12.0,8.9,7.1,1.5,1.4,6.4,17.4,0.0,0.1,0.1,.032,-4.0,-0.9,-4.9,-0.1
2021,441,johnsal02,24,BRK,PF,18,0,189,23.5,.638,.088,.191,16.6,35.0,26.3,10.9,1.3,2.3,10.9,19.1,0.6,0.3,0.9,.227,2.7,0.0,2.7,0.2
2021,442,tilliki02,22,MEM,C,18,1,182,8.5,.461,.579,.193,3.5,10.6,7.0,5.6,1.3,4.0,3.1,14.8,0.0,0.2,0.2,.055,-3.4,-0.3,-3.7,-0.1
2021,443,halldo01,23,ORL,PF,13,0,179,22.3,.731,.000,.971,13.5,22.8,18.0,9.4,1.4,5.1,13.8,14.0,0.6,0.2,0.8,.223,0.9,0.6,1.6,0.2
2021,444,reedpa01,21,PHI,PF,26,0,177,21.2,.540,.077,.103,19.0,18.9,19.0,11.0,2.7,6.6,12.8,22.7,0.2,0.4,0.6,.162,-1.8,0.8,-1.0,0.0
2021,445,harrija01,22,TOR,SG,13,2,172,15.2,.632,.500,.125,1.9,9.9,5.8,16.0,2.3,0.0,15.6,22.6,0.1,0.1,0.3,.079,0.5,-0.3,0.3,0.1
2021,446,parkeja01,25,2TM,PF,13,0,165,14.7,.593,.200,.236,6.7,21.8,14.2,9.9,0.3,2.8,14.1,18.5,0.2,0.1,0.3,.089,-0.9,0.0,-0.9,0.0
2021,446,parkeja01,25,SAC,PF,3,0,27,5.0,.571,.143,.000,4.1,20.8,12.3,5.0,0.0,3.1,30.0,15.9,-0.1,0.0,0.0,-0.073,-7.7,-1.4,-9.1,0.0
2021,446,parkeja01,25,BOS,PF,10,0,138,16.6,.596,.208,.271,7.2,22.0,14.5,10.8,0.4,2.7,11.5,18.9,0.2,0.1,0.3,.121,0.4,0.2,0.7,0.1
2021,447,oturuda01,21,LAC,C,30,0,161,12.5,.471,.096,.231,15.1,18.3,16.8,8.5,1.2,3.9,13.6,18.2,0.0,0.2,0.3,.081,-4.1,-1.1,-5.2,-0.1
2021,448,bolbo01,21,DEN,PF,32,2,160,9.4,.534,.414,.259,0.0,16.9,8.5,6.0,0.9,6.1,16.8,21.2,-0.2,0.2,0.0,-0.004,-3.8,-0.3,-4.1,-0.1
2021,449,mcderse01,24,MEM,SF,18,0,158,7.2,.534,.667,.242,4.0,8.8,6.4,3.1,0.6,1.7,9.9,10.8,0.1,0.1,0.2,.050,-3.1,-1.2,-4.3,-0.1
2021,450,cookqu01,27,2TM,PG,23,0,157,12.7,.531,.382,.118,1.4,10.9,6.1,18.3,1.3,0.6,8.9,21.8,0.1,0.1,0.2,.061,-1.0,-0.2,-1.2,0.0
2021,450,cookqu01,27,LAL,PG,16,0,62,13.8,.585,.500,.192,0.0,9.0,4.5,12.5,0.8,1.4,9.6,21.9,0.1,0.1,0.1,.098,-0.3,-0.1,-0.4,0.0
2021,450,cookqu01,27,CLE,PG,7,0,95,12.0,.496,.310,.071,2.3,12.1,7.1,22.1,1.6,0.0,8.5,21.7,0.0,0.1,0.1,.037,-1.5,-0.2,-1.7,0.0
2021,451,smithja04,20,PHO,PF,27,1,156,8.4,.499,.340,.140,5.2,21.4,13.4,3.4,0.3,2.9,11.7,17.1,-0.1,0.2,0.1,.022,-4.8,-1.3,-6.1,-0.2
2021,452,thomakh01,24,HOU,SG,5,2,153,21.3,.586,.409,.136,4.7,8.0,6.3,26.9,2.8,3.5,7.9,21.1,0.4,0.1,0.5,.164,2.5,-0.1,2.4,0.2
2021,453,brownch02,23,OKC,SG,9,1,152,4.1,.422,.488,.233,2.0,9.7,5.8,8.2,1.3,1.2,11.2,14.9,-0.2,0.1,-0.1,-0.032,-7.4,-1.3,-8.7,-0.3
2021,454,ilyaser01,33,UTA,PF,17,1,148,12.1,.578,.759,.093,5.3,15.1,10.4,3.8,3.3,1.6,12.5,18.7,0.1,0.3,0.4,.122,-2.5,1.7,-0.9,0.0
2021,455,morgaju01,23,UTA,PF,29,0,147,8.5,.529,.433,.233,6.8,13.1,10.1,8.0,1.3,0.6,10.8,10.9,0.1,0.2,0.3,.105,-3.5,1.2,-2.3,0.0
2021,456,diakima01,24,MIL,PF,14,1,141,12.3,.477,.200,.350,6.2,18.7,12.7,7.0,2.3,3.8,6.1,14.6,0.1,0.2,0.3,.102,-3.3,0.9,-2.4,0.0
2021,457,brantja01,24,UTA,PF,28,0,138,16.6,.605,.538,.038,7.2,13.3,10.4,16.1,2.5,1.2,13.1,19.0,0.3,0.2,0.5,.172,0.6,1.6,2.2,0.1
2021,458,fallta01,25,BOS,C,19,0,136,19.6,.660,.000,.517,13.0,29.7,21.3,3.1,0.4,13.7,14.4,13.2,0.2,0.3,0.5,.177,-1.7,2.9,1.2,0.1
2021,459,ferreyo01,27,2TM,PG,10,0,136,14.4,.459,.491,.158,4.1,11.4,7.8,22.9,2.5,2.0,4.7,20.7,0.1,0.2,0.3,.099,-0.5,0.8,0.2,0.1
2021,459,ferreyo01,27,CLE,PG,2,0,40,12.4,.434,.429,.095,8.2,11.5,9.8,20.9,3.7,2.2,12.1,27.1,-0.1,0.1,0.0,-0.036,-1.9,1.0,-1.0,0.0
2021,459,ferreyo01,27,LAC,PG,8,0,96,15.3,.473,.528,.194,2.4,11.4,7.0,23.7,2.1,1.9,0.0,18.0,0.2,0.1,0.3,.154,0.0,0.7,0.7,0.1
2021,460,sirvyde01,20,DET,SG,20,0,133,5.7,.481,.700,.150,0.0,24.5,12.1,5.4,0.7,0.0,10.5,15.7,-0.1,0.1,0.0,-0.010,-4.2,-1.2,-5.4,-0.1
2021,461,kurucro01,22,3TM,PF,21,0,125,6.3,.459,.656,.125,4.3,15.4,9.8,10.3,3.4,2.9,27.8,15.9,-0.3,0.2,-0.1,-0.041,-6.4,1.8,-4.6,-0.1
2021,461,kurucro01,22,BRK,PF,5,0,16,7.7,.500,.667,.000,0.0,19.7,10.4,15.1,0.0,0.0,0.0,8.2,0.0,0.0,0.0,.082,-0.8,0.8,0.0,0.0
2021,461,kurucro01,22,HOU,SF,11,0,75,0.8,.297,.714,.095,2.7,13.4,7.8,7.1,3.8,4.8,29.1,17.5,-0.4,0.1,-0.3,-0.176,-10.1,1.5,-8.6,-0.1
2021,461,kurucro01,22,MIL,SF,5,0,34,17.9,.845,.500,.250,9.6,17.9,13.9,15.0,4.1,0.0,31.1,15.9,0.1,0.1,0.1,.199,-0.9,3.1,2.2,0.0
2021,462,mathida01,25,PHI,SG,8,2,123,9.8,.474,.542,.125,0.9,5.3,3.1,15.1,0.4,2.2,1.9,18.1,0.0,0.1,0.2,.061,-1.5,-1.0,-2.6,0.0
2021,463,weathqu01,24,SAS,SG,20,0,121,9.6,.547,.171,.457,2.6,7.2,4.8,9.1,3.2,1.4,19.2,18.7,-0.1,0.1,0.1,.023,-5.8,0.7,-5.0,-0.1
2021,464,warretj01,27,IND,SF,4,4,117,11.6,.560,.137,.196,1.9,11.1,6.5,6.5,0.8,0.0,6.7,21.6,0.1,0.1,0.1,.045,-3.6,-1.9,-5.5,-0.1
2021,465,exumda01,25,CLE,SG,6,3,116,5.9,.428,.423,.077,1.9,14.8,8.2,15.8,1.7,1.5,20.7,12.7,-0.2,0.1,-0.1,-0.025,-5.4,1.6,-3.8,-0.1
2021,466,careyve01,19,CHO,C,19,4,115,11.7,.563,.194,.306,5.6,20.1,12.7,2.6,0.4,4.3,10.9,17.2,0.0,0.1,0.2,.066,-4.4,-1.7,-6.1,-0.1
2021,467,holliro01,26,POR,PF,11,1,107,14.4,.539,.056,.889,10.7,15.4,13.0,15.7,0.9,3.4,7.4,10.9,0.3,0.1,0.3,.147,-1.1,1.2,0.1,0.1
2021,468,frankro01,24,ORL,PF,7,0,101,16.5,.638,.536,.464,6.0,8.5,7.2,7.4,1.4,2.7,5.6,15.3,0.3,0.1,0.3,.158,0.7,-0.8,-0.2,0.0
2021,469,tollian01,35,PHI,PF,11,0,99,4.0,.433,.824,.353,3.4,7.6,5.6,2.5,1.5,1.8,13.3,9.8,-0.1,0.1,0.1,.025,-5.6,-1.5,-7.0,-0.1
2021,470,winstca01,22,WAS,PG,22,0,98,10.8,.575,.515,.182,0.0,9.7,4.9,16.3,0.9,0.9,12.3,17.2,0.1,0.1,0.1,.066,-2.1,-1.1,-3.2,0.0
2021,471,cacokde01,24,LAL,PF,20,1,98,17.2,.576,.000,.379,13.8,22.8,18.4,1.5,2.5,3.7,12.9,17.2,0.1,0.2,0.3,.142,-1.5,0.4,-1.0,0.0
2021,472,ramseja01,19,SAC,SG,13,0,94,10.5,.498,.500,.132,2.3,9.6,5.9,8.8,2.0,0.9,6.9,19.8,0.0,0.0,0.0,.012,-3.1,-1.4,-4.5,-0.1
2021,473,stanlca01,21,IND,SG,24,0,93,5.5,.383,.302,.209,9.4,13.9,11.7,1.4,0.5,1.7,2.1,22.0,-0.2,0.1,-0.1,-0.050,-7.2,-4.0,-11.2,-0.2
2021,474,hintona01,21,DAL,SG,21,0,93,10.4,.442,.452,.238,1.2,9.4,5.3,12.4,3.7,2.0,9.7,24.4,-0.2,0.1,0.0,-0.015,-4.5,1.0,-3.4,0.0
2021,475,silvach01,24,2TM,PF,15,0,92,11.5,.708,.063,.938,8.9,24.4,16.8,9.3,0.5,6.6,30.7,15.9,0.1,0.1,0.2,.101,-6.7,1.1,-5.5,-0.1
2021,475,silvach01,24,MIA,PF,11,0,83,13.4,.765,.077,1.154,9.8,24.4,17.2,10.3,0.6,6.3,31.5,15.5,0.1,0.1,0.2,.136,-5.3,1.4,-3.9,0.0
2021,475,silvach01,24,SAC,PF,4,0,9,-5.9,.333,.000,.000,0.0,25.0,12.3,0.0,0.0,9.4,25.0,19.1,-0.1,0.0,0.0,-0.219,-19.3,-1.3,-20.6,0.0
2021,476,maneka01,20,ORL,PG,10,0,88,1.3,.362,.154,.385,1.1,15.9,8.3,6.0,0.0,2.1,16.5,8.9,-0.1,0.0,-0.1,-0.045,-9.1,-0.8,-9.9,-0.2
2021,477,robinju01,23,OKC,PG,9,0,88,6.0,.453,.667,.238,1.2,7.2,4.1,14.1,1.6,0.0,7.9,12.2,0.0,0.0,0.0,.021,-5.8,-1.0,-6.8,-0.1
2021,478,oliveca01,24,HOU,SF,4,0,87,17.2,.619,.394,.121,5.9,20.5,12.9,9.6,1.1,4.1,7.9,18.5,0.1,0.1,0.2,.114,-1.0,-1.0,-2.0,0.0
2021,479,kinglo02,21,SAC,SF,6,1,85,21.2,.600,.324,.176,6.4,17.2,11.8,15.4,4.0,3.0,9.8,20.6,0.2,0.1,0.3,.160,2.3,2.5,4.9,0.1
2021,480,feliccr01,28,CHI,C,18,0,84,14.7,.574,.154,1.231,13.3,20.9,17.2,13.6,2.3,0.0,16.6,12.4,0.2,0.1,0.3,.151,-1.1,1.2,0.1,0.0
2021,481,smailal01,20,GSW,PF,15,1,84,8.9,.472,.370,.222,7.7,12.5,10.1,6.5,1.7,5.2,14.4,17.6,-0.1,0.1,0.0,.015,-4.9,-0.4,-5.3,-0.1
2021,482,scrubja01,20,LAC,SG,4,1,84,6.3,.458,.250,.139,2.8,15.6,9.4,1.7,2.4,0.0,15.5,23.8,-0.2,0.1,-0.1,-0.072,-8.1,-2.8,-10.9,-0.2
2021,483,pelleno01,27,3TM,C,13,0,84,11.6,.567,.000,.400,8.1,16.5,12.4,3.0,0.6,10.0,14.5,10.8,0.1,0.1,0.2,.112,-4.5,1.9,-2.6,0.0
2021,483,pelleno01,27,BRK,C,3,0,28,2.1,.429,.000,.000,12.5,15.0,13.8,0.0,0.0,9.4,30.0,15.6,-0.1,0.0,0.0,-0.069,-12.2,-0.8,-13.0,-0.1
2021,483,pelleno01,27,SAC,C,1,0,4,30.1,.543,.000,4.000,27.4,0.0,13.9,28.2,0.0,0.0,0.0,29.7,0.0,0.0,0.0,.374,6.1,-2.9,3.2,0.0
2021,483,pelleno01,27,NYK,C,9,0,52,15.3,.698,.000,.286,4.2,18.6,11.5,2.7,1.0,11.0,0.0,6.8,0.1,0.1,0.2,.189,-1.1,3.7,2.5,0.1
2021,484,belljo01,26,2TM,C,6,1,82,8.0,.328,.091,.091,9.1,21.9,15.5,10.6,1.7,5.2,14.9,13.6,-0.1,0.1,0.0,-0.008,-5.9,0.1,-5.8,-0.1
2021,484,belljo01,26,WAS,C,5,1,67,8.5,.350,.100,.000,9.5,20.5,15.0,9.5,2.1,3.7,13.0,14.2,-0.1,0.1,0.0,-0.004,-5.4,-0.3,-5.7,-0.1
2021,484,belljo01,26,GSW,C,1,0,15,5.6,.174,.000,1.000,7.2,28.0,17.7,15.5,0.0,11.8,25.8,11.1,0.0,0.0,0.0,-0.026,-8.3,1.7,-6.5,0.0
2021,485,dudleja01,35,LAL,PF,12,0,81,4.4,.333,.667,.000,5.6,23.5,14.6,7.6,0.6,1.1,18.2,5.9,0.0,0.1,0.1,.053,-4.4,0.9,-3.5,0.0
2021,486,masonfr01,26,ORL,PG,4,1,79,7.5,.462,.208,.292,3.8,12.2,7.9,22.3,0.0,0.0,15.6,17.5,0.0,0.0,0.0,-0.018,-5.2,-2.4,-7.7,-0.1
2021,487,makerth01,23,CLE,C,8,0,76,18.6,.657,.111,.611,11.5,15.1,13.3,7.9,1.3,4.7,11.6,14.8,0.2,0.1,0.3,.174,-0.3,1.1,0.7,0.1
2021,488,blevike01,25,POR,SF,17,0,75,-0.9,.300,.400,.000,4.2,10.3,7.1,6.7,1.3,0.0,20.0,14.3,-0.2,0.0,-0.2,-0.137,-8.3,-2.3,-10.7,-0.2
2021,489,martije02,24,CLE,PG,9,0,75,1.4,.313,.364,.152,2.9,7.6,5.2,7.9,3.3,2.4,14.6,23.9,-0.4,0.1,-0.3,-0.207,-8.3,-1.1,-9.5,-0.1
2021,490,cannade01,24,ORL,PG,8,0,74,11.2,.547,.571,.250,0.0,7.3,3.5,2.1,3.3,1.2,6.0,19.3,0.0,0.1,0.1,.057,-4.0,1.0,-3.1,0.0
2021,491,beyty01,22,DAL,SF,18,0,71,5.9,.372,.182,.227,12.5,16.9,14.7,5.6,0.0,1.3,11.0,16.9,-0.1,0.0,0.0,-0.033,-5.5,-3.9,-9.5,-0.1
2021,492,tuckera01,23,PHI,PG,14,0,68,15.1,.645,.389,1.056,1.6,15.9,8.9,12.2,1.4,0.0,13.2,19.2,0.1,0.1,0.2,.166,-3.0,-0.4,-3.4,0.0
2021,493,hugheel01,22,UTA,SF,18,0,64,8.4,.488,.767,.133,1.7,12.7,7.5,13.4,0.8,1.3,15.9,25.4,-0.1,0.1,0.0,-0.013,-1.4,-1.3,-2.8,0.0
2021,494,dinwisp01,27,BRK,SG,3,3,64,10.1,.536,.438,.375,0.0,21.3,11.2,17.6,1.5,1.4,21.2,16.1,0.0,0.1,0.1,.045,-2.4,2.6,0.2,0.0
2021,495,richani01,23,CHO,PF,18,0,63,5.5,.542,.111,1.222,6.8,12.2,9.5,4.2,0.0,0.0,17.8,11.5,0.0,0.0,0.0,.026,-5.9,-2.1,-8.0,-0.1
2021,496,roberan03,29,BRK,SG,5,0,63,4.2,.202,.571,.143,12.9,13.3,13.2,7.4,2.3,1.4,11.8,11.7,-0.1,0.1,-0.1,-0.043,-5.2,-0.9,-6.1,-0.1
2021,497,fraziti01,30,MEM,PG,5,0,62,-0.5,.177,.400,.300,0.0,13.8,6.8,30.8,1.5,1.5,15.0,18.1,-0.3,0.1,-0.2,-0.169,-10.7,-1.2,-11.9,-0.2
2021,498,toupaax01,28,MIL,SF,8,1,61,9.0,.497,.182,.636,0.0,10.0,5.2,7.6,1.5,4.4,0.0,9.7,0.1,0.1,0.1,.097,-4.1,1.1,-3.0,0.0
2021,499,azubuud01,21,UTA,C,15,0,57,10.3,.597,.000,1.111,7.8,16.0,12.1,0.0,0.9,5.7,18.3,12.4,0.0,0.1,0.1,.119,-5.5,1.7,-3.8,0.0
2021,500,antetko01,23,LAL,PF,15,0,56,0.0,.382,.000,1.300,8.1,29.9,19.1,2.3,1.7,6.4,41.2,20.7,-0.3,0.1,-0.2,-0.174,-13.3,0.8,-12.6,-0.1
2021,501,mokokad01,22,CHI,SG,14,0,56,2.2,.386,.526,.053,2.0,7.8,4.9,11.9,1.7,1.6,20.5,18.9,-0.2,0.1,-0.1,-0.112,-7.7,-1.6,-9.3,-0.1
2021,502,terryty01,20,DAL,PG,11,0,56,6.0,.318,.438,.188,0.0,11.7,5.9,14.0,4.4,0.0,10.4,15.3,-0.1,0.1,-0.1,-0.049,-7.5,2.6,-5.0,0.0
2021,503,louzama01,21,NOP,SF,3,0,56,-0.9,.308,.615,.000,1.9,3.9,2.9,6.5,1.7,0.0,18.8,12.0,-0.1,0.0,-0.1,-0.099,-7.8,-1.8,-9.6,-0.1
2021,504,portejo01,21,MEM,PF,11,0,54,9.2,.640,.533,.333,7.8,19.9,13.7,2.5,2.7,1.7,28.9,18.9,-0.1,0.1,0.0,.019,-6.8,0.3,-6.5,-0.1
2021,505,dotsode01,21,CHI,PG,11,0,50,19.3,.548,.333,.000,4.5,6.6,5.5,21.4,3.9,0.0,0.0,18.2,0.1,0.1,0.2,.177,-0.1,2.2,2.1,0.1
2021,506,fergute01,22,PHI,SG,13,0,49,-7.1,.143,.714,.000,0.0,2.2,1.1,4.9,1.0,0.0,36.4,9.7,-0.2,0.0,-0.2,-0.161,-12.1,-2.2,-14.3,-0.2
2021,507,nunnaja01,30,NOP,SF,9,0,48,8.3,.540,.923,.154,4.5,15.8,10.2,8.1,0.0,0.0,12.6,13.9,0.0,0.0,0.0,.031,-0.9,-1.8,-2.7,0.0
2021,508,thomais02,31,NOP,PG,3,0,48,2.4,.412,.444,.074,2.3,6.8,4.5,15.1,1.0,0.0,17.7,29.7,-0.2,0.0,-0.2,-0.179,-7.8,-5.2,-13.1,-0.1
2021,509,alexaty01,22,PHO,SG,15,0,47,4.2,.349,.750,.167,4.9,19.0,12.1,15.4,0.0,1.9,18.9,15.0,-0.1,0.0,0.0,-0.048,-4.8,-1.7,-6.5,-0.1
2021,510,woodaro01,21,SAC,SF,13,0,45,12.5,.425,.300,.400,9.7,30.0,19.7,6.3,0.0,5.6,4.1,23.4,0.0,0.0,0.0,-0.011,-2.7,-2.6,-5.3,0.0
2021,511,dunnkr01,26,ATL,PG,4,0,45,-5.7,.182,.167,.333,0.0,14.3,7.3,5.4,2.2,3.9,17.9,16.2,-0.2,0.1,-0.2,-0.202,-13.7,-0.1,-13.7,-0.1
2021,512,paytoga02,28,GSW,PG,10,0,40,29.2,.847,.308,.308,5.4,23.6,14.6,4.1,7.0,2.2,6.3,16.8,0.2,0.1,0.3,.331,1.0,8.2,9.2,0.1
2021,513,reynoca01,25,2TM,SF,5,0,40,6.5,.417,.667,.000,5.1,8.3,6.7,7.5,0.0,0.0,0.0,19.2,0.0,0.0,0.0,-0.039,-3.5,-4.6,-8.1,-0.1
2021,513,reynoca01,25,SAS,SF,3,0,6,6.2,.500,.000,.000,0.0,0.0,0.0,0.0,0.0,0.0,0.0,14.5,0.0,0.0,0.0,-0.017,-4.4,-3.6,-8.0,0.0
2021,513,reynoca01,25,HOU,SF,2,0,34,6.5,.406,.750,.000,6.0,9.8,7.8,8.8,0.0,0.0,0.0,20.0,0.0,0.0,0.0,-0.043,-3.4,-4.8,-8.2,-0.1
2021,514,poirivi01,27,PHI,C,10,0,39,1.6,.273,.083,.500,17.2,22.2,19.8,6.6,0.0,6.9,21.5,20.6,-0.2,0.1,-0.1,-0.127,-12.3,-2.4,-14.8,-0.1
2021,515,ellenhe01,24,TOR,PF,2,0,38,12.8,.476,.643,.286,8.4,27.0,17.4,18.9,0.0,0.0,0.0,17.9,0.1,0.0,0.1,.127,-1.7,-0.1,-1.8,0.0
2021,516,cabocbr01,25,HOU,PF,6,0,36,9.0,.475,.294,.118,8.5,34.0,20.7,4.7,0.0,5.0,18.3,25.8,-0.1,0.0,-0.1,-0.088,-8.4,-1.7,-10.1,-0.1
2021,517,varejan01,38,CLE,C,5,0,36,12.9,.326,.063,.563,21.3,41.4,31.1,12.2,0.0,5.0,4.8,25.4,-0.1,0.0,0.0,-0.029,-3.7,-3.3,-7.1,0.0
2021,518,leaftj01,23,POR,PF,7,0,35,11.2,.551,.000,.200,0.0,15.7,7.6,4.0,2.8,2.6,15.5,15.8,0.0,0.0,0.0,.022,-3.9,0.9,-3.0,0.0
2021,519,pinsoth01,25,NYK,SG,17,0,34,-8.1,.111,.889,.000,0.0,15.8,8.0,3.7,0.0,0.0,10.0,13.1,-0.2,0.0,-0.1,-0.205,-13.2,-2.5,-15.7,-0.1
2021,520,mccawpa01,25,TOR,SF,5,0,33,12.0,1.078,.000,3.000,3.2,6.9,5.0,15.2,2.9,0.0,0.0,3.0,0.1,0.0,0.1,.209,-2.7,3.6,0.9,0.0
2021,521,bryanel01,25,MIL,SG,1,0,32,10.6,.559,.385,.231,6.8,12.7,9.9,12.6,0.0,2.8,21.8,24.0,0.0,0.0,0.0,.008,-3.9,-3.4,-7.3,0.0
2021,522,boldema01,22,CLE,C,6,0,29,13.3,.537,.000,2.667,11.3,11.9,11.6,0.0,3.4,6.1,23.5,12.8,0.0,0.0,0.0,.063,-3.8,0.8,-3.0,0.0
2021,523,brimaam01,26,IND,C,5,0,29,16.6,.697,.000,.375,7.5,22.3,15.0,4.8,0.0,14.0,30.0,19.6,0.0,0.1,0.0,.073,-6.2,1.4,-4.8,0.0
2021,524,leoname01,28,MIA,C,3,2,29,6.6,.635,1.000,.286,0.0,27.1,13.8,9.7,0.0,0.0,20.2,15.4,0.0,0.0,0.0,.038,-3.3,-0.4,-3.7,0.0
2021,525,rillegr01,23,CHO,PG,7,0,27,23.6,.750,.333,.000,0.0,4.1,2.0,20.9,1.8,0.0,7.7,20.7,0.1,0.0,0.1,.177,4.6,0.5,5.1,0.0
2021,526,chrisma01,23,GSW,PF,2,0,27,11.8,.412,.357,.286,12.0,38.9,25.6,11.0,0.0,6.5,11.3,28.1,-0.1,0.1,0.0,-0.030,-2.4,0.3,-2.1,0.0
2021,527,darlina01,22,CHO,SG,7,0,26,8.2,.541,1.000,.429,4.1,0.0,2.1,5.1,0.0,3.8,10.7,15.4,0.0,0.0,0.0,.038,-1.5,-2.5,-4.0,0.0
2021,528,spaldra01,23,HOU,C,2,0,19,0.8,.410,.250,.500,10.8,11.7,11.2,0.0,0.0,9.4,38.1,17.6,-0.1,0.0,-0.1,-0.184,-12.2,-2.1,-14.3,-0.1
2021,529,adamsja01,24,MIL,PG,7,0,18,-6.5,.125,.250,.000,0.0,16.9,8.8,12.7,0.0,0.0,0.0,18.6,-0.1,0.0,-0.1,-0.252,-15.1,-4.6,-19.8,-0.1
2021,530,harpeja01,23,NYK,PG,8,0,16,-10.8,.260,.250,1.000,0.0,13.4,6.8,7.7,0.0,0.0,34.2,24.4,-0.1,0.0,-0.1,-0.365,-16.6,-5.5,-22.1,-0.1
2021,531,bowenbr02,22,IND,SF,6,0,15,1.0,.338,.250,.250,0.0,21.6,10.8,0.0,0.0,0.0,0.0,12.6,0.0,0.0,0.0,-0.063,-8.1,-2.9,-11.0,0.0
2021,532,lecquja01,20,IND,PG,4,0,12,4.7,.242,.111,.333,18.2,27.0,22.6,20.6,0.0,0.0,0.0,36.6,-0.1,0.0,-0.1,-0.232,-6.6,-6.3,-13.0,0.0
2021,533,whittgr01,27,DEN,PF,4,0,12,-10.2,.000,.667,.000,0.0,0.0,0.0,0.0,0.0,0.0,0.0,10.9,-0.1,0.0,-0.1,-0.259,-11.4,-5.7,-17.2,0.0
2021,534,vonleno01,25,BRK,C,4,0,11,-19.0,.000,.667,.000,0.0,9.6,5.0,10.2,0.0,0.0,40.0,19.8,-0.1,0.0,-0.1,-0.488,-21.3,-5.0,-26.3,-0.1
2021,535,fittsma01,23,LAC,PF,3,0,11,2.9,.500,.667,.000,0.0,29.8,15.3,0.0,0.0,0.0,0.0,12.1,0.0,0.0,0.0,.049,-7.0,-2.1,-9.1,0.0
2021,536,shumpim01,30,BRK,SG,2,0,11,-0.4,.250,.750,.000,10.6,0.0,5.0,0.0,4.4,0.0,20.0,19.8,-0.1,0.0,0.0,-0.212,-10.4,-2.2,-12.6,0.0
2021,537,pasecan01,25,WAS,C,1,0,6,-40.6,.000,1.000,.000,17.7,0.0,8.8,18.7,0.0,0.0,83.3,41.4,-0.1,0.0,-0.1,-1.113,-40.7,-5.9,-46.6,-0.1
2021,538,haganas01,21,MIN,PG,2,0,4,-12.4,,,,0.0,0.0,0.0,0.0,0.0,0.0,100.0,10.5,0.0,0.0,0.0,-0.353,-13.7,-7.4,-21.1,0.0
2021,539,hasleud01,40,MIA,C,1,0,3,54.6,1.000,.000,.000,0.0,37.5,19.1,0.0,0.0,0.0,0.0,30.1,0.0,0.0,0.0,.475,24.1,7.0,31.1,0.0
2021,540,magnawi01,22,NOP,C,1,0,3,-35.1,.000,1.000,.000,0.0,0.0,0.0,0.0,0.0,0.0,50.0,28.0,0.0,0.0,0.0,-0.787,-30.7,-8.6,-39.3,0.0
2021,,,,,,,,,,.572,.392,.247,4.4,15.6,10.0,15.4,1.5,1.8,11.9,19.9,,,,,,,,
2022,1,bridgmi01,25,PHO,SF,82,82,2854,14.4,.627,.364,.183,2.9,10.0,6.5,8.7,1.6,1.1,6.8,15.0,5.2,3.7,8.9,.150,0.5,1.1,1.6,2.6
2022,2,bridgmi02,23,CHO,PF,80,80,2837,17.9,.593,.383,.274,3.3,17.8,10.4,15.7,1.3,2.2,9.9,22.6,5.0,2.3,7.2,.123,1.8,-0.3,1.5,2.5
2022,3,derozde01,32,CHI,PF,76,76,2743,23.1,.590,.093,.386,2.3,13.7,8.0,23.3,1.2,0.8,9.2,31.8,7.0,1.8,8.8,.154,3.4,-0.9,2.5,3.1
2022,4,tatumja01,23,BOS,SF,76,76,2731,21.8,.578,.416,.300,3.5,20.2,12.1,21.1,1.4,1.6,10.9,32.1,5.0,4.6,9.6,.169,4.3,0.6,5.0,4.8
2022,5,beysa01,22,DET,SF,82,82,2704,14.0,.529,.537,.224,4.1,14.1,8.8,13.8,1.3,0.5,7.1,21.3,2.4,1.6,4.0,.071,0.9,-1.2,-0.3,1.2
2022,6,halibty01,21,2TM,PG,77,77,2695,18.2,.595,.428,.209,2.5,10.3,6.3,34.1,2.4,1.6,16.7,19.0,5.2,1.8,7.0,.125,2.7,-0.1,2.6,3.1
2022,6,halibty01,21,SAC,SG,51,51,1757,17.0,.575,.430,.177,2.4,10.0,6.2,31.4,2.4,1.7,15.4,18.3,2.7,1.2,4.0,.109,2.2,0.4,2.6,2.0
2022,6,halibty01,21,IND,PG,26,26,938,20.5,.629,.424,.266,2.6,10.9,6.7,38.9,2.5,1.4,18.9,20.3,2.5,0.6,3.0,.156,3.8,-1.0,2.8,1.1
2022,7,westbru01,33,LAL,PG,78,78,2678,15.0,.512,.215,.324,4.4,18.8,11.6,31.6,1.3,0.7,17.3,27.3,-0.6,2.3,1.7,.030,-0.7,-0.9,-1.6,0.2
2022,8,youngtr01,23,ATL,PG,76,76,2652,25.4,.603,.395,.358,2.1,9.6,5.9,46.7,1.3,0.2,14.5,34.4,9.0,1.0,10.0,.181,7.1,-2.0,5.2,4.8
2022,9,maxeyty01,21,PHI,PG,75,74,2650,16.2,.594,.311,.247,1.1,8.9,5.1,19.1,1.0,1.1,7.4,20.2,5.4,1.9,7.3,.132,1.3,-0.7,0.6,1.8
2022,10,finnedo01,28,DAL,PF,80,80,2644,12.5,.604,.629,.120,5.1,10.7,7.9,8.2,1.7,1.3,9.9,13.8,3.4,3.2,6.6,.121,0.1,0.7,0.8,1.9
2022,11,barnesc01,20,TOR,PF,74,74,2617,16.3,.552,.207,.231,7.7,15.8,11.5,14.7,1.5,2.1,11.7,19.0,3.7,2.9,6.6,.122,0.5,0.4,0.9,1.9
2022,12,barneha02,29,SAC,PF,77,77,2580,15.7,.623,.432,.495,3.4,14.9,9.1,10.5,1.0,0.5,10.4,18.8,5.0,1.0,6.0,.112,1.5,-1.3,0.2,1.4
2022,13,siakapa01,27,TOR,PF,68,68,2578,20.3,.565,.181,.314,5.1,20.1,12.2,23.0,1.6,1.6,11.6,25.8,4.9,3.2,8.1,.151,2.7,0.8,3.5,3.6
2022,14,randlju01,27,NYK,PF,72,72,2544,15.7,.509,.313,.322,5.2,25.5,15.1,25.1,1.0,1.5,14.7,28.7,-0.3,3.4,3.1,.059,0.4,0.2,0.5,1.6
2022,15,harrito02,29,PHI,PF,73,73,2543,15.9,.566,.269,.198,3.4,18.1,10.9,15.9,0.9,1.5,9.5,21.7,3.0,2.6,5.6,.105,0.6,-0.6,0.0,1.3
2022,16,brunsja01,25,DAL,SG,79,61,2524,17.1,.583,.250,.211,1.9,11.7,6.8,24.3,1.3,0.1,10.1,21.9,4.9,2.7,7.5,.143,0.9,0.0,0.9,1.9
2022,17,hieldbu01,29,2TM,SG,81,32,2499,12.9,.548,.652,.116,2.9,12.8,7.8,13.8,1.4,0.9,11.7,22.4,0.8,1.1,1.9,.036,0.5,-1.7,-1.2,0.5
2022,17,hieldbu01,29,SAC,SG,55,6,1574,11.9,.540,.714,.133,2.9,12.4,7.6,10.0,1.5,0.8,10.9,22.5,0.0,0.8,0.7,.023,0.2,-1.5,-1.3,0.3
2022,17,hieldbu01,29,IND,SG,26,26,925,14.5,.563,.546,.086,2.7,13.4,8.0,20.3,1.3,0.9,13.0,22.4,0.8,0.3,1.1,.059,1.1,-2.2,-1.1,0.2
2022,18,jokicni01,26,DEN,C,74,74,2476,32.8,.661,.220,.357,9.6,35.5,23.0,42.6,2.2,2.3,15.6,31.9,10.8,4.5,15.2,.296,9.2,4.5,13.7,9.8
2022,19,townska01,26,MIN,C,74,74,2476,24.1,.640,.301,.385,8.2,23.6,15.7,18.0,1.4,3.2,13.7,27.8,7.1,3.2,10.3,.199,4.5,0.5,5.0,4.4
2022,20,edwaran01,20,MIN,SG,72,72,2466,16.5,.560,.484,.225,2.6,12.5,7.5,17.4,2.0,1.8,12.2,26.4,1.8,2.4,4.3,.084,1.6,-0.4,1.2,2.0
2022,21,vanvlfr01,27,TOR,PG,65,65,2462,17.3,.552,.585,.202,1.8,11.4,6.4,26.7,2.3,1.4,12.5,23.7,3.9,2.8,6.7,.131,3.1,0.5,3.6,3.5
2022,22,roziete01,27,CHO,SG,73,73,2458,17.6,.566,.508,.151,2.4,11.3,6.8,19.7,1.8,1.0,7.2,23.2,4.3,1.6,5.9,.115,2.4,-0.7,1.7,2.3
2022,23,trentga02,23,TOR,SG,70,69,2448,14.7,.546,.502,.188,1.1,7.7,4.2,8.8,2.5,0.8,5.8,21.8,3.1,2.5,5.6,.110,-0.1,0.3,0.2,1.3
2022,24,garlada01,22,CLE,PG,68,68,2430,19.0,.576,.387,.205,1.8,8.2,5.1,39.9,1.8,0.3,16.2,27.8,3.8,2.5,6.3,.125,3.4,-0.8,2.6,2.8
2022,25,wagnefr01,20,ORL,SF,79,79,2429,14.7,.559,.278,.225,3.6,11.9,7.7,15.7,1.4,1.3,10.0,21.2,2.1,1.9,4.0,.079,-0.4,-0.3,-0.7,0.8
2022,26,ballla01,20,CHO,PG,75,75,2422,19.7,.554,.451,.194,4.7,17.4,11.0,35.7,2.4,1.2,15.3,28.2,3.4,2.5,5.8,.116,3.3,0.1,3.4,3.3
2022,27,hardeja01,32,2TM,PG,65,65,2419,20.9,.583,.452,.540,2.6,19.7,11.3,40.3,1.7,1.3,18.8,27.2,4.9,2.7,7.6,.152,3.7,0.3,4.0,3.7
2022,27,hardeja01,32,BRK,PG,44,44,1627,20.4,.576,.435,.496,2.9,20.2,11.7,39.7,1.7,1.7,19.8,28.3,2.6,1.8,4.4,.130,3.7,0.4,4.1,2.5
2022,27,hardeja01,32,PHI,PG,21,21,792,21.8,.601,.493,.650,1.9,18.9,10.5,41.4,1.6,0.6,16.4,24.9,2.3,0.9,3.3,.197,3.8,0.1,3.8,1.2
2022,28,vucevni01,31,CHI,C,73,73,2418,18.2,.533,.287,.105,6.6,30.7,18.7,15.2,1.4,2.5,10.1,24.5,1.4,3.2,4.5,.090,0.8,0.1,0.9,1.8
2022,29,barrerj01,21,NYK,SF,70,70,2417,13.7,.511,.338,.340,2.9,15.5,9.1,14.9,0.9,0.7,9.9,27.6,0.1,2.2,2.3,.046,-0.3,-1.3,-1.6,0.2
2022,30,onealro01,28,UTA,SF,77,77,2406,10.3,.608,.689,.126,3.0,13.4,8.4,10.5,1.8,1.2,14.4,9.9,2.7,2.8,5.5,.109,-0.8,1.7,0.8,1.7
2022,31,johnske04,22,SAS,SF,75,74,2392,15.2,.574,.395,.231,3.5,16.7,10.0,9.5,1.2,0.5,7.6,21.3,2.9,2.0,4.9,.099,0.7,-1.2,-0.5,0.9
2022,32,gordoaa01,26,DEN,PF,75,75,2376,15.3,.602,.312,.276,6.1,14.3,10.3,11.6,0.9,1.7,12.5,19.7,3.2,2.0,5.2,.105,0.5,-1.1,-0.6,0.9
2022,33,murrade01,25,SAS,PG,68,68,2366,22.3,.533,.237,.199,3.5,21.6,12.5,40.6,2.8,0.8,11.8,27.3,3.9,3.4,7.3,.149,3.7,1.7,5.4,4.4
2022,34,fournev01,29,NYK,SG,80,80,2358,12.3,.554,.641,.117,1.5,8.2,4.8,11.9,1.7,0.8,9.4,20.8,1.5,2.2,3.7,.075,-0.4,-0.3,-0.7,0.7
2022,35,millspa02,33,BRK,SG,81,48,2346,10.4,.563,.715,.074,0.9,6.2,3.6,10.6,1.1,0.6,8.2,16.4,1.9,0.9,2.8,.058,-0.3,-1.4,-1.7,0.2
2022,36,bookede01,25,PHO,SG,68,68,2345,21.3,.576,.336,.255,2.1,13.2,7.8,22.4,1.6,1.0,9.3,32.0,4.3,3.3,7.6,.156,3.9,0.2,4.1,3.6
2022,37,jacksre01,31,LAC,SG,75,75,2337,12.1,.488,.419,.133,1.8,10.2,6.1,24.6,1.2,0.5,11.8,27.6,-1.7,2.0,0.4,.008,-1.4,-1.6,-3.0,-0.6
2022,38,joneshe01,23,NOP,PF,78,69,2335,12.3,.573,.293,.283,4.5,9.6,7.0,10.0,2.7,2.5,13.4,13.7,2.1,2.5,4.6,.096,-2.0,1.5,-0.5,0.9
2022,39,mobleev01,20,CLE,PF,69,69,2331,16.1,.549,.111,.304,6.9,19.8,13.5,11.6,1.2,4.4,12.4,20.4,1.5,3.7,5.2,.107,-0.9,1.5,0.6,1.5
2022,40,wiggian01,26,GSW,SF,73,73,2330,15.0,.560,.392,.231,4.1,10.9,7.6,10.8,1.6,2.1,9.0,23.1,1.8,3.4,5.1,.105,0.3,0.1,0.4,1.4
2022,41,caldwke01,28,WAS,SG,77,77,2329,12.6,.568,.492,.186,2.0,10.3,6.2,9.1,1.8,0.9,9.8,19.0,1.4,1.4,2.8,.058,-0.9,-0.6,-1.5,0.3
2022,42,lavinza01,26,CHI,SG,67,67,2328,20.0,.605,.401,.316,1.1,13.8,7.4,20.8,0.9,0.9,11.2,28.8,4.5,1.3,5.8,.120,3.9,-1.5,2.4,2.6
2022,43,burksal01,30,NYK,SG,81,44,2318,13.7,.559,.534,.363,2.1,16.6,9.2,15.7,1.8,1.1,9.7,17.7,3.2,2.9,6.1,.126,-0.4,1.2,0.8,1.7
2022,44,mannte01,25,LAC,SF,81,33,2317,13.4,.572,.301,.238,4.9,14.3,9.7,13.1,1.2,0.8,9.9,16.0,3.1,2.4,5.5,.113,-0.8,0.2,-0.6,0.8
2022,45,doncilu01,22,DAL,PG,65,65,2301,25.1,.571,.406,.349,2.7,26.0,14.3,46.0,1.6,1.4,15.3,37.4,3.8,3.8,7.6,.159,6.4,1.8,8.2,5.9
2022,46,embiijo01,27,PHI,C,68,68,2297,31.2,.616,.188,.602,7.2,31.1,19.4,23.5,1.7,3.9,11.3,37.2,7.9,4.1,12.0,.252,7.2,2.0,9.2,6.5
2022,47,smartma01,27,BOS,PG,71,71,2296,13.6,.540,.501,.249,2.0,10.5,6.4,25.6,2.6,0.7,16.6,18.3,1.9,3.7,5.6,.116,-1.2,1.7,0.5,1.5
2022,48,poolejo01,22,GSW,SG,76,51,2283,16.1,.598,.548,.251,1.7,10.5,6.2,21.0,1.3,1.0,13.7,26.0,3.1,2.9,6.0,.126,1.3,-0.3,1.0,1.7
2022,49,bartowi01,31,DEN,SG,71,71,2277,13.4,.548,.480,.142,2.2,14.1,8.3,17.6,1.2,1.2,11.8,20.8,1.2,1.9,3.2,.067,0.4,-0.9,-0.5,0.9
2022,50,banede01,23,MEM,SG,76,76,2266,17.6,.592,.475,.141,2.1,13.6,7.7,13.5,1.9,1.1,8.7,23.1,4.5,2.7,7.2,.153,2.5,0.3,2.7,2.7
2022,51,mitchdo01,25,UTA,SG,67,67,2266,21.6,.572,.475,.227,2.7,10.6,6.8,27.7,2.2,0.5,11.7,32.9,4.7,2.5,7.2,.152,4.6,-0.3,4.3,3.6
2022,52,valanjo01,29,NOP,C,74,74,2240,21.2,.617,.168,.308,10.9,31.2,20.8,14.0,0.9,2.6,14.4,23.8,4.6,2.7,7.3,.156,2.0,-0.1,1.9,2.2
2022,53,morrimo01,26,DEN,PG,75,74,2239,14.7,.583,.406,.109,1.4,9.6,5.6,21.4,1.2,0.6,8.8,17.4,3.9,1.5,5.4,.116,0.8,-0.8,0.0,1.1
2022,54,brownja02,25,BOS,SF,66,66,2220,18.9,.574,.381,.261,2.6,16.7,9.8,17.9,1.6,0.7,11.6,30.5,2.3,3.4,5.8,.124,1.9,0.1,2.1,2.2
2022,55,curryst01,33,GSW,PG,64,64,2211,21.4,.601,.613,.243,1.7,14.4,8.3,30.4,1.9,1.0,13.2,30.8,4.6,3.4,8.0,.173,5.4,0.4,5.8,4.4
2022,56,holidjr01,31,MIL,PG,67,64,2208,19.8,.593,.336,.189,3.4,10.9,7.2,31.8,2.4,1.3,15.0,23.5,4.5,2.4,6.9,.150,2.9,0.3,3.2,2.9
2022,57,antetgi01,27,MIL,PF,67,67,2204,32.1,.633,.194,.615,6.6,30.4,18.7,31.7,1.6,4.0,12.2,34.9,9.2,3.7,12.9,.281,7.6,3.5,11.2,7.4
2022,58,kuzmaky01,26,WAS,PF,66,66,2204,15.2,.547,.401,.234,3.6,24.3,14.1,16.3,0.9,2.2,14.1,24.2,0.0,2.0,2.0,.044,0.2,-0.4,-0.2,1.0
2022,59,whitede01,27,2TM,SG,75,52,2199,14.8,.549,.461,.294,1.8,10.7,6.3,22.9,1.4,2.3,11.6,19.9,2.8,2.3,5.1,.111,0.4,0.6,0.9,1.6
2022,59,whitede01,27,SAS,SG,49,48,1486,15.7,.551,.453,.281,1.8,10.5,6.1,25.2,1.6,2.4,12.0,20.7,2.0,1.3,3.3,.107,1.2,0.6,1.8,1.4
2022,59,whitede01,27,BOS,SG,26,4,713,12.9,.544,.483,.326,2.0,11.1,6.7,18.2,1.0,2.0,10.8,18.2,0.9,0.9,1.8,.121,-1.4,0.5,-0.9,0.2
2022,60,huertke01,23,ATL,SF,74,60,2188,11.9,.570,.541,.068,1.6,11.0,6.4,13.2,1.2,1.1,10.4,17.5,1.8,1.0,2.8,.062,-0.5,-0.7,-1.2,0.4
2022,61,grahade01,26,NOP,PG,76,63,2162,12.1,.514,.691,.172,1.9,7.3,4.5,21.0,1.6,0.5,10.7,19.5,1.6,1.2,2.8,.062,0.2,-1.2,-1.0,0.5
2022,62,herroty01,22,MIA,SG,66,10,2151,16.2,.561,.391,.195,1.7,15.4,8.7,20.9,1.0,0.4,12.5,28.8,1.3,2.4,3.8,.084,1.6,-0.9,0.7,1.5
2022,63,mccolcj01,30,2TM,PG,62,62,2145,18.3,.553,.403,.146,2.6,11.5,6.9,26.1,1.6,1.0,9.3,27.5,2.6,1.0,3.6,.081,3.2,-1.3,1.9,2.1
2022,63,mccolcj01,30,POR,SG,36,36,1267,15.8,.532,.435,.102,2.8,10.7,6.6,22.5,1.4,1.6,9.2,26.1,0.7,0.3,1.0,.040,1.8,-1.7,0.1,0.7
2022,63,mccolcj01,30,NOP,PG,26,26,878,21.9,.580,.361,.204,2.3,12.5,7.3,31.3,1.9,0.1,9.5,29.4,1.9,0.7,2.6,.140,5.3,-0.7,4.5,1.5
2022,64,clarkjo01,29,UTA,SG,79,1,2141,14.9,.532,.536,.156,3.5,10.2,7.0,14.5,1.5,0.7,9.8,26.8,1.5,2.0,3.5,.079,0.5,-1.2,-0.6,0.7
2022,65,middlkh01,30,MIL,SF,66,66,2141,18.1,.577,.425,.285,2.1,15.3,8.8,25.5,1.7,0.8,14.2,26.7,3.2,2.2,5.3,.119,1.9,-0.3,1.6,1.9
2022,66,monkma01,23,LAL,SG,76,37,2139,14.4,.597,.535,.142,1.9,11.0,6.4,15.2,1.4,1.2,12.2,20.1,2.3,1.4,3.6,.081,0.5,-1.0,-0.5,0.8
2022,67,paulch01,36,PHO,PG,65,65,2139,20.8,.581,.270,.274,1.1,12.8,7.1,44.5,2.7,0.8,15.6,19.7,5.8,3.6,9.4,.210,3.1,2.3,5.4,4.0
2022,68,greenja05,19,HOU,SG,67,67,2138,12.5,.547,.480,.247,1.7,10.0,5.8,13.1,1.0,0.8,11.3,23.7,0.5,0.2,0.7,.015,-0.5,-2.4,-2.9,-0.5
2022,69,sabondo01,25,2TM,PF,62,61,2136,21.9,.637,.162,.429,10.3,29.0,19.5,23.6,1.3,1.1,17.5,22.3,5.3,1.8,7.1,.159,3.2,0.9,4.1,3.2
2022,69,sabondo01,25,IND,PF,47,46,1632,22.2,.649,.189,.452,10.4,28.6,19.4,22.2,1.4,1.2,17.3,21.7,4.4,1.3,5.7,.168,3.6,1.0,4.6,2.7
2022,69,sabondo01,25,SAC,PF,15,15,504,21.0,.603,.084,.366,9.8,30.3,20.0,28.0,1.2,0.9,18.1,24.4,0.9,0.5,1.4,.132,1.8,0.5,2.3,0.5
2022,70,curryse01,31,2TM,SG,64,64,2135,13.7,.615,.506,.127,1.1,9.1,5.2,16.3,1.2,0.6,12.3,18.5,2.7,1.5,4.2,.095,0.3,-0.9,-0.6,0.8
2022,70,curryse01,31,PHI,SG,45,45,1566,13.3,.603,.473,.138,1.2,9.4,5.4,17.7,1.1,0.6,13.0,18.5,1.7,1.1,2.9,.088,-0.1,-0.9,-1.0,0.4
2022,70,curryse01,31,BRK,SG,19,19,569,14.6,.645,.588,.100,0.8,8.4,4.7,12.5,1.4,0.5,10.2,18.5,1.0,0.3,1.3,.112,1.5,-0.8,0.7,0.4
2022,71,lowryky01,35,MIA,PG,63,63,2133,15.0,.600,.609,.278,1.8,13.0,7.5,32.3,1.6,0.8,19.3,18.2,3.7,2.7,6.4,.143,1.1,0.8,2.0,2.1
2022,72,bogdabo02,32,UTA,PF,69,69,2131,15.7,.599,.504,.280,3.1,11.8,7.6,8.7,0.8,0.0,10.2,23.7,3.6,1.6,5.2,.118,1.6,-1.6,0.0,1.1
2022,73,jacksja02,22,MEM,PF,78,78,2126,17.0,.535,.387,.333,5.7,16.9,11.2,5.8,1.6,7.4,9.9,25.4,1.7,3.7,5.4,.121,-0.9,0.8,-0.1,1.0
2022,74,goberru01,29,UTA,C,66,66,2120,24.7,.732,.008,.864,12.9,36.3,25.0,5.1,1.0,5.7,14.5,16.9,7.3,4.3,11.7,.264,2.9,1.7,4.6,3.6
2022,75,dosunay01,22,CHI,SG,77,40,2110,11.2,.596,.348,.146,1.4,9.9,5.7,16.5,1.4,1.2,15.9,14.1,1.7,1.3,3.0,.069,-1.9,-0.1,-2.0,0.0
2022,76,woodch01,26,HOU,C,68,67,2094,19.1,.595,.383,.378,5.7,30.4,18.0,12.2,1.2,2.8,11.0,23.3,2.9,2.0,4.9,.112,2.1,-0.4,1.6,1.9
2022,77,cunnica01,20,DET,SG,64,64,2088,13.1,.504,.352,.163,2.9,16.2,9.2,29.1,1.8,1.9,17.5,27.5,-2.4,1.9,-0.5,-0.011,-1.1,-0.5,-1.6,0.2
2022,78,foxde01,24,SAC,PG,59,59,2084,17.4,.549,.228,.319,1.3,10.9,6.0,26.8,1.6,1.0,11.9,29.1,1.5,1.0,2.5,.058,0.6,-1.2,-0.6,0.7
2022,79,jamesle01,37,LAL,C,56,56,2084,26.2,.619,.367,.275,3.3,20.4,11.8,30.6,1.7,2.5,12.5,32.3,5.2,2.3,7.5,.172,6.9,0.8,7.7,5.1
2022,80,russeda01,25,MIN,PG,65,65,2077,16.3,.544,.531,.246,1.3,10.1,5.6,33.1,1.4,1.0,13.2,25.1,2.9,1.5,4.4,.101,2.2,-1.5,0.8,1.4
2022,81,mitchda01,23,SAC,PG,75,19,2076,10.8,.489,.380,.101,1.7,7.0,4.4,22.5,1.3,1.0,11.5,20.6,-0.5,0.6,0.1,.003,-2.1,-1.7,-3.8,-0.9
2022,82,anthoco01,21,ORL,PG,65,65,2059,13.5,.519,.429,.277,1.6,16.2,8.9,28.9,1.1,0.8,14.2,25.1,-0.1,1.7,1.6,.038,-0.6,-0.6,-1.2,0.4
2022,83,conlemi01,34,UTA,PG,72,72,2058,17.2,.572,.523,.205,2.6,8.8,5.8,27.7,2.3,0.9,12.5,20.9,4.4,2.3,6.7,.157,2.4,0.7,3.1,2.7
2022,84,holidju01,32,2TM,SF,74,65,2057,9.5,.543,.728,.094,1.5,8.8,5.1,8.6,1.3,1.4,9.2,15.8,0.8,0.6,1.4,.033,-1.4,-0.8,-2.2,-0.1
2022,84,holidju01,32,IND,SF,49,40,1416,10.3,.568,.734,.090,1.4,9.4,5.3,8.8,1.2,1.1,9.3,15.9,1.0,0.3,1.4,.047,-0.8,-0.8,-1.7,0.1
2022,84,holidju01,32,SAC,SG,25,25,641,7.9,.488,.716,.103,1.8,7.5,4.7,8.1,1.6,2.0,9.0,15.7,-0.3,0.3,0.0,.004,-2.6,-0.8,-3.4,-0.2
2022,85,tateja01,26,HOU,PF,78,77,2056,14.3,.567,.277,.252,7.2,15.3,11.2,16.9,1.7,1.8,14.6,19.6,1.9,1.1,3.0,.071,-1.3,-0.5,-1.8,0.1
2022,86,duranke01,33,BRK,PF,55,55,2047,25.6,.634,.269,.367,1.6,19.6,10.8,29.1,1.1,2.3,12.9,31.2,6.4,2.0,8.4,.198,6.4,0.7,7.2,4.8
2022,87,robindu01,27,MIA,SG,79,68,2043,10.6,.573,.860,.084,1.4,9.8,5.6,9.3,1.0,0.7,7.4,17.7,1.9,2.0,3.9,.092,-0.3,-0.3,-0.6,0.7
2022,88,capelca01,27,ATL,C,74,73,2042,21.4,.604,.002,.280,15.0,31.9,23.5,6.6,1.3,4.1,6.1,15.5,5.6,2.7,8.3,.195,2.1,-0.1,2.0,2.1
2022,89,portibo01,26,MIL,C,72,59,2028,17.7,.571,.388,.130,9.6,24.4,17.2,6.4,1.3,2.4,8.9,21.3,2.9,2.6,5.5,.131,1.2,-1.0,0.2,1.1
2022,90,horfoal01,35,BOS,C,69,69,2005,16.7,.574,.466,.167,6.0,22.2,14.3,16.4,1.2,4.2,9.6,14.8,3.7,3.8,7.6,.181,1.4,2.9,4.3,3.2
2022,91,adamsst01,28,MEM,C,76,75,1999,17.6,.560,.003,.518,17.9,22.0,19.9,16.1,1.6,2.7,19.6,12.0,3.8,3.0,6.8,.163,1.0,1.0,2.0,2.0
2022,92,oubreke01,26,CHO,SF,76,13,1999,14.9,.560,.593,.203,4.1,12.0,8.0,6.2,1.8,1.5,6.2,23.0,1.8,1.4,3.3,.079,0.2,-1.6,-1.4,0.3
2022,93,avdijde01,21,WAS,SF,82,8,1984,11.6,.536,.447,.235,3.0,20.5,11.9,11.8,1.5,1.9,12.0,16.3,0.6,1.8,2.4,.058,-2.1,0.4,-1.7,0.1
2022,94,tuckepj01,36,MIA,PF,71,70,1981,11.3,.593,.451,.143,5.8,16.2,11.1,10.6,1.5,0.8,12.7,11.7,2.4,2.6,5.0,.121,-0.8,1.4,0.6,1.3
2022,95,okorois01,21,CLE,SF,67,61,1981,10.4,.589,.364,.360,4.1,7.1,5.6,8.5,1.4,1.0,10.4,12.4,2.4,1.9,4.2,.103,-2.4,0.7,-1.7,0.1
2022,96,dinwisp01,28,2TM,PG,67,51,1980,15.1,.543,.449,.343,2.6,13.0,7.8,25.7,1.1,0.6,10.9,21.4,2.7,1.4,4.1,.098,0.8,-0.4,0.3,1.1
2022,96,dinwisp01,28,WAS,PG,44,44,1330,13.2,.501,.459,.291,3.0,14.0,8.6,27.5,1.0,0.4,11.6,21.0,0.9,0.7,1.6,.058,-0.2,-0.7,-0.9,0.3
2022,96,dinwisp01,28,DAL,PG,23,7,650,19.0,.624,.428,.449,1.5,10.8,6.2,22.0,1.3,0.8,9.6,22.3,1.8,0.7,2.5,.182,2.8,0.1,2.9,0.8
2022,97,beaslma01,25,MIN,SG,79,18,1976,11.9,.544,.749,.071,1.4,11.2,6.2,8.5,1.0,0.6,4.7,19.4,1.7,1.2,2.9,.069,0.7,-1.5,-0.7,0.7
2022,98,poeltja01,26,SAS,C,68,67,1970,20.8,.613,.002,.287,13.9,20.0,16.9,14.0,1.1,5.0,12.7,18.3,4.4,2.5,6.9,.168,0.9,0.7,1.6,1.7
2022,99,gilgesh01,23,OKC,PG,56,56,1942,20.9,.557,.282,.385,1.9,13.0,7.4,31.1,1.8,2.2,11.1,30.8,2.8,1.8,4.6,.113,2.9,0.5,3.4,2.7
2022,100,covinro01,31,2TM,PF,71,42,1940,12.4,.572,.681,.139,3.3,18.9,11.0,6.8,2.6,4.4,12.4,13.5,0.8,2.4,3.2,.080,-1.6,1.7,0.2,1.1
2022,100,covinro01,31,POR,PF,48,40,1431,10.0,.519,.685,.107,3.0,18.6,10.5,6.7,2.5,4.3,14.2,12.4,-0.3,1.4,1.1,.037,-2.8,1.6,-1.2,0.3
2022,100,covinro01,31,LAC,PF,23,2,509,19.4,.677,.673,.204,3.9,20.0,12.2,7.0,2.8,4.7,8.8,16.7,1.1,1.0,2.1,.200,1.9,2.2,4.1,0.8
2022,101,vassede01,21,SAS,SF,71,32,1937,13.3,.540,.497,.130,2.4,14.3,8.3,9.7,1.9,1.8,6.7,18.9,1.3,2.0,3.3,.082,-0.5,0.0,-0.5,0.7
2022,102,butleji01,32,MIA,SF,57,57,1931,23.6,.592,.140,.549,6.1,13.5,9.9,26.4,2.4,1.5,10.5,26.5,6.2,2.9,9.2,.228,4.5,1.9,6.3,4.0
2022,103,bazleda01,21,OKC,PF,69,53,1924,12.6,.515,.414,.262,3.7,19.8,11.6,7.7,1.5,3.4,11.1,18.3,-0.5,2.2,1.8,.044,-2.1,0.3,-1.8,0.1
2022,104,kennalu01,25,LAC,SG,70,13,1919,13.3,.619,.662,.121,1.1,11.2,6.3,11.2,1.1,0.3,8.2,16.8,2.8,1.7,4.5,.113,0.8,-0.3,0.5,1.2
2022,105,porteke02,21,HOU,PG,61,61,1907,13.5,.531,.511,.239,2.5,13.0,7.7,30.7,1.7,1.0,17.7,24.1,0.0,0.8,0.8,.021,-0.1,-1.6,-1.6,0.2
2022,106,bullore01,30,DAL,SF,68,37,1902,9.2,.558,.782,.096,1.9,12.2,7.0,6.1,1.1,0.7,7.1,13.3,1.2,2.0,3.2,.080,-1.4,0.0,-1.4,0.3
2022,107,moranja01,22,MEM,PG,57,57,1889,24.4,.575,.218,.353,4.2,14.1,9.0,34.1,1.7,1.0,12.6,33.7,4.6,2.1,6.7,.171,6.2,-0.1,6.1,3.9
2022,108,crowdja01,31,PHO,PF,67,67,1886,11.3,.541,.671,.165,1.8,18.0,10.1,8.3,2.4,1.4,8.6,14.6,0.9,3.4,4.3,.110,-1.3,2.4,1.1,1.5
2022,109,vandeja01,22,MIN,PF,74,67,1880,15.3,.612,.039,.363,12.0,23.9,17.8,6.7,2.5,2.4,14.8,10.9,3.1,2.9,6.0,.153,-0.8,1.0,0.2,1.1
2022,110,markkla01,24,CLE,SF,61,61,1878,14.7,.582,.541,.226,3.5,16.5,10.2,6.6,1.2,1.4,6.5,19.5,2.7,2.3,5.0,.127,0.4,-0.1,0.4,1.1
2022,111,willigr01,23,BOS,PF,77,21,1875,11.2,.635,.597,.220,3.8,11.8,7.9,5.7,1.0,2.8,11.6,12.6,2.4,2.6,5.1,.130,-1.4,1.1,-0.4,0.8
2022,112,ingrabr01,24,NOP,SF,55,55,1869,18.7,.554,.230,.328,2.0,17.3,9.5,27.8,0.9,1.3,11.8,29.3,2.5,1.3,3.9,.099,2.6,-0.6,2.0,1.9
2022,113,martico01,26,CHO,SF,71,11,1866,12.7,.579,.376,.253,4.6,11.7,8.1,12.4,2.3,1.6,11.5,12.1,2.4,1.5,3.9,.101,-1.2,0.7,-0.5,0.7
2022,114,zubaciv01,24,LAC,C,76,76,1852,19.2,.660,.000,.459,12.8,23.7,18.4,9.8,1.0,3.5,16.1,16.8,4.3,2.9,7.2,.187,-0.1,0.8,0.7,1.3
2022,115,cartewe01,22,ORL,PF,62,61,1852,18.4,.601,.313,.303,7.9,29.1,18.5,15.4,0.9,2.1,13.1,20.9,2.6,2.4,5.0,.129,1.0,0.6,1.6,1.7
2022,116,greenje02,35,DEN,PF,75,63,1849,12.5,.627,.318,.374,2.6,11.1,7.0,7.3,0.7,1.3,10.3,16.3,2.7,1.2,3.9,.101,-1.2,-1.3,-2.5,-0.2
2022,117,robinmi01,23,NYK,C,72,62,1848,20.7,.722,.000,.528,16.8,19.1,17.9,3.2,1.6,7.1,12.4,11.4,5.3,3.2,8.5,.221,1.0,1.2,2.2,2.0
2022,118,bogdabo01,29,ATL,SG,63,27,1848,15.4,.562,.578,.145,1.7,13.0,7.4,15.5,1.8,0.7,7.7,21.6,2.5,1.2,3.7,.095,1.5,-0.2,1.3,1.5
2022,119,schrode01,28,2TM,PG,64,29,1837,13.0,.539,.345,.254,2.0,10.5,6.3,24.2,1.4,0.4,15.1,22.6,1.0,1.9,2.9,.076,-1.5,-0.4,-1.9,0.0
2022,119,schrode01,28,BOS,PG,49,25,1433,13.5,.543,.329,.248,2.2,10.0,6.2,22.0,1.4,0.3,13.8,23.1,1.0,1.8,2.8,.092,-1.2,0.0,-1.2,0.3
2022,119,schrode01,28,HOU,PG,15,4,404,11.5,.519,.414,.279,1.6,12.0,6.8,32.0,1.4,0.7,19.9,20.6,0.1,0.1,0.2,.020,-2.5,-1.9,-4.4,-0.2
2022,120,adebaba01,24,MIA,C,56,56,1825,21.8,.608,.008,.466,8.7,26.1,17.5,17.5,2.2,2.6,14.4,25.0,3.6,3.5,7.2,.188,1.7,2.1,3.8,2.7
2022,121,bambamo01,23,ORL,C,71,69,1824,16.5,.582,.455,.118,8.5,24.6,16.5,7.4,1.0,5.9,10.6,17.2,1.8,2.7,4.5,.118,-0.2,0.9,0.7,1.2
2022,122,stewais01,20,DET,C,71,71,1816,14.0,.550,.094,.210,12.8,24.5,18.4,6.9,0.6,3.9,13.7,14.6,1.6,1.8,3.4,.091,-2.5,-0.8,-3.3,-0.6
2022,123,allenja01,23,CLE,C,56,56,1810,23.0,.698,.018,.428,12.0,24.5,18.4,8.2,1.2,3.7,12.7,18.1,5.4,3.0,8.5,.224,2.7,1.2,3.9,2.7
2022,124,allengr01,26,MIL,SG,66,61,1805,12.7,.609,.684,.130,1.9,10.9,6.5,7.6,1.2,1.0,6.7,15.2,2.8,1.4,4.2,.110,0.6,-0.2,0.4,1.1
2022,125,williro04,24,BOS,C,61,61,1804,22.1,.745,.003,.245,14.6,20.5,17.6,9.7,1.5,6.8,13.4,11.5,6.0,3.9,9.9,.262,2.4,3.1,5.5,3.4
2022,126,mcdanja02,21,MIN,PF,70,31,1803,10.3,.553,.455,.128,4.4,13.2,8.7,6.1,1.4,2.9,11.4,15.3,0.7,1.7,2.4,.065,-2.9,-0.1,-2.9,-0.4
2022,127,quickim01,22,NYK,PG,78,3,1802,14.6,.543,.547,.278,1.8,13.1,7.4,24.5,1.5,0.2,10.9,22.2,2.5,1.8,4.2,.113,0.2,0.0,0.2,1.0
2022,128,kispeco01,22,WAS,SF,77,36,1801,10.9,.586,.623,.121,3.3,9.4,6.4,6.7,1.0,1.0,8.5,14.6,1.6,0.7,2.3,.061,-0.8,-1.5,-2.3,-0.1
2022,129,poweldw01,30,DAL,C,82,71,1798,18.1,.725,.092,.529,10.7,14.3,12.5,8.1,1.0,2.0,11.5,14.0,6.0,2.2,8.2,.219,0.4,0.5,0.9,1.3
2022,130,plumlma01,31,CHO,C,73,73,1793,14.7,.603,.006,.534,10.2,23.3,16.7,16.4,1.6,2.7,20.2,11.7,2.7,2.0,4.7,.127,-1.5,1.5,0.0,0.9
2022,131,anthoca01,37,LAL,PF,69,3,1793,14.8,.579,.549,.220,3.7,13.5,8.6,5.6,1.3,2.6,6.9,20.4,2.2,1.4,3.6,.097,0.4,-0.8,-0.5,0.7
2022,132,hartjo01,26,2TM,SG,54,53,1791,16.1,.610,.374,.371,3.7,20.7,12.0,18.9,1.7,0.7,14.7,18.6,2.8,1.5,4.4,.117,0.5,0.5,0.9,1.3
2022,132,hartjo01,26,NOP,SG,41,40,1374,15.2,.604,.337,.399,4.2,21.9,12.8,17.7,1.6,0.8,15.1,16.7,2.1,1.4,3.4,.119,-0.2,0.9,0.7,0.9
2022,132,hartjo01,26,POR,SG,13,13,417,19.4,.622,.454,.311,2.3,16.7,9.2,23.1,1.9,0.5,13.7,25.0,0.8,0.2,1.0,.112,2.7,-1.0,1.8,0.4
2022,133,leverca01,27,2TM,SG,58,49,1781,15.1,.525,.300,.226,2.7,10.7,6.7,22.0,1.4,1.1,10.3,25.4,1.2,1.0,2.2,.059,0.0,-1.2,-1.2,0.4
2022,133,leverca01,27,IND,SG,39,39,1214,16.3,.530,.304,.235,2.7,11.2,6.9,22.8,1.4,1.3,9.9,26.8,1.1,0.4,1.5,.060,1.0,-1.3,-0.3,0.5
2022,133,leverca01,27,CLE,SG,19,10,567,12.4,.511,.289,.203,2.6,9.7,6.2,20.5,1.4,0.8,11.6,22.3,0.1,0.6,0.7,.057,-2.1,-1.1,-3.1,-0.2
2022,134,brownbr01,25,BRK,SF,72,45,1774,15.0,.575,.186,.253,6.3,14.7,10.6,11.5,2.1,2.6,9.1,15.0,2.8,2.0,4.8,.130,-0.4,1.1,0.7,1.2
2022,135,washipj01,23,CHO,C,65,28,1768,13.6,.588,.566,.152,4.8,15.5,10.1,11.2,1.5,3.3,12.6,15.6,1.8,1.6,3.4,.091,-0.2,0.2,-0.1,0.9
2022,136,okekech01,23,ORL,PF,70,20,1749,12.0,.501,.645,.113,2.8,18.2,10.5,10.1,2.7,2.2,8.6,16.4,-0.3,2.5,2.2,.060,-1.6,1.5,-0.1,0.8
2022,137,niangge01,28,PHI,PF,76,7,1736,10.7,.594,.687,.105,1.6,11.3,6.5,8.7,0.9,0.7,9.1,16.8,1.5,1.3,2.8,.077,-0.8,-1.1,-1.9,0.0
2022,138,looneke01,25,GSW,C,82,80,1732,15.7,.586,.003,.343,13.5,23.8,18.8,13.2,1.4,2.9,13.8,12.2,3.5,3.2,6.8,.187,-0.9,1.7,0.9,1.3
2022,139,johnsca02,25,PHO,PF,66,16,1730,15.2,.625,.644,.188,2.7,14.0,8.5,7.7,1.6,0.8,6.7,17.5,3.2,2.4,5.6,.156,2.0,0.7,2.7,2.1
2022,140,harriga01,27,ORL,SG,61,30,1730,10.9,.571,.546,.172,2.2,5.3,3.7,9.5,1.6,0.5,9.3,16.4,1.1,1.0,2.2,.060,-2.0,-0.4,-2.4,-0.2
2022,141,anunoog01,24,TOR,SF,48,48,1728,14.8,.549,.455,.169,4.4,12.6,8.3,11.0,2.1,1.4,9.7,20.5,1.8,1.9,3.7,.104,0.4,0.1,0.5,1.1
2022,142,achiupr01,22,TOR,C,73,28,1725,12.7,.503,.259,.217,8.7,21.7,14.9,6.9,1.1,2.3,11.3,18.5,0.4,2.1,2.5,.070,-2.0,-0.6,-2.6,-0.2
2022,143,aytonde01,23,PHO,C,58,58,1713,21.9,.656,.027,.204,9.6,27.1,18.6,7.6,1.1,2.1,10.7,21.4,4.1,3.1,7.3,.203,2.2,0.6,2.8,2.1
2022,144,mathega01,25,HOU,SG,65,33,1712,11.0,.602,.837,.390,2.0,10.2,6.1,5.3,1.6,1.3,7.1,14.4,2.2,0.5,2.8,.077,-1.3,-1.0,-2.3,-0.1
2022,145,giddejo01,19,OKC,SF,54,54,1700,13.3,.478,.318,.118,5.8,19.8,12.7,32.3,1.5,1.1,19.5,22.2,-1.3,1.7,0.4,.010,-1.2,0.3,-0.9,0.5
2022,146,connapa01,29,MIL,SF,65,19,1691,13.4,.620,.746,.109,2.9,14.0,8.6,6.6,1.7,0.9,6.3,14.0,2.8,1.6,4.4,.125,0.8,0.3,1.2,1.4
2022,147,bouchch01,29,TOR,SF,80,9,1690,17.9,.570,.397,.334,10.9,21.3,15.8,2.2,1.4,4.3,6.0,17.8,3.5,2.4,6.0,.169,0.5,-0.4,0.1,0.9
2022,148,thybuma01,24,PHI,SG,66,50,1685,11.2,.594,.480,.143,2.8,7.1,5.0,6.1,3.4,3.8,10.9,9.5,1.2,2.5,3.7,.107,-2.2,3.3,1.1,1.3
2022,149,simonan01,22,POR,SG,57,30,1681,15.3,.583,.555,.146,1.6,8.5,4.9,22.2,0.9,0.4,11.9,24.8,2.0,-0.1,1.9,.055,1.9,-2.7,-0.7,0.5
2022,150,whiteco01,21,CHI,PG,61,17,1675,12.6,.564,.548,.141,1.1,11.0,6.1,15.0,0.8,0.6,9.3,19.8,1.6,0.8,2.4,.067,-0.4,-1.7,-2.1,0.0
2022,151,gallida01,33,ATL,PF,66,18,1672,14.3,.579,.492,.261,2.3,17.8,10.1,8.5,0.8,0.6,5.4,18.4,2.8,0.8,3.6,.105,1.0,-1.2,-0.2,0.8
2022,152,gordoer01,33,HOU,SG,57,46,1670,12.1,.614,.534,.239,1.0,6.5,3.7,14.1,0.8,1.0,14.6,18.6,1.5,-0.1,1.4,.040,-0.1,-2.2,-2.3,-0.1
2022,153,loveke01,33,CLE,C,74,4,1665,19.6,.594,.627,.260,5.9,29.2,17.8,15.3,0.8,1.0,10.4,25.1,3.2,2.5,5.7,.164,4.4,0.1,4.5,2.7
2022,154,dortlu01,22,OKC,SG,51,51,1665,12.3,.541,.539,.263,2.3,10.9,6.5,8.6,1.3,1.0,9.8,23.3,0.2,1.1,1.4,.040,-1.5,-0.7,-2.3,-0.1
2022,155,collijo01,24,ATL,PF,54,53,1663,18.7,.610,.273,.262,6.2,21.5,13.9,8.9,1.0,3.0,7.7,20.5,3.6,1.4,5.1,.146,1.5,0.0,1.5,1.5
2022,156,meltode01,23,MEM,SG,73,15,1657,15.2,.529,.535,.173,4.0,17.1,10.4,16.0,3.0,2.1,13.0,21.3,0.9,2.8,3.7,.107,0.3,1.6,1.9,1.6
2022,157,martike04,21,HOU,SF,79,2,1656,14.3,.603,.321,.235,5.3,14.5,9.9,9.4,1.0,2.2,9.4,16.3,2.3,0.6,2.9,.084,0.0,-1.2,-1.2,0.4
2022,158,hayeski01,20,DET,PG,66,40,1647,9.3,.461,.364,.161,2.2,12.0,6.9,24.6,2.3,1.9,18.4,15.7,-1.0,1.5,0.5,.014,-4.3,0.8,-3.5,-0.6
2022,159,harremo01,28,2TM,C,71,3,1641,23.2,.680,.031,.533,10.0,18.7,14.4,13.9,0.9,2.3,9.5,20.2,6.1,1.2,7.3,.213,3.7,0.1,3.9,2.4
2022,159,harremo01,28,WAS,C,46,3,1117,23.9,.684,.039,.535,9.7,20.8,15.3,13.9,0.8,2.4,9.6,20.8,4.2,0.9,5.1,.218,4.3,0.6,4.8,1.9
2022,159,harremo01,28,CHO,C,25,0,524,21.7,.672,.012,.529,10.6,14.2,12.3,13.9,1.0,2.2,9.4,19.0,1.9,0.3,2.2,.203,2.6,-0.8,1.8,0.5
2022,160,walkelo01,23,SAS,SG,70,6,1612,12.3,.512,.462,.194,1.2,10.7,5.9,13.4,1.3,1.0,7.9,23.6,0.1,1.1,1.2,.037,-1.2,-1.3,-2.5,-0.2
2022,161,josepco01,30,DET,PG,65,39,1600,11.4,.579,.393,.283,1.9,10.3,5.9,21.8,1.3,1.0,15.9,14.3,1.7,0.8,2.5,.075,-2.0,-0.1,-2.1,0.0
2022,162,richajo01,28,2TM,SG,65,7,1600,12.8,.573,.461,.202,2.8,9.4,6.2,10.1,1.7,1.6,10.2,17.6,1.6,2.0,3.5,.106,-0.6,0.7,0.1,0.9
2022,162,richajo01,28,BOS,SG,44,0,1087,12.2,.570,.455,.207,2.7,9.6,6.2,8.7,1.6,1.9,9.4,16.7,1.0,1.5,2.6,.113,-1.0,1.2,0.3,0.6
2022,162,richajo01,28,SAS,SG,21,7,513,14.0,.577,.471,.194,3.2,9.1,6.1,13.0,2.1,1.0,11.5,19.3,0.5,0.4,1.0,.091,0.1,-0.3,-0.2,0.2
2022,163,craigto01,31,2TM,SF,78,16,1596,11.0,.556,.531,.118,5.9,15.4,10.7,7.6,1.4,2.0,12.6,14.3,0.9,1.4,2.3,.070,-1.7,-0.1,-1.8,0.1
2022,163,craigto01,31,IND,SF,51,14,1034,10.8,.555,.491,.125,6.3,14.9,10.5,7.7,1.1,1.6,11.6,13.9,0.8,0.4,1.2,.056,-1.6,-0.6,-2.2,-0.1
2022,163,craigto01,31,PHO,SF,27,2,562,11.4,.558,.600,.106,5.3,16.4,11.0,7.5,1.9,2.7,14.3,15.0,0.2,1.0,1.1,.096,-1.9,0.9,-1.1,0.1
2022,164,vincega01,25,MIA,PG,68,27,1589,10.6,.551,.630,.105,1.6,7.3,4.5,19.4,2.0,0.8,15.4,17.8,0.7,1.9,2.5,.076,-1.9,0.5,-1.4,0.2
2022,165,strusma01,25,MIA,SF,68,16,1587,12.7,.614,.784,.094,1.7,12.5,7.2,8.8,0.9,1.1,8.8,18.1,2.0,1.7,3.6,.110,1.4,-0.4,0.9,1.2
2022,166,nurkiju01,27,POR,C,56,56,1579,20.0,.586,.093,.447,11.2,32.6,21.5,16.6,1.9,2.1,16.6,23.6,2.0,1.7,3.6,.110,0.1,0.2,0.3,0.9
2022,167,huntede01,24,ATL,SF,53,52,1577,10.6,.547,.339,.289,1.8,10.4,6.1,6.1,1.1,1.2,9.6,19.9,0.4,0.7,1.1,.034,-2.4,-1.5,-3.9,-0.8
2022,168,coffeam01,24,LAC,SG,69,30,1567,13.0,.598,.545,.251,1.8,11.2,6.7,11.4,1.2,0.8,8.0,15.8,2.3,1.5,3.8,.116,-0.3,0.0,-0.3,0.7
2022,169,brissos01,23,IND,SF,67,25,1564,12.9,.530,.468,.324,7.6,18.1,12.8,6.4,1.4,1.6,8.5,17.3,1.4,0.9,2.2,.069,-0.5,-1.7,-2.2,-0.1
2022,170,morrima03,32,LAC,PF,54,54,1564,13.7,.549,.398,.214,1.8,14.0,8.1,11.3,0.9,1.0,8.4,23.2,0.9,1.5,2.4,.074,-0.3,-1.0,-1.4,0.3
2022,171,haywago01,31,CHO,SF,49,48,1564,15.1,.570,.357,.241,2.5,12.8,7.6,16.1,1.4,1.3,10.6,20.7,1.9,1.0,2.8,.087,0.1,-0.8,-0.7,0.5
2022,172,jonesty01,25,MEM,PG,73,23,1549,16.5,.544,.371,.120,1.1,11.0,5.9,28.2,2.0,0.1,7.3,16.6,3.4,1.6,5.1,.158,1.2,0.5,1.7,1.4
2022,173,duartch01,24,IND,SG,55,39,1541,12.3,.537,.411,.180,2.9,13.6,8.2,10.9,1.8,0.6,11.8,21.1,0.2,0.7,0.9,.029,-1.2,-1.1,-2.3,-0.1
2022,174,lylestr01,26,2TM,PF,75,23,1537,16.4,.588,.372,.432,6.0,21.2,13.4,9.0,0.9,1.9,9.8,20.7,2.4,1.2,3.5,.111,0.5,-0.8,-0.3,0.7
2022,174,lylestr01,26,DET,PF,51,3,990,16.7,.576,.380,.458,6.2,21.2,13.3,9.5,1.1,2.4,10.5,22.3,1.3,0.9,2.2,.106,0.5,-0.4,0.0,0.5
2022,174,lylestr01,26,SAC,PF,24,20,547,16.0,.612,.354,.376,5.7,21.3,13.4,8.1,0.6,1.0,8.4,17.8,1.1,0.3,1.4,.120,0.7,-1.6,-1.0,0.1
2022,175,greenja02,28,CHI,SF,65,45,1519,14.0,.637,.311,.295,6.8,13.6,10.2,5.3,2.2,1.8,7.6,11.5,2.9,1.5,4.4,.139,-0.6,0.7,0.1,0.8
2022,176,hortota01,21,LAL,SG,60,19,1511,11.0,.503,.338,.232,2.6,11.1,6.9,14.9,1.9,1.7,12.1,19.2,-0.2,1.2,1.1,.033,-3.2,-0.2,-3.3,-0.5
2022,177,grantje01,27,DET,PF,47,47,1500,16.1,.556,.363,.371,1.9,12.4,6.9,12.5,1.4,2.9,9.5,25.7,1.2,1.1,2.3,.075,1.4,-0.2,1.2,1.2
2022,178,sengual01,19,HOU,C,72,13,1489,16.0,.552,.223,.442,10.1,18.9,14.5,19.1,1.9,4.1,18.8,22.0,0.8,1.3,2.1,.068,-1.6,0.6,-1.0,0.4
2022,179,anderky01,28,MEM,PF,69,11,1484,14.4,.506,.232,.224,4.8,21.6,13.0,16.2,2.5,2.7,12.1,16.2,1.0,2.5,3.5,.113,-0.9,2.1,1.2,1.2
2022,180,porzikr01,26,2TM,PF,51,51,1481,23.7,.577,.329,.373,7.7,23.1,15.4,13.7,1.3,5.0,8.3,29.5,3.2,2.4,5.6,.180,3.3,0.6,3.9,2.2
2022,180,porzikr01,26,DAL,PF,34,34,1002,21.8,.561,.341,.335,7.1,21.9,14.5,11.7,1.3,5.3,8.3,28.6,1.6,1.8,3.4,.161,2.2,0.8,3.0,1.3
2022,180,porzikr01,26,WAS,PF,17,17,479,27.7,.606,.305,.448,8.9,25.5,17.3,17.9,1.2,4.4,8.3,31.4,1.6,0.6,2.2,.220,5.4,0.2,5.7,0.9
2022,181,riverau01,29,DEN,SG,67,18,1480,7.2,.546,.660,.126,1.5,6.9,4.3,8.0,1.7,0.4,12.8,12.6,0.1,1.1,1.2,.037,-3.5,-0.3,-3.8,-0.7
2022,182,beverpa01,33,MIN,PG,58,54,1476,14.8,.539,.555,.305,4.4,13.2,8.7,24.5,2.2,3.4,12.9,16.1,2.3,1.7,4.1,.132,0.6,2.1,2.7,1.7
2022,183,alexani01,23,2TM,SG,65,21,1466,10.5,.475,.497,.160,2.7,11.5,7.1,16.1,1.5,1.5,11.3,24.1,-1.1,1.1,0.1,.003,-1.8,-1.1,-2.9,-0.3
2022,183,alexani01,23,NOP,SG,50,19,1317,10.5,.474,.483,.153,3.0,11.0,6.9,16.1,1.5,1.4,11.2,24.8,-1.1,0.9,-0.1,-0.005,-1.7,-1.3,-3.0,-0.3
2022,183,alexani01,23,UTA,SG,15,2,149,10.2,.497,.688,.250,0.8,15.6,8.5,15.5,1.7,2.4,13.1,17.9,0.0,0.2,0.2,.070,-2.9,1.2,-1.7,0.0
2022,184,batumni01,33,LAC,PF,59,54,1463,13.5,.608,.698,.098,2.2,15.8,9.2,9.7,1.9,2.4,9.0,13.3,1.6,2.1,3.7,.123,0.5,1.9,2.3,1.6
2022,185,osmande01,26,CLE,SF,66,3,1462,13.3,.563,.628,.229,1.9,9.0,5.5,14.1,1.8,0.6,9.6,21.1,1.3,1.6,2.9,.094,-0.3,0.5,0.2,0.8
2022,186,powelno01,28,2TM,SF,45,41,1458,16.3,.603,.418,.385,1.5,9.7,5.4,10.8,1.4,1.4,8.9,23.1,2.4,0.4,2.8,.093,1.2,-1.5,-0.3,0.6
2022,186,powelno01,28,POR,SF,40,39,1333,15.3,.593,.423,.365,1.4,9.8,5.4,10.0,1.5,1.3,9.0,22.5,1.8,0.3,2.1,.076,0.6,-1.6,-1.0,0.3
2022,186,powelno01,28,LAC,SG,5,2,125,27.1,.682,.381,.556,2.6,9.1,5.9,19.5,0.8,2.7,8.2,30.0,0.6,0.1,0.7,.272,7.8,-0.1,7.7,0.3
2022,187,wrighde01,29,ATL,SG,77,8,1452,13.8,.576,.431,.234,3.8,12.7,8.3,16.6,3.1,1.2,13.2,10.3,2.2,1.5,3.6,.121,-0.2,2.4,2.2,1.6
2022,188,klebima01,30,DAL,PF,59,21,1450,11.0,.537,.720,.184,5.4,21.5,13.4,6.5,1.0,3.6,10.9,13.3,0.7,2.3,3.0,.098,-1.6,1.2,-0.4,0.6
2022,189,rosste01,30,ORL,SG,63,0,1448,10.0,.515,.477,.235,1.5,10.3,5.9,12.5,0.9,0.8,10.9,20.5,-0.5,0.9,0.3,.011,-2.5,-1.1,-3.7,-0.6
2022,190,gaffoda01,23,WAS,C,72,53,1444,21.8,.708,.002,.372,12.1,19.0,15.6,7.3,1.0,5.8,12.0,16.7,4.4,1.6,6.0,.198,1.1,0.5,1.6,1.3
2022,191,bealbr01,28,WAS,SG,40,40,1439,17.5,.539,.272,.263,3.0,11.4,7.3,30.8,1.2,0.9,13.6,30.8,0.6,0.7,1.4,.046,2.0,-1.2,0.8,1.0
2022,192,shamela01,24,PHO,SG,69,14,1437,10.2,.550,.689,.167,1.2,8.0,4.7,9.7,0.9,0.6,7.3,16.8,1.1,1.5,2.6,.085,-0.9,-0.4,-1.2,0.3
2022,193,drumman01,28,2TM,C,73,36,1437,21.0,.574,.007,.379,18.0,34.1,26.2,13.7,2.7,4.2,18.5,19.0,2.0,3.1,5.1,.170,-0.1,1.4,1.3,1.2
2022,193,drumman01,28,PHI,C,49,12,902,19.3,.544,.008,.345,17.1,36.1,26.8,16.0,3.1,4.5,22.4,17.6,0.7,2.2,2.9,.153,-1.2,2.5,1.3,0.7
2022,193,drumman01,28,BRK,C,24,24,535,23.8,.610,.005,.421,19.4,30.6,25.1,9.8,2.0,3.8,13.5,21.5,1.3,0.9,2.2,.199,1.7,-0.5,1.2,0.4
2022,194,reaveau01,23,LAL,SG,61,19,1418,11.5,.600,.525,.371,3.4,11.2,7.3,10.3,1.0,1.3,9.8,12.4,2.1,0.8,2.9,.097,-1.3,-0.6,-1.9,0.0
2022,195,korkmfu01,24,PHI,SG,67,19,1414,10.2,.502,.566,.179,1.8,11.9,6.9,13.1,1.2,0.6,8.6,17.6,0.1,1.1,1.2,.041,-2.0,-1.1,-3.1,-0.4
2022,196,bradlav01,31,LAL,SG,62,45,1406,7.8,.550,.600,.051,2.4,8.0,5.2,4.5,1.8,0.6,9.6,12.1,0.3,0.9,1.2,.040,-3.5,-0.1,-3.6,-0.6
2022,197,davisan02,28,LAL,C,40,40,1404,23.9,.578,.101,.351,8.1,22.0,15.1,14.7,1.7,5.7,9.3,27.1,2.6,2.0,4.5,.155,2.6,1.2,3.8,2.0
2022,198,hamptrj01,20,ORL,SG,64,14,1402,8.5,.481,.400,.256,1.7,12.9,7.3,16.9,1.4,0.8,14.6,18.4,-1.3,1.1,-0.2,-0.005,-4.0,-0.1,-4.1,-0.7
2022,199,hayesja02,21,NOP,C,70,28,1398,18.5,.680,.143,.472,8.9,16.2,12.5,4.7,1.2,3.8,10.1,16.4,3.7,1.3,5.1,.174,0.6,-0.3,0.2,0.8
2022,200,porteot01,28,GSW,PF,63,15,1396,15.9,.581,.519,.147,6.9,21.0,14.2,9.6,2.4,2.0,7.7,15.0,2.2,2.7,4.9,.168,1.0,2.1,3.1,1.8
2022,201,netora01,29,WAS,PG,70,19,1372,12.4,.538,.272,.245,1.1,9.6,5.4,22.9,2.0,0.2,13.9,18.4,0.7,0.8,1.5,.053,-2.5,-0.5,-2.9,-0.4
2022,202,martica02,26,MIA,SF,60,12,1372,14.8,.611,.378,.227,5.9,13.0,9.5,7.0,2.1,2.3,10.3,16.3,1.9,2.1,4.0,.139,0.1,0.9,1.1,1.1
2022,203,manntr01,20,OKC,PG,60,26,1367,10.2,.501,.463,.139,1.9,11.2,6.4,10.7,1.7,0.8,10.2,22.0,-1.0,1.0,0.1,.002,-3.3,-1.1,-4.4,-0.8
2022,204,bledser01,32,LAC,PG,54,29,1361,12.5,.514,.348,.250,2.2,11.6,7.1,24.1,2.5,1.2,18.3,20.5,-0.5,1.8,1.3,.047,-2.1,1.3,-0.8,0.4
2022,205,greenda02,34,PHI,SF,62,28,1353,9.5,.561,.847,.044,2.7,10.1,6.5,6.5,2.2,2.5,12.1,12.3,0.3,1.6,1.9,.067,-1.4,0.8,-0.5,0.5
2022,206,willizi02,20,MEM,SF,62,31,1346,9.7,.559,.571,.130,2.0,8.2,5.0,6.3,1.2,0.8,8.4,14.9,1.1,1.1,2.2,.080,-2.4,-0.6,-3.0,-0.3
2022,207,chrisjo01,20,HOU,SG,74,2,1334,12.2,.534,.378,.226,4.3,11.1,7.7,17.3,2.3,0.9,17.2,21.1,-0.4,0.7,0.3,.010,-2.2,-1.3,-3.5,-0.5
2022,208,greendr01,31,GSW,PF,46,44,1329,14.3,.582,.210,.354,3.8,23.2,13.8,32.5,2.2,3.6,31.9,14.3,0.8,2.8,3.6,.131,-1.4,4.6,3.2,1.8
2022,209,hylanbo01,21,DEN,SG,69,4,1310,14.4,.558,.627,.219,1.2,14.4,8.0,21.2,1.5,1.4,12.1,23.8,1.1,1.3,2.4,.088,0.3,-0.7,-0.4,0.5
2022,210,suggsja01,20,ORL,PG,48,45,1307,8.6,.455,.358,.297,2.1,11.7,6.9,24.9,2.2,1.3,18.7,25.3,-3.0,1.3,-1.6,-0.060,-5.3,-0.2,-5.6,-1.2
2022,211,konchjo01,25,MEM,SG,72,7,1292,14.0,.615,.481,.187,6.9,20.1,13.3,10.6,1.7,1.5,9.3,9.9,2.4,1.8,4.2,.155,0.2,1.3,1.5,1.2
2022,212,forbebr01,28,2TM,SG,75,2,1286,11.5,.574,.547,.161,0.9,6.9,3.9,8.3,0.9,0.3,8.8,21.2,0.8,0.6,1.4,.054,-0.7,-2.2,-2.9,-0.3
2022,212,forbebr01,28,SAS,SG,40,1,676,12.4,.572,.510,.166,0.6,9.2,4.9,8.6,1.2,0.4,9.4,21.9,0.3,0.4,0.7,.053,-0.3,-1.3,-1.6,0.1
2022,212,forbebr01,28,DEN,SG,35,1,610,10.6,.578,.593,.156,1.1,4.3,2.7,8.0,0.6,0.3,8.1,20.3,0.5,0.2,0.7,.054,-1.1,-3.2,-4.3,-0.4
2022,213,mclembe01,28,POR,SG,64,6,1285,11.7,.567,.774,.163,1.0,8.1,4.4,7.3,1.4,0.8,8.7,21.3,0.7,0.2,0.8,.031,-0.7,-2.5,-3.2,-0.4
2022,214,metuch01,24,SAC,C,60,20,1279,13.4,.546,.414,.203,2.9,25.9,14.3,6.9,1.9,2.2,11.1,18.5,0.1,1.4,1.5,.056,-1.6,0.1,-1.5,0.2
2022,215,payneca01,27,PHO,PG,58,12,1278,13.8,.500,.359,.152,2.1,12.3,7.3,30.7,1.5,1.2,14.1,24.6,0.2,1.8,1.9,.073,-0.4,0.4,0.0,0.7
2022,216,diallha01,23,DET,SG,58,29,1269,15.7,.541,.177,.266,5.6,18.7,11.8,9.8,2.7,1.2,9.0,21.8,0.6,1.5,2.1,.079,-1.2,0.7,-0.5,0.5
2022,217,leeda03,29,GSW,SG,63,5,1256,10.9,.561,.488,.196,2.4,14.9,8.8,7.1,1.5,0.5,8.4,15.8,0.9,1.8,2.7,.102,-2.4,0.4,-2.0,0.0
2022,218,hillge01,35,MIL,PG,54,17,1253,10.2,.552,.487,.225,3.3,9.7,6.6,12.4,1.6,0.5,11.9,11.7,1.3,1.0,2.3,.087,-2.2,0.6,-1.6,0.1
2022,219,paytoga02,29,GSW,SG,71,16,1248,17.8,.679,.349,.169,6.5,14.9,10.8,7.6,3.8,1.7,9.8,14.3,2.5,2.6,5.2,.199,0.3,3.4,3.7,1.8
2022,220,clarkbr01,25,MEM,PF,64,1,1246,23.7,.660,.049,.291,11.1,17.8,14.4,10.3,1.5,4.9,6.3,17.7,4.4,1.9,6.3,.241,3.1,1.1,4.2,2.0
2022,221,hardati02,29,DAL,SG,42,20,1245,12.7,.520,.574,.194,1.2,12.8,7.0,11.4,1.5,0.4,5.6,22.0,0.5,1.5,2.0,.077,-0.4,0.2,-0.2,0.6
2022,222,eubandr01,24,2TM,C,71,31,1245,18.0,.638,.062,.350,11.0,22.2,16.5,10.1,1.2,2.8,15.9,17.5,2.2,1.1,3.4,.130,-0.5,-0.9,-1.4,0.2
2022,222,eubandr01,24,SAS,C,49,9,595,16.0,.588,.050,.497,11.2,23.4,17.3,11.1,1.0,4.2,19.2,17.0,0.6,0.8,1.4,.114,-1.9,0.7,-1.2,0.1
2022,222,eubandr01,24,POR,C,22,22,650,19.9,.678,.071,.241,10.8,21.0,15.7,9.1,1.4,1.5,13.0,18.0,1.6,0.3,2.0,.144,0.8,-2.3,-1.5,0.1
2022,223,turnemy01,25,IND,C,42,42,1235,17.4,.615,.466,.267,5.8,21.3,13.4,5.1,1.1,8.3,10.9,17.1,1.7,1.4,3.1,.120,0.1,1.4,1.4,1.1
2022,224,pokusal01,20,OKC,PF,61,12,1233,12.0,.485,.432,.110,6.0,20.8,13.3,16.5,1.5,2.9,16.4,20.0,-1.1,1.5,0.4,.014,-2.7,0.1,-2.6,-0.2
2022,225,toppiob01,23,NYK,PF,72,10,1230,18.3,.614,.357,.262,5.9,17.7,11.7,10.9,1.0,2.6,9.6,20.8,2.5,1.5,3.9,.153,1.7,0.3,2.0,1.2
2022,226,mcderdo01,30,SAS,PF,51,51,1223,11.4,.593,.551,.110,1.5,8.4,4.9,7.3,0.5,0.4,8.1,18.3,1.1,0.5,1.6,.062,-0.4,-2.1,-2.5,-0.1
2022,227,harteis01,23,LAC,C,68,0,1216,22.0,.664,.082,.361,10.5,18.2,14.5,20.5,2.0,5.4,16.5,18.4,3.3,2.2,5.5,.215,1.4,3.1,4.5,2.0
2022,228,reidna01,22,MIN,C,77,6,1215,17.2,.588,.349,.313,8.8,18.0,13.3,8.7,1.6,5.6,13.2,21.4,1.5,1.6,3.2,.125,-0.5,0.5,0.0,0.6
2022,229,balllo01,24,CHI,PG,35,35,1212,14.5,.575,.679,.073,3.3,14.3,8.8,20.0,2.6,2.2,17.2,17.4,0.8,1.4,2.2,.088,0.9,1.6,2.5,1.4
2022,230,wiggiaa01,23,OKC,SG,50,35,1209,10.3,.556,.409,.252,4.3,11.0,7.6,8.5,1.2,0.8,12.6,15.3,0.5,0.8,1.2,.048,-3.4,-0.9,-4.3,-0.7
2022,231,brogdma01,29,IND,PG,36,36,1206,18.0,.557,.343,.308,3.0,14.3,8.6,26.9,1.2,1.0,11.1,24.6,2.2,0.4,2.7,.106,2.8,-0.5,2.3,1.3
2022,232,johnsja01,34,BRK,PF,62,10,1191,10.3,.513,.277,.179,4.8,14.6,9.8,14.5,1.2,2.6,12.7,13.7,0.6,1.1,1.7,.068,-2.7,0.6,-2.2,-0.1
2022,233,kuminjo01,19,GSW,SF,70,12,1185,15.2,.600,.324,.413,5.1,16.1,10.8,8.4,1.3,1.8,12.0,22.7,1.3,1.8,3.0,.123,-1.3,-0.2,-1.5,0.1
2022,234,nworajo01,23,MIL,SF,62,13,1185,9.9,.506,.491,.093,3.4,16.1,9.9,7.0,1.0,1.4,10.6,19.4,-0.4,1.1,0.6,.025,-2.7,-1.5,-4.1,-0.6
2022,235,campafa01,30,DEN,PG,65,4,1184,11.1,.503,.652,.264,2.2,8.6,5.5,24.1,2.6,1.8,16.9,14.7,0.6,1.3,2.0,.081,-2.1,1.3,-0.8,0.4
2022,236,miltosh01,25,PHI,SG,55,6,1179,11.9,.517,.330,.181,2.9,10.4,6.7,17.6,1.2,1.3,9.2,18.3,0.7,1.0,1.7,.069,-1.6,-0.6,-2.2,-0.1
2022,237,princta02,27,MIN,PF,69,8,1177,12.4,.589,.587,.210,2.3,13.8,7.9,8.1,1.9,1.9,11.1,17.0,1.0,1.2,2.2,.090,-1.0,0.0,-0.9,0.3
2022,238,thomaca02,20,BRK,SG,67,2,1176,11.7,.519,.346,.209,1.5,13.1,7.5,9.7,1.4,0.6,9.1,22.1,0.0,0.8,0.8,.033,-2.0,-1.4,-3.4,-0.4
2022,239,ellebcj01,21,POR,SF,58,28,1174,9.2,.491,.409,.273,6.0,15.6,10.6,10.6,1.5,1.6,14.0,14.8,-0.1,0.5,0.4,.016,-3.8,-1.5,-5.3,-1.0
2022,240,mcgeeja01,34,PHO,C,74,17,1172,22.6,.651,.020,.319,15.3,29.7,22.7,5.4,0.9,6.1,15.8,22.8,2.4,2.6,4.9,.201,-0.1,0.9,0.8,0.8
2022,241,jacksfr01,23,DET,PG,53,7,1164,10.6,.530,.578,.215,1.7,6.7,4.0,7.6,1.1,0.7,6.7,20.9,0.3,0.4,0.7,.031,-1.8,-1.7,-3.5,-0.4
2022,242,whiteha01,32,UTA,C,65,8,1162,22.9,.662,.000,.506,16.2,29.9,23.3,3.4,0.9,7.8,11.6,17.1,3.4,2.3,5.8,.238,0.6,1.4,2.1,1.2
2022,243,baglema01,22,2TM,PF,48,25,1153,15.7,.551,.217,.226,9.7,22.7,16.0,5.2,0.9,1.4,7.4,19.8,1.2,0.9,2.0,.084,-0.5,-1.8,-2.3,-0.1
2022,243,baglema01,22,SAC,PF,30,17,663,14.3,.521,.252,.191,11.0,24.8,17.8,3.9,0.7,1.5,7.3,18.8,0.5,0.4,0.9,.067,-1.1,-2.4,-3.5,-0.3
2022,243,baglema01,22,DET,PF,18,8,490,17.7,.585,.175,.270,8.0,19.8,13.6,6.9,1.3,1.3,7.4,21.2,0.7,0.4,1.1,.107,0.4,-0.9,-0.6,0.2
2022,244,jonestr01,22,SAS,PG,69,11,1148,15.0,.545,.150,.268,2.6,11.6,7.1,27.0,1.8,0.5,10.8,15.6,1.9,0.9,2.9,.121,-0.9,0.4,-0.5,0.4
2022,245,carusal01,27,CHI,SG,41,18,1147,11.7,.528,.492,.285,3.3,11.2,7.3,18.5,3.0,1.1,16.5,13.3,0.7,1.2,2.0,.082,-2.2,2.3,0.2,0.6
2022,246,bjeline01,33,GSW,C,71,0,1143,14.2,.573,.436,.237,6.1,21.5,14.1,19.8,1.8,2.2,18.7,17.8,1.0,2.1,3.0,.128,-0.9,2.3,1.4,1.0
2022,247,smithis01,33,2TM,PG,65,1,1126,12.5,.465,.156,.056,2.4,11.1,6.8,31.5,2.0,1.8,15.0,20.1,-0.3,0.9,0.5,.023,-2.2,-0.6,-2.9,-0.2
2022,247,smithis01,33,CHO,PG,37,1,511,9.6,.434,.135,.103,2.2,9.7,5.9,25.9,1.9,1.8,15.7,19.1,-0.5,0.3,-0.1,-0.011,-3.7,-0.7,-4.5,-0.3
2022,247,smithis01,33,WAS,PG,28,0,615,15.0,.489,.171,.020,2.6,12.2,7.5,36.1,2.2,1.8,14.5,20.9,0.1,0.5,0.7,.052,-0.9,-0.6,-1.5,0.1
2022,248,inglejo01,34,UTA,SF,45,15,1122,10.0,.551,.789,.077,1.2,11.2,6.4,19.0,1.0,0.4,13.5,13.2,1.3,0.9,2.2,.094,-0.7,0.5,-0.3,0.5
2022,249,templga01,35,NOP,SG,59,16,1098,8.6,.494,.627,.139,2.9,11.8,7.2,9.2,1.9,2.0,11.8,13.9,-0.1,1.0,0.8,.037,-2.8,0.3,-2.5,-0.1
2022,250,johnsst04,25,LAL,PF,48,27,1094,10.5,.564,.418,.295,3.4,11.9,7.6,9.8,1.9,1.1,11.0,12.5,0.9,0.9,1.8,.079,-2.8,0.1,-2.7,-0.2
2022,251,irvinky01,29,BRK,PG,29,29,1091,21.4,.592,.388,.209,1.6,10.8,6.3,25.2,1.8,1.4,9.8,29.4,2.4,0.9,3.3,.147,4.2,-1.2,3.0,1.4
2022,252,littlna01,21,POR,SF,42,23,1088,13.5,.575,.489,.298,5.7,18.7,11.9,7.4,1.1,3.3,10.1,15.8,1.2,0.6,1.7,.076,-0.9,-0.6,-1.4,0.2
2022,253,robinje02,21,OKC,C,49,36,1087,11.7,.526,.509,.167,7.0,19.1,13.0,6.7,1.3,1.3,10.1,15.4,0.4,1.0,1.5,.066,-1.9,-0.4,-2.2,-0.1
2022,254,greenja01,31,DEN,PF,67,8,1085,14.1,.587,.379,.284,8.6,19.9,14.5,7.6,1.9,2.2,13.4,17.2,1.2,1.4,2.7,.118,-2.0,0.1,-1.8,0.0
2022,255,georgpa01,31,LAC,PF,31,31,1077,18.6,.538,.404,.233,1.2,19.2,10.5,28.1,3.0,1.0,15.2,33.7,-0.6,1.9,1.3,.057,1.8,1.9,3.7,1.6
2022,256,holmeri01,28,SAC,C,45,37,1074,17.8,.689,.017,.300,9.3,22.9,16.1,6.8,0.8,3.3,14.2,15.8,2.4,0.9,3.2,.145,-0.4,-0.1,-0.5,0.4
2022,257,willike04,27,OKC,SF,49,0,1072,13.3,.532,.382,.174,7.1,14.1,10.5,15.3,2.0,0.9,11.9,15.6,0.8,1.0,1.8,.081,-1.3,1.1,-0.3,0.5
2022,258,dedmode01,32,MIA,C,67,15,1065,15.9,.632,.162,.345,11.4,29.4,20.6,6.7,1.1,4.2,17.3,16.9,1.5,2.0,3.5,.157,-2.2,1.1,-1.0,0.3
2022,259,lillada01,31,POR,PG,29,29,1056,18.5,.550,.514,.328,1.3,11.6,6.2,34.0,0.8,1.0,11.6,29.3,1.7,0.1,1.7,.079,4.0,-2.7,1.3,0.9
2022,260,browntr01,22,CHI,SF,66,7,1055,10.1,.525,.516,.101,4.2,17.4,10.8,8.2,1.7,0.4,8.8,12.3,0.5,0.9,1.4,.065,-1.7,-0.2,-1.8,0.1
2022,261,aldrila01,36,BRK,C,47,12,1050,19.6,.604,.100,.223,7.8,18.7,13.4,6.3,0.6,4.0,8.0,22.4,2.1,1.0,3.1,.141,1.3,-0.6,0.7,0.7
2022,262,nancela02,29,2TM,PF,46,11,1040,14.4,.590,.283,.231,7.4,19.3,13.1,11.4,2.0,1.9,12.0,12.8,1.5,0.8,2.3,.104,-0.4,0.3,-0.1,0.5
2022,262,nancela02,29,POR,C,37,11,858,14.4,.581,.313,.247,7.2,20.1,13.4,12.5,2.2,1.5,11.0,12.4,1.3,0.6,1.9,.104,-0.3,0.6,0.3,0.5
2022,262,nancela02,29,NOP,PF,9,0,182,14.2,.628,.163,.163,8.3,15.6,11.9,6.4,1.4,3.7,16.0,14.7,0.2,0.2,0.4,.104,-1.1,-0.8,-1.9,0.0
2022,263,greenjo02,21,DAL,SG,67,3,1039,11.9,.578,.305,.176,5.6,11.7,8.6,11.0,2.2,1.2,13.8,13.9,1.0,1.4,2.4,.111,-2.4,1.4,-1.0,0.3
2022,264,gayru01,35,UTA,PF,55,1,1038,13.0,.539,.536,.208,6.0,19.1,12.8,7.8,1.2,1.6,10.2,19.3,0.8,1.3,2.1,.097,-0.7,-0.3,-1.0,0.3
2022,265,bembrde01,27,2TM,SF,56,20,1026,11.9,.601,.163,.158,4.6,12.5,8.6,8.6,2.3,2.2,11.6,11.2,1.1,1.1,2.2,.104,-2.2,1.5,-0.7,0.3
2022,265,bembrde01,27,BRK,SF,48,20,949,12.4,.609,.169,.164,4.5,12.8,8.7,8.5,2.4,2.4,11.6,11.7,1.1,1.1,2.1,.108,-2.0,1.6,-0.4,0.4
2022,265,bembrde01,27,MIL,SF,8,0,77,4.8,.375,.000,.000,5.6,9.4,7.6,9.4,1.2,0.0,11.1,5.0,0.0,0.1,0.1,.053,-4.4,0.5,-3.9,0.0
2022,266,holidaa01,25,2TM,PG,63,15,1021,12.6,.544,.305,.201,2.6,10.3,6.5,20.7,2.0,0.7,15.4,18.7,0.5,0.9,1.5,.068,-1.9,0.3,-1.7,0.1
2022,266,holidaa01,25,WAS,PG,41,14,663,11.3,.547,.313,.164,1.5,9.5,5.6,17.1,1.8,1.2,14.5,18.0,0.1,0.4,0.5,.038,-2.4,0.3,-2.1,0.0
2022,266,holidaa01,25,PHO,PG,22,1,358,14.9,.538,.290,.266,4.6,11.7,8.2,27.4,2.4,0.0,16.8,20.0,0.4,0.5,0.9,.125,-1.0,0.3,-0.8,0.1
2022,267,jonesda03,26,SAC,C,56,15,1017,18.3,.701,.109,.492,7.9,18.5,13.2,10.2,1.2,4.0,15.4,16.2,2.4,0.9,3.3,.156,-0.2,0.5,0.3,0.6
2022,268,stevela01,24,CLE,PF,63,13,1015,11.3,.544,.204,.235,5.2,12.5,8.9,6.5,1.5,1.6,10.4,17.1,0.4,1.2,1.6,.078,-3.2,0.3,-2.9,-0.2
2022,269,reddica01,22,2TM,SF,49,7,1012,12.8,.543,.451,.275,2.7,8.6,5.7,7.0,2.3,1.4,11.1,22.2,0.2,0.8,1.0,.046,-1.0,-0.3,-1.3,0.2
2022,269,reddica01,22,ATL,SF,34,7,797,12.8,.537,.446,.233,2.8,8.7,5.8,6.9,2.2,1.2,10.4,23.2,0.1,0.5,0.6,.034,-0.8,-0.7,-1.5,0.1
2022,269,reddica01,22,NYK,SF,15,0,215,12.9,.575,.477,.492,2.5,8.2,5.3,7.1,2.8,1.8,14.1,18.8,0.1,0.3,0.4,.092,-2.0,1.2,-0.8,0.1
2022,270,divindo01,25,2TM,SG,42,1,1006,11.3,.510,.649,.247,4.3,14.0,9.1,16.1,2.3,0.7,16.2,18.9,-0.1,0.9,0.7,.035,-1.8,-0.5,-2.3,-0.1
2022,270,divindo01,25,MIL,SG,17,0,341,7.9,.470,.627,.229,5.7,12.8,9.3,11.3,1.5,0.8,17.7,19.8,-0.4,0.3,-0.1,-0.009,-3.8,-1.6,-5.5,-0.3
2022,270,divindo01,25,SAC,SG,25,1,665,13.0,.532,.661,.257,3.6,14.5,9.0,18.6,2.7,0.7,15.4,18.5,0.2,0.6,0.8,.058,-0.8,0.2,-0.6,0.2
2022,271,matthwe02,35,MIL,SG,49,14,1002,6.9,.536,.714,.127,3.2,6.4,4.9,4.6,1.1,0.8,7.2,10.7,0.6,0.6,1.2,.056,-3.0,-0.3,-3.3,-0.3
2022,272,pritcpa01,24,BOS,PG,71,2,1001,15.0,.578,.657,.056,3.5,10.8,7.2,20.4,1.2,0.5,9.7,18.6,1.8,1.2,3.1,.148,1.7,0.1,1.8,1.0
2022,273,toscaju01,28,GSW,SF,73,6,994,11.0,.561,.370,.298,3.2,15.8,9.7,17.6,2.4,1.6,20.4,14.7,0.3,1.8,2.0,.098,-3.3,2.4,-0.8,0.3
2022,274,okongon01,21,ATL,C,48,6,992,19.8,.714,.000,.487,12.8,18.4,15.6,7.6,1.5,5.4,13.8,14.0,3.1,1.1,4.2,.202,0.0,0.8,0.8,0.7
2022,275,birchkh01,29,TOR,C,55,28,991,13.2,.534,.070,.355,12.7,13.5,13.1,7.6,1.5,2.6,11.1,11.2,1.5,1.1,2.6,.126,-1.7,0.4,-1.3,0.2
2022,276,edwarke02,21,BRK,SF,48,23,987,8.3,.516,.509,.071,5.0,13.8,9.5,4.1,1.4,2.2,13.2,13.8,-0.2,0.9,0.6,.031,-3.1,-0.8,-3.8,-0.5
2022,277,wadede01,25,CLE,PF,51,28,980,10.1,.584,.654,.138,3.6,13.1,8.5,7.3,1.5,0.6,6.5,11.1,1.1,1.1,2.3,.111,-1.9,1.3,-0.6,0.4
2022,278,theisda01,29,2TM,C,47,27,977,13.2,.595,.368,.247,6.6,18.8,12.7,6.3,1.0,2.9,12.5,16.2,0.9,1.0,1.9,.093,-1.9,-0.2,-2.1,0.0
2022,278,theisda01,29,HOU,C,26,21,584,10.7,.554,.441,.223,6.0,18.5,12.2,5.1,0.9,2.6,13.6,16.5,0.1,0.3,0.3,.028,-2.6,-0.9,-3.4,-0.2
2022,278,theisda01,29,BOS,C,21,6,393,17.0,.658,.250,.286,7.6,19.1,13.5,8.0,1.1,3.3,10.6,15.8,0.9,0.7,1.6,.190,-1.0,0.9,-0.1,0.2
2022,279,nowelja01,22,MIN,SG,62,1,975,16.8,.581,.387,.223,2.4,11.4,6.8,20.2,1.3,1.0,7.4,21.0,2.1,0.7,2.8,.138,1.5,-0.7,0.8,0.7
2022,280,claxtni01,22,BRK,C,47,19,974,18.6,.672,.000,.352,10.4,18.9,14.8,6.4,1.2,4.7,11.1,15.1,2.3,1.2,3.5,.171,0.3,0.2,0.5,0.6
2022,281,howardw01,36,LAL,C,60,27,971,18.2,.657,.068,.667,13.1,26.3,19.7,5.0,1.7,3.3,14.2,14.6,2.2,1.3,3.5,.174,-0.2,0.0,-0.2,0.4
2022,282,rubiori01,31,CLE,PG,34,8,970,14.0,.488,.423,.251,1.7,14.1,8.0,34.6,2.5,0.6,16.5,24.9,-0.1,1.4,1.3,.064,-1.0,1.2,0.2,0.5
2022,283,washidu02,21,IND,PG,48,7,968,10.2,.521,.504,.143,0.5,9.3,4.8,13.0,1.3,0.3,11.2,22.6,-0.2,0.2,0.0,-0.002,-1.9,-2.8,-4.7,-0.7
2022,284,primojo01,19,SAS,SF,50,16,965,7.1,.487,.507,.219,3.5,8.9,6.1,10.6,1.0,2.0,16.1,15.4,-0.6,0.6,0.0,.001,-3.8,-1.1,-5.0,-0.7
2022,285,wagnemo01,24,ORL,C,63,3,960,18.1,.623,.508,.326,4.6,21.0,12.8,15.4,1.0,1.2,11.0,22.9,1.8,1.0,2.8,.138,1.5,0.1,1.6,0.9
2022,286,griffbl01,32,BRK,C,56,24,958,13.7,.518,.463,.243,7.0,18.6,13.0,15.0,1.4,1.3,8.2,16.9,1.2,0.9,2.1,.106,-0.6,0.1,-0.5,0.3
2022,287,bateske01,26,SAS,SF,59,14,957,12.4,.578,.209,.232,6.8,18.7,12.7,5.7,1.4,1.2,13.4,14.8,0.6,1.0,1.6,.080,-2.1,-0.5,-2.6,-0.1
2022,288,robyis01,23,OKC,PF,45,28,948,18.3,.607,.307,.359,8.0,15.6,11.8,12.1,1.8,3.3,10.3,19.0,1.8,1.1,2.9,.147,0.4,0.2,0.6,0.6
2022,289,walkeke02,31,NYK,PG,37,37,948,13.9,.537,.538,.192,1.6,11.2,6.3,22.2,1.4,0.7,10.7,20.8,1.0,0.9,1.8,.093,0.7,-0.2,0.4,0.6
2022,290,gibsota01,36,NYK,C,52,4,946,12.0,.606,.229,.313,9.8,16.3,13.0,4.9,1.2,4.2,12.5,10.0,1.4,1.2,2.7,.135,-3.0,1.0,-2.0,0.0
2022,291,hachiru01,23,WAS,PF,42,13,943,14.9,.579,.323,.173,3.0,15.6,9.4,7.9,1.2,0.8,7.4,20.9,0.9,0.6,1.4,.073,0.2,-1.7,-1.4,0.1
2022,292,thompkl01,31,GSW,SG,32,32,941,16.7,.547,.517,.089,1.8,12.4,7.3,16.1,0.8,1.7,6.7,29.6,0.6,1.2,1.8,.091,2.6,-1.6,1.1,0.7
2022,293,lambje01,29,2TM,SF,56,0,935,13.3,.521,.490,.305,3.0,15.3,9.1,12.3,1.6,2.0,8.6,19.7,0.6,0.6,1.2,.063,-0.4,-0.5,-0.8,0.3
2022,293,lambje01,29,IND,SF,39,0,613,13.4,.524,.513,.351,2.7,14.6,8.5,11.6,1.8,2.0,8.4,20.0,0.5,0.4,0.9,.070,-0.2,-0.2,-0.5,0.2
2022,293,lambje01,29,SAC,SG,17,0,322,13.1,.514,.445,.218,3.7,16.7,10.1,13.5,1.2,2.2,9.1,19.1,0.1,0.2,0.3,.051,-0.6,-0.9,-1.5,0.0
2022,294,smithja04,21,2TM,PF,51,8,925,18.4,.595,.349,.291,12.0,24.5,18.2,3.9,0.8,3.9,9.6,20.3,1.7,1.1,2.8,.145,0.9,-1.4,-0.5,0.3
2022,294,smithja04,21,PHO,PF,29,4,382,15.9,.547,.285,.380,15.9,23.0,19.5,2.1,0.8,4.2,12.1,20.5,0.4,0.7,1.1,.137,-1.9,-0.5,-2.3,0.0
2022,294,smithja04,21,IND,PF,22,4,543,20.2,.628,.390,.235,9.3,25.5,17.3,5.1,0.8,3.7,7.8,20.1,1.3,0.4,1.7,.150,2.9,-2.1,0.8,0.4
2022,295,maledth01,20,OKC,PG,51,7,908,10.6,.500,.473,.315,2.2,12.8,7.4,18.5,1.7,1.1,15.3,20.3,-0.5,0.8,0.3,.015,-3.7,-0.7,-4.4,-0.6
2022,296,satorto01,30,3TM,SG,55,13,906,10.2,.461,.277,.283,3.3,12.1,7.7,27.0,1.6,0.5,17.6,12.6,0.5,0.6,1.0,.055,-3.3,-0.3,-3.7,-0.4
2022,296,satorto01,30,NOP,SG,32,3,481,6.5,.373,.290,.234,4.1,10.8,7.4,20.6,1.4,0.2,16.3,12.6,-0.3,0.3,0.0,-0.003,-5.1,-0.5,-5.6,-0.4
2022,296,satorto01,30,SAS,SF,1,0,9,12.8,.852,,,0.0,11.7,5.8,0.0,0.0,0.0,0.0,8.3,0.0,0.0,0.0,.200,0.8,-2.1,-1.3,0.0
2022,296,satorto01,30,WAS,PG,22,10,416,14.4,.563,.262,.298,2.4,13.6,8.1,35.0,1.8,0.8,19.5,12.6,0.7,0.3,1.0,.120,-1.4,0.0,-1.5,0.1
2022,297,carteje01,26,2TM,PG,66,3,905,9.6,.531,.672,.071,1.7,11.2,6.6,14.0,1.3,1.4,11.5,14.0,0.5,0.7,1.2,.062,-1.8,-0.4,-2.2,-0.1
2022,297,carteje01,26,BRK,PG,46,1,552,6.5,.462,.730,.057,1.8,11.2,6.6,10.9,1.2,1.6,12.7,15.9,-0.4,0.4,-0.1,-0.005,-3.6,-0.9,-4.4,-0.3
2022,297,carteje01,26,MIL,PG,20,2,353,14.4,.679,.544,.101,1.5,11.2,6.5,18.8,1.4,1.1,8.8,10.9,0.9,0.3,1.2,.167,0.9,0.3,1.2,0.3
2022,298,mclaujo01,25,MIN,PG,62,3,902,13.4,.535,.425,.200,2.6,8.8,5.6,26.1,3.0,1.1,14.9,11.8,1.3,1.0,2.3,.123,-1.2,1.6,0.4,0.6
2022,299,jonesde02,24,CHI,PF,51,8,899,13.0,.633,.313,.359,7.6,13.6,10.6,4.4,1.4,3.2,11.7,12.5,1.4,0.8,2.2,.119,-1.5,0.5,-0.9,0.2
2022,300,thomptr01,30,3TM,C,57,6,897,14.9,.541,.011,.434,14.7,20.8,17.7,5.5,1.2,2.0,12.4,17.5,0.9,0.8,1.6,.087,-1.6,-1.5,-3.1,-0.3
2022,300,thomptr01,30,SAC,C,30,3,455,15.1,.521,.007,.397,17.1,21.5,19.3,5.9,1.2,2.3,14.1,19.5,0.3,0.4,0.6,.065,-2.0,-1.7,-3.7,-0.2
2022,300,thomptr01,30,IND,C,4,0,66,12.5,.527,.000,.333,11.6,18.9,15.2,4.6,0.0,2.6,12.7,20.4,0.0,0.0,0.0,.013,-3.2,-3.5,-6.8,-0.1
2022,300,thomptr01,30,CHI,C,23,3,376,15.0,.575,.022,.522,12.3,20.3,16.3,5.1,1.6,1.6,9.6,14.7,0.6,0.4,1.0,.126,-0.9,-0.8,-1.7,0.0
2022,301,mcdanja01,24,CHO,SF,55,2,895,12.7,.595,.425,.283,4.3,16.0,10.1,8.7,1.4,2.3,11.2,15.3,1.0,0.7,1.7,.093,-1.9,-0.4,-2.3,-0.1
2022,302,brookdi01,26,MEM,SF,32,31,885,15.5,.515,.283,.202,3.4,8.8,6.0,15.4,1.9,0.8,8.0,28.8,0.7,0.9,1.6,.087,-1.0,-0.8,-1.8,0.0
2022,303,augusdj01,34,2TM,PG,55,2,883,9.7,.610,.739,.194,1.4,7.0,4.2,16.8,0.9,0.1,18.9,14.3,0.7,0.1,0.8,.043,-1.2,-2.4,-3.6,-0.4
2022,303,augusdj01,34,HOU,PG,34,2,510,9.7,.596,.706,.279,1.5,7.4,4.4,20.5,0.9,0.0,22.8,16.4,0.2,0.0,0.2,.017,-1.4,-2.9,-4.3,-0.3
2022,303,augusdj01,34,LAL,PG,21,0,373,9.7,.635,.791,.058,1.2,6.6,3.9,11.8,0.9,0.2,11.1,11.4,0.5,0.1,0.6,.078,-1.0,-1.6,-2.6,-0.1
2022,304,ibakase01,32,2TM,C,54,12,877,14.4,.579,.334,.149,7.7,22.2,15.1,8.4,0.6,3.3,12.0,17.8,0.8,1.1,2.0,.108,-1.3,-0.2,-1.5,0.1
2022,304,ibakase01,32,LAC,C,35,10,538,14.9,.567,.323,.151,8.1,21.0,14.8,10.2,0.6,4.1,13.9,19.4,0.3,0.8,1.1,.096,-1.3,0.3,-1.0,0.1
2022,304,ibakase01,32,MIL,C,19,2,339,13.7,.601,.356,.144,7.0,23.9,15.7,5.4,0.6,2.0,8.3,15.2,0.5,0.4,0.9,.128,-1.4,-1.0,-2.4,0.0
2022,305,watfotr01,21,POR,SF,48,10,869,15.8,.590,.142,.352,7.0,18.6,12.6,14.6,1.4,3.2,12.5,17.6,1.4,0.5,1.9,.104,-1.4,-0.4,-1.7,0.1
2022,306,murphtr02,21,NOP,SF,62,1,864,12.5,.558,.671,.184,5.9,13.1,9.4,6.2,1.3,0.8,5.1,15.7,1.3,0.6,1.9,.104,0.2,-1.4,-1.2,0.2
2022,307,harklma01,28,SAC,SF,47,24,863,7.7,.561,.558,.155,1.5,12.7,7.1,3.6,1.6,2.4,13.8,11.2,-0.1,0.6,0.5,.026,-3.7,0.4,-3.3,-0.3
2022,308,youngth01,33,2TM,PF,52,1,845,17.0,.548,.176,.180,9.8,16.8,13.1,17.7,3.1,2.0,15.0,17.4,0.9,1.3,2.2,.126,0.1,2.1,2.2,0.9
2022,308,youngth01,33,SAS,PF,26,1,370,18.6,.574,.039,.172,11.3,15.1,13.2,22.9,3.0,1.6,17.9,19.1,0.5,0.5,1.0,.124,0.5,1.8,2.4,0.4
2022,308,youngth01,33,TOR,PF,26,0,475,15.8,.526,.299,.188,8.7,18.1,13.1,13.6,3.3,2.3,12.4,16.0,0.5,0.8,1.3,.127,-0.2,2.2,2.0,0.5
2022,309,brookar01,23,2TM,SG,54,11,844,8.4,.483,.862,.073,2.5,10.9,6.7,10.4,1.6,1.2,8.3,16.4,-0.1,0.4,0.2,.014,-2.6,-1.3,-3.9,-0.4
2022,309,brookar01,23,HOU,SG,41,8,690,8.4,.490,.849,.076,1.9,11.1,6.4,10.3,1.4,1.0,8.1,17.4,-0.2,0.2,0.0,.002,-2.6,-1.8,-4.4,-0.4
2022,309,brookar01,23,TOR,PG,13,3,154,8.6,.437,.947,.053,5.3,10.4,7.7,11.0,2.3,1.9,9.3,11.9,0.0,0.2,0.2,.067,-2.8,1.2,-1.6,0.0
2022,310,hernawi01,27,NOP,C,50,8,839,22.2,.582,.037,.431,18.5,26.3,22.3,11.9,1.2,2.2,11.6,22.5,2.2,0.9,3.2,.180,1.8,-1.5,0.2,0.5
2022,311,alvarjo01,23,NOP,PG,54,1,834,16.4,.520,.374,.180,3.2,10.2,6.6,26.9,4.2,0.8,11.2,18.4,1.0,1.1,2.1,.121,-0.5,2.4,1.9,0.8
2022,312,jacksjo02,24,2TM,SF,51,3,830,9.5,.491,.433,.257,2.6,16.4,9.2,10.0,1.5,2.4,12.3,19.7,-0.7,0.7,0.0,.001,-4.1,-0.4,-4.5,-0.5
2022,312,jacksjo02,24,DET,SF,39,3,707,9.9,.501,.450,.223,2.5,17.1,9.4,10.7,1.4,2.3,12.1,19.0,-0.4,0.6,0.2,.013,-3.5,-0.2,-3.7,-0.3
2022,312,jacksjo02,24,SAC,SF,12,0,123,7.1,.446,.347,.429,3.5,12.5,8.0,5.8,2.0,2.8,13.4,23.5,-0.3,0.1,-0.2,-0.067,-7.2,-2.0,-9.2,-0.2
2022,313,snellto01,30,2TM,SG,53,12,823,6.3,.541,.749,.023,2.1,12.0,6.9,4.7,1.0,1.1,9.9,10.1,0.2,0.2,0.4,.023,-3.4,-0.8,-4.2,-0.5
2022,313,snellto01,30,POR,SG,38,10,546,5.2,.503,.773,.031,2.1,12.7,7.2,5.0,0.7,1.3,10.1,8.7,0.0,0.1,0.1,.005,-4.1,-1.0,-5.0,-0.4
2022,313,snellto01,30,NOP,SG,15,2,277,8.6,.591,.716,.014,2.0,10.6,6.2,4.0,1.4,0.7,9.7,12.8,0.2,0.2,0.3,.058,-2.0,-0.6,-2.6,0.0
2022,314,stephla01,31,2TM,SG,46,1,814,13.6,.536,.279,.248,1.6,16.0,8.7,30.2,1.4,0.4,16.7,22.6,0.4,0.4,0.8,.048,-1.6,-1.6,-3.2,-0.2
2022,314,stephla01,31,ATL,SG,6,0,70,4.5,.396,.231,.154,1.6,21.8,11.7,19.9,0.0,0.0,22.4,11.2,-0.1,0.0,0.0,-0.023,-6.8,-0.8,-7.7,-0.1
2022,314,stephla01,31,IND,PG,40,1,744,14.5,.542,.281,.252,1.6,15.4,8.4,31.2,1.6,0.5,16.5,23.7,0.5,0.3,0.8,.055,-1.1,-1.7,-2.8,-0.1
2022,315,ellinwa01,34,LAL,SG,43,9,810,9.9,.593,.890,.046,1.3,8.9,5.1,5.0,1.4,0.5,7.3,13.8,0.6,0.4,1.0,.062,-0.7,-0.6,-1.4,0.1
2022,316,bertada01,29,2TM,PF,56,0,807,9.4,.531,.836,.145,1.7,14.3,8.0,5.5,1.0,1.3,6.1,17.3,0.2,0.7,0.9,.053,-1.7,-0.9,-2.6,-0.1
2022,316,bertada01,29,WAS,PF,34,0,501,8.3,.527,.842,.175,1.3,12.0,6.7,4.4,1.1,1.0,7.1,17.6,0.0,0.3,0.3,.025,-2.5,-1.3,-3.8,-0.2
2022,316,bertada01,29,DAL,PF,22,0,306,11.2,.540,.827,.096,2.2,18.2,10.2,7.1,1.0,1.8,4.4,16.7,0.2,0.4,0.6,.098,-0.4,-0.3,-0.6,0.1
2022,317,jeromty01,24,OKC,SG,48,4,801,11.3,.488,.567,.143,2.4,7.7,5.0,21.3,1.8,0.6,9.6,20.8,0.0,0.5,0.5,.032,-2.2,-0.2,-2.3,-0.1
2022,318,willilo02,35,ATL,PG,56,0,799,12.1,.500,.319,.244,2.2,9.7,6.0,18.6,1.7,0.3,10.8,21.7,0.2,0.4,0.6,.034,-2.0,-1.4,-3.4,-0.3
2022,319,grimequ01,21,NYK,SG,46,6,786,10.7,.565,.804,.081,3.2,9.8,6.4,8.5,2.0,1.4,10.3,15.1,0.6,0.9,1.4,.087,-1.2,0.9,-0.3,0.3
2022,320,winslju01,25,2TM,PF,48,11,775,13.1,.479,.257,.257,7.0,20.9,14.0,16.1,2.2,2.9,14.6,18.9,-0.3,1.1,0.8,.048,-2.7,1.0,-1.7,0.1
2022,320,winslju01,25,LAC,PF,37,1,480,12.4,.490,.206,.291,6.8,22.1,14.7,15.5,2.1,3.2,18.9,18.0,-0.3,0.9,0.6,.055,-3.5,2.0,-1.5,0.1
2022,320,winslju01,25,POR,PF,11,10,295,14.1,.465,.319,.216,7.2,18.9,12.8,16.9,2.3,2.3,8.6,20.4,0.0,0.2,0.2,.037,-1.3,-0.7,-2.0,0.0
2022,321,langfro01,22,2TM,SG,48,5,771,9.2,.520,.445,.220,4.3,10.7,7.6,3.7,1.4,1.9,7.1,12.9,0.3,1.0,1.3,.082,-2.3,1.0,-1.4,0.1
2022,321,langfro01,22,BOS,SG,44,5,728,9.3,.520,.451,.185,4.6,10.7,7.7,3.6,1.4,2.0,7.4,13.0,0.2,1.0,1.3,.084,-2.3,1.1,-1.2,0.2
2022,321,langfro01,22,SAS,SG,4,0,43,8.1,.523,.286,1.143,0.0,9.8,4.9,5.8,1.1,0.0,0.0,10.3,0.0,0.0,0.0,.053,-3.8,-0.4,-4.2,0.0
2022,322,forretr01,23,UTA,PG,60,6,765,10.9,.554,.174,.310,3.4,10.5,7.1,18.6,1.9,0.7,21.4,12.8,0.5,0.8,1.3,.084,-2.3,1.2,-1.0,0.2
2022,323,olynyke01,30,DET,C,40,1,764,16.7,.561,.416,.311,7.3,18.3,12.5,23.3,2.0,2.2,15.1,21.5,0.8,0.8,1.6,.104,0.5,1.0,1.6,0.7
2022,324,bostobr01,20,LAC,SG,51,0,760,11.2,.481,.342,.222,2.4,12.7,7.7,10.1,1.7,1.5,8.0,22.4,-0.5,0.9,0.4,.026,-3.0,-0.4,-3.3,-0.3
2022,325,mcgruro01,30,DET,SG,51,2,754,11.6,.577,.649,.116,4.2,12.1,8.0,9.6,1.4,0.8,9.2,14.8,0.7,0.4,1.2,.075,-0.7,-0.7,-1.4,0.1
2022,326,pascher01,25,UTA,PF,58,3,737,13.9,.612,.460,.366,4.6,10.9,7.9,7.1,0.6,0.6,9.0,17.7,1.4,0.5,2.0,.127,0.5,-1.0,-0.5,0.3
2022,327,marshna01,24,NOP,SF,55,4,735,12.3,.505,.390,.346,5.6,16.0,10.7,12.3,2.2,1.0,12.9,20.8,0.0,0.7,0.8,.050,-2.7,-0.5,-3.2,-0.2
2022,328,bitadgo01,22,IND,C,50,16,729,18.0,.595,.317,.373,11.9,15.3,13.5,11.2,1.4,5.0,13.6,19.9,1.3,0.6,1.9,.122,-0.2,-0.6,-0.8,0.2
2022,329,houseda01,28,3TM,SF,42,7,727,10.6,.555,.591,.293,2.8,13.8,8.4,8.4,1.4,2.1,12.9,15.2,0.4,0.7,1.0,.068,-1.3,0.2,-1.1,0.2
2022,329,houseda01,28,HOU,SF,16,1,233,6.8,.467,.459,.257,1.9,18.5,10.1,11.5,1.0,1.9,17.9,18.3,-0.3,0.1,-0.2,-0.049,-4.8,-0.7,-5.6,-0.2
2022,329,houseda01,28,NYK,SF,1,0,3,-13.4,.000,1.000,.000,0.0,0.0,0.0,0.0,0.0,0.0,0.0,14.6,0.0,0.0,0.0,-0.342,-12.6,-7.8,-20.4,0.0
2022,329,houseda01,28,UTA,SF,25,6,491,12.5,.610,.667,.317,3.2,11.7,7.6,7.0,1.6,2.2,9.7,13.8,0.7,0.6,1.3,.125,0.5,0.7,1.2,0.4
2022,330,couside01,31,2TM,C,48,7,718,18.2,.567,.377,.386,11.7,29.1,20.6,15.2,2.4,2.7,18.3,28.1,0.3,1.3,1.6,.104,-1.8,0.2,-1.6,0.1
2022,330,couside01,31,MIL,C,17,5,287,19.0,.572,.407,.322,9.1,26.8,18.1,9.3,2.7,2.7,10.6,22.4,0.5,0.5,1.0,.162,-0.3,0.9,0.6,0.2
2022,330,couside01,31,DEN,C,31,2,431,17.6,.565,.359,.422,13.4,30.6,22.3,19.1,2.2,2.7,22.0,31.9,-0.2,0.8,0.6,.065,-2.8,-0.2,-3.1,-0.1
2022,331,mykhasv01,24,TOR,SF,56,5,716,9.6,.509,.573,.158,2.9,11.5,7.0,8.8,1.8,0.5,11.3,16.9,0.1,0.7,0.8,.052,-2.7,-0.2,-2.9,-0.2
2022,332,taylote01,22,IND,PF,33,7,714,19.0,.656,.173,.232,14.6,12.2,13.4,8.6,1.0,1.0,8.7,15.9,2.2,0.2,2.4,.160,2.1,-2.8,-0.6,0.2
2022,333,hoodro01,29,2TM,SF,52,0,709,7.2,.493,.580,.121,2.3,9.1,5.8,6.9,1.0,0.8,6.2,10.7,0.2,0.5,0.7,.048,-3.0,-0.3,-3.3,-0.2
2022,333,hoodro01,29,MIL,PF,39,0,581,6.7,.470,.611,.107,2.4,9.7,6.1,6.5,1.0,0.7,4.9,10.6,0.1,0.4,0.5,.042,-3.2,-0.2,-3.5,-0.2
2022,333,hoodro01,29,LAC,SF,13,0,128,9.3,.603,.423,.192,1.7,6.4,4.1,8.5,1.1,1.3,12.4,11.1,0.1,0.1,0.2,.075,-1.8,-0.5,-2.4,0.0
2022,334,yurtsom01,23,MIA,C,56,12,706,17.4,.546,.045,.247,13.9,33.0,23.6,11.0,1.2,3.0,13.0,19.9,0.8,1.4,2.1,.145,-1.4,0.4,-1.0,0.2
2022,335,tillmxa01,23,MEM,PF,53,2,701,15.1,.510,.227,.329,9.6,14.5,12.0,11.6,3.3,1.9,12.1,16.4,0.6,1.2,1.8,.121,-1.1,1.8,0.7,0.5
2022,336,nnajize01,21,DEN,PF,41,1,698,13.5,.629,.430,.349,9.3,14.1,11.8,3.4,1.1,1.7,9.7,14.9,1.2,0.6,1.8,.123,-0.7,-1.6,-2.2,0.0
2022,337,rondora01,35,2TM,PG,39,1,698,10.9,.496,.500,.148,2.4,14.4,8.5,33.1,2.1,0.8,26.6,16.0,-0.1,0.8,0.7,.048,-2.4,0.7,-1.7,0.1
2022,337,rondora01,35,LAL,PG,18,0,289,6.5,.383,.423,.028,3.7,14.5,9.1,29.9,2.0,1.5,32.1,15.7,-0.6,0.3,-0.3,-0.053,-4.8,0.3,-4.5,-0.2
2022,337,rondora01,35,CLE,PG,21,1,409,13.9,.567,.552,.229,1.4,14.3,8.0,35.3,2.2,0.2,22.7,16.2,0.5,0.5,1.0,.119,-0.7,1.0,0.3,0.2
2022,338,johnske07,19,2TM,SG,37,12,697,8.7,.453,.368,.188,3.7,9.1,6.3,16.3,2.0,1.7,13.5,21.2,-0.8,0.4,-0.5,-0.031,-4.0,-2.0,-5.9,-0.7
2022,338,johnske07,19,LAC,SG,15,0,135,9.4,.440,.216,.412,4.8,11.4,8.2,13.7,2.5,1.3,10.4,21.9,-0.1,0.2,0.1,.018,-6.0,0.3,-5.7,-0.1
2022,338,johnske07,19,POR,SG,22,12,562,8.5,.457,.403,.136,3.4,8.5,5.9,17.0,1.8,1.8,14.3,21.1,-0.7,0.2,-0.5,-0.043,-3.5,-2.5,-6.0,-0.6
2022,339,bantoda01,22,TOR,PG,64,1,696,10.0,.463,.252,.218,5.6,14.1,9.7,19.8,2.0,1.4,19.3,16.9,-0.4,0.8,0.4,.030,-3.5,0.4,-3.1,-0.2
2022,340,krejcvi01,21,OKC,SG,30,8,690,8.5,.529,.587,.132,2.6,12.6,7.5,11.9,1.3,1.1,14.1,12.9,0.1,0.5,0.6,.042,-4.3,-1.0,-5.3,-0.6
2022,341,ntilila01,23,DAL,SG,58,5,685,10.4,.513,.498,.112,1.9,10.9,6.4,14.7,2.0,0.9,11.7,17.4,0.1,0.9,0.9,.065,-2.8,0.9,-1.9,0.0
2022,342,luwawti01,26,ATL,SF,52,18,685,9.3,.556,.656,.220,2.7,10.3,6.6,7.7,1.3,0.8,8.9,14.3,0.6,0.3,0.9,.061,-2.3,-1.0,-3.3,-0.2
2022,343,reedda01,26,DEN,SG,48,5,668,12.2,.624,.534,.093,2.4,15.2,9.0,10.7,1.8,1.2,8.7,12.1,0.9,0.7,1.6,.117,-0.6,0.3,-0.3,0.3
2022,344,favorde01,30,OKC,C,39,18,653,13.6,.534,.088,.137,9.0,20.2,14.5,5.9,1.3,1.7,4.5,13.4,0.8,0.7,1.4,.105,-2.3,0.3,-2.1,0.0
2022,345,mccontj01,29,IND,PG,27,8,652,15.1,.525,.159,.111,3.4,12.2,7.7,28.7,2.2,1.3,11.7,16.2,1.0,0.4,1.3,.098,-0.4,1.4,0.9,0.5
2022,346,browngr01,20,POR,SF,48,6,640,11.0,.515,.321,.342,6.3,17.3,11.6,8.1,2.0,3.7,14.1,17.2,-0.1,0.5,0.4,.029,-4.0,-0.7,-4.7,-0.4
2022,347,willibr03,22,POR,PG,24,16,640,11.0,.476,.376,.344,3.1,9.8,6.4,23.1,1.8,1.5,15.2,25.9,-0.7,0.2,-0.5,-0.037,-2.6,-3.1,-5.7,-0.6
2022,348,smithde03,24,POR,PG,37,4,638,13.2,.474,.143,.339,3.3,12.2,7.6,30.5,3.4,1.9,19.0,18.2,-0.1,0.5,0.4,.031,-2.8,1.2,-1.7,0.1
2022,349,rosede01,33,NYK,PG,26,4,636,16.9,.541,.336,.113,3.5,9.8,6.6,27.5,1.7,1.9,11.9,22.5,0.8,0.7,1.4,.108,2.3,0.0,2.3,0.7
2022,350,brownst02,26,DAL,SG,49,3,628,8.4,.495,.594,.097,4.6,21.8,13.2,7.5,1.1,1.0,12.5,13.2,-0.1,0.9,0.8,.061,-3.4,0.5,-2.9,-0.1
2022,351,jordade01,33,2TM,C,48,20,622,17.2,.641,.000,.280,14.7,31.4,23.1,4.9,0.9,5.0,18.7,13.9,0.9,1.0,1.9,.145,-1.5,0.1,-1.4,0.1
2022,351,jordade01,33,LAL,C,32,19,408,17.5,.657,.000,.292,13.5,31.8,22.7,4.5,1.2,5.7,17.3,12.8,0.7,0.6,1.3,.153,-1.5,0.9,-0.6,0.2
2022,351,jordade01,33,PHI,C,16,1,214,16.5,.615,.000,.259,17.0,30.8,24.0,5.6,0.5,3.8,21.0,16.0,0.3,0.3,0.6,.131,-1.6,-1.4,-2.9,0.0
2022,352,lenal01,28,SAC,C,39,10,620,13.1,.577,.119,.358,9.0,19.3,14.1,10.6,1.0,3.5,17.4,17.1,0.4,0.5,0.9,.070,-3.2,0.3,-2.9,-0.1
2022,353,lopezro01,33,ORL,C,36,9,612,13.7,.570,.030,.271,11.7,10.0,10.9,14.4,0.2,2.7,16.5,18.9,0.5,0.3,0.8,.064,-2.4,-1.4,-3.8,-0.3
2022,354,joeis01,22,PHI,SG,55,1,609,7.7,.519,.763,.175,1.1,9.0,5.1,8.1,1.1,0.4,9.1,15.5,0.0,0.4,0.4,.035,-3.1,-1.5,-4.6,-0.4
2022,355,nwabada01,29,HOU,SF,46,4,609,15.3,.567,.278,.381,7.4,20.0,13.6,8.5,2.2,2.9,9.3,15.8,0.8,0.5,1.3,.105,-0.6,0.0,-0.6,0.2
2022,356,moodymo01,19,GSW,SG,52,11,607,10.5,.573,.601,.197,3.2,11.0,7.2,5.3,0.6,1.6,6.1,15.2,0.6,0.7,1.3,.101,-1.4,-1.1,-2.5,-0.1
2022,357,leesa01,22,DET,PG,37,0,604,13.8,.499,.339,.401,3.1,13.0,7.8,26.2,2.9,1.8,14.7,17.3,0.3,0.7,0.9,.073,-1.9,1.5,-0.4,0.2
2022,358,iguodan01,38,GSW,SF,31,0,603,12.3,.478,.612,.165,3.9,13.9,9.1,24.7,2.2,3.5,17.7,11.4,0.5,1.1,1.6,.125,-0.9,3.7,2.7,0.7
2022,359,muscami01,30,OKC,C,43,0,592,19.7,.630,.657,.230,3.6,19.1,11.2,6.2,1.5,4.1,4.9,20.9,1.4,0.7,2.1,.170,3.8,1.2,5.0,1.1
2022,360,landajo01,26,SAS,C,54,1,589,16.0,.597,.436,.201,11.1,13.5,12.3,10.6,0.8,2.0,12.3,18.1,1.0,0.4,1.5,.121,0.7,-1.1,-0.4,0.2
2022,361,nesmiaa01,22,BOS,SF,52,3,574,7.3,.507,.632,.143,2.9,13.6,8.4,5.4,1.7,0.8,13.8,17.2,-0.4,0.9,0.4,.038,-4.9,0.7,-4.3,-0.3
2022,362,sykeske01,28,IND,PG,32,11,566,5.9,.456,.474,.089,1.5,7.4,4.4,14.9,1.0,0.6,14.3,17.4,-0.5,0.1,-0.5,-0.040,-4.4,-2.4,-6.9,-0.7
2022,363,noelne01,27,NYK,C,25,11,562,11.8,.581,.050,.500,9.0,18.1,13.5,5.7,2.7,5.4,21.5,7.3,0.4,1.0,1.5,.128,-3.1,3.3,0.3,0.3
2022,364,simsje01,23,NYK,PF,41,5,555,11.6,.674,.000,.537,11.6,21.3,16.4,5.3,1.0,3.9,23.1,6.9,0.7,0.8,1.5,.128,-2.8,1.1,-1.7,0.0
2022,365,bradlto01,24,CHI,C,55,7,549,14.9,.600,.000,.236,13.8,24.3,19.1,6.7,0.9,5.2,20.0,13.6,0.6,0.7,1.3,.112,-2.0,0.2,-1.8,0.0
2022,366,paytoel01,27,PHO,PG,50,1,549,7.9,.397,.103,.183,4.2,12.8,8.6,23.0,2.2,1.0,19.9,18.5,-1.0,0.8,-0.2,-0.014,-4.6,1.2,-3.5,-0.2
2022,367,bazemke01,32,LAL,SF,39,14,545,6.0,.451,.576,.122,2.6,11.0,6.8,8.1,2.2,1.5,12.5,13.2,-0.4,0.5,0.1,.006,-5.1,0.8,-4.3,-0.3
2022,368,jacksis01,20,IND,C,36,15,541,20.5,.607,.078,.427,12.2,18.7,15.4,2.9,2.3,8.4,14.0,22.5,0.7,0.7,1.4,.126,-1.6,0.0,-1.6,0.0
2022,369,flynnma01,23,TOR,PG,44,5,537,11.7,.488,.492,.131,1.9,11.3,6.4,18.5,1.9,0.7,6.3,16.5,0.5,0.5,1.0,.092,-1.8,0.4,-1.5,0.1
2022,370,brazdig01,23,ORL,SF,42,1,536,10.2,.520,.463,.170,4.5,9.7,7.1,10.7,0.9,0.5,7.8,17.7,0.2,0.3,0.5,.041,-2.7,-1.6,-4.3,-0.3
2022,371,daviste02,24,SAC,SG,30,11,536,14.6,.543,.558,.165,2.2,17.0,9.5,11.9,2.2,1.8,10.3,25.6,0.0,0.5,0.5,.044,-0.6,-0.4,-0.9,0.2
2022,372,okogijo01,23,MIN,SG,49,6,516,9.0,.526,.452,.490,5.9,8.7,7.3,6.2,2.4,2.2,15.4,12.1,0.1,0.5,0.7,.062,-3.7,0.9,-2.7,-0.1
2022,373,biyombi01,29,PHO,C,36,3,506,17.3,.596,.000,.490,13.7,21.5,17.7,6.2,1.1,4.6,12.4,17.1,0.9,0.9,1.8,.170,-1.7,0.4,-1.3,0.1
2022,374,goodwbr01,26,CLE,PG,36,5,502,11.8,.501,.357,.247,3.1,11.4,7.4,26.0,2.5,0.2,17.4,18.2,0.1,0.7,0.7,.069,-2.6,1.1,-1.6,0.1
2022,375,colliza01,24,SAS,C,28,4,502,16.4,.594,.265,.419,9.5,22.5,16.0,16.3,1.2,3.8,19.7,19.2,0.6,0.7,1.2,.118,-1.2,1.0,-0.2,0.2
2022,376,dragigo01,35,2TM,PG,21,8,498,10.0,.474,.417,.219,2.9,11.3,7.1,22.9,1.9,0.7,17.0,17.2,-0.1,0.4,0.4,.034,-2.8,-0.5,-3.3,-0.2
2022,376,dragigo01,35,TOR,PG,5,2,90,16.2,.521,.412,.294,2.3,15.3,8.4,14.4,2.8,1.1,2.5,18.7,0.2,0.1,0.3,.162,-0.6,2.6,1.9,0.1
2022,376,dragigo01,35,BRK,PG,16,6,408,8.6,.460,.419,.197,3.0,10.4,6.8,24.7,1.7,0.7,20.6,16.9,-0.2,0.3,0.1,.006,-3.3,-1.1,-4.4,-0.3
2022,377,antetth01,29,MIL,SF,48,6,473,12.5,.577,.109,.359,9.2,13.4,11.3,6.5,1.6,2.4,14.9,15.7,0.4,0.5,0.9,.095,-3.5,-0.1,-3.5,-0.2
2022,378,schofad01,24,ORL,SF,38,1,469,7.5,.538,.612,.116,3.8,16.3,10.0,7.9,0.4,1.0,13.4,14.5,-0.1,0.3,0.3,.027,-4.2,-1.2,-5.4,-0.4
2022,379,waterli01,24,OKC,SG,25,1,465,13.0,.562,.834,.029,1.3,15.0,8.1,8.1,2.0,1.6,5.8,17.5,0.3,0.5,0.8,.081,-0.8,-0.8,-1.6,0.1
2022,380,gillan01,29,WAS,PF,44,0,463,14.7,.682,.239,.477,8.0,12.2,10.2,8.3,0.5,2.0,12.0,14.4,1.1,0.2,1.4,.140,-0.6,-1.3,-1.9,0.0
2022,381,arizatr01,36,LAL,SF,24,11,462,7.0,.449,.747,.182,2.3,16.7,9.5,7.5,1.3,1.2,9.3,11.0,-0.2,0.4,0.2,.020,-3.3,-0.2,-3.4,-0.2
2022,382,tilliki02,23,MEM,C,36,3,461,7.6,.452,.677,.063,4.7,9.1,6.8,5.9,2.4,2.9,9.1,12.8,-0.1,0.6,0.6,.058,-3.8,1.1,-2.7,-0.1
2022,383,windldy01,25,CLE,SF,50,0,459,8.8,.519,.714,.184,5.2,16.0,10.7,10.0,1.5,0.6,13.1,11.8,0.2,0.6,0.8,.084,-3.0,1.2,-1.7,0.0
2022,384,thomama02,27,CHI,SG,40,0,459,9.9,.564,.679,.149,0.7,11.5,6.1,5.8,0.9,0.6,5.3,14.5,0.3,0.2,0.6,.058,-1.2,-1.5,-2.6,-0.1
2022,385,martike03,26,2TM,SF,30,1,450,9.4,.484,.439,.076,4.1,9.6,6.8,6.7,1.4,1.7,7.3,18.1,-0.1,0.2,0.0,.005,-2.6,-1.0,-3.6,-0.2
2022,385,martike03,26,IND,SF,27,1,444,9.7,.492,.440,.077,4.0,9.5,6.7,6.8,1.4,1.8,7.5,18.1,-0.1,0.2,0.1,.010,-2.4,-0.9,-3.3,-0.1
2022,385,martike03,26,BOS,SF,3,0,6,-11.3,.000,.333,.000,18.5,17.6,18.0,0.0,0.0,0.0,0.0,22.0,-0.1,0.0,0.0,-0.382,-14.7,-10.5,-25.1,0.0
2022,386,watanyu01,27,TOR,SF,38,4,445,11.5,.524,.572,.290,4.2,19.0,11.2,6.6,1.2,3.5,10.9,16.8,0.1,0.6,0.7,.075,-1.9,0.0,-2.0,0.0
2022,387,hernaju01,26,3TM,PF,40,9,445,11.5,.542,.651,.321,7.0,17.1,12.2,6.0,1.6,2.0,11.7,13.4,0.3,0.6,0.9,.095,-0.7,0.1,-0.6,0.2
2022,387,hernaju01,26,BOS,PF,18,0,96,3.8,.307,.667,.333,10.4,17.6,14.1,4.0,2.1,1.9,16.2,17.0,-0.3,0.2,-0.1,-0.050,-6.9,-1.4,-8.3,-0.2
2022,387,hernaju01,26,SAS,PF,5,0,51,9.0,.451,.500,.667,8.2,22.8,15.4,6.9,0.9,1.6,20.5,8.1,0.0,0.1,0.1,.055,-2.4,-0.1,-2.5,0.0
2022,387,hernaju01,26,UTA,PF,17,9,298,14.5,.638,.658,.288,5.7,16.0,11.0,6.5,1.5,2.1,8.9,13.2,0.6,0.4,0.9,.149,1.5,0.7,2.2,0.3
2022,388,burketr01,29,DAL,PG,42,0,441,10.0,.475,.381,.107,1.0,7.3,4.2,20.7,1.4,0.0,10.4,25.6,-0.4,0.4,0.0,.003,-3.6,-1.4,-5.0,-0.3
2022,389,bryanth01,24,WAS,C,27,9,439,16.6,.607,.284,.270,6.7,20.4,13.6,7.9,0.7,4.1,10.3,18.7,0.7,0.4,1.1,.118,-0.4,-0.7,-1.0,0.1
2022,390,hugheel01,23,2TM,SG,36,4,434,5.4,.426,.660,.063,1.5,13.4,7.3,7.2,1.6,1.8,10.3,16.5,-0.6,0.3,-0.4,-0.043,-5.2,-1.7,-6.9,-0.5
2022,390,hugheel01,23,UTA,SF,14,1,112,10.5,.576,.778,.083,2.0,14.2,8.3,7.6,1.8,0.8,15.8,17.2,0.0,0.1,0.1,.063,-1.2,-0.3,-1.5,0.0
2022,390,hugheel01,23,POR,SG,22,3,322,3.7,.375,.620,.056,1.3,13.1,7.0,7.1,1.5,2.1,8.3,16.2,-0.7,0.1,-0.5,-0.079,-6.6,-2.3,-8.8,-0.6
2022,391,harrijo01,30,BRK,SF,14,14,423,9.6,.624,.710,.048,1.3,12.8,7.2,4.5,0.8,0.4,11.2,14.5,0.3,0.2,0.5,.060,-0.9,-0.5,-1.4,0.1
2022,392,willipa01,20,CHI,PF,17,9,422,12.7,.637,.284,.402,4.6,13.8,9.2,4.8,1.0,1.8,11.8,14.2,0.6,0.3,0.9,.099,-0.9,-0.7,-1.5,0.0
2022,393,sarrol01,22,OKC,C,22,2,421,14.0,.672,.287,.287,8.2,14.6,11.4,6.9,0.7,3.3,16.2,13.9,0.7,0.3,1.0,.117,-2.7,-1.3,-4.0,-0.2
2022,394,kanteen01,29,BOS,C,35,1,411,15.0,.585,.052,.289,16.5,25.4,21.0,2.7,0.6,3.1,15.5,13.9,0.6,0.7,1.4,.160,-1.2,-0.2,-1.4,0.1
2022,395,mamuksa01,22,MIL,PF,41,3,407,14.7,.618,.452,.191,9.3,12.0,10.7,7.4,1.1,2.1,10.7,14.6,0.8,0.3,1.1,.135,0.6,-1.0,-0.3,0.2
2022,396,ojelese01,27,2TM,PF,30,0,406,6.7,.438,.505,.293,7.2,12.0,9.7,2.9,0.8,1.4,7.5,12.8,-0.1,0.3,0.2,.029,-4.1,-1.6,-5.7,-0.4
2022,396,ojelese01,27,MIL,PF,20,0,308,5.0,.376,.586,.186,8.8,11.1,10.0,2.0,0.8,1.6,6.2,11.2,-0.1,0.2,0.1,.011,-4.9,-1.7,-6.6,-0.4
2022,396,ojelese01,27,LAC,PF,10,0,98,12.0,.569,.310,.552,2.2,14.7,8.6,5.8,1.0,0.9,10.0,18.0,0.1,0.1,0.2,.086,-1.7,-1.4,-3.1,0.0
2022,397,sharpda01,20,BRK,PF,32,8,391,20.7,.593,.047,.275,23.2,21.4,22.3,6.7,1.2,3.4,15.2,21.7,0.8,0.5,1.2,.152,-0.3,-2.5,-2.8,-0.1
2022,398,garzalu01,23,DET,C,32,5,389,15.6,.535,.333,.415,15.3,12.3,13.9,8.3,1.1,1.4,9.4,21.1,0.5,0.2,0.8,.093,-0.5,-2.0,-2.5,-0.1
2022,399,liveris01,23,DET,SF,19,5,383,11.1,.629,.711,.156,4.0,12.5,8.0,8.0,1.7,1.6,13.5,12.4,0.4,0.3,0.7,.085,-1.3,-0.2,-1.5,0.0
2022,400,clarkga01,27,NOP,PF,38,1,378,11.4,.547,.795,.114,6.6,20.1,13.2,6.4,1.7,1.8,9.8,11.6,0.3,0.4,0.7,.092,0.1,0.0,0.1,0.2
2022,401,millspa01,36,2TM,C,33,1,376,10.8,.458,.304,.209,12.3,20.7,16.6,10.4,1.3,3.1,13.1,16.7,0.0,0.5,0.5,.061,-3.7,0.2,-3.5,-0.1
2022,401,millspa01,36,BRK,C,24,0,270,11.2,.443,.318,.200,12.0,23.6,17.9,11.8,0.9,3.6,10.6,16.5,0.1,0.3,0.4,.069,-3.6,0.5,-3.1,-0.1
2022,401,millspa01,36,PHI,C,9,1,106,9.7,.499,.267,.233,12.9,13.5,13.2,6.8,2.4,1.7,19.5,17.4,0.0,0.1,0.1,.041,-4.1,-0.4,-4.5,-0.1
2022,402,mcbrimi01,21,NYK,PG,40,2,372,6.1,.393,.630,.111,1.1,11.2,6.1,15.9,1.9,0.3,4.2,13.9,-0.1,0.4,0.2,.032,-5.5,1.0,-4.5,-0.2
2022,403,chiozch01,26,GSW,PG,34,1,372,4.4,.407,.654,.037,2.7,7.7,5.3,22.5,1.7,0.0,28.0,13.4,-0.5,0.5,0.0,-0.004,-5.7,-0.2,-6.0,-0.4
2022,404,dienggo01,32,ATL,C,44,3,371,17.3,.624,.607,.232,9.5,26.1,17.8,12.7,1.5,3.1,13.9,16.9,0.8,0.4,1.2,.155,1.4,0.8,2.1,0.4
2022,405,richani01,24,CHO,C,50,5,367,15.9,.689,.000,.478,9.7,15.2,12.4,4.9,1.2,5.4,18.1,15.4,0.6,0.3,1.0,.125,-2.6,-0.2,-2.8,-0.1
2022,406,butleja02,21,UTA,SG,42,1,360,12.1,.509,.583,.106,1.6,11.8,6.8,26.0,2.3,2.0,17.3,23.1,0.0,0.5,0.4,.057,-2.3,0.7,-1.6,0.0
2022,407,aldamsa01,21,MEM,PF,32,0,360,10.2,.452,.364,.242,9.4,16.1,12.6,7.7,0.8,2.5,9.9,18.4,-0.1,0.4,0.3,.044,-4.2,-1.5,-5.7,-0.3
2022,408,fultzma01,23,ORL,PG,18,3,360,17.7,.517,.097,.177,1.2,13.2,7.2,48.9,2.7,1.3,17.5,27.5,0.0,0.4,0.4,.053,-0.1,0.4,0.2,0.2
2022,409,wainris01,27,PHO,PF,45,0,359,9.4,.494,.567,.115,8.3,7.9,8.1,5.3,2.7,1.5,10.6,14.7,0.0,0.6,0.6,.079,-3.0,1.0,-2.0,0.0
2022,410,gabriwe01,24,3TM,PF,26,5,358,12.5,.549,.255,.382,11.8,17.2,14.5,5.6,0.7,2.7,11.1,17.4,0.4,0.3,0.7,.090,-3.7,-2.1,-5.9,-0.4
2022,410,gabriwe01,24,BRK,PF,1,0,1,11.8,,,,0.0,100.0,54.5,0.0,0.0,0.0,,0.0,0.0,0.0,0.0,.167,-1.9,0.3,-1.6,0.0
2022,410,gabriwe01,24,LAC,PF,6,0,46,8.3,.474,.385,.308,11.9,20.1,16.1,6.0,1.1,3.7,16.9,17.0,0.0,0.1,0.0,.041,-6.6,-0.9,-7.5,-0.1
2022,410,gabriwe01,24,LAL,PF,19,5,311,13.1,.558,.237,.392,11.8,16.5,14.2,5.5,0.6,2.6,10.3,17.5,0.4,0.2,0.6,.096,-3.3,-2.3,-5.7,-0.3
2022,411,zelleco01,29,POR,C,27,0,355,17.2,.627,.044,.544,14.9,24.1,19.3,9.4,1.1,1.7,14.6,15.9,0.9,0.2,1.1,.143,-1.2,-1.0,-2.1,0.0
2022,412,blevike01,26,POR,SF,31,1,349,4.8,.410,.649,.099,4.9,9.5,7.1,7.7,1.8,0.3,12.8,16.5,-0.6,0.1,-0.5,-0.066,-5.6,-2.9,-8.5,-0.6
2022,413,chrisma01,24,DAL,PF,34,0,346,14.8,.518,.187,.246,10.6,22.5,16.5,7.7,1.9,3.1,10.3,21.5,0.2,0.6,0.8,.108,-3.8,0.0,-3.8,-0.2
2022,414,brownmo01,22,2TM,C,40,6,345,18.5,.612,.000,.667,12.7,30.5,21.7,0.4,1.0,4.2,12.5,20.7,0.5,0.7,1.2,.160,-2.4,-0.9,-3.3,-0.1
2022,414,brownmo01,22,DAL,C,26,1,169,15.5,.588,.000,.860,10.5,29.6,20.1,0.9,0.9,4.8,16.9,22.1,0.1,0.3,0.4,.111,-4.7,-0.2,-4.8,-0.1
2022,414,brownmo01,22,CLE,C,14,5,176,21.4,.636,.000,.500,14.8,31.4,23.2,0.0,1.1,3.5,7.8,19.3,0.4,0.3,0.8,.207,-0.2,-1.7,-1.9,0.0
2022,415,lewiski01,20,NOP,PG,24,0,341,9.8,.466,.397,.082,2.9,10.0,6.3,21.7,1.6,0.3,14.7,22.3,-0.3,0.2,-0.1,-0.017,-2.8,-1.2,-4.0,-0.2
2022,416,dukeda01,22,BRK,PG,22,7,341,10.0,.444,.343,.194,9.8,11.5,10.7,6.6,2.0,1.8,7.1,15.9,0.0,0.3,0.3,.048,-3.0,-0.9,-3.9,-0.2
2022,417,doziepj01,25,DEN,SG,18,0,340,8.7,.463,.485,.131,4.8,15.6,10.3,11.3,1.6,1.6,11.0,15.2,-0.1,0.4,0.3,.038,-3.0,1.0,-2.0,0.0
2022,418,culveja01,22,MEM,SG,37,0,338,8.7,.433,.348,.252,3.9,11.1,7.4,13.0,2.8,1.3,11.8,20.6,-0.4,0.5,0.1,.012,-5.7,0.3,-5.4,-0.3
2022,419,dunnkr01,27,POR,PG,14,3,336,12.5,.482,.108,.176,2.8,13.6,8.0,35.1,3.3,0.9,22.5,18.3,-0.1,0.3,0.2,.024,-4.6,-0.8,-5.4,-0.3
2022,420,thomais02,32,3TM,PG,22,1,333,12.0,.516,.497,.156,1.3,8.1,4.6,15.7,1.0,1.4,7.8,24.8,0.0,0.1,0.2,.026,-1.9,-2.6,-4.5,-0.2
2022,420,thomais02,32,LAL,PG,4,1,101,3.2,.422,.564,.282,1.1,7.4,4.3,8.1,0.0,1.8,10.2,20.8,-0.2,0.0,-0.2,-0.084,-6.0,-2.5,-8.5,-0.2
2022,420,thomais02,32,DAL,PG,1,0,13,12.6,.375,.375,.000,0.0,0.0,0.0,52.6,0.0,0.0,0.0,27.7,0.0,0.0,0.0,.006,-0.6,-3.7,-4.2,0.0
2022,420,thomais02,32,CHO,PG,17,0,219,16.0,.557,.483,.125,1.4,8.8,5.1,17.0,1.5,1.3,7.3,26.5,0.2,0.1,0.4,.078,-0.1,-2.6,-2.7,0.0
2022,421,wanambr01,32,2TM,PG,23,2,320,7.5,.472,.221,.325,2.1,11.6,6.8,22.4,1.1,1.6,20.7,14.9,-0.1,0.1,0.0,.004,-5.3,-0.5,-5.8,-0.3
2022,421,wanambr01,32,IND,PG,22,1,293,6.5,.465,.236,.306,2.2,11.2,6.7,21.4,0.8,1.8,22.0,15.3,-0.2,0.1,-0.1,-0.016,-5.6,-1.0,-6.6,-0.3
2022,421,wanambr01,32,WAS,PG,1,1,27,18.1,.554,.000,.600,0.0,16.2,8.2,33.9,3.7,0.0,0.0,10.4,0.1,0.0,0.1,.216,-1.8,4.7,2.9,0.0
2022,422,sextoco01,23,CLE,SG,11,11,316,11.2,.523,.298,.258,4.6,7.9,6.3,11.9,1.6,0.0,15.6,27.9,-0.4,0.3,-0.1,-0.009,-3.5,-0.7,-4.1,-0.2
2022,423,anderju01,28,2TM,SF,16,6,316,10.4,.493,.621,.200,1.4,15.0,8.1,14.2,1.2,1.7,7.2,15.1,0.2,0.2,0.4,.054,-1.9,-1.3,-3.2,-0.1
2022,423,anderju01,28,CLE,SF,3,0,47,10.7,.666,.750,.500,0.0,13.8,7.1,17.3,1.1,0.0,17.0,11.1,0.1,0.0,0.1,.124,-3.0,0.4,-2.6,0.0
2022,423,anderju01,28,IND,SF,13,6,269,10.3,.475,.609,.172,1.6,15.2,8.3,13.6,1.3,1.9,6.0,15.8,0.1,0.1,0.2,.041,-1.7,-1.6,-3.3,-0.1
2022,424,bouknja01,21,CHO,SG,31,0,304,10.1,.459,.348,.220,7.6,10.6,9.1,11.9,1.1,0.3,8.8,23.7,-0.1,0.1,0.0,.001,-3.4,-3.7,-7.1,-0.4
2022,425,robinju01,24,3TM,PG,25,0,304,3.6,.404,.656,.086,1.4,6.0,3.7,14.0,1.4,0.3,15.0,16.0,-0.5,0.2,-0.3,-0.055,-6.4,-1.3,-7.6,-0.4
2022,425,robinju01,24,MIL,PG,17,0,198,4.3,.415,.649,.035,1.1,5.8,3.5,13.7,1.9,0.0,16.0,14.8,-0.3,0.1,-0.1,-0.030,-6.3,-0.3,-6.6,-0.2
2022,425,robinju01,24,SAC,PG,3,0,15,-13.5,.125,.375,.000,0.0,7.3,3.6,17.3,0.0,0.0,11.1,25.8,-0.1,0.0,-0.1,-0.459,-18.5,-7.7,-26.2,-0.1
2022,425,robinju01,24,DET,PG,5,0,91,4.9,.457,.750,.214,2.3,6.3,4.2,14.3,0.5,1.0,14.0,16.8,-0.1,0.0,-0.1,-0.041,-4.7,-2.3,-6.9,-0.1
2022,426,reedpa01,22,PHI,C,38,2,302,21.4,.568,.083,.146,16.6,17.4,17.0,8.3,5.5,4.2,8.9,16.7,0.6,0.7,1.3,.212,-0.8,2.9,2.1,0.3
2022,427,morrima02,32,MIA,PF,17,1,298,10.9,.547,.342,.079,6.6,10.5,8.6,12.1,1.0,0.4,14.5,20.6,0.0,0.3,0.3,.054,-1.5,-0.4,-1.9,0.0
2022,428,lopezbr01,33,MIL,C,13,11,298,16.0,.570,.405,.176,6.9,11.9,9.4,3.0,1.3,4.8,7.8,21.9,0.3,0.3,0.7,.108,-0.7,-0.7,-1.3,0.1
2022,429,champju01,20,TOR,SF,36,0,281,13.6,.571,.418,.134,13.5,14.3,13.9,5.4,1.4,1.4,10.1,12.0,0.5,0.3,0.8,.138,-1.3,-0.7,-2.0,0.0
2022,430,knighna01,24,MIN,PF,37,2,267,18.7,.603,.148,.682,12.5,21.8,17.1,11.9,1.2,2.9,13.6,20.7,0.6,0.3,1.0,.171,-0.7,0.1,-0.6,0.1
2022,431,portemi01,23,DEN,SF,9,9,265,7.5,.416,.466,.087,3.9,20.4,12.4,8.9,1.9,0.7,10.1,19.7,-0.5,0.3,-0.2,-0.032,-3.9,0.5,-3.5,-0.1
2022,432,thorjt01,19,CHO,PF,33,0,262,9.7,.525,.491,.364,4.4,13.1,8.7,9.2,1.5,4.0,13.6,12.0,0.1,0.2,0.3,.058,-3.1,0.1,-3.0,-0.1
2022,433,nixda01,19,HOU,SG,24,0,261,8.1,.480,.388,.448,2.9,11.0,6.9,21.5,2.7,0.0,24.5,17.3,-0.3,0.1,-0.2,-0.033,-5.4,-1.0,-6.4,-0.3
2022,434,okpalkz01,22,MIA,PF,21,0,244,10.4,.521,.377,.159,5.2,13.7,9.5,8.3,0.8,3.0,6.3,14.4,0.2,0.3,0.5,.097,-3.2,0.4,-2.8,-0.1
2022,435,bolmale01,21,MIN,SF,35,2,241,5.4,.419,.333,.241,6.9,12.3,9.6,11.0,1.2,0.0,17.9,12.6,-0.1,0.2,0.0,.004,-5.1,-0.7,-5.8,-0.2
2022,436,garubus01,19,HOU,PF,24,2,240,12.9,.510,.455,.159,9.6,28.7,19.1,9.6,2.0,4.1,11.3,9.4,0.2,0.3,0.5,.105,-1.8,0.9,-0.9,0.1
2022,437,hoardja01,22,OKC,SF,7,5,240,18.0,.536,.278,.156,12.7,23.5,18.0,11.6,1.2,1.9,7.7,18.7,0.3,0.3,0.6,.118,1.2,-2.1,-0.9,0.1
2022,438,muldemy01,27,2TM,PG,17,3,239,3.7,.438,.701,.052,0.9,9.8,5.3,3.0,0.8,0.8,9.2,15.8,-0.4,0.1,-0.2,-0.050,-5.9,-1.8,-7.7,-0.3
2022,438,muldemy01,27,ORL,PG,15,2,195,2.1,.405,.687,.030,1.1,10.3,5.7,2.2,1.0,0.5,10.5,16.8,-0.5,0.1,-0.4,-0.091,-6.9,-1.7,-8.6,-0.3
2022,438,muldemy01,27,MIA,PG,2,1,44,10.7,.643,.800,.200,0.0,7.6,3.9,6.3,0.0,2.4,0.0,11.0,0.1,0.0,0.1,.132,-1.3,-2.6,-3.9,0.0
2022,439,laymaja01,27,MIN,SF,34,1,231,9.0,.500,.479,.247,2.7,14.3,8.4,5.3,1.4,2.1,11.0,16.4,-0.1,0.2,0.1,.024,-3.3,-0.6,-3.9,-0.1
2022,440,valende01,28,2TM,SG,24,0,222,8.1,.523,.712,.000,4.6,16.1,10.4,7.0,1.8,0.0,15.4,15.5,-0.1,0.3,0.2,.039,-3.1,0.4,-2.7,0.0
2022,440,valende01,28,CLE,SG,22,0,204,8.4,.516,.710,.000,5.0,15.4,10.3,7.6,1.7,0.0,13.9,15.6,-0.1,0.2,0.2,.045,-2.7,0.3,-2.4,0.0
2022,440,valende01,28,UTA,SG,2,0,18,4.2,.625,.750,.000,0.0,23.5,12.2,0.0,2.7,0.0,33.3,14.5,0.0,0.0,0.0,-0.026,-8.1,1.6,-6.5,0.0
2022,441,knoxke01,22,2TM,SF,30,0,222,10.9,.491,.635,.259,6.8,14.8,10.7,6.5,0.9,0.8,6.9,20.0,0.1,0.2,0.2,.047,-1.9,-2.2,-4.1,-0.1
2022,441,knoxke01,22,NYK,SF,13,0,111,11.6,.529,.700,.250,7.6,13.8,10.7,4.2,0.9,0.9,10.1,19.5,0.0,0.1,0.1,.062,0.5,-1.9,-1.4,0.0
2022,441,knoxke01,22,ATL,SF,17,0,111,10.1,.457,.578,.267,5.9,15.7,10.8,8.8,0.9,0.8,3.8,20.6,0.0,0.1,0.1,.031,-4.4,-2.5,-6.9,-0.1
2022,442,mayssk01,24,ATL,SG,28,5,220,11.7,.589,.391,.141,2.5,9.9,6.2,10.8,1.6,0.0,12.8,15.5,0.2,0.1,0.3,.061,-1.2,-0.8,-2.0,0.0
2022,443,kalaige01,23,2TM,SF,13,4,214,8.6,.536,.388,.448,3.0,7.3,5.1,8.8,2.5,0.9,20.0,20.2,-0.3,0.2,-0.1,-0.024,-5.1,-1.9,-7.0,-0.3
2022,443,kalaige01,23,MIL,SF,9,0,48,5.8,.535,.364,.818,9.0,8.7,8.8,0.0,1.0,2.0,21.1,16.9,0.0,0.0,0.0,-0.010,-5.8,-2.1,-7.9,-0.1
2022,443,kalaige01,23,OKC,SF,4,4,166,9.4,.536,.393,.375,1.2,6.9,4.0,11.4,2.9,0.6,19.7,21.1,-0.2,0.2,-0.1,-0.028,-4.9,-1.9,-6.8,-0.2
2022,444,hillma01,26,2TM,SG,19,0,212,12.7,.619,.692,.269,5.8,12.6,9.2,5.0,1.6,1.2,4.9,12.7,0.4,0.2,0.6,.126,-1.1,-0.5,-1.6,0.0
2022,444,hillma01,26,ATL,SG,3,0,46,19.0,.871,.625,.500,4.8,9.5,7.1,2.9,4.3,1.9,0.0,9.3,0.2,0.1,0.2,.252,0.3,3.5,3.8,0.1
2022,444,hillma01,26,CHI,SF,16,0,166,11.0,.568,.705,.227,6.1,13.5,9.8,5.6,0.9,1.0,5.8,13.6,0.2,0.1,0.3,.091,-1.5,-1.6,-3.1,0.0
2022,445,fraziti01,31,2TM,PG,12,3,208,3.3,.398,.378,.200,2.5,7.1,4.8,22.5,0.7,0.4,23.5,13.3,-0.3,0.1,-0.2,-0.046,-6.8,-1.8,-8.6,-0.3
2022,445,fraziti01,31,ORL,PG,10,3,200,3.8,.394,.395,.209,2.6,7.4,5.0,22.6,0.7,0.5,21.7,13.0,-0.2,0.1,-0.2,-0.037,-6.4,-1.7,-8.0,-0.3
2022,445,fraziti01,31,CLE,PG,2,0,8,-10.3,.500,.000,.000,0.0,0.0,0.0,17.9,0.0,0.0,50.0,22.1,-0.1,0.0,0.0,-0.283,-17.8,-5.8,-23.6,0.0
2022,446,mckinal01,29,CHI,SF,17,3,206,5.6,.457,.443,.131,7.1,10.9,9.0,3.2,0.5,1.3,9.8,15.3,-0.2,0.1,-0.1,-0.015,-5.6,-3.4,-9.0,-0.4
2022,447,wieskjo01,22,SAS,SG,29,0,205,7.1,.494,.768,.232,2.0,5.2,3.6,5.5,0.9,1.2,3.1,13.1,0.1,0.1,0.1,.035,-2.9,-1.1,-3.9,-0.1
2022,448,davised01,32,CLE,C,31,3,201,9.3,.632,.000,.875,7.9,26.9,17.6,4.5,0.7,4.0,18.4,6.0,0.2,0.3,0.5,.126,-4.2,2.5,-1.8,0.0
2022,449,cookty01,24,CHI,PF,20,2,200,13.0,.643,.000,.842,9.1,20.7,14.9,2.0,1.0,1.7,11.8,13.0,0.4,0.2,0.5,.127,-3.0,-1.1,-4.1,-0.1
2022,450,smartja01,22,2TM,PG,17,1,200,5.1,.407,.450,.100,2.7,10.0,6.5,10.4,1.5,1.5,14.9,15.9,-0.3,0.2,-0.2,-0.038,-5.9,-0.8,-6.6,-0.2
2022,450,smartja01,22,MIL,PG,13,1,160,2.5,.340,.419,.140,2.7,9.7,6.3,10.9,1.2,1.2,16.5,14.6,-0.4,0.1,-0.2,-0.071,-7.3,-0.8,-8.1,-0.2
2022,450,smartja01,22,MIA,PG,4,0,40,15.6,.588,.529,.000,2.9,11.2,7.1,8.1,2.5,2.6,10.5,21.1,0.0,0.1,0.1,.094,-0.2,-0.7,-0.9,0.0
2022,451,wiggili01,23,MIL,PG,19,0,199,10.2,.524,.426,.574,1.6,11.5,6.7,15.7,1.2,0.5,13.6,19.0,0.0,0.1,0.2,.044,-3.2,-1.9,-5.0,-0.2
2022,452,keybr01,24,2TM,SF,11,0,197,13.7,.508,.292,.181,6.8,21.4,13.7,8.9,2.5,5.0,12.4,19.4,-0.1,0.3,0.2,.052,-3.8,0.6,-3.3,-0.1
2022,452,keybr01,24,PHI,SF,2,0,6,9.0,.500,.500,.000,18.9,18.3,18.6,25.7,8.3,0.0,50.0,29.9,0.0,0.0,0.0,-0.169,-9.5,3.3,-6.2,0.0
2022,452,keybr01,24,DET,SF,9,0,191,13.9,.508,.286,.186,6.5,21.5,13.6,8.4,2.3,5.2,10.6,19.0,0.0,0.3,0.2,.059,-3.7,0.5,-3.2,-0.1
2022,453,azubuud01,22,UTA,C,17,6,195,17.6,.743,.000,.224,10.5,28.8,19.9,0.0,0.3,5.0,18.2,14.7,0.3,0.3,0.6,.157,-1.8,0.4,-1.4,0.0
2022,454,monrogr01,31,4TM,C,14,0,195,19.5,.566,.000,.404,16.9,18.8,17.7,16.2,2.0,4.8,15.2,17.3,0.4,0.3,0.7,.169,-0.3,0.7,0.4,0.1
2022,454,monrogr01,31,MIN,C,4,0,81,18.9,.578,.000,.318,7.8,24.4,15.9,28.1,2.3,7.1,21.8,16.6,0.1,0.1,0.3,.149,-0.3,4.8,4.5,0.1
2022,454,monrogr01,31,WAS,C,2,0,18,25.1,.500,.000,.000,43.8,18.2,30.8,9.0,2.7,4.7,20.0,24.7,0.0,0.0,0.1,.135,-0.1,-4.3,-4.4,0.0
2022,454,monrogr01,31,MIL,C,5,0,70,16.0,.520,.000,.409,17.0,14.8,15.9,4.0,2.1,2.8,10.4,17.7,0.1,0.1,0.2,.119,-2.2,-2.3,-4.5,0.0
2022,454,monrogr01,31,UTA,C,3,0,26,27.0,.743,.000,1.400,26.1,12.2,19.0,16.7,0.0,3.4,0.0,13.5,0.2,0.0,0.2,.390,4.6,-0.3,4.4,0.0
2022,455,diakima01,25,OKC,PF,13,3,188,11.6,.540,.106,.234,9.2,23.3,16.1,1.6,1.3,4.5,11.9,13.5,0.1,0.3,0.3,.080,-5.9,0.9,-5.0,-0.1
2022,456,perryre01,21,2TM,PF,10,1,187,15.6,.537,.203,.190,8.5,19.5,13.8,11.1,2.4,3.2,11.4,22.4,0.1,0.2,0.2,.058,-3.1,-1.0,-4.1,-0.1
2022,456,perryre01,21,POR,PF,9,1,177,16.2,.532,.205,.192,9.0,20.0,14.3,11.7,2.5,3.3,11.5,23.4,0.0,0.2,0.2,.057,-2.8,-1.0,-3.8,-0.1
2022,456,perryre01,21,IND,PF,1,0,10,4.2,1.000,.000,.000,0.0,11.3,5.6,0.0,0.0,0.0,0.0,4.3,0.0,0.0,0.0,.077,-7.7,-1.2,-8.9,0.0
2022,457,guyky01,24,MIA,SG,19,0,186,9.5,.526,.615,.185,2.5,7.8,5.2,13.5,1.9,0.6,15.6,19.9,-0.1,0.2,0.1,.035,-3.1,-0.3,-3.4,-0.1
2022,458,caulewi01,28,2TM,C,20,2,183,8.3,.474,.057,.057,7.9,16.4,12.2,7.5,1.7,1.5,16.3,10.6,0.0,0.3,0.2,.066,-4.1,1.1,-3.0,0.0
2022,458,caulewi01,28,DAL,C,18,2,177,8.4,.474,.057,.057,8.2,15.7,11.9,7.0,1.7,1.5,16.3,10.9,0.0,0.2,0.2,.063,-4.1,0.9,-3.1,0.0
2022,458,caulewi01,28,PHI,C,2,0,6,4.2,,,,0.0,36.6,18.6,20.4,0.0,0.0,,0.0,0.0,0.0,0.0,.136,-4.6,5.8,1.2,0.0
2022,459,kaminfr01,28,PHO,C,9,0,181,21.3,.635,.227,.303,6.7,17.3,12.1,10.1,2.1,3.4,6.3,19.0,0.5,0.3,0.9,.228,2.4,2.5,4.9,0.3
2022,460,brownch02,24,2TM,SG,22,2,177,6.5,.346,.308,.256,9.0,11.2,10.1,4.5,2.8,2.0,10.3,12.3,-0.2,0.2,0.0,.012,-5.2,0.4,-4.8,-0.1
2022,460,brownch02,24,DAL,SG,3,0,15,5.1,.200,.600,.000,0.0,7.4,3.7,8.9,6.7,6.0,0.0,15.0,-0.1,0.0,0.0,-0.050,-7.7,5.1,-2.6,0.0
2022,460,brownch02,24,PHI,SG,19,2,162,6.6,.365,.265,.294,9.8,11.5,10.7,4.1,2.5,1.7,11.5,12.0,-0.1,0.2,0.1,.018,-5.0,-0.1,-5.0,-0.1
2022,461,howarma02,22,DEN,SG,31,0,176,16.1,.567,.693,.228,1.3,6.1,3.8,6.2,2.5,0.0,5.9,29.4,0.1,0.2,0.3,.082,0.8,-2.0,-1.2,0.0
2022,462,cancavl01,24,DEN,PF,15,1,176,12.7,.657,.293,.341,5.2,14.1,9.8,13.2,0.6,1.5,16.0,14.0,0.3,0.1,0.4,.114,-0.9,-0.9,-1.7,0.0
2022,463,pickeja01,24,DET,PF,13,0,176,7.6,.491,.780,.040,3.5,16.8,9.8,5.8,0.0,3.6,8.9,13.6,0.0,0.1,0.1,.015,-2.8,-2.1,-5.0,-0.1
2022,464,simpsza01,24,OKC,PG,4,4,174,7.7,.406,.154,.096,1.2,11.4,6.2,25.2,1.4,2.1,15.6,15.9,-0.2,0.1,-0.1,-0.018,-6.0,-1.9,-7.9,-0.3
2022,465,oladivi01,29,MIA,SG,8,1,173,16.8,.608,.493,.260,2.0,12.9,7.5,26.3,1.4,0.6,16.4,25.1,0.2,0.2,0.4,.124,1.8,-0.5,1.3,0.1
2022,466,graveha01,25,ORL,PG,8,3,171,10.1,.629,.684,.105,0.6,12.4,6.5,17.0,1.4,0.5,18.5,12.3,0.1,0.1,0.3,.071,-2.4,0.2,-2.3,0.0
2022,467,bassech01,21,PHI,C,23,0,168,21.5,.660,.085,.255,14.9,26.1,20.6,6.5,1.5,9.1,13.3,16.1,0.4,0.3,0.8,.220,-0.4,2.1,1.7,0.2
2022,468,johnsal02,25,3TM,PF,23,0,167,10.7,.463,.103,.308,18.8,22.1,20.4,7.1,1.5,0.0,21.3,14.8,0.0,0.1,0.1,.041,-3.6,-1.8,-5.5,-0.1
2022,468,johnsal02,25,CHI,PF,16,0,121,10.2,.537,.087,.304,15.0,18.5,16.7,8.6,1.2,0.0,23.5,12.4,0.1,0.1,0.2,.063,-3.4,-0.6,-4.0,-0.1
2022,468,johnsal02,25,WAS,PF,3,0,18,5.7,.311,.333,.167,31.3,42.4,36.9,0.0,0.0,0.0,31.8,23.3,-0.1,0.0,-0.1,-0.183,-7.7,-8.3,-16.1,-0.1
2022,468,johnsal02,25,NOP,PF,4,0,28,15.9,.383,.000,.400,27.1,24.3,25.7,4.9,3.5,0.0,7.8,19.6,0.0,0.0,0.1,.088,-1.9,-3.0,-4.8,0.0
2022,469,pangoke01,29,CLE,PG,24,3,166,6.5,.408,.565,.087,1.4,5.9,3.7,24.6,0.9,0.0,12.8,14.6,-0.1,0.1,0.1,.016,-4.7,-1.4,-6.1,-0.2
2022,470,highsha01,25,MIA,SF,19,1,163,7.0,.446,.609,.109,7.1,10.9,9.0,5.1,0.6,1.9,5.9,14.0,0.0,0.2,0.1,.041,-3.3,-1.3,-4.6,-0.1
2022,471,hausesa01,24,BOS,SF,26,0,158,14.8,.650,.880,.000,3.5,16.0,9.9,9.1,0.3,1.2,3.8,14.5,0.4,0.2,0.6,.171,2.7,-0.3,2.3,0.2
2022,472,watsopa01,27,OKC,SF,9,3,156,5.7,.432,.743,.057,1.9,16.1,8.9,7.2,0.9,1.8,10.0,11.0,-0.1,0.1,0.0,.001,-4.8,-0.6,-5.4,-0.1
2022,473,stanlca01,22,DET,SG,9,1,155,8.0,.516,.370,.217,3.3,10.3,6.6,3.9,1.6,1.2,10.6,15.6,0.0,0.1,0.1,.021,-4.9,-1.0,-5.8,-0.2
2022,474,fernabr01,23,2TM,C,30,0,152,21.2,.671,.036,.436,13.0,26.6,19.8,7.5,0.3,6.5,17.6,22.4,0.2,0.2,0.4,.140,-0.4,0.2,-0.1,0.1
2022,474,fernabr01,23,BOS,C,20,0,58,12.6,.586,.071,.357,13.4,14.6,14.0,9.6,0.0,4.7,23.6,16.1,0.0,0.1,0.1,.102,-3.2,0.4,-2.8,0.0
2022,474,fernabr01,23,HOU,C,10,0,94,26.5,.699,.024,.463,12.8,34.1,23.4,6.3,0.5,7.6,15.4,26.3,0.2,0.1,0.3,.164,1.3,0.2,1.5,0.1
2022,475,pinsoth01,26,DAL,SF,19,0,148,11.9,.553,.769,.256,1.5,14.3,7.9,15.9,1.7,1.2,10.3,14.7,0.2,0.2,0.4,.122,-1.5,1.0,-0.5,0.1
2022,476,naderab01,28,PHO,SF,14,0,145,4.9,.431,.400,.286,3.0,16.6,10.0,5.9,2.7,2.5,21.8,15.0,-0.3,0.3,0.0,-0.009,-7.1,2.2,-4.9,-0.1
2022,477,cannade01,25,ORL,PG,5,0,145,8.6,.531,.841,.159,0.7,3.7,2.2,10.0,1.7,1.9,9.6,15.5,0.0,0.1,0.1,.033,-2.8,-0.4,-3.2,0.0
2022,478,hillso01,30,ATL,SF,13,1,139,3.3,.200,.650,.000,4.8,13.3,9.1,10.3,1.4,1.3,4.8,6.6,-0.1,0.1,0.0,-0.006,-5.2,1.2,-4.0,-0.1
2022,479,moonxa01,27,LAC,SG,10,0,137,16.2,.545,.275,.098,1.6,9.0,5.4,27.0,2.5,1.9,10.1,19.0,0.2,0.2,0.3,.121,-1.1,1.0,-0.1,0.1
2022,480,ramseja01,20,SAC,SG,19,0,134,7.9,.468,.310,.241,3.2,7.4,5.3,7.9,0.4,0.6,7.2,22.2,-0.1,0.0,-0.1,-0.048,-3.5,-3.4,-6.9,-0.2
2022,481,louzama01,22,2TM,SF,9,1,129,6.4,.517,.697,.061,4.1,10.6,7.2,5.3,0.8,1.5,12.9,13.0,0.0,0.0,0.0,-0.005,-4.1,-3.4,-7.5,-0.2
2022,481,louzama01,22,NOP,SF,2,0,7,-1.2,.000,1.000,.000,31.0,0.0,15.8,17.1,0.0,0.0,0.0,18.4,0.0,0.0,0.0,-0.238,-4.1,-8.4,-12.5,0.0
2022,481,louzama01,22,POR,SG,7,1,122,6.8,.567,.667,.067,2.6,11.2,6.8,4.7,0.8,1.6,13.9,12.7,0.0,0.0,0.0,.008,-4.1,-3.1,-7.2,-0.2
2022,482,marjabo01,33,DAL,C,23,0,128,18.5,.615,.057,.314,6.9,27.0,16.9,4.8,0.0,2.1,15.8,33.3,-0.1,0.2,0.1,.045,-3.2,-1.2,-4.4,-0.1
2022,483,garrema01,23,MIA,SG,12,0,128,4.7,.280,.190,.238,8.1,12.2,10.2,7.0,2.0,2.5,7.9,8.8,-0.1,0.2,0.1,.032,-6.4,1.0,-5.4,-0.1
2022,484,scrubja01,21,LAC,SG,18,0,121,9.3,.486,.457,.217,1.8,11.9,7.0,9.7,1.6,2.1,12.2,20.8,-0.1,0.1,0.0,.002,-4.4,-0.4,-4.8,-0.1
2022,485,cacokde01,25,SAS,PF,15,0,121,20.2,.675,.000,.226,6.9,29.7,18.2,6.9,3.2,4.9,8.1,12.9,0.3,0.3,0.5,.206,0.7,3.5,4.2,0.2
2022,486,johnsja05,20,ATL,PF,22,0,120,11.3,.590,.317,.171,1.8,21.8,11.9,3.7,1.2,1.5,17.0,19.3,-0.1,0.1,0.0,.013,-3.9,-1.1,-4.9,-0.1
2022,487,quetane01,22,SAC,C,15,0,120,12.7,.495,.000,.447,12.6,15.6,14.1,7.2,0.4,5.8,11.7,18.4,0.0,0.1,0.1,.051,-4.1,-1.0,-5.1,-0.1
2022,488,frazime01,25,OKC,SG,3,0,120,-0.4,.313,.438,.146,4.2,7.0,5.6,1.2,0.4,0.0,5.5,19.5,-0.4,0.0,-0.4,-0.160,-9.7,-6.7,-16.4,-0.4
2022,489,gillefr01,24,ORL,PF,9,2,119,9.5,.419,.045,.318,11.5,20.5,16.0,5.9,1.2,6.9,16.6,10.9,-0.1,0.2,0.1,.049,-5.6,1.0,-4.6,-0.1
2022,490,parkeja01,26,BOS,PF,12,0,112,14.8,.632,.421,.237,5.0,21.7,13.5,7.9,1.8,0.8,16.0,19.6,0.1,0.2,0.3,.141,-0.3,1.1,0.7,0.1
2022,491,waltode01,26,DET,PG,3,3,108,5.9,.342,.500,.154,1.9,8.4,5.0,26.4,3.2,3.3,28.4,15.4,-0.3,0.1,-0.2,-0.071,-5.3,1.0,-4.3,-0.1
2022,492,dowtije01,24,3TM,PG,9,0,108,6.8,.353,.346,.077,7.9,9.8,8.9,12.7,2.2,0.9,15.7,12.8,-0.1,0.1,0.0,-0.010,-5.7,0.1,-5.6,-0.1
2022,492,dowtije01,24,GSW,PG,4,0,28,9.5,.500,.167,.000,4.0,22.7,13.7,14.6,0.0,3.4,14.3,10.9,0.0,0.0,0.1,.089,-4.3,0.7,-3.6,0.0
2022,492,dowtije01,24,MIL,PG,1,0,3,-12.9,.000,1.000,.000,0.0,0.0,0.0,0.0,0.0,0.0,0.0,14.2,0.0,0.0,0.0,-0.344,-15.7,-6.9,-22.6,0.0
2022,492,dowtije01,24,ORL,PG,4,0,77,6.5,.327,.368,.105,9.6,5.5,7.5,12.5,3.1,0.0,16.8,13.4,-0.1,0.1,-0.1,-0.033,-5.8,0.2,-5.6,-0.1
2022,493,gallola01,30,2TM,SG,7,0,107,0.7,.269,.615,.000,3.1,14.7,9.0,13.7,0.4,0.0,18.8,12.8,-0.3,0.1,-0.2,-0.100,-8.0,-1.8,-9.8,-0.2
2022,493,gallola01,30,BRK,SG,4,0,58,1.8,.462,.615,.000,1.9,12.8,7.5,11.0,0.0,0.0,27.8,13.3,-0.1,0.0,-0.1,-0.072,-7.7,-2.8,-10.4,-0.1
2022,493,gallola01,30,MIL,SG,3,0,49,-0.6,.077,.615,.000,4.4,17.0,10.8,16.9,1.0,0.0,7.1,12.2,-0.2,0.0,-0.1,-0.133,-8.5,-0.6,-9.1,-0.1
2022,494,kinglo02,22,SAC,SF,10,0,104,8.1,.438,.574,.213,0.0,12.7,6.3,12.5,0.9,0.8,0.0,21.2,0.0,0.0,0.0,.000,-3.0,-1.6,-4.6,-0.1
2022,495,brownch05,23,2TM,SF,5,2,104,6.4,.447,.563,.188,1.1,15.7,8.4,5.1,0.9,0.0,2.8,14.9,0.0,0.0,0.0,.002,-4.3,-2.4,-6.6,-0.1
2022,495,brownch05,23,LAL,SF,2,0,21,-8.7,.143,.429,.000,0.0,10.2,5.1,0.0,0.0,0.0,12.5,16.4,-0.1,0.0,-0.1,-0.306,-11.6,-5.0,-16.6,-0.1
2022,495,brownch05,23,ATL,SG,3,2,83,10.3,.525,.600,.240,1.3,17.0,9.2,6.4,1.2,0.0,0.0,14.6,0.1,0.0,0.1,.080,-2.4,-1.7,-4.1,0.0
2022,496,kornelu01,26,3TM,C,15,0,103,16.6,.506,.185,.222,14.0,16.4,15.2,12.4,1.4,2.6,0.0,12.7,0.2,0.2,0.4,.194,-0.9,0.4,-0.5,0.0
2022,496,kornelu01,26,CLE,C,2,0,15,8.7,.316,.200,.600,15.1,7.2,11.1,8.8,0.0,5.9,0.0,18.6,0.0,0.0,0.0,.008,-6.7,-3.2,-9.9,0.0
2022,496,kornelu01,26,MIL,C,1,0,3,-5.0,.000,.000,.000,36.1,0.0,17.7,0.0,0.0,0.0,0.0,14.2,0.0,0.0,0.0,-0.154,-14.2,-10.5,-24.7,0.0
2022,496,kornelu01,26,BOS,C,12,0,85,18.8,.582,.190,.143,13.0,18.6,15.9,13.5,1.8,2.1,0.0,11.6,0.3,0.2,0.4,.239,0.6,1.4,2.1,0.1
2022,497,silvach01,25,2TM,PF,10,0,91,11.6,.641,.000,.800,16.5,28.2,22.4,10.6,0.0,1.2,28.3,13.8,0.1,0.1,0.3,.137,-5.0,0.1,-4.9,-0.1
2022,497,silvach01,25,MIN,PF,1,0,3,3.8,,,,0.0,36.6,17.9,0.0,0.0,0.0,,0.0,0.0,0.0,0.0,.052,-5.3,-0.5,-5.8,0.0
2022,497,silvach01,25,MIA,PF,9,0,88,11.9,.641,.000,.800,17.0,27.9,22.6,10.9,0.0,1.2,28.3,14.3,0.1,0.1,0.3,.140,-5.0,0.1,-4.9,-0.1
2022,498,johnsty01,29,2TM,PG,6,0,91,7.1,.425,.650,.000,3.5,10.7,7.1,9.5,1.6,2.8,9.1,10.5,0.0,0.1,0.1,.033,-3.9,0.8,-3.0,0.0
2022,498,johnsty01,29,PHI,PG,3,0,38,9.4,.550,.700,.000,3.0,14.4,8.8,7.4,1.3,2.4,9.1,13.0,0.0,0.0,0.1,.072,-2.4,0.5,-2.0,0.0
2022,498,johnsty01,29,SAS,PG,3,0,53,5.5,.300,.600,.000,3.9,8.0,5.9,11.0,1.8,3.2,9.1,8.8,0.0,0.0,0.0,.006,-4.9,1.1,-3.8,0.0
2022,499,dotsode01,22,CHI,PG,11,0,85,9.8,.538,.391,.391,1.3,10.5,6.0,23.9,0.6,0.0,15.6,16.6,0.1,0.0,0.1,.048,-3.4,-1.5,-4.9,-0.1
2022,500,hasleud01,41,MIA,C,13,0,83,8.6,.495,.129,.097,5.6,28.2,17.1,7.4,0.6,1.3,13.4,20.0,-0.1,0.1,0.1,.033,-6.4,-0.7,-7.1,-0.1
2022,501,iwundwe01,27,ATL,SF,3,1,82,7.1,.557,.278,.222,4.0,13.3,8.7,0.0,0.6,0.0,4.8,11.1,0.1,0.0,0.1,.046,-4.1,-2.7,-6.8,-0.1
2022,502,bolbo01,22,DEN,PF,14,0,81,13.5,.565,.148,.185,5.7,21.4,13.8,9.1,0.6,2.2,12.0,18.0,0.0,0.1,0.1,.065,-0.5,-0.4,-1.0,0.0
2022,503,edwarca01,23,DET,SG,4,0,79,5.5,.378,.533,.033,2.6,5.8,4.1,26.2,1.2,0.0,14.1,19.2,-0.1,0.0,-0.1,-0.075,-6.0,-3.4,-9.3,-0.1
2022,504,arcidry01,27,NYK,PG,10,0,76,6.1,.667,.750,.000,0.0,11.5,5.7,7.5,0.7,0.0,20.0,8.6,0.0,0.1,0.1,.052,-4.6,0.0,-4.6,-0.1
2022,505,wallaty01,27,NOP,SG,6,0,75,2.5,.383,.400,.250,0.0,12.1,5.9,1.8,2.0,1.3,8.3,13.9,-0.2,0.1,-0.1,-0.057,-7.7,-0.6,-8.2,-0.1
2022,506,toddis01,20,WAS,PF,12,0,74,4.7,.349,.615,.231,4.6,13.3,9.0,7.3,2.7,2.3,12.3,19.6,-0.2,0.1,-0.2,-0.104,-5.7,-1.2,-6.9,-0.1
2022,507,queentr01,24,HOU,SG,10,0,74,18.2,.619,.727,.121,10.3,13.4,11.9,8.8,3.2,1.2,16.8,23.9,0.1,0.1,0.1,.080,2.7,-0.8,1.9,0.1
2022,508,fordal03,24,ORL,SF,5,0,74,0.5,.350,.750,.000,2.8,18.6,10.7,3.8,0.7,0.0,16.7,14.0,-0.2,0.1,-0.2,-0.103,-9.1,-2.2,-11.4,-0.2
2022,509,weathqu01,25,GSW,SG,11,0,73,12.0,.647,.238,.238,3.1,17.4,10.5,10.1,0.7,1.3,11.5,15.7,0.1,0.1,0.2,.148,-4.5,0.1,-4.4,0.0
2022,510,ponsyv01,22,MEM,SF,12,0,71,5.9,.385,.563,.125,7.2,10.6,8.8,1.7,0.7,5.0,5.6,10.3,0.0,0.1,0.0,.030,-4.9,-1.7,-6.6,-0.1
2022,511,tuckera01,24,2TM,SG,5,0,71,17.7,.869,.556,.778,4.7,7.5,6.1,18.1,2.7,0.0,7.6,7.9,0.3,0.1,0.4,.243,2.3,1.2,3.5,0.1
2022,511,tuckera01,24,DEN,SG,3,0,29,13.6,.798,1.000,2.000,4.0,11.2,7.7,16.7,1.7,0.0,0.0,5.7,0.1,0.0,0.1,.213,0.6,1.3,1.9,0.0
2022,511,tuckera01,24,MIL,SG,2,0,42,20.5,.901,.429,.429,5.2,4.9,5.1,19.1,3.4,0.0,10.7,9.5,0.2,0.0,0.2,.264,3.5,1.1,4.6,0.1
2022,512,bongais01,22,TOR,SF,15,0,69,8.7,.363,.308,.615,6.0,5.0,5.5,7.3,5.8,2.8,10.8,11.5,-0.1,0.1,0.1,.060,-5.4,5.0,-0.4,0.0
2022,513,knighbr03,30,DAL,PG,5,0,65,13.0,.561,.680,.320,0.0,13.7,6.8,18.6,0.8,0.0,12.3,22.5,0.1,0.1,0.1,.091,-2.7,-1.9,-4.6,0.0
2022,514,johnsbj01,26,ORL,SF,4,0,65,12.1,.520,.400,.000,9.7,14.7,12.2,0.0,0.0,1.4,0.0,16.7,0.1,0.0,0.1,.065,-0.7,-3.9,-4.7,0.0
2022,515,joneska01,21,CHO,C,21,0,63,9.2,.628,.143,.571,5.0,13.7,9.2,8.6,0.8,3.0,25.5,15.9,0.0,0.0,0.0,.009,-5.2,-1.4,-6.6,-0.1
2022,516,nembhrj01,22,CLE,SG,14,0,63,8.0,.380,.111,.222,5.4,6.9,6.1,26.1,0.8,0.0,13.2,16.0,0.0,0.0,0.0,.010,-4.4,-1.5,-6.0,-0.1
2022,517,fittsma01,24,2TM,PF,15,0,63,10.7,.553,.526,.000,3.5,25.2,14.7,12.7,0.0,0.0,9.5,14.6,0.1,0.1,0.1,.097,-0.6,-0.5,-1.1,0.0
2022,517,fittsma01,24,UTA,PF,7,0,35,-1.6,.333,.444,.000,0.0,30.3,15.6,0.0,0.0,0.0,18.2,13.7,-0.1,0.0,-0.1,-0.104,-7.9,-1.9,-9.8,-0.1
2022,517,fittsma01,24,BOS,PF,8,0,28,26.1,.750,.600,.000,7.9,18.8,13.5,28.6,0.0,0.0,0.0,15.7,0.2,0.0,0.2,.348,8.6,1.2,9.8,0.1
2022,518,thomabr01,25,BOS,SG,12,0,60,10.0,.520,.500,.278,3.7,14.1,9.0,26.0,0.8,1.5,22.9,19.2,0.0,0.1,0.1,.052,-3.6,0.8,-2.8,0.0
2022,519,fallta01,26,CLE,C,11,1,59,11.3,.398,.000,.583,13.4,29.4,21.6,4.6,0.0,9.1,16.6,13.6,-0.1,0.1,0.1,.043,-4.1,0.8,-3.4,0.0
2022,520,merrisa01,25,MEM,SG,6,0,58,7.5,.485,.958,.167,1.8,11.1,6.3,9.0,0.0,0.0,7.2,19.6,0.0,0.0,0.0,.029,-2.2,-3.4,-5.6,-0.1
2022,521,deckga01,26,OKC,PF,7,0,56,11.5,.643,.286,.000,1.8,9.3,5.5,13.7,0.9,0.0,12.5,12.3,0.1,0.0,0.1,.080,-1.2,-1.3,-2.5,0.0
2022,522,ennisja01,31,3TM,SF,7,0,56,17.7,.553,.333,.208,9.9,13.1,11.6,7.4,1.7,3.1,7.1,22.0,0.1,0.1,0.1,.114,-0.1,-1.0,-1.1,0.0
2022,522,ennisja01,31,BRK,SF,2,0,14,14.7,.357,.286,.000,16.0,22.7,19.4,0.0,3.5,6.4,0.0,21.5,0.0,0.0,0.0,.034,-0.5,-0.6,-1.1,0.0
2022,522,ennisja01,31,LAC,SF,2,0,28,26.3,.784,.364,.364,7.8,11.0,9.5,0.0,1.7,3.0,7.3,21.6,0.1,0.0,0.2,.277,3.7,0.3,4.0,0.0
2022,522,ennisja01,31,DEN,SF,3,0,14,3.7,.311,.333,.167,8.2,7.7,8.0,29.8,0.0,0.0,13.4,23.3,0.0,0.0,0.0,-0.134,-7.2,-4.0,-11.1,0.0
2022,523,wilsodj01,25,TOR,PF,4,1,54,27.9,.773,.133,.667,1.9,31.8,16.1,14.6,4.6,1.8,9.3,17.0,0.2,0.1,0.4,.328,1.8,3.2,5.0,0.1
2022,524,powelmy01,24,PHI,PG,11,0,52,0.2,.364,.353,.118,2.2,10.6,6.4,8.0,1.0,0.0,14.4,18.0,-0.2,0.0,-0.1,-0.109,-10.5,-2.2,-12.7,-0.1
2022,525,jonesma05,23,LAL,SG,4,0,51,17.8,.625,.267,1.000,2.1,18.9,10.5,10.9,1.9,0.0,4.4,19.0,0.2,0.0,0.2,.201,-1.2,0.3,-0.9,0.0
2022,526,watertr01,24,2TM,PG,3,0,50,5.4,.357,.643,.000,0.0,9.2,4.3,18.2,5.0,0.0,22.2,15.5,-0.1,0.1,0.0,-0.042,-7.8,0.1,-7.7,-0.1
2022,526,watertr01,24,TOR,PG,2,0,42,5.1,.333,.750,.000,0.0,10.9,5.2,21.7,4.8,0.0,25.0,16.3,-0.1,0.1,-0.1,-0.061,-7.5,-0.6,-8.1,-0.1
2022,526,watertr01,24,WAS,PG,1,0,8,7.3,.500,.000,.000,0.0,0.0,0.0,0.0,6.2,0.0,0.0,11.1,0.0,0.0,0.0,.058,-9.4,4.0,-5.4,0.0
2022,527,mcgrica01,24,POR,SF,3,0,46,12.5,.470,.429,.143,13.8,22.3,17.9,9.4,0.0,2.1,0.0,14.0,0.1,0.0,0.1,.097,-1.0,-3.0,-4.0,0.0
2022,528,onimi01,24,UTA,SG,16,0,44,0.4,.265,.889,.111,2.6,14.4,8.7,14.2,0.0,0.0,9.6,10.3,-0.1,0.0,0.0,-0.032,-7.6,-0.3,-7.9,-0.1
2022,529,lundbga01,27,PHO,SG,4,0,44,7.7,.342,.421,.000,5.0,11.9,8.5,31.5,3.3,0.0,13.6,21.5,-0.1,0.1,0.0,-0.005,-5.3,0.5,-4.8,0.0
2022,530,careyve01,20,2TM,C,7,1,44,15.8,.534,.000,1.000,19.9,9.8,14.8,0.0,2.2,1.9,13.8,21.6,0.0,0.0,0.1,.068,-3.0,-4.5,-7.5,-0.1
2022,530,careyve01,20,CHO,C,4,1,17,17.2,.546,.000,.500,18.4,12.6,15.6,0.0,2.8,0.0,12.0,20.8,0.0,0.0,0.0,.099,-2.8,-5.2,-8.0,0.0
2022,530,careyve01,20,WAS,C,3,0,27,15.0,.526,.000,1.429,20.8,8.1,14.4,0.0,1.8,3.1,14.9,22.1,0.0,0.0,0.0,.049,-3.2,-4.1,-7.3,0.0
2022,531,harpeja01,24,NOP,PG,5,0,43,36.9,.666,.462,.154,5.0,0.0,2.6,64.1,4.6,2.2,6.7,29.7,0.3,0.1,0.4,.422,14.2,3.1,17.3,0.2
2022,532,oliveca01,25,ATL,SF,2,0,43,21.4,.705,.200,.200,5.1,10.1,7.6,11.1,1.1,2.1,0.0,16.6,0.2,0.0,0.2,.219,2.3,-0.5,1.7,0.0
2022,533,woodaro01,22,SAC,SF,12,0,42,2.1,.207,.250,.125,12.8,15.7,14.3,9.0,1.1,2.1,5.6,18.3,-0.2,0.0,-0.1,-0.147,-6.8,-3.6,-10.4,-0.1
2022,534,coopesh01,20,ATL,PG,13,0,39,-5.4,.250,.429,.000,0.0,14.0,7.0,16.3,0.0,0.0,26.3,21.3,-0.2,0.0,-0.2,-0.297,-11.3,-5.0,-16.3,-0.1
2022,535,winstca01,23,WAS,PG,7,0,39,6.0,.549,.545,.364,0.0,2.8,1.4,24.4,0.0,0.0,19.0,18.0,0.0,0.0,0.0,.015,-5.9,-3.5,-9.3,-0.1
2022,536,sneedxa01,24,2TM,SF,9,0,39,0.4,.250,.800,.000,5.5,10.9,8.3,3.3,0.0,0.0,0.0,11.0,-0.1,0.0,0.0,-0.056,-6.9,-3.7,-10.6,-0.1
2022,536,sneedxa01,24,MEM,SF,2,0,8,-7.1,.000,1.000,.000,12.8,13.4,13.1,0.0,0.0,0.0,0.0,10.2,0.0,0.0,0.0,-0.143,-14.5,-5.5,-19.9,0.0
2022,536,sneedxa01,24,UTA,SF,7,0,31,2.4,.313,.750,.000,3.7,10.3,7.1,4.1,0.0,0.0,0.0,11.2,0.0,0.0,0.0,-0.033,-4.9,-3.3,-8.2,0.0
2022,537,stausni01,28,2TM,SG,8,0,39,10.5,.541,.714,.429,3.0,5.7,4.4,7.3,0.0,0.0,5.7,20.0,0.0,0.0,0.1,.078,-0.9,-2.7,-3.6,0.0
2022,537,stausni01,28,MIA,SG,2,0,24,13.1,.564,.500,.500,4.8,9.3,7.1,6.0,0.0,0.0,0.0,18.1,0.1,0.0,0.1,.142,0.0,-1.3,-1.3,0.0
2022,537,stausni01,28,BOS,SG,6,0,15,6.2,.509,1.000,.333,0.0,0.0,0.0,9.4,0.0,0.0,12.7,23.1,0.0,0.0,0.0,-0.025,-2.4,-4.8,-7.3,0.0
2022,538,cornepe01,26,DEN,PF,13,0,38,9.6,.418,.533,.267,21.3,19.9,20.6,10.8,1.3,2.4,19.3,24.0,-0.1,0.0,0.0,-0.015,-6.1,-2.7,-8.8,-0.1
2022,539,collida01,34,LAL,PG,3,0,37,-0.2,.286,.429,.000,0.0,11.6,5.8,6.8,1.3,0.0,12.5,9.3,-0.1,0.0,-0.1,-0.070,-10.0,-0.9,-10.9,-0.1
2022,540,jacksju01,26,2TM,SF,7,0,37,7.7,.472,.600,.133,3.0,16.9,10.1,7.1,0.0,0.0,5.9,19.7,0.0,0.0,0.0,.032,-2.2,-1.1,-3.3,0.0
2022,540,jacksju01,26,BOS,SF,1,0,2,22.7,.532,.000,2.000,0.0,0.0,0.0,0.0,0.0,0.0,0.0,41.4,0.0,0.0,0.0,.251,1.9,-4.4,-2.5,0.0
2022,540,jacksju01,26,PHO,SF,6,0,35,6.8,.464,.643,.000,3.1,17.9,10.7,7.5,0.0,0.0,6.7,18.4,0.0,0.0,0.0,.019,-2.5,-0.9,-3.4,0.0
2022,541,simonma01,22,CHI,C,9,0,35,10.2,.428,.333,.733,16.2,16.0,16.1,0.0,1.4,2.5,9.2,27.5,0.0,0.0,0.0,-0.011,-6.1,-5.0,-11.1,-0.1
2022,542,diallch01,25,DET,C,3,0,31,12.3,.517,.000,.750,13.3,29.4,20.9,0.0,1.6,0.0,8.6,16.1,0.0,0.0,0.1,.108,-4.2,-3.3,-7.5,0.0
2022,543,pottemi01,23,DET,C,3,0,31,13.6,.505,.182,.182,13.3,18.4,15.7,0.0,1.6,2.9,7.8,17.8,0.0,0.0,0.0,.073,-4.0,-3.0,-7.1,0.0
2022,544,morgaju01,24,2TM,PF,2,0,31,8.3,.833,.667,.000,6.6,7.4,7.0,4.2,0.0,0.0,0.0,4.1,0.1,0.0,0.1,.124,-3.3,-3.9,-7.1,0.0
2022,544,morgaju01,24,TOR,PF,1,0,27,9.5,.833,.667,.000,7.6,8.5,8.0,4.8,0.0,0.0,0.0,4.8,0.1,0.0,0.1,.139,-3.2,-4.2,-7.3,0.0
2022,544,morgaju01,24,BOS,PF,1,0,4,0.0,,,,0.0,0.0,0.0,0.0,0.0,0.0,,0.0,0.0,0.0,0.0,.024,-4.0,-2.0,-6.0,0.0
2022,545,schakjo01,23,WAS,SG,4,0,30,-1.2,.210,.545,.182,7.5,21.8,14.8,0.0,1.6,0.0,7.8,19.1,-0.2,0.0,-0.1,-0.204,-8.6,-4.3,-13.0,-0.1
2022,546,oturuda01,22,TOR,C,3,0,27,13.4,.549,.167,.833,3.8,17.0,10.0,0.0,0.0,7.2,0.0,13.0,0.0,0.0,0.1,.121,-2.7,-2.5,-5.2,0.0
2022,547,sirvyde01,21,DET,SG,3,0,27,0.1,.150,.700,.000,0.0,25.3,12.0,4.9,5.4,3.3,0.0,15.9,-0.1,0.1,-0.1,-0.139,-10.8,2.2,-8.7,0.0
2022,548,mccluma01,23,2TM,SG,2,0,25,5.2,.621,.500,.167,0.0,12.9,6.5,5.2,1.9,3.6,31.8,16.3,0.0,0.0,0.0,-0.043,-8.4,-1.2,-9.6,0.0
2022,548,mccluma01,23,CHI,PG,1,0,3,8.7,1.000,.000,.000,0.0,0.0,0.0,0.0,0.0,0.0,50.0,29.4,0.0,0.0,0.0,-0.251,-6.9,-8.4,-15.3,0.0
2022,548,mccluma01,23,LAL,SG,1,0,22,4.7,.551,.600,.200,0.0,14.6,7.3,6.0,2.2,4.0,26.9,14.5,0.0,0.0,0.0,-0.015,-8.6,-0.2,-8.8,0.0
2022,549,harrish01,28,BRK,SG,2,0,23,4.6,.333,.333,.000,4.9,13.8,9.5,16.6,2.1,3.9,25.0,15.0,-0.1,0.0,0.0,-0.067,-9.0,0.6,-8.3,0.0
2022,550,jonesca03,24,2TM,PG,5,0,23,-1.8,.202,.111,.222,4.8,9.7,7.3,26.7,2.2,0.0,23.3,25.1,-0.2,0.0,-0.1,-0.285,-11.3,-4.2,-15.5,-0.1
2022,550,jonesca03,24,DAL,PG,3,0,19,-4.0,.127,.143,.286,5.8,11.7,8.8,32.3,2.6,0.0,27.6,25.8,-0.2,0.0,-0.1,-0.338,-13.0,-4.3,-17.3,-0.1
2022,550,jonesca03,24,DEN,PG,2,0,4,8.9,.500,.000,.000,0.0,0.0,0.0,0.0,0.0,0.0,0.0,21.9,0.0,0.0,0.0,-0.030,-3.0,-3.7,-6.7,0.0
2022,551,hutchch01,25,PHO,SF,6,0,22,1.0,.694,.000,1.000,0.0,23.8,12.2,10.5,0.0,0.0,58.1,13.5,-0.1,0.0,0.0,-0.086,-8.0,-0.5,-8.5,0.0
2022,552,dotsoda01,27,NYK,SG,2,0,21,6.4,.500,.250,.000,0.0,10.4,5.1,6.9,0.0,0.0,0.0,8.3,0.0,0.0,0.0,.045,-3.7,-1.2,-4.9,0.0
2022,553,yorkga01,28,IND,SG,2,0,21,12.7,.435,.857,.714,0.0,10.8,5.3,25.1,4.7,4.1,9.8,20.8,0.0,0.0,0.0,.059,-3.7,2.2,-1.5,0.0
2022,554,ayayijo01,21,WAS,SG,7,0,20,3.4,.167,.167,.000,5.6,10.9,8.3,25.4,0.0,0.0,0.0,13.3,0.0,0.0,0.0,-0.098,-4.3,-1.7,-6.0,0.0
2022,555,huffja01,23,LAL,C,4,0,20,0.6,.000,.667,.000,5.4,16.1,10.8,5.9,2.4,4.5,25.0,8.6,-0.1,0.0,0.0,-0.117,-8.3,0.9,-7.4,0.0
2022,556,wrighmc01,23,MIN,PG,5,0,19,9.5,.833,.667,.000,0.0,0.0,0.0,20.9,0.0,0.0,25.0,8.8,0.0,0.0,0.0,.092,-1.4,-2.8,-4.2,0.0
2022,557,kingge03,28,DAL,SF,4,0,19,-12.3,.085,.800,.400,0.0,29.3,14.6,0.0,0.0,0.0,14.5,16.3,-0.1,0.0,-0.1,-0.296,-16.5,-3.5,-20.1,-0.1
2022,558,pelleno01,28,UTA,C,3,0,19,12.2,.600,.000,.000,17.9,16.7,17.3,0.0,0.0,4.6,28.6,16.0,0.0,0.0,0.0,.038,-3.0,-4.1,-7.1,0.0
2022,559,seldewa01,27,NYK,SG,3,0,19,4.3,.434,.500,1.000,0.0,5.8,2.8,7.2,0.0,0.0,0.0,13.3,0.0,0.0,0.0,.016,-4.3,-1.6,-5.9,0.0
2022,560,swordcr01,28,WAS,SG,3,0,19,14.2,.750,.250,.000,0.0,0.0,0.0,7.7,10.4,0.0,20.0,11.7,0.0,0.0,0.1,.158,-8.6,10.0,1.4,0.0
2022,561,omorueu01,24,DAL,SF,4,0,18,17.0,.518,.400,.800,12.3,30.9,21.6,15.8,0.0,0.0,0.0,16.9,0.1,0.0,0.1,.201,3.3,0.7,4.0,0.0
2022,562,terryem01,25,PHO,PF,3,0,18,-0.1,.000,.000,.000,48.9,40.6,44.7,12.2,2.7,0.0,50.0,23.9,-0.1,0.0,-0.1,-0.256,-13.0,-5.3,-18.3,-0.1
2022,563,hopsosc01,32,OKC,SG,1,0,18,0.1,.500,.250,.000,0.0,5.8,2.9,8.1,0.0,0.0,33.3,14.4,-0.1,0.0,0.0,-0.132,-8.7,-2.9,-11.6,0.0
2022,564,henryaa01,22,PHI,SF,6,0,17,-7.4,.200,.200,.000,0.0,6.5,3.3,0.0,0.0,10.6,28.6,18.5,-0.1,0.0,-0.1,-0.306,-14.0,-2.4,-16.5,-0.1
2022,565,palmetr01,27,DET,SG,1,0,17,-5.7,.000,.000,.000,0.0,13.4,6.4,0.0,0.0,0.0,50.0,5.0,-0.1,0.0,0.0,-0.133,-13.1,-1.8,-15.0,-0.1
2022,566,mathida01,26,MEM,SG,6,0,16,11.0,.500,1.000,.000,0.0,13.4,6.5,8.0,3.0,0.0,0.0,15.4,0.0,0.0,0.0,.114,-1.4,1.7,0.3,0.0
2022,567,morrija01,26,SAS,SG,3,0,16,-11.4,.129,.333,.667,0.0,13.2,6.6,14.0,0.0,0.0,11.4,23.1,-0.1,0.0,-0.1,-0.376,-15.8,-5.7,-21.5,-0.1
2022,568,doumbse01,21,LAL,PF,2,0,16,40.7,.717,.250,.500,13.5,26.8,20.2,0.0,9.0,11.1,17.0,31.6,0.0,0.1,0.1,.300,8.8,10.0,18.8,0.1
2022,569,jonesje01,26,LAL,SF,2,0,15,14.8,.667,.000,.000,14.4,7.1,10.8,0.0,3.2,0.0,0.0,8.6,0.0,0.0,0.1,.170,-1.1,0.1,-1.0,0.0
2022,570,wrighmo01,23,2TM,PF,4,0,14,18.3,.470,.250,.750,7.9,15.9,11.9,16.8,0.0,6.5,0.0,17.1,0.0,0.0,0.1,.180,1.1,0.4,1.4,0.0
2022,570,wrighmo01,23,LAC,PF,1,0,1,31.2,,,,0.0,0.0,0.0,100.0,0.0,0.0,,0.0,0.0,0.0,0.0,.443,10.8,13.4,24.2,0.0
2022,570,wrighmo01,23,DAL,PF,3,0,13,17.3,.470,.250,.750,8.5,17.1,12.8,10.4,0.0,7.0,0.0,18.4,0.0,0.0,0.0,.160,0.3,-0.6,-0.3,0.0
2022,571,barbeca01,27,ATL,PG,3,0,13,-11.2,.000,.000,1.000,8.5,16.7,12.6,26.7,0.0,0.0,14.8,22.7,-0.1,0.0,-0.1,-0.450,-15.8,-7.6,-23.5,-0.1
2022,572,cumbeja01,24,POR,SG,3,0,12,8.4,.500,.500,.000,8.8,19.0,13.7,11.6,0.0,0.0,0.0,7.2,0.0,0.0,0.0,.079,-4.4,-2.2,-6.6,0.0
2022,573,mclauja01,24,DAL,PG,4,0,11,-2.9,.000,.500,.000,0.0,0.0,0.0,22.3,0.0,0.0,0.0,8.2,0.0,0.0,0.0,-0.101,-9.4,-4.2,-13.6,0.0
2022,574,edwarro01,25,OKC,SG,2,0,11,-0.8,.375,1.000,.000,0.0,28.5,14.0,0.0,0.0,0.0,20.0,19.6,-0.1,0.0,0.0,-0.181,-8.3,-2.9,-11.2,0.0
2022,575,mudiaem01,25,SAC,PG,2,0,11,12.3,.399,.000,2.000,0.0,0.0,0.0,43.4,4.4,0.0,21.0,18.6,0.0,0.0,0.0,.023,-2.7,1.5,-1.2,0.0
2022,576,scotttr01,25,CLE,SF,2,0,11,20.4,.500,.167,.000,10.3,9.8,10.1,0.0,4.5,8.1,0.0,24.1,0.0,0.0,0.0,.138,-4.8,1.8,-3.0,0.0
2022,577,buchash01,25,MEM,SG,2,0,10,0.6,.250,.500,.000,10.2,10.7,10.5,24.9,4.8,0.0,33.3,24.6,-0.1,0.0,0.0,-0.230,-11.0,0.3,-10.7,0.0
2022,578,jeffrda01,24,MEM,SG,3,0,9,8.4,.500,.500,.000,0.0,23.8,11.6,14.0,0.0,0.0,0.0,9.1,0.0,0.0,0.0,.099,-5.8,0.9,-4.9,0.0
2022,579,teskejo01,24,MEM,C,3,0,8,1.5,.000,.000,2.000,0.0,26.8,13.1,13.8,6.0,0.0,0.0,9.6,0.0,0.0,0.0,-0.080,-8.5,3.7,-4.8,0.0
2022,580,huntfe01,22,NYK,SF,2,0,8,-3.0,.000,.000,.000,13.2,0.0,6.7,16.0,6.3,0.0,33.3,16.4,-0.1,0.0,0.0,-0.234,-12.3,1.0,-11.3,0.0
2022,581,lamban01,24,SAS,SF,2,0,8,-0.5,.000,1.000,.000,0.0,13.2,6.6,27.9,0.0,0.0,0.0,10.6,0.0,0.0,0.0,-0.138,-6.2,-1.8,-8.0,0.0
2022,582,walkemj01,23,PHO,SG,2,0,8,-3.3,.000,.500,.000,0.0,13.1,6.7,13.8,12.0,0.0,0.0,21.5,-0.1,0.0,0.0,-0.276,-15.8,6.2,-9.6,0.0
2022,583,newmama01,24,CLE,PG,1,0,8,28.6,.680,.200,.400,0.0,13.5,6.9,27.8,0.0,0.0,14.5,38.1,0.0,0.0,0.0,.179,6.3,0.1,6.4,0.0
2022,584,basspa01,26,PHO,SF,2,0,7,13.9,.436,.333,.333,31.5,29.9,30.6,0.0,6.9,0.0,22.5,54.6,0.0,0.0,0.0,-0.170,-11.2,-1.2,-12.4,0.0
2022,585,lewissc01,21,CHO,SG,2,0,7,14.6,.568,,,0.0,0.0,0.0,16.2,6.9,0.0,0.0,5.3,0.0,0.0,0.0,.164,0.0,5.9,6.0,0.0
2022,586,paigeja01,27,DET,PG,1,0,7,-22.2,.000,.667,.000,0.0,16.3,7.7,18.1,0.0,0.0,25.0,24.5,-0.1,0.0,-0.1,-0.574,-25.0,-6.5,-31.5,0.0
2022,587,goodwjo01,23,WAS,SG,2,0,6,-20.4,.000,.333,.000,0.0,18.2,9.2,0.0,0.0,0.0,0.0,22.2,-0.1,0.0,-0.1,-0.533,-24.7,-9.4,-34.1,0.0
2022,588,sprinja01,19,PHI,SG,2,0,6,26.4,1.000,.000,.000,18.9,18.3,18.6,0.0,0.0,30.0,50.0,15.0,0.0,0.0,0.0,.138,8.3,8.7,17.1,0.0
2022,589,kulboar01,24,CHO,SF,2,0,5,-10.7,.000,1.000,.000,0.0,0.0,0.0,0.0,0.0,0.0,0.0,8.5,0.0,0.0,0.0,-0.217,-14.7,-7.1,-21.8,0.0
2022,590,cheatzy01,26,UTA,SF,1,0,5,-23.8,.000,.667,.000,0.0,0.0,0.0,0.0,0.0,0.0,0.0,26.1,-0.1,0.0,-0.1,-0.610,-19.3,-11.3,-30.6,0.0
2022,591,ryanma01,24,BOS,SF,1,0,5,3.5,.300,1.000,.000,0.0,0.0,0.0,0.0,9.9,0.0,0.0,44.0,0.0,0.0,0.0,-0.250,-9.9,-3.8,-13.7,0.0
2022,592,terryty01,21,MEM,PG,2,0,3,20.0,1.000,.000,.000,0.0,0.0,0.0,0.0,0.0,0.0,0.0,13.7,0.0,0.0,0.0,.222,-3.4,2.5,-1.0,0.0
2022,593,delauja01,23,MIL,C,1,0,3,15.6,,,,0.0,34.6,17.7,0.0,16.0,0.0,,0.0,0.0,0.0,0.0,.260,-4.8,11.8,7.0,0.0
2022,594,echenja01,24,WAS,C,1,0,3,0.0,,,,0.0,0.0,0.0,0.0,0.0,0.0,,0.0,0.0,0.0,0.0,-0.012,-5.5,-3.0,-8.5,0.0
2022,595,hintona01,22,IND,SG,2,0,2,-45.2,.000,.000,.000,0.0,0.0,0.0,0.0,0.0,0.0,50.0,42.8,-0.1,0.0,-0.1,-1.231,-28.1,-14.5,-42.6,0.0
2022,596,johnsda08,20,TOR,SG,2,0,2,-20.0,.000,1.000,.000,0.0,0.0,0.0,0.0,0.0,0.0,0.0,21.4,0.0,0.0,0.0,-0.495,-19.0,-8.7,-27.7,0.0
2022,597,belljo01,27,CHI,C,1,0,2,29.9,,,,56.6,0.0,28.1,0.0,24.4,0.0,,0.0,0.0,0.0,0.0,.600,-8.1,10.8,2.7,0.0
2022,598,hallty01,24,NYK,SG,1,0,2,0.0,,,,0.0,0.0,0.0,0.0,0.0,0.0,,0.0,0.0,0.0,0.0,.007,-8.1,-0.5,-8.5,0.0
2022,599,johnsjo02,40,BOS,SG,1,0,2,38.7,1.000,.000,.000,0.0,0.0,0.0,0.0,0.0,0.0,0.0,22.0,0.0,0.0,0.0,.335,12.1,2.8,15.0,0.0
2022,600,milescj01,34,BOS,SG,1,0,2,-7.8,,,,0.0,0.0,0.0,0.0,0.0,0.0,,0.0,0.0,0.0,0.0,.030,-16.3,0.0,-16.3,0.0
2022,601,moonema01,25,NYK,SG,1,0,2,-20.0,.000,1.000,.000,0.0,0.0,0.0,0.0,25.0,0.0,50.0,43.8,-0.1,0.0,0.0,-0.915,-33.9,11.5,-22.3,0.0
2022,602,caverah01,25,IND,SG,1,0,1,76.2,1.000,.000,.000,0.0,0.0,0.0,0.0,0.0,0.0,0.0,42.8,0.0,0.0,0.0,1.204,31.0,5.9,36.9,0.0
2022,603,dekkesa01,27,TOR,PF,1,0,1,0.0,,,,0.0,0.0,0.0,0.0,0.0,0.0,,0.0,0.0,0.0,0.0,.003,-6.2,-3.4,-9.6,0.0
2022,604,jarrede01,24,IND,SG,1,0,1,0.0,,,,0.0,0.0,0.0,0.0,0.0,0.0,,0.0,0.0,0.0,0.0,-0.022,-6.5,-1.5,-8.0,0.0
2022,605,murkead01,24,SAC,SG,1,0,1,0.0,,,,0.0,0.0,0.0,0.0,0.0,0.0,,0.0,0.0,0.0,0.0,-0.017,-7.4,-2.3,-9.7,0.0
2022,,,,,,,,,,.566,.399,.248,4.6,15.4,10.0,15.5,1.5,1.8,11.8,19.9,,,,,,,,
2023,1,bridgmi01,26,2TM,SG,83,83,2963,16.8,.587,.349,.279,2.9,10.8,6.8,13.7,1.5,1.8,8.2,22.6,4.4,3.1,7.5,.121,1.5,0.2,1.7,2.8
2023,1,bridgmi01,26,PHO,SF,56,56,2040,14.8,.574,.342,.228,3.0,10.4,6.6,14.1,1.6,2.0,8.5,19.2,2.7,2.2,4.9,.116,0.4,0.6,1.0,1.6
2023,1,bridgmi01,26,BRK,SG,27,27,923,21.3,.607,.360,.356,2.9,11.7,7.4,12.9,1.4,1.5,7.8,30.3,1.7,0.8,2.5,.133,4.0,-0.8,3.3,1.2
2023,2,edwaran01,21,MIN,SG,79,79,2842,17.4,.564,.375,.274,1.9,15.9,9.0,19.3,2.1,1.8,13.0,29.9,0.2,3.6,3.8,.064,1.0,0.0,1.0,2.1
2023,3,lavinza01,27,CHI,SG,77,77,2768,19.0,.607,.392,.308,1.7,12.2,7.1,18.7,1.2,0.6,11.0,28.3,4.2,2.9,7.1,.123,2.7,-0.7,1.9,2.7
2023,4,vucevni01,32,CHI,C,82,82,2746,19.1,.594,.302,.138,6.7,30.2,18.6,14.6,1.1,2.0,10.2,21.9,3.9,4.4,8.3,.145,1.9,0.7,2.7,3.2
2023,5,randlju01,28,NYK,PF,77,77,2737,20.3,.581,.444,.371,5.6,25.2,15.4,18.5,0.9,0.7,11.5,29.5,5.0,3.1,8.1,.142,3.9,-0.2,3.7,3.9
2023,6,sabondo01,26,SAC,C,79,79,2736,23.5,.668,.088,.467,10.6,30.0,20.3,30.4,1.1,1.2,16.9,21.3,9.6,3.0,12.6,.221,4.1,1.8,5.8,5.4
2023,7,tatumja01,24,BOS,SF,74,74,2732,23.7,.607,.440,.399,3.2,22.5,13.0,20.9,1.4,1.6,10.4,32.7,6.2,4.3,10.5,.185,4.8,0.7,5.5,5.1
2023,8,dinwisp01,29,2TM,SG,79,79,2725,16.0,.573,.467,.314,1.2,10.2,5.7,28.1,1.2,0.8,10.8,22.1,4.5,1.8,6.3,.111,1.6,-0.9,0.7,1.8
2023,8,dinwisp01,29,DAL,SG,53,53,1808,16.1,.599,.491,.298,1.2,9.4,5.2,23.8,1.1,0.8,10.3,21.9,3.3,1.0,4.3,.114,2.0,-1.2,0.9,1.3
2023,8,dinwisp01,29,BRK,PG,26,26,917,15.8,.523,.419,.346,1.1,11.7,6.6,36.5,1.5,0.7,11.8,22.5,1.2,0.8,2.0,.103,0.7,-0.5,0.2,0.5
2023,9,mobleev01,21,CLE,PF,79,79,2715,17.9,.591,.108,.321,8.1,22.7,15.4,12.4,1.1,4.0,11.9,20.2,3.7,4.8,8.5,.151,0.0,1.6,1.7,2.5
2023,10,murrade01,26,ATL,SG,74,74,2693,17.0,.540,.293,.144,2.1,13.8,7.9,24.0,2.0,0.6,10.2,24.4,2.4,2.3,4.7,.084,1.1,0.0,1.0,2.1
2023,11,derozde01,33,CHI,SF,74,74,2682,20.6,.592,.109,.401,1.5,12.8,7.2,22.3,1.5,1.3,9.1,27.8,5.4,3.2,8.5,.153,1.7,0.3,2.0,2.6
2023,12,barnesc01,21,TOR,SF,77,76,2678,15.5,.524,.220,.242,7.1,15.2,10.8,20.0,1.5,2.2,12.0,20.3,2.3,2.7,5.0,.090,0.5,-0.1,0.4,1.6
2023,13,barneha02,30,SAC,PF,82,82,2662,14.1,.632,.446,.522,3.8,11.9,7.9,6.3,1.0,0.3,8.1,17.1,5.1,1.4,6.5,.118,0.5,-1.5,-1.0,0.7
2023,14,siakapa01,28,TOR,PF,71,71,2652,20.3,.565,.219,.361,5.2,19.6,11.9,24.9,1.2,1.3,10.0,27.2,5.2,2.6,7.8,.141,3.3,-0.1,3.1,3.4
2023,15,mccolcj01,31,NOP,PG,75,75,2649,15.6,.541,.404,.177,2.4,11.7,7.0,25.1,1.3,1.4,11.2,26.4,1.5,2.8,4.3,.078,1.5,-0.7,0.8,1.9
2023,16,wagnefr01,21,ORL,SF,80,80,2609,15.9,.589,.322,.288,3.0,11.2,7.1,17.2,1.4,0.6,11.7,23.5,3.1,2.3,5.4,.099,0.4,-0.5,-0.1,1.3
2023,17,greenja05,20,HOU,SG,76,76,2602,14.5,.538,.408,.341,1.8,10.3,6.0,17.3,1.1,0.7,11.3,28.1,1.4,0.5,1.8,.034,0.5,-2.6,-2.1,0.0
2023,18,adebaba01,25,MIA,C,75,75,2598,20.1,.592,.011,.361,8.0,23.6,15.5,15.9,1.7,2.4,12.7,25.2,3.6,3.8,7.4,.137,0.8,0.8,1.5,2.3
2023,19,youngtr01,24,ATL,PG,73,73,2541,22.0,.573,.331,.460,2.4,7.0,4.7,42.5,1.5,0.3,15.2,32.6,5.3,1.4,6.7,.126,5.3,-2.0,3.3,3.4
2023,20,vanvlfr01,28,TOR,PG,69,69,2535,17.0,.540,.545,.254,1.2,12.0,6.3,28.1,2.4,1.5,10.2,23.2,3.7,2.8,6.5,.123,2.0,0.5,2.5,2.9
2023,21,hieldbu01,30,IND,SF,80,73,2482,15.4,.614,.652,.124,3.0,14.9,8.9,13.3,1.8,0.9,11.3,20.8,2.7,1.6,4.4,.085,2.5,-0.6,1.9,2.4
2023,22,barrerj01,22,NYK,SG,73,73,2475,12.9,.531,.332,.333,2.7,13.7,8.2,12.4,0.6,0.6,10.8,26.2,0.5,1.8,2.2,.043,-1.2,-1.9,-3.1,-0.7
2023,23,poolejo01,23,GSW,PG,82,43,2458,14.6,.573,.498,.325,1.5,8.5,5.0,22.5,1.2,0.8,14.7,29.2,1.4,1.9,3.2,.063,-0.1,-1.8,-1.9,0.1
2023,24,hartjo01,27,2TM,SF,76,52,2454,14.1,.622,.315,.338,6.5,21.0,13.7,16.1,1.8,0.8,16.4,12.6,3.8,2.2,6.0,.118,-0.2,1.1,0.9,1.8
2023,24,hartjo01,27,POR,SF,51,51,1704,12.7,.586,.309,.328,6.4,21.9,14.1,16.0,1.5,0.5,16.0,12.6,2.0,1.2,3.2,.091,-0.9,0.7,-0.2,0.8
2023,24,hartjo01,27,NYK,SF,25,1,750,17.1,.703,.331,.363,6.9,19.0,12.9,16.2,2.2,1.5,17.3,12.6,1.8,1.0,2.8,.179,1.4,2.0,3.4,1.0
2023,25,smithja05,19,HOU,PF,79,79,2451,11.2,.514,.438,.231,5.4,20.3,12.7,5.9,0.9,3.0,9.6,18.4,0.5,1.4,1.9,.037,-2.3,-1.3,-3.7,-1.1
2023,26,murphtr02,22,NOP,SF,79,65,2448,15.2,.650,.621,.238,2.7,10.3,6.5,6.4,1.8,1.7,6.5,16.6,4.8,2.8,7.6,.150,1.4,0.4,1.8,2.3
2023,27,garlada01,23,CLE,PG,69,69,2447,18.8,.587,.365,.284,1.3,7.6,4.5,34.1,1.7,0.3,13.5,26.9,4.5,3.0,7.6,.148,3.2,-0.7,2.4,2.7
2023,28,harrito02,30,PHI,SF,74,74,2436,14.8,.602,.383,.153,3.3,17.0,10.3,11.4,1.4,1.5,9.0,18.2,3.1,2.8,5.9,.116,0.6,0.1,0.7,1.7
2023,29,foxde01,25,SAC,PG,73,73,2435,21.8,.599,.276,.331,1.9,12.4,7.2,29.6,1.6,0.8,10.6,30.1,5.5,1.8,7.4,.146,3.4,-0.9,2.5,2.7
2023,30,mitchdo01,26,CLE,SG,68,68,2432,22.9,.614,.453,.262,3.1,10.9,7.0,21.4,2.0,1.0,10.3,32.1,5.4,3.5,8.9,.176,5.6,0.6,6.3,5.0
2023,31,banchpa01,20,ORL,PF,72,72,2430,14.9,.529,.254,.476,3.9,19.3,11.6,17.2,1.2,1.5,12.8,27.5,-0.3,2.6,2.4,.047,-0.7,-0.7,-1.5,0.3
2023,32,mcdanja02,22,MIN,SF,79,79,2416,12.0,.611,.376,.201,4.3,9.8,7.1,8.4,1.5,2.7,12.6,15.8,2.0,2.4,4.4,.087,-1.7,0.5,-1.2,0.5
2023,33,gilgesh01,24,OKC,PG,68,68,2416,27.2,.626,.122,.535,2.6,12.2,7.3,25.7,2.2,2.5,10.1,32.8,8.4,3.0,11.4,.226,5.7,1.5,7.3,5.6
2023,34,onealro01,29,BRK,SF,76,53,2409,9.2,.538,.707,.116,2.6,15.0,9.0,15.3,1.3,1.7,15.5,13.6,0.4,2.5,2.9,.057,-1.7,0.6,-1.1,0.5
2023,35,brownja02,26,BOS,SF,67,67,2405,19.1,.581,.352,.249,3.6,17.0,10.4,16.5,1.5,0.9,11.4,31.4,1.6,3.4,5.0,.100,1.5,-0.2,1.3,2.0
2023,36,doncilu01,23,DAL,PG,66,66,2391,28.7,.609,.373,.479,2.6,25.4,13.8,42.3,1.9,1.2,11.9,37.6,7.3,2.9,10.2,.204,7.6,1.4,8.9,6.6
2023,37,anunoog01,25,TOR,SF,67,67,2386,14.6,.586,.415,.189,4.2,12.1,7.9,8.0,2.7,2.0,12.1,19.5,1.8,2.9,4.7,.094,-0.3,0.7,0.4,1.5
2023,38,murrake02,22,SAC,SF,80,78,2382,12.3,.597,.641,.104,4.3,13.4,8.9,5.5,1.2,1.5,6.8,15.8,2.6,1.7,4.3,.087,0.4,-1.0,-0.6,0.8
2023,39,caldwke01,29,DEN,SG,76,76,2381,11.5,.598,.505,.198,1.7,8.1,5.0,9.8,2.3,1.3,11.1,14.1,2.0,2.5,4.5,.091,-1.6,0.6,-1.0,0.6
2023,40,washipj01,24,CHO,PF,73,73,2380,12.9,.542,.438,.178,3.2,13.0,8.0,11.0,1.3,2.9,9.4,20.6,0.4,2.2,2.6,.052,-1.0,-0.3,-1.3,0.4
2023,41,brunsja01,26,NYK,PG,68,68,2379,21.2,.597,.269,.328,1.8,9.3,5.6,28.7,1.3,0.6,9.4,27.2,6.9,1.8,8.7,.175,4.4,-0.5,3.9,3.5
2023,42,lopezbr01,34,MIL,C,78,78,2373,18.4,.630,.405,.211,7.2,15.3,11.4,6.1,0.7,6.7,9.8,19.3,4.1,3.9,8.0,.161,0.8,1.3,2.1,2.5
2023,43,giddejo01,20,OKC,PF,76,76,2367,17.1,.533,.209,.130,6.6,20.9,13.6,29.9,1.1,1.2,15.1,24.6,1.3,2.7,4.0,.081,1.5,-0.3,1.2,1.9
2023,44,bullore01,31,DAL,SF,78,55,2364,7.7,.577,.845,.079,1.6,12.5,7.0,6.2,1.1,0.5,6.9,10.0,1.3,1.4,2.8,.056,-2.3,-0.3,-2.6,-0.4
2023,45,quickim01,23,NYK,SG,81,21,2344,16.3,.578,.485,.265,2.7,13.1,7.9,17.4,1.7,0.6,8.7,20.9,4.4,2.3,6.7,.137,1.3,0.4,1.7,2.1
2023,46,herroty01,23,MIA,SG,67,67,2337,15.3,.566,.484,.164,1.3,17.3,9.0,19.9,1.1,0.7,11.7,25.6,1.1,2.4,3.5,.072,1.5,-0.8,0.6,1.6
2023,47,willipa01,21,CHI,PF,82,65,2323,11.2,.576,.409,.155,3.9,12.0,8.0,5.8,1.5,2.9,12.3,15.7,0.5,3.0,3.5,.072,-1.7,0.4,-1.3,0.4
2023,48,jokicni01,27,DEN,C,69,69,2323,31.5,.701,.146,.406,8.5,31.3,20.2,46.6,1.8,1.8,17.0,27.2,11.2,3.8,14.9,.308,8.5,4.5,13.0,8.8
2023,49,whitede01,28,BOS,SG,82,70,2319,15.4,.604,.516,.253,2.5,11.2,6.9,19.4,1.1,2.8,10.1,17.7,4.4,3.1,7.4,.154,1.1,1.3,2.4,2.6
2023,50,iveyja01,20,DET,SG,74,73,2304,12.1,.528,.356,.362,3.4,10.7,6.9,26.2,1.3,0.7,17.2,25.4,-0.9,0.8,0.0,-0.001,-1.4,-1.9,-3.3,-0.7
2023,51,russeda01,26,2TM,PG,71,71,2304,16.3,.605,.517,.228,1.7,8.5,5.2,27.4,1.4,1.1,15.1,22.7,3.1,1.9,5.1,.106,2.1,-0.7,1.5,2.0
2023,51,russeda01,26,MIN,PG,54,54,1778,16.1,.604,.521,.230,1.8,8.5,5.2,27.0,1.6,1.0,15.5,22.8,2.3,1.5,3.8,.103,1.9,-0.7,1.2,1.4
2023,51,russeda01,26,LAL,PG,17,17,526,17.1,.610,.502,.222,1.5,8.5,5.1,28.8,0.9,1.3,13.9,22.6,0.9,0.4,1.3,.118,3.1,-0.7,2.4,0.6
2023,52,greendr01,32,GSW,PF,73,73,2297,12.2,.592,.276,.228,3.2,21.6,12.6,27.8,1.5,2.3,28.1,13.2,1.6,3.1,4.7,.098,-1.8,2.6,0.8,1.6
2023,53,martike04,22,HOU,SF,82,49,2292,15.4,.635,.300,.308,6.0,15.8,10.8,8.1,0.9,1.3,10.0,16.4,4.2,0.7,4.9,.103,0.6,-1.3,-0.7,0.7
2023,54,embiijo01,28,PHI,C,66,66,2284,31.4,.655,.151,.581,5.9,28.3,17.3,22.9,1.4,4.6,11.9,37.0,8.4,3.9,12.3,.259,6.8,2.3,9.2,6.4
2023,55,brownbr01,26,DEN,SF,80,31,2280,13.3,.571,.343,.206,3.3,13.0,8.3,15.7,1.9,2.0,13.2,17.8,1.7,2.6,4.3,.090,-1.1,0.6,-0.5,0.9
2023,56,thompkl01,32,GSW,SF,69,69,2279,14.7,.576,.584,.105,1.9,11.7,6.9,11.0,1.0,1.1,8.6,26.4,1.2,1.9,3.1,.066,1.5,-1.7,-0.3,1.0
2023,57,willija06,21,OKC,SG,75,62,2276,15.6,.601,.258,.241,3.9,12.2,7.9,15.4,2.1,1.4,12.3,18.4,3.0,2.6,5.6,.119,-0.4,0.7,0.3,1.3
2023,58,markkla01,25,UTA,PF,66,66,2273,22.1,.640,.446,.348,6.3,20.7,13.6,8.6,0.9,1.4,8.8,26.6,6.3,1.9,8.2,.173,4.9,-1.0,3.8,3.3
2023,59,strusma01,26,MIA,SF,80,33,2272,10.8,.557,.713,.113,2.4,11.2,6.7,11.2,0.9,0.5,7.8,17.6,1.5,1.9,3.4,.071,-0.8,-0.9,-1.7,0.2
2023,60,dortlu01,23,OKC,SF,74,73,2272,11.3,.513,.468,.297,5.9,10.4,8.1,9.2,1.6,0.9,8.5,19.8,0.9,2.1,2.9,.062,-2.0,-1.0,-3.0,-0.6
2023,61,claxtni01,23,BRK,C,76,76,2271,20.8,.691,.003,.419,9.3,25.1,17.4,9.3,1.4,7.1,12.1,15.4,5.2,4.0,9.2,.195,0.9,2.2,3.1,2.9
2023,62,grantje01,28,POR,PF,63,63,2246,16.0,.606,.393,.375,2.7,11.9,7.2,10.3,1.1,2.1,9.8,22.8,3.1,1.0,4.1,.087,1.2,-1.4,-0.2,1.0
2023,63,irvinky01,30,2TM,SG,60,60,2241,22.4,.613,.412,.227,3.0,12.3,7.7,25.4,1.4,1.7,8.8,28.9,5.4,2.0,7.4,.159,4.8,-0.7,4.1,3.5
2023,63,irvinky01,30,BRK,PG,40,40,1478,21.6,.604,.425,.219,3.0,12.3,7.8,24.1,1.4,1.9,9.2,29.7,2.9,1.4,4.3,.140,4.6,-0.8,3.8,2.2
2023,63,irvinky01,30,DAL,SG,20,20,763,24.0,.634,.385,.245,3.2,12.2,7.6,27.8,1.6,1.4,8.0,27.4,2.5,0.6,3.1,.198,5.3,-0.4,4.9,1.3
2023,64,kuzmaky01,27,WAS,PF,64,64,2239,14.3,.544,.421,.208,2.8,19.5,11.5,16.5,0.8,1.1,13.2,27.9,-1.0,1.9,0.9,.019,-0.2,-1.5,-1.7,0.2
2023,65,leverca01,28,CLE,SG,74,30,2237,12.4,.546,.437,.243,2.8,12.1,7.4,18.0,1.6,1.0,12.4,18.7,1.4,3.1,4.4,.095,-1.0,0.8,-0.2,1.0
2023,66,mathube01,20,IND,SG,78,17,2222,13.1,.566,.326,.477,4.4,11.5,7.9,7.6,1.0,0.5,11.7,24.6,1.0,0.8,1.8,.038,-1.2,-2.5,-3.7,-1.0
2023,67,roziete01,28,CHO,SG,63,63,2221,14.7,.517,.425,.185,2.4,10.2,6.2,22.7,1.6,0.6,9.4,26.9,0.1,1.6,1.7,.037,0.6,-1.1,-0.6,0.8
2023,68,allenja01,24,CLE,C,68,68,2220,19.9,.670,.016,.353,11.7,23.6,17.7,7.5,1.2,3.5,11.4,16.4,5.5,4.0,9.5,.205,1.3,1.0,2.4,2.4
2023,69,brookdi01,27,MEM,SF,73,73,2214,9.4,.494,.443,.155,2.2,9.5,5.8,11.7,1.4,0.7,8.9,21.8,-0.8,2.4,1.6,.034,-3.4,-0.5,-3.9,-1.1
2023,70,huertke01,24,SAC,SG,75,75,2203,15.2,.617,.589,.151,2.2,10.8,6.5,14.1,1.7,1.0,9.5,19.9,3.3,1.7,4.9,.107,1.4,-0.3,1.0,1.7
2023,71,holidjr01,32,MIL,PG,67,65,2183,19.2,.586,.402,.173,3.9,12.0,8.1,34.4,1.7,0.9,15.2,25.0,3.9,2.8,6.7,.148,3.0,0.1,3.1,2.8
2023,72,sengual01,20,HOU,C,75,72,2171,19.7,.599,.071,.360,12.1,22.3,17.1,21.0,1.6,3.2,17.3,21.4,3.4,1.8,5.2,.115,1.1,0.4,1.4,1.9
2023,73,simonan01,23,POR,SG,62,62,2171,14.8,.581,.538,.171,0.9,7.6,4.3,18.6,0.9,0.6,10.2,25.1,2.1,0.3,2.5,.054,1.3,-2.5,-1.1,0.5
2023,74,zubaciv01,25,LAC,C,76,76,2170,16.7,.661,.004,.463,12.3,26.5,19.5,5.1,0.7,4.0,15.9,14.8,3.8,2.9,6.7,.149,-1.1,0.2,-0.9,0.6
2023,75,hayeski01,21,DET,PG,76,56,2154,10.2,.455,.351,.137,1.4,10.2,5.7,32.3,2.3,1.1,16.7,20.5,-1.9,1.4,-0.5,-0.012,-3.3,-0.5,-3.8,-1.0
2023,76,hardati02,30,DAL,SF,71,45,2152,12.1,.554,.649,.195,1.1,12.6,6.8,9.0,1.1,0.5,6.1,20.6,1.0,1.3,2.3,.051,-0.3,-1.5,-1.8,0.1
2023,77,meltode01,24,PHI,SG,77,58,2150,12.7,.566,.619,.134,3.9,13.1,8.6,12.9,2.9,1.8,12.9,16.4,1.1,3.1,4.2,.095,-0.7,1.6,0.9,1.6
2023,78,goberru01,30,MIN,C,70,70,2148,18.9,.675,.005,.623,12.2,29.8,21.2,5.6,1.2,3.9,14.9,16.3,4.3,3.5,7.8,.174,0.0,0.7,0.7,1.4
2023,79,butleji01,33,MIA,PF,64,64,2138,27.6,.647,.116,.625,7.5,13.3,10.3,27.1,2.7,1.0,8.2,25.6,9.4,2.9,12.3,.277,6.7,2.0,8.7,5.8
2023,80,hardeja01,33,PHI,PG,58,58,2135,21.6,.607,.496,.429,2.3,17.1,9.8,43.3,1.6,1.4,16.3,25.0,5.8,2.6,8.4,.188,5.1,0.3,5.4,4.0
2023,81,murraja01,25,DEN,PG,65,65,2133,18.0,.571,.415,.207,2.7,11.0,6.9,27.5,1.5,0.7,11.3,26.1,3.3,1.9,5.1,.116,2.6,-1.3,1.3,1.8
2023,82,collijo01,25,ATL,PF,71,71,2130,13.6,.593,.339,.252,3.9,20.0,11.9,5.3,0.9,2.9,9.1,17.1,2.1,2.1,4.2,.095,-1.4,0.2,-1.3,0.4
2023,83,beysa01,23,2TM,SF,77,37,2129,14.6,.564,.500,.285,5.0,14.0,9.4,8.1,1.6,0.5,7.0,20.2,2.6,1.2,3.9,.087,0.9,-1.2,-0.3,0.9
2023,83,beysa01,23,DET,SF,52,30,1500,14.3,.552,.483,.345,4.2,13.9,8.9,8.5,1.6,0.7,7.2,21.3,1.5,0.8,2.3,.074,0.5,-1.1,-0.7,0.5
2023,83,beysa01,23,ATL,SF,25,7,629,15.2,.599,.543,.126,6.7,14.3,10.4,7.2,1.5,0.1,6.5,17.4,1.1,0.5,1.6,.119,1.7,-1.2,0.5,0.4
2023,84,huntede01,25,ATL,SF,67,67,2126,11.5,.563,.348,.252,2.3,12.4,7.3,6.0,0.8,0.7,8.2,19.7,1.4,1.2,2.5,.057,-1.9,-1.4,-3.3,-0.7
2023,85,westbru01,34,2TM,PG,73,24,2126,16.1,.513,.289,.317,4.7,16.5,10.8,38.6,1.7,1.3,18.4,27.7,-0.6,2.6,1.9,.044,0.3,-0.1,0.2,1.2
2023,85,westbru01,34,LAL,PG,52,3,1491,15.3,.496,.292,.326,4.4,18.2,11.5,38.5,1.7,1.3,18.1,28.8,-1.2,1.9,0.7,.023,-0.2,0.1,-0.1,0.7
2023,85,westbru01,34,LAC,PG,21,21,635,17.8,.562,.279,.290,5.4,12.6,9.0,38.9,1.8,1.4,19.4,25.2,0.6,0.7,1.2,.092,1.6,-0.8,0.8,0.5
2023,86,grimequ01,22,NYK,SG,71,66,2121,11.7,.619,.676,.163,2.5,9.4,5.9,9.7,1.1,1.2,9.7,14.4,3.2,1.6,4.8,.108,-0.3,0.1,-0.1,1.0
2023,87,porzikr01,27,WAS,C,65,65,2120,23.1,.627,.350,.409,6.2,21.8,14.3,12.9,1.3,4.0,10.2,27.4,5.0,2.7,7.7,.174,3.8,0.5,4.3,3.4
2023,88,trentga02,24,TOR,SG,66,44,2118,15.0,.560,.481,.219,1.5,8.2,4.6,7.4,2.4,0.6,5.1,21.7,2.5,2.0,4.5,.102,0.2,0.0,0.2,1.2
2023,89,lillada01,32,POR,PG,58,58,2107,26.7,.645,.547,.464,2.4,12.8,7.6,35.0,1.2,0.8,11.7,33.8,8.2,0.8,9.0,.205,8.3,-1.2,7.1,4.9
2023,90,dosunay01,23,CHI,SG,80,51,2098,10.2,.567,.332,.144,2.5,9.3,5.9,13.2,1.4,1.2,14.0,14.9,0.7,2.2,2.9,.067,-3.0,0.6,-2.5,-0.2
2023,91,kispeco01,23,WAS,SF,74,45,2093,11.5,.657,.656,.150,1.8,8.9,5.5,5.7,0.7,0.4,8.1,14.1,2.9,0.9,3.8,.088,-0.1,-1.4,-1.5,0.2
2023,92,beaslma01,26,2TM,SG,81,27,2093,10.9,.531,.702,.069,1.8,12.5,7.3,8.4,1.5,0.4,8.5,21.1,-0.2,1.6,1.4,.032,-0.9,-1.0,-2.0,0.0
2023,92,beaslma01,26,UTA,SG,55,13,1472,11.5,.535,.704,.066,2.0,12.3,7.2,9.0,1.4,0.5,8.0,21.2,0.3,1.0,1.2,.040,-0.4,-1.2,-1.6,0.2
2023,92,beaslma01,26,LAL,SG,26,14,621,9.7,.521,.698,.078,1.4,13.0,7.4,7.0,1.6,0.1,9.8,20.9,-0.5,0.6,0.2,.012,-2.3,-0.6,-2.9,-0.1
2023,93,martica02,27,MIA,SF,71,49,2077,11.4,.571,.431,.206,4.8,15.0,9.7,8.2,1.7,1.5,11.5,14.4,1.2,2.5,3.7,.086,-1.8,0.5,-1.2,0.4
2023,94,nembhan01,23,IND,SG,75,63,2073,10.0,.528,.408,.096,1.9,8.8,5.3,22.4,1.6,0.5,15.8,16.1,0.4,0.8,1.2,.029,-2.4,-0.8,-3.2,-0.6
2023,95,johnske04,23,SAS,SF,63,63,2063,15.3,.551,.366,.294,2.9,14.4,8.4,13.7,1.1,0.4,9.6,27.9,0.7,0.5,1.3,.030,0.7,-2.5,-1.8,0.1
2023,96,gordoaa01,27,DEN,PF,68,68,2055,19.5,.617,.227,.413,9.4,15.4,12.5,14.2,1.3,2.2,9.8,21.1,4.6,2.2,6.8,.158,2.4,-0.3,2.1,2.1
2023,97,plumlma01,32,2TM,C,79,60,2054,19.6,.689,.000,.647,11.8,25.1,18.4,17.3,1.1,2.0,15.8,15.2,5.5,2.4,7.9,.185,1.2,1.0,2.2,2.2
2023,97,plumlma01,32,CHO,C,56,56,1597,20.0,.673,.000,.646,12.2,24.1,18.1,18.7,1.0,1.9,14.6,15.7,4.3,1.8,6.1,.183,1.5,0.9,2.4,1.8
2023,97,plumlma01,32,LAC,C,23,4,457,18.2,.761,.000,.648,10.4,28.4,19.5,12.3,1.2,2.3,21.0,13.7,1.2,0.6,1.8,.190,0.1,1.2,1.4,0.4
2023,98,willigr01,24,BOS,PF,79,23,2045,10.3,.605,.611,.256,4.7,14.5,9.7,8.4,1.0,1.3,13.4,13.1,1.9,2.6,4.4,.104,-1.8,0.7,-1.1,0.5
2023,99,aytonde01,24,PHO,C,67,67,2035,19.9,.617,.027,.225,9.2,27.5,18.1,9.2,0.9,2.3,11.0,22.9,3.3,3.0,6.2,.147,0.9,0.0,0.9,1.5
2023,100,conlemi01,35,2TM,PG,67,66,2029,14.7,.583,.575,.277,1.8,7.9,4.9,29.4,1.7,0.6,13.1,16.3,4.1,1.4,5.5,.130,1.0,-0.1,0.9,1.5
2023,100,conlemi01,35,UTA,PG,43,42,1276,13.9,.552,.568,.256,1.5,7.5,4.5,34.0,1.6,0.7,15.1,16.1,2.2,0.8,3.0,.113,0.7,-0.5,0.2,0.7
2023,100,conlemi01,35,MIN,PG,24,24,753,16.1,.631,.587,.311,2.4,8.6,5.6,21.5,1.8,0.5,9.8,16.8,1.8,0.7,2.5,.158,1.5,0.6,2.0,0.7
2023,101,antetgi01,28,MIL,PF,63,63,2024,29.0,.605,.134,.604,7.3,30.0,19.1,33.2,1.2,2.1,13.2,38.8,4.9,3.7,8.6,.204,5.8,2.7,8.5,5.4
2023,102,porteke02,22,HOU,PG,59,59,2024,16.2,.565,.436,.299,4.1,13.1,8.5,25.7,2.0,0.8,15.8,24.3,1.9,1.0,2.9,.068,1.4,-0.8,0.6,1.3
2023,103,avdijde01,22,WAS,SF,76,40,2020,11.2,.535,.401,.285,4.2,21.9,13.4,13.9,1.6,1.2,15.9,16.7,0.0,2.3,2.3,.054,-2.8,0.5,-2.3,-0.1
2023,104,maxeyty01,22,PHI,SG,60,41,2016,17.0,.605,.404,.233,1.4,8.8,5.2,16.9,1.2,0.4,7.4,24.1,3.7,1.6,5.4,.128,1.9,-1.2,0.6,1.3
2023,105,finnedo01,29,2TM,PF,66,66,2009,9.2,.523,.675,.118,6.5,11.5,9.0,6.7,1.4,1.6,10.5,13.2,0.6,1.6,2.1,.051,-1.7,-0.3,-2.0,0.0
2023,105,finnedo01,29,DAL,PF,40,40,1288,10.0,.557,.700,.129,6.0,11.1,8.5,6.3,1.5,1.4,9.9,12.8,0.8,0.9,1.7,.065,-0.9,-0.2,-1.1,0.3
2023,105,finnedo01,29,BRK,PF,26,26,721,7.7,.466,.634,.099,7.5,12.3,10.0,7.4,1.2,1.9,11.5,13.9,-0.3,0.7,0.4,.027,-3.3,-0.4,-3.7,-0.3
2023,106,clarkjo01,30,UTA,SG,61,61,1988,14.7,.558,.445,.238,4.0,9.3,6.7,20.9,0.8,0.6,14.0,27.8,0.9,0.8,1.7,.042,1.0,-2.4,-1.4,0.3
2023,107,schrode01,29,LAL,PG,66,50,1986,11.5,.545,.346,.388,1.2,7.5,4.4,20.1,1.2,0.4,12.8,18.6,1.3,1.5,2.8,.068,-2.4,-0.5,-2.9,-0.4
2023,108,jonestr01,23,SAS,PG,68,65,1984,16.0,.534,.213,.231,3.0,10.8,6.7,31.5,2.1,0.4,11.8,19.3,2.6,0.8,3.4,.082,-0.2,-0.8,-1.0,0.5
2023,109,allengr01,27,MIL,SG,72,70,1972,12.3,.612,.657,.226,3.4,9.0,6.3,10.9,1.5,0.6,10.5,14.6,2.8,2.2,5.1,.123,-0.6,0.7,0.1,1.0
2023,110,valanjo01,30,NOP,C,79,79,1968,19.3,.610,.134,.275,13.0,33.3,23.1,11.1,0.5,2.5,14.8,23.4,2.8,3.0,5.8,.142,0.0,-0.4,-0.4,0.8
2023,111,gordoer01,34,2TM,SG,69,58,1965,11.8,.587,.545,.265,0.9,6.7,3.8,13.4,1.1,1.2,12.5,17.8,1.8,0.5,2.3,.056,-0.5,-1.4,-1.9,0.1
2023,111,gordoer01,34,HOU,SG,47,47,1418,11.4,.572,.513,.282,0.9,6.7,3.8,13.8,1.0,1.2,13.4,18.1,1.0,0.1,1.1,.037,-0.9,-1.7,-2.6,-0.2
2023,111,gordoer01,34,LAC,SG,22,11,547,13.1,.629,.634,.217,0.8,6.7,3.8,12.2,1.2,1.3,9.9,17.0,0.8,0.4,1.2,.105,0.5,-0.5,0.0,0.3
2023,112,looneke01,26,GSW,C,82,70,1958,17.8,.639,.003,.404,15.7,26.8,21.4,13.8,1.3,2.2,9.1,10.6,5.9,2.8,8.7,.212,0.9,1.3,2.1,2.0
2023,113,anderky01,29,MIN,PF,69,46,1957,14.8,.583,.212,.275,3.8,16.9,10.5,22.6,1.9,2.8,15.7,14.4,2.5,2.6,5.1,.125,0.2,2.3,2.5,2.2
2023,114,smartma01,28,BOS,PG,61,61,1957,12.1,.538,.568,.196,2.6,8.0,5.3,26.4,2.3,1.0,17.9,17.8,1.0,2.7,3.7,.092,-1.8,0.8,-1.0,0.5
2023,115,jamesle01,38,LAL,PF,55,54,1954,23.9,.583,.309,.268,3.7,20.8,12.5,33.5,1.2,1.4,11.6,33.3,3.2,2.4,5.6,.138,5.5,0.6,6.1,4.0
2023,116,joneshe01,24,NOP,PF,66,66,1951,12.1,.567,.333,.321,5.6,10.0,7.8,11.1,2.6,2.1,13.3,14.5,1.5,2.7,4.2,.104,-1.9,1.7,-0.3,0.8
2023,117,craigto01,32,PHO,PF,79,60,1948,11.6,.566,.506,.090,8.1,16.3,12.1,7.9,1.3,2.9,12.3,13.0,1.5,2.5,4.0,.098,-1.3,0.7,-0.6,0.7
2023,118,moranja01,23,MEM,PG,61,59,1948,23.3,.557,.247,.409,3.3,16.1,9.7,41.1,1.6,0.7,12.6,34.9,3.4,2.6,6.0,.148,5.2,0.5,5.7,3.8
2023,119,olynyke01,31,UTA,C,68,68,1942,14.4,.643,.424,.417,4.6,18.6,11.7,17.6,1.5,1.6,20.3,17.8,2.4,1.9,4.3,.106,-0.4,0.9,0.4,1.2
2023,120,curryst01,34,GSW,PG,56,56,1941,24.1,.656,.564,.248,2.3,16.8,9.7,30.0,1.3,0.9,12.5,31.0,5.8,2.0,7.8,.192,7.5,0.1,7.5,4.7
2023,121,jonesty01,26,MEM,PG,80,22,1940,16.0,.546,.459,.141,1.5,9.4,5.5,28.8,2.0,0.3,8.9,17.7,3.4,2.3,5.7,.141,1.2,0.3,1.6,1.7
2023,122,georgpa01,32,LAC,SF,56,56,1939,19.6,.588,.424,.293,2.6,17.0,9.9,24.2,2.1,0.9,13.4,29.5,2.3,2.3,4.6,.114,2.4,0.3,2.8,2.3
2023,123,horfoal01,36,BOS,C,63,63,1922,13.8,.631,.678,.044,4.2,17.7,11.1,13.2,0.8,2.7,7.0,11.9,3.6,2.7,6.3,.157,1.6,1.7,3.3,2.5
2023,124,tuckepj01,37,PHI,PF,75,75,1920,5.7,.566,.622,.102,5.9,12.1,9.1,3.9,1.0,0.7,15.8,6.5,0.9,1.7,2.5,.064,-3.2,0.2,-3.0,-0.5
2023,125,mcdanja01,25,2TM,SF,80,24,1913,11.8,.557,.376,.224,3.6,16.3,9.9,9.6,2.1,1.6,12.1,17.2,0.5,2.2,2.7,.068,-2.7,0.6,-2.1,-0.1
2023,125,mcdanja01,25,CHO,SF,56,21,1494,11.6,.551,.409,.211,3.1,16.5,9.6,10.5,2.1,1.7,12.9,17.5,0.1,1.7,1.8,.057,-2.7,0.7,-2.0,0.0
2023,125,mcdanja01,25,PHI,SF,24,3,419,12.5,.580,.244,.276,5.5,15.8,10.7,6.5,2.0,1.1,8.6,16.1,0.4,0.5,1.0,.109,-2.5,-0.1,-2.6,-0.1
2023,126,poeltja01,27,2TM,C,72,71,1906,21.0,.635,.002,.325,13.0,25.5,19.0,15.2,1.7,4.0,15.0,18.2,3.7,2.2,6.0,.150,1.1,0.8,1.9,1.9
2023,126,poeltja01,27,SAS,C,46,46,1199,19.7,.625,.003,.332,13.3,25.0,18.9,17.0,1.4,3.6,17.8,18.6,1.8,1.1,2.9,.115,0.5,0.4,0.9,0.9
2023,126,poeltja01,27,TOR,C,26,25,707,23.1,.652,.000,.313,12.5,26.4,19.0,12.1,2.1,4.7,10.0,17.5,1.9,1.2,3.1,.209,2.2,1.5,3.6,1.0
2023,127,davisan02,29,LAL,C,56,54,1904,27.8,.627,.077,.462,11.3,27.6,19.7,13.0,1.5,5.1,9.5,28.4,5.5,3.4,9.0,.226,4.6,1.7,6.3,4.0
2023,128,divindo01,26,GSW,SG,72,36,1894,12.8,.593,.700,.131,4.7,14.0,9.4,17.3,2.4,0.5,16.4,15.1,1.9,2.3,4.2,.106,-0.6,1.3,0.7,1.3
2023,129,bogdabo02,33,DET,PF,59,59,1893,17.4,.627,.400,.344,2.0,11.3,6.5,13.6,0.9,0.4,11.7,25.9,3.1,0.4,3.5,.090,2.6,-1.8,0.8,1.4
2023,130,paulch01,37,PHO,PG,59,59,1889,17.7,.555,.391,.240,1.6,13.4,7.4,38.7,2.4,1.0,13.4,19.2,3.7,2.5,6.2,.156,2.0,1.2,3.2,2.5
2023,131,halibty01,22,IND,PG,56,56,1883,23.6,.624,.478,.239,1.9,10.1,6.0,47.6,2.3,1.1,13.2,23.8,6.4,1.2,7.6,.195,7.0,0.2,7.2,4.4
2023,132,vandeja01,23,2TM,PF,78,65,1879,15.1,.604,.200,.308,10.0,23.2,16.7,13.1,2.1,0.9,15.9,13.6,2.7,2.5,5.2,.132,-0.6,1.6,1.1,1.5
2023,132,vandeja01,23,UTA,PF,52,41,1254,16.0,.607,.183,.328,10.6,24.5,17.6,15.3,2.0,1.0,16.0,14.1,2.1,1.6,3.6,.139,0.0,1.5,1.5,1.1
2023,132,vandeja01,23,LAL,PF,26,24,625,13.2,.598,.236,.264,8.7,20.6,14.8,8.8,2.3,0.8,15.7,12.5,0.6,0.9,1.5,.118,-1.7,1.9,0.2,0.4
2023,133,mannte01,26,LAC,SG,81,36,1872,13.4,.619,.378,.225,4.7,11.8,8.3,14.0,1.1,1.0,12.2,15.3,2.8,1.5,4.3,.111,-0.3,0.1,-0.2,0.8
2023,134,browntr01,23,LAL,SF,76,45,1860,9.6,.561,.604,.084,3.7,13.7,8.9,6.6,1.5,0.7,9.2,12.1,1.0,2.0,2.9,.075,-1.8,0.8,-1.0,0.5
2023,135,okongon01,22,ATL,C,80,18,1849,19.4,.678,.026,.394,12.7,21.5,17.0,5.8,1.4,4.9,12.2,15.1,4.7,2.4,7.1,.185,0.0,0.8,0.8,1.3
2023,136,reaveau01,24,LAL,SG,64,22,1843,14.9,.687,.441,.541,2.0,9.0,5.6,15.7,0.8,0.9,14.0,16.2,4.1,1.4,5.4,.142,0.6,0.1,0.7,1.2
2023,137,banede01,24,MEM,SG,58,58,1841,19.1,.606,.433,.218,2.5,14.3,8.4,20.8,1.4,1.1,10.9,26.1,3.5,2.3,5.8,.151,3.3,0.1,3.5,2.5
2023,138,bookede01,26,PHO,SG,53,53,1835,22.0,.601,.296,.336,2.7,12.0,7.2,27.3,1.4,0.9,10.6,31.8,4.2,1.9,6.0,.157,4.5,-0.3,4.2,2.9
2023,139,morrima03,33,LAC,PF,65,65,1825,10.5,.534,.479,.135,1.8,13.9,7.9,8.9,1.1,1.0,7.6,17.6,0.4,1.6,2.0,.053,-1.8,-0.2,-1.9,0.0
2023,140,turnemy01,26,IND,C,62,62,1825,20.0,.651,.340,.377,5.4,22.9,14.2,7.5,0.9,6.6,10.8,22.0,3.4,2.0,5.4,.142,1.4,0.7,2.1,1.9
2023,141,portibo01,27,MIL,PF,70,22,1818,17.8,.575,.320,.156,9.2,28.6,19.3,8.7,0.8,0.7,8.6,21.7,2.5,2.8,5.3,.139,1.2,-0.6,0.7,1.2
2023,142,nesmiaa01,23,IND,SF,73,60,1816,10.5,.566,.532,.241,3.8,13.1,8.5,7.4,1.4,1.6,10.3,16.8,0.9,1.1,2.0,.052,-2.3,-0.7,-3.0,-0.4
2023,143,beverpa01,34,2TM,SG,67,67,1816,8.9,.534,.664,.181,2.7,12.0,7.5,13.3,1.7,2.0,13.4,10.6,0.8,2.1,3.0,.079,-2.9,1.7,-1.2,0.3
2023,143,beverpa01,34,LAL,SG,45,45,1211,8.3,.548,.656,.207,2.2,9.9,6.2,12.1,1.6,1.7,13.8,10.6,0.5,1.3,1.8,.071,-3.2,1.4,-1.8,0.1
2023,143,beverpa01,34,CHI,PG,22,22,605,10.1,.506,.681,.126,3.8,16.0,10.0,15.7,1.9,2.6,12.5,10.5,0.3,0.9,1.2,.096,-2.4,2.2,-0.2,0.3
2023,144,carteje01,27,MIL,PG,81,39,1810,10.9,.560,.596,.067,2.1,9.3,5.8,14.5,1.7,1.3,11.8,15.3,1.2,2.3,3.5,.092,-1.9,1.2,-0.6,0.6
2023,145,portemi01,24,DEN,SF,62,62,1798,16.8,.621,.556,.147,4.2,17.2,10.9,5.3,1.0,1.4,7.3,22.7,2.6,1.8,4.3,.116,2.0,-1.8,0.2,1.0
2023,146,marshna01,25,NOP,SF,77,21,1792,11.4,.539,.382,.306,3.0,14.6,8.8,14.4,1.5,0.7,13.0,17.8,0.5,2.0,2.5,.068,-1.9,0.0,-1.9,0.1
2023,147,jacksja02,23,MEM,C,63,63,1787,21.6,.613,.343,.372,6.4,18.8,12.6,5.0,1.7,9.6,10.1,24.7,2.8,3.8,6.6,.177,0.7,2.0,2.8,2.2
2023,148,sharpsh01,19,POR,SG,80,15,1779,11.5,.568,.437,.162,4.0,11.3,7.6,7.9,1.0,1.2,10.7,19.0,0.6,0.6,1.2,.032,-1.3,-2.0,-3.3,-0.6
2023,149,fultzma01,24,ORL,PG,60,60,1778,16.6,.564,.128,.211,4.4,10.5,7.4,29.8,2.4,1.4,15.8,21.3,1.7,2.0,3.7,.100,-0.1,0.7,0.5,1.2
2023,150,easonta01,21,HOU,PF,82,5,1767,15.2,.525,.261,.220,12.0,18.9,15.4,7.4,2.6,2.6,12.2,19.3,0.9,1.7,2.6,.070,-1.3,-0.4,-1.7,0.1
2023,151,vincega01,26,MIA,PG,68,34,1759,9.0,.533,.617,.138,1.7,8.1,4.8,13.9,1.8,0.3,13.3,17.5,-0.3,1.7,1.4,.038,-3.1,-0.3,-3.4,-0.6
2023,152,leonaka01,31,LAC,SF,52,50,1748,23.9,.623,.287,.320,3.7,17.8,10.8,19.6,2.0,1.4,8.1,27.0,4.9,2.2,7.1,.194,5.1,0.9,6.1,3.5
2023,153,brogdma01,30,BOS,PG,67,0,1744,18.2,.615,.406,.251,2.7,14.7,8.8,21.5,1.3,0.9,10.8,22.8,3.6,2.2,5.8,.161,2.3,0.6,2.8,2.1
2023,154,woodch01,27,DAL,C,67,17,1738,20.6,.624,.363,.365,5.8,27.4,16.4,11.7,0.9,3.7,11.9,26.4,2.7,2.1,4.8,.132,1.9,-0.3,1.7,1.6
2023,155,whiteco01,22,CHI,SG,74,2,1730,12.5,.572,.579,.118,1.1,12.6,6.9,16.3,1.5,0.3,10.6,17.9,1.2,1.9,3.1,.087,-1.0,0.2,-0.8,0.5
2023,156,capelca01,28,ATL,C,65,63,1730,22.1,.656,.002,.244,16.1,29.4,22.7,4.7,1.2,3.9,8.3,15.7,4.9,2.4,7.2,.201,2.3,-0.1,2.2,1.8
2023,157,monkma01,24,SAC,SG,77,0,1719,16.6,.587,.500,.260,2.1,11.3,6.7,25.0,1.4,1.0,14.1,25.8,2.1,1.2,3.2,.091,1.6,-1.4,0.3,1.0
2023,158,lowryky01,36,MIA,PG,55,44,1718,12.6,.565,.639,.278,2.8,12.9,7.7,23.4,1.7,1.2,15.9,16.7,1.5,1.9,3.4,.096,-0.7,0.8,0.2,0.9
2023,159,batumni01,34,LAC,PF,78,19,1709,11.0,.594,.832,.126,4.1,15.4,9.8,9.4,1.5,2.3,11.1,11.5,1.7,1.9,3.6,.101,-0.8,1.2,0.5,1.0
2023,160,kesslwa01,21,UTA,C,74,40,1703,21.5,.702,.007,.384,14.9,24.4,19.7,5.7,0.7,8.6,10.7,13.3,4.6,2.5,7.1,.200,1.4,1.5,2.9,2.1
2023,161,morrimo01,27,WAS,PG,62,61,1695,15.0,.579,.396,.150,1.8,11.6,6.9,26.4,1.2,0.6,9.9,15.6,3.1,1.1,4.2,.120,0.8,-0.4,0.5,1.1
2023,162,cartewe01,23,ORL,C,57,54,1690,17.3,.621,.367,.318,8.0,25.3,16.6,12.0,0.9,1.9,13.2,20.5,2.6,2.0,4.6,.130,0.9,0.1,1.0,1.3
2023,163,aldamsa01,22,MEM,PF,77,20,1682,13.9,.591,.507,.274,5.4,18.0,11.7,7.6,1.3,2.6,9.3,16.0,2.1,2.4,4.6,.130,-0.3,0.8,0.5,1.1
2023,164,bealbr01,29,WAS,SG,50,50,1673,19.7,.593,.249,.260,2.8,9.9,6.5,26.6,1.3,1.7,12.9,29.2,2.2,1.2,3.4,.099,2.9,-1.2,1.8,1.6
2023,165,duranke01,34,2TM,PF,47,47,1672,25.9,.677,.267,.387,1.2,19.5,10.5,24.5,1.0,3.4,13.4,30.7,4.7,2.1,6.8,.194,6.0,1.2,7.1,3.9
2023,165,duranke01,34,BRK,PF,39,39,1403,26.2,.673,.257,.390,1.1,19.4,10.5,25.9,1.1,3.5,13.7,31.5,3.9,1.7,5.7,.194,5.8,1.2,7.0,3.2
2023,165,duranke01,34,PHO,PF,8,8,269,24.3,.697,.320,.375,1.2,20.2,10.5,17.3,0.4,3.3,11.8,26.8,0.8,0.3,1.1,.196,7.1,0.9,8.0,0.7
2023,166,durenja01,19,DET,C,67,31,1670,17.3,.655,.005,.394,14.7,25.1,19.7,6.8,1.3,3.1,16.5,14.3,2.9,1.6,4.5,.129,-0.4,-0.4,-0.8,0.5
2023,167,jacksre01,32,2TM,PG,68,40,1657,10.0,.514,.450,.122,1.7,8.0,4.9,20.0,1.4,0.3,14.6,20.8,-0.6,1.2,0.6,.018,-2.9,-1.1,-3.9,-0.8
2023,167,jacksre01,32,LAC,PG,52,38,1338,10.3,.523,.430,.129,1.9,7.8,4.9,19.8,1.4,0.3,15.1,20.8,-0.4,1.0,0.6,.020,-2.6,-1.0,-3.7,-0.6
2023,167,jacksre01,32,DEN,PG,16,2,319,9.0,.476,.531,.094,1.1,8.8,5.0,20.9,1.4,0.3,12.5,20.8,-0.2,0.2,0.1,.008,-3.8,-1.3,-5.1,-0.3
2023,168,okorois01,22,CLE,SF,76,46,1652,10.7,.614,.483,.291,3.7,9.6,6.7,7.0,1.7,1.7,9.5,11.9,1.9,2.3,4.2,.122,-1.9,1.6,-0.3,0.7
2023,169,harteis01,24,NYK,C,82,8,1626,14.2,.567,.113,.217,14.1,22.2,18.1,8.3,1.6,3.7,15.6,11.2,2.2,2.4,4.6,.136,-1.5,1.2,-0.3,0.7
2023,170,gaffoda01,24,WAS,C,78,47,1604,19.7,.739,.000,.473,11.7,18.0,15.0,7.5,1.0,5.2,15.1,15.2,4.2,1.9,6.1,.184,0.4,0.6,1.0,1.2
2023,171,robinmi01,24,NYK,C,59,58,1591,18.9,.652,.000,.436,18.4,20.0,19.2,4.5,1.7,6.5,10.9,10.1,4.0,2.6,6.5,.197,1.0,1.4,2.4,1.7
2023,172,eubandr01,25,POR,C,78,28,1584,16.2,.666,.054,.374,9.5,20.9,15.2,9.2,1.2,5.7,14.7,12.5,2.9,1.6,4.4,.134,-0.9,0.9,0.1,0.8
2023,173,haywago01,32,CHO,SF,50,50,1577,13.5,.563,.275,.274,2.2,12.6,7.3,19.3,1.3,0.7,13.2,20.0,0.8,1.1,2.0,.059,-1.1,-0.3,-1.4,0.2
2023,174,carusal01,28,CHI,PG,67,36,1575,11.5,.588,.528,.255,3.1,10.9,7.1,15.4,3.0,2.8,19.5,11.1,1.0,2.6,3.6,.109,-2.2,3.3,1.1,1.2
2023,175,miltosh01,26,PHI,SG,76,11,1567,12.7,.575,.294,.231,3.0,11.3,7.2,22.3,0.8,0.8,14.5,18.5,1.6,1.2,2.9,.087,-1.0,-0.9,-2.0,0.0
2023,176,powelno01,29,LAC,SG,60,8,1567,17.1,.612,.404,.390,1.7,10.7,6.3,11.0,1.6,1.0,10.8,26.0,2.1,1.4,3.5,.107,0.9,-0.7,0.3,0.9
2023,177,anthoco01,22,ORL,PG,60,4,1552,16.0,.570,.338,.279,3.4,17.6,10.5,22.9,1.2,1.9,11.7,21.5,2.1,1.7,3.7,.116,0.7,0.5,1.3,1.3
2023,178,branhma01,19,SAS,SG,66,32,1550,9.5,.524,.417,.115,1.9,11.2,6.4,11.4,1.0,0.4,10.6,19.1,-0.4,0.2,-0.1,-0.004,-3.0,-2.1,-5.2,-1.3
2023,179,osmande01,27,CLE,SF,77,2,1548,12.0,.579,.589,.204,1.9,11.5,6.7,10.6,1.1,0.7,8.3,18.2,1.4,1.9,3.3,.103,-0.8,0.2,-0.7,0.5
2023,180,oubreke01,27,CHO,SF,48,40,1548,14.8,.534,.414,.254,4.4,12.9,8.6,5.6,2.1,1.0,6.6,26.5,0.1,1.5,1.7,.051,-0.4,-0.7,-1.1,0.3
2023,181,greenjo02,22,DAL,SG,60,21,1539,11.2,.645,.442,.246,4.1,9.7,6.9,9.7,1.4,0.3,14.5,14.6,1.7,0.9,2.6,.082,-1.9,-0.6,-2.4,-0.2
2023,182,ingrabr01,25,NOP,SF,45,45,1538,19.2,.582,.196,.326,1.7,16.4,9.1,28.1,1.0,1.2,13.4,30.8,1.8,1.7,3.5,.108,2.2,-0.4,1.7,1.5
2023,183,richajo01,29,2TM,SG,65,10,1530,12.3,.555,.529,.146,2.9,9.9,6.3,15.8,2.2,1.2,12.7,18.4,0.6,1.1,1.8,.055,-1.0,-0.1,-1.2,0.3
2023,183,richajo01,29,SAS,SG,42,6,997,13.6,.556,.510,.148,3.2,10.1,6.5,19.3,1.9,0.9,12.7,20.5,0.6,0.4,1.0,.047,-0.1,-1.0,-1.1,0.2
2023,183,richajo01,29,NOP,SG,23,4,533,9.9,.550,.581,.142,2.3,9.6,6.0,9.2,2.6,1.6,12.8,14.5,0.1,0.7,0.8,.071,-2.9,1.5,-1.3,0.1
2023,184,harrijo01,31,BRK,SF,74,33,1527,10.6,.621,.757,.064,1.7,10.1,6.0,9.1,1.1,0.7,8.3,14.3,1.5,1.1,2.6,.083,-0.6,-0.6,-1.1,0.3
2023,185,mccontj01,30,IND,PG,75,6,1526,16.8,.590,.113,.131,3.3,13.7,8.5,37.9,2.5,0.6,20.6,19.1,1.9,1.2,3.1,.098,0.4,0.1,0.5,1.0
2023,186,bouchch01,30,TOR,PF,76,0,1523,18.0,.590,.357,.318,10.9,21.2,15.7,2.7,1.5,4.1,6.4,18.0,3.0,2.0,5.0,.156,0.7,-0.8,-0.1,0.7
2023,187,niangge01,29,PHI,PF,78,1,1512,10.9,.610,.765,.090,1.5,12.8,7.2,7.3,1.0,0.9,9.4,17.0,1.1,1.4,2.5,.078,-0.4,-1.0,-1.4,0.2
2023,188,bogdabo01,30,ATL,SG,54,9,1508,14.2,.586,.589,.126,1.6,10.4,6.0,13.4,1.4,1.0,9.2,19.8,1.8,1.0,2.8,.088,1.1,-0.7,0.5,0.9
2023,189,leeda03,30,PHO,SG,74,5,1506,10.7,.607,.546,.230,2.8,14.0,8.3,8.9,1.0,0.4,13.5,16.3,1.1,1.4,2.6,.081,-1.3,-0.4,-1.7,0.1
2023,190,bolbo01,23,ORL,PF,70,33,1505,14.4,.603,.236,.226,5.2,25.3,15.2,6.9,1.0,5.5,17.6,18.2,0.0,2.2,2.3,.072,-1.8,0.9,-0.9,0.4
2023,191,konchjo01,26,MEM,SF,72,23,1494,10.8,.542,.553,.113,4.5,17.4,11.0,8.2,2.4,1.5,9.9,10.4,1.0,2.5,3.5,.111,-1.9,2.4,0.5,0.9
2023,192,hachiru01,24,2TM,PF,63,9,1466,13.2,.556,.274,.204,4.1,16.5,10.5,5.8,0.6,1.5,7.7,20.2,0.6,1.3,1.8,.060,-1.3,-1.0,-2.2,-0.1
2023,192,hachiru01,24,WAS,PF,30,0,728,13.6,.558,.275,.179,3.0,16.0,9.8,7.3,0.7,1.4,9.3,23.0,0.0,0.5,0.6,.038,-1.2,-1.4,-2.6,-0.1
2023,192,hachiru01,24,LAL,PF,33,9,738,12.7,.553,.273,.235,5.1,17.0,11.2,4.4,0.5,1.6,5.6,17.4,0.5,0.7,1.2,.081,-1.4,-0.5,-1.9,0.0
2023,193,poweldw01,31,DAL,C,76,64,1458,15.5,.738,.019,.625,11.8,13.3,12.5,6.9,1.6,1.6,15.9,12.6,3.8,1.3,5.1,.168,-1.2,0.0,-1.2,0.3
2023,194,sochaje01,19,SAS,PF,56,53,1458,11.4,.509,.243,.210,6.9,15.6,11.0,13.6,1.4,1.3,13.9,19.8,-0.5,0.7,0.2,.005,-2.8,-1.2,-4.0,-0.7
2023,195,bateske01,27,SAS,PF,67,42,1452,14.9,.609,.305,.323,4.7,14.3,9.3,9.8,1.5,1.1,9.5,16.7,2.1,0.6,2.7,.089,0.3,-0.9,-0.6,0.5
2023,196,mitchda01,24,SAC,PG,80,9,1447,9.4,.545,.494,.078,1.3,7.0,4.1,16.5,1.5,0.9,13.1,14.1,0.7,0.8,1.5,.050,-2.4,-0.4,-2.8,-0.3
2023,197,connapa01,30,MIL,SF,61,33,1443,10.0,.531,.765,.097,3.8,16.2,10.2,6.9,1.2,0.6,7.0,13.8,0.7,1.8,2.5,.085,-1.3,0.3,-1.0,0.3
2023,198,colliza01,25,SAS,C,63,26,1441,16.4,.599,.268,.259,8.5,22.5,15.2,18.0,1.2,2.8,17.4,21.2,1.2,1.0,2.2,.074,-0.5,0.3,-0.2,0.6
2023,199,stewais01,21,DET,C,50,47,1414,13.1,.560,.465,.338,8.7,23.3,15.8,7.3,0.7,2.1,11.8,17.3,1.1,0.9,2.0,.068,-1.0,-1.1,-2.1,0.0
2023,200,griffaj01,19,ATL,SF,72,12,1401,12.6,.577,.486,.088,2.9,9.2,6.0,7.0,1.4,0.7,7.1,17.9,1.3,0.9,2.2,.075,-0.3,-0.5,-0.8,0.4
2023,201,joeis01,23,OKC,SG,73,10,1395,14.5,.626,.776,.197,2.0,11.6,6.7,8.7,1.6,0.5,6.6,17.7,2.5,1.3,3.8,.131,1.3,-0.4,0.9,1.0
2023,202,kuminjo01,20,GSW,PF,67,16,1394,13.3,.597,.294,.278,5.6,12.5,9.1,12.7,1.4,2.0,14.6,19.6,1.0,1.4,2.4,.084,-1.7,-0.1,-1.7,0.1
2023,203,nurkiju01,28,POR,C,52,52,1391,17.3,.589,.236,.380,9.3,29.7,19.5,16.4,1.5,2.8,16.8,22.1,1.2,1.5,2.7,.092,-0.6,0.7,0.1,0.7
2023,204,smithde03,25,CHO,PG,54,15,1390,11.6,.475,.246,.235,2.0,11.0,6.4,26.1,2.6,1.6,14.1,17.6,-0.4,1.5,1.1,.039,-3.5,1.2,-2.2,-0.1
2023,205,nancela02,30,NOP,C,65,1,1381,16.0,.649,.138,.259,8.7,20.3,14.5,11.7,2.0,2.6,11.0,11.9,2.8,2.1,4.9,.171,0.0,2.0,2.0,1.4
2023,206,okogijo01,24,PHO,SG,72,26,1350,13.3,.531,.476,.464,8.8,11.9,10.3,10.3,2.0,2.3,11.2,17.7,1.1,1.7,2.8,.101,-0.8,0.5,-0.2,0.6
2023,207,grahade01,27,2TM,PG,73,8,1338,12.5,.552,.784,.304,1.6,8.7,5.1,19.4,1.6,1.1,9.8,17.1,1.5,1.0,2.5,.091,0.1,-0.2,-0.1,0.6
2023,207,grahade01,27,NOP,PG,53,0,811,11.8,.545,.823,.255,1.7,8.4,5.0,18.7,1.8,1.2,9.5,15.0,0.9,0.9,1.8,.105,-0.4,0.6,0.2,0.4
2023,207,grahade01,27,SAS,PG,20,8,527,13.6,.559,.740,.360,1.4,9.3,5.2,20.4,1.3,0.9,10.1,20.2,0.6,0.1,0.8,.069,1.0,-1.4,-0.4,0.2
2023,208,rosste01,31,2TM,SG,63,9,1330,10.2,.544,.555,.073,1.8,11.2,6.5,10.2,1.3,0.7,8.2,16.8,0.5,1.2,1.6,.059,-1.8,-0.3,-2.1,0.0
2023,208,rosste01,31,ORL,SG,42,9,944,8.6,.543,.535,.067,1.2,9.0,5.1,8.1,1.3,0.8,10.7,15.7,-0.1,0.7,0.6,.032,-2.7,-0.4,-3.1,-0.3
2023,208,rosste01,31,PHO,SG,21,0,386,14.2,.546,.590,.084,3.4,16.7,9.9,15.4,1.3,0.5,3.4,19.7,0.6,0.4,1.0,.127,0.3,0.2,0.5,0.2
2023,209,kennalu01,26,2TM,SG,59,14,1315,13.0,.684,.704,.102,1.2,11.8,6.6,9.4,1.2,0.3,10.3,14.5,2.2,1.2,3.4,.124,0.6,-0.1,0.5,0.8
2023,209,kennalu01,26,LAC,SG,35,11,725,10.5,.623,.626,.095,0.9,11.8,6.4,7.1,1.3,0.5,12.0,15.0,0.5,0.6,1.1,.070,-1.4,0.0,-1.4,0.1
2023,209,kennalu01,26,MEM,SG,24,3,590,16.0,.758,.801,.111,1.6,11.8,6.7,12.1,1.0,0.2,8.2,13.7,1.7,0.6,2.3,.189,3.0,-0.2,2.9,0.7
2023,210,mcderdo01,31,SAS,SF,64,0,1314,11.1,.590,.570,.134,1.8,10.0,5.8,9.8,0.5,0.4,9.5,19.2,1.0,0.0,1.0,.035,-0.7,-2.5,-3.2,-0.4
2023,211,hortota01,22,UTA,SG,65,20,1313,13.7,.508,.331,.274,3.4,13.7,8.6,27.4,1.5,1.9,15.5,25.9,-0.3,1.1,0.8,.029,-1.1,-0.5,-1.6,0.2
2023,212,alvarjo01,24,NOP,PG,61,10,1310,11.8,.525,.505,.164,2.4,9.8,6.1,19.9,2.5,0.7,13.4,19.8,0.1,1.7,1.8,.066,-2.0,0.7,-1.2,0.3
2023,213,wiggiaa01,24,OKC,SG,70,14,1297,12.2,.607,.336,.196,5.5,12.0,8.7,8.3,1.4,1.1,12.2,14.5,1.4,1.2,2.6,.097,-1.5,-0.5,-2.1,0.0
2023,214,walkelo01,24,LAL,SG,56,32,1297,12.2,.570,.472,.201,1.2,7.6,4.5,7.0,1.1,1.1,7.4,20.2,0.8,1.0,1.8,.066,-0.9,-0.5,-1.4,0.2
2023,215,hausesa01,25,BOS,SF,80,8,1290,12.7,.634,.846,.043,3.0,14.1,8.6,7.6,1.1,1.4,6.9,14.7,1.8,1.6,3.4,.128,0.6,0.4,1.0,1.0
2023,216,smithja04,22,IND,C,68,31,1279,15.9,.565,.376,.270,11.2,22.9,17.1,7.6,0.8,4.0,11.2,21.0,1.1,1.1,2.3,.085,-0.9,-1.1,-2.1,0.0
2023,217,ballla01,21,CHO,PG,36,36,1268,17.9,.541,.531,.169,3.5,16.2,9.7,38.7,1.7,0.8,14.3,30.0,0.6,1.2,1.8,.068,3.2,-0.8,2.4,1.4
2023,218,roddyda01,21,MEM,PF,70,4,1258,8.8,.519,.505,.155,4.2,12.0,8.1,6.1,1.1,1.4,11.3,16.7,-0.3,1.4,1.1,.043,-3.2,-0.7,-3.9,-0.6
2023,219,nowelja01,23,MIN,SG,65,2,1252,13.7,.527,.371,.158,3.3,11.7,7.6,15.9,1.6,0.3,8.9,25.0,0.0,1.2,1.2,.046,-1.5,-1.0,-2.5,-0.2
2023,220,reidna01,23,MIN,C,68,11,1251,18.5,.617,.376,.220,6.6,22.8,14.9,9.6,1.6,3.7,12.7,24.8,1.1,1.9,3.0,.114,0.3,0.8,1.0,1.0
2023,221,lylestr01,27,SAC,PF,74,0,1247,14.2,.607,.588,.304,6.3,21.1,13.7,7.0,1.0,2.2,12.2,18.1,1.4,1.2,2.6,.098,0.0,-0.9,-1.0,0.3
2023,222,suggsja01,21,ORL,SG,53,19,1246,12.5,.528,.455,.268,5.0,9.6,7.3,18.0,2.6,2.1,15.9,20.3,-0.2,1.5,1.4,.053,-1.8,0.8,-1.0,0.3
2023,223,loveke01,34,2TM,PF,62,20,1240,13.1,.548,.698,.215,5.5,32.6,18.9,13.2,0.6,0.9,13.1,19.2,0.6,2.0,2.6,.099,0.2,0.4,0.6,0.8
2023,223,loveke01,34,CLE,PF,41,3,821,13.6,.555,.684,.221,6.0,34.2,20.1,12.8,0.4,0.8,13.1,19.6,0.5,1.4,1.9,.112,0.8,0.6,1.4,0.7
2023,223,loveke01,34,MIA,PF,21,17,419,12.3,.535,.727,.201,4.6,29.6,16.6,14.0,1.1,1.2,13.2,18.5,0.1,0.6,0.7,.075,-1.0,-0.1,-1.1,0.1
2023,224,josepco01,31,DET,PG,62,2,1227,12.1,.558,.513,.205,1.8,7.9,4.8,25.4,1.3,0.6,12.8,15.2,1.5,0.3,1.8,.070,-0.7,-0.8,-1.5,0.2
2023,225,wrighde01,30,WAS,PG,50,14,1221,16.3,.581,.409,.206,5.5,10.7,8.2,20.9,3.7,1.2,12.2,12.9,2.1,1.6,3.7,.146,0.4,3.1,3.4,1.7
2023,226,richani01,25,CHO,C,65,9,1217,18.3,.676,.003,.585,12.6,24.0,18.2,4.5,0.4,5.1,13.0,15.6,2.7,1.5,4.2,.165,-1.0,-0.2,-1.3,0.2
2023,227,curryse01,32,BRK,SG,61,7,1211,12.3,.593,.517,.122,1.2,7.9,4.6,11.9,1.5,0.5,9.7,19.2,0.9,0.9,1.8,.070,-1.2,-0.9,-2.1,0.0
2023,228,agbajoc01,22,UTA,SG,59,22,1209,9.5,.561,.591,.179,3.9,6.9,5.4,7.5,0.6,1.0,9.0,15.8,0.9,0.4,1.3,.053,-1.7,-1.4,-3.0,-0.3
2023,229,willike04,28,OKC,PF,53,10,1206,14.4,.585,.387,.113,8.5,14.9,11.6,11.7,1.8,1.1,8.1,13.7,2.0,1.3,3.3,.133,0.1,0.4,0.5,0.8
2023,230,thybuma01,25,2TM,SG,71,28,1200,10.5,.552,.585,.111,3.9,9.7,6.8,5.9,3.4,2.4,8.3,10.6,0.6,1.5,2.1,.086,-2.7,2.2,-0.5,0.4
2023,230,thybuma01,25,PHI,SF,49,6,591,10.0,.536,.543,.103,4.1,8.5,6.3,5.1,3.8,2.2,6.2,9.8,0.3,0.9,1.3,.102,-3.2,3.3,0.1,0.3
2023,230,thybuma01,25,POR,SG,22,22,609,11.0,.566,.620,.117,3.7,10.8,7.3,6.6,3.0,2.6,10.0,11.4,0.3,0.6,0.9,.070,-2.2,1.1,-1.2,0.1
2023,231,liveris01,24,DET,PF,52,22,1199,8.4,.567,.705,.135,2.5,11.0,6.6,4.8,1.1,2.1,9.0,11.9,0.5,0.5,1.0,.041,-2.1,-0.3,-2.4,-0.1
2023,232,johnsca02,26,2TM,PF,42,41,1199,17.1,.617,.538,.253,3.2,14.0,8.6,9.6,2.0,1.0,6.6,20.6,2.1,1.4,3.5,.142,2.0,0.6,2.6,1.4
2023,232,johnsca02,26,PHO,PF,17,16,429,17.4,.629,.572,.191,3.5,13.4,8.4,8.9,1.7,1.3,5.1,19.6,0.9,0.5,1.4,.161,3.2,0.6,3.8,0.6
2023,232,johnsca02,26,BRK,PF,25,25,770,16.9,.610,.518,.289,3.0,14.3,8.8,10.0,2.2,0.9,7.4,21.1,1.2,0.9,2.1,.131,1.4,0.6,2.0,0.8
2023,233,lamban01,25,GSW,SF,62,4,1195,10.9,.610,.634,.191,5.3,14.4,9.9,10.5,1.1,1.5,13.7,13.8,1.2,1.2,2.4,.096,-1.6,0.4,-1.1,0.3
2023,234,princta02,28,MIN,PF,54,4,1192,10.0,.597,.512,.203,1.4,10.8,6.2,9.6,1.1,1.1,14.3,17.3,0.3,1.0,1.3,.052,-2.6,-0.6,-3.3,-0.4
2023,235,wiggian01,27,GSW,SF,37,37,1190,14.7,.564,.425,.136,5.7,11.3,8.6,10.5,1.8,2.1,7.9,21.5,1.0,1.3,2.3,.091,-0.1,-0.4,-0.5,0.5
2023,236,nworajo01,24,2TM,SF,62,14,1188,12.2,.561,.474,.193,4.7,15.8,10.4,10.5,1.0,1.0,12.0,19.4,0.5,1.0,1.5,.060,-0.8,-1.3,-2.1,0.0
2023,236,nworajo01,24,MIL,SF,38,3,597,10.0,.530,.518,.218,5.3,14.8,10.2,8.4,1.0,1.0,13.6,17.6,0.0,0.7,0.7,.057,-2.0,-0.4,-2.4,0.0
2023,236,nworajo01,24,IND,SF,24,11,591,14.4,.586,.440,.173,4.1,16.9,10.5,12.6,1.0,1.0,10.7,21.2,0.5,0.3,0.8,.064,0.4,-2.2,-1.8,0.0
2023,237,harriga01,28,ORL,SG,48,42,1184,10.5,.620,.710,.098,2.0,7.4,4.7,6.9,1.8,1.0,8.0,12.6,1.3,1.1,2.3,.095,-1.4,0.7,-0.7,0.4
2023,238,manntr01,21,OKC,PG,67,5,1183,10.0,.492,.513,.110,2.4,11.8,7.0,14.0,1.6,0.9,10.6,20.7,-0.6,1.1,0.5,.021,-3.0,-1.0,-3.9,-0.6
2023,239,watfotr01,22,POR,PF,62,12,1182,13.6,.625,.198,.310,4.1,19.2,11.6,16.0,1.3,0.9,16.2,16.1,1.3,0.7,2.1,.084,-1.4,-0.4,-1.8,0.1
2023,240,braunch01,21,DEN,SG,76,6,1181,10.3,.568,.332,.221,4.8,12.6,8.8,6.4,1.7,1.3,9.9,13.0,0.7,1.2,1.9,.079,-2.5,0.1,-2.4,-0.1
2023,241,tillmxa01,24,MEM,C,61,29,1180,17.3,.621,.049,.291,10.9,16.7,13.8,10.9,2.3,2.2,11.3,13.7,2.3,1.9,4.2,.171,0.3,1.7,1.9,1.2
2023,242,vassede01,22,SAS,SG,38,32,1178,15.5,.550,.447,.168,0.7,13.5,6.9,17.3,1.7,1.2,8.2,24.4,0.7,0.5,1.2,.051,1.3,-0.9,0.4,0.7
2023,243,sextoco01,24,UTA,PG,48,15,1145,15.9,.616,.261,.425,3.5,6.3,5.0,17.9,1.1,0.4,13.3,23.4,2.0,0.5,2.5,.105,0.1,-1.5,-1.3,0.2
2023,244,achiupr01,23,TOR,C,55,12,1140,15.2,.554,.267,.307,9.3,24.4,16.3,6.3,1.3,2.6,11.4,19.4,0.8,1.4,2.2,.093,-1.4,-0.8,-2.3,-0.1
2023,245,adamsst01,29,MEM,C,42,42,1133,17.5,.564,.004,.490,20.1,25.3,22.7,11.2,1.5,3.7,19.8,14.6,1.3,2.1,3.4,.144,-0.3,0.9,0.6,0.7
2023,246,burksal01,31,DET,SG,51,8,1122,16.5,.602,.521,.410,1.8,14.2,7.8,15.9,1.6,0.6,9.7,22.8,1.9,0.6,2.5,.109,1.8,-0.5,1.2,0.9
2023,247,stevela01,25,CLE,SF,62,25,1120,9.5,.524,.330,.198,5.0,16.7,10.9,4.0,1.2,1.6,7.9,13.6,0.3,1.6,1.9,.080,-3.0,0.2,-2.8,-0.2
2023,248,wagnemo01,25,ORL,C,57,18,1109,17.4,.630,.412,.460,7.0,19.4,13.2,11.5,1.6,1.1,12.5,21.1,2.1,1.3,3.4,.149,0.4,0.2,0.6,0.7
2023,249,goodwjo01,24,WAS,PG,62,7,1106,14.8,.531,.334,.195,6.0,14.3,10.3,20.8,2.6,2.0,12.9,17.3,0.9,1.3,2.2,.097,-0.7,1.4,0.7,0.8
2023,250,oladivi01,30,MIA,SG,42,2,1106,10.6,.513,.526,.196,1.6,12.3,6.8,19.8,2.6,1.1,16.6,21.1,-0.9,1.5,0.6,.024,-2.9,0.8,-2.1,0.0
2023,251,simmobe01,26,BRK,PG,42,33,1105,13.4,.559,.009,.243,4.2,22.2,13.4,31.3,2.4,1.9,27.2,14.3,0.5,1.7,2.2,.097,-2.2,2.6,0.4,0.7
2023,252,greenje02,36,DEN,PF,56,4,1091,11.0,.576,.317,.357,4.1,10.9,7.6,8.3,0.8,1.4,10.8,17.0,0.8,0.8,1.7,.074,-2.4,-1.0,-3.4,-0.4
2023,253,clarkbr01,26,MEM,PF,56,8,1090,20.0,.682,.017,.393,9.0,21.2,15.1,9.5,1.5,3.1,11.8,17.7,2.7,1.8,4.5,.199,0.8,1.8,2.5,1.3
2023,254,hylanbo01,22,2TM,PG,56,1,1085,14.9,.535,.552,.179,2.1,11.8,7.1,23.4,1.8,1.2,11.7,28.0,0.3,1.1,1.4,.062,0.4,-1.2,-0.8,0.3
2023,254,hylanbo01,22,DEN,PG,42,1,820,14.5,.540,.555,.189,1.4,10.4,6.0,22.0,1.7,1.4,12.5,28.5,0.1,0.8,0.9,.051,0.6,-1.4,-0.8,0.3
2023,254,hylanbo01,22,LAC,PG,14,0,265,16.4,.518,.540,.146,4.3,16.3,10.4,27.6,2.0,0.7,9.3,26.5,0.2,0.3,0.5,.094,-0.2,-0.7,-0.9,0.1
2023,255,brissos01,24,IND,PF,65,2,1083,10.6,.520,.486,.455,6.4,16.0,11.2,5.4,1.4,1.0,8.2,16.1,0.4,0.7,1.1,.050,-2.0,-1.2,-3.2,-0.3
2023,256,bryanth01,25,2TM,C,59,26,1081,19.7,.682,.160,.341,8.9,24.6,17.0,4.3,0.7,2.4,8.2,18.2,2.7,1.4,4.1,.183,1.1,-0.5,0.6,0.7
2023,256,bryanth01,25,LAL,C,41,25,876,21.5,.712,.166,.359,8.5,25.1,17.1,5.0,0.8,2.2,7.4,18.2,2.7,1.2,3.8,.211,2.4,-0.1,2.3,0.9
2023,256,bryanth01,25,DEN,C,18,1,205,11.8,.547,.132,.265,11.0,22.4,16.8,1.3,0.5,3.0,11.6,18.2,0.0,0.2,0.3,.066,-4.4,-2.2,-6.6,-0.2
2023,257,toppiob01,24,NYK,PF,67,5,1050,13.6,.565,.589,.112,3.0,16.6,9.8,9.2,1.1,1.1,8.0,19.5,1.1,1.0,2.1,.095,0.3,-0.8,-0.5,0.4
2023,258,inglejo01,35,MIL,SF,46,0,1044,10.7,.616,.819,.085,1.4,11.1,6.4,18.4,1.5,0.5,17.6,12.6,1.1,1.2,2.3,.107,-1.6,0.8,-0.7,0.3
2023,259,johnsja05,21,ATL,SF,70,6,1042,14.1,.554,.323,.242,5.3,24.6,14.8,10.4,1.7,2.8,10.3,16.0,0.8,1.3,2.1,.099,-1.2,1.5,0.3,0.6
2023,260,jacksis01,21,IND,C,63,12,1042,17.5,.595,.044,.459,12.1,18.0,15.0,7.0,1.4,7.7,11.8,17.4,1.5,1.2,2.7,.124,-1.7,0.9,-0.8,0.3
2023,261,daniedy01,19,NOP,PG,59,11,1042,8.8,.503,.413,.192,3.9,16.5,10.2,16.4,2.0,1.0,20.2,11.6,-0.1,1.4,1.3,.061,-3.4,1.6,-1.8,0.0
2023,262,gabriwe01,25,LAL,C,68,2,1024,14.4,.626,.138,.323,12.6,17.2,15.0,4.8,1.2,2.9,13.4,14.1,1.5,1.3,2.8,.132,-2.3,0.1,-2.2,-0.1
2023,263,riverau01,30,MIN,SG,52,10,1016,7.4,.564,.589,.187,0.6,8.4,4.6,9.3,1.3,0.3,9.2,10.5,0.5,0.8,1.3,.061,-3.3,0.5,-2.8,-0.2
2023,264,diallha01,24,DET,SF,56,0,996,15.7,.593,.056,.395,6.2,15.7,10.8,9.2,2.6,1.4,13.9,21.8,0.4,0.9,1.3,.063,-1.8,0.4,-1.4,0.1
2023,265,bartowi01,32,2TM,SG,56,2,993,10.0,.493,.495,.129,1.7,13.5,7.7,15.4,1.4,1.1,11.1,18.9,-0.4,0.8,0.4,.021,-2.0,-0.6,-2.6,-0.2
2023,265,bartowi01,32,WAS,SG,40,0,782,10.0,.504,.484,.158,1.5,13.8,7.9,16.5,1.1,1.1,12.9,19.4,-0.4,0.6,0.2,.013,-1.7,-0.9,-2.7,-0.1
2023,265,bartowi01,32,TOR,SG,16,2,211,9.9,.451,.532,.025,2.5,12.2,7.0,11.0,2.6,1.4,3.6,16.7,0.0,0.2,0.2,.051,-2.9,0.5,-2.5,0.0
2023,266,baglema01,23,DET,C,42,25,990,17.2,.587,.173,.283,10.2,20.2,15.1,5.9,0.9,2.7,9.7,20.4,1.3,0.7,2.0,.095,0.3,-1.2,-0.9,0.3
2023,267,reddica01,23,2TM,SF,40,20,990,10.6,.561,.462,.240,2.0,8.1,5.0,8.1,1.9,1.3,12.0,17.1,0.3,0.7,0.9,.046,-2.6,-0.8,-3.4,-0.4
2023,267,reddica01,23,NYK,SF,20,8,438,10.6,.558,.412,.243,1.7,6.0,3.9,6.3,1.7,1.7,9.1,16.2,0.3,0.4,0.7,.071,-2.2,0.0,-2.3,0.0
2023,267,reddica01,23,POR,SF,20,12,552,10.6,.563,.500,.239,2.3,9.6,5.9,9.6,2.1,1.0,14.1,17.8,0.0,0.3,0.3,.025,-3.0,-1.4,-4.3,-0.3
2023,268,landajo01,27,PHO,C,69,4,979,16.4,.595,.249,.312,13.2,18.6,15.8,10.1,0.8,2.7,13.3,19.3,1.5,1.2,2.7,.132,-0.7,-0.4,-1.1,0.2
2023,269,littlna01,22,POR,SF,54,4,976,10.2,.555,.521,.152,3.2,13.5,8.3,7.3,1.0,1.8,10.0,16.0,0.2,0.4,0.7,.032,-1.6,-1.4,-3.0,-0.3
2023,270,garubus01,20,HOU,C,75,1,970,12.9,.569,.333,.266,13.4,21.4,17.4,8.8,2.2,2.9,19.2,10.5,0.9,0.9,1.8,.091,-2.0,0.6,-1.4,0.2
2023,271,thorjt01,20,CHO,PF,69,8,969,7.0,.506,.517,.197,3.9,13.0,8.4,4.9,1.1,2.1,14.5,13.1,-0.6,0.8,0.2,.009,-4.3,-0.4,-4.7,-0.7
2023,272,highsha01,26,MIA,PF,54,11,969,8.5,.517,.505,.130,6.7,16.4,11.4,6.2,1.9,1.8,16.5,12.5,-0.3,1.3,0.9,.046,-3.7,0.7,-3.1,-0.3
2023,273,payneca01,28,PHO,PG,48,15,968,13.2,.512,.408,.141,1.3,11.0,6.1,32.6,1.7,0.7,14.4,24.8,0.0,1.0,1.1,.053,-0.5,-0.7,-1.2,0.2
2023,274,nunnke01,27,2TM,SG,70,2,964,11.1,.530,.496,.091,1.8,10.3,6.2,13.8,1.4,0.6,12.4,23.7,-0.6,0.8,0.2,.008,-2.0,-1.5,-3.5,-0.4
2023,274,nunnke01,27,LAL,SG,39,2,528,8.7,.503,.502,.084,1.0,9.8,5.6,9.3,1.0,0.5,10.6,23.3,-0.6,0.4,-0.2,-0.021,-3.4,-1.6,-5.0,-0.4
2023,274,nunnke01,27,WAS,SG,31,0,436,14.1,.563,.487,.101,2.7,10.8,6.9,19.2,1.9,0.8,14.4,24.2,0.0,0.4,0.4,.043,-0.4,-1.3,-1.6,0.0
2023,275,townska01,27,MIN,PF,29,29,957,18.8,.618,.383,.315,5.7,21.6,13.8,22.0,1.0,1.5,15.0,25.6,1.5,1.1,2.7,.133,2.1,0.9,3.0,1.2
2023,276,willizi01,22,NOP,PF,29,29,956,25.2,.652,.041,.529,6.9,17.0,12.0,24.4,1.6,1.6,14.6,30.4,2.3,1.2,3.6,.180,4.8,1.0,5.8,1.9
2023,277,knoxke01,23,2TM,SF,63,5,952,11.1,.579,.560,.181,3.9,17.3,10.5,5.2,1.2,1.1,12.2,18.4,0.2,0.5,0.7,.034,-2.1,-1.4,-3.5,-0.4
2023,277,knoxke01,23,DET,SF,42,1,593,10.3,.612,.648,.184,3.6,17.0,10.1,3.7,1.1,1.8,14.2,16.2,0.2,0.3,0.5,.043,-2.1,-0.6,-2.8,-0.1
2023,277,knoxke01,23,POR,PF,21,4,359,12.4,.540,.458,.176,4.4,17.7,11.0,7.7,1.4,0.0,9.8,22.1,0.0,0.2,0.1,.019,-2.0,-2.7,-4.6,-0.2
2023,278,thomaca02,21,BRK,SG,57,4,948,14.7,.567,.292,.382,1.0,10.1,5.6,12.7,1.0,0.6,10.6,27.8,0.3,0.7,1.0,.049,-0.7,-2.0,-2.7,-0.2
2023,279,muscami01,31,2TM,C,63,9,945,13.0,.608,.709,.178,4.2,19.1,11.6,7.1,0.8,2.3,6.8,15.1,1.4,1.1,2.5,.128,-0.3,-0.1,-0.4,0.4
2023,279,muscami01,31,OKC,C,43,5,622,13.8,.602,.700,.192,3.9,19.7,11.6,8.2,0.8,2.8,6.0,15.7,1.0,0.7,1.7,.134,0.3,-0.1,0.1,0.3
2023,279,muscami01,31,BOS,C,20,4,323,11.6,.623,.730,.146,4.8,18.0,11.5,5.0,0.6,1.3,8.7,14.0,0.4,0.4,0.8,.116,-1.5,0.1,-1.4,0.1
2023,280,klebima01,31,DAL,PF,37,5,930,8.7,.592,.663,.225,3.7,13.3,8.4,7.5,0.6,2.9,12.7,10.3,0.7,0.6,1.3,.067,-2.2,0.0,-2.2,0.0
2023,281,watanyu01,28,BRK,SF,58,1,928,12.1,.637,.582,.203,3.7,13.1,8.5,7.0,1.3,1.6,8.0,13.1,1.3,0.9,2.1,.111,-0.4,-0.2,-0.6,0.3
2023,282,wainris01,28,PHO,SF,60,2,915,9.2,.522,.762,.137,5.3,11.6,8.4,7.4,2.0,2.2,8.4,12.2,0.5,1.2,1.7,.089,-2.7,1.5,-1.2,0.2
2023,283,nixda01,20,HOU,PG,57,7,914,5.3,.447,.591,.152,2.1,9.7,5.9,19.2,1.6,0.7,25.4,15.4,-1.5,0.3,-1.2,-0.062,-5.0,-1.5,-6.5,-1.0
2023,284,willija07,20,OKC,C,49,36,914,11.2,.559,.483,.231,5.1,23.6,14.1,10.7,1.5,1.2,12.6,13.5,0.7,1.2,1.9,.099,-2.3,0.6,-1.7,0.1
2023,285,duartch01,25,IND,SF,46,12,897,8.6,.496,.523,.216,2.4,11.9,7.1,9.7,1.3,0.9,10.1,19.0,-0.5,0.4,0.0,-0.003,-2.9,-1.6,-4.5,-0.6
2023,286,jonesde02,25,CHI,PF,64,0,893,13.8,.597,.348,.365,7.7,11.6,9.7,5.1,1.6,4.0,8.6,14.5,1.2,1.2,2.4,.131,-1.2,0.8,-0.4,0.3
2023,287,wadede01,26,CLE,PF,44,13,891,8.5,.550,.718,.130,2.6,17.2,9.9,5.4,1.6,2.2,8.3,10.2,0.4,1.4,1.8,.097,-2.9,2.1,-0.7,0.3
2023,288,cancavl01,25,DEN,PF,60,9,889,11.0,.606,.507,.181,3.2,13.1,8.3,11.5,1.2,1.4,13.1,13.8,0.9,0.8,1.7,.093,-1.7,-0.1,-1.8,0.0
2023,289,alexani01,24,2TM,SG,59,3,884,11.6,.565,.539,.203,1.9,10.5,6.3,16.7,1.7,2.0,14.6,17.9,0.3,0.8,1.1,.062,-1.4,0.4,-0.9,0.2
2023,289,alexani01,24,UTA,SG,36,3,528,13.0,.609,.512,.229,1.7,10.3,6.0,19.9,2.2,2.2,19.4,18.4,0.3,0.5,0.8,.074,-0.6,1.1,0.5,0.3
2023,289,alexani01,24,MIN,SG,23,0,356,9.6,.503,.576,.168,2.2,10.8,6.6,12.0,1.1,1.7,6.9,17.3,0.0,0.3,0.3,.044,-2.5,-0.5,-3.0,-0.1
2023,290,biyombi01,30,PHO,C,61,14,874,14.4,.555,.000,.340,11.0,22.1,16.5,8.7,1.0,9.0,17.7,14.0,0.2,1.6,1.9,.102,-3.4,2.5,-0.9,0.2
2023,291,dragigo01,36,2TM,PG,58,0,870,10.3,.514,.433,.134,2.1,8.2,5.2,24.3,0.7,0.4,15.1,21.1,-0.3,0.7,0.4,.025,-2.1,-1.8,-3.9,-0.4
2023,291,dragigo01,36,CHI,PG,51,0,787,10.2,.514,.428,.137,1.9,7.9,5.0,24.7,0.7,0.5,15.0,21.0,-0.2,0.6,0.4,.023,-2.1,-1.6,-3.7,-0.3
2023,291,dragigo01,36,MIL,PG,7,0,83,11.4,.516,.472,.111,3.9,10.9,7.5,20.2,1.2,0.0,15.6,22.7,0.0,0.1,0.1,.037,-2.3,-2.9,-5.2,-0.1
2023,292,wisemja01,21,2TM,C,45,22,867,15.6,.589,.059,.286,9.2,25.2,17.0,5.5,0.4,2.7,11.8,21.2,0.7,0.7,1.4,.077,-2.1,-1.4,-3.5,-0.3
2023,292,wisemja01,21,GSW,C,21,0,262,17.1,.655,.021,.404,7.7,22.7,15.3,8.0,0.5,2.4,11.2,20.0,0.5,0.3,0.8,.144,-1.3,-0.5,-1.7,0.0
2023,292,wisemja01,21,DET,C,24,22,605,15.0,.563,.073,.241,9.8,26.3,17.8,4.4,0.3,2.9,12.0,21.7,0.2,0.4,0.6,.049,-2.5,-1.8,-4.3,-0.4
2023,293,maledth01,21,CHO,PG,44,7,854,11.6,.515,.374,.291,1.7,13.9,7.7,24.2,2.1,1.2,17.1,17.0,0.0,0.9,0.8,.047,-3.0,0.5,-2.5,-0.1
2023,294,drumman01,29,CHI,C,67,0,849,20.8,.606,.011,.456,18.7,40.2,29.6,5.7,2.6,3.1,18.6,21.0,0.8,2.0,2.8,.159,-1.2,0.5,-0.8,0.3
2023,295,holidaa01,26,ATL,PG,63,6,845,9.4,.528,.400,.145,3.2,6.4,4.8,13.0,2.1,1.2,13.3,13.4,0.3,0.6,0.9,.053,-2.9,0.9,-2.0,0.0
2023,296,langfro01,23,SAS,SG,43,21,844,10.4,.524,.236,.216,7.1,7.7,7.4,7.9,1.3,1.3,9.6,15.4,0.3,0.2,0.5,.029,-2.6,-1.5,-4.2,-0.5
2023,297,daviste02,25,SAC,SG,64,5,841,12.9,.563,.668,.118,2.7,16.1,9.4,11.1,2.4,1.2,12.2,22.2,0.0,0.9,0.9,.054,-1.3,-0.3,-1.5,0.1
2023,298,hillge01,36,2TM,SG,46,1,834,10.6,.610,.572,.331,2.0,8.6,5.4,16.7,1.5,0.6,15.2,11.3,1.1,0.8,1.9,.107,-2.4,0.9,-1.5,0.1
2023,298,hillge01,36,MIL,PG,35,0,668,9.8,.575,.561,.348,2.1,8.1,5.2,16.8,1.4,0.4,15.1,11.3,0.7,0.7,1.4,.100,-2.8,1.2,-1.7,0.0
2023,298,hillge01,36,IND,SG,11,1,166,14.1,.751,.618,.265,1.3,10.7,6.0,16.7,2.0,1.6,15.6,11.4,0.4,0.1,0.5,.136,-0.6,0.0,-0.6,0.1
2023,299,willima07,21,CHO,C,43,17,828,19.8,.659,.000,.386,11.7,27.7,19.6,3.3,1.6,4.7,12.0,17.0,1.5,1.3,2.8,.163,-0.5,0.6,0.1,0.4
2023,300,williro04,25,BOS,C,35,20,824,19.8,.742,.006,.241,14.0,24.5,19.3,8.5,1.3,5.0,15.3,11.8,2.3,1.6,3.8,.224,1.0,2.4,3.3,1.1
2023,301,matthwe02,36,MIL,SF,52,0,820,7.0,.519,.775,.175,4.5,9.7,7.2,5.1,1.2,1.3,9.5,9.8,0.3,0.9,1.2,.073,-3.4,0.8,-2.7,-0.1
2023,302,moodymo01,20,GSW,SG,63,3,817,10.3,.603,.595,.233,3.8,10.2,7.1,8.2,1.0,0.8,12.0,14.6,0.7,0.6,1.3,.076,-1.7,-0.9,-2.6,-0.1
2023,303,gayru01,36,UTA,PF,56,0,816,9.0,.475,.453,.171,4.4,17.0,10.8,9.4,1.1,1.9,10.7,17.7,-0.4,0.7,0.3,.018,-3.6,-0.4,-4.0,-0.4
2023,304,jeromty01,25,GSW,SG,45,2,816,12.8,.594,.372,.169,1.0,9.4,5.3,22.1,1.3,0.5,10.3,14.9,1.4,0.7,2.1,.124,-1.1,0.3,-0.8,0.3
2023,305,robinje02,22,OKC,PF,43,20,814,13.0,.548,.448,.169,9.2,14.7,11.9,7.0,1.4,1.2,6.7,14.6,1.1,0.8,1.9,.111,-0.8,-0.7,-1.5,0.1
2023,306,simsje01,24,NYK,C,52,16,812,13.8,.780,.009,.150,13.3,19.4,16.4,4.0,0.9,3.2,19.1,7.4,1.6,0.9,2.6,.153,-1.0,0.5,-0.5,0.3
2023,307,houstca01,20,ORL,SF,51,4,812,6.2,.508,.747,.099,4.7,9.1,6.9,4.9,0.7,0.8,8.7,11.0,0.1,0.5,0.7,.039,-3.1,-0.9,-4.0,-0.4
2023,308,houseda01,29,PHI,SF,56,5,807,9.4,.600,.558,.305,1.3,12.2,6.9,7.5,0.9,1.0,10.4,13.8,0.6,0.7,1.3,.075,-2.5,-0.5,-3.0,-0.2
2023,309,shamela01,25,PHO,SG,40,9,807,10.9,.537,.663,.170,1.5,7.9,4.6,15.7,1.6,0.6,10.0,18.9,0.5,0.7,1.2,.071,-1.1,-0.3,-1.4,0.1
2023,310,saricda01,28,2TM,C,57,12,806,13.5,.583,.415,.274,7.1,21.4,14.1,12.7,1.2,0.8,15.1,19.2,0.7,1.0,1.7,.099,-1.5,0.1,-1.4,0.1
2023,310,saricda01,28,PHO,PF,37,12,533,12.3,.545,.388,.247,7.9,21.9,14.8,14.6,1.2,0.8,15.4,18.7,0.3,0.7,0.9,.085,-2.3,0.3,-2.0,0.0
2023,310,saricda01,28,OKC,C,20,0,273,15.9,.650,.465,.323,5.4,20.5,12.8,8.9,1.2,0.7,14.4,20.2,0.4,0.3,0.7,.127,0.1,-0.2,-0.2,0.1
2023,311,kornelu01,27,BOS,C,69,0,804,16.7,.697,.076,.229,11.9,14.8,13.4,9.1,0.7,4.9,11.8,11.5,2.1,1.2,3.3,.198,-0.4,1.3,1.0,0.6
2023,312,kolokch01,22,TOR,C,58,19,802,11.4,.517,.080,.393,11.1,13.3,12.1,5.0,1.3,6.9,10.2,10.4,0.7,1.0,1.7,.104,-4.3,0.8,-3.5,-0.3
2023,313,middlkh01,31,MIL,SF,33,19,801,17.4,.551,.399,.251,3.8,14.0,9.1,30.7,1.4,0.5,13.6,27.4,1.0,1.0,1.9,.117,1.0,-0.3,0.8,0.6
2023,314,greenja01,32,GSW,PF,57,1,797,15.5,.650,.440,.266,10.1,18.0,14.1,8.9,1.5,2.5,15.6,17.5,1.2,1.0,2.2,.133,-0.7,0.2,-0.5,0.3
2023,315,youngth01,34,TOR,PF,54,9,795,14.1,.573,.172,.131,9.4,14.6,11.8,12.9,3.4,0.6,16.7,13.5,0.7,1.1,1.8,.109,-1.8,1.9,0.1,0.4
2023,316,mcgowbr01,20,CHO,SG,46,7,787,7.2,.519,.396,.396,2.7,10.1,6.3,9.1,0.9,0.7,15.3,15.0,-0.4,0.4,0.1,.005,-4.6,-1.4,-6.0,-0.8
2023,317,chrisjo01,21,HOU,SG,64,2,786,11.5,.523,.271,.182,2.8,7.2,5.0,14.3,2.0,1.9,14.4,21.9,-0.3,0.3,0.0,-0.001,-3.0,-1.4,-4.3,-0.5
2023,318,covinro01,32,LAC,PF,48,0,779,14.2,.584,.594,.175,4.5,19.2,11.9,10.2,2.4,3.7,11.5,15.6,0.7,1.2,1.9,.117,-0.5,2.1,1.7,0.7
2023,319,winslju01,26,POR,PF,29,11,776,9.3,.466,.227,.141,7.2,14.3,10.7,17.2,1.9,1.3,17.0,14.2,-0.1,0.5,0.4,.022,-3.4,0.6,-2.8,-0.2
2023,320,bambamo01,24,2TM,C,49,7,769,15.7,.602,.515,.257,8.5,24.2,16.4,8.7,0.8,5.3,10.1,16.6,1.1,1.1,2.2,.139,-0.2,0.7,0.5,0.5
2023,320,bambamo01,24,ORL,C,40,6,681,16.3,.613,.505,.238,7.8,22.8,15.3,9.0,0.9,5.4,8.5,16.3,1.2,0.9,2.1,.150,0.4,0.9,1.3,0.6
2023,320,bambamo01,24,LAL,C,9,1,88,11.4,.518,.593,.407,13.9,35.3,24.9,6.0,0.5,4.8,20.1,19.1,-0.1,0.2,0.1,.054,-5.3,-0.2,-5.5,-0.1
2023,321,fontesi01,27,UTA,SF,52,6,766,8.0,.495,.612,.141,4.4,7.7,6.1,7.5,0.9,0.9,10.5,20.2,-0.4,0.3,-0.1,-0.004,-3.0,-2.1,-5.2,-0.6
2023,322,mcbrimi01,22,NYK,PG,64,2,760,8.4,.475,.623,.195,1.9,5.4,3.6,12.4,2.4,1.0,9.7,14.6,0.0,0.7,0.7,.047,-3.6,1.4,-2.3,-0.1
2023,323,reedpa01,23,PHI,C,69,2,755,19.2,.620,.029,.244,17.8,23.1,20.5,5.3,3.0,6.3,16.3,16.4,1.2,1.6,2.8,.180,-1.6,1.5,-0.1,0.4
2023,324,walljo01,32,LAC,PG,34,3,755,13.6,.498,.322,.334,2.1,11.4,6.8,35.3,1.8,1.4,17.1,27.0,-0.4,0.7,0.3,.020,-0.8,-0.4,-1.2,0.1
2023,325,hamptrj01,21,2TM,SG,47,3,750,10.8,.558,.489,.321,2.6,10.5,6.5,10.4,1.7,1.1,13.4,17.8,0.1,0.5,0.7,.042,-2.3,-0.6,-2.9,-0.2
2023,325,hamptrj01,21,ORL,SG,26,0,361,12.5,.572,.465,.325,2.8,9.4,6.1,13.4,2.1,1.1,13.9,18.0,0.2,0.4,0.6,.077,-1.5,0.3,-1.2,0.1
2023,325,hamptrj01,21,DET,SG,21,3,389,9.3,.546,.512,.317,2.5,11.5,6.8,7.5,1.4,1.1,13.0,17.6,-0.1,0.2,0.1,.010,-3.0,-1.4,-4.4,-0.2
2023,326,sumneed01,27,BRK,SG,53,12,736,14.0,.597,.323,.401,2.0,9.9,6.0,13.3,2.1,1.2,13.6,22.1,0.6,0.7,1.3,.086,-2.4,-0.2,-2.6,-0.1
2023,327,nnajize01,22,DEN,PF,53,5,728,12.5,.620,.332,.316,10.5,11.2,10.9,3.3,1.1,2.8,12.2,15.2,0.9,0.7,1.6,.106,-2.7,-0.9,-3.7,-0.3
2023,328,hardyja02,20,DAL,SG,48,5,708,14.6,.571,.468,.237,1.8,13.0,7.3,14.9,1.2,0.9,11.1,26.4,0.2,0.5,0.7,.048,-0.4,-1.9,-2.3,0.0
2023,329,holidju01,33,2TM,SF,46,2,706,6.6,.494,.701,.039,0.8,8.1,4.4,7.5,1.3,2.3,9.6,14.1,-0.4,0.5,0.1,.008,-3.7,-0.1,-3.9,-0.3
2023,329,holidju01,33,ATL,SF,28,0,411,6.1,.504,.696,.000,0.5,5.7,3.1,7.6,0.6,2.1,8.8,14.0,-0.1,0.2,0.1,.007,-3.1,-0.6,-3.7,-0.2
2023,329,holidju01,33,DAL,SF,18,2,295,7.4,.479,.709,.101,1.2,11.6,6.3,7.5,2.4,2.7,10.8,14.2,-0.3,0.3,0.1,.009,-4.6,0.5,-4.1,-0.2
2023,330,beaucma01,22,MIL,SF,52,11,701,8.2,.513,.584,.152,5.9,11.0,8.5,6.7,1.4,0.8,14.8,18.3,-0.4,0.8,0.4,.027,-4.1,-0.6,-4.8,-0.5
2023,331,pokusal01,21,OKC,PF,34,25,701,13.4,.522,.418,.141,6.8,17.8,12.2,12.4,1.4,5.7,14.0,18.3,0.0,1.0,1.0,.066,-1.0,1.0,0.0,0.3
2023,332,toscaju01,29,2TM,SF,52,9,700,7.2,.505,.301,.168,4.4,14.4,9.5,11.8,1.1,1.2,18.1,11.3,-0.1,0.6,0.5,.038,-4.6,0.8,-3.8,-0.3
2023,332,toscaju01,29,LAL,SF,30,7,365,7.5,.558,.303,.227,4.3,13.3,8.9,8.6,1.3,1.6,19.0,10.4,0.0,0.4,0.4,.055,-4.6,1.2,-3.4,-0.1
2023,332,toscaju01,29,UTA,SF,22,2,335,6.9,.457,.299,.117,4.6,15.6,10.2,15.2,0.9,0.8,17.4,12.2,-0.1,0.2,0.1,.019,-4.7,0.4,-4.3,-0.2
2023,333,flynnma01,24,TOR,PG,53,2,691,8.7,.479,.550,.136,2.3,10.8,6.2,13.7,1.5,0.6,8.9,17.4,0.0,0.5,0.5,.034,-3.3,-0.8,-4.1,-0.4
2023,334,robindu01,28,MIA,SF,42,1,691,7.8,.534,.810,.135,1.3,10.7,5.9,9.7,1.0,0.0,10.0,17.9,-0.1,0.6,0.5,.035,-3.5,-1.5,-5.0,-0.5
2023,335,metuch01,25,SAC,PF,66,0,689,17.3,.639,.174,.333,7.8,24.9,16.4,8.1,1.5,2.7,11.3,17.6,1.2,0.8,2.1,.143,-0.3,0.2,-0.1,0.3
2023,336,warretj01,29,2TM,PF,42,0,687,13.5,.550,.248,.130,4.2,15.4,9.8,8.7,1.6,1.5,6.5,19.5,0.4,0.8,1.2,.081,-1.7,-0.2,-2.0,0.0
2023,336,warretj01,29,BRK,PF,26,0,490,14.3,.576,.240,.165,3.1,13.2,8.3,9.1,1.5,1.2,7.3,20.9,0.3,0.5,0.8,.081,-1.4,-0.6,-2.0,0.0
2023,336,warretj01,29,PHO,SF,16,0,197,11.6,.473,.271,.029,7.2,20.7,13.8,7.7,1.7,2.3,4.1,16.0,0.0,0.3,0.3,.080,-2.5,0.6,-1.9,0.0
2023,337,mathega01,26,2TM,SG,54,0,686,9.7,.573,.896,.264,1.7,10.0,5.8,5.1,1.7,0.7,7.8,14.7,0.7,0.3,1.0,.067,-2.0,-0.4,-2.4,-0.1
2023,337,mathega01,26,HOU,SG,45,0,602,9.1,.564,.912,.265,1.8,9.6,5.7,5.1,1.9,0.6,8.7,14.3,0.5,0.2,0.7,.058,-2.3,-0.2,-2.5,-0.1
2023,337,mathega01,26,ATL,SG,9,0,84,14.0,.623,.806,.258,1.3,13.2,7.2,4.7,0.6,1.0,2.8,17.8,0.2,0.0,0.2,.127,0.7,-2.4,-1.7,0.0
2023,338,harremo01,29,PHI,C,57,7,681,17.6,.631,.029,.483,11.8,15.7,13.8,7.4,1.2,3.4,12.1,18.9,1.3,0.8,2.2,.153,-0.9,-0.4,-1.3,0.1
2023,339,mclaujo01,26,MIN,PG,43,0,678,11.8,.526,.538,.124,2.5,7.6,5.1,27.4,2.2,0.5,17.7,11.7,0.7,0.6,1.3,.094,-1.3,0.6,-0.7,0.2
2023,340,tateja01,27,HOU,SF,31,7,677,12.2,.546,.201,.301,6.6,12.6,9.6,18.2,1.5,1.0,15.3,18.8,0.4,0.3,0.7,.049,-2.8,-0.7,-3.5,-0.3
2023,341,weslebl01,19,SAS,SG,37,1,669,3.5,.393,.242,.205,1.9,11.7,6.6,18.6,1.8,0.6,21.7,18.5,-1.9,0.3,-1.6,-0.114,-7.9,-1.8,-9.6,-1.3
2023,342,mamuksa01,23,2TM,C,43,7,660,13.4,.516,.430,.248,11.2,19.0,15.1,12.8,1.0,1.5,12.1,18.2,0.4,0.5,0.9,.063,-1.1,-1.3,-2.4,-0.1
2023,342,mamuksa01,23,MIL,C,24,0,217,8.5,.432,.552,.310,9.0,17.6,13.4,9.3,0.9,1.9,12.0,14.5,-0.1,0.3,0.2,.049,-4.0,0.4,-3.6,-0.1
2023,342,mamuksa01,23,SAS,C,19,7,443,15.9,.545,.390,.227,12.3,19.7,15.9,14.6,1.1,1.3,12.1,20.1,0.4,0.2,0.6,.070,0.3,-2.1,-1.8,0.0
2023,343,omorueu01,25,2TM,SF,40,6,645,10.9,.533,.390,.329,7.1,11.8,9.4,6.3,2.1,0.4,11.5,19.3,0.1,0.5,0.6,.042,-3.5,-0.9,-4.4,-0.4
2023,343,omorueu01,25,OKC,SF,23,2,272,10.6,.531,.330,.298,8.5,12.1,10.3,5.6,2.4,0.0,13.1,18.8,0.0,0.3,0.3,.052,-4.4,-0.5,-4.9,-0.2
2023,343,omorueu01,25,DET,SF,17,4,373,11.2,.533,.433,.351,6.1,11.6,8.8,6.8,1.8,0.7,10.4,19.7,0.1,0.2,0.3,.034,-2.9,-1.2,-4.1,-0.2
2023,344,pritcpa01,25,BOS,PG,48,3,643,10.3,.536,.629,.065,4.3,10.5,7.5,14.0,1.1,0.1,13.7,19.8,-0.1,0.7,0.6,.045,-2.1,-1.2,-3.4,-0.2
2023,345,coffeam01,25,LAC,SF,50,9,625,7.0,.498,.276,.434,3.1,6.4,4.7,11.2,0.5,0.7,10.8,13.5,0.1,0.3,0.4,.033,-4.3,-0.7,-5.0,-0.5
2023,346,gillan01,30,WAS,PF,59,8,624,11.1,.604,.220,.508,6.9,10.6,8.8,7.2,0.5,1.6,8.5,12.3,1.0,0.4,1.3,.101,-2.4,-0.9,-3.3,-0.2
2023,347,walkeja01,20,POR,PF,56,0,619,9.6,.496,.283,.227,8.8,15.5,12.2,7.8,0.8,1.9,11.8,17.3,-0.1,0.3,0.2,.015,-3.9,-2.1,-6.1,-0.6
2023,348,bazleda01,22,2TM,C,43,1,616,13.1,.524,.290,.383,5.8,18.5,12.1,8.3,1.7,5.1,11.2,16.4,0.1,0.9,1.0,.078,-2.0,1.0,-1.0,0.2
2023,348,bazleda01,22,OKC,C,36,1,555,12.9,.525,.285,.411,5.5,18.3,11.8,7.6,1.6,4.8,10.5,15.7,0.1,0.8,0.9,.079,-1.8,0.8,-1.0,0.1
2023,348,bazleda01,22,PHO,C,7,0,61,15.5,.515,.320,.200,8.9,20.4,14.5,14.5,2.4,7.3,15.5,22.5,0.0,0.1,0.1,.066,-3.7,3.3,-0.4,0.0
2023,349,hernaju01,27,TOR,PF,42,10,614,7.6,.504,.588,.140,4.6,19.1,11.3,5.2,1.3,0.9,11.0,9.4,0.1,0.6,0.7,.053,-3.5,0.2,-3.3,-0.2
2023,350,hayesja02,22,NOP,C,47,2,610,13.7,.605,.186,.532,7.3,17.3,12.3,7.7,1.6,3.0,13.9,15.7,0.6,0.9,1.5,.118,-2.2,1.0,-1.2,0.1
2023,351,ntilila01,24,DAL,SG,47,5,607,5.2,.461,.508,.250,1.3,10.7,5.9,12.8,1.3,1.0,16.5,13.1,-0.5,0.4,-0.1,-0.010,-6.1,-0.7,-6.7,-0.7
2023,352,jordade01,34,DEN,C,39,8,586,14.7,.731,.009,.417,10.5,28.6,19.8,7.7,1.0,3.5,26.1,13.7,0.5,0.9,1.4,.112,-2.4,0.7,-1.8,0.0
2023,353,griffbl01,33,BOS,C,41,16,569,13.1,.590,.508,.246,9.2,20.4,14.9,14.2,1.2,1.4,13.2,12.7,1.0,0.8,1.8,.153,-1.4,1.5,0.1,0.3
2023,354,diengou01,19,OKC,PF,39,1,569,9.3,.505,.541,.127,3.5,16.5,9.9,10.7,1.2,1.1,12.0,15.9,-0.1,0.6,0.4,.038,-3.1,-0.5,-3.6,-0.2
2023,355,dunnkr01,28,UTA,PG,22,3,568,19.1,.606,.167,.245,1.7,17.1,9.5,32.3,2.1,1.5,12.8,20.2,1.3,0.6,1.9,.162,0.7,1.7,2.4,0.6
2023,356,millspa02,34,BRK,PG,40,2,567,10.6,.554,.641,.144,1.6,7.0,4.4,13.9,1.3,0.5,11.9,19.7,0.0,0.4,0.4,.035,-1.4,-1.7,-3.1,-0.2
2023,357,rubiori01,32,CLE,PG,33,2,566,10.4,.442,.461,.197,1.9,12.7,7.3,27.1,2.3,1.0,13.8,17.7,-0.2,0.9,0.7,.062,-3.8,1.1,-2.8,-0.1
2023,358,willizi02,21,MEM,SF,37,4,561,7.4,.511,.495,.112,3.0,11.9,7.5,8.2,1.2,1.0,15.2,18.0,-0.5,0.6,0.1,.011,-4.7,-0.8,-5.6,-0.5
2023,359,sharpda01,21,BRK,C,48,3,552,17.8,.581,.064,.322,20.6,20.1,20.4,9.7,1.3,5.0,17.7,19.0,0.8,0.8,1.6,.139,-1.8,-0.6,-2.3,0.0
2023,360,joneska01,22,CHO,C,46,0,550,10.8,.597,.158,.217,7.0,17.0,11.9,3.7,1.5,4.7,19.1,12.4,0.0,0.7,0.7,.062,-4.8,0.8,-4.0,-0.3
2023,361,waterli01,25,OKC,SG,41,0,531,11.8,.573,.910,.112,3.2,12.2,7.6,7.0,1.3,1.9,5.1,15.5,0.6,0.5,1.1,.101,0.5,-0.4,0.1,0.3
2023,362,mcgruro01,31,DET,SG,32,12,524,10.7,.566,.638,.145,4.1,11.8,7.8,7.6,1.5,0.2,6.4,14.0,0.5,0.2,0.7,.068,-0.8,-0.7,-1.5,0.1
2023,363,okekech01,24,ORL,SF,27,8,518,9.1,.488,.705,.172,5.7,15.3,10.5,9.4,1.8,2.1,11.5,12.3,0.0,0.6,0.7,.061,-2.4,0.8,-1.6,0.1
2023,364,bouknja01,22,CHO,SG,34,0,515,6.2,.463,.565,.155,1.6,13.5,7.5,11.1,1.3,0.8,13.4,19.5,-0.8,0.4,-0.4,-0.040,-5.4,-1.1,-6.5,-0.6
2023,365,chrisma02,19,LAL,SG,41,3,512,7.4,.566,.585,.151,1.5,13.8,7.8,5.1,0.8,1.2,10.3,10.4,0.1,0.5,0.6,.058,-3.2,0.0,-3.1,-0.1
2023,366,bassech01,22,SAS,C,35,2,508,18.8,.658,.059,.274,15.5,26.4,20.7,13.2,1.5,5.4,21.3,15.6,0.8,0.6,1.3,.123,-0.6,1.3,0.7,0.3
2023,367,netora01,30,CLE,PG,48,1,505,12.6,.628,.382,.309,2.3,8.4,5.4,21.0,1.7,0.7,16.1,13.2,0.8,0.6,1.5,.142,-1.7,1.5,-0.2,0.2
2023,368,bertada01,30,DAL,PF,45,1,492,11.9,.618,.881,.094,2.3,10.3,6.3,6.2,1.1,1.5,5.7,16.2,0.6,0.3,0.9,.090,0.0,-1.3,-1.2,0.1
2023,369,gibsota01,37,WAS,C,49,2,480,11.4,.585,.192,.336,7.7,13.6,10.8,9.6,1.5,2.1,15.3,15.3,0.4,0.5,0.8,.082,-3.6,0.5,-3.2,-0.1
2023,370,greenja02,29,CHI,SF,32,1,480,14.5,.646,.324,.417,6.5,14.2,10.4,6.4,2.4,4.2,13.5,13.6,0.6,0.8,1.4,.142,-1.1,2.5,1.4,0.4
2023,371,jonesda03,27,2TM,C,41,1,477,12.9,.719,.198,.337,9.7,17.7,13.8,4.1,0.8,3.7,18.9,10.7,0.7,0.5,1.2,.119,-2.0,0.3,-1.7,0.0
2023,371,jonesda03,27,LAL,C,22,1,176,13.8,.600,.081,.541,11.3,21.8,16.7,2.9,0.8,5.8,16.4,13.2,0.2,0.3,0.4,.117,-2.6,0.7,-2.0,0.0
2023,371,jonesda03,27,UTA,C,19,0,301,12.4,.821,.286,.184,8.7,15.2,12.0,4.8,0.8,2.5,20.9,9.3,0.5,0.2,0.8,.120,-1.7,0.2,-1.5,0.0
2023,372,robyis01,24,SAS,PF,42,2,474,9.3,.497,.387,.265,4.7,20.6,12.3,10.7,1.8,1.2,15.2,17.8,-0.4,0.3,-0.1,-0.011,-4.0,-0.6,-4.6,-0.3
2023,373,johnsst04,26,SAS,SF,30,0,469,13.5,.625,.328,.320,4.9,17.7,11.1,19.0,1.6,1.1,19.2,15.2,0.5,0.3,0.7,.076,-0.8,-0.2,-1.0,0.1
2023,374,mykhasv01,25,2TM,SF,32,8,468,14.0,.584,.572,.225,3.4,8.9,6.1,16.5,1.5,0.7,11.2,19.3,0.5,0.3,0.8,.081,0.5,-0.7,-0.1,0.2
2023,374,mykhasv01,25,NYK,SF,13,0,40,15.8,.739,.833,.417,0.0,19.3,9.6,3.5,1.2,0.0,12.3,17.4,0.1,0.0,0.1,.141,3.6,0.5,4.1,0.1
2023,374,mykhasv01,25,CHO,SF,19,8,428,13.8,.571,.553,.211,3.7,7.9,5.7,17.7,1.6,0.8,11.1,19.5,0.4,0.3,0.7,.076,0.3,-0.8,-0.5,0.2
2023,375,fournev01,30,NYK,SG,27,7,459,6.9,.471,.687,.127,1.0,10.8,5.9,10.6,1.7,0.6,11.2,18.4,-0.3,0.4,0.1,.010,-4.0,0.0,-4.0,-0.2
2023,376,hernawi01,28,NOP,C,38,2,458,20.7,.610,.065,.615,14.4,30.1,22.3,10.7,1.8,2.7,15.4,23.8,0.8,0.8,1.6,.171,-0.2,0.5,0.3,0.3
2023,377,harrike01,25,ORL,SG,34,0,457,9.2,.564,.402,.383,6.9,10.4,8.7,4.7,1.8,1.1,14.4,13.7,0.2,0.4,0.6,.065,-3.5,-0.1,-3.6,-0.2
2023,378,bitadgo01,23,2TM,C,38,1,457,17.1,.582,.208,.336,15.0,18.7,16.8,12.1,1.7,5.3,13.3,15.4,0.8,0.6,1.3,.141,-0.8,1.1,0.3,0.3
2023,378,bitadgo01,23,IND,C,21,0,202,13.9,.551,.269,.462,13.8,13.2,13.5,12.1,2.1,4.3,16.1,15.5,0.2,0.2,0.4,.087,-2.3,1.2,-1.1,0.0
2023,378,bitadgo01,23,ORL,C,17,1,255,19.7,.606,.164,.247,15.9,23.1,19.5,12.2,1.3,6.1,11.0,15.3,0.6,0.4,1.0,.184,0.4,1.0,1.3,0.2
2023,379,schofad01,25,ORL,PF,37,0,451,10.1,.587,.607,.189,5.8,9.8,7.8,9.6,0.9,1.1,10.8,14.1,0.5,0.3,0.8,.089,-2.2,-0.7,-2.9,-0.1
2023,380,washity02,21,HOU,PG,31,2,433,7.5,.432,.500,.113,0.5,11.0,5.7,15.3,1.7,0.5,7.7,17.4,-0.3,0.1,-0.1,-0.016,-5.0,-1.3,-6.3,-0.5
2023,381,dedmode01,33,2TM,C,38,1,426,15.5,.577,.258,.325,9.1,28.3,18.5,9.5,1.1,4.4,12.7,20.6,0.3,0.7,1.0,.115,-2.6,1.0,-1.6,0.0
2023,381,dedmode01,33,MIA,C,30,0,350,15.6,.576,.287,.341,9.1,28.1,18.2,7.3,1.0,4.1,11.4,21.2,0.3,0.5,0.8,.115,-2.4,0.6,-1.8,0.0
2023,381,dedmode01,33,PHI,C,8,1,76,15.5,.579,.091,.227,9.5,29.0,19.4,19.6,1.3,6.1,19.9,17.8,0.0,0.1,0.2,.113,-3.5,2.8,-0.7,0.0
2023,382,robinor01,22,MIA,C,31,1,425,13.4,.565,.067,.348,12.8,22.3,17.4,8.4,1.4,2.9,13.5,12.4,0.5,0.6,1.1,.129,-2.7,0.7,-2.1,0.0
2023,383,davisjo06,20,WAS,SG,28,5,423,7.2,.446,.409,.158,2.7,13.9,8.5,9.2,1.2,1.6,8.5,20.5,-0.6,0.3,-0.3,-0.033,-5.8,-1.7,-7.4,-0.6
2023,384,johnske07,20,POR,SG,40,0,416,9.0,.482,.455,.230,3.0,9.2,6.1,20.9,2.2,1.3,18.0,25.0,-0.7,0.2,-0.5,-0.057,-3.8,-1.6,-5.4,-0.4
2023,385,laravja01,21,MEM,PF,35,0,414,6.7,.531,.747,.095,4.9,11.3,8.1,6.2,1.4,0.9,15.4,11.7,0.0,0.5,0.5,.054,-3.9,0.4,-3.5,-0.2
2023,386,barlodo01,19,SAS,PF,28,0,408,12.4,.567,.047,.291,11.9,15.6,13.7,7.6,1.2,3.8,13.4,11.3,0.5,0.2,0.7,.082,-3.7,-0.9,-4.6,-0.3
2023,387,fernabr01,24,2TM,C,39,4,405,16.6,.571,.036,.446,14.5,22.8,18.6,10.8,0.7,8.1,15.7,16.3,0.5,0.4,0.9,.109,-2.8,0.7,-2.0,0.0
2023,387,fernabr01,24,HOU,C,31,4,364,16.1,.561,.011,.473,14.3,22.6,18.4,11.6,0.8,8.3,15.1,15.1,0.5,0.4,0.8,.111,-2.8,1.1,-1.7,0.0
2023,387,fernabr01,24,ATL,C,8,0,41,20.1,.624,.158,.316,15.8,24.3,20.0,3.7,0.0,6.2,18.8,27.3,0.0,0.0,0.1,.086,-2.6,-2.4,-5.0,0.0
2023,388,cunnica01,21,DET,PG,12,12,400,14.0,.492,.272,.192,3.2,17.7,10.3,30.7,1.2,1.5,13.8,30.0,-0.4,0.2,-0.1,-0.018,-0.1,-0.6,-0.7,0.1
2023,389,smithis01,34,DEN,PG,43,0,398,6.5,.407,.092,.031,1.5,13.8,7.8,32.5,1.0,1.6,24.9,19.3,-0.8,0.4,-0.5,-0.056,-5.5,-1.1,-6.6,-0.5
2023,390,washidu02,22,PHO,SG,31,3,394,9.3,.458,.434,.094,0.6,9.8,5.1,25.2,0.7,0.9,11.3,32.5,-0.8,0.3,-0.5,-0.065,-1.8,-2.8,-4.6,-0.3
2023,391,edwarke02,22,2TM,SF,36,4,385,8.4,.502,.591,.161,6.9,11.1,9.0,7.5,1.7,1.4,11.5,12.7,0.1,0.3,0.4,.048,-3.2,-0.7,-3.9,-0.2
2023,391,edwarke02,22,BRK,SF,14,1,79,2.4,.301,.500,.083,8.7,11.1,10.0,3.2,1.9,1.1,13.9,16.2,-0.3,0.1,-0.2,-0.108,-6.7,-3.0,-9.7,-0.2
2023,391,edwarke02,22,SAC,SF,22,3,306,10.0,.569,.623,.188,6.4,11.1,8.8,8.5,1.7,1.4,10.8,11.7,0.3,0.2,0.6,.088,-2.3,-0.1,-2.5,0.0
2023,392,leesa01,23,2TM,PG,25,1,373,13.1,.517,.248,.471,3.8,9.7,6.7,24.3,2.5,0.2,14.1,19.5,0.2,0.4,0.7,.088,-2.7,0.9,-1.8,0.0
2023,392,leesa01,23,PHI,PG,2,0,10,12.8,.750,.250,.000,0.0,0.0,0.0,36.9,5.0,0.0,42.9,31.3,0.0,0.0,0.0,-0.096,-3.7,-0.6,-4.3,0.0
2023,392,leesa01,23,PHO,PG,23,1,363,13.1,.510,.248,.487,3.9,10.0,6.9,24.0,2.4,0.2,12.9,19.1,0.3,0.4,0.7,.093,-2.7,0.9,-1.8,0.0
2023,393,paytoga02,30,2TM,SG,22,1,367,13.3,.701,.377,.101,7.4,13.9,10.6,11.0,2.9,1.2,18.2,10.3,0.6,0.4,1.0,.125,-1.2,1.5,0.3,0.2
2023,393,paytoga02,30,POR,SG,15,1,255,11.3,.713,.415,.098,4.5,13.2,8.8,11.6,3.1,0.3,21.9,9.3,0.3,0.2,0.5,.097,-2.0,1.4,-0.6,0.1
2023,393,paytoga02,30,GSW,SG,7,0,112,17.7,.682,.321,.107,14.0,15.4,14.7,9.6,2.5,3.1,12.0,12.5,0.3,0.2,0.4,.191,0.5,1.9,2.4,0.1
2023,394,azubuud01,23,UTA,C,36,4,359,16.1,.774,.000,.278,9.5,26.1,17.9,4.3,0.8,3.5,18.2,11.5,0.6,0.4,1.0,.134,-1.2,0.5,-0.6,0.1
2023,395,dienggo01,33,SAS,C,31,1,358,9.9,.493,.641,.111,7.9,25.4,16.3,19.4,0.5,3.2,20.7,17.9,-0.2,0.2,0.0,.001,-4.0,0.1,-3.9,-0.2
2023,396,mcgeeja01,35,DAL,C,42,7,355,17.2,.650,.040,.328,9.7,25.5,17.5,5.2,0.6,6.5,20.1,22.8,0.1,0.5,0.6,.076,-3.6,-0.1,-3.7,-0.1
2023,397,morrima02,33,2TM,PF,35,2,355,10.4,.553,.617,.087,4.2,18.2,11.3,12.2,1.2,1.2,13.1,17.2,0.1,0.4,0.4,.059,-2.3,-0.4,-2.7,-0.1
2023,397,morrima02,33,BRK,PF,27,1,285,10.7,.556,.598,.122,5.2,17.7,11.6,11.8,1.4,1.5,13.9,15.6,0.1,0.3,0.4,.074,-1.8,-0.1,-1.9,0.0
2023,397,morrima02,33,DAL,PF,8,1,70,9.1,.545,.667,.000,0.0,20.2,10.0,13.7,0.7,0.0,10.8,23.9,0.0,0.1,0.0,.002,-4.4,-1.4,-5.8,-0.1
2023,398,korkmfu01,25,PHI,SG,37,0,353,9.3,.552,.414,.324,2.0,11.8,7.0,8.8,1.4,0.8,15.9,19.1,-0.2,0.3,0.1,.019,-3.3,-1.0,-4.4,-0.2
2023,399,holmeri01,29,SAC,C,42,1,348,12.9,.668,.090,.213,9.6,16.6,13.1,3.5,0.4,2.8,12.6,13.7,0.6,0.3,0.8,.113,-2.0,-0.9,-2.9,-0.1
2023,400,greenaj01,23,MIL,SG,35,1,345,11.5,.607,.840,.032,1.9,11.3,6.8,8.7,0.8,0.0,6.6,16.6,0.5,0.3,0.8,.111,-0.3,-0.6,-0.9,0.1
2023,401,reedda01,27,2TM,SG,43,1,342,6.2,.471,.548,.286,3.4,16.0,9.9,8.2,2.1,1.0,17.5,14.5,-0.4,0.4,0.1,.008,-5.4,0.0,-5.3,-0.3
2023,401,reedda01,27,DEN,SG,35,1,315,5.2,.456,.550,.250,3.4,16.3,10.0,7.3,2.0,1.1,18.4,15.0,-0.4,0.4,-0.1,-0.009,-5.8,-0.3,-6.1,-0.3
2023,401,reedda01,27,LAL,SG,8,0,27,16.7,.694,.500,1.000,4.1,11.5,7.9,19.2,3.5,0.0,0.0,9.0,0.1,0.0,0.1,.208,-0.1,4.4,4.3,0.0
2023,402,crowdja01,32,MIL,PF,18,3,340,14.6,.624,.585,.128,5.4,15.3,10.6,10.6,1.7,1.4,6.6,13.2,0.7,0.5,1.2,.165,0.1,1.1,1.2,0.3
2023,403,rosede01,34,NYK,PG,27,0,338,10.1,.463,.396,.075,2.6,10.4,6.5,19.9,1.0,1.4,11.8,23.6,-0.3,0.3,0.0,-0.001,-2.2,-1.5,-3.7,-0.1
2023,404,wrighmc01,24,DAL,PG,27,1,335,12.4,.536,.286,.194,3.1,13.4,8.2,25.2,1.2,1.3,15.2,16.9,0.2,0.2,0.5,.069,-1.9,-0.8,-2.7,-0.1
2023,405,pinsoth01,27,DAL,SG,40,1,323,10.1,.512,.713,.149,3.6,19.3,11.4,19.6,0.9,0.3,11.5,14.7,0.2,0.2,0.5,.071,-2.5,-0.9,-3.4,-0.1
2023,406,champju02,21,2TM,SF,17,3,320,13.4,.600,.631,.131,3.3,17.7,10.2,4.5,0.9,1.3,7.4,19.2,0.3,0.1,0.4,.061,-0.6,-2.7,-3.3,-0.1
2023,406,champju02,21,PHI,SF,2,0,7,-3.8,.000,.500,.000,0.0,0.0,0.0,0.0,7.1,0.0,0.0,12.8,0.0,0.0,0.0,-0.214,-12.0,-1.5,-13.5,0.0
2023,406,champju02,21,SAS,SF,15,3,313,13.8,.609,.633,.133,3.4,18.1,10.5,4.6,0.8,1.3,7.5,19.3,0.3,0.1,0.4,.067,-0.3,-2.7,-3.0,-0.1
2023,407,ryanma01,25,2TM,SF,34,0,310,8.1,.538,.778,.111,1.4,7.6,4.6,6.9,0.8,0.3,5.8,16.5,0.1,0.2,0.3,.044,-1.9,-1.5,-3.4,-0.1
2023,407,ryanma01,25,LAL,SF,12,0,129,4.6,.459,.714,.102,1.7,9.6,5.8,4.0,0.7,0.0,5.5,17.7,-0.1,0.1,0.0,-0.014,-4.3,-1.4,-5.7,-0.1
2023,407,ryanma01,25,MIN,SF,22,0,181,10.6,.604,.831,.119,1.3,6.1,3.7,8.9,0.8,0.5,6.1,15.6,0.2,0.1,0.3,.084,-0.2,-1.6,-1.7,0.0
2023,408,lopezro01,34,CLE,C,37,2,299,11.6,.675,.053,.240,9.1,11.0,10.0,9.1,0.3,2.5,23.2,16.1,0.2,0.3,0.6,.094,-3.4,0.3,-3.0,-0.1
2023,409,brownmo01,23,2TM,C,36,1,294,22.2,.607,.000,.750,22.0,30.9,26.5,2.1,0.7,4.2,10.5,21.2,0.7,0.4,1.1,.179,0.6,-1.2,-0.6,0.1
2023,409,brownmo01,23,LAC,C,34,1,288,22.7,.607,.000,.750,22.4,31.5,27.0,2.2,0.5,4.3,9.9,21.5,0.7,0.4,1.1,.185,0.9,-1.3,-0.4,0.1
2023,409,brownmo01,23,BRK,C,2,0,6,-2.6,,,,0.0,0.0,0.0,0.0,8.1,0.0,100.0,7.4,0.0,0.0,0.0,-0.129,-12.7,2.8,-9.9,0.0
2023,410,knighna01,25,MIN,C,38,0,291,14.5,.655,.272,.704,8.6,12.8,10.8,6.1,1.6,1.8,16.5,18.7,0.4,0.3,0.7,.116,-2.4,-0.8,-3.2,-0.1
2023,411,chandke01,20,MEM,PG,36,0,281,10.6,.440,.181,.157,3.4,10.9,7.2,26.4,2.0,1.6,16.9,15.8,-0.1,0.4,0.3,.044,-3.3,0.6,-2.7,0.0
2023,412,bantoda01,23,TOR,PG,31,2,279,14.9,.505,.392,.185,4.2,14.9,9.1,19.3,2.3,4.5,11.4,24.2,0.0,0.4,0.4,.064,-1.1,0.6,-0.5,0.1
2023,413,forretr01,24,ATL,SG,23,3,277,6.1,.424,.033,.050,2.0,12.8,7.3,16.5,1.2,0.6,19.7,11.6,-0.2,0.2,-0.1,-0.011,-5.3,0.2,-5.1,-0.2
2023,414,forbebr01,29,MIN,SG,25,0,268,6.2,.497,.554,.181,1.7,4.5,3.1,8.2,1.2,0.7,11.8,16.2,-0.2,0.2,0.0,.000,-4.8,-1.5,-6.3,-0.3
2023,415,taylote01,23,2TM,PF,31,2,264,11.0,.557,.253,.147,11.4,8.4,9.9,5.1,0.5,2.0,10.1,14.2,0.2,0.1,0.3,.054,-2.3,-1.8,-4.1,-0.1
2023,415,taylote01,23,IND,PF,26,2,228,8.8,.507,.277,.108,10.7,8.3,9.5,5.9,0.6,1.9,11.7,14.2,0.0,0.1,0.1,.021,-3.4,-1.9,-5.3,-0.2
2023,415,taylote01,23,CHI,PF,5,0,36,25.0,.850,.100,.400,16.0,9.3,12.6,0.0,0.0,2.7,0.0,14.5,0.2,0.0,0.2,.262,4.6,-0.9,3.7,0.1
2023,416,dowtije01,25,TOR,PG,25,0,259,9.9,.500,.281,.158,2.4,8.0,5.0,15.5,1.7,1.1,7.6,10.9,0.2,0.2,0.4,.076,-2.8,0.9,-1.9,0.0
2023,417,okpalkz01,23,SAC,PF,35,3,248,6.2,.554,.553,.211,3.2,12.4,7.8,6.3,1.4,2.5,14.4,8.4,0.1,0.2,0.3,.057,-4.3,1.1,-3.2,-0.1
2023,418,bostobr01,21,LAC,SF,22,1,248,13.4,.515,.238,.311,3.2,10.3,6.8,12.5,1.8,0.0,8.0,26.5,0.0,0.2,0.2,.040,-1.5,-0.7,-2.2,0.0
2023,419,garzalu01,24,MIN,C,28,0,243,23.0,.652,.336,.448,15.5,13.5,14.5,11.8,0.6,0.7,9.2,26.9,0.9,0.2,1.1,.211,2.2,-2.6,-0.4,0.1
2023,420,cainja01,23,MIA,PF,18,0,240,16.5,.647,.303,.333,7.1,18.7,12.7,7.6,2.3,0.4,7.3,15.1,0.5,0.3,0.8,.169,-0.5,1.3,0.8,0.2
2023,421,lewiski01,21,NOP,PG,25,0,235,14.5,.584,.386,.250,2.4,13.5,8.0,14.0,2.1,0.8,9.3,19.7,0.3,0.3,0.6,.122,-0.8,0.5,-0.3,0.1
2023,422,kaminfr01,29,2TM,C,36,0,235,15.3,.635,.524,.254,3.2,21.2,12.1,17.8,1.2,1.6,11.4,14.1,0.5,0.2,0.7,.141,1.2,1.7,2.8,0.3
2023,422,kaminfr01,29,ATL,C,26,0,176,14.9,.720,.523,.273,1.8,20.8,11.2,15.3,1.4,0.5,15.4,13.9,0.4,0.2,0.5,.148,0.7,1.8,2.6,0.2
2023,422,kaminfr01,29,HOU,C,10,0,59,16.6,.434,.526,.211,7.4,22.6,14.9,25.2,0.8,5.0,0.0,14.6,0.1,0.0,0.2,.122,2.5,1.2,3.7,0.1
2023,423,juzanjo01,21,UTA,SG,18,0,232,6.5,.411,.606,.038,3.8,14.3,9.1,4.7,0.8,1.1,2.8,19.6,-0.3,0.1,-0.2,-0.032,-4.3,-2.2,-6.5,-0.3
2023,424,dukeda01,23,BRK,SG,23,0,228,8.3,.497,.154,.218,5.5,8.7,7.1,13.1,2.1,0.4,17.4,20.1,-0.3,0.2,-0.1,-0.011,-6.3,-1.0,-7.3,-0.3
2023,425,baldwpa01,20,GSW,SF,31,0,226,11.3,.546,.771,.055,0.5,18.6,9.7,6.9,1.3,1.6,9.0,22.8,-0.1,0.3,0.1,.029,-0.7,-1.4,-2.1,0.0
2023,426,butlejo01,20,POR,C,19,1,221,5.7,.411,.660,.075,1.5,7.3,4.4,6.5,1.5,3.6,1.8,11.0,-0.1,0.1,0.0,.001,-5.4,-0.8,-6.2,-0.2
2023,427,zelleco01,30,MIA,C,15,2,217,16.4,.659,.034,.593,13.0,21.8,17.3,7.2,0.7,1.9,15.8,18.1,0.4,0.3,0.7,.147,-2.0,-0.7,-2.8,0.0
2023,428,terryda01,20,CHI,SG,38,0,214,14.1,.523,.375,.292,6.5,13.0,9.8,14.1,2.5,2.3,9.0,18.4,0.1,0.3,0.5,.105,-1.7,1.7,0.0,0.1
2023,429,dellama01,32,SAC,PG,32,0,213,6.7,.443,.540,.140,0.5,6.4,3.5,23.4,1.6,0.0,15.9,12.7,0.0,0.1,0.1,.021,-4.4,-0.8,-5.2,-0.2
2023,430,antetth01,30,MIL,PF,37,0,206,6.7,.458,.174,.478,7.9,14.1,11.1,9.3,0.7,1.2,17.7,13.8,-0.1,0.2,0.1,.022,-6.5,-1.1,-7.6,-0.3
2023,431,jovicni01,19,MIA,PF,15,8,204,10.6,.530,.507,.275,5.0,13.1,8.9,7.3,1.7,1.0,11.4,19.0,0.0,0.2,0.2,.053,-3.4,0.0,-3.4,-0.1
2023,432,rhodeja01,23,DET,SG,14,0,198,6.5,.482,.455,.136,6.0,15.0,10.4,2.8,1.0,0.4,6.0,10.7,0.0,0.1,0.1,.027,-5.0,-1.1,-6.1,-0.2
2023,433,diabamo01,21,LAC,C,22,1,195,14.2,.546,.043,.340,18.0,10.8,14.4,2.8,1.8,3.6,14.3,14.1,0.2,0.2,0.4,.105,-1.9,-0.8,-2.8,0.0
2023,434,noelne01,28,2TM,C,17,4,195,7.9,.424,.056,.333,5.6,21.0,13.1,6.7,4.0,4.5,23.9,12.0,-0.3,0.3,0.0,.007,-6.5,2.6,-3.8,-0.1
2023,434,noelne01,28,DET,C,14,3,152,10.0,.465,.067,.333,5.0,22.6,13.5,6.2,4.1,5.2,18.9,11.9,-0.1,0.3,0.1,.040,-5.1,3.1,-2.0,0.0
2023,434,noelne01,28,BRK,C,3,1,43,0.3,.218,.000,.333,8.0,15.3,11.8,8.3,3.4,2.0,42.1,12.2,-0.2,0.1,-0.1,-0.112,-11.3,1.0,-10.3,-0.1
2023,435,mayssk01,25,POR,PG,6,6,189,19.4,.624,.382,.191,1.2,10.4,5.8,40.0,1.5,0.5,11.9,19.3,0.6,0.1,0.7,.171,2.1,-2.1,0.0,0.1
2023,436,watsope01,20,DEN,SG,23,2,186,12.8,.553,.237,.339,5.1,17.4,11.4,7.9,0.5,5.2,10.6,17.7,0.1,0.2,0.3,.073,-2.7,-0.1,-2.8,0.0
2023,437,ibakase01,33,MIL,C,16,0,185,9.8,.553,.333,.241,8.8,15.7,12.4,2.9,0.5,3.1,15.6,16.1,0.0,0.2,0.2,.058,-4.6,0.0,-4.5,-0.1
2023,438,loftoke01,20,MEM,PF,24,1,176,20.2,.572,.183,.290,11.5,19.2,15.4,18.1,1.3,1.0,10.3,27.6,0.3,0.2,0.5,.145,0.7,-1.1,-0.4,0.1
2023,439,diakima01,26,CLE,C,22,2,176,9.0,.560,.420,.040,5.4,14.7,10.0,6.3,1.1,4.7,19.1,16.0,-0.1,0.3,0.2,.051,-4.9,1.6,-3.4,-0.1
2023,440,arcidry01,28,2TM,PG,20,4,172,2.7,.351,.622,.000,0.0,10.0,5.0,16.9,1.4,0.0,15.9,11.1,-0.2,0.1,-0.2,-0.043,-7.3,-1.5,-8.8,-0.3
2023,440,arcidry01,28,NYK,PG,11,0,26,3.1,.300,.600,.000,0.0,17.0,8.4,9.3,3.8,0.0,16.7,9.9,0.0,0.0,0.0,-0.012,-8.9,3.8,-5.1,0.0
2023,440,arcidry01,28,POR,PG,9,4,146,2.6,.359,.625,.000,0.0,8.7,4.3,18.3,1.0,0.0,15.8,11.3,-0.2,0.0,-0.1,-0.049,-7.0,-2.4,-9.4,-0.3
2023,441,marjabo01,34,HOU,C,31,0,171,23.4,.710,.017,.450,12.7,26.0,19.3,8.7,1.4,1.1,16.3,20.8,0.4,0.1,0.6,.158,3.0,-1.5,1.6,0.2
2023,442,vonleno01,27,BOS,C,23,1,171,5.9,.502,.167,.083,11.7,18.8,15.3,5.1,0.6,4.0,30.7,9.2,0.0,0.3,0.2,.060,-7.0,0.7,-6.3,-0.2
2023,443,krejcvi01,22,ATL,PG,29,0,165,7.7,.475,.568,.054,3.9,13.4,8.6,12.4,1.4,0.5,11.7,10.9,0.0,0.1,0.1,.042,-4.2,0.6,-3.6,-0.1
2023,444,templga01,36,NOP,SG,25,0,162,10.5,.535,.578,.089,3.5,8.4,5.9,10.6,2.7,1.2,7.9,13.4,0.1,0.2,0.3,.094,-2.5,1.6,-1.0,0.0
2023,445,birchkh01,30,TOR,C,20,0,162,9.4,.629,.063,.156,5.2,12.8,8.7,5.8,1.5,3.0,19.0,11.1,0.1,0.2,0.2,.072,-4.6,1.1,-3.5,-0.1
2023,446,johnsja01,35,IND,PF,18,1,162,8.4,.486,.306,.163,2.7,17.8,10.3,12.6,2.1,3.2,13.2,15.7,-0.1,0.2,0.1,.017,-5.7,1.2,-4.4,-0.1
2023,447,lenal01,29,SAC,C,26,2,161,12.8,.580,.067,.533,17.2,25.4,21.3,9.3,1.2,6.0,30.2,14.1,0.1,0.2,0.3,.085,-4.9,0.9,-4.0,-0.1
2023,448,samanlu01,23,UTA,PF,7,4,161,11.0,.550,.544,.228,0.0,19.9,10.1,13.0,1.8,1.1,13.8,18.9,0.0,0.2,0.2,.045,-3.2,1.1,-2.1,0.0
2023,449,smithdr01,25,2TM,SG,15,1,158,11.4,.475,.422,.067,1.4,15.9,8.7,19.3,3.1,2.5,6.1,13.8,0.1,0.3,0.3,.099,-3.8,2.9,-0.9,0.0
2023,449,smithdr01,25,MIA,SG,5,1,67,7.1,.393,.429,.000,1.7,14.5,7.9,10.1,3.0,4.6,6.7,9.9,0.0,0.1,0.1,.053,-6.3,3.1,-3.1,0.0
2023,449,smithdr01,25,BRK,SG,10,0,91,14.6,.511,.419,.097,1.3,16.9,9.3,26.0,3.2,0.9,5.8,16.7,0.1,0.1,0.3,.132,-2.1,2.7,0.7,0.1
2023,450,moorewe01,21,MIN,SG,29,2,153,9.3,.465,.395,.116,3.0,10.0,6.6,15.3,2.5,2.8,15.0,14.9,-0.1,0.2,0.1,.028,-3.8,1.3,-2.4,0.0
2023,451,porteot01,29,TOR,SF,8,2,146,14.0,.656,.567,.267,4.3,10.9,7.4,7.2,3.7,0.0,10.7,11.0,0.2,0.2,0.4,.142,-1.3,2.0,0.7,0.1
2023,452,walkeke02,32,DAL,PG,9,1,144,15.0,.543,.491,.368,2.4,10.6,6.5,20.1,0.7,1.2,5.7,22.1,0.2,0.1,0.3,.098,0.3,-0.6,-0.3,0.1
2023,453,greenda02,35,2TM,SG,11,0,138,10.8,.617,.755,.020,2.5,9.1,5.8,6.1,2.2,2.0,16.8,18.9,0.0,0.2,0.2,.059,-2.1,0.2,-1.9,0.0
2023,453,greenda02,35,MEM,SG,3,0,43,-0.2,.409,.727,.000,2.5,7.4,4.9,5.6,1.1,0.0,21.4,13.5,-0.1,0.0,-0.1,-0.061,-7.9,-0.9,-8.8,-0.1
2023,453,greenda02,35,CLE,SG,8,0,95,15.8,.676,.763,.026,2.5,9.9,6.2,6.4,2.6,2.9,15.4,21.4,0.1,0.2,0.2,.114,0.5,0.7,1.2,0.1
2023,454,culveja01,23,ATL,SF,10,1,137,9.5,.452,.279,.302,7.9,22.6,15.2,5.5,2.1,1.2,12.6,17.1,-0.1,0.2,0.0,.014,-4.8,0.6,-4.2,-0.1
2023,455,jacksqu01,24,WAS,PG,9,0,135,12.2,.542,.286,.524,1.7,4.8,3.3,15.1,1.4,0.6,7.2,17.9,0.1,0.1,0.2,.078,-3.7,-1.5,-5.1,-0.1
2023,456,martico01,27,CHO,SF,7,0,134,8.7,.448,.389,.194,6.2,13.0,9.5,11.0,1.4,0.6,4.9,12.9,0.0,0.1,0.1,.045,-3.8,-0.8,-4.6,-0.1
2023,457,willije02,23,POR,SG,5,4,127,15.5,.657,.205,.077,9.0,4.6,6.8,12.1,1.2,1.4,9.0,15.2,0.3,0.0,0.3,.120,-1.0,-2.1,-3.0,0.0
2023,458,cooksxa01,27,WAS,PF,10,1,126,14.3,.586,.036,.357,14.7,18.7,16.8,6.4,2.3,2.7,19.8,13.9,0.1,0.2,0.2,.094,-3.2,-0.4,-3.6,-0.1
2023,459,prestja01,23,LAC,PG,14,0,124,10.3,.489,.439,.049,1.8,17.9,9.9,30.9,0.8,0.0,19.3,18.3,0.0,0.1,0.1,.021,-2.1,-0.5,-2.6,0.0
2023,460,isaacjo01,25,ORL,PF,11,0,124,20.3,.483,.283,.170,13.7,26.5,20.1,7.3,5.5,3.1,6.6,21.1,0.0,0.3,0.3,.130,1.0,3.0,4.0,0.2
2023,461,harrish01,29,POR,SG,5,0,120,17.9,.516,.278,.417,1.0,20.3,10.5,34.9,4.5,1.5,12.3,17.6,0.2,0.2,0.3,.137,-2.5,2.6,0.1,0.1
2023,462,leoname01,30,MIL,C,9,2,114,12.0,.652,.621,.310,11.4,19.4,15.5,1.2,0.8,0.0,15.4,14.4,0.2,0.1,0.3,.126,-2.8,-2.2,-5.0,-0.1
2023,463,sarrol01,23,OKC,C,9,1,114,11.5,.544,.267,.233,11.1,18.2,14.6,4.6,0.4,4.1,10.8,13.6,0.1,0.1,0.2,.094,-4.2,-0.7,-4.9,-0.1
2023,464,iguodan01,39,GSW,PF,8,0,113,7.3,.521,.600,.200,3.0,13.4,8.3,20.3,1.7,2.3,35.5,9.4,0.0,0.1,0.1,.044,-4.3,1.7,-2.5,0.0
2023,465,theisda01,30,IND,C,7,1,109,14.2,.497,.250,.273,7.1,15.2,11.2,12.2,0.9,4.7,5.7,20.1,0.0,0.1,0.1,.046,-0.9,-0.5,-1.4,0.0
2023,466,lawsoaj01,22,2TM,SG,15,0,108,13.9,.589,.568,.182,6.4,16.3,11.3,3.0,0.9,0.0,5.9,21.1,0.1,0.1,0.1,.063,-1.5,-2.9,-4.4,-0.1
2023,466,lawsoaj01,22,MIN,SG,1,0,2,34.4,1.000,.000,.000,0.0,54.9,27.9,0.0,0.0,0.0,0.0,21.4,0.0,0.0,0.0,.377,-2.3,7.5,5.2,0.0
2023,466,lawsoaj01,22,DAL,SG,14,0,106,13.5,.580,.581,.186,6.5,15.5,11.0,3.0,0.9,0.0,6.1,21.1,0.1,0.1,0.1,.057,-1.5,-3.1,-4.6,-0.1
2023,467,jacksju01,27,BOS,SF,23,0,107,6.3,.359,.741,.074,2.1,15.1,8.7,10.5,1.8,3.2,6.7,12.2,-0.1,0.2,0.1,.025,-4.2,1.6,-2.6,0.0
2023,468,willivi01,22,MEM,SG,15,1,105,3.9,.367,.700,.050,4.0,11.1,7.6,4.8,2.7,1.7,10.9,18.1,-0.3,0.2,-0.1,-0.049,-8.3,-0.2,-8.5,-0.2
2023,469,minotjo01,20,MIN,SF,15,0,96,17.9,.582,.167,.222,5.9,22.9,14.6,7.5,2.0,5.4,7.1,18.9,0.1,0.2,0.3,.146,-1.9,0.4,-1.6,0.0
2023,470,huffja01,24,WAS,C,7,0,95,22.3,.796,.480,.640,7.3,16.9,12.3,14.7,1.5,3.6,13.5,16.9,0.4,0.1,0.5,.261,2.8,1.2,4.0,0.1
2023,471,browngr01,21,POR,PF,16,0,93,5.8,.421,.250,.429,2.5,21.2,11.7,4.5,2.1,4.8,15.3,18.4,-0.3,0.1,-0.1,-0.074,-8.5,0.0,-8.5,-0.2
2023,472,primojo01,20,SAS,SG,4,0,93,6.1,.467,.462,.346,2.3,13.4,7.6,24.4,0.5,1.8,26.9,18.2,-0.2,0.0,-0.1,-0.073,-4.7,-1.6,-6.3,-0.1
2023,473,boehebu01,23,DET,SF,10,0,90,0.5,.287,.926,.074,2.4,5.1,3.7,5.8,1.1,0.0,0.0,13.2,-0.2,0.0,-0.2,-0.091,-7.5,-2.0,-9.5,-0.2
2023,474,sprinja01,20,PHI,SG,16,2,89,17.2,.545,.143,.229,8.1,10.4,9.3,13.8,3.9,3.1,7.2,20.8,0.1,0.2,0.3,.145,-2.6,2.9,0.3,0.1
2023,475,minayju01,23,POR,SF,4,0,89,4.0,.363,.522,.043,3.8,15.6,9.7,5.9,1.1,5.0,14.6,13.4,-0.2,0.1,-0.1,-0.067,-7.2,-1.9,-9.0,-0.2
2023,476,wiggili01,24,MIL,PG,7,1,87,11.8,.610,.486,.243,0.0,8.1,4.2,23.8,0.0,1.9,22.7,25.6,0.0,0.1,0.1,.028,-3.1,-3.6,-6.7,-0.1
2023,477,mobleis01,23,CLE,PF,12,0,84,14.1,.521,.286,.143,5.6,22.4,14.0,5.0,2.4,3.3,3.3,16.4,0.1,0.2,0.2,.135,-2.5,1.1,-1.4,0.0
2023,478,halljo02,21,SAS,SF,9,0,83,5.5,.438,.536,.321,3.8,12.3,7.9,17.0,0.6,0.0,18.0,19.4,-0.1,0.0,-0.1,-0.077,-4.7,-2.9,-7.6,-0.1
2023,479,yurtsom01,24,MIA,C,9,0,83,16.7,.675,.259,.222,10.9,21.9,16.2,3.9,1.2,2.5,11.9,18.0,0.2,0.1,0.3,.159,-2.5,-1.5,-3.9,0.0
2023,480,doziepj01,26,SAC,SF,16,0,79,5.2,.333,.485,.000,1.5,18.7,10.1,16.3,3.6,1.1,13.2,20.6,-0.3,0.1,-0.2,-0.097,-8.6,0.7,-7.8,-0.1
2023,481,butleja02,22,OKC,PG,6,1,77,13.0,.578,.438,.000,1.4,4.3,2.8,15.0,3.1,0.0,13.5,20.1,0.0,0.1,0.1,.061,-2.2,-0.4,-2.6,0.0
2023,482,elliske01,23,SAC,SG,16,0,71,14.0,.629,.750,.438,6.5,6.4,6.4,10.5,3.4,1.2,5.0,12.1,0.2,0.1,0.2,.162,-0.1,1.4,1.3,0.1
2023,483,hasleud01,42,MIA,C,7,1,71,6.2,.433,.310,.172,6.4,12.0,9.1,0.0,0.7,2.9,3.1,20.1,-0.1,0.1,0.0,-0.009,-8.2,-3.9,-12.1,-0.2
2023,484,bouyeja01,23,2TM,PG,5,0,71,6.5,.504,.429,.143,1.6,8.4,4.9,7.8,2.8,2.9,21.2,11.8,-0.1,0.1,0.0,.013,-5.8,1.6,-4.2,0.0
2023,484,bouyeja01,23,MIA,PG,4,0,65,7.8,.540,.385,.154,1.7,7.5,4.5,8.6,3.1,3.1,22.4,12.2,-0.1,0.1,0.0,.029,-4.9,1.9,-2.9,0.0
2023,484,bouyeja01,23,WAS,PG,1,0,6,-6.9,.000,1.000,.000,0.0,17.9,9.3,0.0,0.0,0.0,0.0,7.2,0.0,0.0,0.0,-0.150,-16.1,-1.7,-17.8,0.0
2023,485,queentr01,25,IND,SG,7,0,70,6.0,.337,.517,.172,12.7,14.2,13.5,11.1,1.4,6.1,18.3,22.9,-0.3,0.1,-0.2,-0.133,-5.6,-1.5,-7.2,-0.1
2023,486,bolmale01,22,UTA,SF,14,0,68,-5.0,.150,.200,.000,6.5,4.7,5.6,12.3,2.1,1.2,25.9,16.6,-0.4,0.0,-0.3,-0.231,-12.4,-2.3,-14.7,-0.2
2023,487,whiteja03,25,DEN,SF,17,0,66,12.6,.517,.474,.158,10.7,18.6,14.8,7.7,2.2,2.7,9.0,14.7,0.1,0.1,0.1,.108,-2.6,0.7,-1.9,0.0
2023,488,martity01,23,ATL,SG,16,0,66,7.7,.440,.304,.087,8.2,11.7,10.0,3.9,0.7,0.0,7.7,16.5,0.0,0.0,0.0,-0.010,-4.2,-3.1,-7.4,-0.1
2023,489,davisjd01,20,BOS,SG,12,0,66,10.1,.478,.368,.105,3.4,11.4,7.4,22.4,1.5,2.6,16.8,15.8,0.0,0.1,0.1,.059,-4.5,0.4,-4.2,0.0
2023,490,rolliry01,20,GSW,PG,12,0,62,-1.4,.508,.450,.300,5.4,15.7,10.6,12.4,0.8,1.4,41.4,26.1,-0.3,0.1,-0.3,-0.218,-11.3,-3.7,-15.0,-0.2
2023,491,toddis01,21,WAS,PF,6,1,61,-1.0,.226,.526,.105,3.8,17.6,10.9,7.9,0.8,0.0,9.1,15.6,-0.2,0.0,-0.2,-0.147,-10.3,-3.9,-14.2,-0.2
2023,492,merrisa01,26,CLE,SG,5,0,59,15.5,.546,.818,.091,0.0,18.0,9.0,12.0,3.4,0.0,0.0,17.3,0.1,0.1,0.2,.160,-1.2,2.5,1.2,0.0
2023,493,jonesca03,25,CHI,PG,7,0,56,11.1,.540,.400,.533,2.1,8.0,5.1,13.9,1.7,0.0,9.7,16.2,0.0,0.1,0.1,.078,-2.8,0.4,-2.5,0.0
2023,494,yorkga01,29,IND,SG,3,0,56,11.8,.548,.857,.095,0.0,11.9,5.9,12.3,1.7,0.0,0.0,16.4,0.1,0.0,0.1,.091,-1.7,-1.8,-3.5,0.0
2023,495,dotsode01,23,WAS,PG,6,0,53,4.8,.150,.400,.000,13.1,8.1,10.5,17.6,4.6,0.0,23.1,10.7,-0.1,0.1,0.0,-0.025,-7.0,1.8,-5.3,0.0
2023,496,campafa01,31,DAL,PG,8,0,52,7.8,.360,.846,.154,0.0,4.5,2.2,22.6,5.7,0.0,17.8,14.7,-0.1,0.1,0.0,-0.012,-4.8,3.6,-1.2,0.0
2023,497,pottemi01,24,UTA,PF,7,0,52,18.6,.800,.467,.000,6.3,26.7,16.6,11.2,0.9,0.0,11.8,13.7,0.2,0.0,0.2,.186,2.4,1.2,3.5,0.1
2023,498,wieskjo01,23,TOR,SF,9,0,50,-0.4,.321,.857,.000,0.0,9.8,4.5,7.4,0.0,0.0,6.7,12.8,-0.1,0.0,-0.1,-0.076,-7.0,-3.6,-10.6,-0.1
2023,499,harpero02,22,TOR,PF,9,0,48,15.7,.608,.563,.063,6.6,10.2,8.3,11.9,0.0,2.0,0.0,14.6,0.1,0.0,0.2,.158,2.4,-1.2,1.2,0.0
2023,500,sneedxa01,25,CHO,SF,4,0,48,9.5,.723,.600,.400,0.0,11.3,5.6,13.9,0.0,1.8,20.3,12.9,0.1,0.0,0.1,.086,-3.1,-0.4,-3.6,0.0
2023,501,cartemi01,31,ORL,PG,4,0,44,9.0,.498,.214,.500,2.6,10.3,6.4,22.6,1.1,2.2,19.0,20.6,0.0,0.0,0.0,-0.003,-5.1,-1.2,-6.3,0.0
2023,502,swideco01,23,LAL,SF,7,0,41,7.4,.500,.889,.000,2.7,15.2,9.1,12.0,0.0,0.0,0.0,9.3,0.0,0.0,0.1,.080,-2.9,-0.5,-3.4,0.0
2023,503,mccluma01,24,PHI,SG,2,0,41,19.2,.563,.550,.250,8.8,19.8,14.4,35.3,0.0,0.0,11.9,27.5,0.1,0.0,0.1,.140,2.2,-1.7,0.5,0.0
2023,504,gilyaja01,24,MEM,PG,1,0,41,7.3,.500,1.000,.000,0.0,10.3,5.2,19.4,3.5,0.0,40.0,5.1,0.0,0.1,0.1,.079,-7.8,1.7,-6.1,0.0
2023,505,brownke03,19,IND,SG,6,0,40,9.1,.571,.143,.286,5.6,11.1,8.3,9.7,4.7,0.0,20.2,10.4,0.0,0.1,0.1,.071,-7.0,4.0,-2.9,0.0
2023,506,brantja01,26,UTA,PF,4,0,39,18.5,.739,.643,.143,2.8,13.7,8.3,11.4,0.0,4.3,11.8,18.1,0.1,0.0,0.1,.160,3.1,0.4,3.5,0.1
2023,507,kabenmf01,25,BOS,PF,4,0,36,8.1,.381,.429,.286,15.4,14.9,15.2,0.0,2.7,0.0,11.3,10.8,0.0,0.1,0.1,.067,-6.6,-2.4,-8.9,-0.1
2023,508,grayra01,23,BRK,PF,1,0,35,15.5,.621,.417,.167,9.9,18.8,14.4,29.0,0.0,2.4,23.7,21.4,0.0,0.0,0.1,.106,-0.6,-1.4,-2.0,0.0
2023,509,champju01,21,2TM,SF,5,0,34,10.3,.367,.333,.000,9.6,17.1,13.1,16.3,1.4,0.0,0.0,19.2,0.0,0.0,0.0,.009,-5.1,-2.8,-7.9,-0.1
2023,509,champju01,21,TOR,SF,3,0,11,28.9,1.000,.000,.000,9.6,33.3,20.6,15.3,0.0,0.0,0.0,11.6,0.1,0.0,0.1,.332,6.1,1.9,8.1,0.0
2023,509,champju01,21,BOS,SF,2,0,23,1.5,.208,.417,.000,9.6,9.3,9.5,16.7,2.1,0.0,0.0,22.8,-0.1,0.0,-0.1,-0.145,-10.5,-5.1,-15.5,-0.1
2023,510,bradlto01,25,CHI,C,12,0,33,21.7,.690,.417,.333,3.5,33.8,18.9,4.4,1.5,2.9,6.8,19.8,0.1,0.1,0.2,.220,4.4,0.5,4.9,0.1
2023,511,pippesc02,22,LAL,PG,6,0,32,9.6,.439,.250,.750,6.9,6.5,6.7,8.2,3.0,2.6,11.1,23.7,-0.1,0.0,0.0,-0.017,-5.1,-0.8,-5.9,0.0
2023,512,johnsal02,26,SAS,PF,4,0,30,4.3,.509,.333,.333,7.0,30.3,18.2,4.2,1.6,0.0,36.8,15.0,-0.1,0.0,-0.1,-0.099,-7.4,-1.7,-9.1,-0.1
2023,513,scrubja01,22,ORL,SG,2,0,30,14.2,.825,.286,.286,0.0,22.7,11.3,5.0,3.2,0.0,27.6,15.6,0.0,0.0,0.1,.083,-2.9,1.0,-1.9,0.0
2023,514,quetane01,23,SAC,C,5,0,29,17.0,.607,.000,.222,19.8,23.5,21.7,5.0,0.0,6.0,9.2,16.1,0.1,0.0,0.1,.149,-2.6,-0.8,-3.4,0.0
2023,515,kinglo02,23,PHI,PF,1,0,29,21.3,.744,.615,.077,8.3,8.0,8.1,12.2,1.7,0.0,13.0,23.8,0.1,0.0,0.1,.157,3.3,-1.0,2.3,0.0
2023,516,careyve01,21,WAS,C,11,0,28,10.8,.338,.000,.250,12.4,30.6,21.8,13.3,3.5,6.0,18.4,16.9,-0.1,0.1,0.0,.014,-7.1,2.1,-5.0,0.0
2023,517,hudgitr01,23,HOU,PG,5,0,28,4.2,.436,.889,.333,0.0,0.0,0.0,13.9,0.0,0.0,8.8,16.8,0.0,0.0,0.0,-0.035,-3.8,-4.7,-8.4,0.0
2023,518,simmoko01,25,CHO,SG,5,0,28,9.0,.363,.833,.333,3.7,11.7,7.6,21.8,0.0,6.2,12.7,11.8,0.0,0.0,0.0,.019,-1.0,0.1,-0.9,0.0
2023,519,daysda01,23,HOU,SF,4,0,25,18.3,.582,.833,.167,4.3,22.2,13.2,6.2,0.0,3.9,0.0,21.4,0.1,0.0,0.1,.156,4.7,-1.2,3.5,0.0
2023,520,brownst02,27,LAL,SF,4,0,24,7.0,.000,.500,.000,13.9,21.6,17.8,9.4,5.9,0.0,0.0,7.0,0.0,0.1,0.0,.040,-7.7,4.3,-3.3,0.0
2023,521,comanch01,26,POR,C,1,0,21,12.2,.518,.000,.800,10.9,5.5,8.2,0.0,0.0,4.2,0.0,14.0,0.0,0.0,0.0,.043,-2.6,-4.9,-7.5,0.0
2023,522,simonma01,23,CHI,C,7,0,20,-0.1,.381,.571,.286,5.8,5.6,5.7,0.0,0.0,0.0,0.0,17.4,0.0,0.0,0.0,-0.052,-10.5,-3.8,-14.4,-0.1
2023,523,moonxa01,28,LAC,SG,4,0,20,7.2,.389,.333,.000,0.0,16.6,8.4,35.7,0.0,0.0,10.0,21.8,0.0,0.0,0.0,-0.030,-4.1,-1.0,-5.1,0.0
2023,524,quinole01,22,GSW,SG,4,0,18,8.6,.654,.800,1.200,6.2,12.0,9.2,14.2,2.6,0.0,39.6,29.4,-0.1,0.0,0.0,-0.103,-6.4,-3.7,-10.2,0.0
2023,525,seabrde01,22,NOP,SG,5,0,12,4.6,.400,.000,.000,9.5,0.0,4.7,0.0,0.0,0.0,0.0,17.9,0.0,0.0,0.0,-0.034,-6.6,-4.7,-11.3,0.0
2023,526,windldy01,26,CLE,SF,3,0,10,19.0,.833,.667,.000,0.0,0.0,0.0,15.2,5.0,0.0,25.0,17.9,0.0,0.0,0.0,.149,3.2,3.5,6.7,0.0
2023,527,hillma01,27,CHI,SF,5,0,9,15.4,.625,.750,.000,0.0,37.2,18.9,0.0,0.0,0.0,0.0,19.7,0.0,0.0,0.0,.125,1.6,0.8,2.4,0.0
2023,528,keybr01,25,DET,SF,3,0,9,18.6,1.064,.000,2.000,0.0,12.7,6.2,0.0,0.0,0.0,0.0,8.9,0.0,0.0,0.0,.242,2.1,0.8,2.9,0.0
2023,529,dorsety01,26,DAL,SF,3,0,8,45.5,.900,.400,.000,14.4,14.7,14.5,0.0,0.0,0.0,0.0,28.3,0.1,0.0,0.1,.367,17.0,0.8,17.8,0.0
2023,530,keelstr01,19,NYK,SG,3,0,8,3.7,.375,1.000,.000,0.0,27.6,13.7,0.0,0.0,0.0,0.0,21.4,0.0,0.0,0.0,-0.062,-7.4,-5.6,-13.0,0.0
2023,531,monekch01,27,SAC,SF,2,0,8,-3.5,.347,.000,1.000,28.8,0.0,14.3,16.1,0.0,0.0,41.0,26.2,0.0,0.0,0.0,-0.288,-12.7,-8.0,-20.7,0.0
2023,532,burtode02,29,SAC,PF,2,0,6,-12.6,.000,.500,.000,0.0,0.0,0.0,0.0,0.0,0.0,0.0,14.3,0.0,0.0,0.0,-0.347,-13.9,-10.4,-24.2,0.0
2023,533,schakjo01,24,WAS,SF,2,0,6,24.3,.750,.500,.000,0.0,0.0,0.0,23.5,8.1,0.0,0.0,14.5,0.0,0.0,0.0,.314,7.7,9.3,17.0,0.0
2023,534,jacksfr01,24,UTA,PG,1,0,5,-6.8,.000,.333,.000,21.9,21.3,21.6,22.7,0.0,0.0,0.0,25.1,0.0,0.0,0.0,-0.378,-12.5,-9.8,-22.2,0.0
2023,535,willial06,23,BRK,SG,1,0,5,-20.9,,,,0.0,22.0,11.2,0.0,0.0,0.0,100.0,17.7,-0.1,0.0,-0.1,-0.517,-21.3,-5.2,-26.5,0.0
2023,536,willido02,21,ATL,SG,2,0,4,14.5,.400,.400,.000,0.0,55.4,27.4,0.0,0.0,0.0,0.0,52.5,0.0,0.0,0.0,-0.225,-9.1,-6.1,-15.2,0.0
2023,537,silvach01,26,DAL,PF,1,0,3,-2.2,1.000,.000,.000,0.0,0.0,0.0,0.0,0.0,0.0,50.0,30.1,0.0,0.0,0.0,-0.260,-22.5,-0.1,-22.6,0.0
2023,538,umudest01,23,DET,SG,1,0,2,65.6,.532,1.000,2.000,0.0,0.0,0.0,0.0,24.2,44.1,0.0,40.0,0.0,0.0,0.0,.626,15.9,32.7,48.6,0.0
2023,539,fostemi02,20,PHI,PF,1,0,1,0.0,,,,0.0,0.0,0.0,0.0,0.0,0.0,,0.0,0.0,0.0,0.0,.010,-7.2,-1.9,-9.2,0.0
2023,,,,,,,,,,.581,.387,.266,4.8,15.2,10.0,15.4,1.5,1.7,12.0,19.9,,,,,,,,
2024,1,derozde01,34,CHI,SF,79,79,2989,19.7,.584,.166,.452,1.6,11.3,6.4,21.8,1.5,1.5,7.7,25.8,7.0,2.2,9.2,.147,2.1,-0.3,1.8,2.8
2024,2,sabondo01,27,SAC,C,82,82,2928,23.2,.637,.081,.389,11.0,32.3,21.4,33.9,1.2,1.5,17.9,22.2,8.6,4.0,12.6,.206,4.0,2.4,6.5,6.2
2024,3,whiteco01,23,CHI,PG,79,78,2881,14.5,.570,.460,.215,1.7,12.4,6.9,20.8,0.9,0.6,11.1,22.7,3.1,1.6,4.7,.078,0.7,-1.3,-0.7,0.9
2024,4,bridgmi01,27,BRK,SF,82,82,2854,14.9,.560,.457,.245,2.5,12.0,7.1,16.3,1.4,0.9,10.3,24.3,2.1,2.1,4.2,.070,0.7,-1.0,-0.4,1.2
2024,5,banchpa01,21,ORL,PF,80,80,2799,17.3,.546,.249,.397,3.4,20.0,11.6,25.2,1.3,1.6,13.0,29.7,1.3,4.0,5.3,.090,1.3,0.0,1.3,2.3
2024,6,duranke01,35,PHO,PF,75,75,2791,21.2,.626,.283,.295,1.7,17.5,10.0,22.2,1.2,2.9,13.1,29.0,5.1,3.2,8.3,.142,4.0,0.1,4.0,4.3
2024,7,murrade01,27,ATL,SG,78,78,2783,17.7,.555,.379,.179,2.3,14.4,8.1,27.9,1.9,0.8,11.3,26.6,3.3,1.6,4.9,.084,2.3,-0.6,1.7,2.6
2024,8,edwaran01,22,MIN,SG,79,78,2770,19.7,.575,.341,.325,2.2,14.8,8.8,24.6,1.8,1.3,11.9,32.3,2.9,4.7,7.5,.130,2.7,0.5,3.3,3.7
2024,9,jokicni01,28,DEN,C,79,79,2737,31.0,.650,.164,.310,9.3,29.6,19.8,42.0,2.0,2.1,12.9,29.3,12.0,5.1,17.0,.299,9.0,4.2,13.2,10.6
2024,10,brunsja01,27,NYK,PG,77,77,2726,23.4,.592,.319,.302,1.8,9.7,5.7,33.5,1.3,0.4,9.1,32.5,8.8,2.4,11.2,.198,6.3,-0.4,5.8,5.4
2024,11,hartjo01,28,NYK,SF,81,42,2707,11.8,.522,.380,.169,5.3,22.8,14.0,16.3,1.4,0.8,13.9,13.5,2.0,3.6,5.7,.100,-1.3,1.4,0.0,1.4
2024,12,davisan02,30,LAL,C,76,76,2700,25.8,.621,.083,.402,10.4,28.3,19.8,15.5,1.6,5.7,9.5,26.7,7.2,4.7,11.8,.210,3.5,1.7,5.1,4.9
2024,13,vanvlfr01,29,HOU,PG,73,73,2684,16.7,.568,.576,.225,1.3,9.9,5.6,31.1,1.8,2.0,10.1,19.7,5.3,3.1,8.4,.150,2.6,0.8,3.4,3.6
2024,14,foxde01,26,SAC,PG,74,74,2659,20.1,.567,.374,.273,2.8,11.8,7.2,25.2,2.7,1.1,10.1,31.0,3.3,3.2,6.5,.117,2.6,0.1,2.7,3.2
2024,15,siakapa01,29,2TM,PF,80,80,2657,19.7,.601,.194,.312,5.8,18.1,11.9,19.4,1.1,0.8,8.9,25.3,5.4,1.5,6.9,.124,2.6,-0.7,1.9,2.7
2024,15,siakapa01,29,TOR,PF,39,39,1354,18.8,.600,.233,.358,4.3,15.9,10.0,22.1,1.1,0.7,10.3,25.3,2.4,0.6,3.0,.106,2.2,-0.8,1.4,1.2
2024,15,siakapa01,29,IND,PF,41,41,1303,20.7,.602,.156,.267,7.4,20.3,13.9,16.5,1.1,0.9,7.4,25.2,3.0,0.9,3.9,.143,3.0,-0.5,2.5,1.5
2024,16,tatumja01,25,BOS,PF,74,74,2645,22.3,.604,.427,.349,2.9,20.9,12.3,21.0,1.4,1.4,10.3,30.2,6.4,4.1,10.4,.189,4.5,0.6,5.1,4.7
2024,17,reaveau01,25,LAL,SG,82,57,2629,15.5,.613,.447,.289,2.5,11.9,7.4,23.5,1.2,0.8,14.1,20.3,3.9,2.0,5.9,.108,0.9,-0.4,0.4,1.6
2024,18,maxeyty01,23,PHI,PG,70,70,2626,19.8,.573,.401,.266,1.5,9.5,5.4,26.7,1.3,1.1,6.8,28.0,5.9,2.1,8.1,.147,4.1,-1.0,3.1,3.4
2024,19,doncilu01,24,DAL,PG,70,70,2624,28.1,.617,.450,.368,2.5,24.4,13.5,44.3,1.8,1.3,12.8,36.0,8.5,3.5,12.0,.220,8.3,1.7,9.9,8.0
2024,20,vucevni01,33,CHI,C,76,74,2610,17.7,.540,.258,.107,8.8,25.8,17.1,15.2,1.0,2.4,8.6,23.3,2.7,2.8,5.4,.100,0.8,-0.7,0.1,1.4
2024,21,greenja05,21,HOU,SG,82,82,2601,14.7,.541,.454,.264,1.7,15.9,8.7,17.3,1.2,1.0,11.4,27.4,0.2,2.9,3.1,.056,0.4,-0.9,-0.5,1.0
2024,22,goberru01,31,MIN,C,76,76,2593,19.3,.675,.005,.635,13.1,29.2,21.5,5.6,1.0,5.5,13.1,15.4,5.8,5.8,11.6,.216,0.1,1.7,1.8,2.5
2024,23,murrake02,23,SAC,SF,77,77,2588,13.3,.569,.524,.127,4.5,13.9,9.1,6.9,1.5,2.1,5.9,18.1,2.6,2.6,5.2,.096,-0.4,-0.5,-0.9,0.8
2024,24,bridgmi02,25,CHO,SF,69,67,2581,15.4,.556,.372,.174,3.0,19.5,11.0,14.6,1.2,1.2,9.6,24.7,0.7,1.4,2.2,.040,0.2,-1.3,-1.1,0.6
2024,25,lillada01,33,MIL,PG,73,73,2579,19.6,.590,.487,.403,1.6,11.8,6.8,28.8,1.3,0.6,11.4,28.4,5.8,1.9,7.7,.143,3.4,-1.3,2.1,2.7
2024,26,antetgi01,29,MIL,PF,73,73,2567,29.9,.649,.091,.571,8.6,27.0,17.9,32.7,1.6,2.6,12.7,33.0,9.5,3.7,13.2,.246,6.7,2.4,9.0,7.2
2024,27,portemi01,25,DEN,SF,81,81,2565,15.5,.601,.513,.102,4.7,19.3,12.2,6.7,0.8,1.8,7.5,20.7,3.1,3.1,6.2,.115,1.2,-1.2,0.1,1.3
2024,28,gilgesh01,25,OKC,PG,75,75,2553,29.3,.636,.181,.436,3.0,14.7,9.1,29.8,2.8,2.4,8.4,32.8,10.5,4.2,14.6,.275,6.7,2.3,9.0,7.1
2024,29,allengr01,28,PHO,SG,75,74,2513,13.8,.679,.652,.216,2.3,10.6,6.6,12.1,1.3,1.6,11.3,14.5,4.7,2.2,6.9,.132,1.1,0.1,1.3,2.0
2024,30,jamesle01,39,LAL,PF,71,71,2504,23.7,.630,.286,.318,2.8,19.3,11.5,37.5,1.7,1.3,14.5,29.2,5.7,2.8,8.5,.164,5.5,0.9,6.5,5.4
2024,31,georgpa01,33,LAC,PF,74,74,2502,19.3,.613,.476,.235,1.7,15.3,8.8,16.1,2.2,1.3,10.1,26.6,4.4,2.8,7.3,.140,2.9,0.2,3.2,3.3
2024,32,schrode01,30,2TM,PG,80,58,2486,13.3,.550,.397,.230,1.7,9.2,5.3,28.0,1.2,0.6,13.0,20.3,2.3,1.0,3.3,.063,-0.5,-1.3,-1.8,0.1
2024,32,schrode01,30,TOR,PG,51,33,1559,13.9,.559,.394,.267,1.5,8.5,4.9,28.0,1.4,0.5,11.7,19.4,2.0,0.5,2.5,.076,-0.5,-1.3,-1.8,0.1
2024,32,schrode01,30,BRK,PG,29,25,927,12.3,.535,.402,.174,1.9,10.3,6.0,28.0,0.9,0.9,15.0,21.8,0.3,0.5,0.8,.042,-0.5,-1.4,-1.9,0.0
2024,33,russeda01,27,LAL,PG,76,69,2484,16.0,.588,.505,.178,1.3,8.9,5.3,27.6,1.3,1.3,11.8,23.0,3.3,1.8,5.1,.099,1.7,-0.8,0.9,1.8
2024,34,hardeja01,34,LAC,PG,72,72,2470,18.6,.612,.594,.418,1.6,14.8,8.4,33.6,1.5,2.1,16.0,20.6,5.9,2.5,8.4,.163,3.8,0.3,4.1,3.8
2024,35,bookede01,27,PHO,PG,68,68,2447,21.9,.611,.320,.350,2.7,11.1,7.1,31.2,1.2,1.0,10.6,29.8,7.2,2.0,9.2,.181,4.0,-1.0,3.0,3.1
2024,36,allenja01,25,CLE,C,77,77,2442,21.8,.664,.007,.383,11.3,25.8,18.7,13.2,1.1,3.0,11.2,19.4,6.8,3.9,10.7,.210,2.1,0.9,3.0,3.1
2024,37,smithja05,20,HOU,PF,76,76,2424,13.8,.571,.456,.222,6.1,21.3,13.6,7.1,1.0,2.3,8.9,17.6,2.4,3.2,5.6,.111,-0.5,0.1,-0.4,1.0
2024,38,curryst01,35,GSW,PG,74,74,2421,20.6,.616,.606,.224,1.7,12.9,7.4,24.7,1.1,1.0,11.7,31.3,5.2,2.0,7.2,.142,6.3,-1.1,5.2,4.4
2024,39,adebaba01,26,MIA,C,71,71,2416,19.8,.576,.041,.381,7.4,27.3,17.3,18.9,1.7,2.7,12.0,24.9,2.9,4.3,7.2,.144,0.8,1.7,2.4,2.7
2024,40,holmgch01,21,OKC,C,82,82,2413,20.4,.632,.366,.289,6.2,23.1,15.0,11.6,1.1,7.3,10.9,21.6,4.6,4.4,8.9,.178,1.8,1.5,3.4,3.3
2024,41,lopezbr01,35,MIL,C,79,79,2411,14.8,.608,.535,.177,5.4,13.0,9.3,7.1,0.9,6.7,8.8,16.0,3.1,2.8,5.9,.117,0.2,0.8,1.0,1.8
2024,42,caldwke01,30,DEN,SG,76,76,2402,10.7,.602,.525,.193,1.5,6.8,4.2,9.5,2.0,1.5,10.5,12.9,2.2,2.6,4.8,.096,-2.1,0.7,-1.4,0.4
2024,43,bogdabo01,31,ATL,SG,79,33,2401,14.7,.569,.583,.149,2.3,10.3,6.2,14.9,1.9,1.0,8.7,22.3,2.8,1.2,3.9,.079,0.9,-0.7,0.2,1.4
2024,44,millebr02,21,CHO,SF,74,68,2383,13.0,.552,.455,.160,2.7,12.4,7.4,11.6,1.4,1.6,10.2,23.9,-0.3,1.0,0.8,.015,-0.9,-1.6,-2.6,-0.3
2024,45,barneha02,31,SAC,PF,82,82,2381,11.9,.611,.526,.268,3.1,8.8,5.9,5.6,1.1,0.5,6.6,15.7,3.1,1.5,4.7,.094,-0.6,-1.2,-1.8,0.1
2024,46,whitede01,29,BOS,SG,73,73,2381,16.9,.611,.590,.181,2.4,11.3,7.0,21.2,1.5,3.2,11.0,18.6,5.2,3.3,8.5,.171,2.4,1.4,3.8,3.5
2024,47,harrito02,31,PHI,PF,70,70,2368,16.5,.576,.271,.224,3.7,17.7,10.6,13.8,1.5,1.8,8.2,20.7,3.2,2.7,5.9,.121,1.0,-0.1,0.9,1.7
2024,48,divindo01,27,NYK,SG,81,63,2360,16.0,.597,.702,.114,3.0,11.2,7.1,13.7,2.3,1.4,9.7,21.3,3.6,3.0,6.6,.135,2.5,0.9,3.4,3.2
2024,49,poolejo01,24,WAS,SG,78,66,2346,12.1,.529,.476,.185,1.4,8.4,4.8,21.4,1.7,0.9,12.8,26.4,-1.5,0.8,-0.6,-0.013,-2.0,-1.9,-3.9,-1.2
2024,50,brownja02,27,BOS,SF,70,70,2343,18.6,.580,.326,.239,4.0,13.4,8.9,16.6,1.8,1.4,10.7,28.9,2.7,3.2,5.9,.121,0.9,-0.1,0.7,1.6
2024,51,beaslma01,27,MIL,SG,79,77,2337,10.3,.603,.751,.048,2.0,11.4,6.8,6.1,1.2,0.3,6.8,14.6,1.9,1.6,3.5,.073,-1.0,-0.8,-1.8,0.1
2024,52,wagnefr01,22,ORL,SF,72,72,2337,17.6,.575,.305,.291,3.6,15.7,9.6,18.8,1.6,1.1,10.0,25.7,3.1,3.2,6.4,.131,0.9,0.3,1.2,1.9
2024,53,leonaka01,32,LAC,SF,68,68,2330,23.2,.626,.289,.246,4.2,15.6,10.1,16.9,2.4,2.3,8.5,26.5,6.0,2.9,8.9,.184,4.8,0.6,5.5,4.4
2024,54,joneshe01,25,NOP,SF,76,76,2321,13.2,.636,.464,.269,3.6,9.4,6.5,11.3,2.2,2.6,12.4,14.1,3.3,3.0,6.3,.131,-0.9,1.5,0.6,1.6
2024,55,gordoaa01,28,DEN,PF,73,73,2297,16.8,.607,.193,.376,8.6,13.9,11.4,15.2,1.2,1.7,11.2,17.8,4.5,2.6,7.1,.148,1.2,0.1,1.3,1.9
2024,56,thompkl01,33,GSW,SF,77,63,2284,13.9,.576,.611,.121,1.7,10.2,6.0,11.2,1.1,1.4,8.9,24.2,1.8,1.7,3.6,.075,1.1,-1.5,-0.4,0.9
2024,57,kuzmaky01,28,WAS,PF,70,70,2281,15.7,.547,.343,.183,2.8,19.3,10.9,20.7,0.8,1.8,11.9,29.7,-1.0,1.1,0.2,.004,0.5,-1.6,-1.1,0.5
2024,58,holidjr01,33,BOS,PG,69,69,2263,14.4,.597,.467,.104,4.2,13.2,8.9,19.3,1.3,2.1,14.7,16.3,3.3,3.0,6.3,.133,1.0,1.1,2.1,2.4
2024,59,avdijde01,23,WAS,SF,75,75,2257,14.9,.597,.293,.340,3.9,22.1,12.8,17.8,1.2,1.3,14.8,20.2,1.7,1.5,3.2,.068,-0.7,-0.2,-0.9,0.6
2024,60,vassede01,23,SAS,SG,68,62,2248,15.7,.578,.422,.190,1.3,11.3,6.3,19.1,1.5,0.8,8.6,23.5,2.0,1.6,3.6,.077,0.9,-0.9,0.0,1.1
2024,61,dortlu01,24,OKC,SF,79,79,2246,11.1,.593,.603,.236,3.8,10.0,7.0,6.3,1.5,1.9,9.3,15.4,2.0,2.5,4.6,.097,-1.4,-0.2,-1.6,0.2
2024,62,strusma01,27,CLE,SF,70,70,2239,11.7,.553,.658,.133,3.4,13.5,8.5,17.3,1.4,1.2,12.7,17.4,1.2,2.6,3.9,.083,-1.1,0.5,-0.6,0.8
2024,63,brookdi01,28,HOU,SF,72,72,2227,9.4,.549,.482,.191,2.5,9.4,5.9,7.5,1.4,0.4,9.6,17.6,0.6,2.1,2.7,.058,-3.3,-0.3,-3.6,-0.9
2024,64,halibty01,23,IND,PG,69,68,2224,23.3,.605,.510,.217,1.8,12.0,6.9,44.9,1.8,1.7,12.2,24.6,7.6,1.5,9.0,.195,7.3,-0.4,6.9,5.0
2024,65,willija06,22,OKC,PF,71,71,2223,19.1,.621,.243,.223,1.9,11.8,7.1,21.3,1.7,1.9,10.1,23.7,4.5,2.7,7.3,.157,2.0,0.3,2.3,2.4
2024,66,washipj01,25,2TM,PF,73,45,2221,12.2,.537,.509,.179,4.2,16.5,10.3,9.3,1.6,2.4,9.9,19.1,0.0,1.9,1.9,.040,-1.7,-0.4,-2.1,-0.1
2024,66,washipj01,25,CHO,PF,44,17,1286,13.0,.545,.479,.185,4.5,16.1,10.1,11.5,1.5,2.3,10.7,21.2,0.0,0.8,0.8,.028,-1.7,-1.1,-2.8,-0.3
2024,66,washipj01,25,DAL,PF,29,28,935,11.0,.522,.560,.169,3.7,17.1,10.5,6.2,1.7,2.5,8.5,16.3,0.0,1.1,1.1,.056,-1.8,0.7,-1.2,0.2
2024,67,iveyja01,21,DET,SG,77,61,2217,12.4,.536,.379,.311,4.3,9.1,6.6,20.2,1.2,1.6,14.7,24.9,-0.5,1.0,0.5,.010,-1.4,-1.7,-3.1,-0.6
2024,68,dosunay01,24,CHI,SG,76,37,2212,13.4,.604,.410,.146,2.7,8.3,5.5,15.6,1.5,1.7,11.9,17.2,2.6,1.5,4.1,.089,-0.6,-0.2,-0.8,0.7
2024,69,willizi01,23,NOP,PF,70,70,2207,22.8,.610,.016,.452,6.2,14.2,10.2,26.5,1.7,2.1,12.8,29.7,4.7,2.8,7.5,.164,3.3,0.6,3.8,3.3
2024,70,conlemi01,36,MIN,PG,76,76,2193,15.8,.627,.629,.174,2.0,9.0,5.6,28.4,2.0,0.7,12.8,16.0,5.0,3.3,8.2,.180,2.0,1.4,3.4,3.0
2024,71,sochaje01,20,SAS,PF,74,73,2193,11.4,.513,.293,.186,6.7,16.9,11.7,16.0,1.3,1.5,14.3,18.8,-0.5,1.9,1.4,.030,-2.8,-0.6,-3.4,-0.8
2024,72,hieldbu01,31,2TM,SF,84,42,2160,13.3,.578,.668,.069,3.1,10.9,7.0,14.5,1.6,1.6,10.5,19.2,1.9,1.6,3.5,.077,1.0,-0.6,0.4,1.3
2024,72,hieldbu01,31,IND,SF,52,28,1336,13.1,.586,.691,.064,2.9,11.3,7.1,12.9,1.5,1.8,10.4,18.6,1.2,0.8,2.0,.070,1.0,-0.8,0.2,0.7
2024,72,hieldbu01,31,PHI,SG,32,14,824,13.6,.566,.634,.078,3.6,10.2,6.8,17.1,1.6,1.2,10.6,20.2,0.7,0.8,1.5,.088,1.0,-0.3,0.8,0.6
2024,73,mccolcj01,32,NOP,PG,66,66,2159,17.9,.592,.528,.132,2.0,12.6,7.4,21.4,1.4,1.9,9.0,24.7,3.5,2.4,5.9,.132,3.3,-0.3,3.1,2.8
2024,74,dinwisp01,30,2TM,PG,76,52,2152,11.7,.543,.575,.328,1.5,9.0,5.2,22.7,1.2,0.9,11.1,16.6,2.3,1.3,3.6,.081,-1.3,-0.6,-1.9,0.1
2024,74,dinwisp01,30,BRK,PG,48,48,1474,13.5,.530,.557,.321,1.9,10.1,5.9,27.5,1.3,0.6,9.8,18.6,2.0,0.9,2.9,.095,-0.5,-0.8,-1.3,0.3
2024,74,dinwisp01,30,LAL,PG,28,4,678,8.0,.586,.638,.355,0.7,6.7,3.9,12.2,0.9,1.7,15.1,12.2,0.3,0.4,0.7,.052,-3.2,-0.1,-3.2,-0.2
2024,75,jonestr01,24,SAS,PG,77,48,2138,14.7,.591,.318,.197,2.9,11.8,7.3,30.8,1.7,0.3,15.1,15.2,3.4,1.6,4.9,.111,-0.4,0.1,-0.4,0.9
2024,76,willigr01,25,2TM,PF,76,43,2130,10.6,.588,.555,.231,4.4,12.2,8.3,11.3,1.0,1.6,14.1,15.9,1.3,1.3,2.6,.059,-1.9,-0.7,-2.6,-0.3
2024,76,willigr01,25,DAL,PF,47,33,1242,8.3,.560,.662,.174,4.1,10.8,7.4,8.2,0.9,1.9,13.4,13.6,0.4,1.0,1.3,.052,-2.7,-0.7,-3.4,-0.4
2024,76,willigr01,25,CHO,PF,29,10,888,13.9,.618,.438,.295,4.9,14.2,9.4,15.7,1.1,1.3,14.7,19.0,0.9,0.3,1.3,.070,-0.8,-0.7,-1.5,0.1
2024,77,jacksja02,24,MEM,C,66,66,2124,17.4,.552,.315,.359,4.2,15.0,9.4,13.1,1.8,4.7,10.6,30.4,0.2,2.8,3.0,.067,0.0,0.4,0.4,1.3
2024,78,hardati02,31,DAL,SF,79,12,2120,12.1,.542,.612,.173,1.1,11.9,6.5,9.2,1.0,0.2,6.2,22.6,0.8,1.4,2.2,.050,-0.8,-2.1,-2.9,-0.5
2024,79,claxtni01,24,BRK,C,71,71,2116,18.7,.629,.009,.337,9.7,27.3,18.2,10.4,1.1,6.2,12.2,15.6,3.5,3.2,6.7,.152,-0.3,1.5,1.2,1.7
2024,80,jaqueja01,22,MIA,SF,75,20,2113,12.9,.574,.290,.251,4.4,11.0,7.6,13.9,1.8,0.9,12.4,18.7,1.4,2.7,4.0,.092,-2.2,0.3,-1.9,0.1
2024,81,princta02,29,LAL,PF,78,49,2108,8.8,.579,.622,.119,1.2,10.5,6.1,7.2,1.3,1.4,10.8,13.8,0.3,1.7,1.9,.043,-2.6,-0.2,-2.8,-0.4
2024,82,wembavi01,20,SAS,C,71,71,2106,23.1,.565,.332,.309,8.2,30.7,19.4,21.5,2.0,10.0,16.2,32.2,-0.7,4.4,3.7,.085,1.9,3.3,5.2,3.8
2024,83,mcdanja02,23,MIN,SF,72,71,2105,9.4,.571,.406,.126,3.2,8.7,6.0,6.8,1.5,1.8,11.6,15.7,0.3,3.1,3.4,.077,-3.3,0.7,-2.6,-0.3
2024,84,ingrabr01,26,NOP,SF,64,64,2103,18.2,.578,.238,.302,2.3,14.7,8.6,26.7,1.2,1.9,12.4,27.2,2.7,2.4,5.1,.117,1.4,-0.3,1.2,1.7
2024,85,barnesc01,22,TOR,SG,60,60,2094,19.5,.566,.314,.266,7.3,18.9,13.0,26.2,1.7,3.7,13.6,24.8,2.3,2.0,4.3,.098,2.9,0.8,3.7,3.0
2024,86,nurkiju01,29,PHO,C,76,76,2078,17.4,.559,.144,.416,12.8,31.7,22.8,19.9,1.9,3.4,19.1,19.1,2.0,3.8,5.8,.133,-1.0,2.1,1.1,1.6
2024,87,turnemy01,27,IND,C,77,77,2076,19.3,.626,.356,.349,6.2,22.9,14.5,6.4,0.9,5.5,9.4,23.4,3.6,2.2,5.8,.134,1.0,-0.1,0.9,1.5
2024,88,sextoco01,25,UTA,SG,78,51,2075,19.9,.607,.313,.356,3.8,7.1,5.4,29.5,1.4,0.8,12.1,27.5,5.2,0.3,5.5,.127,3.8,-1.9,1.9,2.0
2024,89,thomaca02,22,BRK,SG,66,51,2075,16.1,.554,.333,.281,1.4,10.1,5.6,15.7,1.1,0.7,8.5,30.5,1.3,1.2,2.5,.058,0.7,-1.9,-1.2,0.4
2024,90,cunnica01,22,DET,PG,62,62,2074,17.1,.546,.287,.235,1.7,12.9,7.2,37.5,1.3,0.9,14.1,30.8,0.7,1.0,1.8,.041,2.0,-1.6,0.3,1.2
2024,91,kispeco01,24,WAS,SF,80,22,2067,12.8,.620,.605,.198,1.5,10.3,5.8,10.7,0.9,0.6,10.2,19.6,1.7,0.4,2.1,.048,-0.2,-2.0,-2.1,-0.1
2024,92,beysa01,24,ATL,SF,63,51,2062,13.1,.549,.514,.291,8.5,13.4,10.9,6.0,1.2,0.5,6.4,17.0,2.8,0.7,3.5,.081,0.1,-2.0,-1.8,0.1
2024,93,oubreke01,28,PHI,SF,68,52,2055,13.5,.535,.370,.264,5.0,13.5,9.2,7.3,1.8,2.1,8.2,22.4,0.6,2.4,3.0,.070,-1.5,-0.7,-2.3,-0.1
2024,94,sengual01,21,HOU,C,63,63,2046,22.0,.585,.113,.358,9.5,21.5,15.4,25.2,1.8,2.1,12.5,27.0,3.8,3.1,6.9,.163,3.1,1.7,4.9,3.5
2024,95,butleji01,34,MIA,PF,60,60,2042,22.0,.626,.183,.579,5.8,11.9,8.8,23.1,1.9,0.8,9.3,24.0,6.4,2.7,9.1,.214,3.9,0.7,4.6,3.4
2024,96,carusal01,29,CHI,SG,71,57,2040,14.5,.613,.616,.177,3.3,11.8,7.5,16.4,2.9,3.5,14.9,14.7,2.3,2.6,4.9,.115,0.2,2.3,2.5,2.3
2024,97,roziete01,29,2TM,SG,61,60,2040,17.3,.555,.411,.198,1.9,12.0,6.8,27.5,1.5,1.0,8.9,25.9,2.3,1.6,3.9,.091,2.2,-0.7,1.5,1.8
2024,97,roziete01,29,CHO,SG,30,30,1065,19.2,.574,.423,.235,1.7,10.9,6.2,31.3,1.5,1.1,9.7,27.8,1.6,0.4,2.0,.090,3.8,-1.5,2.3,1.1
2024,97,roziete01,29,MIA,PG,31,30,975,15.1,.531,.396,.154,2.1,13.1,7.6,23.4,1.6,0.9,7.9,23.8,0.6,1.2,1.9,.092,0.4,0.3,0.7,0.7
2024,98,johnske04,24,SAS,SF,69,27,2038,14.2,.565,.426,.256,5.0,15.1,10.0,14.2,1.2,0.8,9.4,21.9,1.5,1.5,3.0,.071,-0.3,-1.4,-1.7,0.2
2024,99,irvinky01,31,DAL,SG,58,58,2030,21.9,.608,.372,.186,2.4,13.2,7.8,23.8,1.7,1.2,8.0,28.1,4.9,2.0,6.9,.163,4.8,0.1,4.9,3.6
2024,100,townska01,28,MIN,PF,62,62,2026,18.8,.625,.344,.307,5.5,22.6,14.4,15.1,1.0,1.8,14.1,27.4,2.6,3.6,6.3,.148,1.6,0.9,2.5,2.3
2024,101,suggsja01,22,ORL,SG,75,75,2025,14.1,.602,.539,.218,2.8,10.6,6.6,15.0,2.6,2.2,14.4,19.7,1.5,3.2,4.7,.112,-0.6,1.6,1.0,1.5
2024,102,georgke01,20,UTA,PG,75,44,2023,10.4,.533,.540,.274,0.8,10.6,5.7,23.1,0.9,0.3,17.1,22.8,-0.4,0.1,-0.3,-0.008,-1.5,-2.9,-4.4,-1.2
2024,103,giddejo01,21,OKC,SG,80,80,2011,16.6,.547,.287,.146,6.4,21.5,14.2,26.6,1.2,2.0,15.7,23.1,1.4,2.9,4.3,.102,1.0,0.4,1.5,1.8
2024,104,portibo01,28,MIL,PF,82,4,2008,17.5,.581,.268,.135,7.9,24.8,16.6,7.8,1.6,1.4,8.6,22.9,2.1,2.6,4.7,.112,0.0,-0.8,-0.8,0.6
2024,105,nesmiaa01,24,IND,SF,72,47,1995,12.8,.631,.526,.216,3.6,12.0,7.8,6.6,1.5,2.0,8.4,16.0,2.8,1.3,4.1,.098,-0.3,-0.2,-0.5,0.8
2024,106,trentga02,25,TOR,SG,71,41,1994,12.0,.548,.535,.113,1.4,9.2,5.2,8.6,1.9,0.4,5.0,20.0,0.8,0.9,1.7,.040,-1.2,-1.4,-2.6,-0.3
2024,107,powelno01,30,LAC,SG,76,3,1990,13.9,.626,.500,.224,0.9,9.8,5.5,5.9,1.1,1.0,7.3,20.0,2.8,1.3,4.1,.099,0.4,-1.2,-0.8,0.6
2024,108,quickim01,24,2TM,SG,68,38,1985,16.7,.577,.484,.274,0.9,13.7,7.2,24.6,1.2,0.5,9.2,23.8,3.5,1.2,4.7,.115,2.2,-0.9,1.3,1.7
2024,108,quickim01,24,NYK,SG,30,0,720,17.1,.598,.484,.281,0.8,11.3,6.0,15.9,1.1,0.4,7.6,24.4,1.6,0.6,2.2,.149,2.7,-0.2,2.5,0.8
2024,108,quickim01,24,TOR,PG,38,38,1265,16.5,.564,.485,.270,1.0,15.1,7.9,29.5,1.3,0.5,10.1,23.5,1.9,0.6,2.5,.095,1.9,-1.3,0.6,0.8
2024,109,podzibr01,20,GSW,SG,74,28,1968,13.0,.540,.392,.132,6.6,16.7,11.7,18.1,1.5,0.6,12.2,15.4,2.1,2.0,4.1,.100,-0.5,0.4,-0.1,0.9
2024,110,reidna01,24,MIN,PF,81,14,1964,16.0,.595,.479,.174,4.4,19.3,12.2,8.3,1.6,3.3,10.8,23.1,1.1,3.8,4.9,.120,0.4,1.1,1.5,1.7
2024,111,leverca01,29,CLE,SG,68,10,1958,14.6,.524,.405,.245,2.3,13.7,8.0,25.7,1.9,1.6,11.4,23.1,1.0,2.6,3.6,.088,-0.6,0.8,0.2,1.1
2024,112,onealro01,30,2TM,SF,79,14,1954,11.1,.548,.783,.065,3.4,17.9,10.7,15.0,1.5,2.0,11.6,13.9,1.3,2.1,3.4,.085,-1.0,1.0,0.0,1.0
2024,112,onealro01,30,BRK,SF,49,6,1202,10.4,.544,.815,.068,3.4,17.1,10.1,15.5,1.3,2.2,13.2,13.9,0.6,1.2,1.8,.070,-1.6,0.8,-0.7,0.4
2024,112,onealro01,30,PHO,SF,30,8,752,12.3,.555,.734,.061,3.5,19.2,11.7,14.3,1.8,1.8,9.1,13.9,0.8,0.9,1.7,.108,-0.2,1.4,1.3,0.6
2024,113,kuminjo01,21,GSW,PF,74,46,1949,17.0,.598,.191,.347,5.2,14.4,9.8,12.5,1.4,1.7,10.9,24.1,2.7,1.9,4.6,.113,0.0,-0.4,-0.4,0.8
2024,114,mitchdo01,27,CLE,SG,55,55,1942,22.1,.595,.454,.292,2.7,13.4,8.1,28.3,2.6,1.4,11.1,31.4,3.6,2.9,6.4,.159,4.6,1.2,5.8,3.9
2024,115,youngtr01,25,ATL,PG,54,54,1942,20.3,.585,.465,.404,1.2,7.3,4.2,45.1,1.8,0.5,16.5,30.5,4.0,0.6,4.6,.114,4.9,-2.3,2.6,2.2
2024,116,finnedo01,30,BRK,PF,68,56,1934,10.1,.546,.658,.090,6.0,12.1,9.0,7.6,1.4,1.8,10.0,13.2,1.0,1.6,2.6,.065,-2.0,-0.1,-2.0,0.0
2024,117,jonesty01,27,WAS,PG,66,66,1933,16.5,.578,.384,.060,1.1,9.0,5.0,34.6,1.7,0.8,8.8,16.3,3.9,0.7,4.5,.113,1.5,-0.9,0.7,1.3
2024,118,valanjo01,31,NOP,C,82,82,1925,19.8,.619,.167,.285,10.9,30.6,20.9,13.3,0.8,3.5,12.1,20.8,3.9,3.1,7.1,.177,0.7,0.5,1.2,1.6
2024,119,alexani01,25,MIN,SG,82,20,1921,10.9,.578,.623,.121,2.2,7.5,4.9,14.5,1.6,1.9,11.8,14.8,1.5,2.8,4.3,.107,-1.1,1.3,0.2,1.1
2024,120,wiggian01,28,GSW,SF,71,59,1920,12.7,.544,.326,.242,6.2,11.8,9.0,8.6,1.1,1.9,9.2,20.9,1.2,1.6,2.8,.070,-1.4,-1.2,-2.5,-0.3
2024,121,robindu01,29,MIA,SF,68,36,1905,12.2,.612,.701,.133,0.9,9.5,5.1,15.1,1.2,0.8,11.7,19.0,1.6,2.0,3.6,.091,-0.5,-0.4,-0.9,0.6
2024,122,collijo01,26,UTA,PF,68,66,1901,17.5,.621,.311,.248,9.2,24.0,16.7,6.1,1.0,2.9,10.6,20.4,3.1,1.3,4.4,.110,0.5,-1.4,-0.9,0.5
2024,123,garlada01,24,CLE,PG,57,57,1901,14.5,.560,.423,.208,1.8,7.1,4.5,29.4,1.9,0.3,16.1,25.3,0.7,2.0,2.7,.067,0.2,-1.2,-1.0,0.5
2024,124,harteis01,25,NYK,C,75,49,1896,18.9,.670,.008,.430,14.4,22.7,18.5,13.5,2.3,4.2,17.6,12.0,4.6,3.5,8.1,.204,0.7,2.8,3.5,2.6
2024,125,gordoer01,35,PHO,SG,68,24,1893,10.8,.580,.642,.104,1.0,6.0,3.6,10.0,1.7,1.4,10.2,16.5,1.0,1.5,2.5,.063,-1.3,-0.5,-1.7,0.1
2024,126,johnsja05,22,ATL,SF,56,52,1889,16.3,.584,.285,.209,4.1,24.8,14.1,15.4,1.7,2.2,11.6,19.1,2.1,1.7,3.8,.098,0.4,0.8,1.2,1.5
2024,127,okorois01,23,CLE,SF,69,42,1887,11.4,.599,.448,.285,4.0,8.2,6.1,9.5,1.5,1.6,9.1,13.9,2.1,2.0,4.2,.106,-1.8,0.7,-1.1,0.4
2024,128,capelca01,29,ATL,C,73,73,1883,20.7,.590,.002,.333,18.7,26.5,22.4,6.9,1.1,5.1,9.5,17.3,4.4,1.9,6.3,.161,1.0,-1.0,0.1,1.0
2024,129,mannte01,27,LAC,SG,75,71,1873,12.0,.615,.414,.193,5.4,9.7,7.7,8.5,1.1,0.7,8.2,13.6,3.0,1.2,4.2,.106,-0.8,-0.7,-1.5,0.2
2024,130,monkma01,25,SAC,SG,72,0,1872,16.0,.564,.474,.230,1.6,11.3,6.3,28.9,1.2,1.9,13.2,25.9,1.9,1.6,3.5,.090,1.5,-1.0,0.6,1.2
2024,131,brownbr01,27,2TM,SG,67,44,1866,11.6,.563,.282,.244,3.1,14.0,8.5,13.2,1.5,0.8,11.8,16.5,1.2,1.0,2.2,.058,-2.4,-1.0,-3.3,-0.6
2024,131,brownbr01,27,IND,SG,33,33,981,12.2,.568,.322,.261,2.9,14.9,8.9,12.3,1.7,0.6,10.5,16.7,0.9,0.6,1.5,.074,-1.7,-0.5,-2.3,-0.1
2024,131,brownbr01,27,TOR,PG,34,11,885,10.9,.557,.235,.224,3.4,12.9,8.1,14.3,1.3,0.9,13.3,16.4,0.3,0.4,0.7,.040,-3.1,-1.4,-4.5,-0.5
2024,132,murraja01,26,DEN,PG,59,59,1861,20.7,.586,.346,.187,2.6,11.6,7.2,31.2,1.5,1.8,10.5,27.9,3.8,2.1,5.9,.153,4.5,-0.4,4.1,2.9
2024,133,barrerj01,23,2TM,SG,58,58,1838,16.4,.580,.284,.331,3.1,16.0,9.5,16.7,0.8,1.1,11.1,26.5,1.6,1.2,2.9,.075,0.7,-1.5,-0.8,0.6
2024,133,barrerj01,23,NYK,SG,26,26,766,14.3,.536,.335,.320,2.8,13.5,8.1,12.8,0.8,1.1,9.6,27.6,0.4,0.7,1.1,.070,-0.3,-1.7,-2.0,0.0
2024,133,barrerj01,23,TOR,SG,32,32,1072,17.8,.615,.244,.339,3.4,17.8,10.5,19.5,0.9,1.1,12.3,25.7,1.2,0.5,1.7,.078,1.5,-1.4,0.1,0.6
2024,134,niangge01,30,CLE,PF,82,10,1831,9.9,.583,.627,.095,1.4,15.5,8.5,7.5,0.8,0.9,9.9,17.6,0.5,2.0,2.4,.064,-2.5,-0.4,-2.9,-0.4
2024,135,grantje01,29,POR,PF,54,54,1830,15.4,.573,.325,.367,2.1,10.0,5.8,13.8,1.2,1.7,10.5,25.7,1.7,1.0,2.7,.071,1.0,-1.1,-0.1,0.9
2024,136,hachiru01,25,LAL,PF,68,39,1826,15.0,.628,.343,.198,3.7,13.7,8.9,6.3,1.1,1.2,5.9,18.5,2.7,1.5,4.1,.108,0.0,-0.9,-0.9,0.5
2024,137,pritcpa01,26,BOS,PG,82,5,1825,15.3,.597,.602,.088,4.3,11.1,7.8,20.7,1.1,0.3,8.5,17.2,4.2,1.9,6.1,.160,1.3,-0.2,1.0,1.4
2024,138,markkla01,26,UTA,PF,55,55,1820,21.5,.631,.493,.311,7.4,19.6,13.6,9.5,1.3,1.3,7.1,25.0,5.2,0.9,6.2,.163,5.1,-1.5,3.6,2.6
2024,139,jacksre01,33,DEN,PG,82,23,1817,11.7,.521,.376,.130,2.1,7.2,4.7,23.0,1.2,0.6,11.7,21.7,0.6,1.5,2.1,.056,-1.8,-1.5,-3.2,-0.6
2024,140,anthoco01,23,ORL,PG,81,0,1817,14.6,.545,.360,.286,4.1,16.1,10.1,19.8,1.7,1.9,12.8,23.7,0.9,2.7,3.6,.096,-0.6,0.7,0.1,1.0
2024,141,gaffoda01,25,2TM,C,74,66,1815,21.7,.731,.000,.365,11.4,22.1,16.7,9.1,1.7,7.1,11.7,14.7,5.2,2.5,7.8,.205,0.7,1.9,2.6,2.1
2024,141,gaffoda01,25,WAS,C,45,45,1192,19.9,.707,.000,.405,11.5,21.1,16.2,8.0,1.7,6.6,11.7,13.9,3.0,1.4,4.4,.178,-0.2,1.1,0.9,0.9
2024,141,gaffoda01,25,DAL,PF,29,21,623,25.0,.769,.000,.301,11.3,23.9,17.6,11.1,1.6,7.9,11.7,16.4,2.2,1.1,3.3,.257,2.5,3.4,5.9,1.3
2024,142,zubaciv01,26,LAC,C,68,68,1794,19.3,.671,.000,.320,12.8,26.2,19.7,7.5,0.6,4.2,11.8,16.4,4.5,2.3,6.8,.182,0.8,0.0,0.8,1.3
2024,143,aytonde01,25,POR,C,55,55,1784,18.9,.587,.013,.105,10.4,28.9,19.1,8.8,1.5,2.1,11.2,21.1,1.8,2.1,3.9,.106,0.5,-0.2,0.3,1.0
2024,144,jonesde02,26,DAL,SF,76,66,1783,11.7,.592,.483,.275,5.0,10.3,7.7,5.5,1.4,2.5,10.5,14.9,1.5,1.6,3.1,.083,-1.3,-0.3,-1.5,0.2
2024,145,anderky01,30,MIN,PF,79,10,1782,12.7,.513,.111,.316,4.0,13.0,8.7,25.0,2.0,2.3,15.6,14.5,1.4,3.1,4.5,.121,-1.6,2.7,1.1,1.4
2024,146,durenja01,20,DET,C,61,60,1777,18.7,.653,.007,.321,11.8,33.0,22.2,12.7,0.9,2.3,16.7,18.5,3.0,1.8,4.8,.130,-0.2,0.1,-0.1,0.9
2024,147,bealbr01,30,PHO,SG,53,53,1767,16.3,.607,.320,.182,3.6,10.8,7.4,22.5,1.4,1.3,14.2,22.7,2.4,1.5,3.9,.107,0.9,-0.6,0.4,1.1
2024,148,hendesc01,19,POR,PG,62,32,1765,9.5,.489,.336,.256,3.2,9.5,6.2,29.9,1.3,0.7,19.3,26.5,-2.5,0.9,-1.7,-0.045,-3.5,-2.3,-5.8,-1.7
2024,149,richani01,26,CHO,C,67,51,1759,16.7,.717,.003,.476,10.7,24.2,17.2,4.5,0.7,3.9,13.8,13.3,3.8,1.3,5.1,.140,-1.6,-0.7,-2.3,-0.1
2024,150,olynyke01,32,2TM,C,78,27,1759,17.4,.661,.312,.362,6.7,19.0,12.9,27.6,2.0,1.5,20.9,17.5,3.5,1.4,4.9,.133,0.7,1.1,1.8,1.7
2024,150,olynyke01,32,UTA,C,50,8,1019,17.3,.677,.326,.368,6.9,20.5,13.7,29.6,1.8,1.1,21.3,15.6,2.5,0.7,3.1,.148,1.3,1.3,2.6,1.2
2024,150,olynyke01,32,TOR,C,28,19,740,17.4,.644,.297,.356,6.6,17.0,11.7,24.8,2.4,2.1,20.4,20.0,1.0,0.7,1.7,.113,0.0,0.7,0.7,0.5
2024,151,martica02,28,MIA,SF,64,23,1756,10.8,.531,.415,.177,4.7,13.5,9.1,11.8,1.3,1.6,11.3,17.3,0.2,2.2,2.4,.066,-2.2,0.2,-2.0,0.0
2024,152,hausesa01,26,BOS,SF,79,13,1741,13.0,.629,.833,.034,2.9,13.7,8.6,6.2,1.1,1.3,5.3,15.0,2.7,2.1,4.9,.134,1.2,0.0,1.2,1.4
2024,153,horfoal01,37,BOS,C,65,33,1740,15.0,.650,.616,.072,5.3,19.7,12.8,12.3,1.1,3.1,10.0,12.0,3.5,2.7,6.2,.172,1.7,2.0,3.6,2.5
2024,154,camarto01,23,POR,PF,70,49,1739,10.6,.547,.393,.226,8.4,14.0,11.0,7.2,1.9,1.7,14.9,13.8,0.6,1.4,2.0,.055,-3.1,0.0,-3.1,-0.5
2024,155,toppiob01,25,IND,PF,82,28,1730,16.5,.677,.437,.173,5.6,15.4,10.5,9.4,1.3,2.0,10.0,16.8,3.6,1.1,4.8,.132,1.8,-0.3,1.5,1.5
2024,156,coulibi01,19,WAS,SF,63,15,1715,8.9,.543,.428,.303,3.4,12.8,8.0,8.2,1.6,2.3,15.1,14.2,-0.5,0.9,0.4,.013,-3.6,-0.5,-4.2,-0.9
2024,157,anunoog01,26,2TM,SF,50,50,1702,12.8,.595,.463,.154,3.0,10.6,6.8,9.0,2.0,1.9,11.6,17.6,1.1,1.5,2.6,.073,-1.0,0.5,-0.6,0.6
2024,157,anunoog01,26,TOR,SF,27,27,900,12.6,.598,.508,.143,2.9,10.2,6.5,11.4,1.5,1.3,11.2,18.2,0.6,0.4,1.0,.052,-0.8,-0.7,-1.6,0.1
2024,157,anunoog01,26,NYK,SF,23,23,802,13.0,.591,.406,.168,3.2,11.1,7.1,6.2,2.5,2.7,12.1,16.8,0.5,1.1,1.6,.097,-1.3,1.8,0.6,0.5
2024,158,walkeja01,21,POR,PF,72,23,1700,13.0,.546,.273,.336,9.4,25.0,16.7,6.2,1.2,1.2,10.2,16.3,1.4,1.6,2.9,.083,-2.4,-0.9,-3.3,-0.6
2024,159,nembhan01,24,IND,PG,68,47,1697,11.3,.573,.328,.107,2.4,7.0,4.7,20.0,1.8,0.3,15.6,16.0,1.3,0.7,2.0,.057,-1.6,-0.5,-2.2,-0.1
2024,160,wallaca01,20,OKC,SG,82,13,1692,12.0,.612,.529,.084,3.6,8.6,6.2,8.9,2.2,2.0,8.9,12.9,1.9,2.1,4.0,.115,-0.9,1.0,0.1,0.9
2024,161,murphtr02,23,NOP,SF,57,23,1690,16.3,.612,.717,.243,2.8,15.5,9.2,10.2,1.5,1.6,4.7,18.6,3.4,2.0,5.4,.154,2.5,0.0,2.5,1.9
2024,162,porzikr01,28,BOS,C,57,57,1690,23.2,.647,.390,.402,6.5,19.1,13.1,10.0,1.2,5.8,9.1,25.1,4.9,3.0,7.9,.226,3.5,1.6,5.1,3.0
2024,163,lowryky01,37,2TM,PG,60,55,1690,10.9,.594,.663,.199,2.2,10.8,6.4,20.1,1.7,1.2,17.2,12.9,1.6,1.9,3.5,.100,-1.9,0.9,-1.0,0.4
2024,163,lowryky01,37,MIA,PG,37,35,1037,10.9,.582,.665,.174,2.7,11.5,7.0,19.5,1.9,1.4,16.9,13.5,0.8,1.4,2.2,.100,-2.0,1.3,-0.8,0.3
2024,163,lowryky01,37,PHI,PG,23,20,653,11.0,.615,.659,.244,1.5,9.6,5.5,21.1,1.5,0.8,17.6,12.0,0.8,0.6,1.4,.102,-1.7,0.4,-1.3,0.1
2024,164,clarkjo01,31,UTA,SG,55,19,1682,12.7,.521,.379,.246,3.2,9.0,6.2,24.6,1.0,0.3,13.9,26.1,0.1,0.1,0.2,.006,-1.3,-3.2,-4.5,-1.1
2024,165,huntede01,26,ATL,SF,57,37,1681,12.7,.595,.459,.296,1.9,12.9,7.2,7.3,1.1,0.9,10.0,20.6,1.6,0.6,2.2,.062,-0.9,-1.5,-2.4,-0.2
2024,166,connapa01,31,MIL,SF,76,3,1676,9.6,.574,.686,.167,3.4,12.0,7.8,12.0,1.1,1.0,11.6,10.9,1.6,1.2,2.8,.080,-1.6,0.0,-1.6,0.2
2024,167,braunch01,22,DEN,SG,82,4,1655,12.1,.554,.340,.277,5.4,14.8,10.2,10.2,1.3,1.8,9.2,15.7,1.5,2.0,3.4,.100,-1.7,-0.2,-1.9,0.0
2024,168,fontesi01,28,2TM,SF,66,43,1644,12.1,.600,.609,.120,4.3,12.2,8.3,8.7,1.3,1.2,10.5,16.5,1.5,0.6,2.1,.061,0.0,-1.0,-1.0,0.4
2024,168,fontesi01,28,UTA,SF,50,34,1160,11.2,.592,.651,.112,5.0,11.7,8.4,8.6,1.2,1.4,12.0,15.4,0.9,0.3,1.3,.052,-0.4,-1.2,-1.6,0.1
2024,168,fontesi01,28,DET,SF,16,9,484,14.4,.613,.532,.137,2.7,13.6,8.1,8.8,1.4,0.9,7.8,19.2,0.6,0.3,0.8,.083,1.0,-0.4,0.6,0.3
2024,169,agbajoc01,23,2TM,SG,78,28,1641,7.7,.497,.487,.129,4.9,9.6,7.2,6.6,1.4,2.4,12.3,13.4,-0.5,0.6,0.1,.002,-3.5,-0.9,-4.4,-1.0
2024,169,agbajoc01,23,UTA,SG,51,10,1003,8.1,.531,.570,.080,3.9,9.9,6.9,6.1,1.3,2.6,11.7,12.2,0.1,0.3,0.4,.019,-2.5,-0.5,-3.0,-0.3
2024,169,agbajoc01,23,TOR,SG,27,18,638,7.1,.453,.375,.196,6.6,9.0,7.8,7.4,1.5,2.1,13.1,15.4,-0.6,0.3,-0.3,-0.024,-5.0,-1.5,-6.5,-0.7
2024,170,randlju01,29,NYK,PF,46,46,1630,18.9,.569,.292,.361,6.8,22.4,14.6,22.8,0.8,0.7,14.1,29.9,1.9,1.9,3.8,.113,2.2,-0.3,1.9,1.6
2024,171,achiupr01,24,2TM,C,74,18,1624,14.6,.545,.207,.239,13.0,20.5,16.7,8.4,1.4,3.9,13.8,15.9,1.2,2.2,3.4,.102,-1.7,0.3,-1.4,0.2
2024,171,achiupr01,24,TOR,C,25,0,437,15.0,.512,.276,.247,12.3,22.1,17.1,14.5,1.8,2.4,13.3,21.2,0.0,0.4,0.4,.048,-1.4,-0.2,-1.6,0.0
2024,171,achiupr01,24,NYK,PF,49,18,1187,14.5,.564,.167,.234,13.3,19.9,16.6,6.2,1.3,4.4,14.1,14.0,1.2,1.8,3.0,.122,-1.9,0.5,-1.4,0.2
2024,172,aldamsa01,23,MEM,PF,61,35,1618,13.1,.539,.535,.153,4.7,19.7,11.9,13.3,1.3,3.1,10.2,17.9,0.4,2.0,2.4,.070,-0.7,0.4,-0.2,0.7
2024,173,johnsca02,27,BRK,PF,58,47,1599,14.5,.582,.570,.176,3.7,13.8,8.6,12.9,1.5,0.8,7.9,19.6,2.0,1.3,3.3,.100,0.9,-0.5,0.4,1.0
2024,174,branhma01,20,SAS,PG,75,29,1594,8.7,.526,.427,.100,1.9,8.2,5.0,14.0,0.8,0.4,12.2,19.8,-0.9,0.6,-0.3,-0.008,-3.4,-2.2,-5.6,-1.5
2024,175,reedpa01,24,PHI,C,82,24,1590,17.4,.580,.119,.177,13.2,20.9,16.9,9.8,2.1,4.8,11.5,15.9,2.5,2.6,5.1,.154,-0.6,1.0,0.4,0.9
2024,176,thompau01,21,DET,SF,63,38,1583,12.8,.522,.235,.248,8.9,19.6,14.2,10.8,2.1,3.2,13.6,16.6,0.1,1.7,1.8,.053,-2.8,0.6,-2.2,-0.1
2024,177,simonan01,24,POR,SG,46,46,1582,15.9,.568,.484,.213,1.5,10.9,5.9,27.6,0.7,0.3,12.1,28.0,1.7,0.5,2.2,.068,2.7,-2.5,0.2,0.8
2024,178,huertke01,25,SAC,SG,64,59,1562,12.4,.564,.609,.084,2.7,13.6,8.0,14.4,1.4,1.3,8.4,17.3,1.5,1.4,2.9,.089,-0.5,-0.4,-0.8,0.5
2024,179,mathube01,21,IND,SF,59,19,1538,13.0,.562,.323,.338,4.4,12.8,8.6,9.8,1.1,0.7,11.3,23.4,0.8,0.7,1.4,.045,-1.2,-2.3,-3.4,-0.6
2024,180,mobleev01,22,CLE,PF,50,50,1532,20.1,.626,.107,.310,8.2,25.9,17.2,15.9,1.5,4.2,12.5,20.6,2.8,2.7,5.5,.174,0.9,2.0,2.9,1.9
2024,181,paulch01,38,GSW,PG,58,18,1531,14.7,.544,.450,.111,1.3,14.4,7.9,33.4,2.2,0.4,13.4,15.6,2.6,1.7,4.3,.136,-0.2,1.2,1.0,1.2
2024,182,westbru01,35,LAC,PG,68,11,1529,16.2,.514,.232,.241,7.1,17.8,12.7,29.2,2.4,1.4,16.4,25.2,0.2,1.9,2.1,.066,-0.2,0.7,0.5,1.0
2024,183,batumni01,35,2TM,PF,60,38,1529,10.2,.603,.723,.082,5.0,13.1,9.0,10.7,1.5,2.3,13.1,8.6,1.7,1.6,3.3,.103,-1.3,0.8,-0.4,0.6
2024,183,batumni01,35,LAC,PF,3,0,54,9.8,.500,.875,.000,0.0,14.2,7.3,11.2,2.7,6.7,11.1,7.3,0.0,0.1,0.1,.091,-1.5,4.4,2.8,0.1
2024,183,batumni01,35,PHI,PF,57,38,1475,10.3,.606,.718,.085,5.1,13.0,9.0,10.6,1.5,2.1,13.2,8.7,1.6,1.5,3.2,.104,-1.3,0.7,-0.5,0.5
2024,184,colliza01,26,SAS,C,69,29,1526,14.3,.565,.294,.263,8.3,18.0,13.1,18.9,1.1,2.8,16.1,22.7,0.4,1.5,1.8,.057,-2.0,-0.1,-2.0,0.0
2024,185,greenjo02,23,DAL,SG,57,33,1505,9.9,.588,.500,.152,2.9,10.4,6.7,11.1,1.5,0.5,13.1,13.1,1.0,1.2,2.2,.071,-2.4,-0.3,-2.7,-0.3
2024,186,kesslwa01,22,UTA,C,64,22,1493,18.0,.663,.054,.266,12.3,23.1,17.7,5.6,1.0,9.2,14.4,12.8,2.4,1.7,4.1,.131,-0.4,1.3,0.9,1.1
2024,187,greendr01,33,GSW,PF,55,52,1490,14.5,.587,.347,.199,5.6,23.0,14.4,28.6,1.8,2.9,25.0,15.3,1.4,2.2,3.6,.116,-0.6,3.0,2.4,1.6
2024,188,watsope01,21,DEN,SF,80,4,1488,11.8,.539,.340,.237,4.3,14.6,9.6,7.4,1.4,5.0,10.5,16.2,0.3,2.2,2.5,.079,-3.0,0.8,-2.2,-0.1
2024,189,thybuma01,26,POR,SF,65,19,1487,10.4,.537,.729,.091,2.1,8.5,5.1,8.3,3.8,3.0,10.8,10.6,0.4,1.8,2.2,.072,-2.8,3.4,0.6,0.9
2024,190,middlkh01,32,MIL,SF,55,55,1487,17.0,.595,.384,.187,3.0,15.7,9.5,28.9,1.6,0.9,15.4,23.9,1.9,1.4,3.4,.109,1.1,0.0,1.1,1.2
2024,191,bogdabo02,34,2TM,PF,57,27,1478,12.6,.581,.490,.219,1.6,10.0,5.7,10.3,1.0,0.3,11.9,24.6,0.3,0.7,1.1,.034,-0.7,-2.5,-3.2,-0.4
2024,191,bogdabo02,34,DET,PF,28,27,921,14.1,.600,.487,.245,1.5,10.0,5.7,12.2,1.2,0.4,11.8,24.7,0.5,0.3,0.8,.042,0.3,-2.5,-2.1,0.0
2024,191,bogdabo02,34,NYK,SF,29,0,557,10.1,.549,.496,.176,1.8,9.9,5.8,7.1,0.6,0.2,12.1,24.3,-0.2,0.4,0.2,.021,-2.4,-2.5,-4.9,-0.4
2024,192,champju02,22,SAS,SF,74,59,1468,10.6,.570,.689,.229,3.1,12.2,7.6,9.3,1.6,2.4,11.4,14.4,0.6,1.3,1.8,.059,-1.8,-0.1,-1.9,0.0
2024,193,beverpa01,35,2TM,PG,73,13,1462,11.6,.539,.478,.237,3.7,14.3,9.0,19.0,1.4,1.9,13.4,14.3,1.2,1.5,2.7,.090,-1.5,0.5,-1.1,0.3
2024,193,beverpa01,35,PHI,PG,47,5,919,11.7,.547,.452,.261,3.5,14.1,8.7,21.0,1.3,1.8,15.4,14.9,0.7,0.9,1.7,.087,-1.5,0.0,-1.5,0.1
2024,193,beverpa01,35,MIL,PG,26,8,543,11.4,.524,.522,.196,3.9,14.8,9.5,15.8,1.7,2.0,9.6,13.2,0.5,0.6,1.1,.095,-1.6,1.2,-0.4,0.2
2024,194,coffeam01,26,LAC,SF,70,13,1460,10.0,.604,.523,.202,2.3,8.9,5.7,6.8,1.4,0.9,7.9,12.5,1.6,1.0,2.6,.084,-1.9,-0.3,-2.2,-0.1
2024,195,joeis01,24,OKC,SG,78,1,1445,13.4,.626,.728,.107,2.6,11.0,6.9,8.9,1.5,1.4,8.5,16.6,1.9,1.6,3.5,.116,1.1,-0.3,0.9,1.0
2024,196,banede01,25,MEM,SG,42,42,1443,18.5,.589,.464,.207,2.6,11.8,7.0,29.2,1.5,1.4,11.7,28.5,1.8,1.3,3.1,.102,3.1,-0.3,2.8,1.7
2024,197,willivi01,23,MEM,SG,52,33,1436,12.8,.597,.551,.343,4.3,18.3,11.0,18.0,1.6,2.2,17.4,15.8,1.1,1.7,2.8,.093,-1.7,1.0,-0.7,0.5
2024,198,stewais01,22,DET,PF,46,45,1423,11.3,.600,.458,.223,5.7,18.4,11.9,7.1,0.6,2.3,13.6,14.5,0.9,0.8,1.7,.056,-1.6,-0.7,-2.3,-0.1
2024,199,wagnemo01,26,ORL,C,80,1,1415,20.6,.676,.208,.370,9.6,19.3,14.4,11.2,1.4,1.4,13.1,22.8,3.5,2.0,5.6,.188,1.7,0.3,2.0,1.4
2024,200,herroty01,24,MIA,SG,42,40,1407,15.7,.558,.453,.151,1.5,16.5,8.9,22.4,1.1,0.2,10.6,27.8,0.4,1.6,2.0,.068,1.5,-0.7,0.8,1.0
2024,201,cartewe01,24,ORL,C,55,48,1406,15.9,.623,.402,.315,9.3,22.7,15.9,9.9,1.2,1.9,12.3,17.2,2.2,2.1,4.4,.149,0.5,0.4,0.9,1.0
2024,202,okongon01,23,ATL,C,55,8,1405,16.9,.674,.189,.318,10.8,18.6,14.6,7.2,0.9,3.8,9.8,13.7,3.5,1.0,4.5,.153,0.0,-0.5,-0.4,0.5
2024,203,thompam01,21,HOU,SF,62,23,1388,18.2,.576,.130,.348,11.3,20.4,15.8,17.0,2.7,2.5,14.9,18.5,1.9,2.4,4.3,.149,-0.1,1.9,1.8,1.3
2024,204,highsha01,27,MIA,PF,66,26,1366,11.1,.587,.584,.109,5.3,12.1,8.7,7.2,1.9,2.1,9.0,12.4,1.1,1.9,3.1,.108,-1.8,1.1,-0.7,0.5
2024,205,daniedy01,20,NOP,PG,61,16,1358,12.0,.529,.434,.170,5.1,14.1,9.7,15.4,3.1,1.8,15.0,12.6,0.7,2.2,2.9,.103,-1.9,2.5,0.6,0.9
2024,206,drumman01,30,CHI,C,79,10,1351,23.0,.576,.006,.454,21.5,37.4,29.3,4.1,2.7,3.6,12.3,21.3,2.3,2.6,4.9,.175,0.8,-0.7,0.1,0.7
2024,207,sassema01,23,DET,PG,71,11,1351,11.8,.542,.469,.129,0.9,9.6,5.2,25.4,1.6,0.8,14.3,19.9,0.3,0.6,0.9,.033,-1.5,-1.1,-2.6,-0.2
2024,208,murrakr01,23,POR,SF,62,29,1348,9.0,.481,.500,.153,6.7,12.3,9.3,8.4,1.9,1.4,12.3,14.1,-0.4,1.0,0.7,.024,-3.5,-0.2,-3.6,-0.6
2024,209,mcbrimi01,23,NYK,PG,68,14,1328,13.1,.590,.586,.110,2.6,5.9,4.2,12.2,1.9,0.5,5.9,16.4,2.4,1.3,3.6,.131,-0.4,0.4,-0.1,0.6
2024,210,poeltja01,28,TOR,C,50,50,1319,18.9,.653,.000,.283,11.9,24.1,17.9,14.0,1.3,5.1,15.3,16.2,2.4,1.4,3.8,.138,-0.3,1.0,0.7,0.9
2024,211,embiijo01,29,PHI,C,39,39,1309,34.1,.644,.163,.531,7.9,28.8,18.1,32.4,1.7,4.6,12.5,39.6,5.2,2.3,7.5,.275,8.5,3.1,11.6,4.5
2024,212,greenje02,37,HOU,PF,78,6,1307,11.3,.590,.437,.407,3.7,10.9,7.3,7.3,0.6,2.2,9.6,15.5,1.4,1.2,2.6,.095,-1.6,-0.4,-2.1,0.0
2024,213,payneca01,29,2TM,PG,78,10,1304,12.8,.566,.555,.139,1.8,8.1,4.9,21.9,1.6,0.8,11.4,19.1,1.4,1.0,2.4,.089,-0.5,-0.6,-1.1,0.3
2024,213,payneca01,29,MIL,PG,47,2,702,12.6,.603,.590,.198,0.8,8.7,4.8,20.7,1.5,0.4,11.4,16.7,1.1,0.5,1.6,.108,-1.0,-0.5,-1.5,0.1
2024,213,payneca01,29,PHI,PG,31,8,602,13.0,.533,.525,.089,2.9,7.3,5.0,23.4,1.6,1.2,11.5,21.8,0.3,0.5,0.8,.067,0.0,-0.8,-0.7,0.2
2024,214,harriga01,29,ORL,SG,54,27,1297,9.4,.587,.690,.152,2.2,6.1,4.1,9.1,1.9,1.0,8.9,11.7,1.1,1.5,2.7,.099,-2.3,1.1,-1.2,0.3
2024,215,livelde01,19,DAL,C,55,42,1294,18.1,.728,.007,.274,11.4,20.4,16.0,6.4,1.3,5.2,13.1,12.6,3.1,1.8,4.9,.183,-0.3,0.8,0.5,0.8
2024,216,mccontj01,31,IND,PG,71,4,1291,20.9,.586,.074,.105,3.2,13.6,8.4,41.8,2.6,0.5,14.8,23.7,2.8,1.1,3.9,.143,2.9,0.1,3.0,1.6
2024,217,holidaa01,27,HOU,PG,78,1,1269,11.5,.578,.520,.151,1.9,8.5,5.2,15.4,1.6,0.4,10.6,16.7,1.3,1.2,2.5,.094,-1.8,0.3,-1.5,0.2
2024,218,osmande01,28,SAS,SF,72,3,1269,11.2,.601,.576,.135,2.1,13.3,7.7,13.0,1.3,0.7,10.4,15.1,1.0,0.9,1.9,.071,-1.7,-0.3,-2.1,0.0
2024,219,dickgr01,20,TOR,SG,60,17,1268,8.9,.546,.542,.115,2.3,9.3,5.7,7.4,1.3,0.1,9.7,17.4,-0.1,0.4,0.3,.010,-3.2,-2.2,-5.4,-1.1
2024,220,marshna01,26,NOP,SF,66,1,1257,12.7,.576,.409,.234,4.8,16.4,10.6,13.6,1.9,0.9,13.8,16.3,1.0,1.6,2.6,.100,-1.3,0.5,-0.7,0.4
2024,221,dunnkr01,29,UTA,PG,66,32,1249,12.8,.546,.355,.102,4.4,12.2,8.3,27.1,2.6,2.0,19.5,13.6,1.1,0.9,2.0,.076,-1.5,1.4,-0.1,0.6
2024,222,haywago01,33,2TM,SF,51,28,1245,12.8,.548,.223,.298,3.4,13.0,8.1,18.3,1.6,1.0,12.6,18.4,0.6,0.9,1.5,.058,-1.6,-0.5,-2.1,0.0
2024,222,haywago01,33,CHO,SF,25,25,798,14.2,.544,.205,.273,3.4,13.4,8.2,22.1,1.7,1.4,13.3,21.2,0.3,0.4,0.7,.041,-1.2,-0.6,-1.8,0.0
2024,222,haywago01,33,OKC,SF,26,3,447,10.3,.560,.274,.368,3.4,12.2,8.0,11.5,1.3,0.2,10.9,13.4,0.4,0.5,0.8,.088,-2.4,-0.2,-2.6,-0.1
2024,223,jacksgg01,19,MEM,PF,48,18,1233,13.7,.554,.508,.272,4.5,13.2,8.7,8.0,1.1,1.8,9.3,24.2,0.2,1.1,1.2,.048,-0.2,-1.8,-2.0,0.0
2024,224,wiggiaa01,25,OKC,SG,78,4,1228,15.6,.664,.334,.188,5.7,11.0,8.4,9.3,2.2,1.4,12.1,16.4,2.1,1.6,3.7,.144,0.4,0.4,0.7,0.8
2024,225,nancela02,31,NOP,C,61,0,1216,14.9,.653,.270,.253,8.7,19.3,14.1,12.1,2.5,1.5,15.5,11.3,2.1,1.9,4.1,.160,-0.2,2.2,2.0,1.2
2024,226,reathdu01,27,POR,C,68,20,1214,15.1,.571,.491,.186,8.1,15.4,11.5,8.9,1.3,2.8,8.8,20.7,1.4,1.0,2.4,.095,-0.2,-0.7,-0.9,0.3
2024,227,burksal01,32,2TM,SG,66,1,1212,12.9,.536,.580,.293,2.2,11.8,6.9,10.7,1.1,0.9,7.0,24.4,0.7,0.7,1.4,.054,-0.3,-2.0,-2.3,-0.1
2024,227,burksal01,32,DET,SG,43,0,901,15.1,.581,.608,.330,1.9,11.8,6.8,11.2,1.1,1.0,6.4,23.5,1.3,0.4,1.7,.092,1.3,-1.7,-0.4,0.4
2024,227,burksal01,32,NYK,SG,23,1,311,6.5,.420,.509,.202,2.9,11.6,7.2,9.2,1.1,0.3,8.3,26.9,-0.6,0.3,-0.4,-0.055,-4.9,-3.0,-7.8,-0.5
2024,228,looneke01,27,GSW,C,74,36,1195,15.1,.620,.004,.356,13.1,24.6,18.9,14.1,1.1,2.2,15.6,11.3,2.5,1.6,4.0,.162,-0.8,1.4,0.6,0.8
2024,229,roddyda01,22,2TM,PF,65,13,1177,8.7,.484,.401,.166,4.8,15.2,9.8,10.3,1.1,0.9,11.5,18.1,-0.9,1.0,0.1,.004,-4.0,-1.0,-5.0,-0.9
2024,229,roddyda01,22,MEM,PF,48,13,1114,8.7,.485,.404,.174,4.8,15.2,9.8,10.4,1.1,0.9,11.5,18.1,-0.9,1.0,0.1,.005,-3.9,-1.0,-5.0,-0.8
2024,229,roddyda01,22,PHO,PF,17,0,63,7.9,.469,.348,.043,3.8,15.4,9.9,8.8,1.6,0.0,11.3,18.2,-0.1,0.1,0.0,-0.006,-4.8,-1.0,-5.8,-0.1
2024,230,micicva01,30,2TM,PG,60,21,1176,10.7,.524,.416,.203,1.3,7.1,4.2,31.1,1.3,0.6,19.7,18.8,-0.1,0.4,0.4,.015,-2.5,-2.2,-4.6,-0.8
2024,230,micicva01,30,OKC,PG,30,0,361,8.0,.498,.495,.209,0.3,6.8,3.7,25.7,1.2,0.8,22.6,15.4,-0.1,0.3,0.2,.021,-3.9,-1.4,-5.3,-0.3
2024,230,micicva01,30,CHO,PG,30,21,815,11.9,.532,.391,.201,1.7,7.3,4.4,33.5,1.3,0.5,18.7,20.3,0.1,0.1,0.2,.012,-1.9,-2.5,-4.4,-0.5
2024,231,willipa01,22,CHI,PF,43,30,1174,11.0,.553,.412,.184,4.3,11.7,7.9,7.7,1.7,2.9,12.8,16.6,0.1,1.0,1.2,.048,-2.1,-0.1,-2.3,-0.1
2024,232,konchjo01,27,MEM,SF,55,23,1173,11.4,.537,.577,.120,6.5,18.0,12.0,13.0,2.1,4.1,17.4,9.7,0.5,1.7,2.2,.091,-2.6,2.2,-0.4,0.5
2024,233,eubandr01,26,PHO,C,75,6,1169,14.4,.645,.012,.368,10.5,20.1,15.6,7.2,1.1,4.6,17.2,13.2,1.6,1.6,3.1,.129,-2.0,0.8,-1.2,0.2
2024,234,inglejo01,36,ORL,SF,68,0,1169,10.6,.612,.709,.150,1.8,12.6,7.1,23.0,1.8,0.4,21.7,11.6,1.1,1.5,2.6,.108,-1.7,1.2,-0.5,0.5
2024,235,blackan01,20,ORL,PG,69,33,1164,8.4,.560,.381,.324,3.3,10.8,7.0,10.6,1.5,1.7,16.6,12.7,0.1,1.5,1.6,.067,-3.8,0.8,-3.0,-0.3
2024,236,hawkijo01,21,NOP,SG,67,10,1160,10.2,.533,.654,.175,2.8,11.3,7.1,8.2,0.8,0.6,7.5,19.9,0.3,1.0,1.3,.053,-1.3,-1.7,-3.1,-0.3
2024,237,lylestr01,28,SAC,PF,58,0,1158,11.9,.596,.682,.218,5.8,19.4,12.4,8.1,0.7,1.5,9.7,14.4,1.3,1.0,2.4,.098,-0.4,-0.7,-1.1,0.3
2024,238,moodymo01,21,GSW,SG,66,9,1156,13.7,.578,.476,.221,6.2,12.1,9.2,6.7,1.8,1.9,8.7,18.4,1.2,1.2,2.4,.101,-0.2,0.1,-0.1,0.6
2024,239,crowdja01,33,MIL,PF,50,25,1156,8.9,.546,.615,.133,3.0,12.1,7.6,7.2,1.6,0.7,7.4,11.5,0.6,1.0,1.6,.065,-2.6,0.0,-2.6,-0.2
2024,240,jackstr02,23,GSW,PF,68,16,1130,21.6,.692,.003,.398,13.1,19.4,16.3,10.4,1.2,6.1,11.2,16.4,3.2,1.6,4.8,.205,1.5,1.2,2.8,1.4
2024,241,brogdma01,31,POR,PG,39,25,1121,17.0,.560,.401,.234,2.6,12.8,7.4,30.9,1.2,0.6,9.9,23.0,2.0,0.6,2.6,.111,2.7,-0.7,2.0,1.1
2024,242,wadede01,27,CLE,PF,54,32,1108,10.2,.598,.871,.112,3.8,18.2,11.1,5.0,1.8,2.0,7.6,10.5,0.9,1.6,2.5,.110,-1.7,1.8,0.1,0.6
2024,243,richajo01,30,MIA,SG,43,6,1103,11.4,.573,.548,.156,1.8,10.7,6.2,13.9,1.1,1.2,8.9,16.5,0.9,1.2,2.1,.093,-1.3,0.0,-1.3,0.2
2024,244,mitchda01,25,SAC,PG,72,4,1101,9.3,.555,.489,.130,1.9,7.9,4.8,16.0,0.7,0.2,11.2,14.9,0.8,0.6,1.3,.059,-2.4,-1.0,-3.4,-0.4
2024,245,saricda01,29,GSW,C,64,9,1098,15.3,.600,.508,.240,7.3,20.4,13.9,17.8,1.4,0.8,15.4,19.5,1.6,1.2,2.8,.123,0.6,0.4,1.0,0.9
2024,246,wisemja01,22,DET,C,63,6,1091,14.8,.637,.007,.334,11.0,23.5,17.2,7.3,0.5,3.1,15.9,16.3,1.3,0.8,2.1,.094,-2.6,-0.9,-3.5,-0.4
2024,247,exumda01,28,DAL,PG,55,17,1088,13.7,.645,.358,.225,2.5,12.4,7.5,19.3,1.0,0.4,12.9,15.0,2.1,0.8,2.9,.127,-0.3,-0.3,-0.6,0.4
2024,248,merrisa01,27,CLE,SG,61,1,1069,13.1,.598,.901,.071,2.3,10.2,6.3,14.1,0.9,0.3,4.5,17.5,1.9,0.9,2.8,.125,1.3,-0.8,0.5,0.7
2024,249,smithde03,26,BRK,PG,56,2,1059,13.4,.508,.322,.172,5.0,12.1,8.5,27.3,3.2,1.0,15.8,17.7,0.5,1.3,1.8,.080,-2.6,1.8,-0.8,0.3
2024,250,sharpsh01,20,POR,SG,32,25,1059,11.4,.524,.415,.274,4.2,13.3,8.5,13.8,1.3,1.0,12.9,22.4,-0.2,0.6,0.5,.022,-1.9,-0.9,-2.8,-0.2
2024,251,goodwjo01,25,2TM,PG,57,12,1055,12.6,.451,.369,.154,9.3,17.3,13.3,20.9,2.2,1.6,12.1,19.0,-0.2,1.4,1.2,.054,-1.5,0.5,-1.0,0.3
2024,251,goodwjo01,25,PHO,PG,40,0,558,12.5,.481,.415,.150,8.5,14.8,11.8,18.7,2.0,1.4,12.4,18.2,0.2,0.6,0.8,.072,-1.3,0.4,-0.9,0.2
2024,251,goodwjo01,25,MEM,PG,17,12,497,12.7,.420,.323,.159,10.2,20.2,15.0,23.4,2.5,1.7,11.8,19.8,-0.3,0.7,0.4,.035,-1.8,0.6,-1.2,0.1
2024,252,baglema01,24,2TM,C,50,25,1053,19.4,.629,.056,.309,13.1,19.2,16.1,8.1,0.9,2.6,11.3,21.0,2.0,0.7,2.7,.122,1.0,-1.4,-0.4,0.4
2024,252,baglema01,24,DET,C,26,10,478,18.2,.638,.033,.337,10.5,17.1,13.8,9.0,0.5,2.5,12.2,21.1,0.9,0.3,1.1,.112,0.4,-1.6,-1.2,0.1
2024,252,baglema01,24,WAS,C,24,15,575,20.5,.622,.075,.286,15.3,20.9,18.0,7.3,1.2,2.7,10.5,20.9,1.1,0.4,1.6,.130,1.5,-1.2,0.3,0.3
2024,253,craigto01,33,CHI,SF,53,14,1049,10.8,.568,.610,.143,7.2,16.1,11.6,7.3,1.4,2.1,10.7,12.5,1.0,0.9,1.9,.087,-1.8,-0.2,-2.0,0.0
2024,254,smithja04,23,IND,C,61,14,1047,20.7,.682,.365,.263,12.1,24.3,18.2,8.0,0.8,2.9,9.1,19.4,3.1,0.9,4.0,.182,3.2,-0.8,2.4,1.2
2024,255,bantoda01,24,2TM,PG,54,9,1047,13.3,.504,.398,.240,4.2,15.2,9.5,19.4,1.6,1.7,12.2,25.7,-0.4,0.9,0.5,.024,-0.7,-0.6,-1.3,0.2
2024,255,bantoda01,24,BOS,PG,24,1,171,9.9,.468,.314,.392,7.9,13.9,11.0,13.9,1.4,1.5,14.3,17.8,0.0,0.2,0.2,.063,-4.7,0.6,-4.1,-0.1
2024,255,bantoda01,24,POR,PG,30,8,876,14.0,.508,.408,.223,3.5,15.5,9.1,20.5,1.6,1.8,12.0,27.2,-0.4,0.7,0.3,.016,0.1,-0.9,-0.8,0.3
2024,256,willizi02,22,MEM,SF,51,15,1038,9.3,.511,.500,.198,3.5,15.9,9.5,11.1,1.7,0.8,13.8,19.7,-0.9,1.1,0.2,.010,-4.0,-0.4,-4.5,-0.6
2024,257,tateja01,28,HOU,SF,65,9,1031,9.3,.538,.336,.170,6.3,14.3,10.2,8.2,2.0,1.3,13.1,11.7,0.4,1.3,1.8,.082,-3.7,1.5,-2.3,-0.1
2024,258,willike04,29,OKC,PF,69,1,1029,11.9,.568,.504,.050,6.9,15.4,11.3,11.4,1.8,0.8,10.1,13.4,1.1,1.3,2.5,.115,-1.1,0.3,-0.8,0.3
2024,259,alvarjo01,25,NOP,PG,56,0,1028,12.5,.540,.600,.151,2.7,11.0,6.9,15.3,2.8,1.4,9.8,17.3,0.6,1.5,2.1,.097,-1.5,1.5,-0.1,0.5
2024,260,grimequ01,23,2TM,SG,51,18,1025,8.9,.516,.732,.137,1.6,9.3,5.5,8.7,1.7,0.6,7.5,15.8,0.3,1.0,1.3,.060,-2.6,0.4,-2.2,-0.1
2024,260,grimequ01,23,NYK,SG,45,18,910,9.5,.543,.741,.119,1.7,9.2,5.4,7.8,1.7,0.3,6.5,15.3,0.7,0.9,1.5,.081,-1.9,0.4,-1.5,0.1
2024,260,grimequ01,23,DET,SG,6,0,115,3.9,.342,.667,.262,1.0,10.9,5.8,15.8,2.1,3.0,13.0,20.0,-0.4,0.1,-0.3,-0.109,-7.8,-0.4,-8.1,-0.2
2024,261,meltode01,25,PHI,SG,38,33,1023,13.4,.533,.594,.219,3.0,12.4,7.6,15.4,2.9,1.4,9.0,18.3,0.8,1.4,2.1,.099,-0.7,1.2,0.5,0.7
2024,262,theisda01,31,2TM,C,60,3,1015,14.4,.597,.242,.171,9.8,17.1,13.6,8.3,1.0,4.5,11.8,15.4,1.4,1.2,2.5,.119,-1.7,0.1,-1.6,0.1
2024,262,theisda01,31,IND,C,1,0,8,-6.9,.250,.250,.000,0.0,0.0,0.0,0.0,0.0,0.0,0.0,21.0,0.0,0.0,0.0,-0.261,-13.2,-7.3,-20.5,0.0
2024,262,theisda01,31,LAC,C,59,3,1007,14.5,.601,.242,.173,9.9,17.2,13.7,8.3,1.0,4.6,11.9,15.4,1.4,1.2,2.6,.122,-1.6,0.1,-1.5,0.1
2024,263,walkelo01,25,BRK,SG,58,0,1011,13.1,.545,.551,.120,1.4,12.7,6.9,11.5,1.6,1.8,9.0,24.4,-0.1,0.9,0.8,.038,-0.4,-1.0,-1.4,0.2
2024,264,hortota01,23,UTA,PG,51,11,1009,13.4,.503,.391,.234,2.3,10.8,6.6,25.5,2.2,1.7,11.2,24.0,0.3,0.5,0.8,.039,-0.9,-0.4,-1.2,0.2
2024,265,hayeski01,22,DET,PG,42,31,1008,10.5,.474,.261,.177,1.2,12.2,6.6,27.8,1.7,1.7,14.3,15.1,0.0,0.7,0.7,.032,-2.9,0.2,-2.7,-0.2
2024,266,carteje01,28,CHI,PG,72,0,1004,8.5,.485,.641,.019,1.2,5.6,3.3,12.9,1.8,1.6,8.9,17.7,-0.5,0.7,0.2,.009,-3.3,-0.7,-4.0,-0.5
2024,267,kennalu01,27,MEM,SG,39,22,999,13.1,.641,.756,.143,1.2,11.6,6.2,20.8,1.0,0.2,13.9,16.7,1.4,0.7,2.1,.099,0.6,-0.9,-0.3,0.4
2024,268,mathega01,27,ATL,SG,66,5,992,8.9,.665,.854,.186,1.8,8.6,5.1,4.8,1.0,0.7,7.2,11.1,1.4,0.2,1.6,.077,-2.1,-0.9,-3.0,-0.2
2024,269,hardyja02,21,DAL,SG,73,7,989,11.2,.517,.468,.159,2.2,12.2,7.2,15.7,1.1,0.4,10.8,24.9,-0.4,0.7,0.3,.014,-2.0,-2.1,-4.1,-0.5
2024,270,manntr01,22,2TM,PG,41,28,987,13.7,.559,.399,.187,2.2,15.0,8.5,24.1,2.5,0.3,16.0,18.2,0.4,0.8,1.2,.058,-1.7,0.4,-1.3,0.2
2024,270,manntr01,22,OKC,PG,13,0,119,14.2,.606,.475,.025,3.9,18.0,11.2,22.3,1.2,0.0,18.2,18.0,0.1,0.1,0.3,.102,0.4,-0.2,0.1,0.1
2024,270,manntr01,22,CHO,PG,28,28,868,13.7,.552,.388,.210,2.0,14.6,8.1,24.3,2.7,0.3,15.7,18.2,0.3,0.6,0.9,.052,-2.0,0.5,-1.5,0.1
2024,271,reddica01,24,LAL,SF,48,26,984,7.7,.504,.470,.231,3.2,7.7,5.6,6.0,2.3,1.2,10.7,12.7,-0.3,0.9,0.6,.030,-4.0,0.8,-3.2,-0.3
2024,272,kornelu01,28,BOS,C,63,7,983,19.8,.736,.005,.266,13.5,15.1,14.3,8.9,1.2,5.5,8.5,11.0,3.5,1.6,5.1,.248,1.6,1.8,3.4,1.3
2024,273,elliske01,24,SAC,SG,57,21,978,12.0,.627,.724,.151,3.6,10.8,7.1,11.1,2.5,2.7,13.0,12.4,1.1,1.2,2.3,.114,-0.9,2.1,1.2,0.8
2024,274,tillmxa01,25,2TM,PF,54,15,974,12.2,.472,.290,.179,7.7,16.1,11.8,11.3,2.6,4.2,10.1,14.8,-0.1,1.6,1.4,.071,-3.1,1.9,-1.2,0.2
2024,274,tillmxa01,25,MEM,C,34,13,700,11.8,.440,.249,.202,8.4,16.4,12.3,12.1,2.9,4.7,11.1,16.0,-0.5,1.2,0.6,.043,-3.8,2.1,-1.7,0.1
2024,274,tillmxa01,25,BOS,PF,20,2,274,13.3,.579,.424,.106,5.8,15.1,10.6,9.3,1.6,2.9,6.7,11.8,0.4,0.4,0.8,.142,-1.3,1.3,0.0,0.1
2024,275,okogijo01,25,PHO,SG,60,11,960,12.0,.552,.456,.495,9.2,9.0,9.1,8.4,2.4,2.2,12.5,13.0,1.0,1.1,2.1,.104,-1.3,0.8,-0.5,0.4
2024,276,bitadgo01,24,ORL,C,62,33,957,17.8,.629,.067,.416,13.3,21.9,17.5,11.7,1.7,7.0,15.1,13.3,1.8,1.9,3.7,.186,-0.7,2.8,2.1,1.0
2024,277,chrisma02,20,LAL,SG,67,7,944,8.4,.544,.490,.191,1.9,14.2,8.4,8.0,1.0,1.6,11.8,13.6,-0.1,0.8,0.7,.036,-3.2,-0.4,-3.6,-0.4
2024,278,loveke01,35,MIA,PF,55,5,924,18.5,.597,.680,.301,7.2,34.5,20.7,19.0,1.0,1.1,10.6,21.9,1.7,1.6,3.3,.170,2.7,1.0,3.6,1.3
2024,279,sharpda01,22,BRK,C,61,1,921,20.0,.596,.051,.418,18.6,27.9,23.1,14.0,1.3,4.3,16.7,19.7,1.6,1.3,2.9,.152,-0.4,0.4,0.0,0.5
2024,280,isaacjo01,26,ORL,PF,58,2,914,19.2,.610,.392,.287,9.3,24.2,16.7,4.8,2.3,7.1,7.7,16.7,1.5,2.1,3.6,.188,1.4,2.4,3.8,1.4
2024,281,fultzma01,25,ORL,PG,43,18,910,12.6,.492,.055,.101,7.2,10.7,8.9,19.7,2.3,1.5,12.8,18.8,0.0,1.3,1.3,.069,-2.6,1.2,-1.4,0.1
2024,282,mcderdo01,32,2TM,SF,64,0,904,9.1,.600,.806,.067,1.2,6.0,3.6,10.3,0.8,0.2,8.7,14.9,0.6,0.3,0.9,.046,-1.5,-1.9,-3.4,-0.3
2024,282,mcderdo01,32,SAS,SF,46,0,700,9.5,.620,.805,.079,1.2,6.2,3.7,11.1,0.7,0.2,9.7,14.9,0.5,0.2,0.8,.053,-1.0,-1.8,-2.9,-0.2
2024,282,mcderdo01,32,IND,SF,18,0,204,7.7,.537,.812,.029,1.1,5.0,3.1,7.6,1.2,0.0,5.4,15.2,0.1,0.0,0.1,.024,-3.0,-2.2,-5.1,-0.2
2024,283,willija07,21,OKC,C,69,1,897,12.7,.561,.632,.180,4.7,23.7,14.5,15.0,1.5,2.8,12.1,13.5,1.0,1.5,2.4,.130,-0.8,1.9,1.1,0.7
2024,284,jovicni01,20,MIA,PF,46,38,896,12.8,.583,.580,.167,3.1,21.3,12.1,14.7,1.4,1.5,12.2,17.1,0.6,1.3,1.9,.103,-0.9,1.3,0.3,0.5
2024,285,mcgowbr01,21,CHO,SG,59,14,882,9.3,.565,.443,.370,2.1,11.2,6.5,8.1,1.2,1.1,10.1,14.9,0.4,0.3,0.6,.034,-3.7,-1.1,-4.9,-0.6
2024,286,whitmca01,19,HOU,SF,47,2,880,16.6,.561,.471,.240,5.3,16.7,11.0,6.0,1.7,1.8,8.2,27.1,0.4,1.1,1.5,.082,1.0,-0.9,0.1,0.5
2024,287,hayesja02,23,LAL,C,70,5,877,14.0,.718,.046,.469,9.2,17.1,13.4,5.0,1.8,2.9,16.9,12.5,1.4,1.1,2.5,.135,-2.8,0.9,-1.9,0.0
2024,288,weslebl01,20,SAS,SG,61,3,876,10.1,.537,.256,.363,2.2,9.5,5.8,25.3,1.6,0.9,18.1,14.7,0.3,0.6,0.9,.050,-4.0,0.1,-4.0,-0.4
2024,289,flynnma01,25,3TM,PG,69,0,876,11.9,.533,.520,.218,2.6,12.0,7.2,21.1,2.1,0.8,15.0,20.4,-0.1,0.6,0.5,.029,-2.0,-0.2,-2.2,0.0
2024,289,flynnma01,25,TOR,PG,31,0,474,10.1,.535,.584,.161,3.0,12.3,7.5,20.3,1.8,1.1,18.4,16.2,0.0,0.3,0.2,.025,-2.8,0.0,-2.7,-0.1
2024,289,flynnma01,25,NYK,PG,14,0,60,12.5,.557,.565,.478,0.0,11.3,5.6,14.1,0.8,0.0,9.7,22.2,0.1,0.0,0.1,.093,-1.7,-0.9,-2.6,0.0
2024,289,flynnma01,25,DET,PG,24,0,342,14.4,.528,.461,.230,2.6,11.6,7.0,23.3,2.7,0.5,12.9,26.0,-0.1,0.3,0.2,.023,-1.0,-0.3,-1.3,0.1
2024,290,woodch01,28,LAL,PF,50,1,872,12.3,.568,.432,.356,5.2,26.1,16.2,7.4,0.9,3.3,14.1,17.6,0.0,1.1,1.2,.064,-2.6,-0.2,-2.8,-0.2
2024,291,lavinza01,28,CHI,SG,25,23,872,15.1,.578,.449,.274,1.0,15.8,8.3,16.8,1.2,0.9,11.0,23.8,0.8,0.6,1.5,.080,0.8,-0.7,0.1,0.5
2024,292,klebima01,32,DAL,C,43,7,871,8.8,.573,.630,.322,3.8,14.1,9.0,9.5,0.9,3.0,14.4,9.6,0.6,0.8,1.4,.080,-2.3,1.0,-1.3,0.2
2024,293,holidju01,34,DEN,SG,58,9,862,9.7,.598,.701,.021,1.2,7.8,4.6,9.5,2.1,0.9,6.7,10.6,0.9,0.9,1.8,.101,-2.5,0.9,-1.6,0.1
2024,294,metuch01,26,2TM,C,51,12,859,13.3,.610,.385,.262,5.5,19.6,12.7,7.4,2.4,1.6,16.0,16.2,0.5,1.1,1.5,.085,-2.1,0.8,-1.3,0.2
2024,294,metuch01,26,PHO,C,37,5,448,13.9,.621,.392,.331,6.4,20.6,13.9,5.8,2.1,1.8,15.3,17.0,0.4,0.6,1.0,.106,-1.6,0.3,-1.3,0.1
2024,294,metuch01,26,DET,C,14,7,411,12.6,.596,.377,.184,4.5,18.5,11.4,9.3,2.8,1.5,16.9,15.4,0.1,0.4,0.5,.063,-2.7,1.4,-1.3,0.1
2024,295,watfotr01,23,BRK,PF,63,2,856,15.7,.611,.219,.312,6.5,18.7,12.4,14.6,1.3,2.0,15.1,21.1,0.9,0.9,1.8,.100,-0.9,0.4,-0.5,0.3
2024,296,hendrta01,20,UTA,PF,40,23,856,11.8,.578,.583,.121,6.0,17.7,11.9,5.0,1.6,3.1,9.7,13.7,0.7,0.6,1.2,.070,-1.3,-0.4,-1.6,0.1
2024,297,poweldw01,32,DAL,C,63,9,836,14.5,.716,.028,.840,12.7,15.2,14.0,12.4,1.5,2.1,18.1,9.1,2.2,0.9,3.1,.181,-1.1,0.8,-0.3,0.4
2024,298,browntr01,24,2TM,SF,59,15,827,8.8,.510,.624,.164,3.5,16.0,9.8,9.7,1.4,0.3,11.0,14.3,0.0,0.9,0.8,.048,-2.8,0.2,-2.6,-0.1
2024,298,browntr01,24,MIN,SF,37,3,410,11.6,.603,.712,.186,4.1,15.4,10.0,11.7,1.0,0.4,12.4,15.7,0.4,0.6,1.0,.118,-0.2,0.5,0.4,0.2
2024,298,browntr01,24,DET,SF,22,12,417,5.9,.406,.528,.139,2.9,16.6,9.6,7.8,1.8,0.2,9.5,12.9,-0.5,0.3,-0.2,-0.021,-5.3,-0.2,-5.5,-0.4
2024,299,morrima03,34,2TM,PF,49,7,817,9.9,.558,.451,.167,3.1,15.2,9.1,6.1,0.9,1.4,9.6,16.6,0.2,0.8,1.0,.060,-2.5,-1.3,-3.8,-0.4
2024,299,morrima03,34,PHI,PF,37,7,637,10.5,.559,.439,.176,3.1,16.1,9.4,5.7,1.0,1.6,7.9,16.3,0.3,0.6,1.0,.073,-2.3,-1.1,-3.4,-0.2
2024,299,morrima03,34,CLE,PF,12,0,180,8.0,.552,.492,.136,3.2,12.3,7.8,7.7,0.5,1.0,15.0,18.0,-0.1,0.2,0.1,.015,-3.2,-1.9,-5.1,-0.1
2024,300,houstca01,21,ORL,SF,59,13,815,8.3,.582,.937,.126,4.0,8.1,6.1,4.8,0.9,0.5,6.9,12.5,0.7,0.8,1.5,.089,-1.4,-0.5,-1.9,0.0
2024,301,sheppbe01,22,IND,SG,57,1,814,8.1,.524,.681,.114,2.1,10.3,6.2,7.5,1.9,0.2,5.9,13.2,0.3,0.4,0.8,.046,-3.3,-0.1,-3.4,-0.3
2024,302,laravja01,22,MEM,PF,35,6,806,12.6,.540,.515,.360,6.7,10.9,8.7,11.1,1.8,1.4,11.4,21.1,0.3,0.8,1.0,.062,-1.4,-1.0,-2.5,-0.1
2024,303,biyombi01,31,2TM,C,40,27,791,9.9,.562,.000,.412,8.3,21.1,14.5,9.5,0.7,4.4,21.3,10.7,0.1,1.0,1.1,.066,-4.8,1.4,-3.4,-0.3
2024,303,biyombi01,31,MEM,C,30,27,718,10.0,.560,.000,.387,8.3,21.3,14.5,10.1,0.7,4.4,21.4,10.6,0.1,0.9,1.0,.066,-4.8,1.6,-3.2,-0.2
2024,303,biyombi01,31,OKC,C,10,0,73,8.9,.580,.000,.667,7.9,19.1,13.7,3.3,0.7,3.8,20.5,11.6,0.0,0.1,0.1,.066,-5.4,0.2,-5.2,-0.1
2024,304,thorjt01,21,CHO,PF,63,3,781,9.1,.519,.443,.109,6.0,15.3,10.5,5.1,0.7,3.2,7.3,11.7,0.2,0.3,0.6,.034,-3.5,-1.1,-4.5,-0.5
2024,305,jacksis01,22,IND,C,59,3,771,21.5,.689,.017,.438,13.8,21.2,17.5,8.3,2.1,6.3,12.3,17.2,2.2,1.1,3.3,.204,0.3,1.4,1.7,0.7
2024,306,robinmi01,25,NYK,C,31,21,768,16.1,.554,.000,.520,20.7,17.7,19.2,3.1,2.4,4.3,13.8,10.2,1.2,1.3,2.5,.155,-0.3,0.4,0.0,0.4
2024,307,landajo01,28,HOU,C,56,3,763,15.6,.584,.194,.316,12.2,11.9,12.1,11.8,1.3,4.0,11.7,14.8,1.4,0.9,2.3,.146,-0.5,0.4,-0.1,0.4
2024,308,martico01,28,CHO,SF,28,22,753,9.2,.460,.400,.153,2.8,13.9,8.1,19.1,2.1,2.2,16.1,16.1,-0.7,0.5,-0.2,-0.012,-4.1,0.6,-3.5,-0.3
2024,309,martike04,23,2TM,SF,60,2,746,9.9,.563,.155,.227,6.0,13.6,9.7,9.4,1.5,1.5,13.9,13.4,0.3,0.8,1.1,.071,-4.0,-0.1,-4.1,-0.4
2024,309,martike04,23,LAC,SF,2,0,31,6.9,.460,.500,.200,3.8,7.0,5.5,4.3,3.2,2.9,15.5,18.2,-0.1,0.0,0.0,-0.034,-6.8,0.7,-6.1,0.0
2024,309,martike04,23,PHI,SF,58,2,715,10.0,.569,.135,.228,6.1,13.8,9.9,9.6,1.4,1.4,13.8,13.2,0.4,0.7,1.1,.076,-3.9,-0.1,-4.0,-0.4
2024,310,wrighde01,31,2TM,PG,47,1,742,13.6,.505,.362,.239,2.7,10.0,6.3,20.8,3.5,1.3,6.3,12.8,0.8,0.9,1.7,.109,-2.0,2.5,0.4,0.5
2024,310,wrighde01,31,WAS,PG,33,0,456,14.1,.497,.311,.238,3.0,11.0,6.9,22.8,3.6,1.4,7.5,13.5,0.4,0.4,0.9,.092,-1.8,2.3,0.5,0.3
2024,310,wrighde01,31,MIA,PG,14,1,286,12.9,.520,.455,.242,2.4,8.4,5.3,17.6,3.3,1.0,3.9,11.9,0.4,0.5,0.8,.136,-2.4,2.8,0.3,0.2
2024,311,smithis01,35,CHO,PG,43,5,741,6.8,.435,.051,.025,1.6,10.2,5.8,26.4,1.1,0.5,22.7,12.3,-0.5,0.2,-0.4,-0.025,-5.6,-1.2,-6.8,-0.9
2024,312,bambamo01,25,PHI,C,57,17,740,15.4,.575,.323,.253,11.3,24.5,17.8,7.6,1.5,7.4,15.1,15.1,0.6,1.3,2.0,.128,-2.3,1.4,-1.0,0.2
2024,313,smithni01,19,CHO,SG,51,0,729,8.1,.511,.505,.052,2.7,8.6,5.5,12.0,0.7,0.9,11.7,20.3,-0.6,0.1,-0.5,-0.036,-3.1,-2.8,-5.9,-0.7
2024,314,shamela01,26,WAS,SG,46,5,726,10.5,.556,.573,.168,2.3,6.9,4.6,10.2,1.6,1.1,9.3,18.8,0.1,0.2,0.3,.022,-2.7,-1.3,-4.0,-0.4
2024,315,duartch01,26,SAC,SF,59,11,719,8.4,.512,.605,.157,4.0,12.7,8.3,7.8,1.9,1.0,10.4,14.9,0.0,0.7,0.7,.047,-3.5,0.1,-3.4,-0.2
2024,316,nworajo01,25,2TM,SF,52,1,712,13.7,.565,.438,.177,4.3,19.1,11.6,12.3,1.8,1.6,14.1,22.4,-0.1,0.6,0.5,.034,-1.1,-1.5,-2.5,-0.1
2024,316,nworajo01,25,IND,SF,18,0,183,12.2,.541,.439,.134,4.9,15.5,10.2,12.7,1.5,0.4,12.1,22.6,0.0,0.1,0.1,.030,-1.8,-2.2,-4.0,-0.1
2024,316,nworajo01,25,TOR,SF,34,1,529,14.2,.573,.438,.194,4.1,20.4,12.1,12.2,1.8,2.0,14.8,22.3,-0.1,0.5,0.4,.035,-0.8,-1.2,-2.0,0.0
2024,317,ballla01,22,CHO,PG,22,22,711,20.8,.561,.466,.246,4.4,13.7,8.9,43.1,2.8,0.5,15.0,34.3,0.6,0.5,1.1,.074,3.8,-0.5,3.3,1.0
2024,318,bouchch01,31,TOR,PF,50,0,705,16.0,.625,.433,.424,9.5,23.1,16.1,4.5,1.0,3.0,9.8,17.3,1.2,0.6,1.7,.119,-0.3,-1.4,-1.7,0.1
2024,319,gilyaja01,25,2TM,PG,41,14,699,11.1,.573,.840,.013,1.4,6.0,3.6,27.7,2.3,0.7,16.6,11.1,0.8,0.6,1.4,.095,-2.0,0.6,-1.4,0.1
2024,319,gilyaja01,25,MEM,PG,37,14,654,11.6,.597,.833,.014,1.3,6.1,3.6,28.5,2.0,0.7,16.7,11.4,0.9,0.5,1.4,.103,-1.5,0.2,-1.3,0.1
2024,319,gilyaja01,25,BRK,PG,4,0,45,4.5,.000,1.000,.000,2.4,5.0,3.6,15.8,6.6,0.0,14.3,6.7,-0.1,0.1,0.0,-0.017,-8.7,6.5,-2.2,0.0
2024,320,fernabr01,25,ATL,C,45,2,682,15.2,.615,.021,.513,9.1,22.2,15.4,9.3,1.8,3.7,16.1,16.7,0.8,0.7,1.5,.103,-3.1,0.9,-2.3,-0.1
2024,321,terryda01,21,CHI,SG,59,2,681,10.2,.512,.471,.274,4.7,14.1,9.3,15.6,2.0,2.7,15.4,13.4,0.1,0.7,0.8,.060,-3.4,1.1,-2.3,0.0
2024,322,paytoga02,31,GSW,SG,44,0,680,13.9,.621,.301,.126,7.4,10.5,9.0,9.4,2.8,2.4,12.3,13.6,0.9,0.9,1.8,.125,-1.3,2.2,0.9,0.5
2024,323,plumlma01,33,LAC,C,46,11,674,15.8,.621,.039,.647,10.4,28.2,19.6,10.8,1.0,2.3,15.5,15.1,1.2,0.9,2.0,.146,-1.1,0.4,-0.8,0.2
2024,324,bertada01,31,2TM,PF,43,1,674,11.6,.583,.855,.141,1.5,8.8,5.1,7.2,1.9,1.7,6.8,17.4,0.5,0.4,0.9,.061,-0.8,-0.6,-1.4,0.1
2024,324,bertada01,31,OKC,PF,15,0,91,17.3,.675,.923,.577,2.5,9.4,6.1,12.2,1.6,3.1,3.0,16.0,0.3,0.1,0.4,.229,3.2,0.8,4.0,0.1
2024,324,bertada01,31,CHO,PF,28,1,583,10.7,.570,.846,.087,1.3,8.7,4.9,6.5,1.9,1.4,7.3,17.7,0.2,0.3,0.4,.034,-1.4,-0.8,-2.3,0.0
2024,325,bateske01,28,2TM,SF,53,8,665,11.5,.534,.416,.253,5.5,12.8,9.3,7.4,1.8,2.9,7.5,13.0,0.5,0.8,1.3,.091,-1.5,0.4,-1.0,0.2
2024,325,bateske01,28,PHO,SF,39,8,597,11.3,.525,.427,.240,6.0,12.8,9.6,7.4,1.8,3.0,7.3,13.0,0.4,0.7,1.1,.089,-1.5,0.3,-1.2,0.1
2024,325,bateske01,28,BRK,SF,14,0,68,13.4,.617,.313,.375,1.6,13.2,7.2,8.1,2.2,2.7,9.7,13.2,0.1,0.1,0.2,.112,-1.3,1.5,0.2,0.0
2024,326,wilsoja03,23,BRK,PF,43,3,664,10.8,.537,.413,.257,7.5,14.2,10.8,9.3,0.8,0.5,8.7,14.3,0.6,0.4,1.1,.077,-1.8,-1.1,-2.9,-0.2
2024,327,portecr01,23,CLE,PG,51,6,649,15.4,.564,.149,.246,3.7,15.1,9.4,26.5,1.6,2.1,15.1,20.2,0.6,0.9,1.5,.108,-0.6,1.1,0.5,0.4
2024,328,ruperra01,19,POR,SG,39,12,633,5.8,.451,.484,.155,4.0,12.8,8.1,13.5,0.9,0.4,15.3,13.6,-0.4,0.3,-0.1,-0.009,-5.6,-1.2,-6.7,-0.8
2024,329,brissos01,25,BOS,SF,55,1,630,12.8,.530,.359,.542,10.9,16.3,13.7,8.7,1.5,1.1,9.5,14.5,0.8,0.9,1.7,.131,-2.0,0.2,-1.8,0.0
2024,330,gallida01,35,3TM,SF,49,0,630,13.4,.601,.489,.516,3.4,15.3,9.3,11.6,1.1,0.8,9.0,17.2,1.0,0.3,1.3,.098,-0.8,-1.0,-1.9,0.0
2024,330,gallida01,35,WAS,PF,26,0,385,13.4,.581,.489,.427,3.3,18.2,10.6,10.8,0.7,0.6,7.2,18.3,0.5,0.1,0.6,.080,-0.8,-1.8,-2.6,-0.1
2024,330,gallida01,35,DET,SF,6,0,90,23.3,.799,.545,1.091,2.4,15.1,8.7,18.6,1.1,1.9,3.0,15.9,0.5,0.1,0.6,.304,5.9,1.0,6.9,0.2
2024,330,gallida01,35,MIL,SF,17,0,155,7.7,.523,.459,.486,4.3,8.3,6.4,9.6,1.9,0.6,18.2,15.3,0.0,0.1,0.1,.025,-5.0,-0.2,-5.2,-0.1
2024,331,mclaujo01,27,MIN,PG,56,0,626,15.5,.638,.614,.124,3.4,9.4,6.5,23.7,2.8,1.0,11.1,12.1,1.4,1.1,2.5,.193,1.4,2.9,4.2,1.0
2024,332,curryse01,33,2TM,SG,44,4,616,9.9,.519,.529,.152,3.2,9.0,6.1,9.7,1.7,0.9,8.8,16.8,0.1,0.4,0.5,.040,-2.6,-0.6,-3.3,-0.2
2024,332,curryse01,33,DAL,SG,36,3,457,8.6,.502,.552,.131,3.6,8.8,6.2,8.4,1.8,0.6,9.4,15.9,-0.1,0.4,0.3,.034,-3.2,-0.9,-4.0,-0.2
2024,332,curryse01,33,CHO,SG,8,1,159,13.5,.560,.475,.203,2.1,9.5,5.7,13.2,1.6,1.8,7.2,19.3,0.1,0.1,0.2,.058,-1.1,0.0,-1.1,0.0
2024,333,greenaj01,24,MIL,SG,56,0,614,10.5,.617,.862,.097,1.6,9.6,5.7,6.4,0.7,0.6,5.5,15.2,0.7,0.3,1.1,.084,-0.4,-1.7,-2.1,0.0
2024,334,davisjo06,21,WAS,SG,50,6,613,6.2,.462,.260,.156,3.1,9.6,6.3,6.6,1.4,1.3,7.3,12.2,-0.3,0.2,-0.1,-0.009,-5.5,-1.1,-6.6,-0.7
2024,335,beaucma01,23,MIL,SF,48,1,608,9.7,.592,.452,.169,4.1,13.6,8.9,6.7,1.0,1.0,13.2,14.6,0.2,0.5,0.7,.056,-2.3,-0.9,-3.2,-0.2
2024,336,smartma01,29,MEM,PG,20,20,605,11.8,.552,.565,.236,1.0,8.9,4.8,22.7,3.3,0.8,19.2,22.9,-0.5,0.7,0.2,.020,-3.3,0.9,-2.4,0.0
2024,337,muscami01,32,3TM,C,53,6,600,7.5,.470,.615,.160,7.0,15.8,11.3,7.6,0.7,1.8,11.6,13.4,-0.2,0.3,0.1,.009,-3.9,-1.4,-5.3,-0.5
2024,337,muscami01,32,WAS,C,24,2,338,7.6,.481,.567,.222,6.8,17.2,11.9,8.2,0.7,1.7,13.9,14.3,-0.2,0.1,0.0,-0.005,-4.4,-1.8,-6.2,-0.4
2024,337,muscami01,32,DET,C,13,4,171,8.9,.492,.773,.091,6.4,12.6,9.5,7.7,0.8,2.5,4.2,11.9,0.1,0.1,0.2,.049,-1.7,-0.6,-2.2,0.0
2024,337,muscami01,32,OKC,C,16,0,91,4.3,.379,.500,.045,8.9,16.5,12.9,5.3,0.5,1.0,15.1,12.6,-0.1,0.1,0.0,-0.017,-6.4,-1.6,-8.0,-0.1
2024,338,simsje01,25,NYK,C,45,11,585,10.9,.702,.000,.436,10.7,17.5,14.1,5.4,0.7,3.0,19.6,6.0,0.9,0.7,1.5,.127,-2.4,0.7,-1.8,0.0
2024,339,sensabr01,20,UTA,SF,32,11,584,8.6,.511,.528,.188,3.0,16.1,9.6,13.0,1.1,0.9,16.6,20.3,-0.5,0.2,-0.3,-0.024,-3.3,-2.1,-5.5,-0.5
2024,340,vandeja01,24,LAL,PF,29,6,581,11.6,.578,.237,.316,8.3,17.7,13.2,7.7,2.9,0.7,17.7,11.7,0.3,0.8,1.1,.089,-2.9,1.3,-1.6,0.0
2024,341,miltosh01,27,3TM,SG,48,0,581,9.2,.499,.328,.251,2.8,11.5,7.3,14.4,1.6,0.9,12.5,18.7,-0.2,0.8,0.6,.048,-4.3,0.6,-3.7,-0.3
2024,341,miltosh01,27,MIN,SG,38,0,491,8.3,.496,.331,.275,1.7,9.7,5.9,14.1,1.6,0.9,13.5,18.7,-0.3,0.7,0.4,.039,-4.8,0.6,-4.2,-0.3
2024,341,miltosh01,27,DET,SG,4,0,63,14.6,.494,.346,.115,12.2,19.8,15.9,14.1,1.5,1.4,9.9,20.5,0.0,0.0,0.1,.047,0.2,0.1,0.3,0.0
2024,341,miltosh01,27,NYK,SG,6,0,27,13.8,.557,.222,.222,0.0,25.0,12.5,20.9,1.9,0.0,0.0,15.8,0.1,0.0,0.1,.201,-5.7,2.2,-3.5,0.0
2024,342,fournev01,31,2TM,SG,32,0,580,8.5,.464,.588,.163,0.9,10.4,5.6,11.6,2.4,1.0,8.1,19.0,-0.5,0.4,-0.1,-0.005,-4.7,0.3,-4.3,-0.3
2024,342,fournev01,31,NYK,SG,3,0,39,2.2,.287,.750,.100,0.0,11.6,5.8,10.2,5.2,0.0,4.6,24.2,-0.2,0.1,-0.1,-0.108,-11.8,0.4,-11.3,-0.1
2024,342,fournev01,31,DET,SG,29,0,541,8.9,.482,.572,.169,1.0,10.3,5.6,11.7,2.2,1.1,8.5,18.6,-0.3,0.4,0.0,.002,-4.2,0.3,-3.8,-0.3
2024,343,nnajize01,23,DEN,PF,58,0,576,12.4,.528,.154,.416,12.1,12.2,12.1,7.0,1.3,5.6,13.3,15.4,0.4,0.8,1.2,.099,-3.8,0.1,-3.7,-0.2
2024,344,jemistr01,24,2TM,C,25,14,573,11.8,.582,.000,.184,11.7,13.9,12.8,7.1,1.0,4.6,18.8,13.5,0.3,0.6,0.9,.073,-4.7,-0.4,-5.1,-0.5
2024,344,jemistr01,24,WAS,C,2,0,1,-36.1,,,,0.0,100.0,53.5,0.0,0.0,0.0,100.0,42.1,0.0,0.0,0.0,-1.200,-30.3,-3.6,-33.9,0.0
2024,344,jemistr01,24,MEM,C,23,14,572,11.9,.582,.000,.184,11.8,13.7,12.7,7.1,1.0,4.6,18.3,13.5,0.3,0.6,0.9,.075,-4.7,-0.4,-5.1,-0.4
2024,345,jacksan01,22,MIL,SG,57,8,572,8.5,.596,.460,.110,8.4,13.1,10.8,10.8,1.3,0.9,21.1,10.0,0.5,0.5,1.0,.081,-3.6,0.0,-3.6,-0.2
2024,346,butleja02,23,WAS,SG,40,0,566,14.1,.579,.388,.179,1.7,9.5,5.5,30.9,2.4,1.2,18.7,19.9,0.3,0.3,0.6,.054,-1.5,-0.5,-2.1,0.0
2024,347,knoxke01,24,DET,SF,31,11,560,9.9,.570,.505,.118,3.5,11.5,7.5,5.9,1.1,1.1,10.1,16.6,0.1,0.2,0.4,.033,-2.8,-1.8,-4.6,-0.4
2024,348,stevela01,26,2TM,PF,38,3,559,14.6,.516,.192,.225,6.9,18.2,12.4,7.9,2.0,3.6,8.3,22.2,0.0,0.8,0.8,.068,-2.2,-0.1,-2.2,0.0
2024,348,stevela01,26,BOS,PF,19,1,122,14.5,.532,.178,.244,11.1,16.1,13.7,8.9,2.4,3.6,15.3,21.0,0.0,0.2,0.2,.093,-2.9,0.9,-2.0,0.0
2024,348,stevela01,26,MEM,PF,19,2,437,14.7,.512,.195,.221,5.8,18.8,12.0,7.7,1.9,3.6,6.6,22.5,0.0,0.6,0.6,.061,-2.0,-0.3,-2.3,0.0
2024,349,holmeri01,30,2TM,C,40,10,555,14.5,.593,.020,.320,13.7,21.8,17.7,6.0,0.9,2.9,12.5,14.7,0.8,0.5,1.3,.114,-2.4,-0.8,-3.3,-0.2
2024,349,holmeri01,30,DAL,C,23,2,237,13.9,.572,.000,.356,15.3,20.7,18.0,8.4,0.6,3.3,15.0,14.5,0.3,0.3,0.6,.119,-2.4,-0.6,-3.0,-0.1
2024,349,holmeri01,30,WAS,PF,17,8,318,14.9,.608,.034,.295,12.5,22.7,17.5,4.3,1.2,2.6,10.8,14.8,0.5,0.2,0.7,.110,-2.4,-1.0,-3.4,-0.1
2024,350,thomptr01,32,CLE,C,49,0,549,13.9,.563,.008,.433,15.1,20.4,17.8,12.7,1.1,2.3,16.9,13.8,0.6,0.8,1.4,.119,-2.1,0.6,-1.4,0.1
2024,351,strawju01,21,DEN,SF,50,0,545,8.2,.482,.622,.140,1.0,11.1,6.2,11.3,1.5,1.1,8.9,20.7,-0.4,0.6,0.2,.015,-4.6,-1.4,-6.0,-0.6
2024,352,yurtsom01,25,UTA,C,48,12,545,15.0,.565,.130,.152,14.7,27.3,21.0,7.7,0.7,2.9,15.9,17.9,0.3,0.4,0.7,.062,-1.6,-1.5,-3.0,-0.1
2024,353,krejcvi01,23,ATL,PG,22,14,541,8.4,.633,.654,.058,2.1,8.6,5.2,11.6,1.2,1.0,15.8,9.8,0.5,0.1,0.6,.056,-3.3,-0.4,-3.7,-0.2
2024,354,hylanbo01,23,LAC,PG,37,5,540,10.8,.490,.538,.092,1.1,10.1,5.7,24.5,2.4,0.7,14.4,24.8,-0.5,0.5,0.0,.003,-2.8,-0.8,-3.6,-0.2
2024,355,mcdanja01,26,TOR,SF,50,1,538,5.0,.412,.376,.196,3.6,12.7,8.1,9.1,1.7,1.0,12.8,18.7,-1.1,0.3,-0.8,-0.074,-7.2,-1.8,-9.0,-1.0
2024,356,pippesc02,23,MEM,PG,21,16,527,16.4,.596,.355,.271,4.4,9.7,7.0,30.7,3.3,1.8,19.8,23.0,0.3,0.7,1.0,.090,-0.1,1.4,1.3,0.4
2024,357,vezenal01,28,SAC,PF,42,0,511,13.3,.569,.628,.079,6.4,14.8,10.5,5.1,1.9,1.3,5.7,17.5,0.5,0.5,1.0,.098,-0.2,-0.7,-0.9,0.1
2024,358,houseda01,30,PHI,SF,34,4,509,8.5,.575,.476,.438,3.4,9.3,6.3,7.2,1.5,0.9,13.2,12.2,0.3,0.4,0.7,.066,-3.4,-0.5,-4.0,-0.3
2024,359,willima07,22,CHO,C,19,19,508,22.5,.675,.000,.424,16.3,24.6,20.4,6.8,1.6,3.7,8.7,17.1,1.6,0.5,2.1,.198,1.6,-0.8,0.8,0.3
2024,360,sprinja01,21,2TM,SG,49,2,507,10.7,.490,.324,.284,7.1,9.8,8.4,11.5,3.5,2.7,17.0,17.1,-0.3,0.8,0.6,.052,-4.9,1.5,-3.4,-0.2
2024,360,sprinja01,21,PHI,SG,32,1,377,10.6,.481,.314,.288,7.2,9.8,8.5,12.6,3.3,2.7,16.4,18.2,-0.2,0.5,0.3,.038,-4.5,1.0,-3.4,-0.1
2024,360,sprinja01,21,BOS,SG,17,1,130,10.9,.522,.367,.267,6.9,9.6,8.3,8.6,4.2,2.7,19.3,13.9,0.0,0.3,0.2,.092,-6.0,2.8,-3.2,0.0
2024,361,baldwpa01,21,WAS,SF,38,7,493,9.7,.502,.626,.181,3.6,23.5,13.3,7.6,1.7,2.5,10.2,15.9,-0.3,0.5,0.2,.019,-4.0,-0.6,-4.6,-0.3
2024,362,covinro01,33,2TM,SF,29,6,488,13.6,.580,.571,.265,6.9,15.2,11.0,6.3,3.9,3.4,9.1,10.7,0.6,0.9,1.5,.145,-1.1,3.2,2.2,0.5
2024,362,covinro01,33,LAC,PF,3,3,69,10.6,.455,.889,.222,3.4,9.5,6.5,12.1,4.3,2.6,0.0,6.3,0.1,0.1,0.2,.124,-2.3,4.5,2.3,0.1
2024,362,covinro01,33,PHI,SF,26,3,419,14.1,.593,.539,.270,7.5,16.1,11.7,5.3,3.9,3.5,9.9,11.4,0.5,0.8,1.3,.149,-0.9,3.0,2.2,0.4
2024,363,tuckepj01,38,2TM,PF,31,10,486,5.9,.507,.700,.060,6.7,12.9,9.8,3.9,1.6,1.3,13.5,5.3,0.2,0.5,0.7,.068,-4.0,0.4,-3.6,-0.2
2024,363,tuckepj01,38,PHI,PF,3,3,66,4.7,.600,1.000,.000,1.6,22.1,11.7,0.0,2.2,2.8,28.6,4.6,0.0,0.1,0.1,.053,-5.2,1.2,-4.0,0.0
2024,363,tuckepj01,38,LAC,PF,28,7,420,6.1,.497,.667,.067,7.5,11.4,9.5,4.5,1.5,1.1,11.5,5.5,0.3,0.3,0.6,.070,-3.9,0.3,-3.5,-0.2
2024,364,easonta01,22,HOU,PF,22,0,480,17.1,.528,.265,.175,10.2,24.2,17.1,8.3,3.1,3.6,8.9,19.8,0.3,1.0,1.3,.125,-0.4,2.0,1.6,0.4
2024,365,morrimo01,28,2TM,PG,33,0,476,13.2,.508,.458,.124,1.7,11.5,6.8,20.0,2.0,1.7,4.2,15.5,0.5,0.7,1.2,.123,-0.8,1.5,0.7,0.3
2024,365,morrimo01,28,DET,PG,6,0,68,8.5,.398,.333,.061,3.2,16.7,9.8,17.5,0.7,1.3,5.6,22.5,-0.1,0.0,-0.1,-0.065,-4.7,-2.2,-6.9,-0.1
2024,365,morrimo01,28,MIN,PG,27,0,408,13.9,.537,.492,.142,1.5,10.6,6.3,20.4,2.2,1.7,3.8,14.3,0.6,0.7,1.3,.154,-0.2,2.2,2.0,0.4
2024,366,bolbo01,24,PHO,PF,43,0,469,18.7,.700,.344,.126,8.1,24.1,16.5,5.3,1.0,4.7,10.7,16.5,1.0,0.7,1.6,.168,1.4,0.8,2.1,0.5
2024,367,liveris01,25,DET,PF,23,6,469,5.1,.460,.664,.155,3.5,8.0,5.7,7.0,1.3,0.9,11.4,12.7,-0.3,0.2,-0.1,-0.015,-5.0,-1.5,-6.5,-0.5
2024,368,gillan01,31,WAS,PF,50,3,466,12.1,.537,.256,.225,8.3,13.4,10.8,10.0,1.3,1.9,11.6,18.0,0.1,0.2,0.4,.038,-2.6,-1.5,-4.1,-0.3
2024,369,watanyu01,29,2TM,SF,34,0,464,4.7,.474,.733,.147,2.8,10.1,6.5,4.2,1.3,1.3,13.3,13.3,-0.5,0.4,-0.1,-0.009,-5.3,-1.1,-6.4,-0.5
2024,369,watanyu01,29,PHO,SF,29,0,382,5.4,.502,.773,.155,3.4,9.6,6.7,3.3,1.2,1.6,13.4,13.6,-0.3,0.3,0.0,.004,-4.6,-1.4,-6.0,-0.4
2024,369,watanyu01,29,MEM,SF,5,0,82,1.5,.327,.526,.105,0.0,12.5,6.0,8.4,1.8,0.0,13.1,12.0,-0.2,0.1,-0.1,-0.074,-8.5,0.0,-8.6,-0.1
2024,370,littlna01,23,PHO,SF,45,2,458,9.9,.572,.565,.161,3.6,14.3,9.3,6.1,1.1,1.9,9.5,13.9,0.3,0.4,0.7,.074,-2.4,-0.6,-3.0,-0.1
2024,371,mamuksa01,24,SAS,C,46,5,451,15.8,.559,.413,.219,10.7,24.7,17.6,15.4,0.7,2.2,10.1,17.7,0.6,0.4,1.0,.110,-0.1,-0.4,-0.5,0.2
2024,372,lenal01,30,SAC,C,48,0,444,14.7,.625,.037,.420,11.3,21.2,16.1,14.4,1.2,6.8,22.0,11.8,0.6,0.7,1.3,.138,-2.7,2.9,0.2,0.2
2024,373,bryanth01,26,MIA,C,38,4,441,19.0,.639,.148,.315,10.2,26.2,18.1,8.3,1.1,3.5,11.0,19.3,0.9,0.8,1.6,.177,-0.6,0.2,-0.4,0.2
2024,374,youngth01,35,2TM,PF,33,6,439,15.9,.598,.065,.139,11.7,14.5,13.0,17.9,2.5,1.0,11.6,12.6,0.9,0.4,1.3,.138,-0.5,0.8,0.3,0.2
2024,374,youngth01,35,TOR,PF,23,6,350,16.0,.618,.069,.138,8.9,14.8,11.8,19.8,2.5,0.8,10.7,12.6,0.7,0.3,1.0,.138,-0.2,0.9,0.6,0.2
2024,374,youngth01,35,PHO,PF,10,0,89,15.1,.515,.048,.143,22.8,13.3,17.8,10.4,2.7,2.0,15.2,12.8,0.1,0.1,0.3,.137,-1.5,0.6,-0.9,0.0
2024,375,mayssk01,26,2TM,PG,38,5,433,12.0,.466,.340,.107,2.5,8.9,5.6,29.1,2.4,0.8,10.7,18.4,0.1,0.3,0.4,.044,-2.1,0.1,-2.0,0.0
2024,375,mayssk01,26,POR,PG,21,5,356,11.9,.457,.355,.123,2.7,9.4,5.8,31.8,1.9,0.8,11.0,19.5,0.0,0.2,0.3,.034,-1.8,-0.5,-2.3,0.0
2024,375,mayssk01,26,LAL,SG,17,0,77,12.3,.524,.238,.000,1.5,6.9,4.3,16.8,4.3,1.1,8.7,12.9,0.0,0.1,0.1,.092,-3.5,2.9,-0.6,0.0
2024,376,okekech01,25,ORL,SF,47,8,432,6.9,.465,.732,.063,4.9,17.0,10.9,6.2,1.0,1.5,12.2,13.3,-0.3,0.6,0.3,.029,-3.2,-0.2,-3.4,-0.2
2024,377,barlodo01,20,SAS,PF,33,1,420,14.6,.548,.080,.372,11.5,17.7,14.5,11.7,1.4,2.8,6.4,14.1,0.7,0.4,1.1,.126,-1.7,0.0,-1.7,0.0
2024,378,bullore01,32,HOU,SF,44,0,417,7.7,.582,.817,.012,1.5,17.4,9.4,4.6,1.4,1.1,10.8,9.4,0.1,0.5,0.6,.072,-2.9,0.5,-2.4,0.0
2024,379,millspa02,35,2TM,PG,32,5,415,7.2,.467,.664,.084,2.3,7.1,4.7,11.1,2.4,0.2,10.5,15.9,-0.3,0.4,0.1,.009,-5.0,0.4,-4.6,-0.3
2024,379,millspa02,35,ATL,PG,19,0,202,6.6,.500,.667,.000,2.6,8.4,5.4,8.7,2.1,0.4,13.6,12.2,-0.1,0.1,0.0,.008,-4.1,0.4,-3.8,-0.1
2024,379,millspa02,35,MIA,PG,13,5,213,7.9,.448,.663,.138,2.1,5.9,4.0,13.4,2.6,0.0,8.6,19.4,-0.2,0.3,0.0,.009,-5.8,0.5,-5.3,-0.2
2024,380,forretr01,25,ATL,SG,38,0,414,8.9,.426,.111,.189,2.8,10.9,6.7,27.6,1.3,0.7,17.0,11.8,0.1,0.1,0.2,.027,-3.8,-0.7,-4.4,-0.3
2024,381,mykhasv01,26,BOS,SF,41,2,413,11.7,.575,.788,.066,3.0,10.0,6.7,11.0,1.3,0.2,7.8,16.1,0.5,0.4,0.9,.106,-0.9,-0.9,-1.8,0.0
2024,382,matthwe02,37,ATL,SG,36,3,413,8.2,.511,.711,.247,2.3,12.1,7.0,6.9,1.9,2.4,6.9,11.7,0.2,0.3,0.4,.049,-3.1,0.3,-2.8,-0.1
2024,383,pokusal01,22,2TM,PF,28,0,405,12.7,.525,.455,.339,4.6,20.4,12.3,12.0,1.8,3.0,12.0,17.2,0.0,0.4,0.4,.050,-1.8,-0.1,-1.9,0.0
2024,383,pokusal01,22,OKC,PF,10,0,60,2.5,.338,.688,.250,3.9,14.3,9.3,9.7,0.8,1.5,14.5,15.0,-0.1,0.1,-0.1,-0.063,-7.7,-2.2,-9.9,-0.1
2024,383,pokusal01,22,CHO,PF,18,0,345,14.5,.552,.419,.352,4.7,21.5,12.9,12.4,2.0,3.2,11.7,17.6,0.2,0.3,0.5,.070,-0.8,0.3,-0.5,0.1
2024,384,samanlu01,24,UTA,PF,43,7,404,8.9,.485,.405,.354,6.0,21.6,13.9,6.5,0.6,1.5,13.3,21.8,-0.4,0.2,-0.2,-0.029,-4.9,-2.9,-7.8,-0.6
2024,385,freemja01,24,TOR,PG,22,6,403,10.7,.547,.339,.290,4.3,15.1,9.6,13.4,1.2,0.9,15.2,17.5,0.1,0.2,0.2,.029,-3.1,-2.0,-5.2,-0.3
2024,386,rosede01,35,MEM,PG,24,7,399,13.1,.540,.248,.164,1.8,10.9,6.2,32.3,1.0,0.5,14.9,22.3,0.1,0.3,0.4,.046,-1.3,-1.5,-2.8,-0.1
2024,387,jordade01,35,DEN,C,36,2,396,16.0,.610,.000,.570,15.6,28.0,22.0,8.5,0.8,3.4,16.5,15.4,0.6,0.6,1.2,.147,-1.7,-0.1,-1.7,0.0
2024,388,brownko01,24,LAC,PF,44,0,394,7.6,.490,.533,.022,5.9,11.6,8.9,8.1,1.5,1.4,9.0,11.1,0.1,0.3,0.5,.055,-4.0,0.2,-3.8,-0.2
2024,389,quinole01,23,GSW,SG,37,0,394,10.3,.533,.624,.206,5.8,13.8,9.9,12.0,0.7,0.5,10.0,18.3,0.3,0.3,0.6,.068,-2.0,-1.3,-3.3,-0.1
2024,390,omorueu01,26,WAS,SF,43,0,393,16.0,.549,.275,.293,9.3,13.9,11.6,13.0,3.2,1.0,10.0,22.5,0.2,0.4,0.6,.074,-1.9,-0.4,-2.3,0.0
2024,391,ryanma01,26,NOP,SF,28,1,390,9.0,.638,.805,.124,1.7,9.6,5.7,6.1,0.8,0.3,13.8,15.4,0.2,0.3,0.5,.065,-1.4,-1.3,-2.7,-0.1
2024,392,minayju01,24,POR,SF,34,1,381,5.8,.391,.662,.122,8.3,8.1,8.2,7.3,1.2,2.4,10.3,9.7,-0.1,0.2,0.1,.009,-5.1,-0.5,-5.6,-0.3
2024,393,juzanjo01,22,UTA,SG,20,5,372,9.6,.620,.700,.127,2.1,8.5,5.3,8.4,0.5,0.5,10.1,14.5,0.4,0.0,0.4,.047,-1.5,-2.2,-3.7,-0.2
2024,394,clownno01,19,BRK,PF,23,4,370,14.2,.626,.355,.323,7.5,16.7,12.0,6.9,1.1,3.9,12.4,14.2,0.5,0.4,0.9,.111,-0.8,0.1,-0.7,0.1
2024,395,evbuoto01,22,2TM,SF,17,8,367,9.9,.616,.451,.352,5.3,13.0,9.1,5.9,0.8,1.2,9.9,10.6,0.4,0.2,0.5,.071,-2.4,-0.7,-3.0,-0.1
2024,395,evbuoto01,22,MEM,SF,4,0,74,5.7,.333,.533,.000,11.4,9.2,10.3,10.9,0.0,1.3,6.3,9.3,0.0,0.0,0.0,.016,-4.2,-2.2,-6.4,-0.1
2024,395,evbuoto01,22,DET,SF,13,8,293,10.9,.679,.429,.446,3.7,13.9,8.8,4.6,1.0,1.2,10.7,10.9,0.4,0.1,0.5,.085,-1.9,-0.3,-2.2,0.0
2024,396,diengou01,20,OKC,PF,33,0,365,10.1,.540,.603,.138,3.2,12.0,7.8,12.9,1.1,1.3,13.4,16.9,0.0,0.4,0.4,.055,-2.3,-0.7,-3.0,-0.1
2024,397,portejo01,24,TOR,PF,26,5,360,14.9,.514,.577,.173,7.8,17.5,12.5,21.8,2.7,4.9,15.8,15.8,0.2,0.4,0.7,.089,-0.3,1.9,1.7,0.3
2024,398,simmobe01,27,BRK,PG,15,12,359,16.3,.571,.000,.203,9.2,27.6,18.1,33.2,1.7,2.3,25.1,13.0,0.5,0.5,1.0,.133,-0.5,2.9,2.4,0.4
2024,399,bostobr01,22,LAC,SF,32,0,345,8.7,.476,.323,.205,6.4,10.4,8.5,5.4,1.6,2.1,12.0,25.4,-0.6,0.3,-0.3,-0.040,-6.2,-2.7,-9.0,-0.6
2024,400,walkeja02,20,IND,PF,33,0,340,11.8,.527,.500,.082,4.0,17.0,10.5,13.9,2.1,2.6,13.0,16.1,0.1,0.3,0.4,.058,-0.5,0.7,0.2,0.2
2024,401,mcgeeja01,36,SAC,C,46,0,339,19.0,.609,.053,.341,13.6,28.4,20.8,7.6,2.0,5.4,18.3,23.4,0.1,0.6,0.7,.101,-1.9,0.6,-1.3,0.1
2024,402,prospol01,21,DAL,PF,40,1,336,11.6,.496,.433,.394,8.2,17.5,12.8,8.4,1.0,1.0,6.2,16.6,0.2,0.3,0.5,.076,-1.7,-1.3,-2.9,-0.1
2024,403,robinje02,23,NOP,PF,39,1,334,11.8,.564,.411,.168,7.8,17.5,12.7,8.4,1.5,1.2,13.6,15.4,0.2,0.4,0.6,.086,-1.9,-0.3,-2.2,0.0
2024,404,quetane01,24,BOS,C,28,0,333,22.9,.662,.000,.269,17.9,21.5,19.8,8.5,1.9,5.5,10.1,16.9,1.1,0.7,1.8,.259,0.4,1.1,1.5,0.3
2024,405,phillju01,20,CHI,SF,40,0,323,7.0,.521,.494,.247,4.1,8.5,6.2,5.3,1.1,2.2,10.5,13.0,0.0,0.2,0.2,.031,-4.7,-0.6,-5.3,-0.3
2024,406,zelleco01,31,NOP,C,43,0,320,12.8,.483,.048,.613,16.9,22.0,19.5,15.2,1.4,1.5,16.9,12.9,0.4,0.4,0.8,.124,-2.9,0.3,-2.6,0.0
2024,407,moranja01,24,MEM,PG,9,9,318,20.6,.570,.300,.376,2.0,15.8,8.6,42.2,1.1,1.5,12.0,30.4,0.5,0.3,0.8,.124,2.7,0.4,3.1,0.4
2024,408,haganas01,24,POR,PG,19,1,316,8.5,.510,.352,.239,4.7,11.7,8.0,23.7,1.7,2.6,27.7,14.6,-0.2,0.3,0.0,.006,-4.4,0.9,-3.5,-0.1
2024,409,grahade01,28,SAS,PG,23,0,313,9.4,.495,.769,.148,1.7,10.8,6.2,21.0,1.4,0.5,12.9,17.8,-0.1,0.2,0.1,.018,-3.0,-0.9,-3.9,-0.1
2024,410,lawsoaj01,23,DAL,SG,42,0,311,11.2,.519,.413,.190,4.9,12.6,8.8,8.9,1.5,0.8,9.6,20.0,0.0,0.3,0.2,.036,-3.1,-1.5,-4.6,-0.2
2024,411,mensana01,25,CHO,C,25,0,307,5.0,.496,.000,.429,10.3,13.6,11.9,3.7,1.0,4.3,29.6,6.8,0.0,0.2,0.1,.023,-8.7,-0.1,-8.8,-0.5
2024,412,umudest01,24,DET,SG,24,2,307,11.4,.647,.631,.381,2.9,15.9,9.3,4.9,1.3,2.0,12.5,15.6,0.3,0.2,0.5,.085,-1.5,-0.1,-1.6,0.0
2024,413,robinor01,23,MIA,C,36,7,304,14.0,.596,.208,.347,10.4,21.0,15.7,15.8,1.1,2.6,17.8,14.8,0.4,0.5,0.9,.135,-1.9,0.8,-1.1,0.1
2024,414,korkmfu01,26,PHI,SG,35,0,300,9.2,.519,.526,.263,1.4,9.7,5.5,11.0,2.3,0.9,10.5,13.6,0.0,0.3,0.4,.057,-3.2,0.4,-2.7,-0.1
2024,415,josepco01,32,GSW,PG,26,0,296,6.2,.470,.656,.109,2.2,8.6,5.5,17.2,0.7,0.9,15.2,11.3,0.0,0.2,0.2,.034,-4.0,-0.7,-4.7,-0.2
2024,416,councri01,22,PHI,SG,32,0,289,18.6,.604,.286,.634,5.3,12.4,8.8,8.2,1.4,0.3,3.4,22.1,0.8,0.3,1.0,.173,2.1,-0.8,1.3,0.2
2024,417,templga01,37,TOR,SG,27,2,289,9.5,.502,.513,.282,6.7,10.5,8.6,12.5,2.0,0.9,13.8,15.0,0.0,0.2,0.2,.032,-3.4,-1.2,-4.7,-0.2
2024,418,blackle01,24,CHO,SF,26,3,284,11.5,.589,.385,.288,3.5,15.9,9.5,11.4,1.4,3.6,9.3,10.1,0.3,0.2,0.5,.084,-2.6,0.3,-2.4,0.0
2024,419,waterli01,26,OKC,SG,38,0,280,15.3,.653,.817,.019,2.9,12.6,8.0,11.5,0.9,2.3,6.3,17.3,0.6,0.3,0.9,.150,2.4,-0.5,1.9,0.3
2024,420,edwarke02,23,SAC,SF,54,0,275,10.3,.541,.634,.110,3.6,13.7,8.5,7.1,1.8,1.3,4.4,14.0,0.2,0.3,0.5,.083,-1.6,0.1,-1.5,0.0
2024,421,jonesda03,28,CLE,C,39,0,270,15.8,.659,.194,.292,8.4,17.3,12.9,7.9,1.3,4.3,13.8,15.4,0.4,0.4,0.8,.150,-1.7,1.2,-0.5,0.1
2024,422,bitimon01,24,CHI,SG,23,1,268,5.0,.464,.524,.060,2.5,11.1,6.7,6.5,0.6,0.8,10.4,15.8,-0.3,0.1,-0.1,-0.027,-5.4,-2.0,-7.4,-0.4
2024,423,lewiski01,22,3TM,PG,28,0,265,8.6,.441,.359,.217,3.8,7.0,5.4,18.8,1.7,0.7,12.2,18.5,-0.2,0.2,0.0,-0.005,-4.4,-1.4,-5.8,-0.3
2024,423,lewiski01,22,NOP,PG,15,0,144,5.7,.387,.385,.212,3.1,7.6,5.4,16.2,1.7,0.7,12.3,19.6,-0.3,0.1,-0.1,-0.045,-6.4,-1.1,-7.5,-0.2
2024,423,lewiski01,22,TOR,PG,1,0,2,-7.3,,,,0.0,0.0,0.0,0.0,0.0,0.0,,0.0,0.0,0.0,0.0,-0.011,-22.1,-0.2,-22.3,0.0
2024,423,lewiski01,22,UTA,PG,12,0,119,12.3,.512,.325,.225,4.7,6.4,5.6,22.2,1.6,0.7,12.0,17.6,0.1,0.0,0.1,.042,-1.6,-1.9,-3.5,0.0
2024,424,cainja01,24,MIA,PF,26,1,259,11.5,.544,.392,.291,6.5,9.7,8.1,5.6,1.9,1.9,8.2,16.7,0.1,0.3,0.5,.089,-2.5,0.2,-2.3,0.0
2024,425,rhodeja01,24,DET,SG,17,0,245,10.3,.597,.470,.121,1.3,13.9,7.5,8.0,0.6,4.5,9.1,13.3,0.1,0.2,0.3,.060,-2.9,0.4,-2.5,0.0
2024,426,champju01,22,WAS,SF,15,1,235,13.6,.526,.577,.192,8.5,15.8,12.1,10.7,2.0,3.1,10.6,17.0,0.1,0.2,0.3,.058,-1.1,-0.8,-1.8,0.0
2024,427,greenja02,30,CHI,SF,9,5,230,20.2,.681,.360,.173,9.5,23.3,16.3,3.3,2.2,3.6,8.0,16.7,0.5,0.3,0.9,.180,1.9,0.1,2.0,0.2
2024,428,badjiib01,21,POR,C,22,1,226,8.1,.623,.000,.545,9.4,16.3,12.6,7.7,0.7,8.0,35.5,8.0,0.0,0.2,0.2,.046,-7.7,1.9,-5.8,-0.2
2024,429,gilleco01,24,DEN,PG,24,0,225,11.0,.586,.551,.174,0.5,9.6,5.2,15.5,2.9,0.0,15.9,17.1,0.1,0.3,0.4,.076,-3.7,0.9,-2.7,0.0
2024,430,vincega01,27,LAL,PG,11,0,218,3.1,.341,.571,.041,2.1,2.4,2.3,11.6,2.0,0.0,9.1,10.9,-0.3,0.1,-0.1,-0.033,-6.9,0.4,-6.5,-0.2
2024,431,morrima02,34,DAL,PF,26,1,216,6.6,.467,.618,.088,2.0,17.6,9.9,9.4,1.1,1.2,14.5,16.4,-0.3,0.2,-0.1,-0.014,-4.0,-1.3,-5.3,-0.2
2024,432,nowelja01,24,2TM,SG,13,1,214,9.2,.494,.372,.115,3.0,9.6,6.2,13.6,0.9,0.8,7.9,17.8,0.0,0.1,0.1,.016,-4.1,-1.4,-5.4,-0.2
2024,432,nowelja01,24,MEM,SG,9,1,156,6.7,.453,.418,.055,2.0,8.0,4.9,15.7,0.9,0.0,8.2,16.9,-0.1,0.1,0.0,-0.007,-5.9,-1.6,-7.4,-0.2
2024,432,nowelja01,24,DET,SG,4,0,58,15.9,.585,.261,.261,5.7,13.7,9.6,8.1,0.8,2.9,7.2,20.3,0.1,0.0,0.1,.078,0.7,-0.8,-0.1,0.0
2024,433,maledth01,22,2TM,PG,17,1,213,3.2,.385,.429,.214,2.0,10.8,6.3,17.8,1.6,0.0,19.0,19.6,-0.6,0.1,-0.5,-0.122,-8.3,-2.1,-10.3,-0.5
2024,433,maledth01,22,CHO,PG,13,1,200,3.9,.379,.455,.182,2.2,11.0,6.5,19.0,1.7,0.0,17.4,19.1,-0.5,0.1,-0.5,-0.110,-7.7,-1.8,-9.5,-0.4
2024,433,maledth01,22,PHO,PG,4,0,13,-8.0,.470,.000,.750,0.0,8.3,4.3,0.0,0.0,0.0,36.1,27.7,-0.1,0.0,-0.1,-0.296,-17.6,-6.1,-23.7,-0.1
2024,434,bassech01,23,SAS,C,19,0,205,17.7,.739,.025,.150,12.0,28.2,20.0,14.1,1.9,6.9,26.0,11.9,0.3,0.4,0.7,.157,-1.8,3.1,1.3,0.2
2024,435,gibsota01,38,2TM,PF,20,1,204,5.9,.449,.270,.054,6.6,13.8,10.2,6.9,0.7,3.2,11.7,9.0,0.0,0.2,0.2,.044,-5.3,0.1,-5.3,-0.2
2024,435,gibsota01,38,NYK,PF,16,1,165,3.2,.335,.261,.087,6.8,12.3,9.5,6.7,0.6,3.4,17.3,7.6,-0.1,0.2,0.1,.019,-6.9,0.0,-6.9,-0.2
2024,435,gibsota01,38,DET,PF,4,0,39,17.6,.643,.286,.000,5.6,20.4,12.9,8.0,1.2,2.2,0.0,15.3,0.1,0.0,0.1,.149,1.2,0.4,1.7,0.0
2024,436,brownmo01,24,POR,C,22,5,200,14.5,.477,.000,.477,19.6,29.2,24.1,5.4,1.2,3.2,12.3,19.1,-0.1,0.2,0.2,.044,-4.1,-2.4,-6.5,-0.2
2024,437,loftoke01,21,3TM,PF,21,0,199,14.7,.537,.308,.333,6.6,14.6,10.5,25.7,1.5,2.3,13.5,22.1,0.1,0.2,0.3,.068,-0.6,0.3,-0.3,0.1
2024,437,loftoke01,21,MEM,PF,15,0,99,8.4,.447,.270,.405,2.1,15.0,8.3,21.6,1.5,2.8,12.1,21.5,-0.1,0.1,0.0,-0.011,-5.4,0.9,-4.5,-0.1
2024,437,loftoke01,21,PHI,PF,2,0,9,-20.0,.167,.333,.000,0.0,37.5,18.4,0.0,0.0,0.0,25.0,38.4,-0.1,0.0,-0.1,-0.705,-23.4,-9.2,-32.6,-0.1
2024,437,loftoke01,21,UTA,PF,4,0,91,25.0,.690,.343,.314,12.2,12.0,12.1,32.7,1.6,2.0,13.1,21.1,0.4,0.0,0.4,.232,6.9,0.6,7.5,0.2
2024,438,bufkiko01,20,ATL,SG,17,0,196,9.1,.424,.435,.087,3.2,15.6,9.2,19.3,1.7,2.3,9.5,22.4,-0.3,0.1,-0.1,-0.031,-4.3,-0.2,-4.5,-0.1
2024,439,jonesco02,21,SAC,SG,30,0,192,8.9,.422,.310,.155,9.7,13.7,11.7,13.9,1.8,2.4,11.6,19.1,-0.2,0.2,0.0,.007,-5.4,0.4,-5.0,-0.1
2024,440,santogu01,21,GSW,PF,23,0,192,15.6,.656,.491,.309,9.7,17.7,13.8,9.6,1.0,0.9,10.1,15.2,0.5,0.2,0.7,.169,0.0,-0.5,-0.5,0.1
2024,441,taylote01,24,CHI,PF,31,0,188,10.1,.558,.231,.128,9.9,12.1,11.0,7.0,1.3,1.1,14.5,11.3,0.1,0.1,0.3,.070,-3.1,-0.1,-3.2,0.0
2024,442,pottemi01,25,UTA,PF,16,0,186,11.0,.609,.525,.200,6.0,19.4,12.7,4.2,1.0,2.9,10.3,10.9,0.2,0.1,0.3,.075,-1.4,-0.9,-2.3,0.0
2024,443,leesa01,24,PHO,PG,24,0,185,13.5,.492,.291,.709,5.8,12.8,9.5,21.0,1.8,1.4,10.0,18.8,0.2,0.2,0.4,.099,-2.0,0.6,-1.4,0.0
2024,444,porteot01,30,TOR,SF,15,1,174,8.7,.568,.697,.091,3.7,14.8,9.2,5.8,1.4,2.5,5.5,8.9,0.1,0.1,0.3,.070,-3.5,0.3,-3.2,-0.1
2024,445,griffaj01,20,ATL,SF,20,0,171,1.2,.382,.629,.032,1.2,10.6,5.7,3.7,0.3,1.1,11.3,17.3,-0.4,0.0,-0.4,-0.120,-6.0,-3.5,-9.6,-0.3
2024,446,harrijo01,32,DET,SG,16,0,170,4.6,.489,.769,.051,1.9,6.7,4.3,7.7,0.8,1.0,9.1,11.0,0.0,0.0,0.0,.001,-4.7,-1.1,-5.9,-0.2
2024,447,queentr01,26,ORL,SG,14,0,165,8.3,.462,.447,.316,2.1,12.2,7.1,14.5,2.1,2.8,13.9,13.3,-0.1,0.3,0.2,.056,-4.7,1.4,-3.4,-0.1
2024,448,simpsza01,26,MEM,PG,7,0,161,6.3,.377,.315,.074,2.6,11.3,6.8,22.5,2.1,1.7,15.2,17.5,-0.3,0.2,-0.2,-0.046,-6.2,0.3,-5.9,-0.2
2024,449,antetth01,31,MIL,PF,34,0,155,5.5,.518,.033,.067,5.1,4.2,4.6,13.9,2.2,2.2,31.2,12.5,-0.2,0.1,0.0,-0.010,-6.7,0.3,-6.4,-0.2
2024,450,vukcetr01,20,WAS,C,10,4,153,13.9,.554,.537,.328,4.1,21.5,12.6,12.1,1.5,3.7,11.5,23.9,0.0,0.1,0.1,.045,-3.5,-0.1,-3.6,-0.1
2024,451,bazleda01,23,2TM,PF,9,0,152,13.9,.680,.267,.400,5.8,14.4,10.1,6.0,1.9,4.1,18.5,11.9,0.2,0.1,0.3,.084,-0.9,0.5,-0.4,0.1
2024,451,bazleda01,23,PHI,PF,3,0,10,-1.6,.000,.000,.000,0.0,11.2,5.5,23.2,0.0,0.0,50.0,8.6,0.0,0.0,0.0,-0.142,-7.7,-0.7,-8.4,0.0
2024,451,bazleda01,23,UTA,PF,6,0,142,14.9,.700,.276,.414,6.3,14.6,10.5,4.7,2.0,4.4,17.0,12.2,0.2,0.1,0.3,.100,-0.4,0.6,0.2,0.1
2024,452,jarrede01,26,MEM,SG,9,0,150,9.6,.392,.260,.220,5.6,27.3,16.0,25.4,2.0,1.2,14.1,18.3,-0.2,0.2,0.0,.002,-4.6,0.7,-4.0,-0.1
2024,453,bernaju01,24,WAS,SG,19,0,149,12.7,.544,.453,.141,7.0,11.8,9.3,15.4,0.9,0.5,10.5,21.5,0.0,0.0,0.1,.026,-0.6,-2.5,-3.0,0.0
2024,454,dowtije01,26,PHI,PG,12,0,142,18.2,.689,.528,.111,2.3,13.5,7.8,26.4,2.4,0.6,11.7,13.0,0.4,0.2,0.6,.193,2.0,1.3,3.3,0.2
2024,455,cissosi01,19,SAS,SF,12,0,141,12.0,.568,.364,.455,6.1,10.8,8.4,9.4,2.4,1.8,7.0,12.7,0.2,0.1,0.3,.110,-4.0,1.4,-2.7,0.0
2024,456,clarkbr01,27,MEM,PF,6,1,134,18.9,.548,.102,.119,10.2,16.2,13.1,12.2,1.8,4.2,4.6,20.8,0.1,0.2,0.3,.108,0.7,0.3,1.0,0.1
2024,457,batesem01,20,CLE,SF,15,0,133,2.6,.404,.673,.082,0.9,10.9,5.9,10.0,0.4,1.4,13.6,19.5,-0.4,0.1,-0.3,-0.092,-6.2,-3.0,-9.2,-0.2
2024,458,smithdr01,26,MIA,SG,9,0,131,12.8,.576,.515,.061,5.1,7.0,6.1,15.0,3.4,2.2,12.9,13.2,0.1,0.2,0.3,.125,-1.8,3.2,1.4,0.1
2024,459,willije02,24,HOU,SG,22,0,129,15.6,.565,.100,.260,9.9,9.2,9.6,8.3,1.5,0.7,6.7,19.7,0.2,0.1,0.3,.110,-0.8,-0.8,-1.6,0.0
2024,460,warretj01,30,MIN,SF,11,0,125,9.2,.479,.317,.098,4.8,14.8,10.0,10.1,1.6,0.7,8.6,16.5,0.0,0.2,0.2,.060,-5.0,0.5,-4.5,-0.1
2024,461,allenti01,24,MEM,SF,5,0,125,0.8,.272,.304,.087,3.4,11.8,7.4,5.4,1.6,0.0,7.7,8.9,-0.2,0.1,-0.1,-0.041,-10.3,-0.7,-11.1,-0.3
2024,462,pickeja02,24,DEN,SG,27,0,122,9.7,.571,.714,.114,0.9,11.5,6.4,21.7,1.6,0.0,19.7,16.4,0.0,0.1,0.2,.065,-2.7,-0.5,-3.3,0.0
2024,463,garzalu01,25,MIN,C,25,0,122,21.8,.576,.427,.333,18.6,10.7,14.4,5.9,1.6,0.7,6.5,33.3,0.2,0.2,0.4,.166,0.6,-2.7,-2.1,0.0
2024,464,pereima01,23,MEM,SF,7,1,122,15.7,.609,.371,.286,9.5,24.3,16.6,2.5,2.4,3.1,11.3,15.6,0.1,0.2,0.3,.123,-1.2,0.7,-0.5,0.0
2024,465,ramseja01,22,TOR,SG,7,1,121,10.6,.538,.537,.146,3.6,16.7,10.0,9.1,2.8,0.0,13.8,17.9,-0.1,0.1,0.1,.021,-3.9,-0.5,-4.4,-0.1
2024,466,boldema01,25,2TM,C,11,2,121,16.0,.691,.040,.160,9.0,22.8,15.8,4.8,1.2,5.4,10.1,10.9,0.2,0.1,0.3,.134,-2.1,-0.5,-2.7,0.0
2024,466,boldema01,25,MIL,C,2,0,3,3.0,,,,0.0,71.5,36.5,0.0,0.0,0.0,,0.0,0.0,0.0,0.0,.102,-7.8,2.3,-5.5,0.0
2024,466,boldema01,25,CHO,C,9,2,118,16.4,.691,.040,.160,9.2,21.6,15.2,4.9,1.3,5.5,10.1,11.1,0.2,0.1,0.3,.135,-2.0,-0.6,-2.6,0.0
2024,467,gueyemo01,25,TOR,PF,11,0,120,4.6,.310,.079,.237,10.8,10.3,10.5,5.3,1.2,13.2,22.2,19.2,-0.5,0.2,-0.4,-0.147,-11.0,-0.9,-11.9,-0.3
2024,468,moonxa01,29,LAC,SG,14,1,119,8.1,.352,.370,.043,7.9,9.2,8.5,23.4,1.2,2.3,9.6,19.1,-0.2,0.1,-0.1,-0.026,-4.7,-1.4,-6.1,-0.1
2024,469,williro04,26,POR,C,6,0,119,17.2,.684,.000,.346,9.8,27.0,17.9,6.3,2.9,5.3,18.9,13.2,0.2,0.2,0.4,.144,-2.2,2.9,0.7,0.1
2024,470,willibr03,24,DAL,PG,17,0,113,9.3,.439,.278,.315,3.9,8.7,6.3,20.9,0.4,0.8,10.2,26.0,-0.2,0.1,-0.1,-0.044,-2.7,-2.8,-5.5,-0.1
2024,471,azubuud01,24,PHO,C,16,0,113,12.3,.609,.000,.565,11.6,20.0,16.0,3.6,0.4,4.7,12.2,12.6,0.1,0.1,0.2,.100,-3.0,-0.1,-3.2,0.0
2024,472,hurtma01,23,MEM,PF,8,0,113,8.4,.453,.588,.088,8.4,7.1,7.7,5.1,1.3,2.5,5.4,14.2,0.0,0.1,0.1,.031,-3.0,-0.7,-3.7,-0.1
2024,473,hoodsja01,20,LAL,SG,21,0,109,-1.5,.316,.333,.444,2.1,10.7,6.6,9.1,1.3,1.6,14.3,24.9,-0.6,0.1,-0.5,-0.222,-12.4,-3.7,-16.1,-0.4
2024,474,windldy01,27,3TM,SF,17,0,108,14.2,.717,.900,.000,2.9,13.4,8.1,12.3,0.9,0.0,6.3,12.5,0.3,0.0,0.3,.140,1.7,-1.0,0.7,0.1
2024,474,windldy01,27,NYK,SF,3,0,7,15.5,.750,1.000,.000,0.0,16.1,8.0,20.0,0.0,0.0,0.0,12.3,0.0,0.0,0.0,.238,3.7,3.8,7.4,0.0
2024,474,windldy01,27,LAL,SF,8,0,28,15.9,.667,.889,.000,0.0,11.3,6.0,28.2,0.0,0.0,0.0,13.9,0.1,0.0,0.1,.194,3.8,-0.6,3.2,0.0
2024,474,windldy01,27,ATL,SF,6,0,73,13.4,.737,.895,.000,4.3,14.0,9.0,5.5,1.3,0.0,9.5,12.0,0.1,0.0,0.2,.110,0.6,-1.6,-0.9,0.0
2024,475,willima11,25,TOR,C,7,2,107,4.9,.272,.147,.059,15.1,24.1,19.5,2.4,1.4,3.3,7.9,15.1,-0.3,0.1,-0.2,-0.069,-7.8,-3.7,-11.5,-0.3
2024,476,brookar01,25,BRK,PG,10,0,104,8.3,.448,.696,.043,7.2,11.9,9.5,6.9,0.5,0.9,6.0,20.8,-0.1,0.1,0.0,-0.018,-2.2,-3.7,-5.8,-0.1
2024,477,lewisma05,21,LAL,SF,34,0,103,-3.9,.246,.429,.143,2.3,2.1,2.2,6.8,0.9,0.8,30.9,13.6,-0.5,0.0,-0.4,-0.195,-10.3,-3.2,-13.5,-0.3
2024,478,gilesha01,25,2TM,C,23,0,100,14.8,.503,.280,.260,12.8,20.0,16.4,10.5,1.0,2.7,9.7,26.7,0.0,0.1,0.1,.027,-2.7,-2.0,-4.8,-0.1
2024,478,gilesha01,25,BRK,C,16,0,81,18.5,.543,.250,.295,15.7,19.5,17.6,13.0,0.6,3.3,10.8,29.8,0.0,0.1,0.1,.071,-1.1,-1.8,-2.8,0.0
2024,478,gilesha01,25,LAL,C,7,0,19,-1.0,.167,.500,.000,0.0,22.3,11.7,0.0,2.5,0.0,0.0,13.6,-0.1,0.0,-0.1,-0.162,-9.7,-3.2,-12.9,-0.1
2024,479,sarrol01,24,OKC,C,15,0,98,14.8,.664,.316,.789,11.8,28.5,20.5,2.5,0.0,6.6,10.5,12.7,0.2,0.2,0.4,.186,-2.6,-0.1,-2.6,0.0
2024,480,bouyeja01,24,2TM,PG,9,0,95,1.5,.375,.321,.000,3.4,19.2,11.0,15.9,0.5,0.0,24.3,16.5,-0.3,0.1,-0.3,-0.129,-10.2,-2.0,-12.3,-0.2
2024,480,bouyeja01,24,POR,PG,6,0,57,-4.8,.238,.381,.000,3.7,16.7,9.8,19.4,0.0,0.0,27.6,21.6,-0.4,0.0,-0.4,-0.299,-13.0,-4.8,-17.8,-0.2
2024,480,bouyeja01,24,SAS,PG,3,0,38,11.1,.786,.143,.000,2.8,23.0,12.8,10.7,1.2,0.0,12.5,8.9,0.1,0.0,0.1,.126,-6.1,2.2,-3.9,0.0
2024,481,minotjo01,21,MIN,SF,32,0,91,20.4,.593,.278,.389,5.2,15.5,10.6,13.2,2.7,4.9,4.5,21.4,0.2,0.2,0.4,.222,1.8,3.3,5.1,0.2
2024,482,livinch01,20,MIL,SF,21,0,90,6.9,.547,.227,.182,3.7,21.5,12.8,7.2,1.1,0.0,17.4,13.8,0.0,0.1,0.1,.027,-7.0,-1.0,-8.0,-0.1
2024,483,swideco01,24,MIA,SF,18,0,87,7.1,.540,.789,.053,1.3,7.9,4.6,8.8,0.6,1.1,17.1,24.0,-0.2,0.1,-0.1,-0.050,-2.1,-2.4,-4.5,-0.1
2024,484,schofad01,26,ORL,PF,23,0,84,6.0,.484,.615,.077,4.2,19.7,11.9,11.6,0.6,0.0,15.7,16.6,-0.1,0.1,0.0,.006,-4.1,-0.8,-4.9,-0.1
2024,485,smithte01,21,PHI,PG,16,0,84,14.8,.539,.761,.109,0.0,5.4,2.6,22.1,4.7,0.0,12.7,28.4,0.0,0.1,0.1,.050,0.3,0.5,0.8,0.1
2024,486,boehebu01,24,DET,SF,10,0,84,9.1,.509,.862,.345,3.9,9.5,6.6,4.8,0.0,1.0,0.0,17.0,0.1,0.0,0.1,.047,-0.7,-2.8,-3.5,0.0
2024,487,walshjo01,19,BOS,SF,9,1,83,8.4,.472,.600,.133,6.8,18.7,13.0,7.2,3.0,1.1,15.9,9.9,0.0,0.2,0.2,.089,-5.6,1.8,-3.8,0.0
2024,488,robinje01,26,GSW,SG,22,0,81,5.7,.410,.515,.333,1.4,6.6,4.0,8.0,0.6,3.3,5.0,20.7,-0.1,0.1,-0.1,-0.040,-6.1,-2.2,-8.3,-0.1
2024,489,bouknja01,23,CHO,SG,14,0,81,15.9,.597,.732,.049,1.3,11.4,6.2,12.2,0.6,1.2,4.6,23.9,0.1,0.0,0.1,.062,4.4,-2.2,2.2,0.1
2024,490,gabriwe01,26,MEM,PF,5,0,81,2.3,.351,.273,.227,9.1,25.3,16.9,5.3,1.2,2.3,24.8,17.0,-0.3,0.1,-0.2,-0.123,-10.6,-1.9,-12.5,-0.2
2024,491,rolliry01,21,2TM,PG,13,0,78,22.0,.638,.148,.630,2.7,15.4,8.9,25.0,6.0,3.1,18.8,23.0,0.1,0.1,0.3,.155,0.6,5.1,5.7,0.2
2024,491,rolliry01,21,WAS,PG,10,0,66,22.7,.631,.120,.680,3.2,14.9,8.9,24.0,5.7,3.7,17.7,25.2,0.1,0.1,0.2,.147,0.6,4.5,5.0,0.1
2024,491,rolliry01,21,MIL,PG,3,0,12,18.5,.750,.500,.000,0.0,17.9,9.1,30.9,8.0,0.0,33.3,10.8,0.0,0.0,0.0,.199,0.6,8.5,9.2,0.0
2024,492,hamptrj01,22,MIA,PG,8,2,76,0.9,.336,.571,.143,3.0,6.0,4.5,13.6,0.0,0.0,16.8,10.5,-0.1,0.0,-0.1,-0.038,-8.1,-1.4,-9.5,-0.1
2024,493,moorewe01,22,MIN,SG,25,0,75,8.6,.500,.333,.000,0.0,17.4,9.1,10.9,3.3,1.2,18.2,13.0,-0.1,0.2,0.1,.052,-6.1,3.3,-2.8,0.0
2024,494,hintona01,24,HOU,SG,15,0,75,17.6,.585,.538,.192,9.9,21.7,15.7,18.6,1.9,2.5,9.6,17.7,0.2,0.1,0.3,.187,1.9,1.7,3.6,0.1
2024,495,gueyemo02,21,ATL,PF,6,0,73,15.0,.468,.391,.261,14.4,18.6,16.4,7.0,3.3,4.9,3.8,15.2,0.1,0.1,0.2,.127,-2.1,0.6,-1.5,0.0
2024,496,mobleis01,24,CLE,PF,10,0,72,8.1,.471,.417,.042,4.7,10.8,7.8,11.5,1.4,0.0,7.6,16.2,0.0,0.1,0.0,.032,-4.5,-2.1,-6.6,-0.1
2024,497,marjabo01,35,HOU,C,14,0,71,21.1,.560,.059,.412,10.5,38.2,24.2,13.9,0.7,2.6,11.1,27.0,0.1,0.1,0.2,.128,0.2,-0.5,-0.3,0.0
2024,498,prestja01,24,UTA,PG,7,0,71,10.5,.316,.158,.000,9.4,16.9,13.2,28.7,1.4,1.3,9.5,12.4,0.0,0.0,0.0,.026,-2.5,-0.1,-2.6,0.0
2024,499,howarje01,20,ORL,SF,18,0,67,8.6,.457,.833,.133,1.7,10.6,6.1,13.0,1.5,2.8,8.6,22.7,-0.1,0.1,0.0,.005,-1.4,-0.3,-1.8,0.0
2024,500,simmoko01,26,TOR,PG,4,0,67,14.5,.476,.381,.000,1.6,10.1,5.7,24.2,4.3,2.6,4.5,14.0,0.1,0.1,0.1,.098,-2.6,1.6,-1.0,0.0
2024,501,johnske08,23,OKC,SF,9,0,66,1.6,.344,.188,.000,7.0,9.8,8.4,7.2,0.7,0.0,20.0,13.1,-0.1,0.1,-0.1,-0.068,-7.5,-2.2,-9.8,-0.1
2024,502,sanogad01,21,CHI,PF,9,0,66,21.9,.558,.000,.444,31.6,29.4,30.5,0.0,0.8,0.0,13.4,24.8,0.1,0.1,0.2,.133,-0.4,-6.3,-6.7,-0.1
2024,503,lopezro01,35,MIL,C,16,2,65,6.6,.453,.421,.105,5.2,3.3,4.2,7.8,0.7,3.9,9.1,14.5,0.0,0.0,0.0,.007,-4.7,-1.4,-6.1,-0.1
2024,504,baileam01,19,CHO,PG,10,0,65,9.7,.425,.333,.292,10.1,5.3,7.8,15.2,2.3,0.0,12.9,21.1,-0.1,0.0,-0.1,-0.044,-5.2,-3.1,-8.3,-0.1
2024,505,diabamo01,22,LAC,C,11,0,64,24.7,.576,.000,.737,27.4,15.4,21.2,8.6,3.9,1.4,7.4,18.6,0.2,0.1,0.3,.250,4.0,-0.5,3.5,0.1
2024,506,whiteja03,26,MEM,SF,4,0,64,1.1,.188,.625,.000,6.6,14.2,10.3,2.0,3.1,1.5,11.1,12.1,-0.2,0.1,-0.1,-0.100,-9.1,-1.2,-10.3,-0.1
2024,507,brownke03,20,IND,SG,15,0,63,7.6,.567,.133,.533,5.4,3.6,4.5,9.3,0.0,0.0,9.7,13.7,0.1,0.0,0.1,.045,-4.2,-2.6,-6.8,-0.1
2024,508,wainris01,29,2TM,SF,11,0,62,8.9,.462,.833,.083,5.8,20.8,12.7,2.0,3.2,1.5,7.4,18.5,0.0,0.1,0.0,.029,-2.9,0.5,-2.4,0.0
2024,508,wainris01,29,POR,SF,7,0,46,10.2,.530,.889,.111,0.0,23.3,11.0,0.0,2.1,2.0,5.0,18.4,0.0,0.1,0.1,.054,-1.2,0.6,-0.6,0.0
2024,508,wainris01,29,PHO,SF,4,0,16,5.2,.250,.667,.000,22.3,13.4,17.7,7.6,6.1,0.0,14.3,19.0,0.0,0.0,0.0,-0.042,-7.8,0.3,-7.5,0.0
2024,509,johnske07,21,BRK,SG,5,0,61,13.1,.590,.476,.571,5.2,7.4,6.3,6.9,2.4,1.5,16.0,22.2,0.0,0.1,0.1,.068,-1.6,-1.1,-2.7,0.0
2024,510,keybr01,26,DEN,SF,20,0,60,16.5,.536,.294,.471,5.7,26.9,16.6,18.8,1.7,1.4,4.6,15.7,0.1,0.1,0.2,.180,0.5,1.6,2.1,0.1
2024,511,samueje01,25,HOU,SF,14,0,60,15.1,.672,.143,.143,5.3,18.1,11.6,7.0,0.8,3.1,0.0,10.5,0.1,0.1,0.2,.178,-0.3,1.1,0.8,0.0
2024,512,castlco01,23,LAL,C,16,0,59,13.0,.644,.000,.375,11.9,10.8,11.3,6.8,1.6,0.0,13.9,15.8,0.1,0.0,0.2,.128,-3.9,-1.4,-5.2,0.0
2024,513,washity02,22,MIL,PG,11,0,56,4.6,.350,.300,.000,2.0,7.7,4.9,11.4,2.6,0.0,9.1,17.0,-0.1,0.1,-0.1,-0.072,-7.1,-1.0,-8.2,-0.1
2024,514,seabrde01,23,NOP,SG,6,0,55,9.2,.448,.154,.462,2.0,12.0,7.1,11.2,1.8,1.8,0.0,12.4,0.0,0.1,0.1,.087,-2.7,1.2,-1.5,0.0
2024,515,toscaju01,30,SAC,SF,11,0,53,2.5,.292,.333,.000,8.3,21.6,14.8,9.0,0.9,1.7,14.3,11.3,-0.1,0.1,0.0,-0.024,-8.7,-0.6,-9.4,-0.1
2024,516,millele01,20,MIN,SF,17,0,52,27.0,.694,.250,.100,11.5,31.3,21.8,25.5,1.9,1.7,4.6,18.6,0.2,0.1,0.3,.323,5.9,3.7,9.6,0.2
2024,517,lundyse01,23,ATL,SF,9,0,52,0.0,.373,.765,.235,2.0,13.1,7.3,0.0,0.0,0.0,5.1,15.8,-0.1,0.0,-0.1,-0.092,-7.7,-5.0,-12.7,-0.1
2024,518,dukeda01,24,SAS,SG,4,0,51,16.2,.673,.333,.167,4.2,17.1,10.6,14.6,1.9,0.0,13.4,18.5,0.1,0.0,0.1,.119,-0.1,1.4,1.4,0.0
2024,519,nixda01,21,MIN,PG,15,0,50,12.3,.507,.708,.250,2.4,4.3,3.4,17.8,4.9,0.0,15.8,28.0,-0.1,0.1,0.0,.014,-2.8,1.4,-1.4,0.0
2024,520,huffja01,25,DEN,C,20,0,49,18.5,.724,.600,.133,4.7,19.8,12.4,5.6,2.0,5.2,5.9,15.0,0.1,0.1,0.2,.212,-0.3,1.6,1.3,0.0
2024,521,tysonhu01,23,DEN,PF,18,0,48,6.0,.500,.700,.000,2.4,18.0,10.4,5.6,1.0,0.0,9.1,20.0,0.0,0.1,0.0,.007,-6.8,-2.1,-8.9,-0.1
2024,522,johnsja01,36,IND,PF,9,0,47,5.0,.368,.200,.200,2.4,7.2,4.8,18.6,5.0,1.7,31.5,14.2,-0.1,0.1,0.0,-0.050,-8.0,2.2,-5.8,0.0
2024,523,jeffrda01,26,NYK,SG,17,0,46,3.1,.391,.588,.118,0.0,12.2,6.1,14.9,0.0,2.0,14.4,19.6,-0.1,0.0,-0.1,-0.087,-5.6,-2.5,-8.1,-0.1
2024,524,arcidry01,29,NYK,PG,20,0,45,-2.0,.000,1.000,.000,0.0,20.0,10.0,10.4,2.2,0.0,25.0,7.7,-0.1,0.1,-0.1,-0.089,-11.5,1.9,-9.6,-0.1
2024,525,ntilila01,25,CHO,PG,5,0,43,0.0,.253,.889,.222,2.5,13.5,7.8,11.5,0.0,0.0,9.2,11.2,-0.1,0.0,-0.1,-0.099,-10.0,-3.4,-13.4,-0.1
2024,526,tshieos01,24,IND,PF,8,0,42,24.8,.553,.000,.400,21.6,21.6,21.6,6.4,2.2,1.9,0.0,23.5,0.1,0.0,0.2,.221,4.5,-2.3,2.2,0.0
2024,527,hodgedm01,25,LAL,SG,7,0,41,6.1,.441,.800,.133,0.0,0.0,0.0,15.6,1.2,2.1,5.9,17.8,0.0,0.0,0.0,-0.019,-3.7,-2.6,-6.3,0.0
2024,528,browngr01,22,DAL,PF,6,0,40,10.5,.501,.273,.818,8.2,16.3,12.3,13.0,0.0,8.8,21.1,20.3,0.0,0.0,0.0,.000,-5.0,0.6,-4.4,0.0
2024,529,mooreta02,25,POR,SG,4,0,40,11.8,.453,.368,.105,10.6,11.9,11.2,20.4,2.5,0.0,13.1,24.3,0.0,0.0,0.0,-0.017,-2.5,-0.6,-3.1,0.0
2024,530,fudgeal01,20,2TM,SF,6,0,40,9.8,.472,.333,.133,11.3,2.7,6.9,0.0,3.6,0.0,11.2,19.2,0.0,0.0,0.0,-0.007,-3.7,-1.5,-5.2,0.0
2024,530,fudgeal01,20,LAL,SF,4,0,14,-1.9,.291,.333,.333,16.7,0.0,7.9,0.0,0.0,0.0,12.7,24.3,-0.1,0.0,-0.1,-0.222,-9.9,-8.3,-18.1,-0.1
2024,530,fudgeal01,20,DAL,SF,2,0,26,16.2,.611,.333,.000,8.4,4.2,6.3,0.0,5.5,0.0,10.0,16.5,0.0,0.0,0.1,.108,-0.4,2.1,1.7,0.0
2024,531,davisjd01,21,BOS,SG,8,0,39,18.8,.581,.583,.333,5.8,21.2,13.8,32.9,1.3,2.3,12.7,17.6,0.1,0.1,0.2,.228,1.8,1.4,3.3,0.1
2024,532,grayra01,24,SAS,PF,3,0,39,22.7,.676,.412,.000,5.5,14.0,9.7,25.2,1.2,2.1,5.6,19.5,0.1,0.0,0.2,.187,5.6,1.8,7.4,0.1
2024,533,toppija01,23,NYK,SF,9,0,38,14.3,.658,.444,.222,8.8,11.9,10.3,10.9,0.0,2.5,9.2,12.4,0.1,0.0,0.1,.161,0.6,-1.3,-0.7,0.0
2024,534,slawsja01,24,SAC,SF,12,0,37,6.6,.667,.333,.000,3.0,18.6,10.6,6.9,1.3,2.5,25.0,9.2,0.0,0.0,0.0,.058,-7.5,1.1,-6.4,0.0
2024,535,brownch02,26,NYK,SG,8,0,37,-3.2,.300,.700,.000,3.0,3.0,3.0,0.0,0.0,5.1,16.7,14.0,-0.1,0.0,-0.1,-0.124,-10.2,-3.4,-13.6,-0.1
2024,536,cartodj01,23,TOR,SG,4,0,36,9.6,.539,.500,.625,6.0,6.2,6.1,10.5,1.3,0.0,8.9,13.3,0.0,0.0,0.0,.062,-4.2,-1.1,-5.3,0.0
2024,537,dennide01,24,DAL,SG,4,0,30,18.3,.541,.421,.158,3.7,29.0,16.4,23.7,0.0,2.9,12.9,33.3,0.0,0.0,0.0,.004,1.7,-0.1,1.7,0.0
2024,538,drellhe01,23,CHI,SF,4,0,30,10.7,.506,.600,.200,3.7,11.4,7.5,18.3,3.3,3.4,15.5,18.8,0.0,0.0,0.0,.047,-5.1,0.2,-4.9,0.0
2024,539,millejo02,24,LAC,SF,8,0,28,14.1,.658,.222,.222,12.5,7.8,10.1,0.0,0.0,0.0,9.2,17.0,0.1,0.0,0.1,.116,0.4,-4.2,-3.8,0.0
2024,540,jonesma05,25,SAC,SG,5,0,28,5.8,.394,.875,.250,3.9,16.4,10.0,21.7,1.7,0.0,18.4,16.6,0.0,0.0,0.0,-0.018,-5.4,0.0,-5.5,0.0
2024,541,nancepe01,23,CLE,PF,8,0,27,-3.9,.218,.167,.333,0.0,12.3,6.2,0.0,1.8,0.0,12.7,12.9,-0.1,0.0,-0.1,-0.154,-11.9,-3.2,-15.2,-0.1
2024,542,spencpa01,27,GSW,PG,6,0,26,9.4,.500,.500,.000,8.4,8.2,8.3,23.3,0.0,0.0,20.0,8.1,0.0,0.0,0.0,.084,-3.4,-3.1,-6.4,0.0
2024,543,whiteda01,19,BRK,SF,2,0,24,4.9,.255,.600,.400,0.0,18.8,9.1,15.6,0.0,3.8,0.0,10.6,0.0,0.0,0.0,-0.030,-5.5,-2.4,-7.9,0.0
2024,544,diakima01,27,2TM,PF,6,0,24,18.6,.694,.167,1.000,4.5,13.8,9.1,13.5,2.1,3.5,10.4,17.0,0.1,0.0,0.1,.168,0.8,2.7,3.5,0.0
2024,544,diakima01,27,SAS,PF,3,0,16,30.4,.785,.000,1.200,6.7,13.6,10.1,20.3,0.0,5.2,0.0,20.2,0.1,0.0,0.1,.349,7.9,3.7,11.6,0.1
2024,544,diakima01,27,NYK,PF,3,0,8,-5.2,.000,1.000,.000,0.0,14.1,7.0,0.0,6.3,0.0,50.0,10.8,-0.1,0.0,0.0,-0.194,-13.5,0.7,-12.7,0.0
2024,545,liddeej01,23,NOP,PF,8,0,23,4.3,.291,.833,.333,0.0,23.9,12.1,5.2,4.3,8.6,22.5,16.8,-0.1,0.1,0.0,-0.091,-8.7,4.0,-4.7,0.0
2024,546,peterdr01,24,BOS,PF,3,0,23,18.5,.917,.833,.000,0.0,4.5,2.3,5.9,4.3,0.0,14.3,13.3,0.1,0.0,0.1,.194,3.8,1.6,5.3,0.0
2024,547,fordjo01,25,SAC,PG,6,0,22,16.8,.761,.429,.286,0.0,10.4,5.1,12.8,0.0,0.0,11.3,17.3,0.1,0.0,0.1,.157,3.3,-1.1,2.2,0.0
2024,548,thomais02,34,PHO,PG,6,0,19,6.7,.400,.400,.000,0.0,0.0,0.0,21.9,0.0,0.0,0.0,22.8,0.0,0.0,0.0,-0.030,-1.6,-5.2,-6.9,0.0
2024,549,garubus01,21,GSW,PF,6,0,18,7.0,.218,.167,.333,18.2,23.7,21.0,6.6,2.7,15.1,22.5,20.8,-0.1,0.0,0.0,-0.124,-10.8,-0.1,-10.9,0.0
2024,550,greenda02,36,PHI,SG,2,0,18,0.7,.000,.500,.000,0.0,12.5,6.1,6.5,2.7,0.0,0.0,4.8,0.0,0.0,0.0,-0.035,-7.4,0.8,-6.6,0.0
2024,551,willial06,24,MIA,SG,7,0,16,-7.9,.296,.500,.125,0.0,7.1,3.5,0.0,0.0,6.1,19.2,29.1,-0.1,0.0,-0.1,-0.357,-17.8,-5.4,-23.2,-0.1
2024,552,jeromty01,26,CLE,SG,2,0,15,7.6,.500,.250,.000,7.6,0.0,3.7,27.3,0.0,0.0,20.0,14.7,0.0,0.0,0.0,.040,-4.1,-0.8,-4.9,0.0
2024,553,wilsodj01,27,PHI,PF,2,0,15,31.6,.833,.333,.000,7.2,7.5,7.4,22.5,0.0,12.2,0.0,17.3,0.1,0.0,0.1,.355,15.5,7.0,22.4,0.1
2024,554,flaglad01,24,OKC,SG,2,0,14,0.6,.214,.857,.000,0.0,0.0,0.0,33.6,0.0,0.0,0.0,21.7,0.0,0.0,0.0,-0.159,-6.7,-3.9,-10.6,0.0
2024,555,funkan01,24,CHI,SG,5,0,13,-5.0,.000,.750,.000,0.0,0.0,0.0,0.0,3.8,7.9,0.0,13.5,-0.1,0.0,-0.1,-0.252,-12.4,-2.0,-14.4,0.0
2024,556,jacksqu01,25,IND,PG,3,0,11,16.1,.532,.000,2.000,0.0,41.2,20.6,18.6,4.3,0.0,0.0,7.2,0.0,0.0,0.0,.203,-3.5,6.8,3.3,0.0
2024,557,primojo01,21,LAC,SG,2,0,10,-12.8,.333,.333,.000,11.7,0.0,5.6,0.0,0.0,9.0,57.1,30.7,-0.1,0.0,-0.1,-0.585,-16.8,-8.2,-25.0,-0.1
2024,558,petrufi01,23,2TM,C,3,0,10,5.1,.521,.000,1.000,0.0,11.2,5.5,0.0,0.0,0.0,0.0,12.3,0.0,0.0,0.0,.029,-4.7,-3.3,-8.0,0.0
2024,558,petrufi01,23,PHI,C,1,0,3,4.0,,,,0.0,37.5,18.4,0.0,0.0,0.0,,0.0,0.0,0.0,0.0,.061,-3.0,-1.9,-4.9,0.0
2024,558,petrufi01,23,SAC,C,2,0,7,5.5,.521,.000,1.000,0.0,0.0,0.0,0.0,0.0,0.0,0.0,17.6,0.0,0.0,0.0,.015,-5.5,-3.9,-9.3,0.0
2024,559,wiggili01,25,MIL,PG,3,0,8,5.6,.510,.400,.400,0.0,0.0,0.0,0.0,0.0,0.0,14.5,37.1,0.0,0.0,0.0,-0.154,-14.6,-9.2,-23.9,0.0
2024,560,gateska01,27,NOP,SF,1,0,7,-19.9,.000,.500,.000,0.0,15.7,8.0,0.0,0.0,0.0,0.0,24.9,-0.1,0.0,-0.1,-0.558,-18.6,-10.1,-28.8,-0.1
2024,561,harrish01,30,MEM,SG,3,0,6,15.9,.500,.000,.000,0.0,38.0,18.2,0.0,0.0,15.6,0.0,14.3,0.0,0.0,0.0,.090,-0.7,5.2,4.6,0.0
2024,562,harrike01,26,ORL,SG,2,0,6,11.1,.667,.000,.000,0.0,39.5,19.6,33.0,0.0,0.0,25.0,29.1,0.0,0.0,0.0,.038,-15.5,-0.3,-15.8,0.0
2024,563,diallha01,25,WAS,SG,2,0,5,33.2,.500,.000,.000,41.8,0.0,21.4,28.9,18.7,0.0,33.3,25.3,0.0,0.0,0.0,.204,2.7,16.0,18.7,0.0
2024,564,harpero02,23,TOR,PF,1,0,4,0.0,,,,0.0,0.0,0.0,28.6,0.0,0.0,,0.0,0.0,0.0,0.0,.087,-11.7,2.8,-8.8,0.0
2024,565,nowelma01,24,TOR,SG,1,0,4,55.5,.532,.000,2.000,53.9,0.0,27.5,57.1,12.1,0.0,0.0,20.1,0.0,0.0,0.1,.665,29.1,14.2,43.3,0.0
2024,566,wongis01,23,IND,SG,1,0,4,-1.1,.333,.333,.000,0.0,0.0,0.0,0.0,0.0,0.0,0.0,31.4,0.0,0.0,0.0,-0.277,-11.3,-7.7,-19.0,0.0
2024,567,brockiz01,24,NOP,PG,1,0,3,26.6,.400,.200,.000,37.6,36.7,37.1,0.0,0.0,0.0,0.0,72.5,0.0,0.0,0.0,-0.177,-9.2,-8.5,-17.8,0.0
2024,568,cazalma01,22,DET,SG,1,0,3,0.0,,,,0.0,0.0,0.0,0.0,0.0,0.0,,0.0,0.0,0.0,0.0,-0.012,-6.0,-3.2,-9.1,0.0
2024,569,crutcja01,24,NOP,PG,1,0,3,-12.6,.000,.000,.000,0.0,0.0,0.0,0.0,0.0,0.0,0.0,14.5,0.0,0.0,0.0,-0.334,-18.5,-7.8,-26.2,0.0
2024,570,skapidm01,25,NYK,C,2,0,2,-19.3,.000,.000,.000,0.0,0.0,0.0,0.0,0.0,0.0,0.0,21.6,0.0,0.0,0.0,-0.483,-16.0,-9.8,-25.9,0.0
2024,571,jacksju01,28,MIN,SF,2,0,1,0.0,,,,0.0,0.0,0.0,0.0,0.0,0.0,,0.0,0.0,0.0,0.0,.031,-6.3,-1.2,-7.5,0.0
2024,572,smartja01,24,PHI,PG,1,0,1,0.0,,,,0.0,0.0,0.0,0.0,0.0,0.0,,0.0,0.0,0.0,0.0,.005,-6.2,-2.1,-8.3,0.0
2024,,,,,,,,,,.580,.395,.244,4.8,15.2,10.0,16.2,1.5,1.9,11.6,19.9,,,,,,,,
2025,1,bridgmi01,28,NYK,SF,82,82,3036,14.0,.585,.391,.100,2.7,7.0,4.9,14.4,1.2,1.3,9.7,19.6,3.7,2.0,5.7,.090,0.4,-0.9,-0.5,1.2
2025,2,hartjo01,29,NYK,SG,77,77,2897,16.5,.611,.327,.266,6.4,22.6,14.6,20.7,2.0,0.9,15.5,15.3,5.4,3.8,9.2,.153,1.1,1.8,2.8,3.6
2025,3,edwaran01,23,MIN,SG,79,79,2871,20.1,.595,.503,.308,2.4,14.8,8.7,20.9,1.6,1.7,12.0,31.4,4.6,3.8,8.4,.140,4.4,0.0,4.3,4.6
2025,4,bookede01,28,PHO,SG,75,75,2795,19.3,.589,.388,.340,3.1,8.9,6.1,30.6,1.2,0.5,11.9,29.3,6.1,0.3,6.4,.111,2.8,-2.4,0.4,1.7
2025,5,hardeja01,35,LAC,PG,79,79,2789,20.0,.582,.516,.446,2.3,16.1,9.3,36.8,2.1,2.0,18.0,29.6,4.0,4.3,8.3,.143,3.5,0.8,4.3,4.4
2025,6,derozde01,35,SAC,SF,77,77,2768,17.7,.569,.196,.337,2.0,10.1,6.0,18.7,1.1,1.1,6.5,25.0,5.7,1.4,7.1,.123,1.2,-1.2,-0.1,1.3
2025,7,youngtr01,26,ATL,PG,76,76,2739,18.3,.567,.467,.408,1.4,8.2,4.7,46.4,1.6,0.4,17.9,29.6,4.4,1.3,5.7,.100,3.3,-2.7,0.5,1.7
2025,8,herroty01,25,MIA,SG,77,77,2725,19.7,.605,.486,.237,1.4,14.6,8.1,26.2,1.3,0.6,11.5,28.0,4.7,2.7,7.4,.131,3.8,-0.7,3.1,3.5
2025,9,anunoog01,27,NYK,PF,74,74,2706,15.4,.591,.448,.220,4.2,11.0,7.6,8.5,2.0,2.2,8.3,19.7,3.7,2.8,6.5,.116,0.7,0.1,0.7,1.9
2025,10,greenja05,22,HOU,SG,82,82,2697,15.1,.544,.460,.234,1.7,13.4,7.4,16.0,1.3,0.9,11.4,27.3,1.9,3.2,5.1,.092,1.1,-0.5,0.5,1.7
2025,11,braunch01,23,DEN,SG,79,77,2675,16.0,.665,.273,.261,4.2,12.2,8.4,10.1,1.5,1.2,8.1,15.8,6.2,1.9,8.0,.144,0.8,-0.5,0.3,1.6
2025,12,adebaba01,27,MIA,C,78,78,2674,18.9,.561,.199,.295,7.7,23.1,15.5,20.0,1.8,1.9,11.4,23.5,3.5,4.0,7.5,.135,1.0,1.0,2.0,2.7
2025,13,zubaciv01,27,LAC,C,80,80,2624,22.3,.641,.000,.251,13.1,30.2,21.8,12.8,1.0,3.4,10.8,19.5,7.0,4.7,11.7,.215,2.3,0.8,3.1,3.4
2025,14,tatumja01,26,BOS,PF,72,72,2624,21.7,.582,.497,.300,2.0,23.7,12.9,27.0,1.5,1.3,11.2,31.2,5.3,4.2,9.5,.174,4.4,0.8,5.2,4.8
2025,15,mcdanja02,24,MIN,PF,82,82,2614,13.3,.562,.363,.153,5.6,14.2,10.0,9.0,2.1,2.6,9.6,16.3,2.3,3.9,6.3,.115,-1.4,1.4,0.0,1.4
2025,16,murrake02,24,SAC,PF,76,76,2610,12.0,.553,.548,.088,6.3,15.5,10.9,5.6,1.1,2.6,6.6,15.0,2.4,2.1,4.4,.082,-0.8,-0.8,-1.6,0.2
2025,17,lavinza01,29,2TM,SG,74,74,2602,17.3,.639,.438,.233,0.9,12.0,6.5,18.3,1.1,0.4,13.4,25.3,3.7,1.4,5.1,.094,2.3,-1.6,0.7,1.8
2025,17,lavinza01,29,CHI,SF,42,42,1432,18.4,.637,.430,.256,0.9,13.7,7.4,20.5,1.3,0.6,13.3,26.6,2.0,1.0,3.0,.101,2.7,-1.0,1.6,1.3
2025,17,lavinza01,29,SAC,SG,32,32,1170,15.9,.642,.450,.201,1.0,9.9,5.4,15.6,0.8,0.2,13.5,23.7,1.7,0.4,2.1,.086,1.8,-2.3,-0.4,0.5
2025,18,gilgesh01,26,OKC,PG,76,76,2598,30.7,.637,.263,.404,2.8,12.6,7.8,31.3,2.4,3.0,8.6,34.8,11.9,4.8,16.7,.309,8.9,2.6,11.5,8.9
2025,19,portemi01,26,DEN,SF,77,77,2593,16.2,.617,.467,.185,6.1,16.2,11.4,8.7,0.9,1.3,8.4,20.2,4.6,1.8,6.4,.118,1.6,-1.7,-0.1,1.2
2025,20,whitede01,30,BOS,SG,76,76,2574,16.6,.606,.721,.168,2.8,11.5,7.2,20.2,1.4,2.9,11.3,19.8,5.1,3.4,8.5,.158,2.7,0.8,3.5,3.6
2025,21,daniedy01,21,ATL,SG,76,76,2571,15.6,.545,.255,.152,5.1,14.2,9.6,17.9,4.2,2.0,13.6,18.2,1.3,3.7,5.0,.093,-1.1,2.6,1.5,2.3
2025,22,jokicni01,29,DEN,C,70,70,2571,32.0,.663,.243,.331,9.0,28.2,19.1,44.1,2.4,1.6,12.8,29.5,12.7,3.8,16.4,.307,9.9,3.3,13.3,9.8
2025,23,reaveau01,26,LAL,SG,73,73,2550,18.1,.616,.512,.353,2.8,11.5,7.3,24.9,1.6,0.8,12.9,23.7,5.6,2.1,7.6,.144,2.4,-0.5,1.9,2.6
2025,24,camarto01,24,POR,PF,78,78,2548,12.5,.572,.503,.176,7.2,12.1,9.6,9.6,2.2,1.8,12.4,14.4,2.5,2.6,5.2,.097,-0.9,0.8,-0.1,1.2
2025,25,siakapa01,30,IND,PF,78,78,2548,19.2,.599,.274,.261,5.9,17.6,11.8,15.7,1.3,1.5,7.6,24.2,5.0,2.5,7.5,.142,2.2,-0.5,1.7,2.4
2025,26,lopezbr01,36,MIL,C,80,80,2546,14.8,.624,.482,.178,5.0,11.8,8.6,7.8,0.9,5.4,9.1,15.8,3.6,2.9,6.6,.124,0.4,0.4,0.8,1.8
2025,27,townska01,29,NYK,C,72,72,2517,23.4,.630,.278,.337,9.8,32.0,21.0,13.8,1.4,1.9,12.1,27.4,6.3,3.8,10.1,.193,3.5,0.1,3.6,3.5
2025,28,carrica01,19,WAS,PG,82,57,2458,9.0,.514,.544,.114,1.4,13.1,7.2,21.2,1.0,0.8,15.2,15.8,-0.4,0.6,0.2,.005,-3.3,-1.3,-4.6,-1.6
2025,29,cunnica01,23,DET,PG,70,70,2452,20.6,.565,.287,.254,2.5,16.5,9.6,43.0,1.4,2.1,16.0,33.2,3.0,2.9,5.9,.115,3.8,0.1,3.9,3.7
2025,30,halibty01,24,IND,PG,73,73,2451,21.8,.616,.559,.221,1.9,9.7,5.9,38.9,2.1,1.8,9.8,21.6,8.1,2.3,10.4,.204,5.7,0.2,5.8,4.9
2025,31,whiteco01,24,CHI,SG,74,73,2450,15.5,.601,.521,.274,1.1,10.4,5.8,19.5,1.3,0.6,12.4,24.4,3.0,1.5,4.5,.088,0.5,-1.4,-0.9,0.7
2025,32,jamesle01,40,LAL,SF,70,70,2444,22.7,.604,.312,.261,3.4,21.2,12.6,40.3,1.4,1.5,15.5,30.1,4.9,2.8,7.7,.152,4.9,0.7,5.6,4.7
2025,33,sabondo01,28,SAC,C,70,70,2429,22.9,.655,.175,.324,12.3,32.6,22.4,26.0,1.0,1.0,16.5,21.6,7.4,2.7,10.1,.199,4.2,1.1,5.2,4.4
2025,34,murraja01,27,DEN,PG,67,67,2418,17.8,.584,.354,.219,2.2,9.3,5.9,23.2,1.8,1.2,10.1,24.0,4.6,1.6,6.2,.123,1.8,-1.0,0.8,1.7
2025,35,sengual01,22,HOU,C,76,76,2395,21.4,.545,.079,.374,11.4,23.8,17.5,24.1,1.7,2.3,12.7,26.2,4.1,4.2,8.3,.166,2.6,1.8,4.4,3.9
2025,36,goberru01,32,MIN,C,72,72,2389,18.3,.687,.000,.535,12.5,23.8,18.2,7.5,1.2,4.1,12.4,13.0,6.1,4.0,10.1,.204,0.6,1.3,1.9,2.4
2025,37,brookdi01,29,HOU,SF,75,75,2388,11.0,.555,.524,.135,3.3,9.1,6.1,7.4,1.2,0.6,7.4,17.7,2.7,2.5,5.1,.103,-1.4,0.0,-1.4,0.4
2025,38,harrito02,32,DET,PF,73,73,2306,13.9,.571,.328,.206,3.1,17.5,10.4,9.8,1.5,2.4,8.8,17.6,2.3,2.9,5.2,.108,-0.5,0.6,0.1,1.2
2025,39,garlada01,25,CLE,PG,75,75,2301,19.9,.600,.451,.217,2.3,7.6,5.0,32.2,1.9,0.4,12.8,27.2,5.8,2.3,8.1,.169,3.9,-0.8,3.1,3.0
2025,40,brunsja01,28,NYK,PG,65,65,2301,21.6,.605,.331,.373,1.4,7.9,4.7,32.3,1.3,0.3,10.5,29.5,6.8,1.4,8.3,.172,4.7,-1.3,3.3,3.1
2025,41,allenja01,26,CLE,C,82,82,2296,22.1,.724,.008,.433,10.5,26.7,18.8,9.5,1.6,2.9,11.3,15.9,7.6,4.0,11.6,.243,3.0,1.2,4.2,3.6
2025,42,paulch01,39,SAS,PG,82,82,2292,14.7,.580,.636,.158,1.5,12.3,6.9,34.8,2.2,0.9,17.1,14.0,4.2,1.6,5.7,.120,0.3,0.5,0.8,1.6
2025,43,simonan01,25,POR,SG,70,70,2292,14.9,.557,.527,.172,1.2,8.0,4.5,23.3,1.3,0.2,10.6,24.6,2.9,1.2,4.2,.087,1.5,-1.5,-0.1,1.1
2025,44,antetgi01,30,MIL,PF,67,67,2289,30.5,.625,.048,.536,7.3,29.7,19.0,36.0,1.2,3.2,11.2,35.2,7.8,3.7,11.5,.241,6.9,2.5,9.5,6.6
2025,45,beaslma01,28,DET,SG,82,18,2283,14.4,.590,.715,.131,2.3,8.0,5.2,8.9,1.5,0.2,6.8,22.5,2.9,1.8,4.7,.100,2.0,-1.2,0.8,1.6
2025,46,caldwke01,31,ORL,SG,77,77,2279,9.9,.574,.607,.175,1.6,7.2,4.3,8.7,2.2,1.4,9.6,12.4,1.5,3.1,4.6,.096,-3.0,1.6,-1.4,0.3
2025,47,vucevni01,34,CHI,C,73,72,2278,20.3,.611,.309,.144,8.3,25.2,16.9,17.1,1.2,2.0,9.7,22.4,4.7,2.6,7.3,.153,2.5,0.1,2.6,2.7
2025,48,pritcpa01,27,BOS,PG,80,3,2271,17.6,.633,.723,.097,4.9,9.8,7.3,18.1,1.5,0.6,8.4,19.0,6.1,2.5,8.6,.183,3.4,0.2,3.5,3.2
2025,49,duranke01,36,PHO,PF,62,62,2265,21.2,.642,.331,.321,1.2,16.9,9.2,19.6,1.1,3.2,12.9,28.7,4.0,1.2,5.2,.111,3.9,-0.7,3.2,3.0
2025,50,sharpsh01,21,POR,SG,72,52,2252,14.5,.551,.428,.219,3.2,12.7,7.8,14.2,1.3,0.6,11.0,25.1,1.3,1.7,3.0,.064,0.0,-1.3,-1.3,0.4
2025,51,curryst01,36,GSW,PG,70,70,2252,21.5,.618,.623,.238,1.9,13.3,7.4,31.3,1.7,1.3,12.6,29.8,5.2,2.7,7.9,.168,6.4,0.0,6.3,4.8
2025,52,foxde01,27,2TM,PG,62,62,2241,18.3,.560,.328,.273,2.7,12.1,7.4,27.2,2.0,1.1,11.8,28.3,2.6,1.7,4.3,.093,1.3,-1.0,0.4,1.3
2025,52,foxde01,27,SAC,PG,45,45,1663,19.0,.567,.324,.279,3.0,12.2,7.6,26.0,1.9,1.2,11.8,29.1,2.2,1.3,3.5,.101,2.0,-0.8,1.2,1.3
2025,52,foxde01,27,SAS,PG,17,17,578,16.3,.537,.339,.257,1.7,11.9,6.8,30.8,2.1,0.8,11.6,26.0,0.5,0.4,0.9,.071,-0.6,-1.4,-2.0,0.0
2025,53,willija06,23,OKC,SG,69,69,2237,20.3,.573,.291,.256,2.9,14.6,8.8,23.4,2.4,2.1,10.3,27.5,3.7,4.1,7.8,.168,2.7,1.4,4.0,3.4
2025,54,mitchdo01,28,CLE,SG,71,71,2232,20.9,.575,.480,.274,2.8,12.5,7.8,23.9,2.0,0.7,9.2,30.9,4.8,2.8,7.6,.163,3.8,-0.2,3.7,3.2
2025,55,barneha02,32,SAS,PF,82,82,2230,14.9,.656,.527,.291,4.7,10.3,7.4,8.6,0.8,0.6,6.1,15.7,5.0,0.5,5.6,.120,1.7,-1.7,0.0,1.2
2025,56,randlju01,30,MIN,PF,69,69,2226,17.5,.593,.334,.357,7.3,16.8,12.1,22.5,1.0,0.7,15.3,25.0,3.6,2.6,6.2,.134,1.5,-0.2,1.3,1.8
2025,57,thompam01,22,HOU,SF,69,42,2225,18.7,.602,.131,.354,9.0,18.2,13.5,16.9,2.1,3.6,14.6,17.5,4.1,3.9,8.0,.172,1.4,2.6,4.1,3.4
2025,58,jacksja02,25,MEM,C,74,74,2207,19.6,.591,.321,.328,4.4,15.5,10.0,10.1,1.9,4.7,9.9,28.1,3.2,3.2,6.4,.139,1.6,0.8,2.3,2.4
2025,59,banede01,26,MEM,SG,69,68,2205,17.9,.600,.411,.194,3.0,16.9,10.0,23.6,1.7,1.2,13.3,23.3,4.0,2.6,6.5,.142,2.6,0.6,3.2,2.9
2025,60,reidna01,25,MIN,C,80,17,2200,15.8,.577,.501,.155,4.7,19.3,12.1,12.6,1.3,3.0,9.9,21.5,2.4,3.3,5.7,.125,0.8,0.8,1.6,2.0
2025,61,jonesty01,28,PHO,PG,81,58,2174,14.5,.585,.587,.083,2.1,7.8,5.0,27.7,1.6,0.3,11.4,16.2,4.0,0.3,4.4,.096,1.4,-1.3,0.1,1.1
2025,62,turnemy01,28,IND,C,72,72,2174,16.1,.612,.486,.293,4.7,19.4,12.1,7.1,1.2,6.0,11.8,20.7,1.8,2.9,4.7,.104,0.0,0.4,0.4,1.3
2025,63,mobleev01,23,CLE,PF,71,71,2167,22.3,.633,.254,.337,8.4,24.0,16.5,15.1,1.4,4.7,12.2,23.2,5.3,3.8,9.0,.200,3.1,1.5,4.6,3.6
2025,64,princta02,30,MIL,SF,80,73,2166,9.8,.613,.652,.093,1.8,12.2,7.2,9.4,1.7,0.6,13.3,12.5,1.3,2.2,3.5,.077,-2.0,0.3,-1.7,0.1
2025,65,castlst01,20,SAS,SG,81,47,2162,13.7,.522,.337,.348,4.4,10.3,7.4,22.8,1.7,0.9,13.4,26.0,0.1,1.0,1.1,.025,-1.5,-1.7,-3.2,-0.6
2025,66,avdijde01,24,POR,SF,72,54,2161,17.7,.605,.405,.441,5.4,21.2,13.1,19.9,1.6,1.5,16.3,23.2,3.1,2.5,5.6,.124,1.5,0.6,2.1,2.2
2025,67,brownja02,28,BOS,SF,63,63,2158,17.8,.555,.320,.288,4.1,14.4,9.3,21.4,1.7,0.8,11.4,28.9,2.3,2.9,5.2,.115,0.4,-0.4,0.0,1.1
2025,68,hardati02,32,DET,SG,77,77,2153,9.8,.567,.672,.213,0.9,8.4,4.7,7.6,0.8,0.3,6.1,15.5,2.1,1.4,3.5,.077,-1.1,-0.9,-2.1,0.0
2025,69,mathube01,22,IND,SF,72,49,2149,13.6,.579,.338,.389,4.6,15.2,9.9,8.8,1.1,1.0,11.9,22.8,1.3,1.8,3.0,.068,-1.3,-1.5,-2.9,-0.5
2025,70,dinwisp01,31,DAL,PG,79,30,2136,13.0,.553,.478,.356,0.9,9.5,5.3,22.1,1.6,0.7,11.4,17.9,2.4,1.2,3.7,.082,-0.9,-0.7,-1.6,0.2
2025,71,barnesc01,23,TOR,PF,65,65,2134,17.8,.523,.263,.284,5.3,20.2,12.6,27.7,2.1,2.8,13.4,27.0,0.6,2.9,3.5,.078,1.5,0.9,2.4,2.3
2025,72,chrisma02,21,2TM,SG,78,36,2127,10.4,.570,.532,.258,2.0,11.2,6.7,9.2,1.5,1.3,11.8,15.2,1.1,1.6,2.7,.060,-2.1,-0.5,-2.5,-0.3
2025,72,chrisma02,21,LAL,SG,46,25,1154,10.6,.598,.566,.302,2.5,9.3,6.0,7.7,1.5,1.7,10.7,13.9,1.0,0.9,2.0,.081,-1.8,0.0,-1.8,0.0
2025,72,chrisma02,21,DAL,SG,32,11,973,10.2,.543,.500,.215,1.5,13.4,7.6,11.0,1.4,0.9,12.9,16.8,0.0,0.7,0.7,.035,-2.4,-1.0,-3.4,-0.3
2025,73,giddejo01,22,CHI,PG,70,69,2117,18.1,.570,.348,.281,6.4,21.4,14.0,32.9,1.9,1.8,18.4,21.7,2.8,2.5,5.3,.121,1.9,1.1,3.0,2.7
2025,74,vanvlfr01,30,HOU,PG,60,60,2111,12.8,.515,.607,.181,1.6,9.7,5.6,21.2,2.2,1.1,9.6,17.7,2.4,2.8,5.2,.119,-0.4,1.3,0.9,1.5
2025,75,georgke01,21,UTA,PG,67,35,2109,12.9,.539,.552,.310,1.3,11.5,6.5,26.9,1.0,0.4,14.9,24.3,0.9,0.1,1.1,.024,-0.2,-2.5,-2.7,-0.3
2025,76,schrode01,31,3TM,PG,75,49,2105,12.7,.531,.449,.261,1.4,9.2,5.2,28.7,1.5,0.6,13.3,21.6,1.5,1.7,3.2,.073,-1.3,-0.9,-2.2,-0.1
2025,76,schrode01,31,BRK,PG,23,23,772,16.0,.588,.462,.249,0.6,9.9,5.0,33.4,1.7,0.5,14.1,23.8,1.1,0.5,1.6,.099,1.1,-1.1,0.0,0.4
2025,76,schrode01,31,GSW,SG,24,18,628,8.4,.474,.458,.155,1.7,8.1,4.8,24.0,1.9,0.5,15.2,21.2,-0.5,0.7,0.2,.012,-4.6,-0.6,-5.2,-0.5
2025,76,schrode01,31,DET,PG,28,8,705,12.9,.515,.422,.382,2.1,9.5,5.8,27.8,1.0,0.7,10.7,19.6,0.9,0.5,1.5,.100,-0.9,-1.2,-2.1,0.0
2025,77,lillada01,34,MIL,PG,58,58,2093,21.3,.621,.528,.396,1.6,12.1,7.1,29.7,1.6,0.4,12.2,27.8,5.6,2.0,7.6,.175,4.7,-0.6,4.0,3.2
2025,78,westbru01,36,DEN,PG,75,36,2092,14.3,.532,.350,.280,5.6,13.4,9.7,28.8,2.4,1.6,20.6,23.8,-0.1,2.1,1.9,.045,-0.9,-0.2,-1.1,0.5
2025,79,oubreke01,29,PHI,SF,60,57,2078,13.5,.551,.327,.250,5.1,15.4,10.0,7.9,2.2,1.4,8.9,18.9,1.2,1.4,2.6,.061,-1.7,-0.6,-2.3,-0.1
2025,80,alexani01,26,MIN,SG,82,10,2073,11.6,.579,.601,.192,2.9,11.1,7.1,15.0,1.2,1.5,12.9,16.0,2.0,2.3,4.3,.099,-0.8,0.4,-0.4,0.8
2025,81,dortlu01,25,OKC,SF,71,71,2073,11.3,.586,.696,.078,4.7,10.3,7.6,6.9,1.8,1.9,7.7,13.6,2.4,3.2,5.6,.129,-0.6,0.8,0.2,1.2
2025,82,okongon01,24,ATL,C,74,40,2064,19.0,.634,.216,.316,11.4,24.0,17.5,11.4,1.6,3.0,10.4,17.3,4.9,2.3,7.2,.168,1.2,0.2,1.3,1.7
2025,83,monkma01,26,SAC,SG,65,45,2054,15.0,.549,.456,.190,1.6,11.7,6.7,25.7,1.5,1.8,13.5,24.6,1.3,1.4,2.8,.065,0.3,-1.1,-0.8,0.6
2025,84,wellsja01,21,MEM,SG,79,74,2043,10.5,.560,.580,.200,4.6,9.3,6.9,8.4,1.0,0.4,8.6,15.9,2.1,1.4,3.5,.083,-1.2,-1.0,-2.2,-0.1
2025,85,durenja01,21,DET,C,78,78,2034,21.4,.703,.000,.443,15.2,28.7,22.0,14.7,1.3,4.2,17.2,16.4,5.9,3.4,9.2,.218,1.6,1.5,3.1,2.7
2025,86,wilsoja03,24,BRK,PF,79,22,2031,9.5,.541,.584,.266,4.0,11.4,7.5,10.8,1.0,0.2,10.2,16.6,0.9,1.0,1.9,.046,-2.6,-1.3,-3.9,-1.0
2025,87,bridgmi02,26,CHO,PF,64,64,2029,17.7,.541,.413,.233,3.7,21.9,12.6,21.7,1.1,2.2,10.2,28.0,1.3,1.8,3.2,.075,2.3,-0.5,1.8,2.0
2025,88,mitchda01,26,2TM,PG,74,37,2027,10.2,.573,.443,.176,1.9,7.1,4.5,24.2,1.7,0.8,20.0,13.6,1.3,1.6,3.0,.070,-2.8,0.2,-2.6,-0.3
2025,88,mitchda01,26,TOR,PG,44,22,1080,7.9,.536,.480,.152,1.6,7.0,4.2,24.6,1.4,0.7,23.1,13.1,0.0,0.7,0.7,.031,-4.0,-0.3,-4.3,-0.6
2025,88,mitchda01,26,MIA,PG,30,15,947,12.9,.611,.405,.203,2.2,7.3,4.8,23.8,2.2,0.8,16.5,14.2,1.3,1.0,2.3,.114,-1.5,0.8,-0.6,0.3
2025,89,wagnefr01,23,ORL,SF,60,60,2023,20.1,.558,.303,.268,3.0,17.1,9.7,26.6,1.9,1.0,9.6,31.0,2.6,3.1,5.6,.133,2.6,0.5,3.1,2.6
2025,90,grimequ01,24,2TM,SG,75,37,2013,15.9,.595,.512,.260,3.2,14.7,8.9,17.7,1.8,1.0,13.3,22.8,2.0,1.4,3.4,.081,1.3,-0.9,0.4,1.2
2025,90,grimequ01,24,DAL,SG,47,12,1070,13.3,.599,.551,.222,3.1,14.9,9.1,13.2,1.4,0.8,13.2,18.5,1.0,0.8,1.7,.078,0.1,-0.4,-0.3,0.5
2025,90,grimequ01,24,PHI,SG,28,25,943,18.8,.592,.480,.290,3.3,14.5,8.7,22.7,2.2,1.2,13.4,27.5,1.0,0.6,1.6,.083,2.7,-1.5,1.2,0.8
2025,91,poolejo01,25,WAS,SG,68,68,2001,16.6,.591,.588,.259,1.6,9.0,5.3,25.6,2.0,1.2,14.8,29.0,1.2,0.8,2.0,.047,2.0,-1.6,0.4,1.2
2025,92,greendr01,34,GSW,PF,68,66,1983,12.4,.534,.483,.289,3.9,19.0,11.2,26.2,2.4,3.4,23.3,15.9,0.3,3.4,3.7,.088,-2.3,2.8,0.5,1.3
2025,93,vassede01,24,SAS,SG,64,53,1983,14.2,.553,.483,.135,1.8,12.0,6.9,13.8,2.0,1.5,8.5,22.1,0.9,1.3,2.2,.054,-0.3,-0.8,-1.1,0.4
2025,94,thompkl01,34,DAL,SF,72,72,1965,12.9,.552,.631,.084,2.5,11.0,6.8,10.7,1.2,1.3,8.8,21.8,0.7,1.1,1.8,.045,0.7,-1.6,-1.0,0.5
2025,95,maxeyty01,24,PHI,PG,52,52,1960,19.5,.562,.438,.265,0.8,9.6,5.0,28.0,2.3,1.1,9.2,29.8,2.9,1.0,3.8,.094,3.2,-1.1,2.0,2.0
2025,96,powelno01,31,LAC,SG,60,60,1958,17.5,.615,.453,.280,1.2,9.6,5.5,10.2,1.8,0.5,9.2,26.1,2.9,2.3,5.3,.129,1.7,-0.2,1.5,1.8
2025,97,missiyv01,20,NOP,C,73,67,1956,15.4,.572,.002,.415,13.7,19.7,16.6,7.2,0.9,4.8,12.4,14.3,2.5,1.1,3.6,.089,-1.6,-1.4,-3.0,-0.5
2025,98,elliske01,25,SAC,SG,80,28,1948,13.5,.664,.692,.185,3.4,8.8,6.1,8.0,3.0,3.2,12.4,12.7,2.7,2.2,5.0,.122,-0.1,2.0,1.9,1.9
2025,99,coulibi01,20,WAS,SF,59,59,1948,10.8,.515,.359,.296,4.8,10.9,7.8,14.9,1.9,1.9,15.1,17.9,-0.6,0.9,0.3,.008,-3.0,-0.7,-3.7,-0.8
2025,100,kuzmaky01,29,2TM,PF,65,62,1936,10.6,.514,.369,.238,3.0,17.1,10.2,12.1,0.9,0.9,13.5,24.0,-2.3,1.3,-0.9,-0.024,-2.9,-2.0,-4.9,-1.4
2025,100,kuzmaky01,29,WAS,PF,32,30,887,10.6,.488,.352,.215,3.1,18.6,10.8,14.7,1.1,0.7,12.8,27.1,-1.7,0.4,-1.3,-0.068,-3.0,-2.3,-5.2,-0.7
2025,100,kuzmaky01,29,MIL,PF,33,32,1049,10.5,.545,.389,.265,2.9,15.7,9.6,9.9,0.7,1.1,14.3,21.4,-0.6,0.9,0.3,.014,-2.9,-1.8,-4.7,-0.7
2025,101,champju02,23,SAS,SF,82,29,1932,12.2,.577,.722,.141,3.7,13.9,8.8,7.9,1.5,1.6,9.5,17.2,1.3,1.2,2.5,.062,-0.3,-0.9,-1.3,0.4
2025,102,johnske07,22,BRK,SG,79,56,1925,10.4,.499,.515,.178,3.5,14.5,8.8,14.6,2.1,1.5,12.1,21.7,-1.3,1.9,0.5,.014,-3.1,-0.1,-3.3,-0.6
2025,103,marshna01,27,DAL,SF,69,31,1919,15.1,.584,.306,.225,4.4,14.0,9.3,15.8,1.8,0.5,12.5,20.0,2.0,1.5,3.5,.087,-0.3,-0.5,-0.8,0.6
2025,104,holidjr01,34,BOS,PG,62,62,1896,13.5,.565,.534,.134,4.4,10.8,7.6,17.3,1.7,1.3,11.3,15.8,2.8,2.4,5.1,.130,-0.3,1.0,0.7,1.3
2025,105,yabusgu01,29,PHI,C,70,43,1895,14.7,.616,.487,.245,7.7,16.3,11.8,11.6,1.5,1.2,12.2,16.3,2.9,1.0,3.9,.099,0.1,-1.1,-1.0,0.5
2025,106,trentga02,26,MIL,SG,74,9,1893,11.7,.591,.659,.140,1.2,8.2,4.8,6.4,1.8,0.2,5.7,17.1,1.6,1.7,3.3,.084,-1.2,-0.4,-1.6,0.2
2025,107,blackan01,21,ORL,PG,78,10,1887,11.6,.521,.315,.318,3.0,11.4,7.0,19.4,2.3,2.4,16.4,19.6,-0.6,3.0,2.4,.061,-3.1,1.2,-1.9,0.0
2025,108,greenjo02,24,CHO,SG,68,67,1887,7.8,.559,.589,.171,3.1,6.7,4.9,8.2,1.9,0.8,13.4,11.8,0.4,1.0,1.5,.037,-4.5,0.2,-4.3,-1.1
2025,109,claxtni01,25,BRK,C,70,62,1882,16.5,.569,.037,.271,9.0,22.7,15.5,13.7,1.6,5.3,12.0,16.8,1.8,2.5,4.3,.110,-1.1,1.5,0.4,1.1
2025,110,nembhan01,25,IND,SG,65,65,1881,11.7,.545,.325,.252,2.0,10.7,6.4,22.5,2.0,0.5,15.8,16.3,1.1,1.7,2.8,.071,-2.6,0.3,-2.3,-0.1
2025,111,wallaca01,21,OKC,SG,68,43,1876,12.3,.562,.425,.076,4.1,8.8,6.5,11.5,3.1,1.9,10.5,12.8,1.8,3.4,5.2,.133,-1.5,2.6,1.0,1.5
2025,112,jonesde02,27,LAC,SF,77,55,1873,13.5,.609,.372,.200,5.7,10.1,8.0,4.6,2.1,1.7,9.3,16.5,2.1,2.6,4.7,.120,-1.0,0.7,-0.3,0.8
2025,113,hachiru01,26,LAL,PF,59,57,1869,13.6,.619,.429,.196,4.9,12.6,8.9,6.4,1.2,1.3,7.3,15.8,2.8,1.5,4.3,.110,-0.1,-0.6,-0.7,0.6
2025,114,barrerj01,24,TOR,SF,58,58,1869,16.5,.547,.312,.317,3.4,17.9,10.5,27.3,1.2,0.9,12.9,28.7,0.6,1.7,2.4,.061,1.2,-0.7,0.6,1.2
2025,115,hieldbu01,32,GSW,SG,82,22,1863,12.3,.560,.698,.081,2.9,12.7,7.6,10.7,1.8,1.2,10.1,20.5,0.6,2.2,2.8,.073,-0.7,-0.3,-1.0,0.5
2025,116,murphtr02,24,NOP,SF,53,51,1854,17.3,.598,.522,.274,2.7,13.2,7.8,15.9,1.5,2.0,9.9,23.7,3.0,0.5,3.5,.091,2.1,-1.4,0.8,1.3
2025,117,risacza01,19,ATL,SF,75,73,1843,12.2,.558,.442,.191,5.0,11.1,8.0,7.1,1.3,1.8,9.8,20.9,0.6,1.1,1.8,.046,-1.7,-1.8,-3.5,-0.7
2025,118,wiggian01,29,2TM,SF,60,60,1842,16.4,.566,.415,.306,5.1,10.8,7.9,13.5,1.6,2.6,9.4,24.5,1.9,2.1,4.0,.104,1.2,-0.3,0.9,1.4
2025,118,wiggian01,29,GSW,SF,43,43,1296,16.4,.566,.422,.304,5.3,11.2,8.2,12.2,1.5,2.4,7.7,23.5,1.7,1.5,3.2,.119,1.4,-0.4,1.0,1.0
2025,118,wiggian01,29,MIA,SF,17,17,546,16.4,.566,.398,.311,4.7,9.8,7.3,16.5,1.8,3.0,13.1,26.7,0.2,0.6,0.8,.069,0.8,-0.1,0.7,0.4
2025,119,colliis01,20,UTA,PG,71,46,1839,9.7,.494,.305,.277,1.9,11.8,6.9,34.3,1.7,0.8,25.0,18.9,-1.3,0.5,-0.8,-0.021,-3.8,-1.5,-5.3,-1.6
2025,120,johnske04,25,SAS,SF,77,0,1838,15.6,.572,.356,.252,6.5,15.1,10.8,10.2,1.3,1.1,8.3,21.6,2.2,1.0,3.2,.083,0.0,-1.6,-1.6,0.2
2025,121,onealro01,31,PHO,SF,75,22,1837,12.6,.585,.774,.046,3.3,17.5,10.6,12.3,1.8,1.7,10.1,15.5,1.6,1.2,2.8,.073,0.2,-0.1,0.1,1.0
2025,122,washipj01,26,DAL,PF,57,56,1835,14.0,.556,.359,.298,5.0,20.9,13.1,10.1,1.7,2.8,13.6,20.4,0.3,2.1,2.4,.062,-1.1,0.2,-0.9,0.5
2025,123,mccolcj01,33,NOP,PG,56,56,1832,15.8,.550,.459,.173,2.4,10.3,6.2,20.6,1.2,1.3,9.0,27.2,1.3,0.2,1.5,.038,1.2,-2.6,-1.4,0.3
2025,124,highsha01,28,MIA,SF,74,42,1818,9.9,.583,.596,.110,4.4,10.8,7.7,8.4,1.9,2.0,11.6,11.3,1.3,2.1,3.3,.088,-2.7,0.9,-1.9,0.1
2025,125,finnedo01,31,2TM,PF,63,40,1818,10.1,.604,.722,.103,5.0,10.4,7.7,6.9,1.6,1.2,11.0,12.3,1.5,1.4,2.9,.078,-1.1,0.1,-1.0,0.5
2025,125,finnedo01,31,BRK,PF,20,20,579,12.2,.613,.679,.151,5.8,12.3,8.9,8.2,1.5,2.1,9.6,14.2,0.7,0.5,1.1,.094,-0.1,0.1,0.0,0.3
2025,125,finnedo01,31,LAL,PF,43,20,1239,9.2,.598,.746,.076,4.6,9.5,7.1,6.3,1.6,0.8,11.8,11.5,0.9,0.9,1.8,.070,-1.6,0.1,-1.5,0.2
2025,126,sarral01,19,WAS,C,67,67,1814,12.9,.482,.412,.199,7.1,17.9,12.5,13.9,1.2,5.0,11.2,23.5,-1.6,1.3,-0.3,-0.007,-2.2,-1.0,-3.3,-0.6
2025,127,irvinky01,32,DAL,SG,50,50,1804,19.9,.594,.380,.226,3.7,10.6,7.2,20.5,1.8,1.1,9.7,27.4,3.4,1.3,4.6,.124,3.9,-0.5,3.4,2.5
2025,128,georgky01,21,WAS,SG,68,38,1802,8.8,.503,.648,.170,2.8,13.7,8.2,13.3,1.8,2.5,14.2,15.9,-0.9,1.1,0.1,.003,-3.8,-0.3,-4.1,-0.9
2025,129,johnsca02,28,BRK,PF,57,57,1800,18.2,.632,.546,.301,3.3,12.8,7.8,18.5,1.5,1.4,10.5,22.9,3.8,1.3,5.1,.137,3.5,-0.4,3.1,2.3
2025,130,robindu01,30,MIA,SF,74,37,1786,11.8,.595,.729,.080,1.1,9.1,5.2,14.7,1.1,0.3,11.1,19.2,1.3,1.4,2.7,.071,-0.7,-1.1,-1.7,0.1
2025,131,dunnkr01,30,LAC,PG,74,58,1783,11.3,.531,.513,.050,3.4,12.4,8.0,15.6,3.5,1.5,14.2,12.7,0.8,3.2,4.0,.108,-2.8,3.4,0.6,1.2
2025,132,doncilu01,25,2TM,PG,50,50,1769,24.1,.587,.469,.385,2.6,22.6,12.8,36.1,2.5,1.1,13.0,33.9,3.5,2.4,5.9,.160,5.5,1.2,6.7,3.9
2025,132,doncilu01,25,DAL,PG,22,22,785,24.2,.584,.455,.313,2.3,22.7,12.7,36.7,2.7,1.0,12.4,33.1,1.5,1.1,2.5,.155,5.5,1.4,6.9,1.8
2025,132,doncilu01,25,LAL,PG,28,28,984,23.9,.590,.481,.445,2.8,22.5,12.9,35.6,2.2,1.1,13.5,34.5,2.0,1.4,3.4,.164,5.5,1.1,6.5,2.1
2025,133,hendesc01,20,POR,PG,66,10,1759,12.5,.540,.434,.301,3.1,9.2,6.1,28.1,1.9,0.7,18.6,22.5,0.4,1.4,1.8,.049,-1.4,-0.8,-2.2,-0.1
2025,134,cartewe01,25,ORL,C,68,51,1758,13.7,.544,.322,.356,9.4,23.4,16.0,11.5,1.5,2.2,11.9,16.0,1.6,3.0,4.6,.125,-2.2,0.9,-1.2,0.3
2025,135,sextoco01,26,UTA,SG,63,61,1758,16.6,.593,.313,.290,3.7,6.8,5.2,25.1,1.3,0.3,14.1,27.0,2.5,-0.1,2.4,.066,1.7,-2.3,-0.6,0.6
2025,136,conlemi01,37,MIN,PG,71,64,1756,13.3,.573,.662,.192,2.1,9.3,5.7,24.5,2.2,0.7,12.9,14.4,3.0,2.2,5.2,.142,-0.1,1.3,1.2,1.4
2025,137,coffeam01,27,LAC,SG,72,13,1748,11.2,.614,.484,.253,2.1,8.2,5.2,6.1,1.1,0.4,7.4,15.3,2.4,1.7,4.0,.111,-1.5,-0.2,-1.7,0.1
2025,138,butleji01,35,2TM,SF,55,55,1746,22.4,.626,.174,.657,7.7,10.8,9.2,25.5,2.2,1.0,8.8,20.8,6.6,2.0,8.7,.238,4.0,1.0,4.9,3.0
2025,138,butleji01,35,MIA,PF,25,25,766,22.8,.638,.137,.612,8.0,10.9,9.4,24.2,1.8,1.3,8.2,21.1,2.9,0.8,3.7,.233,4.2,0.6,4.8,1.3
2025,138,butleji01,35,GSW,SF,30,30,980,22.2,.617,.204,.692,7.5,10.7,9.1,26.5,2.5,0.8,9.2,20.6,3.7,1.2,4.9,.242,3.8,1.2,5.0,1.7
2025,139,wiggiaa01,26,OKC,SG,76,26,1744,16.1,.596,.466,.122,5.1,12.9,9.1,10.6,1.7,1.0,8.3,20.3,2.7,2.7,5.4,.148,1.3,-0.2,1.1,1.4
2025,140,kesslwa01,23,UTA,C,58,58,1740,20.0,.660,.081,.363,16.6,27.1,21.9,8.3,1.0,7.4,15.0,13.7,3.6,1.8,5.4,.149,1.1,0.7,1.8,1.7
2025,141,huntede01,27,2TM,SF,64,9,1740,15.9,.623,.509,.333,2.7,13.4,8.1,7.5,1.4,0.7,8.6,22.8,3.0,1.4,4.4,.122,1.2,-0.8,0.4,1.0
2025,141,huntede01,27,ATL,SF,37,4,1064,15.8,.616,.502,.358,2.7,12.5,7.5,7.8,1.4,0.4,9.4,24.2,1.6,0.6,2.2,.100,0.9,-1.4,-0.4,0.4
2025,141,huntede01,27,CLE,SF,27,5,676,16.2,.634,.522,.289,2.8,15.0,9.1,7.1,1.4,1.1,7.0,20.5,1.4,0.8,2.2,.157,1.6,0.0,1.6,0.6
2025,142,agbajoc01,24,TOR,SG,64,45,1739,12.0,.601,.474,.090,3.7,11.4,7.5,7.9,1.6,1.6,8.9,14.6,1.6,1.5,3.1,.087,-0.9,0.2,-0.7,0.5
2025,143,podzibr01,21,GSW,SG,64,33,1716,14.4,.557,.491,.151,4.0,16.8,10.2,18.7,2.0,0.7,10.1,18.3,1.9,2.3,4.2,.117,-0.1,0.8,0.7,1.2
2025,144,smithja05,21,HOU,PF,57,39,1716,12.6,.562,.489,.223,6.4,18.6,12.4,4.7,0.7,2.1,8.9,16.4,1.9,2.2,4.2,.117,-0.8,0.1,-0.7,0.6
2025,145,davisan02,31,2TM,C,51,51,1706,26.3,.588,.136,.405,9.1,29.1,19.4,18.3,1.7,6.0,9.5,30.4,3.7,3.0,6.7,.188,3.9,1.5,5.4,3.2
2025,145,davisan02,31,LAL,C,42,42,1440,27.1,.601,.124,.423,9.6,28.9,19.5,17.1,1.8,5.9,9.4,30.2,3.6,2.6,6.2,.207,4.5,1.5,6.0,2.9
2025,145,davisan02,31,DAL,PF,9,9,266,21.7,.520,.197,.316,6.3,30.5,18.6,24.7,0.9,6.4,10.4,31.2,0.1,0.4,0.5,.088,1.2,1.3,2.5,0.3
2025,146,bealbr01,31,PHO,SG,53,38,1702,15.2,.598,.380,.197,2.3,9.1,5.8,17.6,1.7,1.5,11.6,22.1,1.9,0.6,2.4,.068,-0.1,-1.0,-1.1,0.4
2025,147,niangge01,31,2TM,PF,79,3,1697,11.2,.607,.660,.094,3.1,14.3,8.7,8.8,0.8,0.8,11.3,17.9,1.5,1.4,2.9,.081,-1.1,-1.2,-2.3,-0.1
2025,147,niangge01,31,CLE,PF,51,1,1053,11.1,.617,.647,.083,3.6,15.5,9.7,8.3,0.8,0.6,11.7,16.5,1.1,1.1,2.2,.099,-1.3,-0.5,-1.8,0.1
2025,147,niangge01,31,ATL,PF,28,2,644,11.4,.595,.676,.107,2.2,12.2,7.1,9.6,0.8,1.0,10.7,20.3,0.4,0.3,0.7,.051,-0.8,-2.3,-3.1,-0.2
2025,148,poeltja01,29,TOR,C,57,56,1686,20.0,.641,.005,.249,11.7,23.3,17.4,14.5,1.9,4.0,14.7,18.7,3.0,2.5,5.5,.158,0.7,1.3,2.0,1.7
2025,149,pippesc02,24,MEM,PG,79,21,1683,15.8,.582,.369,.288,4.1,12.1,8.1,27.1,2.8,1.6,17.1,19.3,2.4,2.3,4.7,.133,0.0,1.8,1.9,1.7
2025,150,huertke01,26,2TM,SG,69,31,1679,11.3,.544,.647,.081,2.0,11.3,6.7,12.6,1.9,1.3,9.7,17.5,0.6,1.3,1.9,.054,-1.8,-0.2,-2.0,0.0
2025,150,huertke01,26,SAC,SG,43,15,899,10.6,.524,.661,.090,2.4,12.6,7.5,11.0,2.0,1.7,10.3,17.2,0.1,0.8,0.8,.044,-2.3,0.0,-2.3,-0.1
2025,150,huertke01,26,CHI,SG,26,16,780,12.0,.566,.633,.071,1.5,9.8,5.7,14.4,1.8,0.8,9.0,17.8,0.5,0.6,1.1,.066,-1.2,-0.3,-1.5,0.1
2025,151,aldamsa01,24,MEM,PF,65,16,1660,16.8,.588,.503,.145,6.1,20.3,13.3,15.2,1.5,1.6,9.3,18.5,2.9,2.0,5.0,.144,2.5,0.7,3.2,2.2
2025,152,greenaj01,25,MIL,SG,73,7,1659,9.2,.621,.856,.064,1.2,9.8,5.7,8.5,1.1,0.4,8.4,12.6,1.6,1.3,2.8,.082,-1.7,-0.4,-2.2,-0.1
2025,153,horfoal01,38,BOS,C,60,42,1659,12.9,.563,.681,.082,5.2,18.9,12.1,10.4,1.1,2.8,8.8,13.8,2.0,2.4,4.4,.129,0.1,1.1,1.2,1.3
2025,154,roziete01,30,MIA,PG,64,23,1658,10.5,.497,.485,.170,3.0,12.8,7.9,14.8,1.1,0.8,10.3,20.4,-0.5,1.5,1.0,.029,-2.6,-1.0,-3.7,-0.7
2025,155,watsope01,22,DEN,SF,68,18,1656,11.4,.564,.318,.320,3.3,11.8,7.7,7.0,1.4,5.0,10.3,13.9,1.0,1.5,2.5,.073,-2.1,0.3,-1.8,0.1
2025,156,moodymo01,22,GSW,SG,74,34,1649,12.4,.578,.593,.234,3.3,9.2,6.2,8.3,1.7,1.8,7.9,17.4,1.7,1.8,3.5,.102,-0.9,0.0,-0.9,0.5
2025,157,dasiltr01,23,ORL,SF,74,38,1629,9.9,.522,.495,.130,4.9,12.7,8.6,10.3,1.0,1.1,9.9,15.2,0.5,1.9,2.5,.073,-2.3,-0.3,-2.6,-0.3
2025,158,divindo01,28,MIN,SG,62,10,1606,14.1,.582,.739,.106,2.2,13.3,7.9,20.2,2.2,1.0,13.8,19.4,1.6,2.2,3.9,.115,0.8,1.1,1.9,1.6
2025,159,joeis01,25,OKC,SG,74,16,1604,14.0,.617,.793,.095,2.8,10.1,6.6,9.7,1.4,0.6,5.8,17.2,2.9,2.2,5.1,.153,1.4,-0.1,1.3,1.4
2025,160,kispeco01,25,WAS,SF,61,0,1602,11.0,.584,.584,.156,2.3,9.5,5.9,9.7,0.8,0.8,9.6,17.5,1.0,0.1,1.1,.032,-1.4,-2.2,-3.7,-0.7
2025,161,leverca01,30,2TM,SG,64,3,1596,15.2,.582,.474,.259,2.8,11.0,6.9,18.1,1.7,1.9,10.2,19.4,2.4,1.6,4.0,.119,0.8,0.1,0.9,1.2
2025,161,leverca01,30,CLE,SF,38,3,904,14.4,.580,.497,.279,2.7,9.9,6.4,20.0,1.8,1.9,13.2,18.1,1.3,1.0,2.3,.124,0.5,0.7,1.2,0.7
2025,161,leverca01,30,ATL,SG,26,0,692,16.2,.583,.452,.239,2.9,12.5,7.6,15.7,1.6,1.9,7.0,21.2,1.1,0.5,1.6,.112,1.1,-0.7,0.4,0.4
2025,162,mcbrimi01,24,NYK,SG,64,10,1593,12.6,.531,.570,.117,3.4,8.1,5.8,15.6,2.1,1.0,6.7,16.8,1.8,1.4,3.2,.098,-0.4,0.4,0.0,0.8
2025,163,harteis01,26,OKC,C,57,53,1590,18.9,.599,.040,.244,11.2,29.6,20.6,18.3,1.4,3.9,15.3,16.7,3.2,3.6,6.8,.205,0.6,2.6,3.2,2.1
2025,164,dickgr01,21,TOR,SG,54,54,1587,10.9,.543,.504,.240,2.9,10.3,6.5,8.9,1.5,0.6,10.4,21.0,0.2,1.2,1.4,.042,-1.9,-1.3,-3.2,-0.5
2025,165,banchpa01,22,ORL,PF,46,46,1582,20.0,.551,.299,.423,3.5,22.4,12.5,26.0,1.1,1.7,11.2,33.6,1.1,2.4,3.5,.106,3.4,0.2,3.5,2.2
2025,166,willipa01,23,CHI,PF,63,36,1576,9.0,.512,.527,.161,2.9,12.7,7.9,10.3,1.4,1.8,13.5,16.9,-0.9,1.3,0.4,.012,-3.0,-0.7,-3.7,-0.7
2025,167,toppiob01,26,IND,PF,79,4,1545,17.4,.642,.503,.190,4.1,18.7,11.5,11.9,1.4,1.6,9.5,20.1,2.7,1.6,4.3,.135,1.8,-0.1,1.7,1.4
2025,168,allengr01,29,PHO,SG,64,7,1544,13.7,.631,.716,.233,2.5,11.3,7.0,12.5,1.7,1.2,12.2,17.6,2.0,0.6,2.5,.079,0.7,-1.0,-0.3,0.7
2025,169,hausesa01,27,BOS,PF,71,19,1541,12.8,.632,.842,.023,3.1,12.7,7.9,5.8,1.3,0.8,4.6,14.3,2.6,1.8,4.4,.136,0.9,-0.1,0.8,1.1
2025,170,willizi02,23,BRK,SF,63,45,1541,11.9,.550,.581,.237,4.3,17.5,10.6,8.5,2.0,1.8,10.5,18.2,0.5,1.6,2.1,.065,-2.2,-0.1,-2.3,-0.1
2025,171,vincega01,28,LAL,PG,72,11,1527,7.4,.536,.736,.050,1.5,5.2,3.4,8.7,1.6,0.8,8.7,13.5,0.3,1.0,1.3,.039,-3.8,-0.1,-4.0,-0.8
2025,172,wembavi01,21,SAS,C,46,46,1527,24.2,.594,.470,.221,5.7,29.8,17.7,18.3,1.6,10.4,13.7,30.4,1.0,2.8,3.8,.118,3.6,2.9,6.5,3.3
2025,173,grantje01,30,POR,PF,47,47,1524,10.9,.523,.516,.289,1.8,10.0,5.8,9.5,1.3,2.7,9.1,19.4,0.6,1.2,1.8,.057,-1.4,-0.3,-1.6,0.1
2025,174,valanjo01,32,2TM,C,81,21,1524,20.8,.602,.059,.263,13.3,30.7,22.0,17.6,1.2,2.8,14.6,22.8,2.6,1.7,4.3,.137,0.8,-0.1,0.6,1.0
2025,174,valanjo01,32,WAS,C,49,12,983,20.6,.602,.064,.251,12.6,30.2,21.4,18.8,1.1,2.6,15.8,23.8,1.3,1.0,2.3,.112,0.8,-0.5,0.4,0.6
2025,174,valanjo01,32,SAC,C,32,9,541,21.1,.604,.049,.288,14.5,31.7,23.1,15.3,1.4,3.3,12.2,20.9,1.3,0.7,2.1,.183,0.6,0.5,1.1,0.4
2025,175,filipky01,21,UTA,C,72,27,1522,14.9,.594,.425,.276,8.0,23.1,15.6,13.9,1.5,1.4,14.9,18.7,1.5,1.0,2.5,.078,-0.6,-0.3,-1.0,0.4
2025,176,moranja01,25,MEM,PG,50,50,1519,19.3,.563,.321,.359,2.4,11.8,7.1,36.0,1.9,0.7,15.2,32.2,2.0,1.5,3.5,.112,3.1,-0.7,2.4,1.7
2025,177,buzelma01,20,CHI,SF,80,31,1511,12.5,.571,.479,.195,3.9,15.2,9.6,7.2,0.9,4.3,10.9,18.7,0.5,1.4,1.9,.060,-2.0,-0.5,-2.5,-0.2
2025,178,ballla01,23,CHO,PG,47,47,1505,19.1,.536,.526,.228,3.3,13.4,8.2,43.8,1.8,0.8,13.1,35.9,0.9,1.1,2.0,.065,4.1,-0.9,3.2,2.0
2025,179,knechda01,23,LAL,SF,78,16,1494,12.7,.594,.610,.151,2.9,13.1,8.1,6.5,0.8,0.5,5.9,18.5,1.7,1.0,2.7,.086,-0.1,-1.7,-1.8,0.1
2025,180,porteke02,24,2TM,SG,75,4,1482,15.4,.531,.271,.259,3.2,17.3,10.4,25.9,2.7,0.9,15.8,25.4,-0.1,2.3,2.2,.072,-1.6,0.9,-0.6,0.5
2025,180,porteke02,24,LAC,SG,45,2,884,12.1,.476,.260,.187,3.8,16.5,10.3,24.5,2.4,1.2,16.0,25.9,-1.2,1.4,0.2,.011,-3.2,0.7,-2.5,-0.1
2025,180,porteke02,24,MIL,SG,30,2,598,20.2,.616,.290,.380,2.5,18.3,10.7,28.0,3.1,0.3,15.4,24.8,1.1,0.9,2.0,.163,0.9,1.2,2.1,0.6
2025,181,russeda01,28,2TM,PG,58,36,1480,14.0,.522,.564,.227,1.5,11.0,6.2,31.2,1.9,1.5,13.3,24.0,0.7,1.3,1.9,.063,0.0,-0.4,-0.4,0.6
2025,181,russeda01,28,LAL,PG,29,10,763,13.0,.537,.540,.170,1.2,10.3,5.9,26.2,1.5,0.5,13.0,22.1,0.4,0.6,1.0,.063,-0.7,-1.0,-1.7,0.1
2025,181,russeda01,28,BRK,PG,29,26,717,15.1,.508,.587,.281,1.8,11.6,6.5,36.6,2.3,2.6,13.6,25.9,0.2,0.7,0.9,.063,0.8,0.2,1.0,0.5
2025,182,markkla01,27,UTA,PF,47,47,1476,15.6,.571,.570,.264,5.3,14.9,10.1,7.5,1.1,1.1,7.8,24.0,1.8,0.3,2.2,.070,1.8,-2.1,-0.3,0.7
2025,183,kennalu01,28,MEM,SG,65,11,1472,13.6,.631,.606,.132,2.7,10.4,6.6,18.5,1.6,0.3,13.6,14.5,2.6,1.3,3.9,.127,0.9,0.2,1.1,1.2
2025,184,sheadja01,22,TOR,PG,75,11,1467,9.9,.499,.442,.137,2.1,6.4,4.2,29.8,1.9,0.7,18.0,18.6,-0.2,1.1,0.8,.027,-3.2,-0.9,-4.1,-0.8
2025,185,gordoaa01,29,DEN,PF,51,42,1447,17.0,.650,.346,.360,6.4,12.1,9.4,15.0,0.8,0.9,11.3,19.0,3.6,0.7,4.3,.143,2.7,-1.5,1.2,1.2
2025,186,stewais01,23,DET,C,72,4,1434,14.6,.616,.168,.276,10.1,20.6,15.4,11.3,0.9,6.7,16.1,12.4,2.1,2.2,4.3,.144,-1.6,2.1,0.6,0.9
2025,187,sensabr01,21,UTA,SF,71,15,1432,13.4,.612,.621,.122,3.2,12.6,7.9,12.0,1.5,0.5,14.5,21.5,0.9,0.3,1.2,.042,0.4,-1.6,-1.2,0.3
2025,188,bitadgo01,25,ORL,C,70,42,1430,19.2,.631,.083,.392,12.7,25.0,18.6,14.8,1.7,6.6,15.3,14.3,2.8,3.0,5.8,.195,-0.3,2.8,2.5,1.6
2025,189,wareke01,20,MIA,C,64,36,1422,17.4,.603,.239,.144,9.1,27.5,18.4,6.5,1.4,4.8,10.4,17.2,1.7,2.5,4.1,.140,-0.7,0.6,-0.1,0.7
2025,190,easonta01,23,HOU,PF,57,16,1420,18.5,.567,.329,.186,9.4,17.9,13.6,8.5,3.3,3.2,9.7,19.4,2.1,2.9,5.0,.169,1.0,2.6,3.6,2.0
2025,191,edeyza01,22,MEM,C,66,55,1416,18.2,.624,.120,.293,17.5,23.4,20.5,6.1,1.2,5.5,15.3,16.4,2.7,2.2,4.9,.165,-0.2,0.1,-0.1,0.7
2025,192,mccontj01,32,IND,PG,79,1,1415,18.4,.547,.079,.123,3.5,11.6,7.6,37.0,2.8,1.3,14.2,23.4,1.5,1.7,3.2,.109,0.6,0.6,1.2,1.2
2025,193,mannte01,28,2TM,SG,67,13,1414,12.0,.584,.395,.165,5.3,10.4,7.8,11.7,1.6,1.0,9.6,14.7,1.7,1.3,3.0,.101,-1.4,0.0,-1.3,0.2
2025,193,mannte01,28,LAC,SG,37,12,732,10.5,.533,.385,.164,5.0,11.4,8.3,10.9,1.9,1.5,10.7,14.0,0.4,1.0,1.4,.093,-2.5,1.2,-1.3,0.1
2025,193,mannte01,28,ATL,SG,30,1,682,13.7,.629,.404,.165,5.6,9.2,7.4,12.5,1.3,0.5,8.6,15.4,1.3,0.3,1.6,.111,-0.1,-1.2,-1.3,0.1
2025,194,dunnry01,22,PHO,SF,74,44,1410,10.7,.517,.553,.082,7.5,13.5,10.6,5.7,1.5,2.7,7.5,16.7,0.2,0.7,1.0,.034,-2.9,-1.2,-4.1,-0.7
2025,195,merrisa01,28,CLE,SG,71,4,1401,11.1,.583,.868,.068,3.0,8.9,6.1,9.6,1.8,0.9,7.4,14.3,1.8,1.5,3.3,.113,-0.4,0.7,0.3,0.8
2025,196,dosunay01,25,CHI,SG,46,26,1394,12.8,.585,.421,.176,2.0,10.0,6.1,20.2,1.4,1.1,12.5,16.6,1.6,1.0,2.5,.087,-1.4,-0.2,-1.6,0.1
2025,197,jeromty01,27,CLE,SG,70,3,1393,21.0,.643,.409,.239,4.0,9.3,6.7,24.5,2.7,0.2,11.9,23.6,4.2,1.8,5.9,.204,3.5,0.8,4.3,2.2
2025,198,strawju01,22,DEN,SG,65,4,1384,9.5,.559,.553,.185,1.4,9.5,5.6,7.6,1.4,1.0,9.8,17.8,0.5,0.8,1.3,.043,-3.1,-1.4,-4.5,-0.9
2025,199,smithni01,20,CHO,SG,60,27,1369,8.3,.502,.539,.081,1.0,9.1,5.0,16.7,0.6,0.4,12.2,20.8,-0.9,0.3,-0.5,-0.019,-3.2,-2.6,-5.7,-1.3
2025,200,jaqueja01,23,MIA,SF,66,17,1368,14.3,.543,.258,.307,6.8,16.5,11.7,17.9,2.2,1.0,15.7,20.2,0.5,1.8,2.3,.081,-1.4,0.5,-0.9,0.4
2025,201,batumni01,36,LAC,PF,78,8,1367,10.3,.633,.853,.088,4.0,14.0,9.0,7.8,1.9,2.6,12.1,9.0,1.5,2.0,3.5,.124,-1.2,2.0,0.8,1.0
2025,202,alvarjo01,26,NOP,PG,56,23,1366,13.4,.523,.593,.142,2.1,8.9,5.4,27.3,2.6,1.0,13.4,19.8,0.7,0.5,1.2,.043,-0.6,-0.8,-1.4,0.2
2025,203,sochaje01,21,SAS,PF,54,23,1364,15.9,.589,.194,.267,10.0,17.7,13.8,13.7,1.6,1.8,13.8,19.0,1.7,1.1,2.7,.096,-0.8,-0.4,-1.2,0.3
2025,204,kornelu01,29,BOS,C,73,16,1361,19.6,.683,.011,.346,15.2,15.8,15.5,11.9,1.3,4.8,8.8,11.4,4.8,2.2,7.0,.246,1.6,1.7,3.3,1.8
2025,205,lylestr01,29,SAC,PF,69,5,1349,12.3,.551,.636,.214,6.6,19.6,13.1,7.9,1.5,1.7,8.7,14.3,1.3,1.2,2.6,.091,-0.4,-0.3,-0.7,0.4
2025,206,laravja01,23,2TM,PF,66,0,1349,12.6,.591,.421,.341,7.2,13.3,10.3,14.6,2.2,1.6,18.2,14.4,1.4,1.5,2.9,.104,-0.8,1.1,0.2,0.8
2025,206,laravja01,23,MEM,PF,47,0,982,13.5,.605,.373,.398,7.3,14.7,11.1,16.7,2.1,1.9,19.6,14.5,1.2,1.2,2.4,.119,-0.2,1.5,1.3,0.8
2025,206,laravja01,23,SAC,PF,19,0,367,10.2,.551,.542,.198,7.0,9.5,8.2,8.8,2.4,0.8,14.0,14.2,0.2,0.3,0.5,.063,-2.5,-0.2,-2.7,-0.1
2025,207,bogdabo01,32,2TM,SG,54,4,1348,11.1,.559,.587,.134,2.0,11.2,6.6,15.2,1.5,0.8,12.4,18.7,0.7,1.2,1.9,.069,-1.8,-0.2,-2.0,0.0
2025,207,bogdabo01,32,ATL,SG,24,0,598,7.6,.502,.652,.152,2.1,10.1,6.0,10.8,1.6,0.9,13.4,18.9,-0.4,0.4,-0.1,-0.006,-4.1,-0.6,-4.7,-0.4
2025,207,bogdabo01,32,LAC,SG,30,4,750,14.0,.608,.534,.119,1.8,12.1,7.0,18.7,1.4,0.7,11.6,18.6,1.1,0.9,2.0,.128,0.1,0.1,0.2,0.4
2025,208,champju01,23,WAS,SF,62,31,1340,15.7,.614,.470,.178,8.6,18.6,13.6,6.8,2.3,2.6,10.9,15.6,1.6,1.2,2.8,.100,-0.3,-0.2,-0.5,0.5
2025,209,georgpa01,34,PHI,PF,41,41,1334,14.5,.543,.470,.170,2.0,17.2,9.3,20.9,2.8,1.5,14.7,23.5,-0.2,1.2,1.0,.036,-0.5,0.1,-0.4,0.5
2025,210,thompau01,22,DET,SF,59,48,1328,17.2,.568,.107,.309,9.3,15.9,12.6,14.4,3.5,2.9,13.3,19.1,1.5,2.4,3.8,.138,-0.8,2.5,1.7,1.2
2025,211,clingdo01,20,POR,C,67,37,1324,17.4,.574,.147,.311,17.3,26.1,21.6,8.3,1.2,7.5,15.9,14.2,1.8,2.2,4.0,.144,-1.7,1.4,-0.3,0.6
2025,212,hawkijo01,22,NOP,SG,56,9,1321,9.6,.504,.597,.176,2.0,11.2,6.5,7.3,1.1,1.7,8.8,21.0,-0.7,0.1,-0.5,-0.020,-2.4,-3.0,-5.4,-1.2
2025,213,martity01,25,BRK,SG,60,11,1315,10.9,.533,.606,.125,4.8,14.6,9.5,14.6,1.3,0.7,13.1,18.8,0.0,0.9,0.9,.033,-1.4,-1.2,-2.6,-0.2
2025,214,plumlma01,34,PHO,C,74,21,1300,14.8,.645,.020,.634,10.2,28.4,19.5,13.6,1.3,3.4,18.6,10.8,2.4,1.3,3.7,.136,-1.5,1.0,-0.6,0.5
2025,215,mogbojo01,23,TOR,PF,63,18,1286,11.9,.496,.197,.230,8.9,17.3,13.0,15.3,2.1,2.5,15.1,15.0,0.3,1.6,1.9,.071,-2.9,1.0,-1.9,0.0
2025,216,johnsja05,23,ATL,SF,36,36,1284,17.3,.569,.260,.232,5.2,26.0,15.3,20.5,2.0,2.6,15.1,22.5,0.8,1.6,2.4,.089,0.5,1.4,1.8,1.2
2025,217,strusma01,28,CLE,SF,50,37,1273,12.6,.607,.786,.091,4.6,13.6,9.2,15.6,1.0,0.9,12.2,14.7,2.2,1.3,3.4,.130,1.1,0.2,1.3,1.1
2025,218,juzanjo01,23,UTA,SG,64,18,1270,11.8,.573,.661,.112,3.6,12.0,7.8,7.9,1.5,0.6,6.7,17.6,1.3,0.3,1.6,.060,-0.9,-1.4,-2.3,-0.1
2025,219,hollaro01,19,DET,SF,81,2,1266,11.1,.556,.363,.293,3.5,15.5,9.5,8.9,1.9,1.3,13.3,18.1,0.2,1.5,1.8,.067,-3.3,0.3,-3.0,-0.3
2025,220,greenja02,31,2TM,SG,68,19,1258,10.7,.541,.491,.265,5.0,13.9,9.4,5.9,2.5,2.4,9.1,11.8,0.7,0.9,1.6,.063,-2.8,0.5,-2.3,-0.1
2025,220,greenja02,31,NOP,SG,50,18,1092,10.8,.569,.482,.295,4.7,13.1,8.8,5.5,2.4,2.6,10.0,10.9,0.8,0.6,1.4,.063,-2.5,0.3,-2.2,0.0
2025,220,greenja02,31,CLE,SG,18,1,166,10.2,.438,.524,.159,6.7,19.0,13.1,8.4,2.9,0.5,5.6,18.2,-0.1,0.3,0.2,.063,-4.4,1.3,-3.1,0.0
2025,221,richani01,27,2TM,C,57,43,1256,16.6,.634,.006,.461,13.1,27.5,20.4,5.9,0.5,4.2,16.3,17.3,1.8,1.2,3.0,.114,-2.0,-1.3,-3.3,-0.4
2025,221,richani01,27,CHO,C,21,9,440,17.2,.614,.009,.763,12.1,26.5,19.1,9.8,0.8,5.8,17.8,17.9,0.5,0.5,1.1,.117,-2.3,0.2,-2.0,0.0
2025,221,richani01,27,PHO,C,36,34,816,16.3,.645,.004,.313,13.6,28.1,21.1,3.8,0.4,3.3,15.3,17.0,1.3,0.6,1.9,.112,-1.9,-2.1,-3.9,-0.4
2025,222,wadede01,28,CLE,PF,59,30,1252,10.1,.563,.819,.111,4.5,16.6,10.8,7.3,1.6,1.4,7.2,10.4,1.3,1.7,3.0,.113,-1.0,1.2,0.3,0.7
2025,223,councri01,23,PHI,SF,73,12,1250,11.6,.502,.460,.330,4.4,15.4,9.7,11.4,1.3,1.0,8.9,20.3,0.1,0.5,0.6,.023,-2.0,-2.3,-4.3,-0.7
2025,224,salauti01,19,CHO,PF,60,10,1244,7.7,.457,.594,.272,5.9,18.4,12.0,8.5,1.1,1.1,13.1,15.2,-0.9,0.9,0.0,.002,-4.3,-0.8,-5.2,-1.0
2025,225,portibo01,29,MIL,PF,49,7,1244,17.7,.542,.299,.123,8.2,27.0,18.0,12.9,1.4,1.9,8.3,24.1,0.9,1.9,2.7,.106,0.6,-0.4,0.2,0.7
2025,226,diabamo01,23,CHO,C,71,8,1241,16.5,.609,.021,.414,15.7,22.0,18.8,6.8,1.8,3.2,15.6,13.4,1.8,1.5,3.2,.125,-1.4,-0.4,-1.9,0.0
2025,227,robinje02,24,NOP,PF,66,9,1239,12.9,.563,.473,.159,9.3,18.4,13.7,9.9,1.5,0.5,12.1,14.4,1.3,0.5,1.7,.067,-0.9,-1.6,-2.5,-0.2
2025,228,fontesi01,29,DET,SF,75,0,1237,9.7,.544,.609,.225,4.7,14.5,9.6,6.9,1.2,0.9,11.6,15.8,0.4,1.2,1.6,.063,-2.2,-0.7,-2.9,-0.3
2025,229,anthoco01,24,ORL,PG,67,22,1234,14.2,.531,.401,.208,4.1,15.5,9.5,25.5,1.8,2.5,14.8,24.6,0.0,2.0,2.0,.078,-0.8,0.9,0.1,0.7
2025,230,sheppbe01,23,IND,SG,63,9,1229,9.2,.555,.693,.094,4.0,12.0,8.0,8.6,1.5,1.0,6.9,11.3,1.0,1.0,2.1,.081,-2.2,0.2,-2.0,0.0
2025,231,gaffoda01,26,DAL,C,57,31,1226,24.7,.716,.000,.486,14.1,20.3,17.2,10.2,0.9,7.1,11.9,19.5,4.4,1.5,5.9,.232,2.7,1.1,3.8,1.8
2025,232,collijo01,27,UTA,PF,40,31,1220,19.0,.628,.279,.309,7.9,20.9,14.4,10.8,1.5,3.1,14.6,24.2,1.7,0.8,2.5,.098,1.4,-0.4,1.0,0.9
2025,233,martica02,29,2TM,SF,45,24,1218,9.6,.513,.339,.322,4.8,11.7,8.2,10.7,1.9,1.8,13.9,14.4,0.0,0.7,0.6,.025,-2.9,-0.2,-3.2,-0.4
2025,233,martica02,29,PHI,SF,31,24,943,10.1,.531,.375,.319,5.0,11.6,8.2,10.2,1.8,2.1,14.0,14.2,0.1,0.5,0.6,.030,-2.3,-0.2,-2.5,-0.1
2025,233,martica02,29,DAL,SF,14,0,275,8.0,.454,.222,.333,4.0,12.0,8.1,12.3,2.1,0.9,13.6,14.9,-0.2,0.2,0.0,.008,-5.0,-0.3,-5.3,-0.2
2025,234,porzikr01,29,BOS,C,42,42,1210,22.3,.618,.436,.347,6.1,19.3,12.8,11.4,1.3,4.8,7.4,25.9,3.3,2.0,5.3,.212,3.5,1.2,4.7,2.1
2025,235,clarkbr01,28,MEM,PF,64,18,1207,17.6,.638,.045,.229,11.3,17.3,14.3,7.4,2.0,2.7,8.9,15.3,2.7,1.7,4.4,.174,0.0,0.8,0.8,0.9
2025,236,aytonde01,26,POR,C,40,40,1206,17.7,.583,.068,.128,10.9,26.0,18.2,8.5,1.2,2.9,12.2,19.4,1.2,1.6,2.8,.113,-0.3,-0.4,-0.7,0.4
2025,237,walkeja02,21,IND,PF,75,5,1187,11.9,.590,.514,.192,2.4,19.0,10.8,12.2,2.2,1.9,16.7,17.1,0.1,1.5,1.6,.065,-1.8,0.8,-0.9,0.3
2025,238,leonaka01,33,LAC,SF,37,37,1180,20.5,.589,.305,.194,3.4,17.4,10.5,16.4,2.5,1.4,9.6,27.7,1.5,1.9,3.5,.141,2.5,0.6,3.1,1.5
2025,239,capelca01,30,ATL,C,55,41,1176,17.7,.564,.003,.249,15.8,28.2,21.8,7.4,1.4,4.1,9.8,16.7,1.7,1.5,3.2,.131,-0.6,-0.4,-1.0,0.3
2025,240,martico01,29,2TM,SF,53,8,1173,11.3,.509,.465,.188,4.8,15.9,10.3,13.0,2.4,2.7,12.7,14.7,0.1,1.2,1.3,.054,-2.8,1.1,-1.7,0.1
2025,240,martico01,29,CHO,SF,39,8,967,11.7,.528,.463,.183,4.3,15.3,9.7,13.6,2.2,2.6,12.7,14.6,0.3,1.0,1.3,.063,-2.3,1.1,-1.2,0.2
2025,240,martico01,29,PHO,SF,14,0,206,9.5,.417,.474,.211,7.2,18.5,13.0,10.3,3.1,2.7,12.6,15.3,-0.2,0.2,0.0,.010,-4.9,0.9,-4.0,-0.1
2025,241,willima07,23,CHO,C,44,41,1171,23.9,.647,.009,.365,11.8,29.3,20.3,16.5,1.3,4.5,12.0,21.4,3.1,1.6,4.7,.195,2.5,0.9,3.5,1.6
2025,242,achiupr01,25,NYK,C,57,10,1170,13.6,.530,.110,.211,10.0,21.0,15.5,6.2,2.0,3.3,11.2,14.9,0.7,1.7,2.3,.095,-2.1,0.2,-1.9,0.0
2025,243,jovicni01,21,MIA,PF,46,10,1156,13.8,.595,.557,.231,2.5,14.6,8.6,16.6,1.6,1.1,12.6,18.3,1.2,1.3,2.5,.104,-0.3,0.6,0.3,0.7
2025,244,edwarju01,21,PHI,SF,44,26,1155,11.3,.559,.503,.122,4.3,10.4,7.3,8.9,1.9,1.4,11.0,16.9,0.4,0.5,0.9,.039,-2.1,-1.6,-3.7,-0.5
2025,245,krejcvi01,24,ATL,PG,57,16,1153,12.7,.661,.705,.154,2.0,13.1,7.4,16.5,1.5,2.1,13.8,12.9,1.8,0.8,2.6,.110,0.0,0.7,0.7,0.8
2025,246,kuminjo01,22,GSW,PF,47,10,1144,15.7,.535,.266,.414,5.1,15.6,10.2,14.6,1.6,1.7,9.6,27.4,0.5,1.5,1.9,.080,-0.5,-0.1,-0.6,0.4
2025,247,looneke01,28,GSW,C,76,6,1142,17.0,.535,.018,.356,16.9,26.9,21.8,14.3,2.0,3.1,10.8,13.3,2.2,2.1,4.3,.182,-1.0,1.3,0.3,0.7
2025,248,willike04,30,OKC,PF,69,7,1132,13.7,.587,.483,.110,6.3,16.3,11.4,11.0,1.8,0.9,9.5,15.4,1.6,1.9,3.6,.151,-0.4,0.9,0.6,0.7
2025,249,phillju01,21,CHI,SF,79,5,1123,10.2,.571,.533,.265,6.4,9.4,7.9,4.4,1.6,1.5,7.8,12.9,1.0,0.8,1.9,.080,-2.6,-0.4,-3.0,-0.3
2025,250,nesmiaa01,25,IND,SF,45,37,1122,14.6,.653,.515,.211,3.7,13.9,8.8,6.6,1.5,1.4,8.2,17.4,1.9,1.0,2.9,.126,0.0,-0.5,-0.5,0.4
2025,251,bantoda01,25,POR,PG,67,7,1120,12.9,.497,.438,.247,2.8,10.4,6.5,21.5,1.9,2.8,13.3,24.1,-0.3,1.1,0.8,.033,-0.6,-0.2,-0.8,0.3
2025,252,simmobe01,28,2TM,PG,51,24,1120,12.4,.539,.000,.148,4.6,20.3,12.2,37.0,1.7,2.0,30.0,13.2,0.5,1.3,1.8,.078,-2.3,1.8,-0.5,0.4
2025,252,simmobe01,28,BRK,PG,33,24,825,12.6,.562,.000,.153,3.9,20.5,11.8,41.6,1.6,1.9,32.7,14.3,0.3,0.9,1.1,.065,-2.4,1.4,-1.0,0.2
2025,252,simmobe01,28,LAC,PG,18,0,295,11.9,.464,.000,.132,6.6,19.7,13.2,24.3,2.0,2.4,20.0,10.4,0.2,0.5,0.7,.116,-1.9,2.7,0.9,0.2
2025,253,walteja01,20,TOR,SG,52,18,1103,10.8,.523,.473,.211,5.6,10.1,7.8,10.2,1.9,0.9,10.4,18.2,0.3,0.9,1.2,.052,-2.3,-0.6,-3.0,-0.3
2025,254,hayesja02,24,LAL,C,56,35,1093,15.8,.720,.013,.439,8.3,19.1,13.9,7.5,1.4,4.4,13.9,12.4,2.3,1.4,3.7,.162,-1.6,1.3,-0.3,0.5
2025,255,payneca01,30,NYK,PG,72,5,1090,13.8,.532,.574,.121,1.5,9.4,5.5,25.5,1.8,1.4,10.0,20.8,1.3,1.0,2.3,.099,-0.1,-0.2,-0.2,0.5
2025,256,isaacjo01,27,ORL,PF,71,1,1090,16.6,.512,.466,.330,12.0,21.5,16.5,5.5,2.8,7.0,8.2,16.2,0.8,2.5,3.4,.148,-1.1,1.8,0.7,0.7
2025,257,jeffrda01,27,CHO,SG,47,20,1071,7.9,.518,.564,.103,3.6,10.0,6.7,7.2,1.2,2.3,10.3,13.5,0.0,0.6,0.6,.027,-4.0,-0.7,-4.7,-0.7
2025,258,nurkiju01,30,2TM,C,51,32,1063,15.2,.555,.298,.364,8.8,32.0,20.5,16.8,1.9,3.1,19.2,20.6,0.0,1.5,1.5,.066,-2.2,0.9,-1.3,0.2
2025,258,nurkiju01,30,PHO,C,25,23,592,12.6,.556,.362,.423,8.9,33.6,21.6,10.9,1.9,2.5,22.8,18.7,-0.3,0.8,0.5,.039,-3.9,0.5,-3.4,-0.2
2025,258,nurkiju01,30,CHO,C,26,9,471,18.4,.554,.243,.312,8.6,30.0,19.1,24.2,1.8,3.8,15.7,23.0,0.3,0.7,1.0,.099,-0.1,1.4,1.2,0.4
2025,259,curryse01,34,CHO,SG,68,14,1062,12.2,.616,.531,.114,2.4,9.1,5.7,8.8,1.3,0.6,8.2,15.7,1.3,0.5,1.8,.080,-0.8,-0.9,-1.7,0.1
2025,260,willico04,20,UTA,SG,50,21,1060,3.7,.419,.525,.156,2.8,8.7,5.7,7.4,1.0,1.4,13.8,12.5,-1.2,0.1,-1.2,-0.053,-6.1,-1.2,-7.3,-1.4
2025,261,okorois01,24,CLE,SG,55,22,1053,10.7,.587,.566,.172,5.2,8.1,6.7,8.0,1.5,1.4,7.4,12.5,1.5,1.0,2.5,.115,-1.1,0.6,-0.5,0.4
2025,262,ighodos01,22,PHO,PF,61,6,1045,11.1,.610,.011,.267,7.2,16.2,11.9,9.1,1.3,2.6,15.7,10.5,1.1,0.6,1.6,.075,-2.9,0.3,-2.6,-0.2
2025,263,butleja02,24,2TM,SG,60,17,1044,15.6,.549,.373,.201,2.5,9.3,5.8,33.8,2.0,1.2,14.0,23.6,1.0,0.4,1.4,.063,0.5,-1.5,-1.0,0.3
2025,263,butleja02,24,WAS,PG,32,0,362,17.7,.562,.233,.256,4.0,7.8,5.9,38.8,1.6,1.2,12.9,26.1,0.5,0.1,0.6,.079,2.2,-1.2,1.0,0.3
2025,263,butleja02,24,PHI,SG,28,17,682,14.5,.540,.462,.166,1.8,10.0,5.7,31.2,2.2,1.2,14.6,22.2,0.4,0.3,0.8,.055,-0.4,-1.7,-2.1,0.0
2025,264,battlja01,23,TOR,SF,59,10,1042,10.7,.590,.746,.052,3.7,12.8,8.1,7.1,0.8,0.9,7.1,15.3,1.0,0.7,1.7,.079,-0.9,-1.3,-2.3,-0.1
2025,265,clownno01,20,BRK,PF,46,20,1042,9.2,.516,.702,.215,4.5,15.8,9.9,5.9,1.1,2.0,10.2,19.0,-0.3,0.8,0.5,.023,-3.1,-1.0,-4.1,-0.5
2025,266,carusal01,30,OKC,SG,54,3,1041,15.9,.568,.541,.162,4.0,12.2,8.2,16.6,4.0,2.9,9.9,15.2,1.6,2.3,3.9,.180,0.1,3.9,4.0,1.6
2025,267,murrakr01,24,POR,SF,69,6,1040,9.1,.472,.430,.204,7.7,11.3,9.5,9.0,1.6,1.5,12.4,13.9,-0.2,0.9,0.7,.033,-3.1,0.1,-3.0,-0.3
2025,268,murrade01,28,NOP,PG,31,31,1012,15.4,.494,.352,.251,1.8,20.1,10.7,34.6,3.0,1.1,16.2,27.3,-0.7,0.9,0.2,.009,-1.3,-0.3,-1.6,0.1
2025,269,suggsja01,23,ORL,PG,35,35,1002,14.4,.536,.503,.229,2.5,14.2,8.1,21.6,2.5,3.2,16.2,27.5,-0.7,1.8,1.1,.052,-0.8,1.3,0.4,0.6
2025,270,anderky01,31,2TM,PF,61,4,1002,15.1,.538,.231,.215,5.7,16.8,11.2,20.7,2.0,3.1,10.0,15.9,1.3,1.5,2.8,.135,-0.6,2.2,1.5,0.9
2025,270,anderky01,31,GSW,PF,36,3,541,14.8,.522,.308,.160,5.2,17.0,10.9,21.2,2.3,3.5,10.0,15.7,0.6,0.9,1.5,.132,-0.3,2.6,2.3,0.6
2025,270,anderky01,31,MIA,SF,25,1,461,15.3,.557,.134,.284,6.3,16.6,11.5,20.1,1.5,2.7,10.1,16.1,0.7,0.6,1.3,.139,-1.0,1.7,0.6,0.3
2025,271,bostobr01,23,NOP,SG,42,10,993,12.7,.535,.367,.223,3.0,11.9,7.3,13.7,2.6,0.9,11.1,20.0,0.2,0.5,0.7,.033,-2.3,-0.2,-2.5,-0.1
2025,272,terryda01,22,CHI,SG,73,5,987,9.6,.546,.388,.257,4.1,9.0,6.6,12.7,2.1,1.3,15.1,14.9,0.2,0.8,1.1,.052,-4.0,0.2,-3.8,-0.5
2025,273,jacksan01,23,MIL,SG,67,43,980,8.6,.554,.386,.122,7.5,12.5,10.1,10.9,1.7,1.3,21.8,11.9,0.1,1.0,1.2,.059,-3.6,0.2,-3.4,-0.3
2025,274,colliza01,27,2TM,PF,64,12,977,16.0,.605,.351,.258,11.1,19.9,15.6,15.6,1.4,2.6,15.1,17.1,1.7,1.0,2.7,.132,-0.8,0.8,0.0,0.5
2025,274,colliza01,27,SAS,C,36,4,425,14.4,.566,.348,.265,9.6,15.9,12.7,16.9,1.6,3.2,13.5,17.1,0.6,0.4,1.0,.110,-1.6,1.5,-0.1,0.2
2025,274,colliza01,27,CHI,PF,28,8,552,17.2,.635,.353,.253,12.4,23.0,17.8,14.6,1.3,2.2,16.4,17.1,1.1,0.6,1.7,.149,-0.1,0.2,0.1,0.3
2025,275,jackstr02,24,GSW,C,62,37,967,18.5,.587,.010,.338,13.2,21.7,17.3,16.1,1.2,3.7,11.5,17.1,1.9,1.4,3.4,.167,0.3,0.9,1.2,0.8
2025,276,bryanth01,27,2TM,C,66,8,963,17.2,.614,.461,.199,9.7,19.2,14.5,7.6,1.4,3.9,7.9,17.1,1.8,1.2,3.1,.152,0.7,0.0,0.6,0.6
2025,276,bryanth01,27,MIA,C,10,0,115,15.8,.624,.607,.393,5.8,24.8,15.4,4.8,0.4,7.5,5.7,13.4,0.2,0.2,0.4,.171,-1.1,1.1,0.0,0.1
2025,276,bryanth01,27,IND,C,56,8,848,17.4,.613,.447,.181,10.2,18.5,14.4,8.0,1.5,3.4,8.1,17.6,1.6,1.0,2.6,.150,0.9,-0.2,0.7,0.6
2025,277,smithja04,24,CHI,C,64,2,962,18.7,.586,.544,.218,9.9,28.7,19.5,9.7,0.8,4.0,7.6,21.0,1.7,1.3,2.9,.146,1.5,-0.6,0.9,0.7
2025,278,clarkjo01,32,UTA,SG,37,9,962,14.5,.540,.471,.290,2.8,10.4,6.6,22.9,1.5,0.9,13.4,27.8,0.2,0.2,0.4,.021,0.6,-2.1,-1.5,0.1
2025,279,paytoga02,32,GSW,SG,62,11,927,16.2,.635,.319,.128,6.0,15.8,10.7,13.5,2.7,1.7,11.0,16.1,1.5,1.5,3.0,.155,-0.5,2.0,1.4,0.8
2025,280,millebr02,22,CHO,SF,27,27,924,14.0,.540,.597,.161,2.8,12.5,7.6,18.3,1.5,2.1,12.6,27.7,-0.2,0.7,0.4,.023,0.8,-0.8,0.0,0.4
2025,281,brownbr01,28,2TM,PG,41,12,922,10.9,.504,.262,.210,4.5,14.9,9.6,12.8,1.8,1.0,10.4,17.2,0.1,0.6,0.7,.035,-3.2,-0.6,-3.8,-0.4
2025,281,brownbr01,28,TOR,PG,18,0,353,12.3,.525,.275,.221,5.0,15.9,10.3,11.3,2.3,0.8,11.7,19.3,0.0,0.4,0.4,.060,-2.7,0.2,-2.5,0.0
2025,281,brownbr01,28,NOP,PG,23,12,569,10.1,.488,.253,.202,4.2,14.3,9.1,13.8,1.4,1.2,9.4,15.9,0.1,0.2,0.2,.020,-3.4,-1.2,-4.6,-0.4
2025,282,quickim01,25,TOR,PG,33,33,918,17.5,.570,.514,.292,1.8,12.1,6.8,31.5,1.2,0.4,10.5,25.1,1.8,0.6,2.5,.128,3.2,-1.0,2.2,1.0
2025,283,watfotr01,24,BRK,PF,44,6,913,13.0,.557,.251,.349,4.4,16.0,9.9,21.0,1.5,1.3,17.1,23.3,0.0,0.8,0.7,.038,-2.3,-0.8,-3.1,-0.3
2025,284,martike04,24,2TM,PF,43,16,912,10.2,.618,.289,.234,3.6,11.8,7.6,7.4,0.9,2.3,9.8,11.5,1.1,0.2,1.3,.068,-3.2,-0.3,-3.6,-0.4
2025,284,martike04,24,PHI,PF,24,7,480,12.3,.689,.212,.293,4.8,12.5,8.5,5.7,1.1,3.3,9.7,11.2,0.9,0.2,1.1,.107,-2.1,0.3,-1.7,0.0
2025,284,martike04,24,UTA,SF,19,9,432,7.9,.546,.363,.176,2.3,10.9,6.6,9.3,0.7,1.3,9.8,11.8,0.2,0.0,0.2,.024,-4.6,-1.1,-5.6,-0.4
2025,285,sharpda01,23,BRK,C,50,2,908,19.7,.568,.142,.233,17.8,23.8,20.7,16.8,2.3,4.6,15.3,19.9,1.3,1.4,2.7,.141,0.0,0.9,0.9,0.7
2025,286,hardyja02,22,DAL,SG,57,3,907,10.4,.549,.476,.208,1.1,9.4,5.3,13.2,1.5,0.5,15.4,25.3,-0.8,0.5,-0.3,-0.016,-2.8,-1.9,-4.7,-0.6
2025,287,bonaad01,21,PHI,C,58,11,905,16.5,.714,.005,.521,11.1,19.9,15.3,4.4,1.4,7.5,20.5,14.3,1.4,0.9,2.3,.121,-2.9,0.2,-2.7,-0.2
2025,288,jonestr01,25,2TM,PG,46,9,905,16.3,.617,.202,.282,3.7,9.9,6.8,28.6,1.9,1.0,11.6,14.1,2.3,0.6,2.9,.155,0.5,1.0,1.5,0.8
2025,288,jonestr01,25,SAS,PG,28,0,450,13.8,.572,.280,.355,3.6,10.3,6.9,30.1,1.9,1.0,16.3,12.2,0.9,0.3,1.1,.118,-1.2,1.1,-0.1,0.2
2025,288,jonestr01,25,CHI,PG,18,9,455,18.8,.647,.152,.234,3.8,9.5,6.7,27.1,1.9,1.0,8.0,16.0,1.5,0.4,1.8,.191,2.1,1.0,3.1,0.6
2025,289,iveyja01,22,DET,SG,30,30,898,14.7,.569,.373,.281,5.0,10.3,7.6,19.7,1.5,1.2,16.1,26.0,0.3,0.8,1.2,.062,0.8,-0.8,0.0,0.5
2025,290,olynyke01,33,2TM,C,44,22,891,14.9,.609,.295,.403,7.3,17.9,12.4,20.5,1.8,2.0,19.4,18.5,1.0,0.7,1.7,.092,-1.1,0.4,-0.7,0.3
2025,290,olynyke01,33,TOR,C,24,2,383,14.9,.624,.364,.364,6.8,18.4,12.5,20.7,2.0,2.0,20.4,18.8,0.4,0.5,0.9,.112,-0.7,0.9,0.2,0.2
2025,290,olynyke01,33,NOP,C,20,20,508,14.8,.596,.240,.433,7.6,17.5,12.4,20.4,1.6,2.1,18.7,18.2,0.6,0.3,0.8,.077,-1.4,0.0,-1.4,0.1
2025,291,holmgch01,22,OKC,C,32,32,877,19.2,.599,.340,.393,6.0,25.0,15.7,9.7,1.3,8.2,12.3,22.0,1.1,2.0,3.2,.173,0.5,1.9,2.4,1.0
2025,292,quetane01,25,BOS,C,62,6,863,16.3,.674,.015,.300,11.2,18.5,14.9,7.4,1.0,4.5,14.8,13.7,1.8,1.4,3.2,.179,-1.7,1.0,-0.7,0.3
2025,293,burksal01,33,MIA,SG,49,14,863,12.8,.608,.764,.181,1.9,13.8,7.9,9.1,1.6,0.8,9.0,16.5,0.9,0.9,1.8,.100,0.0,0.3,0.3,0.5
2025,294,bouchch01,32,TOR,PF,50,0,862,18.7,.615,.522,.235,8.5,19.6,13.9,5.9,1.3,2.8,6.6,21.2,1.7,1.0,2.7,.148,2.9,-0.6,2.3,0.9
2025,295,willizi01,24,NOP,PF,30,30,857,27.3,.600,.026,.474,9.3,18.2,13.6,36.6,2.1,3.0,12.8,34.7,1.9,0.6,2.5,.141,5.9,1.0,7.0,1.9
2025,296,middlkh01,33,2TM,SF,37,21,843,16.7,.588,.395,.249,1.7,15.4,8.7,26.8,2.0,0.9,13.0,22.0,1.2,0.8,2.0,.116,0.4,0.3,0.7,0.6
2025,296,middlkh01,33,MIL,SF,23,7,534,17.8,.627,.408,.218,1.1,15.7,8.7,28.5,1.5,0.9,13.8,22.0,1.1,0.6,1.7,.150,1.7,0.6,2.2,0.6
2025,296,middlkh01,33,WAS,SF,14,14,309,14.9,.526,.373,.302,2.7,14.9,8.7,23.9,2.8,0.9,11.7,22.0,0.1,0.2,0.4,.057,-1.9,-0.1,-2.0,0.0
2025,297,simpskj01,22,CHO,PG,36,15,842,8.3,.437,.432,.166,4.8,9.0,6.9,19.8,2.0,0.7,14.8,19.1,-1.0,0.5,-0.4,-0.025,-4.5,-0.9,-5.4,-0.7
2025,298,miltosh01,28,2TM,SG,57,2,837,11.9,.563,.417,.232,4.2,9.9,7.0,18.3,1.5,0.5,12.5,16.7,0.8,0.5,1.3,.077,-1.7,-0.5,-2.2,0.0
2025,298,miltosh01,28,BRK,SG,27,1,492,12.8,.580,.459,.210,3.5,8.5,5.9,20.6,1.5,0.2,10.4,17.0,0.7,0.3,1.0,.093,-0.8,-0.2,-0.9,0.1
2025,298,miltosh01,28,LAL,SG,30,1,345,10.5,.535,.351,.268,5.0,12.1,8.7,15.1,1.4,0.8,15.6,16.3,0.1,0.3,0.4,.055,-3.1,-0.9,-4.0,-0.2
2025,299,livelde01,20,DAL,C,36,29,833,20.1,.704,.000,.382,13.9,21.3,17.7,14.3,1.2,5.7,15.5,13.6,2.4,1.0,3.4,.199,1.1,2.2,3.3,1.1
2025,300,mathega01,28,ATL,SG,47,2,830,11.2,.606,.848,.304,1.7,10.0,5.7,9.3,1.5,1.7,9.6,15.9,1.0,0.5,1.5,.087,-1.1,-0.5,-1.6,0.1
2025,301,whitmca01,20,HOU,SF,51,3,827,15.5,.549,.454,.179,4.5,15.1,9.7,8.9,1.8,1.4,9.6,23.9,0.6,1.2,1.8,.106,0.7,-0.4,0.3,0.5
2025,302,rolliry01,22,MIL,PG,56,19,820,14.0,.600,.443,.166,2.9,11.1,7.2,17.8,2.5,1.9,15.4,18.4,0.7,1.0,1.7,.101,-1.4,0.9,-0.5,0.3
2025,303,sassema01,24,DET,PG,57,1,811,14.0,.589,.514,.172,2.5,6.9,4.7,22.9,2.2,0.5,14.5,19.4,1.0,0.8,1.8,.108,-0.4,-0.2,-0.6,0.3
2025,304,adamsst01,31,HOU,C,58,3,794,16.6,.541,.012,.557,21.8,22.0,21.9,10.9,1.3,3.2,20.6,13.6,1.0,1.3,2.3,.137,0.0,0.3,0.3,0.5
2025,305,holidaa01,28,HOU,PG,62,3,792,12.2,.594,.675,.153,1.7,8.9,5.2,14.3,1.2,1.2,11.5,16.8,1.2,0.8,2.0,.122,-0.4,0.1,-0.2,0.3
2025,306,matkoka01,23,NOP,PF,42,7,791,15.6,.639,.281,.187,8.5,20.4,14.2,8.6,1.3,5.0,14.5,15.9,1.0,0.6,1.6,.096,-1.9,-0.2,-2.0,0.0
2025,307,houstca01,22,ORL,SF,58,6,788,9.4,.605,.842,.089,2.6,8.6,5.5,6.4,1.4,0.7,6.2,11.7,0.9,0.9,1.8,.109,-2.4,0.2,-2.2,0.0
2025,308,micicva01,31,2TM,PG,41,16,785,6.5,.462,.458,.150,2.7,9.6,6.0,24.3,0.9,0.0,20.9,19.9,-1.2,0.2,-1.0,-0.060,-4.6,-2.4,-7.0,-1.0
2025,308,micicva01,31,CHO,PG,36,16,764,6.8,.462,.458,.150,2.7,9.5,6.1,24.8,1.0,0.0,20.3,20.3,-1.1,0.3,-0.9,-0.056,-4.4,-2.4,-6.8,-0.9
2025,308,micicva01,31,PHO,PG,5,0,21,-5.2,,,,0.0,10.4,5.3,5.6,0.0,0.0,100.0,6.3,-0.1,0.0,-0.1,-0.189,-10.7,-4.1,-14.8,-0.1
2025,309,willija07,22,OKC,PF,47,9,784,16.4,.594,.692,.136,6.7,28.7,17.9,19.0,1.3,3.7,13.0,14.6,1.5,1.7,3.3,.199,1.5,2.7,4.3,1.2
2025,310,larsspe01,23,MIA,SG,55,8,782,10.2,.546,.468,.300,4.0,9.0,6.5,11.6,2.0,0.9,9.5,14.4,0.6,0.8,1.4,.086,-3.8,0.7,-3.1,-0.2
2025,311,thomaca02,23,BRK,SG,25,23,781,18.0,.575,.430,.333,2.1,10.4,6.0,22.9,1.0,0.3,10.6,32.6,0.8,0.4,1.2,.071,2.8,-2.6,0.3,0.5
2025,312,waterli01,27,2TM,SG,52,9,778,8.8,.504,.747,.044,2.7,12.8,7.6,9.1,1.7,1.3,7.3,14.8,0.1,0.9,1.0,.062,-3.0,0.2,-2.8,-0.2
2025,312,waterli01,27,GSW,SG,38,9,655,8.4,.498,.722,.054,2.6,13.5,7.9,8.8,1.6,1.5,7.5,14.6,0.0,0.8,0.8,.057,-3.5,0.4,-3.1,-0.2
2025,312,waterli01,27,DET,SG,14,0,123,11.0,.534,.864,.000,3.6,8.9,6.3,10.8,2.0,0.8,6.4,16.1,0.1,0.1,0.2,.086,-0.5,-0.7,-1.2,0.0
2025,313,balllo01,27,CHI,PG,35,14,777,12.2,.524,.802,.111,3.4,12.3,8.0,18.9,2.8,1.9,13.9,15.9,0.3,0.9,1.2,.075,-1.5,1.7,0.2,0.4
2025,314,robinor01,24,2TM,C,44,8,770,12.9,.519,.199,.268,12.1,18.7,15.4,14.0,1.1,2.0,14.4,18.5,0.4,0.8,1.2,.072,-3.0,-0.4,-3.4,-0.3
2025,314,robinor01,24,SAC,C,9,0,57,12.2,.473,.294,.412,5.9,21.7,13.8,20.6,2.6,1.7,16.6,18.2,0.0,0.1,0.1,.047,-4.1,1.3,-2.9,0.0
2025,314,robinor01,24,TOR,C,35,8,713,12.9,.523,.193,.258,12.6,18.5,15.5,13.5,0.9,2.0,14.2,18.6,0.4,0.7,1.1,.074,-2.9,-0.5,-3.5,-0.3
2025,315,gordoer01,36,PHI,SG,39,13,768,10.8,.591,.672,.235,1.1,5.8,3.4,12.0,1.7,1.5,11.1,14.4,0.7,0.2,0.9,.053,-0.8,-0.8,-1.6,0.1
2025,316,santogu01,22,GSW,PF,56,2,762,11.7,.575,.575,.235,9.9,14.5,12.1,14.2,1.6,1.2,17.5,13.2,0.8,0.9,1.7,.110,-2.2,0.5,-1.7,0.1
2025,317,shamela01,27,NYK,SG,50,0,762,9.7,.601,.678,.078,1.7,7.5,4.6,4.7,1.5,0.2,8.5,14.8,0.5,0.5,1.0,.065,-1.9,-0.6,-2.4,-0.1
2025,318,mykhasv01,27,UTA,SF,38,13,760,9.8,.526,.672,.116,3.1,9.6,6.4,14.7,1.2,0.9,14.1,20.3,-0.2,0.1,-0.1,-0.009,-1.4,-2.1,-3.5,-0.3
2025,319,drumman01,31,PHI,C,40,23,751,16.0,.535,.085,.385,15.8,31.6,23.4,6.8,2.6,2.4,16.7,19.1,0.2,1.0,1.2,.078,-2.4,-0.8,-3.2,-0.2
2025,320,walkeja01,22,POR,PF,60,1,749,15.0,.601,.314,.310,8.3,22.6,15.3,7.2,2.1,0.7,11.6,16.3,1.0,1.0,2.0,.128,-1.2,0.5,-0.8,0.2
2025,321,huffja01,26,MEM,C,64,2,748,18.2,.666,.656,.184,4.3,13.9,9.1,7.0,1.0,6.9,9.3,19.6,1.6,1.0,2.5,.162,2.5,1.0,3.5,1.1
2025,322,eubandr01,27,2TM,C,61,4,746,15.6,.622,.031,.366,8.9,24.1,16.5,10.6,0.8,5.0,15.4,15.1,1.0,0.7,1.7,.107,-1.2,0.6,-0.7,0.3
2025,322,eubandr01,27,UTA,C,37,4,568,15.9,.632,.034,.393,7.6,24.1,15.9,11.7,0.8,5.3,15.4,14.8,0.8,0.4,1.2,.100,-0.9,0.9,0.0,0.3
2025,322,eubandr01,27,LAC,C,24,0,178,14.8,.589,.020,.286,12.9,23.8,18.5,7.1,0.6,3.9,15.3,16.0,0.2,0.3,0.5,.129,-2.4,-0.3,-2.7,0.0
2025,323,hortota01,24,CHI,SG,58,0,724,13.8,.567,.419,.337,2.8,11.5,7.2,16.1,1.4,1.3,10.7,21.6,0.6,0.5,1.1,.075,-1.4,-1.1,-2.4,-0.1
2025,324,harriga01,30,ORL,SG,48,3,711,6.9,.524,.759,.090,3.1,7.5,5.2,5.8,1.8,1.6,10.9,9.5,0.1,0.9,1.0,.067,-3.9,1.2,-2.7,-0.1
2025,325,pottemi01,26,UTA,C,38,10,705,8.5,.563,.726,.148,6.6,18.4,12.5,5.8,1.0,1.9,17.7,10.3,0.2,0.3,0.4,.030,-2.9,-0.6,-3.5,-0.3
2025,326,howarje01,21,ORL,SF,60,0,701,7.1,.491,.710,.088,3.1,8.6,5.7,9.6,0.9,1.5,11.7,19.2,-0.6,0.8,0.1,.010,-4.1,-1.2,-5.3,-0.6
2025,327,jordade01,36,DEN,C,56,5,691,15.4,.621,.000,.457,14.0,30.3,22.6,9.5,1.1,3.5,19.2,12.8,0.9,0.9,1.8,.127,-1.4,0.2,-1.2,0.2
2025,328,postqu01,24,GSW,PF,42,14,686,14.2,.595,.653,.099,5.3,18.3,11.6,12.2,1.1,2.5,10.3,19.6,0.8,0.9,1.7,.116,0.1,0.0,0.1,0.4
2025,329,weslebl01,21,SAS,SG,58,0,683,9.9,.510,.312,.328,2.7,6.9,4.8,22.3,2.6,0.8,20.2,16.7,-0.3,0.4,0.2,.011,-3.9,-0.3,-4.2,-0.4
2025,330,mamuksa01,25,SAS,PF,61,0,681,19.7,.628,.573,.206,9.7,19.7,14.7,10.7,1.6,2.3,7.8,20.8,1.6,0.6,2.2,.152,3.3,-1.0,2.3,0.7
2025,331,smartma01,30,2TM,PG,34,7,680,12.4,.529,.549,.276,2.8,8.3,5.6,21.7,2.7,1.2,15.8,20.6,0.1,0.6,0.7,.051,-1.6,0.1,-1.5,0.1
2025,331,smartma01,30,MEM,PG,19,6,400,11.3,.504,.608,.243,3.7,7.6,5.7,22.2,2.7,1.4,17.6,20.0,0.0,0.5,0.4,.054,-1.7,0.5,-1.2,0.1
2025,331,smartma01,30,WAS,PG,15,1,280,14.0,.563,.468,.321,1.5,9.3,5.4,20.9,2.7,1.0,13.2,21.5,0.1,0.2,0.3,.046,-1.5,-0.5,-1.9,0.0
2025,332,pickeja02,25,DEN,SG,49,4,666,10.9,.545,.561,.044,2.6,8.8,5.9,19.5,1.4,0.7,11.6,13.2,0.8,0.3,1.1,.078,-0.8,-0.7,-1.5,0.1
2025,333,evbuoto01,23,BRK,SF,28,0,665,11.6,.530,.350,.332,5.2,15.8,10.2,12.9,1.8,1.5,13.4,19.1,0.0,0.6,0.6,.044,-3.0,-0.3,-3.2,-0.2
2025,334,reevean01,24,NOP,SG,44,6,660,11.7,.579,.520,.141,2.9,7.6,5.1,8.8,1.5,0.6,10.2,18.8,0.4,0.0,0.4,.029,-1.2,-2.0,-3.2,-0.2
2025,335,lowryky01,38,PHI,PG,35,12,659,9.8,.525,.752,.282,1.8,10.0,5.8,19.2,2.5,1.6,13.8,10.1,0.6,0.4,1.0,.070,-2.8,1.5,-1.3,0.1
2025,336,sheppre01,20,HOU,PG,52,3,654,9.7,.465,.594,.067,2.6,10.3,6.4,15.2,2.6,2.3,13.1,17.8,-0.3,1.0,0.8,.055,-3.0,1.3,-1.7,0.1
2025,337,joneshe01,26,NOP,SF,20,20,648,10.4,.541,.419,.233,3.6,9.6,6.5,13.8,2.8,1.3,15.6,14.6,0.1,0.3,0.4,.033,-3.9,0.2,-3.6,-0.3
2025,338,johnsaj01,20,2TM,SG,29,11,639,7.1,.480,.423,.174,1.3,8.3,4.8,17.1,0.9,0.4,13.2,17.4,-0.5,0.0,-0.4,-0.032,-5.6,-2.5,-8.1,-1.0
2025,338,johnsaj01,20,MIL,SG,7,0,44,10.6,.503,.263,.105,0.0,16.6,8.6,23.1,1.1,0.0,16.8,23.8,-0.1,0.0,0.0,-0.023,-3.1,-1.8,-4.9,0.0
2025,338,johnsaj01,20,WAS,SG,22,11,595,6.9,.478,.438,.180,1.4,7.7,4.5,16.7,0.9,0.5,12.9,17.0,-0.4,0.0,-0.4,-0.033,-5.8,-2.5,-8.3,-0.9
2025,339,klebima01,33,DAL,PF,34,4,637,5.6,.489,.510,.219,4.4,11.7,8.1,8.3,0.7,2.3,17.9,8.7,0.0,0.4,0.3,.023,-4.2,0.4,-3.8,-0.3
2025,340,wrighde01,32,2TM,PG,40,7,635,9.2,.440,.557,.191,4.9,6.5,5.7,15.0,2.7,1.8,13.4,11.3,0.0,0.7,0.7,.053,-2.8,1.4,-1.4,0.1
2025,340,wrighde01,32,MIL,PG,26,2,405,7.4,.365,.598,.195,4.2,8.0,6.2,14.5,2.7,2.1,13.6,11.2,-0.3,0.5,0.2,.022,-4.1,1.6,-2.5,-0.1
2025,340,wrighde01,32,NYK,PG,14,5,230,12.4,.566,.490,.184,6.1,4.0,5.0,15.9,2.6,1.2,13.1,11.5,0.3,0.2,0.5,.109,-0.6,1.1,0.5,0.1
2025,341,simsje01,26,2TM,C,53,5,632,10.0,.639,.000,.183,12.9,22.0,17.6,6.4,0.8,2.8,30.1,7.6,0.5,0.7,1.3,.096,-3.1,0.1,-3.0,-0.2
2025,341,simsje01,26,NYK,C,39,5,422,9.9,.619,.000,.283,14.0,21.0,17.5,6.3,0.9,2.2,28.9,7.5,0.4,0.5,0.8,.096,-3.3,-0.2,-3.5,-0.2
2025,341,simsje01,26,MIL,C,14,0,210,10.2,.680,.000,.000,10.8,23.9,17.6,6.6,0.5,4.0,32.4,7.7,0.1,0.3,0.4,.097,-2.8,0.9,-1.9,0.0
2025,342,okogijo01,26,2TM,SG,40,7,625,16.3,.567,.434,.401,8.0,11.8,9.9,7.9,3.8,2.8,11.1,19.5,0.6,0.7,1.3,.100,-0.1,1.6,1.5,0.6
2025,342,okogijo01,26,PHO,SG,25,1,351,15.8,.586,.368,.281,10.4,12.4,11.4,5.8,3.0,2.7,11.1,18.1,0.4,0.3,0.7,.092,0.1,0.3,0.4,0.2
2025,342,okogijo01,26,CHO,SG,15,6,274,16.8,.548,.510,.541,5.0,11.1,8.0,10.6,4.8,2.9,11.0,21.2,0.2,0.4,0.6,.110,-0.3,3.3,3.1,0.4
2025,343,dowtije01,27,PHI,PG,41,3,621,16.1,.570,.304,.196,2.1,9.1,5.5,19.6,1.9,1.9,5.7,18.6,1.1,0.3,1.3,.103,0.7,-0.5,0.2,0.3
2025,344,theisda01,32,NOP,C,38,9,621,12.1,.558,.287,.287,7.4,21.5,14.2,13.0,1.4,3.1,14.7,11.6,0.6,0.4,1.0,.077,-3.3,0.0,-3.3,-0.2
2025,345,josepco01,33,ORL,PG,50,16,612,10.9,.547,.695,.117,3.0,11.2,6.9,17.0,2.1,0.6,10.0,12.8,0.6,0.9,1.5,.114,-2.3,1.4,-0.8,0.2
2025,346,nnajize01,24,DEN,PF,57,4,608,12.0,.574,.369,.312,6.3,9.8,8.1,4.6,2.0,5.6,8.0,12.2,0.6,0.6,1.2,.097,-2.1,0.7,-1.3,0.1
2025,347,edwarke02,24,DAL,SF,40,18,608,11.3,.597,.400,.096,4.0,16.3,10.3,9.1,1.5,2.8,10.2,11.1,0.6,0.6,1.2,.096,-2.0,0.6,-1.4,0.1
2025,348,connapa01,32,MIL,SG,41,1,603,12.1,.567,.458,.175,3.6,15.6,9.8,15.8,0.7,1.7,11.2,15.6,0.6,0.6,1.2,.093,-1.4,-0.8,-2.3,0.0
2025,349,mitchaj01,22,OKC,SG,36,1,597,12.0,.587,.326,.190,3.3,8.8,6.1,13.8,2.0,0.7,12.7,16.2,0.6,0.9,1.5,.122,-2.5,0.9,-1.6,0.1
2025,350,ingrabr01,27,NOP,SF,18,18,595,16.0,.560,.345,.165,3.0,15.5,9.1,26.8,1.3,1.8,16.2,30.2,-0.2,0.2,0.0,.001,1.4,-1.7,-0.3,0.3
2025,351,mccaija01,20,PHI,SG,23,8,592,15.2,.589,.485,.204,2.4,8.6,5.4,16.7,1.2,0.0,11.0,24.7,0.6,0.1,0.7,.057,1.8,-1.6,0.2,0.3
2025,352,reddica01,25,LAL,SF,33,8,589,7.4,.498,.500,.277,3.3,9.1,6.3,4.8,2.8,1.6,10.2,8.8,0.0,0.6,0.7,.054,-4.4,1.6,-2.7,-0.1
2025,353,tateja01,29,HOU,SF,52,2,588,12.3,.557,.311,.318,8.9,12.4,10.6,10.5,2.2,1.1,11.5,13.3,0.8,0.8,1.6,.133,-2.1,1.4,-0.7,0.2
2025,354,prospol01,22,DAL,PF,52,4,584,12.6,.484,.293,.437,8.4,15.0,11.8,9.1,2.2,0.9,6.3,16.3,0.3,0.5,0.9,.072,-1.6,-0.5,-2.1,0.0
2025,355,vandeja01,25,LAL,PF,36,2,581,13.2,.537,.264,.298,13.6,21.5,17.6,9.4,3.0,1.6,17.5,12.5,0.5,0.9,1.4,.114,-2.3,1.3,-1.0,0.2
2025,356,embiijo01,30,PHI,C,19,19,574,23.4,.580,.244,.537,6.8,24.5,15.3,25.6,1.2,3.1,13.7,34.2,0.9,0.5,1.4,.118,3.7,-0.3,3.5,0.8
2025,357,morrimo01,29,PHO,PG,45,0,571,13.1,.546,.441,.215,2.4,10.5,6.5,18.1,1.7,0.5,9.0,18.1,0.6,0.2,0.8,.064,-1.0,-0.8,-1.8,0.0
2025,358,wagnemo01,27,ORL,C,30,1,564,22.3,.649,.301,.442,7.7,23.1,15.0,13.7,2.1,2.0,14.1,26.8,1.0,1.0,2.0,.174,2.6,1.4,4.0,0.9
2025,359,brogdma01,32,WAS,PG,24,13,564,15.8,.544,.233,.383,3.9,13.0,8.4,27.4,1.1,0.8,11.9,23.7,0.6,0.1,0.7,.061,-0.1,-1.5,-1.5,0.1
2025,360,konchjo01,28,MEM,SG,46,4,558,12.1,.592,.681,.088,7.1,21.4,14.3,8.8,2.5,2.3,14.5,8.0,0.6,0.9,1.5,.131,-0.7,2.3,1.7,0.5
2025,361,jonesdi01,23,OKC,SF,54,3,552,8.1,.464,.474,.211,6.0,17.3,11.8,12.6,1.4,0.7,16.2,13.3,-0.1,0.9,0.8,.067,-4.3,0.3,-4.0,-0.3
2025,362,poweldw01,33,DAL,C,55,3,551,12.9,.713,.082,.705,9.5,13.7,11.7,12.5,1.6,3.3,18.4,7.6,1.2,0.5,1.7,.147,-1.5,1.5,0.0,0.3
2025,363,goodwjo01,26,LAL,PG,29,5,543,12.1,.541,.472,.076,8.1,14.9,11.6,10.5,2.7,1.9,14.9,14.1,0.2,0.7,1.0,.084,-1.7,0.8,-0.8,0.2
2025,364,holmeri01,31,WAS,PF,31,7,534,19.8,.695,.022,.432,12.0,22.5,17.2,12.1,0.8,3.9,11.3,14.7,1.6,0.4,2.0,.178,1.2,0.0,1.1,0.4
2025,365,gueyemo02,22,ATL,PF,33,28,533,14.4,.520,.474,.246,8.8,20.0,14.3,6.6,2.5,5.7,7.3,15.7,0.4,0.8,1.2,.106,-1.6,1.0,-0.6,0.2
2025,366,biyombi01,32,SAS,C,28,26,528,12.2,.576,.000,.219,8.7,23.4,16.0,7.9,1.5,3.9,17.8,12.3,0.2,0.6,0.8,.071,-3.6,0.0,-3.6,-0.2
2025,367,clarkja02,23,MIN,SG,40,4,522,12.0,.598,.425,.308,5.6,5.6,5.6,6.7,3.4,0.4,5.5,12.0,0.9,0.7,1.6,.147,-2.9,2.7,-0.2,0.2
2025,368,dilliro01,20,MIN,PG,49,1,516,10.2,.503,.351,.071,2.6,8.0,5.4,28.4,1.9,0.2,19.6,22.7,-0.4,0.6,0.1,.012,-3.3,-0.9,-4.2,-0.3
2025,369,jonesco02,22,2TM,SG,39,0,515,11.4,.544,.380,.271,4.3,13.6,9.0,12.0,2.4,2.4,13.7,13.7,0.1,0.4,0.6,.053,-3.3,0.4,-2.8,-0.1
2025,369,jonesco02,22,SAC,SG,24,0,130,8.6,.500,.385,.000,6.9,13.0,9.9,6.7,2.3,5.3,21.2,10.9,-0.1,0.2,0.1,.036,-3.9,1.2,-2.7,0.0
2025,369,jonesco02,22,WAS,SG,15,0,385,12.3,.553,.379,.340,3.5,13.8,8.6,13.8,2.5,1.4,11.9,14.7,0.2,0.3,0.5,.059,-3.1,0.2,-2.9,-0.1
2025,370,portecr01,24,CLE,PG,51,1,513,13.1,.610,.343,.229,4.1,9.9,7.1,17.7,1.6,2.6,19.8,15.9,0.5,0.6,1.1,.102,0.1,1.0,1.1,0.4
2025,371,vukcetr01,21,WAS,C,35,1,513,17.8,.608,.421,.277,5.2,21.2,13.2,13.0,1.0,4.0,13.4,25.7,0.3,0.4,0.7,.069,0.4,-0.9,-0.5,0.2
2025,372,paytoel01,30,2TM,PG,24,9,511,8.5,.340,.049,.057,3.1,13.9,8.3,43.3,2.3,2.1,32.1,15.2,-0.9,0.3,-0.6,-0.057,-5.1,-1.3,-6.4,-0.6
2025,372,paytoel01,30,NOP,PG,18,7,388,10.6,.380,.059,.069,3.8,14.9,9.2,50.3,2.2,2.0,33.3,17.0,-0.6,0.2,-0.4,-0.047,-3.6,-1.9,-5.5,-0.3
2025,372,paytoel01,30,CHO,PG,6,2,123,1.7,.143,.000,.000,0.8,10.6,5.6,21.1,2.4,2.4,25.0,9.7,-0.3,0.1,-0.2,-0.087,-9.9,0.7,-9.2,-0.2
2025,373,cainja01,25,NOP,SF,37,0,502,11.4,.544,.506,.316,5.6,12.8,9.1,6.2,2.2,1.7,10.9,17.0,0.1,0.2,0.4,.036,-2.5,-0.8,-3.4,-0.2
2025,374,wallake01,25,ATL,PG,31,5,501,10.1,.503,.506,.068,1.5,9.6,5.5,21.0,2.6,1.7,16.5,16.4,-0.1,0.5,0.4,.034,-3.3,1.0,-2.3,0.0
2025,375,landajo01,29,HOU,C,42,3,500,16.0,.590,.171,.263,11.7,17.6,14.6,10.3,1.3,1.8,11.0,15.7,1.0,0.7,1.7,.159,0.0,0.4,0.4,0.3
2025,376,willivi01,24,MEM,SG,27,5,499,9.2,.504,.569,.144,4.7,15.9,10.4,13.8,1.1,1.3,15.7,17.0,-0.1,0.5,0.4,.040,-2.5,-0.3,-2.8,-0.1
2025,377,moorewe01,23,2TM,SG,36,1,499,11.0,.553,.325,.175,6.4,14.3,10.3,11.6,1.9,1.0,16.6,13.8,0.2,0.5,0.7,.063,-2.6,-0.1,-2.7,-0.1
2025,377,moorewe01,23,DET,SG,20,1,219,12.4,.561,.280,.280,5.6,16.6,11.1,13.5,2.2,1.3,13.8,12.6,0.2,0.3,0.5,.115,-1.7,1.7,0.0,0.1
2025,377,moorewe01,23,CHO,SG,16,0,280,10.0,.547,.355,.105,7.1,12.4,9.7,10.2,1.8,0.7,18.5,14.8,-0.1,0.2,0.1,.023,-3.2,-1.5,-4.7,-0.2
2025,378,willibr03,25,DAL,PG,33,3,487,18.3,.634,.319,.351,2.7,10.1,6.5,23.2,2.4,0.9,15.2,22.6,0.9,0.4,1.3,.129,1.0,-0.1,1.0,0.4
2025,379,lawsoaj01,24,TOR,SG,26,2,486,12.7,.542,.532,.332,4.3,14.9,9.5,9.1,1.3,1.2,6.4,20.0,0.4,0.4,0.8,.081,-1.5,-1.0,-2.5,-0.1
2025,380,willigr01,26,CHO,PF,16,7,479,11.5,.596,.602,.301,3.9,14.5,9.1,11.3,1.8,2.7,16.7,14.8,0.3,0.4,0.7,.071,-2.3,0.7,-1.6,0.1
2025,381,walkelo01,26,PHI,SG,20,7,477,13.1,.548,.599,.142,1.4,14.1,7.5,16.5,1.0,1.0,10.0,22.8,0.2,0.1,0.3,.033,0.0,-2.4,-2.4,0.0
2025,382,reathdu01,28,POR,C,46,0,469,13.7,.552,.639,.133,9.9,11.4,10.6,8.0,1.2,2.7,8.3,17.0,0.6,0.4,1.0,.105,0.2,-0.5,-0.3,0.2
2025,383,beekmre01,23,2TM,PG,36,4,469,7.5,.400,.374,.196,3.0,6.6,4.7,19.1,3.5,0.4,15.3,12.8,-0.4,0.5,0.1,.010,-6.7,1.3,-5.4,-0.4
2025,383,beekmre01,23,GSW,PG,2,0,4,42.3,1.000,.000,.000,26.1,0.0,13.5,41.9,12.2,0.0,0.0,10.5,0.0,0.0,0.0,.598,9.8,16.1,26.0,0.0
2025,383,beekmre01,23,BRK,PG,34,4,465,7.2,.395,.377,.198,2.8,6.7,4.6,18.9,3.4,0.4,15.4,12.8,-0.4,0.5,0.1,.005,-6.8,1.2,-5.6,-0.4
2025,384,joneska01,24,2TM,C,40,6,468,20.2,.804,.046,.294,9.6,19.7,14.8,7.9,1.6,4.6,12.8,13.0,1.4,0.7,2.1,.216,1.4,1.5,2.9,0.6
2025,384,joneska01,24,LAC,C,28,0,208,14.5,.739,.056,.333,8.3,16.6,12.5,6.5,1.4,6.2,19.5,10.8,0.3,0.4,0.7,.160,-2.0,2.6,0.6,0.1
2025,384,joneska01,24,DAL,C,12,6,260,24.8,.837,.041,.274,10.7,22.2,16.5,9.0,1.7,3.3,8.9,14.8,1.1,0.3,1.4,.261,4.2,0.6,4.8,0.4
2025,385,nancela02,32,ATL,PF,24,3,463,16.0,.632,.490,.084,5.3,19.4,12.2,11.3,2.0,2.6,9.1,15.7,0.8,0.5,1.3,.131,1.1,0.7,1.8,0.4
2025,386,gilleco01,25,PHO,PG,33,9,461,16.8,.578,.570,.139,5.5,13.2,9.4,24.0,2.3,1.0,9.2,17.7,1.0,0.3,1.3,.131,2.3,0.2,2.5,0.5
2025,387,ruperra01,20,POR,SG,52,0,460,8.1,.499,.415,.211,6.0,10.6,8.2,7.6,1.7,0.8,16.2,16.8,-0.3,0.4,0.1,.007,-4.1,-0.6,-4.7,-0.3
2025,388,jacksgg01,20,MEM,PF,29,3,459,9.3,.482,.477,.201,6.3,14.8,10.6,8.2,1.2,1.0,12.5,21.7,-0.4,0.4,0.1,.009,-3.3,-2.0,-5.3,-0.4
2025,389,tysonja01,22,CLE,SG,47,3,453,11.1,.523,.389,.161,9.1,13.7,11.5,12.4,1.4,0.6,14.0,17.4,0.3,0.5,0.8,.083,-2.4,-0.2,-2.7,-0.1
2025,390,bolbo01,25,PHO,PF,36,10,448,18.4,.627,.508,.142,5.1,20.4,13.0,7.7,1.0,5.2,9.3,21.1,0.6,0.3,0.9,.097,1.7,-0.9,0.8,0.3
2025,391,reedpa01,25,DET,C,45,0,438,18.6,.573,.197,.296,10.2,20.8,15.6,14.0,4.3,5.4,13.9,18.0,0.6,1.0,1.6,.173,-1.2,4.0,2.9,0.5
2025,392,castlco01,24,3TM,C,26,4,432,11.3,.536,.163,.388,13.0,17.9,15.4,8.9,0.9,2.2,16.7,13.4,0.3,0.4,0.7,.075,-4.0,-1.0,-5.0,-0.3
2025,392,castlco01,24,MEM,C,10,0,46,7.4,.472,.400,1.100,7.0,13.7,10.4,0.0,1.0,2.0,6.3,13.9,0.0,0.0,0.1,.068,-6.1,-1.0,-7.1,-0.1
2025,392,castlco01,24,TOR,C,11,4,288,10.1,.549,.125,.281,12.4,16.0,14.1,8.3,1.0,2.7,22.6,13.5,0.0,0.3,0.3,.047,-5.0,-0.8,-5.7,-0.3
2025,392,castlco01,24,PHI,C,5,0,98,16.5,.536,.167,.375,17.8,25.3,21.4,14.6,0.5,1.0,3.5,12.9,0.3,0.1,0.3,.161,-0.3,-1.7,-2.0,0.0
2025,393,queentr01,27,ORL,SG,31,2,430,11.9,.486,.524,.143,6.6,7.9,7.2,13.3,3.6,2.2,12.3,18.1,-0.1,0.8,0.7,.074,-2.6,2.3,-0.3,0.2
2025,394,branhma01,21,SAS,SG,47,0,427,12.0,.575,.442,.174,1.8,11.1,6.4,13.4,1.2,0.4,14.3,23.8,-0.1,0.2,0.1,.007,-1.2,-1.9,-3.2,-0.1
2025,395,millejo02,25,LAC,SF,37,0,420,10.5,.509,.284,.261,6.3,9.3,7.8,11.2,2.0,1.2,14.8,18.2,-0.1,0.5,0.4,.049,-3.0,0.2,-2.8,-0.1
2025,396,bambamo01,26,2TM,C,32,2,413,13.9,.557,.482,.241,8.8,30.5,19.7,6.0,1.1,7.4,13.9,15.2,0.2,0.8,1.0,.117,-2.7,1.9,-0.9,0.1
2025,396,bambamo01,26,LAC,C,28,2,352,14.5,.561,.485,.243,8.5,29.8,19.3,6.3,1.3,7.9,14.3,16.5,0.1,0.8,0.9,.124,-2.6,2.4,-0.2,0.2
2025,396,bambamo01,26,NOP,C,4,0,61,10.6,.506,.444,.222,10.3,34.6,22.1,4.2,0.0,4.7,9.2,7.5,0.1,0.0,0.1,.080,-3.4,-1.1,-4.5,0.0
2025,397,roddyda01,23,3TM,PF,33,3,410,11.9,.561,.488,.208,3.4,19.5,11.2,11.5,1.6,2.0,13.9,16.0,0.1,0.4,0.5,.062,-1.6,0.1,-1.5,0.1
2025,397,roddyda01,23,ATL,PF,27,3,346,11.8,.594,.462,.237,3.4,19.2,11.1,11.2,1.6,2.1,16.3,14.6,0.2,0.3,0.5,.070,-1.6,0.5,-1.2,0.1
2025,397,roddyda01,23,PHI,PF,3,0,29,19.1,.474,.579,.000,7.5,28.5,17.6,19.0,3.4,0.0,5.0,30.0,0.0,0.0,0.0,.036,3.2,-0.4,2.9,0.0
2025,397,roddyda01,23,HOU,PF,3,0,35,7.2,.440,.538,.308,0.0,15.5,7.6,7.7,0.0,2.6,6.3,18.5,0.0,0.0,0.0,.007,-5.1,-3.2,-8.3,-0.1
2025,398,gibsota01,39,CHO,C,37,11,409,10.8,.515,.021,.211,13.0,18.4,15.6,7.5,1.1,4.3,19.4,13.4,0.0,0.4,0.4,.043,-5.2,-0.1,-5.3,-0.3
2025,399,diengou01,21,OKC,C,37,1,405,11.5,.538,.568,.128,4.9,16.3,10.7,9.6,2.0,1.7,12.0,15.7,0.1,0.7,0.9,.104,-2.0,1.1,-0.9,0.1
2025,400,walshjo01,20,BOS,PF,52,1,403,6.9,.464,.663,.145,6.2,12.4,9.3,6.0,1.5,2.5,16.1,11.5,-0.2,0.5,0.4,.044,-4.4,0.5,-3.9,-0.2
2025,401,tysonhu01,24,DEN,PF,51,2,400,9.0,.506,.617,.233,7.2,13.9,10.7,6.1,1.2,1.3,9.6,15.5,0.1,0.3,0.4,.047,-3.3,-1.5,-4.8,-0.3
2025,402,gillan01,32,WAS,PF,51,0,397,10.2,.586,.352,.568,4.7,12.6,8.6,5.7,1.1,0.5,8.3,12.7,0.4,0.1,0.5,.058,-3.0,-1.5,-4.5,-0.3
2025,403,cartede02,22,SAC,PG,36,0,396,10.8,.471,.480,.346,5.4,16.2,10.8,13.5,2.6,1.0,11.0,17.9,-0.1,0.4,0.4,.043,-3.5,0.3,-3.2,-0.1
2025,404,greenje02,38,HOU,PF,32,3,396,13.6,.649,.653,.215,2.9,12.9,7.8,7.0,0.7,0.9,6.4,14.7,0.9,0.4,1.3,.159,0.3,0.0,0.4,0.2
2025,405,jemistr01,25,2TM,C,38,0,392,8.9,.537,.000,.446,12.4,17.1,14.8,5.5,1.1,3.6,21.3,12.4,0.0,0.3,0.3,.037,-6.3,-0.5,-6.8,-0.5
2025,405,jemistr01,25,NOP,C,16,0,166,9.4,.461,.000,.656,13.9,14.7,14.3,8.0,2.0,3.5,19.5,13.0,-0.1,0.1,0.0,.009,-5.8,-0.4,-6.2,-0.2
2025,405,jemistr01,25,LAL,C,22,0,226,8.6,.603,.000,.286,11.3,18.9,15.2,3.6,0.4,3.7,22.8,11.9,0.0,0.2,0.3,.057,-6.7,-0.6,-7.3,-0.3
2025,406,jacksre01,34,PHI,PG,31,1,384,9.8,.496,.556,.068,2.3,10.4,6.2,17.1,2.1,0.8,11.0,17.5,0.0,0.2,0.1,.015,-3.2,-0.8,-4.0,-0.2
2025,407,scheiba01,24,BOS,SG,31,2,384,10.3,.490,.745,.109,5.4,13.0,9.2,11.3,2.2,0.5,9.4,14.5,0.2,0.5,0.7,.089,-2.5,0.8,-1.7,0.0
2025,408,jacksqu01,26,IND,PG,28,7,381,14.7,.580,.328,.328,4.1,8.7,6.4,18.6,2.6,1.2,10.3,17.7,0.6,0.4,1.0,.126,-1.2,0.8,-0.3,0.2
2025,409,lenal01,31,2TM,C,46,7,380,10.6,.525,.143,.270,11.3,16.7,14.0,12.6,1.2,5.4,22.1,10.3,0.2,0.4,0.7,.083,-3.9,1.2,-2.6,-0.1
2025,409,lenal01,31,SAC,C,36,3,258,13.1,.557,.146,.317,10.8,17.0,13.9,14.5,1.5,6.8,19.1,9.6,0.3,0.3,0.6,.121,-2.1,2.4,0.3,0.2
2025,409,lenal01,31,LAL,C,10,4,122,5.3,.463,.136,.182,12.4,16.1,14.3,8.5,0.4,2.3,27.5,11.8,-0.1,0.1,0.0,.002,-7.6,-1.3,-8.9,-0.2
2025,410,furphjo01,20,IND,SG,50,0,379,9.8,.506,.543,.239,6.8,14.0,10.4,6.2,2.3,2.6,10.6,13.0,0.1,0.5,0.5,.070,-3.0,0.6,-2.5,0.0
2025,411,bassech01,24,SAS,C,36,1,376,19.0,.597,.000,.282,15.9,27.4,21.7,6.6,1.8,7.2,14.9,17.5,0.5,0.6,1.1,.136,-1.7,0.6,-1.1,0.1
2025,412,barlodo01,21,ATL,PF,35,4,375,14.6,.580,.239,.292,10.0,15.0,12.4,6.9,1.1,3.9,3.8,14.5,0.7,0.3,1.0,.131,-1.4,-0.8,-2.2,0.0
2025,413,exumda01,29,DAL,PG,20,13,372,13.6,.589,.396,.231,1.2,8.3,4.8,21.5,1.6,0.7,13.0,19.6,0.4,0.2,0.6,.083,-1.2,-1.1,-2.3,0.0
2025,414,baughda01,24,CHO,SG,15,2,370,6.3,.399,.431,.115,3.9,10.6,7.2,22.2,2.0,0.5,18.5,19.3,-0.8,0.2,-0.5,-0.069,-5.9,-1.2,-7.1,-0.5
2025,415,sprinja01,22,2TM,PG,43,2,365,10.7,.511,.533,.422,5.1,12.1,8.6,12.1,3.2,1.0,13.0,14.3,0.1,0.4,0.5,.070,-4.3,1.6,-2.7,-0.1
2025,415,sprinja01,22,BOS,SG,26,0,141,12.1,.520,.559,.618,3.1,15.4,9.2,9.1,4.3,0.7,8.5,14.7,0.1,0.3,0.4,.133,-4.4,4.1,-0.3,0.1
2025,415,sprinja01,22,UTA,PG,17,2,224,9.8,.504,.518,.304,6.3,10.0,8.2,14.0,2.6,1.3,15.9,14.1,0.0,0.1,0.1,.031,-4.3,0.0,-4.3,-0.1
2025,416,williro04,27,POR,C,20,3,351,18.9,.679,.038,.218,10.5,26.3,18.2,8.6,1.8,8.5,16.6,12.2,0.6,0.7,1.3,.175,-0.1,3.2,3.0,0.4
2025,417,mcderdo01,33,SAC,SF,42,3,342,9.5,.617,.863,.043,1.0,6.2,3.6,2.8,0.6,0.6,4.8,15.7,0.4,0.1,0.4,.061,-0.8,-2.4,-3.2,-0.1
2025,418,kolokch01,24,LAL,C,37,0,342,13.0,.624,.061,.212,11.9,18.2,15.1,6.4,1.2,4.4,14.3,10.8,0.5,0.4,0.9,.130,-3.0,0.2,-2.8,-0.1
2025,419,shannte01,24,MIN,SG,32,1,339,11.9,.560,.272,.184,3.3,11.9,7.7,13.8,1.0,1.4,10.9,17.7,0.3,0.4,0.6,.091,-2.1,0.0,-2.1,0.0
2025,420,brookke02,24,NOP,SF,14,6,332,12.8,.581,.394,.275,3.8,15.4,9.4,5.7,1.5,2.9,8.9,17.1,0.3,0.1,0.4,.057,-2.2,-1.3,-3.5,-0.1
2025,421,thomptr01,33,CLE,C,40,0,328,9.1,.410,.042,.423,10.9,32.7,22.1,8.8,0.3,3.0,14.3,12.7,-0.2,0.5,0.4,.057,-4.9,0.3,-4.6,-0.2
2025,422,lewisma05,22,2TM,SF,28,1,327,9.9,.516,.463,.093,6.0,13.5,9.5,9.0,1.4,2.1,11.1,16.9,-0.1,0.3,0.2,.030,-3.2,-1.1,-4.4,-0.2
2025,422,lewisma05,22,LAL,SF,7,0,29,2.2,.333,.000,.000,8.0,0.0,3.9,8.8,1.7,0.0,25.0,12.1,-0.1,0.0,0.0,-0.082,-6.6,-2.9,-9.4,-0.1
2025,422,lewisma05,22,BRK,SF,21,1,298,10.6,.526,.490,.098,5.8,14.8,10.1,9.0,1.3,2.3,10.1,17.4,0.0,0.2,0.3,.041,-2.9,-1.0,-3.9,-0.1
2025,423,carteje01,29,CHI,PG,36,1,321,12.2,.509,.719,.068,1.3,11.2,6.4,17.2,1.9,0.8,6.8,21.0,0.1,0.3,0.3,.046,-1.0,-1.1,-2.1,0.0
2025,424,millspa02,36,2TM,PG,29,0,321,8.4,.543,.781,.146,1.4,6.0,3.7,11.1,1.9,0.9,14.3,15.6,0.0,0.1,0.1,.017,-3.2,0.0,-3.2,-0.1
2025,424,millspa02,36,UTA,PG,17,0,260,6.2,.473,.750,.066,1.3,7.4,4.4,11.0,2.2,1.1,17.0,15.1,-0.3,0.1,-0.2,-0.040,-4.5,0.0,-4.4,-0.2
2025,424,millspa02,36,LAC,PG,12,0,61,17.5,.772,.900,.450,1.9,0.0,0.9,11.8,0.8,0.0,4.0,17.9,0.3,0.0,0.3,.259,2.2,-0.1,2.1,0.1
2025,425,manntr01,23,CHO,PG,13,0,319,13.3,.537,.373,.130,3.9,8.9,6.3,21.2,1.1,1.2,12.8,26.0,0.0,0.1,0.1,.019,-0.6,-1.9,-2.4,0.0
2025,426,hoodsja01,21,2TM,SG,15,0,315,7.9,.494,.469,.214,1.1,9.0,4.9,16.7,0.8,2.2,14.4,17.3,-0.2,0.1,-0.1,-0.015,-4.4,-2.5,-6.9,-0.4
2025,426,hoodsja01,21,LAL,SG,2,0,14,11.5,1.064,.000,2.000,8.3,0.0,4.0,9.2,0.0,6.7,34.7,9.0,0.0,0.0,0.0,.156,-3.9,1.5,-2.4,0.0
2025,426,hoodsja01,21,PHI,SG,13,0,301,7.7,.484,.474,.196,0.7,9.4,4.9,17.0,0.8,2.0,13.9,17.7,-0.2,0.1,-0.1,-0.023,-4.5,-2.6,-7.1,-0.4
2025,427,craigto01,34,2TM,SF,26,4,314,12.9,.567,.733,.133,9.3,15.6,12.5,7.2,1.3,3.5,7.7,14.1,0.4,0.4,0.8,.122,-1.0,0.1,-0.9,0.1
2025,427,craigto01,34,CHI,SF,9,1,113,17.2,.663,.778,.089,7.6,15.5,11.6,6.3,0.8,0.8,0.0,17.3,0.3,0.1,0.4,.173,3.4,-1.1,2.3,0.1
2025,427,craigto01,34,BOS,SF,17,3,201,10.5,.474,.689,.178,10.3,15.6,13.0,7.6,1.5,5.1,14.2,12.3,0.1,0.3,0.4,.094,-3.4,0.7,-2.7,0.0
2025,428,mclaujo01,28,2TM,PG,46,0,314,12.3,.600,.639,.306,2.1,8.5,5.3,21.0,2.5,0.3,16.4,13.3,0.4,0.2,0.6,.098,-1.6,0.0,-1.6,0.0
2025,428,mclaujo01,28,SAC,PG,28,0,190,9.4,.519,.591,.364,2.4,10.0,6.2,15.7,2.8,0.0,17.7,14.0,0.0,0.2,0.2,.045,-3.9,0.4,-3.5,-0.1
2025,428,mclaujo01,28,SAS,PG,18,0,124,16.9,.734,.714,.214,1.7,6.1,3.9,29.1,1.9,0.7,14.0,12.3,0.4,0.0,0.5,.178,1.8,-0.5,1.3,0.1
2025,429,thybuma01,27,POR,SG,15,5,312,17.0,.592,.545,.170,4.7,13.6,9.0,12.7,5.1,2.6,12.1,14.4,0.4,0.6,0.9,.146,0.0,5.1,5.0,0.6
2025,430,jonesis01,24,SAC,PF,40,0,304,15.2,.678,.096,.434,8.1,12.9,10.5,5.6,0.8,3.2,13.9,16.3,0.5,0.2,0.7,.115,-0.9,-0.8,-1.7,0.0
2025,431,kolekty01,23,NYK,PG,41,0,296,10.3,.453,.573,.207,3.1,7.3,5.2,29.5,2.0,1.3,16.7,15.8,0.1,0.3,0.4,.058,-2.6,-0.3,-2.8,-0.1
2025,432,robinmi01,26,NYK,C,17,3,290,20.4,.676,.000,.339,20.8,19.2,20.0,5.9,2.7,5.8,13.4,11.1,0.8,0.5,1.3,.221,1.5,1.8,3.3,0.4
2025,433,minotjo01,22,MIN,SF,46,0,276,15.5,.605,.478,.211,4.9,13.8,9.4,9.5,2.7,4.0,10.1,17.2,0.4,0.5,0.9,.153,-0.7,2.9,2.2,0.3
2025,434,brownko01,25,LAC,PF,40,0,272,10.8,.513,.361,.097,8.0,18.9,13.5,11.9,1.3,1.5,13.8,14.0,0.1,0.4,0.5,.085,-2.5,0.4,-2.1,0.0
2025,435,smithdr01,27,MIA,SG,14,1,268,13.3,.656,.492,.197,5.0,9.8,7.4,12.0,3.9,2.1,20.4,13.8,0.2,0.4,0.7,.118,-1.3,3.4,2.1,0.3
2025,436,wongis01,24,CHO,SG,20,0,265,10.9,.500,.314,.324,5.5,7.4,6.4,16.5,2.0,0.0,13.0,22.1,-0.1,0.1,0.1,.010,-2.9,-1.0,-4.0,-0.1
2025,437,baglema01,25,2TM,PF,31,2,265,18.4,.560,.179,.330,15.0,18.2,16.6,6.5,1.6,2.7,9.0,20.9,0.4,0.2,0.6,.108,0.4,-1.6,-1.2,0.1
2025,437,baglema01,25,WAS,C,19,1,166,19.9,.573,.141,.324,16.8,18.3,17.5,7.1,2.0,2.7,11.9,23.3,0.2,0.1,0.3,.089,1.0,-2.0,-1.0,0.0
2025,437,baglema01,25,MEM,PF,12,1,99,15.7,.534,.257,.343,11.9,18.0,15.0,5.3,0.9,2.8,2.4,16.8,0.2,0.1,0.3,.140,-0.5,-1.0,-1.5,0.0
2025,438,tshieos01,25,UTA,C,14,1,255,21.0,.640,.000,.443,19.6,31.9,25.8,5.3,2.4,0.4,10.7,15.3,0.7,0.3,1.0,.182,0.6,-2.0,-1.4,0.0
2025,439,timmedr01,24,BRK,PF,9,2,254,11.0,.500,.343,.157,7.3,22.5,14.5,13.1,0.8,0.4,12.1,21.3,-0.1,0.2,0.0,.009,-3.9,-2.8,-6.7,-0.3
2025,440,baglema02,23,PHI,SF,10,4,253,11.8,.456,.464,.145,9.9,21.9,15.7,5.5,1.8,4.7,8.7,13.8,0.0,0.2,0.2,.045,-3.4,-0.9,-4.3,-0.1
2025,441,spencca01,24,MEM,SG,25,1,252,14.2,.587,.634,.232,5.1,7.5,6.3,16.9,1.7,0.4,6.2,15.4,0.6,0.2,0.8,.160,0.3,0.2,0.5,0.2
2025,442,loveke01,36,MIA,PF,23,9,251,16.2,.488,.583,.200,9.8,31.4,20.7,13.1,3.0,1.5,10.1,24.6,-0.1,0.5,0.4,.083,-0.3,0.7,0.4,0.2
2025,443,spencpa01,28,GSW,PG,39,0,250,12.6,.455,.218,.149,6.3,13.7,9.9,28.1,2.7,1.1,14.3,21.2,-0.1,0.4,0.3,.055,-3.0,1.4,-1.6,0.0
2025,444,thorjt01,22,2TM,PF,20,0,249,10.0,.517,.356,.373,8.4,11.8,10.1,3.3,1.5,3.2,11.6,13.1,0.0,0.2,0.2,.033,-4.3,-1.1,-5.4,-0.2
2025,444,thorjt01,22,CLE,PF,9,0,42,19.1,.756,.400,.533,8.0,7.5,7.7,3.4,2.3,6.4,24.5,24.8,0.0,0.1,0.1,.132,-1.2,1.3,0.0,0.0
2025,444,thorjt01,22,WAS,PF,11,0,207,8.2,.429,.341,.318,8.5,12.6,10.5,3.3,1.4,2.6,5.6,10.8,0.0,0.1,0.1,.013,-4.9,-1.6,-6.5,-0.2
2025,445,carlsbr01,25,OKC,C,32,0,246,17.6,.581,.680,.186,7.6,15.8,11.8,7.5,1.0,8.6,6.3,19.3,0.4,0.5,0.9,.177,0.5,0.8,1.3,0.2
2025,446,whiteda01,20,BRK,SF,20,0,246,9.4,.580,.771,.052,1.8,12.1,6.7,7.8,1.2,0.4,13.3,20.1,-0.1,0.1,0.1,.010,-1.5,-2.2,-3.7,-0.1
2025,447,davisjo06,22,WAS,SG,34,0,242,10.2,.473,.372,.192,4.3,12.1,8.2,6.6,2.9,2.2,7.6,15.9,-0.1,0.2,0.1,.010,-3.5,0.7,-2.8,0.0
2025,448,martija02,21,2TM,SF,16,0,239,9.1,.497,.311,.135,4.8,14.4,9.6,10.3,1.8,0.0,13.3,15.9,-0.1,0.1,0.0,-0.004,-4.5,-1.9,-6.3,-0.3
2025,448,martija02,21,BRK,SF,3,0,5,12.8,.750,.500,.000,0.0,0.0,0.0,0.0,0.0,0.0,0.0,17.5,0.0,0.0,0.0,.112,4.0,-0.6,3.4,0.0
2025,448,martija02,21,WAS,SF,13,0,234,9.0,.491,.306,.139,4.9,14.7,9.8,10.5,1.8,0.0,13.6,15.9,-0.1,0.1,0.0,-0.007,-4.6,-1.9,-6.5,-0.3
2025,449,hylanbo01,24,2TM,PG,24,0,239,16.0,.576,.695,.220,2.4,9.3,5.9,20.1,3.7,1.7,16.2,28.2,0.1,0.4,0.5,.095,0.9,1.8,2.7,0.3
2025,449,hylanbo01,24,LAC,PG,20,0,222,16.4,.569,.696,.226,2.6,9.6,6.1,19.2,4.0,1.8,16.0,29.6,0.0,0.4,0.4,.090,1.2,1.9,3.1,0.3
2025,449,hylanbo01,24,MIN,PG,4,0,17,11.1,.833,.667,.000,0.0,6.4,3.3,32.2,0.0,0.0,25.0,10.2,0.0,0.0,0.1,.165,-3.3,0.1,-3.2,0.0
2025,450,tillmxa01,26,BOS,C,33,2,231,2.4,.310,.604,.075,4.7,15.5,10.1,3.8,2.4,2.0,20.4,13.1,-0.7,0.4,-0.3,-0.057,-8.4,0.3,-8.1,-0.4
2025,451,templga01,38,TOR,SG,28,0,227,8.5,.406,.467,.200,4.2,9.7,6.8,17.4,3.6,0.8,13.3,13.9,-0.1,0.3,0.2,.033,-5.7,2.1,-3.6,-0.1
2025,452,rhodeja01,25,2TM,SG,14,2,227,16.4,.602,.448,.287,6.5,13.5,9.9,10.5,2.1,0.8,8.4,19.7,0.4,0.2,0.6,.131,-0.5,0.0,-0.5,0.1
2025,452,rhodeja01,25,CHO,SG,4,0,12,5.4,.250,.250,.000,17.4,18.1,17.8,26.5,4.1,0.0,11.1,31.9,-0.1,0.0,-0.1,-0.229,-7.4,-1.2,-8.6,0.0
2025,452,rhodeja01,25,TOR,SG,10,2,215,17.0,.633,.468,.316,5.8,13.3,9.5,9.6,2.0,0.9,8.2,19.0,0.5,0.2,0.7,.151,-0.1,0.1,0.0,0.1
2025,453,garzalu01,26,MIN,C,39,0,219,18.8,.573,.343,.333,16.0,11.5,13.7,8.2,1.4,1.3,9.1,26.2,0.4,0.3,0.7,.144,-0.4,-1.9,-2.3,0.0
2025,454,hukpoar01,22,NYK,C,25,1,217,7.6,.654,.000,.419,7.5,19.4,13.5,6.4,0.2,6.4,36.4,11.6,-0.2,0.3,0.1,.020,-6.5,0.9,-5.6,-0.2
2025,455,reeseal01,25,2TM,PF,15,0,216,14.0,.641,.759,.222,4.5,20.8,12.3,2.6,2.3,4.5,9.2,13.2,0.3,0.2,0.5,.109,-0.9,-0.3,-1.2,0.0
2025,455,reeseal01,25,OKC,PF,1,0,2,53.6,1.000,.000,.000,54.8,0.0,26.8,0.0,0.0,0.0,0.0,21.2,0.0,0.0,0.0,.590,23.2,-3.6,19.6,0.0
2025,455,reeseal01,25,PHI,PF,14,0,214,13.6,.635,.774,.226,4.1,21.0,12.2,2.7,2.3,4.6,9.3,13.1,0.2,0.2,0.5,.105,-1.1,-0.3,-1.4,0.0
2025,456,saricda01,30,DEN,C,16,4,210,7.7,.449,.448,.172,7.7,17.9,13.1,13.1,1.6,0.4,19.4,15.6,-0.2,0.2,0.0,.001,-4.4,-0.4,-4.8,-0.1
2025,457,flaglad01,25,OKC,SG,37,0,203,3.7,.335,.750,.021,3.8,10.3,7.1,7.3,1.9,1.5,4.0,21.1,-0.6,0.3,-0.3,-0.062,-8.1,-2.3,-10.3,-0.4
2025,458,okekech01,26,2TM,PF,9,3,196,15.3,.641,.700,.075,11.7,15.5,13.5,10.5,1.3,2.0,6.8,9.8,0.5,0.1,0.6,.145,1.6,-1.8,-0.2,0.1
2025,458,okekech01,26,PHI,PF,7,3,171,16.5,.699,.667,.091,12.7,15.9,14.2,10.6,1.4,1.7,8.0,9.5,0.5,0.1,0.6,.162,2.3,-2.0,0.3,0.1
2025,458,okekech01,26,CLE,PF,2,0,25,6.8,.357,.857,.000,4.5,12.6,8.7,9.5,0.0,3.6,0.0,11.9,0.0,0.0,0.0,.028,-3.6,-0.5,-4.1,0.0
2025,459,peterdr01,25,BOS,PF,25,1,186,10.5,.601,.805,.220,5.3,18.1,11.7,9.1,1.3,1.0,15.1,12.5,0.2,0.3,0.4,.115,-1.8,1.0,-0.8,0.1
2025,460,fultzma01,26,SAC,PG,21,0,184,8.9,.452,.119,.015,3.6,8.5,6.1,20.0,2.7,1.1,18.2,19.3,-0.3,0.2,-0.1,-0.026,-4.5,-0.2,-4.7,-0.1
2025,461,quinole01,24,2TM,SG,13,0,183,9.5,.514,.564,.167,2.4,9.1,5.7,19.4,0.8,1.0,14.3,22.6,-0.1,0.0,-0.1,-0.025,-3.2,-2.9,-6.1,-0.2
2025,461,quinole01,24,PHI,SG,4,0,17,8.2,.533,.375,.125,19.2,6.9,13.3,10.0,0.0,0.0,32.2,31.9,-0.1,0.0,-0.1,-0.208,-3.7,-6.8,-10.5,0.0
2025,461,quinole01,24,NOP,SG,9,0,166,9.7,.511,.586,.171,0.6,9.4,4.9,20.4,0.9,1.2,11.7,21.7,0.0,0.0,0.0,-0.006,-3.1,-2.5,-5.6,-0.2
2025,462,jamesbr02,20,LAL,SG,27,1,181,7.1,.424,.478,.209,2.6,8.5,5.6,16.5,2.4,1.6,15.1,20.9,-0.3,0.2,-0.2,-0.043,-5.9,-1.3,-7.2,-0.2
2025,463,freemen01,24,IND,PF,22,1,181,7.4,.507,.270,.514,6.8,11.6,9.2,6.1,0.8,1.5,11.7,12.3,0.0,0.1,0.2,.046,-4.9,-1.4,-6.3,-0.2
2025,464,swideco01,25,2TM,SF,10,0,169,6.5,.465,.746,.016,3.1,14.3,8.6,2.3,1.1,1.1,5.9,16.7,-0.2,0.1,0.0,-0.009,-4.9,-2.4,-7.3,-0.2
2025,464,swideco01,25,DET,SF,2,0,13,-11.0,.000,1.000,.000,0.0,16.9,8.5,8.7,0.0,0.0,0.0,16.2,-0.1,0.0,-0.1,-0.316,-14.6,-5.8,-20.4,-0.1
2025,464,swideco01,25,TOR,SF,8,0,156,8.0,.505,.724,.017,3.4,14.1,8.6,1.8,1.2,1.2,6.4,16.7,-0.1,0.1,0.1,.017,-4.1,-2.1,-6.2,-0.2
2025,465,nowelja01,25,NOP,SG,8,0,168,7.5,.430,.370,.151,3.7,9.3,6.4,15.6,0.3,2.3,9.3,21.6,-0.2,0.0,-0.2,-0.069,-3.2,-2.5,-5.7,-0.2
2025,466,morrima02,35,2TM,PF,15,2,165,6.0,.385,.514,.086,2.1,13.1,7.8,17.5,0.6,1.7,6.4,20.5,-0.3,0.1,-0.2,-0.044,-5.2,-2.5,-7.6,-0.2
2025,466,morrima02,35,DAL,PF,7,0,41,0.0,.273,.591,.000,0.0,20.8,10.6,13.0,1.2,2.1,8.3,25.2,-0.2,0.0,-0.2,-0.225,-10.3,-2.8,-13.1,-0.1
2025,466,morrima02,35,LAL,PF,8,2,124,7.9,.434,.479,.125,2.8,10.6,6.8,19.0,0.4,1.5,5.6,19.0,0.0,0.1,0.0,.016,-3.5,-2.3,-5.8,-0.1
2025,467,hayeski01,23,BRK,PG,6,5,162,12.7,.559,.488,.279,3.3,9.6,6.3,28.6,1.2,2.5,15.7,15.5,0.2,0.1,0.3,.095,-0.5,-0.1,-0.6,0.1
2025,468,beaucma01,24,3TM,SF,35,0,156,12.3,.535,.446,.308,8.0,22.6,15.6,10.2,1.2,0.6,16.9,24.9,-0.1,0.2,0.1,.020,-2.7,-1.6,-4.3,-0.1
2025,468,beaucma01,24,MIL,SF,26,0,122,8.5,.497,.447,.255,6.5,21.4,14.3,9.1,1.2,0.8,19.9,23.5,-0.2,0.1,-0.1,-0.041,-4.7,-1.8,-6.5,-0.1
2025,468,beaucma01,24,LAC,SF,3,0,17,22.3,.685,.429,.571,13.5,6.6,10.0,18.8,0.0,0.0,10.2,25.1,0.1,0.0,0.1,.223,5.9,-2.0,4.0,0.0
2025,468,beaucma01,24,NYK,SF,6,0,17,29.8,.588,.455,.364,13.6,46.8,30.4,9.8,2.9,0.0,7.3,35.2,0.1,0.0,0.1,.254,3.4,0.3,3.7,0.0
2025,469,stevela01,27,MEM,PF,17,1,155,11.5,.545,.429,.175,2.8,23.0,13.0,6.9,1.5,1.8,12.8,20.2,0.0,0.2,0.2,.052,-3.6,-0.6,-4.2,-0.1
2025,470,etienty01,25,BRK,PG,7,0,151,5.6,.488,.846,.192,2.2,4.7,3.4,11.9,1.0,0.7,12.4,18.6,-0.1,0.1,-0.1,-0.021,-5.7,-3.1,-8.8,-0.3
2025,471,richajo01,31,MIA,SG,8,0,150,4.4,.402,.579,.105,4.5,4.4,4.4,10.5,2.7,0.6,16.8,14.1,-0.2,0.2,-0.1,-0.021,-7.3,0.6,-6.7,-0.2
2025,472,willije02,25,HOU,SG,20,0,147,8.6,.496,.419,.129,3.6,5.9,4.7,8.8,2.6,2.4,17.6,22.3,-0.2,0.2,0.0,-0.007,-5.5,-0.2,-5.7,-0.1
2025,473,fernabr01,26,TOR,C,17,2,147,15.3,.552,.000,.163,15.0,22.4,18.6,17.9,1.3,5.8,21.0,18.9,0.0,0.2,0.3,.085,-3.0,2.3,-0.7,0.1
2025,474,leeda03,32,PHO,SG,25,0,144,11.9,.499,.500,.284,2.4,12.8,7.8,11.5,2.1,0.0,10.7,28.6,-0.2,0.1,-0.1,-0.031,-2.9,-2.1,-5.1,-0.1
2025,475,brissos01,26,PHI,SF,6,2,142,9.8,.576,.462,.359,5.4,12.5,8.8,4.1,1.4,2.1,15.0,16.3,0.0,0.1,0.1,.019,-3.7,-2.6,-6.3,-0.1
2025,476,harklej01,24,UTA,SG,10,0,138,7.8,.425,.714,.171,7.1,9.3,8.2,7.7,3.5,0.7,7.4,12.3,0.0,0.1,0.1,.023,-5.2,1.5,-3.8,-0.1
2025,477,nancepe01,24,2TM,C,13,1,138,8.5,.578,.750,.063,4.0,12.9,8.4,9.7,0.7,1.4,10.8,11.7,0.1,0.1,0.2,.064,-3.1,-1.7,-4.9,-0.1
2025,477,nancepe01,24,PHI,C,7,0,68,5.3,.472,.800,.133,3.2,13.9,8.3,5.9,0.7,0.0,0.0,10.2,0.0,0.0,0.0,.027,-4.4,-1.9,-6.3,-0.1
2025,477,nancepe01,24,MIL,PF,6,1,70,11.5,.676,.706,.000,4.9,11.9,8.5,13.5,0.7,2.7,19.0,13.2,0.1,0.1,0.1,.100,-1.8,-1.6,-3.5,0.0
2025,478,cancavl01,27,DEN,PF,13,0,136,4.6,.462,.577,.000,5.1,20.0,12.9,7.7,1.1,1.3,29.7,11.5,-0.2,0.1,-0.1,-0.034,-6.5,-0.6,-7.1,-0.2
2025,479,kelleky01,27,2TM,C,11,2,126,12.1,.644,.000,.455,10.4,23.4,16.8,5.3,0.4,2.1,13.2,10.3,0.2,0.1,0.3,.102,-3.5,-1.9,-5.4,-0.1
2025,479,kelleky01,27,DAL,C,8,1,67,17.1,.767,.000,.462,13.3,20.7,17.1,4.1,0.0,2.6,6.0,10.7,0.2,0.0,0.3,.196,-0.6,-1.7,-2.3,0.0
2025,479,kelleky01,27,NOP,C,3,1,59,6.5,.465,.000,.444,7.1,26.4,16.5,6.6,0.8,1.6,21.8,9.8,0.0,0.0,0.0,-0.004,-6.8,-2.0,-8.8,-0.1
2025,480,ducasal01,24,OKC,SG,21,0,125,10.1,.583,.700,.067,7.9,14.3,11.2,4.8,1.9,0.0,11.5,11.8,0.1,0.2,0.3,.125,-2.1,0.1,-2.0,0.0
2025,481,jonessp01,23,DEN,SF,20,0,125,4.5,.368,.500,.088,7.4,7.5,7.5,4.7,1.9,3.6,12.4,13.7,-0.2,0.1,-0.1,-0.031,-7.7,-0.8,-8.5,-0.2
2025,482,bufkiko01,21,ATL,SG,10,0,124,10.5,.483,.404,.383,4.3,14.5,9.3,18.2,1.1,1.5,12.7,20.8,0.0,0.1,0.0,.018,-3.4,-0.5,-4.0,-0.1
2025,483,smithty02,20,MIL,PF,23,0,122,15.2,.626,.600,.160,5.6,16.3,11.1,4.9,1.2,3.1,13.0,22.1,0.1,0.1,0.2,.083,0.4,-1.2,-0.9,0.0
2025,484,meltode01,26,GSW,SG,6,2,121,13.3,.539,.648,.148,5.2,12.8,8.9,21.1,2.8,1.6,14.8,23.5,0.0,0.2,0.2,.076,-1.6,0.8,-0.8,0.0
2025,485,brownmo01,25,2TM,C,13,2,119,22.4,.706,.000,.224,11.3,29.0,20.3,2.9,2.4,2.9,17.0,23.5,0.2,0.2,0.4,.146,-0.3,0.5,0.1,0.1
2025,485,brownmo01,25,IND,C,9,0,46,16.0,.653,.000,.250,9.8,21.6,15.8,0.0,2.1,2.0,21.3,26.5,0.0,0.1,0.0,.020,-3.9,-1.4,-5.2,0.0
2025,485,brownmo01,25,DAL,C,4,2,73,26.3,.743,.000,.207,12.2,33.6,23.1,4.7,2.7,3.5,13.6,21.6,0.2,0.1,0.3,.225,1.9,1.6,3.5,0.1
2025,486,washity02,23,PHO,PG,16,0,118,6.5,.367,.467,.133,3.9,8.3,6.1,18.5,1.3,0.0,5.9,19.0,-0.2,0.0,-0.2,-0.065,-5.6,-2.5,-8.0,-0.2
2025,487,alexatr01,21,DEN,SG,24,0,117,2.9,.374,.415,.098,1.0,9.8,5.6,11.4,0.8,0.8,10.5,17.3,-0.2,0.0,-0.2,-0.077,-7.9,-1.8,-9.7,-0.2
2025,488,inglejo01,37,MIN,SF,19,1,114,2.4,.326,.652,.000,2.0,8.6,5.4,25.4,0.9,0.0,28.1,12.2,-0.2,0.1,-0.1,-0.035,-6.9,-0.1,-7.0,-0.1
2025,489,cissosi01,20,2TM,SF,22,0,114,6.7,.471,.433,.300,7.4,12.4,9.9,17.7,0.9,0.8,24.5,16.6,-0.2,0.1,-0.1,-0.045,-4.8,-0.3,-5.1,-0.1
2025,489,cissosi01,20,SAS,SF,17,0,54,11.2,.533,.389,.333,5.9,13.9,9.9,15.8,0.9,0.0,8.8,17.9,0.0,0.0,0.0,.041,-1.6,-1.0,-2.6,0.0
2025,489,cissosi01,20,POR,SF,5,0,60,2.7,.375,.500,.250,8.8,11.1,9.9,19.4,0.8,1.5,40.3,15.5,-0.2,0.0,-0.2,-0.123,-7.7,0.4,-7.3,-0.1
2025,490,bradlto01,27,IND,C,14,0,113,23.2,.640,.067,.133,17.9,23.5,20.7,8.3,0.9,7.2,9.5,20.1,0.3,0.2,0.4,.187,1.5,-0.3,1.2,0.1
2025,491,simsja01,26,CHO,SG,6,0,112,9.8,.607,.536,.536,2.8,2.9,2.9,15.6,1.3,0.9,18.8,16.2,0.1,0.0,0.1,.048,-2.8,-1.3,-4.1,-0.1
2025,492,dadiepa01,19,NYK,SG,18,0,111,6.3,.446,.613,.194,3.1,15.4,9.3,5.6,1.3,1.7,10.6,14.7,-0.1,0.1,0.0,.002,-4.9,-1.5,-6.5,-0.1
2025,493,baldwpa01,22,2TM,SF,24,0,107,16.2,.721,.657,.114,4.8,19.7,12.3,4.6,1.3,1.7,12.0,16.4,0.1,0.1,0.2,.098,2.4,-0.9,1.5,0.1
2025,493,baldwpa01,22,WAS,SF,22,0,101,14.5,.676,.636,.121,5.1,17.6,11.3,3.0,1.4,1.8,12.6,16.5,0.1,0.1,0.1,.070,1.3,-1.6,-0.2,0.0
2025,493,baldwpa01,22,LAC,SF,2,0,6,45.4,1.500,1.000,.000,0.0,55.8,28.3,31.6,0.0,0.0,0.0,14.5,0.1,0.0,0.1,.573,19.9,10.8,30.7,0.1
2025,494,livinch01,21,MIL,SF,21,1,106,9.8,.441,.296,.593,10.7,24.6,17.9,6.0,2.3,0.0,15.0,16.6,-0.1,0.2,0.1,.035,-5.0,-1.1,-6.1,-0.1
2025,495,crowdja01,34,SAC,PF,9,2,103,6.6,.467,.682,.273,6.5,15.3,10.9,7.1,1.4,0.0,14.0,12.0,0.0,0.1,0.1,.026,-3.8,-0.5,-4.3,-0.1
2025,496,minayju01,25,POR,SF,19,0,101,5.0,.411,.476,.095,5.2,5.5,5.4,9.1,2.9,0.9,18.6,11.1,-0.1,0.1,0.0,-0.007,-7.1,1.7,-5.4,-0.1
2025,497,johnske10,23,MIA,SF,16,0,98,19.1,.718,.269,.346,6.8,24.6,15.8,6.3,2.5,3.9,11.8,15.4,0.2,0.2,0.4,.181,-1.0,0.9,-0.1,0.0
2025,498,kawamyu01,23,MEM,PG,22,0,93,11.0,.530,.767,.300,0.0,13.5,6.8,25.1,1.0,0.0,12.8,16.9,0.1,0.1,0.2,.095,-2.6,-0.2,-2.8,0.0
2025,499,davisjd01,22,BOS,PG,16,0,93,6.5,.445,.529,.206,2.3,12.8,7.6,19.1,2.7,1.0,26.0,23.6,-0.3,0.1,-0.2,-0.081,-5.9,-0.3,-6.2,-0.1
2025,500,travelu01,23,CLE,SG,12,0,88,1.9,.287,.450,.100,10.1,14.4,12.3,10.5,0.5,1.0,27.7,13.9,-0.2,0.1,-0.1,-0.082,-7.8,-1.9,-9.7,-0.2
2025,501,umudest01,25,MIL,SG,22,0,86,3.4,.270,.577,.154,5.3,15.8,10.7,5.7,1.7,6.5,9.8,15.7,-0.3,0.1,-0.2,-0.086,-7.5,-0.7,-8.1,-0.1
2025,502,knoxke01,25,GSW,SF,14,0,84,17.1,.582,.417,.222,8.7,13.2,10.9,9.4,1.2,4.5,9.2,21.8,0.1,0.1,0.2,.121,-0.7,-0.6,-1.3,0.0
2025,503,jacksis01,23,IND,C,5,1,84,18.2,.600,.000,.609,14.7,22.3,18.6,8.1,1.7,8.6,14.6,17.6,0.1,0.1,0.3,.153,-1.0,1.8,0.8,0.1
2025,504,garrema01,26,CHO,SG,4,0,79,8.7,.487,.296,.148,1.3,6.9,4.0,25.1,1.9,2.5,17.3,18.7,-0.1,0.1,0.0,-0.002,-5.4,-2.2,-7.6,-0.1
2025,505,toppija01,24,2TM,SF,17,0,76,9.2,.523,.455,.000,4.5,17.9,11.2,10.2,1.3,0.0,12.0,13.9,0.0,0.1,0.0,.030,-1.8,-0.8,-2.6,0.0
2025,505,toppija01,24,NYK,SF,16,0,49,4.5,.300,.200,.000,4.7,20.9,12.9,9.8,2.0,0.0,16.7,10.6,-0.1,0.1,0.0,-0.024,-6.4,0.4,-6.0,0.0
2025,505,toppija01,24,ATL,SF,1,0,27,17.9,.708,.667,.000,4.0,12.5,8.1,10.9,0.0,0.0,7.7,19.8,0.1,0.0,0.1,.127,6.6,-3.0,3.5,0.0
2025,506,batesem01,21,CLE,SF,10,0,75,9.8,.487,.789,.000,0.0,9.8,5.1,14.2,0.6,1.2,5.0,22.6,0.0,0.1,0.1,.038,-0.5,-1.0,-1.5,0.0
2025,507,hendrta01,21,UTA,PF,3,3,75,7.1,.354,.667,.222,7.2,14.3,10.8,3.4,3.2,5.0,9.2,12.1,-0.1,0.1,0.0,-0.008,-4.8,1.3,-3.5,0.0
2025,508,duartch01,27,CHI,SG,17,0,74,16.5,.610,.577,.308,7.2,20.9,14.2,16.6,0.0,0.0,3.3,17.2,0.2,0.0,0.3,.171,2.2,-1.0,1.2,0.1
2025,509,plowdda01,26,ATL,SG,6,0,72,16.1,.831,.680,.080,5.9,10.9,8.4,4.1,0.0,0.0,13.4,17.0,0.2,0.0,0.2,.125,1.5,-1.5,-0.1,0.0
2025,510,dennira01,23,IND,PG,11,0,70,13.9,.443,.636,.061,3.2,15.8,9.6,26.9,4.8,2.6,12.9,24.0,-0.1,0.1,0.1,.036,-2.2,3.0,0.7,0.0
2025,511,chrisjo01,23,MIA,SG,14,0,69,9.4,.416,.355,.194,0.0,14.3,7.2,17.2,3.6,4.2,15.1,25.5,-0.2,0.1,-0.1,-0.073,-7.5,-0.4,-7.9,-0.1
2025,512,ryanma01,27,NYK,SF,19,0,68,6.1,.439,.613,.065,0.0,13.4,6.8,5.9,1.5,0.0,8.6,22.3,-0.1,0.1,-0.1,-0.057,-5.1,-2.3,-7.5,-0.1
2025,513,armeltr01,22,LAL,SF,9,0,67,3.5,.317,.368,.368,3.5,21.2,12.6,2.0,2.9,2.8,12.0,16.4,-0.2,0.1,-0.1,-0.092,-9.5,-0.4,-9.8,-0.1
2025,514,hallpj01,22,DEN,C,19,0,66,18.3,.641,.333,.167,10.5,25.4,18.3,8.4,0.0,5.4,7.2,17.8,0.2,0.1,0.2,.168,-0.7,-0.6,-1.3,0.0
2025,515,tomlina01,24,CLE,PF,5,1,63,14.4,.489,.313,.344,15.9,20.1,18.1,4.4,0.0,1.4,5.1,26.1,0.1,0.1,0.1,.093,-3.0,-2.4,-5.5,-0.1
2025,516,bouyeja01,25,MIL,PG,5,1,62,9.7,.581,.417,.500,1.8,6.7,4.4,20.8,3.1,3.0,35.3,16.0,-0.1,0.1,0.0,.007,-4.6,-0.9,-5.4,0.0
2025,517,chrisca02,19,LAC,SG,13,0,59,9.1,.349,.542,.167,5.8,17.0,11.5,13.7,4.2,1.7,7.2,20.5,-0.1,0.1,0.0,-0.005,-5.5,3.0,-2.5,0.0
2025,518,tuckepj01,39,NYK,SF,3,1,58,5.5,.643,.857,.000,8.0,7.8,7.9,0.0,0.9,1.6,12.5,6.0,0.0,0.0,0.1,.070,-4.8,-2.4,-7.2,-0.1
2025,519,gortmja01,21,DAL,PG,16,0,57,6.5,.485,.478,.174,2.0,7.5,4.8,14.7,1.7,1.5,16.8,22.4,-0.1,0.0,-0.1,-0.056,-5.5,-0.8,-6.3,-0.1
2025,520,robbili01,25,MIL,C,13,0,57,2.6,.363,.250,1.250,13.9,9.2,11.4,4.2,1.7,3.3,32.6,14.2,-0.1,0.1,-0.1,-0.066,-9.2,-1.3,-10.5,-0.1
2025,521,liddeej01,24,CHI,PF,12,0,53,11.1,.661,.667,.133,6.0,11.7,8.9,7.6,0.9,1.6,11.2,14.1,0.1,0.0,0.1,.108,-2.7,-1.4,-4.1,0.0
2025,522,roweja01,28,GSW,PF,6,0,52,15.9,.560,.588,.353,6.0,17.0,11.4,11.1,3.7,0.0,4.8,16.7,0.1,0.1,0.2,.153,-0.5,1.5,1.0,0.0
2025,523,nfalyda01,23,HOU,C,4,0,51,24.0,.789,.000,.385,12.3,32.0,21.9,5.7,1.0,8.8,11.6,13.9,0.2,0.1,0.3,.283,0.7,1.7,2.4,0.1
2025,524,crawfis01,23,SAC,SF,15,0,46,9.2,.509,.455,.364,2.4,17.1,9.7,2.8,1.1,4.3,7.3,12.9,0.0,0.0,0.0,.037,-3.4,-0.7,-4.1,0.0
2025,525,jonesma05,26,SAC,SG,10,0,45,20.6,.569,.444,.278,5.0,17.5,11.2,35.6,0.0,2.2,4.7,20.3,0.2,0.0,0.2,.198,3.5,-0.6,2.9,0.1
2025,526,wheelph02,22,PHI,PF,5,0,44,-2.3,.183,.476,.095,4.9,16.1,10.3,6.0,1.1,4.5,4.4,22.6,-0.3,0.0,-0.3,-0.283,-12.0,-6.2,-18.2,-0.2
2025,527,flynnma01,26,CHO,PG,4,0,44,12.4,.512,.308,.462,7.1,9.9,8.5,23.3,3.4,0.0,20.4,19.0,0.0,0.0,0.0,.043,-4.4,1.5,-2.8,0.0
2025,528,mcveija01,28,HOU,PF,9,0,43,4.0,.412,.765,.000,4.9,7.6,6.2,3.0,0.0,4.2,10.5,18.2,-0.1,0.0,0.0,-0.031,-4.8,-3.0,-7.7,-0.1
2025,529,klintbo01,21,DET,SF,8,0,42,15.9,.689,.500,.200,2.7,15.7,9.2,22.5,2.3,2.3,8.4,11.9,0.1,0.1,0.2,.208,-1.0,1.9,1.0,0.0
2025,530,johnsja01,37,IND,PF,12,0,37,0.0,.350,.273,.091,0.0,17.9,9.0,13.7,0.0,4.9,25.9,18.0,-0.2,0.0,-0.1,-0.162,-9.6,-0.2,-9.7,-0.1
2025,531,doziepj01,28,MIN,SG,9,0,35,9.5,.621,1.000,2.000,3.2,12.5,7.9,18.1,1.4,0.0,15.1,8.2,0.0,0.0,0.1,.107,-2.0,2.7,0.7,0.0
2025,532,ingraha01,22,SAS,SF,5,0,35,10.9,.500,.250,.000,6.1,21.5,13.8,10.6,4.1,0.0,20.0,6.1,0.0,0.1,0.1,.093,-3.6,2.4,-1.2,0.0
2025,533,norrimi01,24,BOS,PF,3,0,35,8.5,.354,.778,.222,6.2,21.7,14.0,0.0,2.9,2.6,0.0,12.4,0.0,0.1,0.0,.049,-2.3,0.4,-1.9,0.0
2025,534,dukeda01,25,SAS,SG,6,0,34,12.2,.538,.429,.143,3.1,12.6,7.9,17.0,1.4,0.0,11.8,21.2,0.0,0.0,0.0,.023,-0.1,-1.4,-1.5,0.0
2025,535,cartodj01,24,TOR,SG,4,0,33,-2.6,.202,.429,.143,0.0,13.3,6.5,10.9,2.9,0.0,35.0,14.5,-0.2,0.0,-0.1,-0.199,-10.4,-0.7,-11.1,-0.1
2025,536,mcgowbr01,22,POR,SG,13,0,32,1.7,.391,.286,.429,6.6,3.5,5.1,8.7,1.5,0.0,19.4,26.8,-0.1,0.0,-0.1,-0.172,-9.9,-3.8,-13.6,-0.1
2025,537,millele01,21,MIN,SF,13,0,32,19.9,.540,.333,.533,10.6,27.3,19.1,0.0,3.1,2.9,9.7,27.8,0.0,0.1,0.1,.145,-3.4,-0.3,-3.7,0.0
2025,538,chomcul01,19,TOR,PF,7,0,32,5.2,.425,.000,.400,13.1,13.7,13.4,7.8,0.0,3.0,25.4,10.3,0.0,0.0,0.0,.001,-6.1,-1.3,-7.4,0.0
2025,539,bridgja01,23,PHO,SF,8,0,30,-0.1,.514,1.000,.571,0.0,14.5,7.4,0.0,0.0,0.0,31.3,18.8,-0.1,0.0,-0.1,-0.178,-7.8,-4.7,-12.5,-0.1
2025,540,youngja05,24,CHI,PG,6,0,30,16.8,.935,.400,.400,3.6,6.9,5.2,26.2,0.0,0.0,14.5,9.6,0.1,0.0,0.1,.220,1.2,-0.8,0.5,0.0
2025,541,mcculke01,23,NYK,SF,4,0,29,6.7,.381,.143,.286,0.0,31.3,15.8,8.4,1.7,3.2,0.0,11.8,0.0,0.0,0.0,.060,-8.5,1.3,-7.2,0.0
2025,542,flowetr01,19,LAC,SF,6,0,27,4.3,.446,.182,.273,4.3,12.4,8.4,0.0,0.0,0.0,7.5,21.5,0.0,0.0,0.0,-0.033,-7.1,-1.3,-8.3,0.0
2025,543,milleem01,24,CHI,PF,6,0,25,18.1,.563,.125,.250,17.1,16.5,16.8,10.9,1.9,0.0,0.0,14.8,0.1,0.0,0.1,.201,-0.9,-0.9,-1.8,0.0
2025,544,jenkida01,23,DET,PG,7,0,23,-0.1,.322,.700,.200,0.0,9.6,4.8,17.3,0.0,0.0,8.4,21.8,-0.1,0.0,-0.1,-0.150,-10.2,-5.7,-15.8,-0.1
2025,545,watsoan02,24,NYK,SF,9,0,22,5.9,.444,.111,.000,5.3,10.3,7.8,12.8,2.3,0.0,18.2,21.7,-0.1,0.0,0.0,-0.070,-8.3,-1.8,-10.1,0.0
2025,546,smithto05,24,DET,PF,1,0,22,19.5,.678,.000,.333,20.3,20.0,20.1,0.0,0.0,0.0,16.2,23.6,0.0,0.0,0.1,.128,-2.4,-6.5,-8.9,0.0
2025,547,leonsma01,25,OKC,SF,6,0,21,-2.3,.266,.500,2.000,5.2,10.0,7.7,5.1,0.0,0.0,21.0,9.6,0.0,0.0,0.0,-0.052,-10.4,-1.9,-12.4,-0.1
2025,548,sanogad01,22,CHI,C,4,0,21,15.2,.571,.000,.000,25.4,4.9,15.0,6.7,0.0,0.0,12.5,15.9,0.0,0.0,0.0,.105,0.7,-3.4,-2.6,0.0
2025,549,mooreta02,26,POR,SG,2,0,20,7.1,.276,.400,.200,21.1,22.3,21.7,6.8,4.9,0.0,15.5,26.8,-0.1,0.0,-0.1,-0.150,-3.9,-0.4,-4.3,0.0
2025,550,harpero02,24,DET,SF,1,0,17,7.9,.225,.750,.250,26.3,19.4,22.8,14.3,0.0,0.0,0.0,22.0,0.0,0.0,0.0,-0.060,-5.5,-9.2,-14.7,0.0
2025,551,mobleis01,25,PHI,PF,1,0,17,17.2,.381,.429,.286,6.4,20.8,13.3,41.8,2.9,5.8,0.0,20.2,0.0,0.0,0.0,.119,0.0,4.8,4.7,0.0
2025,552,colliyu01,23,GSW,PG,2,0,16,13.9,.333,.000,.000,13.1,6.9,10.1,31.9,6.1,0.0,0.0,7.9,0.0,0.0,0.1,.214,-6.2,6.5,0.3,0.0
2025,553,newtotr01,23,2TM,SG,8,0,16,-6.1,.178,.375,.125,14.1,13.6,13.9,15.4,3.1,0.0,19.2,28.2,-0.1,0.0,-0.1,-0.330,-16.7,-4.0,-20.7,-0.1
2025,553,newtotr01,23,IND,SG,5,0,8,-15.3,.233,.500,.167,0.0,0.0,0.0,16.1,0.0,0.0,13.4,40.2,-0.1,0.0,-0.1,-0.553,-21.9,-10.8,-32.7,-0.1
2025,553,newtotr01,23,MIN,SG,3,0,8,3.1,.000,.000,.000,28.2,27.3,27.7,14.7,6.2,0.0,33.3,16.2,0.0,0.0,0.0,-0.107,-11.4,2.7,-8.7,0.0
2025,554,nixda01,22,MIN,PG,3,0,13,-7.0,.266,1.000,2.000,0.0,33.6,17.1,27.2,0.0,0.0,68.0,19.6,-0.1,0.0,-0.1,-0.327,-14.9,-1.2,-16.2,0.0
2025,555,labissk01,28,SAC,PF,4,0,12,15.9,.625,.250,.000,9.3,18.7,14.0,11.6,0.0,0.0,0.0,14.3,0.0,0.0,0.0,.165,3.3,-1.3,2.1,0.0
2025,556,keybr01,27,GSW,SF,3,0,11,1.1,.226,.250,1.500,9.5,10.1,9.8,0.0,8.8,0.0,13.1,29.3,-0.1,0.0,-0.1,-0.259,-13.9,0.3,-13.6,0.0
2025,557,cuiyo01,21,BRK,SG,5,0,10,-10.7,.190,.429,.286,0.0,23.8,11.4,0.0,0.0,0.0,0.0,34.4,-0.1,0.0,-0.1,-0.473,-16.8,-8.2,-24.9,-0.1
2025,558,mccluma01,26,ORL,SG,2,0,10,-0.3,.000,.500,.000,0.0,12.1,5.7,37.8,0.0,0.0,0.0,8.7,0.0,0.0,0.0,-0.047,-10.2,-0.8,-11.0,0.0
2025,559,olivaqu01,23,LAL,PG,2,0,10,-5.2,.300,1.000,.000,0.0,0.0,0.0,13.3,0.0,0.0,16.7,26.3,-0.1,0.0,-0.1,-0.300,-10.1,-8.5,-18.6,0.0
2025,560,daviste02,27,SAC,SG,1,0,8,-4.0,.000,.500,.000,0.0,14.0,7.0,14.1,0.0,0.0,0.0,10.8,0.0,0.0,0.0,-0.191,-12.8,-4.1,-16.9,0.0
2025,561,mcdanja01,27,WAS,SF,4,0,7,10.9,,,,0.0,0.0,0.0,17.4,6.8,0.0,,0.0,0.0,0.0,0.0,.114,-0.5,6.0,5.6,0.0
2025,562,minixri01,24,SAS,SF,1,0,7,-1.7,.000,1.000,.000,0.0,30.7,15.3,0.0,0.0,0.0,0.0,6.1,0.0,0.0,0.0,-0.114,-8.5,-3.3,-11.8,0.0
2025,563,steveis01,24,MIA,PG,3,0,6,0.1,.000,.500,.000,0.0,36.5,18.4,0.0,8.3,0.0,0.0,14.8,0.0,0.0,0.0,-0.196,-19.5,7.7,-11.8,0.0
2025,564,taylote01,25,SAC,PF,3,0,6,9.8,.000,.000,.000,18.6,0.0,9.3,37.6,0.0,0.0,0.0,7.2,0.0,0.0,0.0,.049,3.2,0.1,3.3,0.0
2025,565,edwarje01,24,MIN,C,2,0,5,-0.1,,,,0.0,0.0,0.0,23.6,0.0,0.0,,0.0,0.0,0.0,0.0,.111,-8.8,4.7,-4.0,0.0
2025,566,wisemja01,23,IND,C,1,0,5,31.2,.615,.250,.500,0.0,22.1,11.1,0.0,0.0,0.0,0.0,42.2,0.0,0.0,0.0,.237,6.0,-4.4,1.6,0.0
2025,567,willial06,25,DET,SG,1,0,4,53.4,1.250,.500,.000,0.0,0.0,0.0,65.0,0.0,0.0,0.0,21.1,0.0,0.0,0.0,.565,37.9,6.2,44.1,0.0
2025,568,pullizy01,23,MEM,SG,3,0,3,-11.7,.000,.000,.000,0.0,0.0,0.0,0.0,0.0,0.0,0.0,13.4,0.0,0.0,0.0,-0.304,-15.0,-7.7,-22.7,0.0
2025,569,okafoja01,29,IND,C,1,0,3,13.8,,,,0.0,36.8,18.6,37.0,0.0,0.0,,0.0,0.0,0.0,0.0,.196,2.5,4.9,7.5,0.0
2025,,,,,,,,,,.576,.421,.243,5.0,15.0,10.0,16.2,1.7,1.9,12.0,19.9,,,,,,,,
2026,1,thompam01,23,HOU,PG,79,79,2953,18.9,.594,.111,.374,8.9,14.0,11.5,20.4,2.0,1.5,13.5,20.0,6.5,3.8,10.3,.167,1.6,1.0,2.6,3.4
2026,2,duranke01,37,HOU,SF,78,78,2840,21.1,.641,.327,.339,1.6,14.8,8.3,20.7,1.1,2.3,13.5,27.1,7.5,3.2,10.7,.180,4.4,0.1,4.5,4.7
2026,3,banede01,27,ORL,SG,82,82,2756,16.9,.607,.354,.287,3.9,9.8,6.8,19.3,1.5,1.2,10.8,23.3,4.8,2.6,7.4,.129,1.6,-0.2,1.4,2.3
2026,4,camarto01,25,POR,PF,82,82,2731,11.3,.578,.664,.154,5.0,11.7,8.4,10.4,1.6,1.1,13.1,16.3,2.1,2.7,4.8,.084,-1.0,0.0,-1.0,0.7
2026,5,smithja05,22,HOU,PF,77,77,2705,13.5,.570,.501,.215,4.5,17.0,10.8,7.3,1.0,2.4,9.0,18.2,3.4,3.3,6.6,.118,-0.5,-0.2,-0.7,0.9
2026,6,bridgmi01,29,NYK,SF,82,82,2692,15.3,.587,.436,.102,3.3,9.7,6.5,15.9,2.0,2.4,7.6,17.3,4.7,3.3,8.0,.143,1.3,1.4,2.7,3.2
2026,7,barnesc01,24,TOR,PF,80,80,2681,19.2,.577,.199,.264,6.3,19.3,12.7,26.3,2.1,4.2,14.3,23.4,3.3,4.5,7.8,.140,1.9,2.3,4.2,4.2
2026,8,maxeyty01,25,PHI,PG,70,70,2661,21.9,.588,.399,.278,1.0,11.0,5.9,28.9,2.4,1.9,9.2,29.4,5.9,2.8,8.7,.156,5.0,0.5,5.4,4.9
2026,9,murraja01,28,DEN,PG,75,75,2652,21.8,.622,.414,.287,1.4,12.0,7.0,31.1,1.2,1.0,10.0,27.9,7.8,1.7,9.5,.173,5.5,-1.4,4.1,4.1
2026,10,whitede01,31,BOS,SG,77,77,2625,16.0,.529,.578,.184,3.7,10.4,7.1,22.2,1.7,3.8,10.1,22.0,3.5,3.5,7.0,.129,2.2,1.0,3.2,3.5
2026,11,edgecvj01,20,PHI,SG,75,75,2623,14.0,.540,.409,.176,5.0,12.7,8.8,17.4,2.0,1.4,11.0,20.1,1.9,2.5,4.4,.081,-0.4,-0.1,-0.5,1.0
2026,12,randlju01,31,MIN,PF,79,79,2610,18.4,.585,.287,.411,5.7,16.5,11.2,23.1,1.6,0.6,13.2,26.5,4.3,3.1,7.4,.135,1.5,0.0,1.5,2.3
2026,13,ingrabr01,28,TOR,SF,77,77,2604,16.3,.573,.274,.276,2.7,16.1,9.4,16.8,1.1,2.0,11.5,26.9,1.5,3.1,4.6,.084,1.0,-0.5,0.5,1.7
2026,14,alexani01,27,ATL,SG,78,71,2603,16.5,.610,.526,.257,2.1,9.1,5.6,15.8,1.9,1.5,10.9,23.9,3.6,2.7,6.3,.116,1.6,-0.4,1.2,2.1
2026,15,brunsja01,29,NYK,PG,74,74,2590,20.1,.580,.358,.285,1.3,9.4,5.3,31.3,1.1,0.3,9.5,30.4,6.5,2.2,8.8,.163,4.0,-0.9,3.1,3.3
2026,16,pritcpa01,28,BOS,PG,79,50,2556,17.1,.584,.515,.125,3.0,10.2,6.7,23.5,1.1,0.4,8.7,21.4,6.1,2.4,8.5,.160,2.6,-0.3,2.3,2.8
2026,17,knuepko01,20,CHO,SF,81,80,2551,17.1,.633,.592,.208,4.4,14.6,9.6,16.6,1.1,0.7,12.0,22.3,5.6,2.5,8.0,.151,3.1,-0.4,2.8,3.1
2026,18,johnsja05,24,ATL,SF,72,72,2532,20.4,.581,.278,.311,4.3,27.8,15.9,33.5,1.7,1.1,14.9,27.0,3.6,3.9,7.5,.141,2.8,1.4,4.2,4.0
2026,19,daniedy01,22,ATL,SG,76,76,2520,15.5,.542,.151,.157,7.8,14.7,11.2,23.9,2.8,1.1,14.0,16.0,3.1,3.6,6.6,.126,-0.6,1.8,1.3,2.1
2026,20,banchpa01,23,ORL,PF,72,72,2502,17.6,.566,.239,.512,3.8,23.4,13.5,23.4,1.0,1.4,13.6,27.6,2.0,3.0,5.0,.095,1.4,0.0,1.4,2.1
2026,21,divindo01,29,MIN,SG,82,82,2494,12.5,.567,.771,.126,3.0,11.6,7.4,16.8,2.0,1.2,11.8,16.9,2.3,2.9,5.2,.100,0.0,0.7,0.8,1.7
2026,22,brownja02,29,BOS,SF,71,71,2443,22.0,.573,.262,.347,3.7,18.1,11.1,25.9,1.5,1.1,12.7,36.2,3.5,3.4,6.9,.135,3.5,-0.1,3.3,3.3
2026,23,hardeja01,36,2TM,PG,70,70,2438,20.7,.610,.510,.467,1.9,13.6,7.9,34.7,1.6,1.1,15.3,28.6,5.6,2.1,7.7,.151,4.6,-0.8,3.9,3.6
2026,23,hardeja01,36,LAC,PG,44,44,1559,21.7,.598,.505,.485,2.1,13.4,7.9,36.3,1.8,1.0,14.8,31.2,3.5,1.3,4.8,.148,4.8,-1.0,3.8,2.3
2026,23,hardeja01,36,CLE,PG,26,26,879,18.9,.639,.523,.426,1.6,13.8,7.8,31.8,1.2,1.3,16.6,24.0,2.1,0.8,2.9,.158,4.4,-0.4,4.0,1.3
2026,24,derozde01,36,SAC,PF,77,77,2406,17.8,.594,.146,.429,1.6,9.1,5.3,20.0,1.6,0.9,7.4,22.8,5.2,0.4,5.6,.112,0.9,-1.0,-0.1,1.1
2026,25,sengual01,23,HOU,C,72,72,2398,21.4,.569,.117,.335,10.1,19.4,14.8,28.9,1.8,3.0,15.0,26.6,4.4,3.6,8.0,.161,2.7,1.5,4.2,3.7
2026,26,bridgmi02,27,CHO,PF,77,77,2387,16.0,.570,.427,.243,3.6,17.4,10.6,15.9,1.0,1.3,8.5,22.3,4.0,2.5,6.5,.130,1.2,-0.1,1.1,1.9
2026,27,goberru01,33,MIN,C,76,76,2380,17.5,.664,.010,.615,14.1,25.9,20.1,7.2,1.2,4.5,14.5,12.9,4.8,4.0,8.7,.176,0.0,0.9,1.0,1.8
2026,28,rolliry01,23,MIL,PG,74,67,2376,16.2,.583,.440,.152,2.6,13.4,8.0,27.1,2.3,1.3,15.5,24.2,1.7,1.8,3.4,.069,0.7,-0.5,0.2,1.3
2026,29,adebaba01,28,MIA,C,73,73,2365,18.7,.551,.349,.369,6.5,25.7,16.1,14.1,1.7,1.8,8.3,25.0,2.8,3.6,6.4,.129,1.5,0.4,2.0,2.4
2026,30,flaggco01,19,DAL,SF,70,70,2344,17.9,.548,.204,.286,3.9,17.0,10.5,21.5,1.7,2.3,10.7,26.9,1.3,2.5,3.8,.078,1.0,0.4,1.4,2.0
2026,31,mitchdo01,29,CLE,SG,70,70,2342,22.9,.613,.439,.306,2.4,12.4,7.4,27.9,2.1,0.8,11.1,32.2,5.8,2.4,8.2,.169,5.2,-0.2,5.1,4.2
2026,32,murphtr02,25,NOP,SF,66,66,2341,18.3,.613,.538,.234,2.9,14.6,8.7,16.2,2.0,1.0,9.4,22.7,4.5,1.6,6.0,.123,3.0,-0.6,2.4,2.6
2026,33,podzibr01,22,GSW,SG,82,43,2333,15.0,.583,.476,.278,3.4,16.9,10.0,19.2,1.8,0.6,11.9,20.1,2.8,2.3,5.1,.105,0.3,-0.1,0.2,1.3
2026,34,townska01,30,NYK,C,75,75,2322,22.0,.619,.297,.403,11.2,31.7,21.4,14.7,1.4,1.8,13.3,25.9,5.5,4.0,9.5,.197,2.7,0.6,3.3,3.1
2026,35,mcdanja02,25,MIN,PF,73,73,2316,14.0,.611,.309,.218,3.7,10.9,7.4,12.2,1.7,2.7,12.9,18.5,2.5,2.7,5.2,.109,-0.9,0.6,-0.3,1.0
2026,36,okongon01,25,ATL,C,74,63,2297,15.9,.592,.445,.235,6.5,20.3,13.3,13.9,1.7,3.1,11.8,19.5,2.6,3.3,6.0,.125,-0.1,0.8,0.7,1.6
2026,37,doncilu01,26,LAL,PG,64,64,2289,27.9,.616,.476,.443,2.2,22.5,12.7,40.5,2.2,1.4,12.8,38.1,6.6,2.9,9.5,.199,8.0,1.3,9.3,6.6
2026,38,cartewe01,26,ORL,C,78,78,2288,14.1,.617,.355,.392,7.8,20.5,14.1,9.5,1.3,1.9,11.8,15.6,3.4,2.8,6.2,.131,-1.0,0.5,-0.6,0.8
2026,39,gilleco01,26,PHO,PG,80,58,2282,15.3,.575,.686,.103,4.2,12.0,8.0,23.3,2.1,0.7,12.4,18.7,3.6,2.5,6.2,.130,1.9,0.6,2.5,2.6
2026,40,carrica01,20,WAS,PG,82,48,2271,9.9,.556,.559,.150,1.5,11.7,6.5,23.0,1.1,0.7,19.5,18.0,-0.3,-0.1,-0.4,-0.009,-2.2,-2.5,-4.7,-1.6
2026,41,greenaj01,26,MIL,SG,78,68,2270,9.4,.627,.896,.100,1.5,9.1,5.3,9.2,0.8,0.4,10.4,14.0,2.0,0.4,2.4,.050,-1.5,-1.8,-3.3,-0.8
2026,42,champju02,24,SAS,SF,82,68,2266,13.1,.609,.743,.196,3.6,18.4,11.2,7.3,1.3,1.5,8.4,15.2,2.8,3.4,6.2,.132,0.5,0.8,1.4,1.9
2026,43,jokicni01,30,DEN,C,65,65,2265,32.3,.670,.261,.424,10.0,30.4,20.7,50.3,2.0,2.2,15.3,30.4,11.5,3.4,14.9,.316,10.1,4.1,14.2,9.2
2026,44,mccolcj01,34,2TM,PG,76,60,2264,15.9,.566,.442,.205,2.9,9.2,6.0,19.7,1.3,1.4,9.7,25.7,1.9,1.0,3.0,.063,1.4,-1.7,-0.3,1.0
2026,44,mccolcj01,34,WAS,SG,35,35,1082,15.2,.573,.461,.193,2.2,10.2,6.2,18.0,1.1,0.7,9.2,24.4,1.1,-0.1,0.9,.042,1.2,-2.7,-1.5,0.1
2026,44,mccolcj01,34,ATL,PG,41,25,1182,16.5,.560,.426,.216,3.5,8.3,5.9,21.3,1.6,2.0,10.1,26.9,0.9,1.2,2.0,.082,1.6,-0.7,0.9,0.9
2026,45,gilgesh01,27,OKC,PG,68,68,2259,30.8,.665,.226,.465,1.9,11.7,7.0,35.0,2.0,2.3,8.7,33.4,11.1,4.1,15.2,.323,8.7,3.0,11.7,7.8
2026,46,buzelma01,21,CHI,PF,77,77,2248,14.8,.586,.514,.247,3.7,17.3,10.6,10.3,1.1,4.5,13.0,22.8,0.4,2.1,2.6,.055,-0.6,-0.4,-1.0,0.5
2026,47,beysa01,26,NOP,SF,72,64,2246,17.1,.579,.426,.305,5.7,13.5,9.6,11.9,1.4,0.3,5.8,21.6,4.5,1.0,5.4,.116,2.3,-1.8,0.5,1.4
2026,48,chrisma02,22,DAL,SG,77,68,2244,11.0,.601,.615,.192,0.7,10.9,5.9,9.3,1.0,1.0,10.9,16.5,1.3,1.4,2.7,.058,-1.0,-0.6,-1.5,0.3
2026,49,foxde01,28,SAS,PG,72,72,2231,17.6,.578,.377,.235,2.1,10.7,6.5,29.6,1.9,0.8,12.4,24.9,3.4,3.0,6.4,.138,1.5,0.6,2.2,2.4
2026,50,quickim01,26,TOR,PG,70,70,2231,16.6,.577,.526,.229,1.9,12.5,7.2,26.4,2.0,0.2,9.3,21.1,3.9,2.6,6.5,.140,1.9,0.6,2.4,2.5
2026,51,dunnkr01,31,LAC,PG,82,68,2230,11.3,.581,.449,.170,3.1,10.8,7.1,17.9,2.9,0.6,17.8,12.4,1.7,2.3,4.0,.085,-2.3,1.5,-0.8,0.6
2026,52,anunoog01,28,NYK,PF,67,67,2224,15.8,.620,.506,.275,4.3,13.4,8.8,9.2,2.3,2.2,12.0,19.7,3.1,3.2,6.3,.135,0.9,1.1,2.0,2.3
2026,53,onealro01,32,PHO,SF,78,67,2213,11.6,.596,.832,.061,2.9,16.3,9.3,12.8,1.9,1.4,13.8,14.3,1.9,2.7,4.6,.100,-0.3,1.0,0.7,1.5
2026,54,grimequ01,25,PHI,SG,75,19,2206,12.9,.585,.503,.314,2.2,11.4,6.7,15.7,1.4,1.2,13.4,19.0,1.9,1.7,3.6,.078,-0.9,-0.6,-1.6,0.2
2026,55,avdijde01,25,POR,SF,66,66,2199,20.3,.600,.369,.573,3.6,19.0,11.2,32.2,1.1,1.7,16.0,29.3,4.5,2.4,7.0,.152,3.7,0.6,4.3,3.5
2026,56,marshna01,28,DAL,SF,74,47,2184,15.4,.592,.259,.365,3.2,13.6,8.4,16.4,1.8,0.2,11.1,20.5,2.5,1.8,4.3,.095,-0.7,0.1,-0.6,0.8
2026,57,cunnica01,24,DET,PG,64,64,2172,21.6,.564,.308,.321,2.9,15.2,9.2,45.2,2.0,2.5,14.8,30.5,4.2,3.6,7.9,.174,4.8,1.5,6.3,4.6
2026,58,sheppre01,21,HOU,SG,82,21,2147,15.7,.564,.609,.091,1.5,10.7,6.1,18.6,2.8,2.3,11.1,21.7,2.7,3.1,5.9,.131,1.2,1.5,2.7,2.5
2026,59,bookede01,29,PHO,SG,64,64,2146,20.4,.585,.309,.434,2.4,10.7,6.4,30.2,1.2,0.8,12.3,32.2,4.7,1.8,6.5,.145,3.2,-1.0,2.2,2.3
2026,60,edwaran01,24,MIN,SG,61,60,2137,21.8,.617,.418,.355,1.9,13.4,7.8,17.6,1.9,2.0,10.9,31.5,3.9,2.7,6.5,.147,4.7,-0.1,4.5,3.5
2026,61,hardati02,33,DEN,SG,80,6,2127,13.5,.624,.706,.252,0.9,9.5,5.4,6.9,1.0,0.4,4.7,18.5,3.5,1.0,4.4,.100,1.3,-1.9,-0.7,0.7
2026,62,jaqueja01,24,MIA,SF,75,1,2121,15.7,.570,.200,.236,4.7,13.7,9.2,24.0,1.1,0.9,13.1,22.3,2.2,2.0,4.2,.094,0.3,-0.1,0.1,1.1
2026,63,robindu01,31,DET,SG,77,77,2113,12.4,.629,.768,.158,1.6,9.2,5.4,10.1,1.0,1.0,6.7,15.8,3.8,2.3,6.1,.139,0.8,-0.1,0.8,1.5
2026,64,fearsje01,19,NOP,PG,82,49,2112,13.8,.525,.304,.245,3.0,12.4,7.7,19.9,2.2,1.3,13.8,25.5,-0.8,1.4,0.6,.015,-1.4,-1.3,-2.7,-0.4
2026,65,clingdo01,21,POR,C,77,77,2094,20.9,.604,.360,.297,17.7,28.6,23.1,11.4,1.0,5.5,10.9,16.9,5.1,3.5,8.6,.197,2.4,0.6,3.0,2.6
2026,66,leonaka01,34,LAC,SF,65,65,2085,27.9,.629,.354,.331,4.1,18.6,11.5,21.0,2.9,1.2,8.4,33.5,6.5,2.7,9.2,.212,7.4,0.6,8.0,5.3
2026,67,mobleev01,24,CLE,PF,65,63,2074,20.0,.596,.243,.346,8.3,22.7,15.5,16.8,1.1,5.2,11.0,22.6,3.6,2.9,6.5,.150,1.8,1.2,3.0,2.6
2026,68,wiggian01,30,MIA,SF,68,68,2063,15.1,.586,.406,.197,5.7,10.8,8.3,12.3,1.7,3.0,10.3,19.7,2.2,2.3,4.6,.106,0.7,0.5,1.2,1.7
2026,69,laravja01,24,LAL,PF,82,43,2061,11.9,.571,.465,.291,6.8,11.5,9.3,9.3,2.5,1.7,12.9,14.4,1.7,2.1,3.8,.089,-1.6,0.5,-1.2,0.4
2026,70,siakapa01,31,IND,PF,62,62,2057,18.6,.562,.254,.327,4.6,17.4,10.9,19.9,1.6,1.0,9.5,30.1,1.1,1.5,2.6,.062,1.8,-1.0,0.7,1.4
2026,71,wallaca01,22,OKC,SG,77,58,2046,12.1,.538,.493,.116,3.5,8.9,6.3,12.7,3.5,1.3,10.6,14.5,1.0,4.2,5.2,.122,-2.1,3.3,1.2,1.7
2026,72,vassede01,25,SAS,SG,67,65,2044,13.0,.574,.572,.172,2.1,11.8,7.1,11.0,1.3,1.1,6.9,18.0,2.3,2.6,4.9,.115,0.1,0.3,0.5,1.3
2026,73,castlst01,21,SAS,PG,68,67,2038,17.4,.575,.299,.470,5.3,13.5,9.5,34.5,1.8,0.8,18.0,24.9,2.8,2.9,5.8,.136,1.0,0.9,1.9,2.0
2026,74,queende01,21,NOP,C,81,48,2023,15.9,.546,.118,.365,7.2,23.5,15.2,21.1,2.0,3.5,18.0,21.8,0.4,2.3,2.7,.063,-1.5,0.7,-0.8,0.6
2026,75,ballla01,24,CHO,PG,72,69,2017,19.7,.546,.595,.144,3.7,15.5,9.7,42.6,2.1,0.8,13.2,32.0,3.6,2.6,6.2,.147,4.8,-0.1,4.7,3.4
2026,76,reidna01,26,MIN,C,77,3,2007,15.4,.565,.514,.141,5.0,20.8,13.1,12.4,1.8,3.4,12.0,22.1,0.9,3.2,4.0,.097,-0.1,1.0,0.9,1.5
2026,77,mitchda01,27,MIA,PG,70,70,2000,12.1,.582,.428,.122,1.6,8.0,4.8,29.1,1.6,0.5,16.1,13.6,2.6,1.7,4.3,.104,-1.3,0.4,-0.9,0.6
2026,78,brownbr01,29,DEN,SG,82,4,1998,10.8,.562,.284,.241,5.0,12.5,8.9,11.3,2.1,0.9,13.6,14.5,1.2,1.8,2.9,.071,-2.5,0.1,-2.4,-0.2
2026,79,holmgch01,23,OKC,PF,69,69,1997,21.6,.653,.312,.365,7.4,25.3,16.7,8.6,1.0,6.4,10.6,21.9,4.4,4.7,9.1,.219,2.4,1.9,4.2,3.1
2026,80,hartjo01,30,NYK,SF,66,52,1994,15.7,.612,.409,.211,5.2,22.1,13.6,21.6,1.9,0.9,16.5,16.7,3.1,3.0,6.1,.147,1.0,2.0,3.0,2.5
2026,81,jamesle01,41,LAL,SF,60,60,1989,20.8,.594,.264,.344,2.6,18.3,10.7,34.1,1.8,1.6,14.5,27.2,3.4,2.1,5.4,.131,3.3,0.2,3.5,2.8
2026,82,baileac01,19,UTA,SF,72,61,1988,11.6,.533,.446,.099,5.5,11.0,8.2,9.7,1.4,2.4,10.3,21.4,-0.4,0.3,-0.1,-0.001,-1.9,-2.5,-4.4,-1.2
2026,83,barneha02,33,SAS,PF,77,52,1986,11.8,.608,.623,.214,3.5,7.9,5.8,9.7,1.2,0.5,8.8,14.6,2.7,2.1,4.8,.117,-0.2,0.1,-0.1,1.0
2026,84,durenja01,22,DET,C,70,70,1976,26.1,.688,.000,.535,15.3,26.4,20.9,11.0,1.4,3.0,11.6,23.6,7.2,3.8,11.0,.266,4.4,0.5,5.0,3.5
2026,85,millebr02,23,CHO,SF,65,65,1968,16.8,.574,.511,.214,4.1,14.0,9.2,17.8,1.7,2.1,12.5,28.1,2.1,2.4,4.5,.109,1.7,-0.1,1.6,1.8
2026,86,raynama01,22,SAC,C,74,56,1964,16.0,.619,.110,.250,7.9,24.3,15.8,7.6,0.9,1.8,11.2,18.2,2.6,1.0,3.6,.088,-0.9,-1.6,-2.4,-0.2
2026,87,aytonde01,27,LAL,C,72,72,1958,18.2,.676,.000,.235,11.5,22.6,17.2,4.5,1.0,3.3,11.1,16.7,4.0,2.2,6.2,.152,0.0,-0.9,-0.9,0.6
2026,88,walkeja02,22,IND,PF,76,41,1953,11.5,.543,.486,.250,2.7,19.5,10.9,14.3,1.5,1.1,14.6,20.7,-1.0,1.5,0.5,.013,-1.8,-0.7,-2.4,-0.2
2026,89,hausesa01,28,BOS,PF,78,49,1934,11.9,.590,.839,.033,3.3,13.6,8.5,7.9,1.0,1.2,5.4,14.5,2.9,2.1,5.0,.124,0.6,0.0,0.6,1.3
2026,90,hachiru01,27,LAL,PF,68,41,1927,11.6,.620,.439,.121,2.6,10.9,6.9,4.1,1.0,1.0,6.3,15.2,2.1,1.1,3.2,.080,-0.8,-1.5,-2.2,-0.1
2026,91,quetane01,26,BOS,C,76,75,1926,20.3,.674,.016,.351,13.4,22.7,18.1,9.3,1.6,5.2,11.5,14.7,5.4,3.6,9.0,.224,0.9,2.0,2.8,2.4
2026,92,claxtni01,26,BRK,C,69,68,1920,17.6,.592,.033,.393,9.6,19.9,14.5,21.8,1.2,3.7,12.3,17.7,3.3,1.5,4.8,.121,0.3,0.6,0.9,1.4
2026,93,turnemy01,29,MIL,C,71,71,1912,14.2,.584,.594,.274,4.5,17.8,11.2,7.7,1.3,6.0,10.3,18.6,1.2,1.8,3.0,.076,-0.9,0.0,-0.9,0.5
2026,94,johnske04,26,SAS,SF,82,0,1911,17.3,.613,.343,.243,7.9,16.6,12.4,8.5,1.2,0.5,7.4,21.0,3.9,2.6,6.4,.161,1.2,-0.3,0.9,1.4
2026,95,blackan01,22,ORL,PG,64,40,1910,13.7,.549,.389,.299,2.7,11.6,7.1,18.5,2.3,2.1,13.1,22.2,0.3,2.4,2.6,.067,-1.2,0.7,-0.6,0.7
2026,96,dasiltr01,24,ORL,SF,77,34,1899,12.0,.576,.518,.153,3.4,13.4,8.3,9.3,1.7,1.2,9.4,16.2,1.3,2.1,3.3,.084,-0.7,0.1,-0.6,0.7
2026,97,diabamo01,24,CHO,C,73,47,1899,17.2,.653,.006,.485,16.5,21.1,18.9,10.2,1.5,3.5,14.2,11.4,4.7,2.8,7.4,.188,0.4,1.2,1.7,1.8
2026,98,thompau01,23,DET,SF,73,72,1896,16.2,.545,.042,.331,9.0,15.6,12.4,16.3,3.7,3.6,14.3,16.9,1.5,4.1,5.7,.144,-0.6,3.6,3.1,2.4
2026,99,cliffni01,23,SAC,SG,75,28,1882,9.0,.505,.388,.163,3.8,13.3,8.4,13.0,1.7,1.2,15.4,17.0,-1.2,0.6,-0.6,-0.014,-3.7,-1.2,-4.9,-1.4
2026,100,dosunay01,26,2TM,SG,69,19,1881,16.5,.630,.375,.194,2.7,10.7,6.8,19.6,1.5,0.8,10.6,20.2,3.5,1.3,4.9,.124,1.3,-0.3,1.0,1.4
2026,100,dosunay01,26,CHI,SG,45,10,1187,17.0,.636,.397,.216,3.0,9.1,6.1,20.6,1.3,0.9,10.3,20.8,2.4,0.6,3.0,.120,1.6,-0.9,0.8,0.8
2026,100,dosunay01,26,MIN,SG,24,9,694,15.6,.619,.333,.153,2.3,13.5,8.0,17.8,1.7,0.7,11.2,19.0,1.1,0.8,1.9,.132,0.7,0.8,1.5,0.6
2026,101,collijo01,28,LAC,PF,69,56,1872,16.3,.643,.332,.234,7.0,15.6,11.4,5.8,1.6,2.6,11.6,19.5,2.7,1.8,4.6,.117,0.0,-0.5,-0.5,0.7
2026,102,greendr01,35,GSW,PF,68,68,1869,10.4,.540,.631,.171,3.2,19.5,11.2,27.3,1.6,2.1,25.5,16.1,-0.4,2.1,1.7,.044,-2.4,1.0,-1.4,0.3
2026,103,wembavi01,22,SAS,C,64,55,1866,29.9,.626,.324,.417,7.7,33.9,21.2,17.6,1.7,9.4,10.8,32.4,5.0,5.0,10.0,.257,6.5,4.2,10.7,6.0
2026,104,westbru01,37,SAC,SF,64,58,1853,15.1,.528,.452,.218,4.7,16.6,10.5,34.3,2.2,0.6,18.5,25.9,-0.6,0.9,0.4,.009,0.6,-1.0,-0.4,0.7
2026,105,sheadja01,23,TOR,PG,82,12,1852,10.5,.491,.520,.230,1.6,7.2,4.4,30.6,2.0,0.8,16.8,15.5,0.8,2.0,2.7,.070,-2.3,0.0,-2.3,-0.1
2026,106,larsspe01,24,MIA,SG,70,54,1849,13.1,.605,.343,.413,3.8,9.9,6.8,16.8,1.2,0.8,13.3,16.8,2.6,1.5,4.1,.106,-1.2,0.0,-1.2,0.4
2026,107,dortlu01,26,OKC,SF,69,69,1849,8.3,.524,.710,.111,3.4,10.7,7.2,5.9,1.6,1.4,8.9,14.1,0.0,3.0,3.0,.078,-2.8,0.8,-2.0,0.0
2026,108,jamessi01,23,CHO,SG,82,19,1843,8.3,.531,.634,.263,3.1,14.3,8.8,11.4,1.4,1.0,13.5,11.0,1.1,1.9,3.1,.080,-3.0,1.1,-2.0,0.0
2026,109,willizi01,25,NOP,PF,62,55,1841,22.6,.644,.005,.576,7.2,13.5,10.3,17.7,1.6,1.7,11.1,25.7,5.0,1.0,6.1,.159,3.5,-0.6,2.9,2.3
2026,110,wellsja01,22,MEM,SG,69,69,1821,11.5,.559,.523,.245,3.6,9.6,6.5,8.8,1.6,0.5,8.7,19.3,0.9,0.7,1.6,.042,-1.8,-1.4,-3.1,-0.5
2026,111,vucevni01,35,2TM,C,64,49,1818,17.7,.574,.339,.116,7.5,23.9,15.8,17.7,1.0,2.0,9.2,21.4,2.5,1.9,4.4,.116,1.4,0.1,1.5,1.6
2026,111,vucevni01,35,CHI,C,48,48,1480,18.2,.585,.330,.112,7.3,23.4,15.5,18.7,1.0,1.8,9.1,21.5,2.2,1.3,3.5,.115,1.9,-0.1,1.8,1.4
2026,111,vucevni01,35,BOS,C,16,1,338,15.8,.526,.381,.137,8.3,25.8,17.2,13.6,1.0,3.0,9.8,21.0,0.3,0.6,0.9,.124,-0.8,1.0,0.2,0.2
2026,112,ighodos01,23,PHO,PF,82,24,1808,13.8,.636,.003,.320,8.2,17.8,12.8,14.2,2.0,3.0,19.5,12.2,2.1,2.6,4.7,.125,-2.2,2.3,0.1,0.9
2026,113,kuzmaky01,30,MIL,PF,69,43,1806,14.1,.581,.347,.270,3.6,15.9,9.8,15.5,1.3,1.5,13.4,21.8,0.9,1.0,1.9,.051,-1.0,-1.3,-2.3,-0.1
2026,114,filipky01,22,UTA,C,77,41,1801,16.0,.586,.347,.323,8.4,25.1,16.6,15.7,1.9,2.1,14.3,20.0,1.8,1.3,3.1,.082,-0.6,-0.5,-1.1,0.4
2026,115,nembhan01,26,IND,PG,57,57,1786,15.7,.564,.393,.311,1.5,8.4,4.9,37.0,1.4,0.4,13.8,23.6,2.2,0.7,2.8,.077,1.1,-1.9,-0.8,0.6
2026,116,georgke01,22,UTA,PG,54,54,1786,18.5,.609,.410,.429,1.4,10.9,6.0,28.4,1.5,0.8,13.7,27.9,3.1,0.1,3.3,.088,3.0,-2.1,0.9,1.3
2026,117,clownno01,21,BRK,PF,66,60,1780,11.2,.554,.621,.355,3.2,15.3,8.9,9.5,1.4,2.3,12.3,20.4,-0.1,1.2,1.1,.029,-2.3,-1.1,-3.4,-0.6
2026,118,tysonja01,23,CLE,SG,66,42,1777,14.8,.608,.445,.160,7.3,13.6,10.5,11.6,1.5,1.5,12.1,19.3,2.3,1.7,4.0,.108,0.6,-0.5,0.1,0.9
2026,119,smartma01,31,LAL,SG,62,54,1769,9.9,.543,.616,.271,2.5,8.7,5.7,13.6,2.4,1.2,14.7,15.4,0.4,1.6,2.0,.054,-2.9,0.6,-2.2,-0.1
2026,120,sensabr01,22,UTA,SF,75,22,1762,14.4,.590,.516,.235,3.4,11.0,7.1,12.4,1.4,0.7,11.6,24.9,1.0,0.1,1.1,.029,0.4,-3.0,-2.6,-0.3
2026,121,reaveau01,27,LAL,SG,51,45,1762,20.2,.641,.430,.487,2.3,13.3,8.0,24.0,1.6,1.1,14.0,26.7,4.2,1.4,5.6,.153,3.4,-0.6,2.8,2.1
2026,122,jonestr01,26,CHI,PG,65,41,1752,18.7,.637,.211,.368,2.3,9.9,6.2,29.2,2.0,0.5,11.4,19.2,4.6,1.1,5.7,.157,1.2,0.1,1.3,1.5
2026,123,mamuksa01,26,TOR,C,80,13,1751,18.1,.637,.469,.250,6.9,18.8,12.8,12.4,1.8,2.3,8.7,18.8,3.6,2.5,6.2,.169,2.1,0.7,2.8,2.1
2026,124,harrito02,33,DET,PF,63,63,1746,15.0,.574,.338,.238,3.6,16.9,10.4,12.5,1.6,1.5,8.0,18.8,2.6,2.7,5.3,.145,0.6,0.8,1.4,1.5
2026,125,achiupr01,26,SAC,C,73,57,1745,16.2,.558,.162,.232,11.0,20.8,15.8,8.5,1.8,2.6,9.0,17.6,1.8,1.2,2.9,.081,-0.5,-1.1,-1.6,0.2
2026,126,washipj01,27,DAL,PF,56,53,1736,13.1,.537,.356,.277,5.2,18.7,12.0,8.1,1.5,2.9,11.3,20.1,-0.3,2.0,1.7,.046,-1.7,0.1,-1.6,0.2
2026,127,giddejo01,23,CHI,PG,54,51,1731,18.0,.562,.395,.318,4.2,23.1,13.7,41.1,1.5,1.4,19.3,24.4,1.6,1.7,3.2,.090,2.3,0.4,2.7,2.0
2026,128,barrerj01,25,TOR,SF,57,57,1726,17.0,.585,.347,.342,3.6,16.3,9.9,16.8,1.2,1.1,9.5,25.8,2.0,2.0,4.0,.111,1.0,-0.7,0.2,1.0
2026,129,huffja01,27,IND,C,82,47,1719,15.2,.598,.610,.162,4.5,16.2,10.3,10.4,1.1,7.6,10.4,18.0,1.3,1.9,3.2,.089,-0.9,1.3,0.4,1.1
2026,130,powelno01,32,MIA,SG,58,52,1717,17.5,.609,.458,.355,1.3,11.0,6.1,12.5,1.7,0.7,9.7,27.2,2.3,1.7,4.0,.112,1.8,-0.3,1.6,1.5
2026,131,spencca01,25,MEM,SG,72,20,1714,17.2,.649,.585,.241,2.5,9.2,5.8,33.1,1.4,0.6,13.1,17.2,4.7,0.6,5.3,.149,3.0,-0.8,2.2,1.8
2026,132,wareke01,21,MIA,C,77,34,1704,20.0,.616,.359,.148,13.1,29.2,21.1,4.6,1.6,4.4,8.2,18.0,3.2,3.0,6.2,.175,2.1,0.1,2.1,1.8
2026,133,brookdi01,30,PHO,SF,56,56,1702,14.1,.540,.385,.211,2.7,10.8,6.6,9.6,1.7,0.5,8.6,28.6,0.4,1.6,2.1,.058,-1.0,-1.3,-2.3,-0.1
2026,134,schrode01,32,2TM,PG,70,17,1697,12.9,.526,.362,.326,2.1,10.5,6.2,27.7,1.6,0.6,14.7,21.0,0.8,0.7,1.5,.043,-0.9,-1.3,-2.2,-0.1
2026,134,schrode01,32,SAC,PG,40,14,1056,13.6,.531,.393,.315,2.3,10.9,6.5,28.6,1.5,0.5,14.1,22.5,0.5,0.2,0.7,.030,0.0,-1.8,-1.9,0.0
2026,134,schrode01,32,CLE,PG,30,3,641,11.8,.515,.300,.348,1.9,9.7,5.8,26.3,1.7,0.7,15.9,18.6,0.3,0.5,0.9,.066,-2.3,-0.5,-2.8,-0.1
2026,135,okorois01,25,CHI,SG,63,62,1695,9.8,.574,.481,.244,4.4,6.4,5.4,7.8,1.3,1.5,8.3,13.6,1.4,0.7,2.2,.061,-3.0,-0.8,-3.8,-0.8
2026,136,grantje01,31,POR,PF,57,38,1695,15.4,.608,.479,.441,3.5,9.3,6.3,11.0,1.2,1.9,12.0,23.8,2.6,1.4,4.0,.114,0.9,-0.9,0.0,0.9
2026,137,barlodo01,22,PHI,PF,71,59,1689,13.2,.597,.206,.328,8.5,13.5,11.0,7.0,1.8,2.9,10.9,12.8,2.2,1.8,3.9,.112,-1.5,0.4,-1.1,0.4
2026,138,portemi01,27,BRK,SF,52,52,1689,19.9,.595,.506,.237,4.5,21.7,12.6,18.2,1.6,0.7,10.3,30.5,1.7,1.3,2.9,.083,4.2,-1.2,3.0,2.1
2026,139,kennalu01,29,2TM,SG,78,6,1681,13.5,.689,.553,.156,2.1,10.0,6.1,13.8,1.6,0.4,11.2,13.5,3.2,1.4,4.5,.130,0.1,0.1,0.1,0.9
2026,139,kennalu01,29,ATL,SG,46,0,944,13.5,.713,.621,.146,2.2,9.3,5.7,13.2,1.7,0.5,11.1,12.7,1.9,0.9,2.7,.139,0.2,0.3,0.5,0.6
2026,139,kennalu01,29,LAL,SG,32,6,737,13.4,.661,.473,.167,2.1,10.8,6.6,14.5,1.5,0.4,11.4,14.6,1.3,0.5,1.8,.118,-0.1,-0.3,-0.4,0.3
2026,140,johnsca02,29,DEN,SF,54,54,1647,12.8,.629,.539,.236,3.1,10.6,7.0,10.6,1.2,1.2,8.2,15.1,2.7,1.0,3.7,.108,0.3,-0.9,-0.6,0.6
2026,141,lopezbr01,37,LAC,C,75,40,1635,12.3,.552,.585,.137,3.4,15.7,9.7,8.5,1.4,5.0,9.6,17.2,0.5,1.8,2.3,.068,-1.3,0.4,-0.9,0.5
2026,142,rileywi01,19,WAS,SF,74,18,1633,12.1,.548,.400,.291,3.6,10.4,7.0,12.7,1.6,0.5,11.9,20.2,0.4,0.0,0.4,.012,-1.9,-2.6,-4.5,-1.0
2026,143,willico04,21,UTA,SG,67,41,1631,9.6,.524,.257,.234,3.9,9.3,6.6,11.4,1.5,1.5,11.5,16.0,0.0,0.1,0.1,.004,-3.6,-1.9,-5.5,-1.5
2026,144,mathube01,23,2TM,SF,54,25,1620,14.7,.575,.352,.496,3.9,16.5,10.2,12.0,1.3,0.7,12.5,25.2,1.0,1.1,2.1,.062,-1.1,-1.4,-2.5,-0.2
2026,144,mathube01,23,IND,SF,28,24,891,12.6,.589,.436,.408,2.6,16.1,9.2,10.5,0.9,0.4,13.2,23.2,0.3,0.4,0.7,.038,-1.1,-1.7,-2.8,-0.2
2026,144,mathube01,23,LAC,SF,26,1,729,17.2,.561,.257,.596,5.4,16.9,11.3,13.9,1.8,1.2,11.8,27.8,0.7,0.7,1.4,.092,-1.0,-1.0,-2.1,0.0
2026,145,portibo01,30,MIL,PF,67,9,1619,17.1,.587,.395,.091,6.3,23.5,14.9,10.5,1.2,0.7,7.8,23.1,1.6,1.2,2.8,.083,1.5,-1.6,0.0,0.8
2026,146,sextoco01,27,2TM,SG,68,22,1614,17.4,.615,.376,.344,2.8,7.6,5.3,21.7,2.3,0.6,14.2,25.9,2.5,1.4,3.9,.117,1.1,-0.5,0.6,1.1
2026,146,sextoco01,27,CHO,SG,42,12,938,17.7,.619,.350,.372,2.2,7.3,4.8,26.4,1.9,0.7,15.6,25.7,1.9,0.9,2.8,.141,1.6,-0.4,1.2,0.7
2026,146,sextoco01,27,CHI,SG,26,10,676,17.0,.609,.409,.308,3.7,8.1,5.9,15.1,2.8,0.4,12.3,26.2,0.7,0.5,1.2,.084,0.3,-0.5,-0.2,0.3
2026,147,cowarce01,22,MEM,SG,62,47,1598,15.3,.585,.424,.256,5.5,19.4,12.3,16.0,1.2,1.6,12.7,21.5,1.4,1.1,2.5,.076,0.4,-0.6,-0.2,0.7
2026,148,watsope01,23,DEN,SF,54,40,1598,14.3,.594,.339,.325,3.6,14.4,9.3,9.7,1.5,3.6,12.3,20.6,1.0,1.6,2.6,.078,-0.8,-0.5,-1.2,0.3
2026,149,joneshe01,27,NOP,SF,56,56,1588,9.1,.491,.542,.130,3.2,9.8,6.4,12.9,2.7,1.6,12.6,15.2,-0.4,1.1,0.7,.022,-3.7,0.6,-3.1,-0.5
2026,150,suggsja01,24,ORL,PG,57,56,1574,15.6,.561,.555,.180,2.5,13.2,7.8,29.6,3.2,2.3,17.8,22.9,0.3,2.4,2.7,.083,0.7,1.8,2.5,1.8
2026,151,oubreke01,30,PHI,SF,50,41,1574,13.0,.580,.439,.267,3.4,14.2,8.7,7.3,2.1,1.4,10.2,18.2,1.1,1.6,2.7,.083,-1.3,-0.1,-1.4,0.2
2026,152,goodwjo01,27,PHO,PG,70,10,1572,14.7,.525,.544,.101,9.4,14.8,12.0,13.6,3.3,0.9,10.5,17.5,1.5,2.4,3.9,.118,0.3,1.5,1.8,1.5
2026,153,holidjr01,35,POR,PG,53,51,1560,16.4,.573,.511,.148,4.9,12.3,8.5,32.1,1.7,0.3,16.2,23.5,2.1,1.5,3.6,.109,2.4,-0.5,1.9,1.6
2026,154,harpedy01,19,SAS,SG,69,4,1558,16.2,.574,.271,.181,3.8,12.1,8.1,24.7,1.7,1.4,12.3,21.8,2.0,2.2,4.2,.130,0.3,1.1,1.4,1.3
2026,155,hollaro01,20,DET,SF,78,5,1551,11.7,.525,.364,.274,6.1,16.5,11.4,8.2,2.9,1.7,13.6,18.9,-0.1,2.9,2.8,.087,-3.3,1.4,-2.0,0.0
2026,156,easonta01,24,HOU,PF,60,34,1549,12.9,.514,.448,.116,9.0,17.8,13.5,8.0,2.3,1.7,11.7,18.7,0.6,2.3,2.9,.091,-1.8,0.2,-1.6,0.2
2026,157,huertke01,27,2TM,SF,69,14,1549,13.2,.552,.545,.119,2.4,14.2,8.4,16.1,1.9,1.9,10.3,18.8,0.8,1.7,2.5,.078,-1.1,0.5,-0.6,0.6
2026,157,huertke01,27,CHI,SF,44,11,1037,13.2,.559,.552,.139,2.4,14.8,8.7,15.9,1.6,2.2,10.3,19.2,0.5,0.8,1.3,.060,-1.1,0.1,-1.0,0.3
2026,157,huertke01,27,DET,SG,25,3,512,13.4,.539,.531,.078,2.5,12.9,7.8,16.5,2.6,1.4,10.4,18.0,0.4,0.9,1.2,.114,-1.1,1.4,0.3,0.3
2026,158,moodymo01,23,GSW,SG,60,49,1540,13.5,.600,.677,.203,3.6,11.0,7.2,9.2,1.8,2.0,8.6,18.3,1.7,1.4,3.1,.096,0.2,-0.3,-0.1,0.7
2026,159,mannte01,29,BRK,SG,63,51,1529,10.2,.564,.418,.217,5.0,10.5,7.6,18.6,1.3,0.9,15.0,13.5,1.2,0.6,1.8,.056,-2.7,-0.7,-3.4,-0.6
2026,160,allenja01,27,CLE,C,56,56,1519,22.1,.669,.019,.494,10.5,24.0,17.2,9.7,1.7,2.9,10.4,19.9,4.2,2.2,6.4,.202,2.2,0.4,2.6,1.8
2026,161,colliis01,21,UTA,PG,59,19,1517,14.8,.567,.194,.406,1.5,9.4,5.3,39.2,2.0,1.3,19.6,20.4,1.3,0.3,1.7,.053,-0.7,-1.8,-2.4,-0.2
2026,162,joeis01,26,OKC,SG,71,9,1507,15.5,.657,.788,.227,2.5,10.2,6.5,8.6,1.6,0.7,7.0,18.4,3.2,2.4,5.5,.176,2.0,0.5,2.5,1.7
2026,163,landajo01,30,2TM,C,68,27,1506,16.6,.595,.352,.230,12.9,14.9,13.9,11.1,1.1,2.2,9.0,18.3,2.7,1.1,3.8,.122,0.9,-1.0,-0.1,0.7
2026,163,landajo01,30,MEM,C,45,25,1060,16.8,.594,.332,.229,14.2,15.7,14.9,10.6,1.1,1.9,9.7,18.6,1.9,0.6,2.5,.114,1.0,-1.3,-0.2,0.5
2026,163,landajo01,30,ATL,C,23,2,446,16.0,.596,.403,.233,10.1,13.1,11.6,12.4,1.1,2.8,7.4,17.7,0.8,0.5,1.3,.141,0.5,-0.4,0.1,0.2
2026,164,risacza01,20,ATL,SF,67,46,1503,11.8,.557,.481,.168,5.0,13.6,9.3,6.8,1.9,2.2,9.2,17.6,0.5,1.9,2.3,.074,-2.3,-0.2,-2.5,-0.2
2026,165,thompkl01,35,DAL,SF,69,8,1497,11.4,.541,.724,.065,1.3,8.8,5.1,9.5,1.0,1.2,7.8,22.7,-0.3,0.9,0.5,.018,0.2,-1.5,-1.4,0.2
2026,166,kalkbry01,24,CHO,C,69,31,1479,17.9,.762,.017,.399,13.0,15.7,14.4,5.2,1.1,6.3,15.3,11.6,3.6,2.1,5.7,.185,0.5,1.3,1.8,1.4
2026,167,elliske01,26,2TM,SG,72,11,1478,10.8,.579,.654,.182,2.8,7.3,5.1,6.3,2.7,2.9,9.0,13.0,1.0,1.2,2.2,.072,-1.8,1.3,-0.5,0.6
2026,167,elliske01,26,SAC,SG,43,5,758,9.1,.536,.689,.153,2.2,6.1,4.1,4.6,2.9,2.7,8.6,13.7,0.0,0.4,0.4,.025,-2.8,0.9,-1.9,0.0
2026,167,elliske01,26,CLE,SG,29,6,720,12.5,.629,.611,.217,3.5,8.7,6.1,8.2,2.5,3.2,9.4,12.4,1.0,0.8,1.8,.121,-0.7,1.7,1.1,0.6
2026,168,walteja01,21,TOR,SG,72,19,1474,11.8,.610,.666,.223,4.3,10.0,7.1,7.7,2.4,0.9,7.7,14.0,1.9,1.9,3.7,.121,-1.3,1.0,-0.3,0.6
2026,169,willipa01,24,CHI,PF,72,6,1474,8.2,.494,.573,.157,3.6,11.8,7.7,9.4,1.6,1.5,12.8,16.6,-1.1,1.0,-0.1,-0.005,-3.4,-1.1,-4.5,-0.9
2026,170,mitchaj01,23,OKC,SG,57,16,1473,16.8,.585,.298,.275,3.1,10.6,7.0,20.1,2.3,1.2,10.9,21.8,2.2,2.6,4.8,.156,0.3,1.6,1.9,1.4
2026,171,sharpsh01,22,POR,SG,50,42,1471,15.3,.546,.353,.227,3.7,12.4,8.0,15.4,2.3,0.4,13.3,30.5,-0.4,1.6,1.3,.041,-0.4,-0.9,-1.4,0.2
2026,172,coulibi01,21,WAS,SG,56,56,1468,13.5,.531,.377,.327,3.5,14.5,8.9,13.9,2.4,3.2,11.6,19.9,0.2,0.8,1.0,.031,-1.7,-0.4,-2.1,-0.1
2026,173,allengr01,30,PHO,SG,51,27,1467,16.1,.568,.682,.252,2.7,9.2,5.9,19.9,2.3,0.8,10.1,23.8,2.3,1.6,3.9,.127,1.9,0.2,2.1,1.5
2026,174,willibr03,26,DAL,PG,66,15,1463,16.8,.572,.251,.493,2.2,11.6,6.9,26.3,2.0,1.2,14.3,25.1,1.2,1.3,2.5,.083,0.1,0.3,0.4,0.9
2026,175,jenkida01,24,DET,PG,72,19,1455,13.4,.525,.343,.283,4.0,8.7,6.4,25.8,2.1,1.0,15.3,21.5,0.9,2.0,2.9,.095,-0.8,0.1,-0.7,0.5
2026,176,jacksja02,26,2TM,C,48,48,1454,15.7,.576,.327,.282,3.1,17.4,10.1,10.4,1.7,4.4,11.7,26.2,0.1,1.3,1.4,.047,-1.1,0.5,-0.6,0.5
2026,176,jacksja02,26,MEM,C,45,45,1382,15.4,.574,.328,.279,3.2,17.4,10.1,9.9,1.6,4.5,11.7,25.6,0.0,1.3,1.3,.046,-1.2,0.4,-0.8,0.4
2026,176,jacksja02,26,UTA,C,3,3,72,23.2,.598,.306,.327,1.5,18.5,9.8,20.3,3.9,1.3,11.1,36.0,0.1,0.1,0.1,.082,2.4,2.2,4.6,0.1
2026,177,greenja02,32,DET,SG,82,6,1446,14.1,.607,.597,.302,4.9,12.8,8.9,5.0,3.4,1.7,8.8,14.8,2.0,2.7,4.7,.156,-0.3,2.4,2.1,1.5
2026,178,zubaciv01,28,2TM,C,48,47,1446,18.6,.622,.000,.295,13.3,27.2,20.4,11.3,0.6,2.6,13.6,19.2,2.6,1.6,4.2,.139,0.7,-0.9,-0.3,0.6
2026,178,zubaciv01,28,LAC,C,43,42,1328,18.8,.635,.000,.308,13.3,27.7,20.7,11.3,0.6,2.6,14.4,19.0,2.6,1.5,4.0,.146,0.9,-0.7,0.1,0.7
2026,178,zubaciv01,28,IND,C,5,5,118,16.2,.505,.000,.189,12.6,20.7,16.6,12.0,0.8,2.9,6.5,22.1,0.1,0.1,0.2,.064,-1.8,-2.7,-4.5,-0.1
2026,179,johnstr03,19,WAS,SG,60,42,1443,10.6,.535,.496,.134,2.1,10.7,6.3,12.4,1.1,1.1,11.9,22.5,-0.6,-0.1,-0.7,-0.024,-2.1,-2.9,-5.0,-1.1
2026,180,markkla01,28,UTA,PF,42,42,1443,21.1,.608,.402,.333,6.1,15.7,10.8,10.1,1.4,1.4,6.4,28.1,3.2,0.3,3.5,.118,4.6,-2.0,2.6,1.6
2026,181,middlkh01,34,2TM,SF,63,50,1439,10.9,.533,.344,.252,3.8,13.4,8.6,17.3,1.3,0.5,15.3,20.6,-0.3,0.5,0.3,.008,-2.8,-1.5,-4.4,-0.9
2026,181,middlkh01,34,WAS,SF,34,34,827,11.5,.531,.330,.230,3.8,13.8,8.7,18.9,1.5,1.0,14.7,19.6,0.0,0.1,0.2,.009,-2.6,-1.4,-4.0,-0.4
2026,181,middlkh01,34,DAL,SF,29,16,612,10.2,.536,.363,.279,3.7,13.0,8.4,15.0,1.2,0.0,15.9,21.9,-0.3,0.4,0.1,.008,-3.2,-1.7,-4.9,-0.4
2026,182,cissosi01,21,POR,SF,75,26,1435,7.1,.514,.593,.263,4.6,8.0,6.3,10.2,1.7,1.5,15.8,12.5,0.0,1.3,1.3,.045,-4.6,0.5,-4.0,-0.7
2026,183,kornelu01,30,SAS,C,68,25,1430,17.9,.689,.000,.419,14.0,17.0,15.5,11.3,1.1,4.0,8.0,10.3,4.6,2.3,6.9,.231,1.6,2.1,3.6,2.0
2026,184,scheiba01,25,BOS,SG,77,20,1429,11.6,.616,.730,.093,4.5,16.0,10.3,10.5,1.5,0.4,11.7,11.9,2.1,1.8,3.8,.129,-0.7,1.3,0.6,0.9
2026,185,jonessp01,24,DEN,SF,64,37,1417,9.3,.619,.550,.195,6.2,10.1,8.3,4.5,1.8,1.9,9.8,9.7,1.5,1.2,2.6,.089,-2.4,0.0,-2.4,-0.1
2026,186,willima07,24,PHO,C,60,55,1416,21.8,.680,.002,.400,14.0,23.7,18.7,6.3,1.9,3.7,11.2,17.4,4.0,2.3,6.3,.215,1.5,0.5,2.0,1.4
2026,187,wiggiaa01,27,OKC,SG,65,21,1414,11.7,.538,.504,.134,3.3,11.7,7.6,10.6,2.1,1.9,12.5,19.9,-0.4,2.5,2.1,.072,-1.7,0.7,-0.9,0.4
2026,188,claytwa01,22,2TM,PG,69,6,1410,10.3,.523,.529,.262,1.9,8.9,5.3,26.6,1.5,1.3,18.4,18.5,0.0,0.3,0.3,.009,-2.2,-2.1,-4.3,-0.8
2026,188,claytwa01,22,UTA,PG,45,0,811,10.4,.540,.559,.242,1.9,10.0,5.9,23.4,1.4,1.4,16.8,17.2,0.3,0.1,0.3,.019,-1.9,-1.4,-3.2,-0.2
2026,188,claytwa01,22,MEM,PG,24,6,599,10.1,.502,.493,.288,1.8,7.5,4.6,30.9,1.6,1.1,20.3,20.1,-0.3,0.2,-0.1,-0.005,-2.7,-3.1,-5.8,-0.6
2026,189,braunch01,24,DEN,SG,44,44,1399,12.6,.607,.368,.260,5.1,11.5,8.4,11.4,1.0,0.8,9.0,14.8,2.2,0.8,3.0,.103,-0.4,-0.9,-1.2,0.3
2026,190,santogu01,23,GSW,PF,68,30,1395,14.2,.609,.483,.261,5.9,15.6,10.6,16.7,2.1,1.5,16.6,18.7,1.2,1.5,2.7,.094,-0.9,0.3,-0.6,0.5
2026,191,krejcvi01,25,2TM,PG,65,8,1392,11.1,.609,.765,.119,2.4,9.3,5.8,9.6,1.6,1.2,8.3,14.6,1.5,1.3,2.9,.099,-1.5,0.0,-1.6,0.1
2026,191,krejcvi01,25,ATL,PG,46,8,1028,11.3,.639,.776,.117,2.0,8.4,5.1,8.6,1.7,1.1,8.5,14.3,1.2,1.0,2.2,.103,-1.3,0.0,-1.3,0.2
2026,191,krejcvi01,25,POR,PG,19,0,364,10.5,.533,.736,.124,3.5,11.8,7.6,12.3,1.3,1.2,7.9,15.5,0.3,0.3,0.7,.086,-2.2,-0.2,-2.4,0.0
2026,192,georgky01,22,WAS,SF,48,48,1391,13.8,.559,.451,.227,3.3,15.9,9.5,22.4,1.6,2.7,16.5,22.8,0.1,0.5,0.6,.022,-0.5,-0.6,-1.2,0.3
2026,193,sheppbe01,24,IND,SG,65,20,1390,9.7,.561,.599,.132,3.3,12.2,7.6,11.3,1.3,0.4,9.1,13.8,0.8,0.7,1.4,.050,-2.4,-0.6,-3.0,-0.4
2026,194,champju01,24,WAS,SF,69,19,1377,17.3,.589,.359,.221,11.1,19.0,15.0,8.7,2.0,2.7,8.2,16.7,2.4,0.8,3.1,.109,0.6,-1.0,-0.4,0.6
2026,195,richawi02,23,GSW,SG,69,21,1377,11.0,.596,.613,.156,5.3,8.7,7.0,9.3,2.8,0.6,12.5,13.0,1.2,1.4,2.5,.089,-2.5,0.9,-1.7,0.1
2026,196,trentga02,27,MIL,SG,65,21,1377,8.0,.533,.723,.110,0.7,4.8,2.8,8.0,1.2,0.2,7.6,17.2,-0.2,0.2,-0.1,-0.002,-3.2,-2.2,-5.4,-1.2
2026,197,merrisa01,29,CLE,SG,52,38,1377,13.6,.644,.775,.143,2.2,8.4,5.3,12.3,1.2,0.5,7.5,17.0,2.8,0.9,3.7,.127,1.0,-1.0,0.1,0.7
2026,198,simonan01,26,2TM,SG,55,5,1372,14.4,.576,.585,.119,2.5,8.1,5.4,14.6,1.0,0.6,9.1,23.6,1.8,1.1,2.9,.101,1.2,-1.3,-0.1,0.7
2026,198,simonan01,26,BOS,SG,49,0,1202,15.0,.579,.579,.127,2.4,8.2,5.4,14.5,1.1,0.5,8.4,23.7,1.9,1.1,2.9,.117,1.6,-1.0,0.6,0.8
2026,198,simonan01,26,CHI,SG,6,5,170,10.2,.554,.625,.063,3.2,7.4,5.3,15.7,0.0,1.0,13.7,23.3,-0.1,0.0,-0.1,-0.015,-1.3,-3.7,-5.0,-0.1
2026,199,alvarjo01,27,2TM,PG,69,3,1370,12.1,.543,.639,.102,2.1,11.6,6.8,23.1,2.3,0.6,14.1,16.8,1.0,1.2,2.2,.077,-1.3,0.3,-1.0,0.3
2026,199,alvarjo01,27,NOP,PG,41,0,896,11.1,.558,.689,.086,1.9,11.9,6.9,19.3,2.0,0.4,13.9,15.7,0.5,0.5,1.0,.055,-1.5,-0.5,-2.0,0.0
2026,199,alvarjo01,27,NYK,PG,28,3,474,14.0,.520,.556,.130,2.4,11.1,6.7,30.3,3.0,0.9,14.4,18.9,0.5,0.7,1.2,.119,-0.9,1.8,0.9,0.4
2026,200,monkma01,27,SAC,SG,62,3,1364,14.2,.568,.497,.169,1.2,8.6,4.8,20.6,1.3,1.6,11.8,24.0,0.8,0.2,1.0,.034,0.8,-2.1,-1.3,0.2
2026,201,dunnry01,23,PHO,SF,70,16,1355,11.7,.532,.467,.130,7.8,16.8,12.2,10.3,2.2,2.0,12.8,13.7,0.7,1.9,2.6,.093,-2.1,1.2,-0.9,0.4
2026,202,okogijo01,27,HOU,SG,78,32,1354,9.9,.544,.548,.235,6.7,9.6,8.2,6.4,2.3,1.1,11.2,11.3,1.1,1.6,2.7,.095,-2.3,1.1,-1.2,0.3
2026,203,sandeko01,23,LAC,SG,68,16,1351,10.0,.597,.510,.180,2.6,10.4,6.6,11.4,1.8,0.7,16.4,16.3,0.4,1.0,1.4,.051,-2.7,-0.2,-2.9,-0.3
2026,204,jonesde02,28,LAC,SF,50,45,1350,13.3,.600,.404,.245,5.4,9.4,7.5,7.3,1.7,3.5,8.7,15.1,1.7,1.1,2.8,.100,-0.6,-0.1,-0.7,0.5
2026,205,garlada01,26,2TM,PG,45,43,1344,17.1,.582,.458,.182,1.5,7.4,4.5,34.9,1.6,0.6,15.2,27.4,1.7,0.9,2.6,.092,2.2,-2.4,-0.2,0.6
2026,205,garlada01,26,CLE,PG,26,26,792,15.6,.567,.435,.210,1.7,7.1,4.4,33.2,1.3,0.4,15.1,25.8,0.9,0.5,1.4,.084,0.9,-2.5,-1.6,0.1
2026,205,garlada01,26,LAC,PG,19,17,552,19.4,.602,.488,.146,1.3,7.8,4.6,37.3,2.0,0.9,15.4,29.8,0.8,0.4,1.2,.104,4.0,-2.2,1.8,0.5
2026,206,nesmiaa01,26,IND,SF,45,42,1335,10.8,.554,.541,.217,3.8,11.6,7.6,9.4,0.9,1.5,10.1,19.8,0.1,0.6,0.7,.026,-1.7,-1.6,-3.4,-0.5
2026,207,murrakr01,25,POR,SF,57,15,1333,9.6,.550,.442,.207,7.2,9.6,8.4,8.1,1.8,1.5,13.5,10.6,0.9,1.3,2.2,.079,-2.3,0.8,-1.5,0.2
2026,208,curryst01,37,GSW,PG,43,41,1329,22.6,.637,.606,.277,1.4,11.7,6.5,27.0,1.8,1.2,11.9,32.5,2.9,1.2,4.1,.147,6.3,-1.0,5.4,2.5
2026,209,millejo02,26,LAC,SF,60,1,1325,15.9,.628,.276,.439,4.5,11.3,8.0,15.1,1.7,0.8,11.7,18.0,2.5,1.0,3.5,.125,0.6,-0.4,0.2,0.8
2026,210,poweldr01,20,BRK,SG,63,24,1320,7.3,.521,.508,.215,1.8,8.4,4.9,10.3,1.3,1.0,13.3,14.9,-0.5,0.5,-0.1,-0.003,-4.6,-1.3,-6.0,-1.3
2026,211,simsje01,27,MIL,C,67,19,1318,12.9,.772,.000,.384,12.7,19.0,15.9,10.7,0.7,1.3,25.8,9.8,2.5,0.7,3.2,.117,-2.1,-0.9,-3.1,-0.4
2026,212,wadede01,29,CLE,PF,59,38,1318,10.9,.580,.705,.137,4.4,16.1,10.3,8.3,1.6,1.7,5.1,9.9,1.7,1.4,3.1,.114,-0.8,1.0,0.2,0.7
2026,213,stewais01,24,DET,C,58,13,1317,15.2,.632,.299,.326,8.3,16.3,12.4,6.9,0.6,7.0,12.7,16.6,1.9,2.1,4.1,.149,-1.1,1.1,0.0,0.7
2026,214,demineg01,19,BRK,PG,52,45,1308,11.3,.561,.717,.145,1.8,13.5,7.3,20.7,1.6,1.2,15.3,18.8,0.1,0.7,0.9,.032,-0.9,-0.7,-1.6,0.1
2026,215,sarral01,20,WAS,C,48,48,1305,19.4,.544,.229,.223,8.5,20.9,14.6,15.9,1.4,6.4,10.2,25.7,0.7,0.9,1.6,.059,0.8,-0.1,0.7,0.9
2026,216,missiyv01,21,NOP,C,66,14,1297,15.0,.556,.003,.347,15.0,17.0,16.0,8.6,0.7,7.4,13.7,12.6,1.6,1.1,2.7,.098,-1.4,-0.3,-1.7,0.1
2026,217,batumni01,37,LAC,PF,74,6,1295,8.4,.603,.958,.046,2.1,14.1,8.3,6.5,1.8,1.7,13.2,9.6,0.6,1.2,1.8,.066,-1.7,0.7,-1.0,0.3
2026,218,willizi02,24,BRK,SF,56,13,1281,12.4,.579,.580,.323,2.6,10.0,6.1,7.4,2.9,1.5,10.7,18.9,0.5,1.1,1.6,.059,-2.0,0.4,-1.7,0.1
2026,219,clarkjo01,33,NYK,SG,72,1,1279,11.6,.548,.407,.179,5.4,5.7,5.6,10.7,1.2,0.7,10.0,21.1,0.9,1.0,1.9,.072,-1.9,-1.4,-3.3,-0.4
2026,220,willija07,23,OKC,PF,65,11,1277,13.8,.597,.727,.261,2.8,26.6,15.2,16.0,1.2,3.2,14.6,15.6,1.3,2.8,4.1,.155,0.0,2.8,2.7,1.5
2026,221,porteke02,25,MIL,PG,38,36,1261,18.7,.567,.278,.304,3.1,14.6,8.9,33.8,3.2,1.5,15.9,24.3,1.5,1.3,2.8,.106,0.8,1.2,2.1,1.3
2026,222,whiteco01,25,2TM,SG,50,26,1249,16.1,.595,.510,.387,1.5,13.1,7.4,24.8,0.9,0.4,14.9,28.8,1.2,0.7,2.0,.076,0.6,-1.9,-1.3,0.2
2026,222,whiteco01,25,CHI,SG,29,26,843,14.2,.586,.529,.392,0.9,12.6,6.8,23.9,1.1,0.2,16.0,27.1,0.3,0.4,0.7,.038,-1.0,-2.3,-3.3,-0.3
2026,222,whiteco01,25,CHO,SG,21,0,406,20.1,.611,.478,.378,2.8,14.2,8.6,26.8,0.6,0.7,13.0,32.1,1.0,0.3,1.3,.154,4.0,-1.1,2.9,0.5
2026,223,murraco01,20,TOR,PF,57,22,1246,16.4,.621,.146,.316,12.0,14.0,13.0,11.7,2.0,4.1,13.2,15.5,2.1,1.9,4.0,.154,-0.5,1.5,1.0,1.0
2026,224,traorno01,19,BRK,PG,56,31,1243,7.9,.479,.401,.196,1.2,8.4,4.6,27.2,1.8,1.7,19.9,22.8,-2.3,0.6,-1.6,-0.063,-4.8,-2.0,-6.8,-1.5
2026,225,bonaad01,22,PHI,C,71,18,1234,12.8,.638,.027,.514,11.2,16.0,13.6,3.4,1.2,6.2,17.2,11.1,1.4,1.5,2.9,.112,-3.2,0.3,-2.9,-0.3
2026,226,drumman01,32,PHI,C,63,25,1231,16.4,.539,.267,.249,17.5,29.8,23.6,8.9,1.5,3.7,14.0,14.9,1.5,1.9,3.4,.133,-0.4,-0.2,-0.6,0.4
2026,227,spencpa01,29,GSW,PG,66,14,1229,12.1,.516,.385,.131,4.5,9.9,7.2,27.1,1.9,0.4,15.6,18.9,0.5,1.0,1.4,.056,-1.7,-0.6,-2.3,-0.1
2026,228,lavinza01,30,SAC,SG,39,37,1224,14.7,.614,.464,.260,0.7,9.4,4.9,11.2,1.1,0.8,10.8,23.7,1.3,0.0,1.3,.051,0.6,-2.2,-1.5,0.2
2026,229,walshjo01,21,BOS,PF,68,25,1212,13.1,.623,.468,.213,7.9,16.6,12.3,5.8,2.0,2.6,10.7,11.7,1.9,1.9,3.8,.150,-1.4,1.6,0.2,0.7
2026,230,hayesja02,25,LAL,C,66,9,1207,18.3,.758,.011,.573,10.0,16.1,13.2,6.9,1.2,4.0,8.6,13.0,3.8,1.2,5.0,.199,0.8,0.4,1.2,1.0
2026,231,embiijo01,31,PHI,C,38,38,1201,24.7,.605,.228,.481,6.7,20.0,13.3,21.7,0.8,3.6,11.4,33.5,2.8,1.3,4.1,.163,5.1,-0.2,4.9,2.1
2026,232,baglema01,26,2TM,PF,60,12,1201,20.2,.661,.127,.350,13.2,19.3,16.3,10.8,1.1,3.1,11.4,18.6,3.0,0.8,3.8,.150,1.8,-1.0,0.8,0.8
2026,232,baglema01,26,WAS,PF,38,8,731,20.5,.667,.077,.394,14.0,17.8,15.9,11.7,1.3,3.2,13.2,19.0,1.9,0.3,2.1,.140,1.8,-1.1,0.7,0.5
2026,232,baglema01,26,DAL,PF,22,4,470,19.7,.652,.200,.285,12.0,21.7,16.9,9.5,0.8,2.9,8.4,18.0,1.1,0.5,1.6,.165,1.8,-0.8,1.0,0.3
2026,233,aldamsa01,25,MEM,PF,43,11,1198,16.3,.572,.420,.239,6.0,20.2,13.0,15.7,1.5,2.4,9.5,20.2,1.3,1.0,2.3,.092,1.3,0.4,1.7,1.1
2026,234,gaffoda01,27,DAL,C,55,44,1195,18.8,.677,.000,.509,12.3,21.1,16.7,7.0,1.7,4.9,14.0,15.8,2.5,1.7,4.1,.167,-0.5,1.2,0.7,0.8
2026,235,wolfda01,21,BRK,PF,57,15,1187,12.3,.521,.480,.248,5.3,23.2,13.8,17.1,1.2,2.5,13.0,20.6,-0.2,1.0,0.8,.032,-2.2,-0.3,-2.5,-0.2
2026,236,butleji01,36,GSW,SF,38,38,1182,23.5,.646,.184,.621,8.2,11.8,10.0,24.3,2.3,0.6,9.3,23.3,4.6,1.1,5.7,.233,5.0,0.5,5.5,2.3
2026,237,gueyemo02,23,ATL,PF,77,8,1179,12.0,.539,.448,.214,8.1,17.4,12.7,7.4,2.4,3.0,9.4,12.4,0.9,1.8,2.7,.110,-2.6,1.3,-1.3,0.2
2026,238,jacksgg01,21,MEM,PF,55,28,1178,15.6,.591,.375,.294,4.4,17.4,10.8,10.7,1.2,3.4,12.8,23.5,0.4,0.9,1.3,.052,0.0,-1.2,-1.2,0.2
2026,239,hylanbo01,25,MIN,PG,71,3,1177,15.1,.599,.639,.175,2.2,9.5,5.9,22.7,1.8,1.3,12.2,20.6,1.8,1.3,3.1,.126,1.2,0.5,1.7,1.1
2026,240,huntede01,28,2TM,SF,45,25,1176,11.4,.545,.491,.285,2.8,14.5,8.7,10.6,1.2,0.5,11.7,22.9,0.1,1.0,1.1,.044,-2.5,-1.5,-3.9,-0.6
2026,240,huntede01,28,CLE,SF,43,23,1125,12.1,.553,.492,.284,2.8,14.9,8.9,11.0,1.3,0.5,11.6,22.9,0.3,1.0,1.3,.056,-2.1,-1.3,-3.4,-0.4
2026,240,huntede01,28,SAC,SF,2,2,51,-3.4,.347,.474,.316,2.1,4.5,3.3,2.5,0.0,0.0,15.6,21.4,-0.2,0.0,-0.2,-0.225,-11.0,-5.5,-16.5,-0.2
2026,241,robinmi01,27,NYK,C,60,16,1175,21.1,.676,.000,.500,23.9,26.1,25.0,5.8,2.4,6.1,14.0,10.7,3.3,2.5,5.8,.236,1.9,1.5,3.5,1.6
2026,242,fontesi01,30,MIA,SF,70,9,1173,13.8,.579,.696,.217,4.9,13.8,9.3,11.6,1.5,0.7,8.7,19.6,1.4,1.2,2.6,.106,0.7,-0.2,0.5,0.7
2026,243,nembhry01,22,DAL,PG,60,27,1171,10.9,.492,.346,.079,1.2,10.8,6.0,37.2,1.0,0.1,17.4,17.5,0.1,0.7,0.8,.031,-2.4,-1.7,-4.1,-0.6
2026,244,shamela01,28,NYK,SG,51,12,1171,11.2,.598,.723,.209,2.2,6.6,4.4,8.2,1.3,0.8,7.0,15.7,1.6,1.0,2.6,.106,-0.4,0.1,-0.3,0.5
2026,245,sharpda01,24,BRK,C,62,7,1160,20.5,.638,.110,.427,16.2,25.7,20.7,21.1,2.9,2.1,20.0,19.9,2.0,1.5,3.5,.144,0.4,1.0,1.4,1.0
2026,246,mccaija01,21,2TM,SG,67,3,1160,11.6,.551,.535,.123,2.2,10.6,6.4,11.0,1.5,0.4,10.0,20.7,0.2,1.2,1.5,.060,-1.6,-0.8,-2.4,-0.1
2026,246,mccaija01,21,PHI,SG,37,1,620,9.4,.506,.515,.108,1.0,12.3,6.6,13.9,1.7,0.3,11.0,18.5,-0.2,0.5,0.3,.024,-3.0,-0.7,-3.7,-0.3
2026,246,mccaija01,21,OKC,SG,30,2,540,14.0,.593,.554,.137,3.6,8.7,6.2,7.7,1.2,0.5,9.0,23.2,0.4,0.7,1.1,.101,0.0,-1.0,-0.9,0.1
2026,247,postqu01,25,GSW,PF,67,35,1159,13.0,.560,.631,.098,6.4,19.7,12.9,11.9,1.1,2.8,10.9,18.8,0.7,1.2,1.9,.078,-1.0,-0.1,-1.1,0.3
2026,248,mykhasv01,28,UTA,SF,50,41,1156,11.4,.626,.663,.077,3.3,8.4,5.8,11.0,1.1,0.3,10.1,14.8,1.3,-0.2,1.1,.048,0.3,-2.0,-1.7,0.1
2026,249,leverca01,31,DET,SG,60,0,1154,10.9,.518,.460,.215,2.3,9.0,5.7,18.2,2.1,3.5,16.1,18.4,-0.2,1.8,1.6,.066,-1.8,1.5,-0.4,0.5
2026,250,poeltja01,30,TOR,C,46,44,1149,18.1,.698,.000,.316,11.2,20.8,16.0,11.7,1.7,2.7,13.9,15.3,2.6,1.8,4.3,.180,0.2,1.4,1.6,1.0
2026,251,portecr01,25,CLE,PG,64,3,1148,13.7,.524,.360,.155,8.2,12.9,10.5,22.4,2.4,3.1,17.6,12.3,1.3,1.5,2.8,.116,0.0,1.9,2.0,1.2
2026,252,paytoga02,33,GSW,SG,73,1,1142,18.3,.632,.306,.096,9.7,16.3,12.9,16.9,2.8,1.7,12.5,18.4,2.0,1.5,3.5,.149,0.7,1.3,1.9,1.1
2026,253,smithdr01,28,MIA,SG,70,1,1141,14.5,.532,.397,.323,5.6,10.2,7.9,20.0,4.1,1.6,12.9,15.2,1.2,1.9,3.0,.127,-1.5,3.6,2.2,1.2
2026,254,harteis01,27,OKC,C,47,46,1137,19.8,.631,.024,.355,14.8,27.0,21.1,20.1,2.0,3.1,19.3,16.1,2.5,2.8,5.3,.223,1.0,3.2,4.2,1.8
2026,255,georgpa01,35,PHI,PF,37,37,1135,16.7,.570,.497,.216,1.9,17.1,9.4,17.7,2.6,1.3,10.2,23.3,1.1,1.4,2.5,.108,1.0,0.7,1.7,1.1
2026,256,vandeja01,26,LAL,PF,65,3,1128,11.2,.544,.413,.233,8.6,21.3,15.2,9.6,2.4,1.6,17.5,12.4,0.4,1.5,1.8,.079,-2.4,0.9,-1.5,0.1
2026,257,meltode01,27,GSW,PG,49,24,1125,13.4,.518,.464,.229,3.8,12.0,7.8,16.9,3.3,1.6,13.5,25.4,-0.7,1.5,0.7,.031,-2.6,0.1,-2.5,-0.1
2026,258,garzalu01,27,BOS,C,69,6,1118,19.9,.682,.356,.328,15.7,12.0,13.8,8.5,1.2,2.5,10.1,17.7,3.9,1.4,5.3,.226,2.2,0.2,2.4,1.2
2026,259,hendrta01,22,2TM,PF,59,17,1118,12.2,.566,.518,.203,6.2,15.4,10.7,6.8,2.1,2.5,11.5,16.2,0.4,0.8,1.1,.049,-1.5,-0.9,-2.4,-0.1
2026,259,hendrta01,22,UTA,PF,33,6,492,10.2,.574,.547,.250,6.2,15.8,10.9,6.4,1.2,1.6,12.3,13.5,0.3,0.1,0.4,.034,-1.8,-1.7,-3.5,-0.2
2026,259,hendrta01,22,MEM,PF,26,11,626,13.7,.562,.502,.176,6.1,15.1,10.5,7.2,2.8,3.2,10.9,18.2,0.1,0.7,0.8,.061,-1.3,-0.2,-1.5,0.1
2026,260,konchjo01,29,2TM,SG,56,8,1115,13.6,.568,.497,.221,7.0,16.5,11.6,13.4,3.5,3.2,13.8,9.4,1.2,1.2,2.4,.104,-1.3,2.2,0.9,0.8
2026,260,konchjo01,29,MEM,SG,30,1,435,12.9,.619,.549,.183,4.9,18.2,11.4,11.9,3.4,2.7,15.4,8.7,0.4,0.6,1.0,.109,-1.2,3.5,2.3,0.5
2026,260,konchjo01,29,UTA,SG,26,7,680,14.0,.540,.469,.242,8.4,15.3,11.8,14.4,3.6,3.6,12.9,9.8,0.8,0.6,1.4,.100,-1.4,1.4,0.0,0.3
2026,261,diengou01,22,2TM,C,57,20,1099,10.2,.516,.465,.113,3.0,15.2,9.2,17.7,1.1,1.5,15.2,19.7,-0.6,0.9,0.3,.012,-2.6,-1.2,-3.8,-0.5
2026,261,diengou01,22,OKC,C,27,0,295,10.0,.534,.538,.066,3.1,12.0,7.7,12.5,0.3,2.3,7.9,14.9,0.2,0.4,0.6,.098,-1.6,0.2,-1.4,0.1
2026,261,diengou01,22,MIL,C,30,20,804,10.3,.511,.443,.127,3.0,16.3,9.7,19.6,1.4,1.2,17.1,21.5,-0.8,0.5,-0.3,-0.020,-3.0,-1.7,-4.6,-0.5
2026,262,smithja04,25,CHI,C,53,21,1095,16.6,.608,.545,.230,9.6,24.6,17.2,8.5,1.0,3.3,10.6,19.0,1.5,1.1,2.6,.114,0.2,-0.9,-0.7,0.4
2026,263,caldwke01,32,MEM,SG,51,14,1088,11.0,.533,.475,.219,2.0,10.6,6.2,17.7,1.9,0.7,13.2,17.7,0.2,0.5,0.7,.032,-2.3,-0.2,-2.5,-0.1
2026,264,gonzahu01,19,BOS,SF,74,3,1084,10.2,.561,.472,.106,6.4,18.3,12.5,4.8,2.0,2.0,12.9,11.8,0.5,1.7,2.2,.099,-3.1,1.6,-1.5,0.1
2026,265,nurkiju01,31,UTA,C,41,36,1083,16.4,.548,.198,.316,10.3,32.6,21.2,25.4,2.3,2.0,19.9,19.3,0.4,1.1,1.5,.068,-0.5,1.6,1.1,0.9
2026,266,mcbrimi01,25,NYK,SG,41,15,1080,13.1,.578,.671,.116,2.5,7.9,5.2,13.5,1.6,0.9,7.2,18.2,1.6,1.1,2.7,.119,1.0,0.2,1.2,0.9
2026,267,kispeco01,26,2TM,SF,58,10,1080,13.1,.609,.602,.246,2.7,10.7,6.6,11.8,0.7,0.7,9.3,18.6,1.4,0.5,1.8,.082,0.1,-2.0,-1.9,0.0
2026,267,kispeco01,26,WAS,SF,19,2,370,14.0,.649,.639,.286,1.7,11.2,6.4,12.2,1.0,0.7,9.5,16.7,0.7,0.0,0.6,.080,1.0,-2.1,-1.1,0.1
2026,267,kispeco01,26,ATL,SF,39,8,710,12.6,.591,.585,.229,3.2,10.4,6.7,11.6,0.5,0.8,9.3,19.6,0.7,0.5,1.2,.082,-0.4,-1.9,-2.3,-0.1
2026,268,ruperra01,21,2TM,SG,64,8,1072,8.2,.493,.435,.173,4.8,14.4,9.5,8.6,2.4,0.8,14.0,15.0,-0.5,1.1,0.6,.026,-5.0,-0.1,-5.1,-0.8
2026,268,ruperra01,21,POR,SG,48,0,577,5.8,.447,.483,.095,4.3,12.0,8.1,7.8,2.4,0.3,15.5,12.8,-0.5,0.6,0.2,.014,-5.9,0.8,-5.1,-0.4
2026,268,ruperra01,21,MEM,SG,16,8,495,11.0,.531,.392,.241,5.4,17.1,11.2,9.6,2.5,1.3,12.8,17.7,0.0,0.5,0.4,.041,-4.0,-1.1,-5.1,-0.4
2026,269,dickgr01,22,TOR,SG,76,1,1067,10.7,.538,.484,.229,4.4,11.3,7.8,6.5,2.1,0.6,9.2,18.7,0.2,1.3,1.4,.064,-3.2,-0.4,-3.6,-0.4
2026,270,antetgi01,31,MIL,PF,36,36,1039,32.6,.658,.075,.597,10.7,27.4,19.2,38.7,1.6,2.3,13.2,37.0,3.9,1.1,5.0,.231,7.7,1.8,9.5,3.0
2026,271,herroty01,26,MIA,SG,33,28,1033,17.1,.602,.431,.210,1.4,14.6,7.9,19.7,1.0,1.0,10.2,24.7,1.4,1.0,2.4,.112,2.4,-0.4,2.0,1.1
2026,272,watkija01,24,WAS,SG,50,7,1032,11.8,.554,.534,.277,5.0,15.4,10.1,8.8,2.5,2.1,10.8,15.1,0.5,0.5,1.1,.049,-2.9,-0.5,-3.3,-0.3
2026,273,carusal01,31,OKC,SG,56,0,1020,12.8,.540,.603,.170,3.1,13.0,8.2,14.1,3.4,1.6,13.0,15.7,0.3,2.2,2.5,.120,-1.4,3.3,1.9,1.0
2026,274,wagnefr01,24,ORL,SF,34,32,1019,19.2,.588,.274,.391,4.7,14.8,9.7,18.2,1.5,1.0,8.9,27.0,1.8,1.1,2.8,.134,2.6,-0.2,2.5,1.2
2026,275,loveca01,24,POR,SG,49,1,1013,10.7,.497,.596,.100,2.6,9.7,6.1,18.4,1.3,0.4,10.8,23.0,-0.1,0.8,0.6,.031,-1.5,-1.6,-3.1,-0.3
2026,276,williro04,28,POR,C,59,1,1008,22.1,.722,.092,.228,14.9,29.9,22.3,8.9,1.7,7.7,15.1,13.1,2.4,2.0,4.5,.213,2.0,2.4,4.5,1.7
2026,277,yabusgu01,30,2TM,C,67,19,1007,11.1,.543,.628,.231,6.1,19.0,12.6,8.3,1.2,1.5,10.7,16.1,0.4,1.0,1.4,.067,-1.7,-0.5,-2.2,-0.1
2026,277,yabusgu01,30,NYK,C,41,0,366,8.6,.499,.636,.112,7.3,19.3,13.3,6.4,0.8,1.4,11.8,14.9,0.0,0.4,0.4,.056,-3.2,-0.5,-3.7,-0.2
2026,277,yabusgu01,30,CHI,C,26,19,641,12.5,.564,.624,.293,5.4,18.8,12.2,9.4,1.5,1.5,10.1,16.7,0.5,0.5,1.0,.074,-0.8,-0.5,-1.3,0.1
2026,278,gordoaa01,30,DEN,PF,36,33,1005,18.5,.620,.394,.410,6.0,16.8,11.6,13.7,1.0,0.9,7.5,21.9,2.4,0.7,3.2,.153,2.9,-1.2,1.7,0.9
2026,279,tomlina01,25,CLE,PF,64,3,1004,12.9,.549,.366,.194,9.5,10.9,10.2,7.0,2.0,3.2,7.8,15.5,1.1,1.1,2.2,.107,-2.2,0.1,-2.1,0.0
2026,280,conlemi01,38,MIN,PG,54,15,991,9.4,.517,.772,.233,2.0,8.2,5.2,19.5,1.7,1.2,12.5,11.5,0.9,1.0,1.9,.092,-2.3,1.0,-1.3,0.2
2026,281,prospol01,23,MEM,PF,53,24,984,16.9,.662,.423,.326,6.4,14.3,10.3,7.8,1.9,1.2,10.5,18.9,1.8,0.7,2.4,.119,1.1,-1.2,-0.1,0.5
2026,282,jonesty01,29,3TM,PG,67,12,979,8.3,.448,.628,.041,1.4,7.2,4.3,20.9,1.8,0.3,10.1,10.7,0.2,0.8,1.0,.051,-2.9,0.5,-2.4,-0.1
2026,282,jonesty01,29,ORL,PG,48,8,754,8.4,.448,.646,.038,1.3,6.6,3.9,19.8,2.1,0.4,8.0,9.8,0.3,0.7,1.0,.064,-2.8,1.1,-1.7,0.1
2026,282,jonesty01,29,DAL,PG,8,2,133,8.7,.444,.559,.059,0.8,6.3,3.6,29.4,1.1,0.0,12.5,12.5,0.0,0.1,0.1,.029,-3.0,-1.3,-4.3,-0.1
2026,282,jonesty01,29,DEN,PG,11,2,92,6.5,.454,.615,.038,2.6,13.9,8.5,17.7,0.5,0.0,18.5,15.3,-0.1,0.0,-0.1,-0.026,-3.5,-2.2,-5.7,-0.1
2026,283,edwarju01,22,PHI,SF,64,12,977,12.1,.572,.563,.122,2.9,7.7,5.2,11.5,2.7,1.1,9.6,16.1,0.8,0.9,1.7,.086,-1.8,0.6,-1.3,0.2
2026,284,agbajoc01,25,2TM,SG,62,13,973,8.9,.525,.457,.154,5.3,11.5,8.3,6.8,1.2,1.7,9.4,14.6,0.1,0.8,0.9,.046,-3.5,-0.5,-4.0,-0.5
2026,284,agbajoc01,25,TOR,SG,42,13,650,7.5,.495,.382,.171,5.7,10.9,8.3,6.0,1.3,1.6,9.4,13.3,0.0,0.7,0.6,.048,-4.8,0.1,-4.7,-0.5
2026,284,agbajoc01,25,BRK,SG,20,0,323,11.7,.572,.573,.127,4.4,12.6,8.3,8.5,1.1,1.7,9.4,17.3,0.1,0.1,0.3,.042,-1.0,-1.7,-2.7,-0.1
2026,285,bitadgo01,26,ORL,C,64,3,972,20.1,.700,.049,.431,15.6,21.2,18.4,12.5,1.8,5.7,13.8,13.5,2.8,1.6,4.4,.218,0.8,2.0,2.8,1.2
2026,286,dilliro01,21,2TM,PG,65,0,970,7.7,.469,.323,.133,2.1,12.2,7.2,20.6,2.3,0.5,18.6,23.1,-2.0,0.9,-1.1,-0.056,-6.3,-0.9,-7.3,-1.3
2026,286,dilliro01,21,MIN,PG,35,0,326,6.0,.404,.234,.142,1.7,11.9,6.9,24.1,2.8,0.8,19.4,24.0,-1.0,0.4,-0.5,-0.079,-7.9,-0.3,-8.2,-0.5
2026,286,dilliro01,21,CHI,PG,30,0,644,8.5,.503,.369,.129,2.3,12.4,7.4,18.9,2.0,0.4,18.3,22.7,-1.1,0.5,-0.6,-0.044,-5.5,-1.3,-6.8,-0.8
2026,287,horfoal01,39,GSW,C,45,13,969,14.7,.554,.633,.080,5.0,20.5,12.6,17.0,1.5,4.9,11.1,16.5,0.8,1.3,2.1,.105,0.3,1.3,1.6,0.9
2026,288,mccontj01,33,IND,PG,56,4,963,20.5,.567,.111,.064,2.4,11.8,7.0,50.0,2.8,0.9,12.1,23.2,1.8,0.8,2.6,.132,2.1,0.4,2.5,1.1
2026,289,brownko01,26,2TM,PF,61,10,963,12.0,.594,.513,.218,7.8,13.6,10.7,11.6,1.2,1.1,15.1,15.6,0.8,0.6,1.3,.066,-1.2,-1.4,-2.7,-0.2
2026,289,brownko01,26,LAC,PF,34,0,295,11.2,.524,.583,.310,7.3,13.4,10.4,12.6,1.5,0.6,13.6,16.6,0.1,0.2,0.3,.056,-1.2,-1.1,-2.3,0.0
2026,289,brownko01,26,IND,PF,27,10,668,12.4,.628,.481,.176,8.0,13.6,10.7,11.2,1.0,1.3,15.9,15.2,0.6,0.3,1.0,.070,-1.2,-1.6,-2.8,-0.1
2026,290,gillan01,33,WAS,PF,55,8,951,13.4,.682,.223,.214,6.4,11.5,8.9,10.0,1.5,1.9,13.3,11.9,1.6,0.1,1.7,.087,-1.3,-1.3,-2.6,-0.2
2026,291,jakucka01,19,MIA,PG,53,12,945,11.9,.614,.655,.277,4.7,10.5,7.6,18.1,1.6,0.7,15.8,13.7,1.4,0.9,2.3,.114,-1.0,0.6,-0.4,0.4
2026,292,willija06,24,OKC,SG,33,33,936,19.0,.560,.173,.289,3.3,13.9,8.8,29.3,2.0,0.9,11.1,26.2,1.3,1.7,3.0,.156,1.1,1.0,2.1,1.0
2026,293,poolejo01,26,NOP,PG,39,8,933,11.5,.530,.649,.257,1.0,7.9,4.4,18.3,1.1,1.5,12.3,25.1,0.0,0.2,0.2,.010,-0.9,-2.6,-3.5,-0.4
2026,294,capelca01,31,HOU,C,75,3,926,17.9,.540,.009,.344,19.4,21.8,20.6,7.1,1.9,6.3,13.6,13.7,1.3,1.7,3.0,.156,-0.5,0.9,0.4,0.6
2026,295,sarafbe01,19,BRK,SG,44,11,916,7.8,.486,.297,.290,2.4,9.7,5.8,24.5,2.1,0.8,22.5,21.0,-1.6,0.5,-1.1,-0.057,-5.6,-1.7,-7.3,-1.2
2026,296,peavymi01,24,NOP,SG,61,4,913,8.3,.455,.393,.105,5.4,8.5,6.9,8.8,2.3,0.9,6.5,14.0,-0.1,0.5,0.4,.020,-4.4,-0.8,-5.2,-0.7
2026,297,matkoka01,24,NOP,PF,62,2,912,16.5,.696,.383,.174,8.4,18.8,13.5,7.7,1.3,5.6,11.8,13.1,1.8,0.9,2.7,.141,0.2,0.4,0.7,0.6
2026,298,greenjo02,25,CHO,SG,58,0,908,9.7,.644,.762,.155,5.7,7.0,6.3,6.8,1.9,0.6,15.3,10.6,1.0,0.9,1.9,.099,-1.7,1.0,-0.7,0.3
2026,299,pottemi01,27,IND,C,47,7,908,17.0,.679,.573,.345,6.8,21.4,14.0,11.2,1.2,1.4,12.2,18.0,1.8,0.7,2.6,.135,1.5,-0.8,0.7,0.6
2026,300,jacksis01,24,2TM,C,55,14,908,17.3,.653,.013,.443,13.6,21.8,17.7,8.5,1.9,4.8,17.0,16.2,1.4,1.2,2.6,.139,-1.9,0.8,-1.2,0.2
2026,300,jacksis01,24,IND,C,38,14,638,15.2,.615,.006,.448,14.4,21.8,18.0,7.0,1.9,3.9,17.9,16.0,0.7,0.8,1.4,.107,-3.1,0.4,-2.7,-0.1
2026,300,jacksis01,24,LAC,C,17,0,270,22.2,.741,.028,.431,11.9,21.8,17.0,12.2,1.8,7.0,14.9,16.5,0.8,0.4,1.2,.213,0.7,1.8,2.6,0.3
2026,301,cardwdy01,24,SAC,C,44,1,907,15.8,.591,.022,.285,17.6,23.5,20.5,9.2,1.6,6.8,16.2,11.3,1.4,0.9,2.3,.122,-2.5,0.6,-1.9,0.0
2026,302,poweldw01,34,DAL,C,63,12,904,12.6,.699,.069,1.109,11.3,18.7,15.1,9.5,1.8,2.0,21.4,8.9,1.6,1.0,2.6,.138,-2.9,1.5,-1.4,0.1
2026,303,reedpa01,26,DET,C,65,11,901,24.2,.650,.118,.324,16.5,20.1,18.3,13.3,3.1,6.6,13.0,20.6,2.4,2.1,4.5,.239,2.4,2.9,5.3,1.6
2026,304,hardyja02,23,2TM,SG,57,4,898,10.9,.566,.611,.175,1.8,8.5,5.1,9.7,0.8,0.6,11.8,24.4,-0.3,0.1,-0.2,-0.010,-1.5,-3.3,-4.8,-0.6
2026,304,hardyja02,23,DAL,SG,34,4,428,10.6,.551,.639,.206,2.7,8.8,5.8,9.9,1.0,0.4,11.3,23.3,-0.1,0.2,0.1,.012,-1.9,-1.9,-3.8,-0.2
2026,304,hardyja02,23,WAS,SG,23,0,470,11.1,.579,.587,.149,0.9,8.1,4.5,9.5,0.7,0.7,12.3,25.4,-0.2,-0.1,-0.3,-0.030,-1.2,-4.5,-5.7,-0.4
2026,305,jacksqu01,27,IND,PG,49,19,897,14.4,.589,.360,.363,3.3,10.7,6.9,23.1,1.6,0.6,14.0,20.9,0.9,0.5,1.4,.076,-1.1,-0.8,-1.8,0.0
2026,306,clarkja02,24,MIN,SG,68,1,888,10.3,.534,.443,.294,6.8,8.0,7.4,6.3,2.5,0.9,8.2,13.3,0.6,1.0,1.7,.090,-3.2,0.7,-2.4,-0.1
2026,307,thomaca02,24,2TM,SG,42,8,881,12.6,.530,.364,.367,1.4,8.1,4.6,21.0,0.5,0.4,12.1,30.3,-0.5,0.1,-0.4,-0.024,-1.2,-3.9,-5.2,-0.7
2026,307,thomaca02,24,BRK,SG,24,8,582,12.3,.527,.380,.351,1.7,7.2,4.3,22.5,0.3,0.3,11.9,30.3,-0.3,0.0,-0.3,-0.022,-0.8,-4.2,-5.1,-0.4
2026,307,thomaca02,24,MIL,SG,18,0,299,13.1,.534,.333,.399,0.8,9.8,5.3,18.2,0.8,0.7,12.6,30.4,-0.2,0.1,-0.2,-0.028,-1.9,-3.4,-5.3,-0.3
2026,308,mcgowbr01,23,NOP,SG,42,13,880,11.7,.610,.392,.401,1.5,9.4,5.4,9.5,1.5,0.9,5.7,14.0,1.4,0.3,1.7,.094,-2.0,-0.9,-2.9,-0.2
2026,309,vincega01,29,2TM,PG,53,7,879,6.5,.511,.801,.106,2.2,4.7,3.5,10.8,1.5,0.3,10.7,12.3,0.1,0.5,0.6,.035,-3.8,-0.5,-4.3,-0.5
2026,309,vincega01,29,LAL,PG,29,7,559,5.5,.512,.792,.085,1.5,4.1,2.8,8.3,1.2,0.2,8.2,11.5,0.1,0.2,0.3,.027,-3.9,-0.9,-4.8,-0.4
2026,309,vincega01,29,ATL,PG,24,0,320,8.2,.509,.814,.140,3.3,5.9,4.6,15.1,1.9,0.6,14.1,13.8,0.0,0.3,0.3,.049,-3.6,0.1,-3.4,-0.1
2026,310,valanjo01,33,DEN,C,65,6,871,22.0,.630,.067,.349,14.2,27.5,21.2,14.1,0.8,4.0,14.0,26.1,1.8,1.1,2.9,.162,0.5,-0.5,0.0,0.4
2026,311,carteje01,30,2TM,PG,53,1,867,10.7,.537,.700,.062,1.8,9.6,5.6,14.0,2.2,1.0,10.2,17.0,0.1,0.8,0.9,.052,-1.4,0.4,-1.1,0.2
2026,311,carteje01,30,CHI,PG,23,0,254,12.3,.577,.757,.097,2.1,8.7,5.4,10.4,2.4,0.7,9.3,19.4,0.1,0.2,0.3,.058,-0.7,-0.3,-1.0,0.1
2026,311,carteje01,30,ORL,PG,30,1,613,10.0,.517,.672,.044,1.6,9.9,5.7,15.5,2.1,1.2,10.7,16.0,0.0,0.7,0.6,.050,-1.7,0.6,-1.1,0.1
2026,312,watfotr01,25,PHI,PF,53,7,864,13.1,.573,.187,.287,4.7,17.5,11.0,21.8,0.9,2.4,17.5,17.9,0.6,0.8,1.4,.078,-2.2,0.2,-1.9,0.0
2026,313,strawju01,23,DEN,SG,57,14,861,12.5,.590,.470,.219,1.6,12.7,7.4,9.8,1.4,0.7,9.3,19.4,0.7,0.6,1.3,.071,-1.2,-1.1,-2.3,-0.1
2026,314,wilsoja03,25,BRK,PF,54,2,859,8.7,.536,.547,.345,2.2,13.9,7.7,9.0,1.3,0.2,10.6,18.2,-0.2,0.4,0.2,.012,-3.6,-2.1,-5.6,-0.8
2026,315,martica02,30,DAL,SF,58,12,856,9.3,.526,.302,.323,3.5,14.1,8.8,12.4,2.2,1.5,15.6,12.5,-0.1,0.9,0.9,.048,-4.0,1.7,-2.2,0.0
2026,316,willike04,31,OKC,PF,56,2,855,14.2,.569,.436,.176,7.8,15.6,11.9,12.7,1.8,0.6,11.9,18.3,0.8,1.5,2.3,.130,-0.1,0.3,0.2,0.5
2026,317,anderky01,32,3TM,SF,43,5,853,13.7,.573,.054,.337,5.4,13.8,9.6,19.4,2.5,2.8,14.4,13.2,1.0,0.8,1.9,.105,-1.3,1.7,0.4,0.5
2026,317,anderky01,32,UTA,SF,20,0,401,14.2,.565,.046,.349,5.0,13.0,8.9,20.6,2.7,2.4,11.9,14.6,0.5,0.2,0.7,.087,-1.0,0.7,-0.3,0.2
2026,317,anderky01,32,MEM,SF,4,3,89,15.1,.821,.053,.421,3.6,13.6,8.5,4.9,3.2,4.1,23.7,13.8,0.1,0.1,0.2,.105,-2.5,1.4,-1.1,0.0
2026,317,anderky01,32,MIN,SF,19,2,363,12.7,.520,.068,.297,6.2,14.8,10.6,21.7,2.1,2.9,15.2,11.5,0.4,0.5,1.0,.126,-1.2,2.8,1.6,0.3
2026,318,plowdda01,27,SAC,SG,32,7,844,10.7,.572,.667,.176,4.2,8.7,6.4,6.7,1.3,0.8,8.0,16.4,0.7,0.1,0.8,.043,-2.1,-2.3,-4.4,-0.5
2026,319,minotjo01,23,2TM,PF,49,11,834,16.0,.653,.607,.242,6.4,14.8,10.6,7.9,2.6,2.8,13.4,16.8,1.2,1.2,2.4,.139,1.4,1.1,2.5,1.0
2026,319,minotjo01,23,BOS,PF,33,10,526,15.6,.651,.566,.191,8.5,16.0,12.3,8.4,2.3,2.3,11.9,13.8,1.1,0.8,1.9,.173,0.9,1.4,2.2,0.6
2026,319,minotjo01,23,BRK,SF,16,1,308,16.8,.654,.655,.302,2.9,12.8,7.5,7.1,3.2,3.6,14.9,21.9,0.2,0.3,0.5,.080,2.3,0.7,3.0,0.4
2026,320,smallja01,23,MEM,PG,41,12,830,16.1,.611,.493,.285,4.6,12.2,8.3,26.1,1.9,1.0,14.7,19.0,1.4,0.5,1.9,.112,1.7,-0.6,1.0,0.6
2026,321,kuminjo01,23,2TM,PF,36,14,830,14.2,.557,.310,.363,6.4,20.7,13.4,14.7,1.3,1.2,14.6,23.4,0.1,0.9,1.0,.059,-1.5,-0.5,-2.0,0.0
2026,321,kuminjo01,23,GSW,PF,20,13,476,12.5,.543,.273,.340,6.7,21.0,13.7,15.9,0.8,1.2,17.1,24.0,-0.2,0.4,0.2,.021,-2.5,-1.1,-3.6,-0.2
2026,321,kuminjo01,23,ATL,PF,16,1,354,16.5,.576,.359,.393,6.0,20.2,13.0,13.1,1.9,1.3,11.0,22.5,0.3,0.5,0.8,.110,-0.2,0.4,0.1,0.2
2026,322,greenja05,23,PHO,SG,32,27,828,14.8,.516,.443,.170,2.1,13.9,7.8,18.6,2.0,0.9,11.6,31.9,-0.6,1.0,0.3,.019,-0.2,-0.9,-1.1,0.2
2026,323,willivi01,25,2TM,SG,40,12,820,10.7,.478,.606,.171,5.1,15.6,10.2,27.5,1.7,1.8,18.2,19.5,-0.4,0.5,0.1,.008,-1.5,0.5,-1.0,0.2
2026,323,willivi01,25,MEM,PG,34,12,736,10.8,.478,.602,.174,4.9,15.3,10.0,27.8,1.7,1.7,18.1,19.6,-0.4,0.5,0.2,.010,-1.5,0.6,-0.9,0.2
2026,323,willivi01,25,UTA,SG,6,0,84,9.8,.470,.643,.143,6.3,18.5,12.2,25.0,1.1,2.3,19.0,18.0,0.0,0.0,0.0,-0.013,-1.8,-0.2,-2.0,0.0
2026,324,hieldbu01,33,2TM,SG,51,3,819,12.8,.568,.648,.113,3.6,12.3,7.9,12.8,2.3,1.0,12.3,20.3,0.2,0.8,1.0,.060,-0.9,-0.1,-1.0,0.2
2026,324,hieldbu01,33,GSW,SG,44,3,768,12.6,.562,.650,.113,3.7,12.1,7.8,12.7,2.3,1.1,11.8,19.7,0.2,0.8,1.0,.061,-1.0,0.0,-1.0,0.2
2026,324,hieldbu01,33,ATL,SG,7,0,51,16.5,.636,.630,.111,2.1,15.1,8.5,15.1,1.9,0.0,17.5,28.1,0.0,0.1,0.0,.044,1.0,-2.1,-1.1,0.0
2026,325,bryanca01,20,SAS,PF,71,0,818,9.9,.526,.585,.158,5.1,17.9,11.7,7.5,0.9,2.5,10.4,16.3,0.1,1.2,1.3,.076,-3.1,0.2,-3.0,-0.2
2026,326,jovicni01,22,MIA,PF,47,1,808,9.5,.480,.532,.322,3.2,16.5,9.8,16.5,1.5,1.9,15.4,21.4,-0.9,1.0,0.0,.001,-3.5,-0.1,-3.5,-0.3
2026,327,pickeja02,26,DEN,SG,50,18,807,10.3,.541,.547,.082,2.6,12.7,7.9,18.4,0.8,0.6,12.4,14.8,0.6,0.4,1.0,.059,-1.1,-1.1,-2.3,-0.1
2026,328,murrake02,25,SAC,PF,23,22,793,11.7,.499,.373,.163,4.5,14.4,9.3,6.8,1.5,4.2,7.7,18.7,-0.2,0.4,0.2,.011,-2.0,-1.0,-3.1,-0.2
2026,329,holidaa01,29,HOU,PG,57,1,781,10.1,.578,.675,.163,1.9,6.3,4.1,10.2,1.7,0.6,12.3,16.6,0.7,0.7,1.4,.088,-2.2,-0.2,-2.4,-0.1
2026,330,martity01,26,2TM,SG,46,6,777,10.3,.501,.596,.101,4.8,12.9,8.6,15.6,1.6,0.7,12.1,18.4,-0.3,0.4,0.1,.006,-2.0,-1.4,-3.4,-0.3
2026,330,martity01,26,BRK,SG,37,6,696,10.8,.507,.596,.102,5.1,13.1,8.9,15.6,1.6,0.5,11.0,18.8,-0.2,0.3,0.2,.013,-1.5,-1.5,-3.1,-0.2
2026,330,martity01,26,PHI,SG,9,0,81,6.0,.437,.591,.091,2.7,10.9,6.7,14.8,1.8,2.3,23.4,15.6,-0.2,0.1,-0.1,-0.057,-5.6,-0.1,-5.7,-0.1
2026,331,porzikr01,30,2TM,C,32,23,769,19.6,.582,.412,.407,5.6,18.5,11.9,16.1,1.1,4.5,8.2,27.3,1.4,1.0,2.4,.148,1.6,0.3,1.9,0.8
2026,331,porzikr01,30,ATL,C,17,12,413,20.6,.592,.410,.386,5.4,17.6,11.4,16.6,1.0,4.8,6.1,26.4,1.0,0.6,1.5,.179,2.7,1.0,3.7,0.6
2026,331,porzikr01,30,GSW,C,15,11,356,18.4,.571,.416,.433,5.8,19.5,12.5,15.6,1.2,4.1,10.6,28.3,0.4,0.4,0.8,.113,0.3,-0.5,-0.2,0.2
2026,332,walkeja01,23,PHI,PF,64,6,762,12.5,.568,.446,.319,10.2,17.4,13.7,6.1,1.5,1.6,10.0,15.0,0.9,0.8,1.7,.106,-2.1,-0.6,-2.7,-0.1
2026,333,pendano01,21,ORL,SF,59,2,757,11.3,.506,.458,.236,9.8,17.9,13.8,12.5,1.9,2.2,15.8,14.8,0.1,1.0,1.1,.070,-2.0,0.6,-1.5,0.1
2026,334,hendesc01,21,POR,PG,30,10,748,12.9,.553,.474,.292,2.6,9.1,5.8,22.8,1.7,1.1,15.9,25.0,0.3,0.7,1.0,.064,-1.7,-0.5,-2.2,0.0
2026,335,nancepe01,25,MIL,PF,47,6,737,11.6,.639,.613,.057,4.2,14.9,9.6,9.2,0.9,1.9,11.6,13.5,0.8,0.4,1.1,.072,-1.0,-1.2,-2.3,-0.1
2026,336,bryanth01,28,CLE,C,60,1,732,17.2,.625,.491,.247,8.9,21.9,15.4,6.3,1.2,3.4,8.6,18.6,1.4,0.9,2.3,.153,0.8,-0.7,0.1,0.4
2026,337,adamsst01,32,HOU,C,32,11,730,15.8,.535,.000,.583,22.3,19.6,21.0,8.3,1.5,2.5,16.7,12.1,1.1,1.0,2.1,.141,-0.1,-0.3,-0.5,0.3
2026,338,balllo01,28,CLE,PG,35,3,728,9.5,.432,.835,.119,3.9,17.2,10.6,22.6,3.0,1.2,21.9,13.7,-0.4,1.0,0.6,.042,-2.9,1.8,-1.1,0.2
2026,339,kolekty01,24,NYK,PG,62,1,727,12.5,.533,.460,.081,2.5,12.7,7.5,31.7,1.5,0.6,17.6,18.4,0.6,0.8,1.4,.093,-0.8,0.2,-0.6,0.3
2026,340,millele01,22,2TM,SF,46,12,719,15.9,.633,.378,.202,8.1,18.6,13.4,8.2,1.1,1.8,11.2,18.7,1.0,0.6,1.6,.105,-0.2,-1.1,-1.3,0.1
2026,340,millele01,22,MIN,SF,19,0,95,12.2,.581,.364,.333,8.3,20.4,14.5,7.6,2.0,0.0,19.2,20.8,0.0,0.1,0.1,.049,-5.3,-0.6,-5.8,-0.1
2026,340,millele01,22,CHI,SF,27,12,624,16.5,.640,.380,.183,8.1,18.3,13.3,8.3,1.0,2.1,9.8,18.3,1.0,0.5,1.5,.113,0.6,-1.2,-0.6,0.2
2026,341,willigr01,27,CHO,PF,36,3,711,12.9,.609,.732,.295,7.4,15.0,11.3,10.6,1.2,2.3,13.0,14.1,1.1,0.8,1.9,.131,0.6,1.0,1.6,0.7
2026,342,richani01,28,2TM,C,48,6,701,11.9,.562,.090,.502,11.8,25.6,18.7,3.2,0.7,4.1,19.4,18.2,-0.2,0.8,0.6,.040,-4.9,-1.2,-6.1,-0.7
2026,342,richani01,28,PHO,C,28,2,254,11.4,.534,.000,.394,14.8,25.3,19.9,4.4,0.8,5.3,23.1,18.1,-0.2,0.4,0.2,.039,-6.0,-0.8,-6.8,-0.3
2026,342,richani01,28,CHI,C,20,4,447,12.2,.577,.138,.562,10.1,25.8,18.1,2.5,0.6,3.5,17.3,18.3,-0.1,0.4,0.4,.040,-4.3,-1.5,-5.8,-0.4
2026,343,coopesh01,24,WAS,PG,41,1,700,13.8,.609,.308,.243,2.7,10.6,6.6,25.8,1.1,0.6,18.2,20.0,0.7,-0.1,0.6,.041,-1.0,-2.9,-3.9,-0.3
2026,344,cartede02,23,SAC,PG,38,12,700,13.8,.508,.390,.322,5.6,14.6,10.0,20.9,2.3,1.2,13.9,23.5,-0.2,0.4,0.2,.012,-1.5,-1.2,-2.6,-0.1
2026,345,howarje01,22,ORL,SF,55,0,695,11.2,.561,.578,.155,3.7,10.4,7.0,9.3,0.7,1.4,5.3,17.2,0.7,0.5,1.3,.087,-0.8,-1.1,-1.8,0.0
2026,346,hawkijo01,23,NOP,SG,51,1,692,7.6,.480,.525,.105,3.1,10.7,6.9,8.2,0.9,1.4,11.2,18.2,-0.6,0.2,-0.4,-0.029,-3.2,-3.0,-6.2,-0.7
2026,347,flemira01,21,PHO,PF,55,1,673,10.2,.517,.605,.158,9.1,11.4,10.2,3.3,1.6,3.0,11.2,16.3,0.0,0.8,0.8,.055,-3.0,-0.7,-3.8,-0.3
2026,348,mashaja01,23,MEM,SG,31,7,673,7.0,.456,.385,.179,3.6,9.5,6.5,13.8,2.6,1.9,18.9,16.0,-1.0,0.5,-0.5,-0.036,-6.1,-0.9,-7.0,-0.8
2026,349,vukcetr01,22,WAS,C,49,12,671,17.8,.603,.454,.350,5.0,18.7,11.8,12.8,1.6,4.3,14.5,26.6,0.4,0.4,0.8,.054,0.8,-0.8,0.0,0.3
2026,350,iveyja01,23,2TM,SG,37,5,670,13.0,.571,.523,.184,4.0,10.9,7.5,14.0,1.6,2.0,12.9,19.7,0.5,0.9,1.3,.096,-0.2,0.2,0.0,0.3
2026,350,iveyja01,23,DET,SG,33,2,555,12.6,.570,.514,.173,3.9,10.5,7.3,13.0,1.3,2.2,12.9,20.4,0.4,0.7,1.1,.093,-0.1,0.1,0.1,0.3
2026,350,iveyja01,23,CHI,SG,4,3,115,14.9,.576,.583,.250,4.7,12.8,8.8,18.6,3.3,1.5,13.1,16.7,0.1,0.1,0.3,.110,-0.8,0.7,0.0,0.1
2026,351,manntr01,24,CHO,PG,53,1,669,8.3,.462,.512,.089,3.4,11.9,7.8,18.7,1.9,0.7,14.6,23.3,-0.8,0.7,0.0,-0.003,-4.5,-0.8,-5.3,-0.5
2026,352,harriga01,31,MIL,SG,48,2,661,8.0,.593,.654,.087,2.8,7.6,5.2,9.9,2.0,1.4,15.0,8.5,0.4,0.3,0.7,.054,-3.2,0.7,-2.5,-0.1
2026,353,thompet01,26,IND,SG,32,13,653,8.3,.515,.592,.240,2.8,8.9,5.7,11.9,1.5,1.2,10.3,15.7,0.0,0.3,0.3,.020,-4.1,-0.8,-4.9,-0.5
2026,354,bouyeja01,26,PHO,PG,46,1,644,13.5,.523,.331,.148,3.0,11.4,7.1,18.6,2.2,2.4,10.7,18.5,0.4,0.8,1.1,.086,-1.4,1.1,-0.4,0.3
2026,355,furphjo01,21,IND,SG,35,21,643,9.2,.547,.477,.235,5.3,20.9,12.9,8.6,1.5,0.9,15.0,12.8,0.0,0.5,0.5,.036,-3.9,0.2,-3.7,-0.3
2026,356,diawamo01,20,NYK,SF,69,7,634,10.3,.550,.610,.113,2.6,14.0,8.3,11.2,1.3,1.0,11.8,17.1,0.2,0.7,0.9,.072,-1.8,0.1,-1.7,0.0
2026,357,nnajize01,25,DEN,PF,52,4,626,10.3,.558,.358,.291,6.2,17.6,12.2,5.9,1.3,3.6,13.7,13.7,0.2,0.7,0.9,.066,-3.6,0.0,-3.5,-0.3
2026,358,davisan02,32,DAL,PF,20,20,626,21.5,.551,.111,.243,10.6,26.7,18.7,15.1,1.7,4.5,10.0,27.5,0.4,1.0,1.3,.103,1.5,0.9,2.4,0.7
2026,359,finnedo01,32,HOU,PF,37,1,620,5.8,.452,.758,.068,6.3,10.2,8.3,7.1,1.3,0.9,13.9,10.7,0.0,0.6,0.5,.042,-4.3,-0.1,-4.3,-0.4
2026,360,joneska03,23,IND,SG,37,7,616,8.2,.470,.444,.047,2.6,8.1,5.3,26.2,1.4,0.0,17.3,14.4,-0.2,0.2,0.0,.002,-4.2,-1.9,-6.2,-0.6
2026,361,loveke01,37,UTA,PF,37,5,613,14.7,.568,.714,.221,9.5,28.9,18.9,14.6,1.1,1.4,12.1,16.6,0.8,0.3,1.1,.088,1.1,-0.9,0.2,0.3
2026,362,princta02,31,MIL,SF,26,7,611,10.5,.617,.733,.031,0.7,14.1,7.5,10.7,1.3,1.0,13.8,16.2,0.2,0.3,0.5,.039,-1.3,-1.8,-3.1,-0.2
2026,363,richaja02,20,ORL,SG,54,0,587,11.5,.574,.420,.245,4.0,8.1,6.0,14.2,1.6,0.3,10.7,16.8,0.5,0.5,1.0,.082,-1.9,-0.7,-2.5,-0.1
2026,364,salauti01,20,CHO,PF,37,0,575,12.9,.629,.522,.252,5.2,23.7,14.6,6.6,1.4,1.1,12.8,14.9,0.6,0.8,1.4,.117,-1.2,0.4,-0.8,0.2
2026,365,moranja01,26,MEM,PG,20,20,569,16.6,.521,.264,.363,1.5,11.0,6.2,45.1,1.7,1.0,16.0,32.5,0.0,0.3,0.3,.024,0.5,-2.0,-1.5,0.1
2026,366,sabondo01,29,SAC,C,19,15,564,19.2,.590,.122,.348,12.3,31.0,21.4,21.3,1.5,0.7,16.7,23.0,0.7,0.4,1.1,.095,0.7,-0.2,0.6,0.4
2026,367,knechda01,24,LAL,SF,54,1,553,10.2,.568,.581,.115,3.1,12.5,8.0,5.3,1.0,1.8,10.3,17.7,0.1,0.4,0.4,.038,-2.1,-1.6,-3.6,-0.2
2026,368,eubandr01,28,SAC,C,42,11,552,13.6,.605,.045,.365,7.7,18.3,12.9,5.0,1.3,4.3,14.2,16.3,0.3,0.3,0.6,.053,-3.0,-0.7,-3.7,-0.2
2026,369,terryda01,23,2TM,SG,48,0,551,11.6,.523,.426,.194,5.1,11.6,8.3,16.0,2.5,2.4,13.4,14.8,0.2,0.6,0.7,.063,-2.4,0.8,-1.7,0.0
2026,369,terryda01,23,CHI,SG,34,0,377,11.6,.539,.451,.167,5.4,12.5,9.0,15.0,2.7,2.5,16.1,14.4,0.1,0.4,0.5,.058,-2.4,1.1,-1.3,0.1
2026,369,terryda01,23,PHI,SG,14,0,174,11.7,.494,.377,.245,4.3,9.5,6.9,18.1,1.9,2.2,7.8,15.5,0.1,0.2,0.3,.074,-2.3,-0.1,-2.4,0.0
2026,370,proctty01,21,CLE,PG,50,1,545,12.2,.556,.582,.200,2.2,10.7,6.5,18.6,2.2,0.0,14.0,22.0,0.2,0.5,0.7,.066,-2.3,-0.5,-2.8,-0.1
2026,371,harklej01,25,UTA,SG,26,9,545,9.1,.471,.547,.398,1.9,8.7,5.3,17.6,2.7,1.1,12.1,16.2,-0.1,0.2,0.1,.005,-4.9,-0.7,-5.6,-0.5
2026,372,shannte01,25,MIN,SG,43,2,538,11.1,.597,.444,.409,2.1,7.8,5.0,9.5,1.2,0.2,10.6,17.7,0.6,0.4,1.0,.090,-2.5,-1.1,-3.6,-0.2
2026,373,wallake01,26,ATL,PG,53,3,536,10.4,.520,.596,.105,0.6,10.9,5.7,22.5,2.1,0.8,13.5,16.1,0.1,0.6,0.7,.066,-3.0,0.3,-2.7,-0.1
2026,374,cissemo01,23,DAL,C,38,1,530,16.0,.564,.000,.704,17.9,25.2,21.6,2.3,1.7,7.2,16.6,14.3,0.4,0.9,1.3,.116,-3.6,0.7,-2.9,-0.1
2026,375,anthoco01,25,MIL,PG,35,0,527,10.7,.483,.312,.113,3.5,15.1,9.3,34.8,1.9,2.1,21.1,25.8,-0.9,0.4,-0.5,-0.042,-3.9,-0.9,-4.7,-0.4
2026,376,tatumja01,27,BOS,PF,16,16,522,20.3,.541,.498,.275,1.7,31.3,16.8,25.1,2.1,0.6,10.8,30.0,0.6,1.0,1.6,.148,2.9,1.8,4.8,0.9
2026,377,isaacjo01,28,ORL,PF,52,0,521,11.5,.498,.349,.532,9.1,19.3,14.1,5.6,1.8,5.4,11.8,12.4,0.1,0.8,0.9,.085,-2.9,1.3,-1.6,0.1
2026,378,battlja01,24,TOR,SF,61,2,517,10.6,.635,.586,.097,4.4,15.3,9.8,6.3,0.7,0.6,11.2,14.1,0.4,0.5,0.9,.086,-1.6,-1.0,-2.6,-0.1
2026,379,newelas01,20,ATL,PF,44,2,500,14.2,.624,.444,.172,9.4,11.5,10.4,7.2,1.5,2.7,11.2,17.1,0.6,0.6,1.2,.113,-1.0,-0.5,-1.5,0.1
2026,380,hukpoar01,23,NYK,C,54,5,498,11.9,.619,.050,.413,12.5,23.2,17.9,7.3,0.9,5.3,25.3,10.9,0.4,0.8,1.2,.115,-3.7,1.4,-2.3,0.0
2026,381,jackstr02,25,2TM,C,53,1,496,16.6,.578,.008,.597,14.7,18.1,16.4,11.1,1.7,4.5,12.3,15.3,0.8,0.7,1.4,.138,-0.8,0.4,-0.4,0.2
2026,381,jackstr02,25,GSW,C,36,1,411,16.0,.601,.010,.510,12.5,18.0,15.2,11.1,1.5,4.3,12.6,14.8,0.7,0.5,1.2,.136,-1.0,0.6,-0.4,0.2
2026,381,jackstr02,25,TOR,C,17,0,85,19.3,.489,.000,1.000,25.2,18.9,22.0,10.9,2.3,5.7,11.2,18.0,0.1,0.2,0.3,.148,0.1,-0.6,-0.5,0.0
2026,382,russeda01,29,DAL,PG,26,3,495,12.3,.511,.483,.259,1.7,11.2,6.5,31.2,1.1,0.3,15.9,26.0,-0.3,0.3,0.0,-0.004,-0.7,-1.6,-2.3,0.0
2026,383,peterta01,23,IND,SG,38,0,492,8.6,.518,.791,.101,2.2,11.1,6.5,11.2,2.5,0.7,14.1,16.6,-0.4,0.4,0.0,-0.001,-4.1,-0.4,-4.6,-0.3
2026,384,mbengbe01,22,UTA,SG,15,5,492,10.5,.550,.310,.250,3.9,8.8,6.3,16.2,3.2,1.0,16.5,11.1,0.2,0.2,0.5,.047,-5.0,0.1,-4.9,-0.4
2026,385,coffeam01,28,2TM,SG,46,3,490,10.2,.594,.434,.248,4.2,8.8,6.5,7.5,0.9,1.0,6.7,11.9,0.6,0.2,0.8,.083,-2.2,-0.9,-3.1,-0.1
2026,385,coffeam01,28,MIL,SG,30,2,265,8.4,.584,.455,.273,2.6,8.5,5.5,5.5,0.6,1.1,6.1,10.9,0.2,0.0,0.3,.048,-3.2,-2.0,-5.2,-0.2
2026,385,coffeam01,28,PHO,SG,16,1,225,12.4,.604,.414,.224,6.2,9.2,7.6,9.8,1.3,0.8,7.3,13.0,0.4,0.2,0.6,.125,-0.9,0.4,-0.5,0.1
2026,386,carlsbr01,26,OKC,C,42,4,488,17.7,.613,.462,.140,6.7,20.3,13.8,8.6,0.8,5.4,7.5,18.9,0.8,1.0,1.7,.171,0.5,0.3,0.8,0.4
2026,387,cainja01,26,ORL,SF,40,1,486,13.0,.624,.480,.303,6.4,11.6,9.0,8.6,1.1,0.7,9.9,16.6,0.8,0.4,1.2,.116,-0.4,-1.0,-1.4,0.1
2026,388,chrisca02,20,LAC,SG,55,0,480,9.2,.484,.353,.360,4.7,13.9,9.4,8.9,1.7,0.6,12.0,16.9,-0.2,0.4,0.2,.016,-3.5,-1.1,-4.6,-0.3
2026,389,thybuma01,28,POR,SG,30,0,480,14.5,.600,.694,.187,3.8,9.6,6.7,7.7,6.0,3.0,16.2,14.7,0.2,1.0,1.3,.126,-1.7,6.1,4.4,0.8
2026,390,sochaje01,22,2TM,PF,44,0,469,12.2,.563,.349,.202,8.7,16.0,12.4,11.2,1.8,1.4,13.0,14.6,0.5,0.7,1.2,.120,-2.3,1.1,-1.2,0.1
2026,390,sochaje01,22,SAS,PF,28,0,358,9.7,.538,.354,.162,8.0,13.7,11.0,10.1,1.3,1.2,14.5,14.6,0.1,0.5,0.6,.084,-3.5,0.5,-3.0,-0.1
2026,390,sochaje01,22,NYK,PF,16,0,111,20.2,.640,.333,.333,11.0,23.3,17.1,14.8,3.1,1.8,8.0,14.4,0.3,0.2,0.6,.239,1.7,3.1,4.8,0.2
2026,391,klebima01,34,LAL,PF,43,1,461,8.1,.509,.356,.356,9.5,11.8,10.7,7.3,1.9,2.2,16.8,9.6,0.2,0.4,0.6,.063,-4.2,0.3,-3.9,-0.2
2026,392,sassema01,25,DET,PG,38,5,457,11.2,.533,.599,.102,1.7,7.7,4.8,21.9,2.1,0.9,14.4,19.6,0.2,0.6,0.8,.085,-1.6,-0.2,-1.7,0.0
2026,393,johnsaj01,21,2TM,SG,48,0,454,5.6,.413,.324,.227,3.3,9.7,6.5,14.0,1.1,0.6,13.4,20.6,-1.0,0.1,-0.9,-0.090,-6.4,-2.5,-8.9,-0.8
2026,393,johnsaj01,21,WAS,SG,25,0,214,4.3,.396,.301,.145,3.9,11.8,7.8,13.9,1.5,0.0,16.9,20.7,-0.6,0.0,-0.6,-0.137,-7.2,-3.3,-10.5,-0.5
2026,393,johnsaj01,21,DAL,SG,23,0,240,6.7,.427,.344,.301,2.7,7.9,5.3,14.1,0.8,1.1,10.2,20.5,-0.4,0.1,-0.2,-0.049,-5.6,-1.8,-7.4,-0.3
2026,394,bogdabo01,33,LAC,SG,23,3,452,8.9,.525,.625,.164,1.6,13.3,7.6,15.9,1.1,0.6,14.2,18.6,-0.1,0.3,0.2,.020,-2.3,-0.8,-3.1,-0.1
2026,395,bradlto01,28,2TM,C,41,4,450,12.8,.596,.034,.368,14.2,13.8,14.0,6.9,0.6,1.3,11.7,14.5,0.7,0.2,0.9,.099,-2.5,-1.7,-4.2,-0.3
2026,395,bradlto01,28,IND,C,38,3,416,13.0,.604,.019,.406,14.3,13.6,14.0,6.8,0.7,1.4,12.0,14.5,0.7,0.2,0.9,.102,-2.4,-1.6,-4.1,-0.2
2026,395,bradlto01,28,ATL,C,3,1,34,10.2,.500,.182,.000,12.6,16.2,14.4,7.8,0.0,0.0,8.3,14.7,0.0,0.0,0.0,.061,-2.9,-3.3,-6.2,0.0
2026,396,nancela02,33,CLE,PF,35,3,449,9.5,.505,.508,.105,7.1,15.6,11.4,9.7,2.2,1.3,13.4,14.0,0.0,0.5,0.6,.060,-3.9,0.5,-3.4,-0.2
2026,397,tshieos01,26,UTA,C,27,6,448,20.2,.633,.000,.338,18.1,25.2,21.6,10.6,1.7,1.1,11.2,17.2,1.1,0.3,1.3,.141,1.0,-2.8,-1.8,0.0
2026,398,mcderdo01,34,SAC,SF,29,0,439,8.6,.574,.885,.065,1.7,7.9,4.7,6.8,0.7,0.8,8.3,15.1,0.2,-0.1,0.2,.018,-1.4,-3.0,-4.4,-0.3
2026,399,blackle01,26,WAS,SF,15,9,433,7.8,.498,.534,.078,3.7,15.2,9.3,6.6,2.0,1.6,11.6,11.6,-0.1,0.1,0.0,.004,-4.2,-1.1,-5.3,-0.4
2026,400,phillju01,22,2TM,SF,48,2,428,9.3,.534,.537,.190,5.8,6.4,6.1,3.1,2.4,1.4,7.7,13.9,0.1,0.3,0.5,.051,-3.3,-0.3,-3.6,-0.2
2026,400,phillju01,22,CHI,SF,35,2,334,9.3,.533,.557,.125,7.1,6.9,7.0,2.7,2.4,1.6,7.0,12.5,0.1,0.2,0.4,.054,-2.9,0.0,-2.9,-0.1
2026,400,phillju01,22,MIN,SF,13,0,94,9.2,.536,.485,.364,1.2,4.6,2.9,4.3,2.5,0.9,9.5,19.0,0.0,0.1,0.1,.041,-4.7,-1.3,-6.0,-0.1
2026,401,wagnemo01,28,ORL,C,36,0,427,15.3,.545,.359,.369,7.0,23.2,15.0,9.7,1.7,0.4,7.7,24.3,0.4,0.6,0.9,.104,-1.4,-0.8,-2.2,0.0
2026,402,konanya01,22,LAC,C,41,0,424,16.4,.691,.050,.620,10.4,21.4,16.0,4.1,0.6,6.7,15.3,15.7,0.8,0.5,1.3,.152,-2.6,0.4,-2.2,0.0
2026,403,toppiob01,27,IND,PF,24,3,424,19.7,.636,.528,.231,3.3,24.4,13.6,21.2,1.3,0.2,11.3,24.8,0.7,0.3,1.1,.124,3.4,-0.4,3.0,0.5
2026,404,maluakh01,19,PHO,C,46,1,411,14.0,.586,.200,.295,12.8,23.5,18.0,2.0,0.6,7.7,17.4,14.8,0.2,0.6,0.8,.099,-3.7,0.0,-3.7,-0.2
2026,405,gardnmy01,24,MIA,SF,45,7,411,15.2,.606,.520,.211,9.8,21.1,15.4,14.0,2.3,1.7,11.2,15.0,0.8,0.6,1.4,.163,-1.1,1.9,0.9,0.3
2026,406,jacksan01,24,MIL,SG,48,1,408,6.8,.425,.504,.269,7.0,12.9,10.0,14.0,2.3,1.0,18.9,17.8,-0.7,0.3,-0.4,-0.047,-5.7,-1.4,-7.1,-0.5
2026,407,hayeski01,24,SAC,PG,23,3,406,8.8,.422,.457,.203,1.1,14.2,7.4,26.3,2.5,0.9,15.7,18.7,-0.5,0.2,-0.3,-0.031,-5.1,-0.9,-6.0,-0.4
2026,408,tateja01,30,HOU,SF,46,1,405,10.7,.567,.294,.101,9.2,10.8,10.0,8.3,1.2,0.7,12.3,13.5,0.4,0.4,0.8,.095,-3.2,-0.7,-3.9,-0.2
2026,409,reeseju01,22,WAS,PF,13,10,402,14.4,.557,.000,.370,14.4,22.3,18.3,8.4,2.1,1.7,18.8,17.7,0.1,0.3,0.3,.041,-2.9,-2.2,-5.1,-0.3
2026,410,murrade01,29,NOP,PG,14,14,389,18.1,.580,.341,.247,1.1,19.9,10.4,35.4,2.8,0.7,18.9,26.6,0.2,0.4,0.6,.072,0.8,0.5,1.4,0.3
2026,411,youngtr01,27,2TM,PG,15,15,384,21.1,.612,.452,.548,1.1,7.4,4.2,45.8,1.6,0.5,15.1,28.1,1.2,0.2,1.4,.174,4.2,-1.4,2.8,0.5
2026,411,youngtr01,27,ATL,PG,10,10,280,19.8,.577,.437,.541,0.0,5.9,2.9,45.1,1.7,0.3,13.5,28.8,0.7,0.2,1.0,.163,3.5,-1.7,1.8,0.3
2026,411,youngtr01,27,WAS,PG,5,5,104,24.5,.723,.500,.571,4.1,11.6,7.7,47.5,1.4,0.8,19.8,26.3,0.4,0.0,0.4,.202,6.3,-0.7,5.6,0.2
2026,412,etienty01,26,BRK,PG,24,2,380,11.9,.588,.745,.248,1.4,7.1,4.1,16.9,1.4,0.0,9.0,20.3,0.4,0.1,0.5,.069,-0.8,-2.0,-2.8,-0.1
2026,413,jamesbr02,21,LAL,SG,42,1,375,9.0,.517,.496,.061,1.6,5.4,3.6,18.1,2.5,1.0,17.5,16.7,-0.2,0.3,0.1,.018,-3.4,-0.9,-4.3,-0.2
2026,414,smithni01,21,LAL,SG,30,1,375,10.2,.552,.534,.093,1.0,6.0,3.6,12.0,1.2,0.5,11.1,22.0,-0.1,0.2,0.1,.013,-2.1,-2.6,-4.7,-0.3
2026,415,payneca01,31,PHI,PG,22,1,374,14.4,.514,.651,.148,0.9,12.1,6.4,21.8,3.1,1.8,6.5,19.2,0.4,0.5,0.8,.106,-0.7,1.0,0.3,0.2
2026,416,mcneeli01,20,CHO,SF,31,0,368,10.6,.588,.632,.411,4.1,18.1,11.2,8.7,0.7,0.8,10.4,14.4,0.5,0.4,0.9,.112,-1.3,0.0,-1.3,0.1
2026,417,weslebl01,22,POR,SG,31,0,361,10.8,.511,.290,.379,2.4,9.4,5.9,24.8,2.1,1.2,17.6,19.8,-0.1,0.4,0.3,.038,-3.7,0.1,-3.6,-0.1
2026,418,robinje02,25,2TM,PF,22,3,361,9.3,.468,.410,.180,10.6,20.4,15.5,5.6,1.2,0.2,10.0,14.1,0.0,0.3,0.2,.030,-3.5,-1.7,-5.2,-0.3
2026,418,robinje02,25,IND,PF,17,3,300,8.6,.443,.398,.169,11.4,20.8,16.0,5.3,1.1,0.3,10.1,14.0,-0.1,0.2,0.1,.016,-3.6,-1.9,-5.4,-0.3
2026,418,robinje02,25,DAL,PF,5,0,61,12.9,.586,.471,.235,7.0,18.9,13.0,6.7,1.5,0.0,9.6,14.2,0.1,0.1,0.1,.097,-3.0,-1.1,-4.1,0.0
2026,419,olynyke01,34,SAS,C,42,0,360,13.5,.590,.490,.396,7.4,15.1,11.3,17.6,2.0,0.7,17.6,16.0,0.4,0.6,1.0,.130,-1.3,1.3,-0.1,0.2
2026,420,smithma02,26,BRK,SG,15,4,359,13.7,.605,.465,.081,3.7,13.4,8.3,21.2,1.7,1.0,12.0,14.2,0.5,0.2,0.7,.094,-0.1,-0.8,-0.8,0.1
2026,421,kolokch01,25,3TM,C,27,4,357,8.8,.453,.122,.203,9.3,15.4,12.3,6.4,1.9,5.9,16.6,11.3,-0.2,0.4,0.3,.038,-5.9,1.2,-4.7,-0.2
2026,421,kolokch01,25,LAL,C,2,0,6,-0.3,,,,0.0,18.9,9.8,0.0,0.0,0.0,,0.0,0.0,0.0,0.0,.026,-6.7,-1.6,-8.4,0.0
2026,421,kolokch01,25,MEM,C,11,2,195,9.0,.394,.029,.114,10.4,14.1,12.2,6.5,2.4,6.1,16.0,9.3,-0.1,0.2,0.1,.029,-4.8,1.7,-3.1,-0.1
2026,421,kolokch01,25,ATL,C,14,2,156,8.8,.502,.205,.282,8.2,17.0,12.5,6.4,1.2,5.8,17.0,14.1,-0.1,0.2,0.2,.050,-7.2,0.7,-6.6,-0.2
2026,422,chandke01,23,UTA,PG,11,2,355,13.0,.529,.277,.314,1.8,9.7,5.6,29.4,1.5,0.5,12.9,20.7,0.2,0.0,0.2,.029,-2.5,-3.1,-5.7,-0.3
2026,423,whitmca01,21,WAS,SF,21,0,354,13.7,.528,.331,.183,5.7,12.0,8.8,6.5,2.0,2.0,9.0,23.7,-0.1,0.1,0.0,-0.002,-1.1,-2.1,-3.3,-0.1
2026,424,liddeej01,25,BRK,PF,26,5,349,12.6,.600,.468,.234,4.4,19.4,11.5,11.0,0.9,2.7,10.9,17.2,0.3,0.2,0.5,.074,-2.2,-1.2,-3.3,-0.1
2026,425,barnhbr01,23,OKC,SG,40,0,348,7.9,.451,.338,.141,6.2,17.7,12.2,7.8,1.5,1.4,11.7,10.6,-0.1,0.6,0.6,.082,-4.1,1.0,-3.1,-0.1
2026,426,johnsch06,23,BRK,SF,17,1,348,16.0,.635,.319,.372,10.4,16.3,13.2,16.4,2.1,2.4,15.5,16.2,0.6,0.3,0.9,.128,-0.3,0.4,0.1,0.2
2026,427,liveris01,27,PHO,PF,36,0,347,7.6,.469,.625,.188,5.9,13.9,9.8,7.7,1.9,2.2,14.8,9.9,0.0,0.4,0.4,.057,-3.7,1.2,-2.5,0.0
2026,428,olbrila01,22,CHI,C,37,2,344,12.0,.470,.247,.519,14.1,20.4,17.3,15.8,1.6,2.0,14.5,13.4,0.2,0.3,0.5,.075,-3.3,-0.2,-3.4,-0.1
2026,429,jeromty01,28,MEM,SG,15,15,339,25.6,.616,.465,.260,3.5,10.1,6.7,44.9,2.2,1.1,10.1,32.7,1.1,0.2,1.3,.191,8.2,-0.6,7.7,0.8
2026,430,harpero02,25,BOS,SF,29,3,318,13.1,.550,.727,.036,5.3,11.2,8.3,9.5,1.6,2.9,6.7,16.4,0.4,0.4,0.8,.119,0.2,0.9,1.1,0.3
2026,431,berinjo01,19,MIN,PF,40,3,314,21.3,.683,.000,.378,16.1,16.1,16.1,5.6,1.1,7.2,8.8,16.8,1.0,0.5,1.5,.222,0.2,0.2,0.4,0.2
2026,432,slawsja01,26,IND,SF,13,6,311,12.6,.562,.519,.221,2.4,17.9,10.0,15.7,3.1,3.8,16.8,13.9,0.0,0.4,0.5,.070,-2.2,1.8,-0.4,0.1
2026,433,looneke01,29,NOP,C,21,8,308,13.6,.458,.217,.167,16.6,24.8,20.6,14.0,1.4,3.1,12.3,9.9,0.4,0.3,0.7,.109,-1.2,-0.6,-1.8,0.0
2026,434,burtoty01,25,MEM,SF,12,0,307,9.5,.521,.589,.241,2.8,15.1,8.8,5.4,1.7,1.2,8.2,18.3,-0.1,0.2,0.1,.023,-3.4,-1.9,-5.3,-0.3
2026,435,yangha01,20,POR,C,43,1,300,3.7,.413,.420,.340,7.1,16.8,11.9,9.8,0.5,3.0,21.8,19.9,-0.8,0.3,-0.5,-0.075,-8.9,-0.6,-9.5,-0.6
2026,436,connapa01,33,CHO,SG,42,0,297,12.9,.586,.612,.235,5.8,17.2,11.6,8.4,1.8,0.3,10.5,14.9,0.3,0.4,0.7,.113,-0.2,0.3,0.1,0.2
2026,437,cryerlj01,24,GSW,PG,18,1,292,9.9,.590,.803,.162,1.5,9.3,5.3,9.0,0.5,0.0,10.0,20.3,0.2,0.1,0.3,.045,-1.8,-2.9,-4.7,-0.2
2026,438,strusma01,29,CLE,SF,12,5,288,12.8,.609,.774,.085,3.5,21.3,12.4,11.3,0.5,0.0,7.6,17.4,0.4,0.2,0.7,.116,0.1,-1.3,-1.2,0.1
2026,439,waterli01,28,SAS,SG,40,0,285,7.5,.532,.898,.034,1.2,9.5,5.5,8.5,1.0,0.3,7.3,14.2,0.1,0.3,0.4,.063,-2.9,-0.3,-3.2,-0.1
2026,440,hinsobl01,26,UTA,SF,14,3,285,16.5,.684,.687,.139,4.1,8.6,6.3,8.3,0.8,0.7,3.9,18.3,0.7,0.0,0.7,.112,2.5,-3.0,-0.6,0.1
2026,441,edeyza01,23,MEM,C,11,11,284,20.7,.669,.051,.327,16.1,30.6,23.3,6.6,1.2,6.8,18.8,20.2,0.4,0.4,0.8,.134,-0.6,1.1,0.5,0.2
2026,442,mclaujo01,29,SAS,PG,44,0,282,12.0,.542,.506,.089,2.7,9.3,6.1,17.2,3.4,0.6,15.5,14.5,0.1,0.5,0.6,.100,-1.9,2.5,0.6,0.2
2026,443,johnske10,24,MIA,SF,32,0,280,15.2,.582,.423,.279,9.6,13.4,11.5,3.9,2.5,2.5,10.0,18.9,0.3,0.4,0.6,.110,-1.3,0.0,-1.3,0.1
2026,444,leonsma01,26,GSW,SF,25,2,276,12.2,.516,.222,.264,11.9,9.5,10.7,11.4,2.5,3.0,13.9,14.4,0.2,0.3,0.5,.087,-3.0,0.2,-2.8,-0.1
2026,445,branhma01,22,WAS,SG,28,0,275,14.0,.604,.407,.374,4.6,12.7,8.6,11.8,1.7,1.0,12.4,18.4,0.3,0.0,0.4,.064,-0.8,-1.5,-2.2,0.0
2026,446,ryanco01,27,MIL,SG,11,2,271,16.9,.692,.578,.255,3.4,8.3,5.8,10.8,2.0,1.1,13.0,21.3,0.5,0.1,0.6,.114,1.0,-1.8,-0.8,0.1
2026,447,laniech01,24,DET,SG,34,0,262,6.6,.436,.753,.067,3.5,6.3,4.9,8.2,1.3,0.0,3.2,15.0,0.0,0.3,0.3,.046,-3.8,-1.3,-5.1,-0.2
2026,448,reathdu01,29,POR,C,32,0,258,10.6,.613,.743,.081,4.1,11.9,8.0,5.4,0.9,2.8,8.4,13.2,0.3,0.2,0.6,.103,-0.9,0.0,-0.9,0.1
2026,449,simpskj01,23,2TM,PG,20,2,257,8.1,.426,.404,.182,4.1,12.0,8.1,23.0,3.1,0.0,19.0,21.8,-0.5,0.3,-0.1,-0.023,-5.4,0.4,-5.1,-0.2
2026,449,simpskj01,23,CHO,PG,14,2,223,7.8,.437,.438,.180,2.6,11.9,7.3,22.1,3.3,0.0,20.0,22.8,-0.5,0.3,-0.2,-0.033,-5.6,0.3,-5.3,-0.2
2026,449,simpskj01,23,DEN,PG,6,0,34,10.1,.322,.100,.200,13.8,12.6,13.2,29.1,1.4,0.0,8.4,15.2,0.0,0.0,0.0,.048,-4.1,0.7,-3.4,0.0
2026,450,poulajo01,22,DAL,SG,13,0,253,12.0,.611,.846,.077,1.7,10.8,6.3,6.1,1.3,1.3,4.1,16.2,0.3,0.2,0.5,.095,-1.0,-1.2,-2.2,0.0
2026,451,mogbojo01,24,TOR,PF,40,0,249,12.8,.608,.023,.318,8.6,22.5,15.5,12.9,2.2,3.1,21.8,11.1,0.2,0.4,0.6,.120,-2.6,1.9,-0.7,0.1
2026,452,balad01,22,MEM,SG,8,1,241,9.6,.573,.647,.147,2.6,8.7,5.6,10.6,1.8,0.4,7.7,13.5,0.2,0.1,0.3,.065,-3.6,-1.8,-5.4,-0.2
2026,453,willije02,26,GSW,SG,14,2,239,11.3,.592,.341,.170,9.2,4.8,7.0,8.8,1.0,0.0,13.7,19.5,0.2,0.1,0.3,.052,-2.1,-2.9,-5.0,-0.2
2026,454,timmedr01,25,LAL,PF,27,1,235,12.6,.658,.379,.136,5.2,11.1,8.2,13.7,1.2,0.0,15.7,15.4,0.3,0.1,0.4,.092,-0.8,-1.4,-2.2,0.0
2026,455,jarrede01,28,MEM,SG,11,0,231,9.7,.473,.361,.277,5.5,18.6,12.0,21.8,2.1,3.2,21.8,21.4,-0.4,0.2,-0.2,-0.035,-4.9,-0.3,-5.2,-0.2
2026,456,paulch01,40,LAC,PG,16,0,228,8.1,.413,.536,.036,3.1,10.9,7.1,30.6,2.4,0.0,22.0,14.2,-0.1,0.2,0.1,.017,-4.0,-0.2,-4.2,-0.1
2026,457,lawsoaj01,25,TOR,SG,24,0,226,13.4,.588,.577,.231,4.5,17.2,10.8,4.2,2.6,1.7,6.5,17.5,0.2,0.4,0.6,.121,-1.3,0.4,-1.0,0.1
2026,458,willilu01,27,MEM,SG,7,2,224,8.0,.465,.707,.107,5.2,13.3,9.2,10.8,2.3,0.4,11.3,16.4,-0.1,0.2,0.0,.005,-5.4,-2.1,-7.6,-0.3
2026,459,davisjd01,23,HOU,PG,28,0,218,11.4,.477,.500,.297,1.5,15.5,8.6,20.7,1.4,2.5,8.8,15.3,0.2,0.3,0.5,.102,-2.4,1.3,-1.1,0.0
2026,460,okanito01,24,MEM,SG,6,4,217,4.1,.408,.443,.114,4.4,6.1,5.2,3.7,0.9,1.3,3.9,14.7,-0.3,0.0,-0.2,-0.052,-6.8,-3.9,-10.7,-0.5
2026,461,hallpj01,23,2TM,C,19,2,214,15.9,.599,.085,.492,17.6,21.7,19.7,6.6,0.7,4.3,18.2,17.3,0.3,0.3,0.6,.125,-1.6,-0.7,-2.3,0.0
2026,461,hallpj01,23,MEM,C,7,0,27,18.9,.630,.333,.333,11.8,24.5,18.0,11.0,0.0,6.8,8.8,17.4,0.1,0.0,0.1,.151,1.7,0.1,1.8,0.0
2026,461,hallpj01,23,CHO,C,12,2,187,15.4,.594,.040,.520,18.5,21.3,19.9,6.0,0.8,3.9,19.6,17.3,0.2,0.3,0.5,.121,-2.1,-0.8,-2.9,0.0
2026,462,pippesc02,25,MEM,PG,10,6,212,14.7,.537,.333,.240,4.0,7.3,5.6,33.8,4.2,1.7,20.3,26.1,-0.1,0.2,0.1,.025,-2.5,-0.3,-2.8,0.0
2026,463,holmeda01,23,DEN,PF,25,6,210,13.4,.692,.738,.230,4.5,13.8,9.3,10.2,0.2,2.7,15.2,16.4,0.3,0.1,0.4,.103,0.7,-1.2,-0.5,0.1
2026,464,kawamyu01,24,CHI,PG,18,0,209,11.4,.514,.712,.365,3.6,13.0,8.4,28.2,2.0,0.0,18.8,14.8,0.2,0.1,0.3,.069,-2.7,-1.0,-3.7,-0.1
2026,465,dennira01,24,3TM,PG,17,0,206,6.2,.425,.542,.108,4.1,9.7,6.9,21.9,0.9,1.7,16.4,21.4,-0.4,0.1,-0.3,-0.072,-4.7,-1.3,-6.0,-0.2
2026,465,dennira01,24,IND,PG,13,0,168,6.4,.421,.528,.125,5.1,8.6,6.8,21.6,0.8,2.0,15.6,22.7,-0.4,0.1,-0.3,-0.085,-4.0,-1.3,-5.2,-0.1
2026,465,dennira01,24,LAC,PG,1,0,4,-6.0,,,,0.0,56.7,29.1,0.0,0.0,0.0,100.0,11.1,0.0,0.0,0.0,-0.272,-15.3,-0.2,-15.5,0.0
2026,465,dennira01,24,ATL,PG,3,0,34,6.5,.455,.636,.000,0.0,9.7,4.8,26.2,1.4,0.0,15.4,15.9,0.0,0.0,0.0,.017,-6.9,-1.6,-8.5,-0.1
2026,466,jordade01,37,NOP,C,12,7,199,15.7,.671,.000,.531,13.9,27.4,20.6,7.2,1.0,4.7,18.6,10.1,0.3,0.2,0.6,.134,-0.4,0.2,-0.2,0.1
2026,467,mathega01,29,IND,SG,15,1,196,11.2,.628,.885,.442,1.1,8.5,4.7,6.9,1.5,1.3,4.6,14.1,0.3,0.1,0.4,.097,-1.3,0.0,-1.3,0.0
2026,468,beaucma01,25,PHI,SF,14,1,196,13.4,.563,.618,.250,3.8,14.1,8.9,11.1,2.2,1.9,13.4,21.0,0.0,0.2,0.2,.060,-0.6,-1.0,-1.6,0.0
2026,469,hayesni01,31,PHO,SF,27,0,195,4.2,.356,.348,.087,6.6,12.4,9.4,4.6,2.0,1.0,14.3,12.1,-0.3,0.2,-0.1,-0.023,-6.4,-0.8,-7.3,-0.3
2026,470,youngch01,23,2TM,SG,34,0,185,10.4,.527,.857,.159,4.3,11.8,8.2,8.5,1.0,1.6,2.9,16.2,0.2,0.3,0.5,.117,-2.2,-0.1,-2.3,0.0
2026,470,youngch01,23,OKC,SG,32,0,174,10.0,.505,.850,.167,4.5,12.6,8.7,8.2,1.1,1.7,3.0,16.5,0.1,0.3,0.4,.109,-2.6,-0.3,-2.8,0.0
2026,470,youngch01,23,POR,SG,2,0,11,17.0,1.000,1.000,.000,0.0,0.0,0.0,13.6,0.0,0.0,0.0,11.1,0.1,0.0,0.1,.243,4.0,1.6,5.6,0.0
2026,471,colliza01,28,CHI,C,10,0,184,17.9,.666,.328,.313,9.4,22.8,16.2,12.0,0.5,1.9,12.1,18.8,0.4,0.1,0.5,.137,1.0,-0.7,0.2,0.1
2026,472,whiteda01,21,MEM,SF,6,2,183,8.7,.510,.645,.075,1.2,13.2,7.1,7.5,1.0,0.0,9.4,24.1,-0.2,0.1,-0.2,-0.047,-3.6,-4.4,-8.0,-0.3
2026,473,tillmxa01,27,2TM,C,30,1,183,11.0,.461,.391,.087,11.8,14.3,13.1,9.3,2.5,2.6,14.3,13.1,0.0,0.3,0.3,.077,-2.8,1.0,-1.8,0.0
2026,473,tillmxa01,27,BOS,C,14,1,111,11.2,.500,.484,.000,10.1,14.5,12.4,6.0,2.7,1.8,13.9,14.1,0.0,0.2,0.2,.081,-2.2,1.0,-1.2,0.0
2026,473,tillmxa01,27,CHO,C,16,0,72,10.8,.388,.200,.267,14.4,13.9,14.1,14.5,2.1,3.8,15.2,11.6,0.0,0.1,0.1,.072,-3.8,1.0,-2.8,0.0
2026,474,scotttr01,29,BRK,PF,6,4,182,9.4,.456,.380,.120,6.1,14.2,9.9,8.2,2.2,2.6,7.1,13.6,-0.1,0.1,0.1,.025,-4.2,-1.1,-5.3,-0.2
2026,475,greenje02,39,HOU,PF,30,0,175,8.5,.477,.647,.074,4.5,11.2,7.9,6.2,0.6,1.1,5.4,17.8,0.1,0.1,0.2,.054,-3.4,-2.2,-5.6,-0.2
2026,476,plumlma01,35,2TM,C,20,3,172,13.0,.769,.000,1.000,11.2,23.0,17.2,14.7,2.8,0.0,37.3,7.9,0.2,0.3,0.5,.146,-2.0,2.6,0.5,0.1
2026,476,plumlma01,35,CHO,C,14,2,125,13.5,.752,.000,1.000,9.2,26.6,18.1,16.5,2.4,0.0,34.2,8.9,0.2,0.2,0.4,.142,-1.5,2.7,1.1,0.1
2026,476,plumlma01,35,SAS,C,6,1,47,11.6,.868,.000,1.000,16.5,13.3,14.9,9.9,4.1,0.0,51.0,5.3,0.1,0.1,0.2,.156,-3.4,2.2,-1.2,0.0
2026,477,garcian01,25,UTA,SF,5,2,169,8.3,.394,.448,.310,10.6,16.4,13.4,10.0,2.2,2.3,17.5,9.7,0.0,0.1,0.1,.014,-5.2,-0.5,-5.7,-0.2
2026,478,smithty02,21,DAL,PF,12,0,166,9.6,.532,.700,.120,7.7,13.3,10.5,4.1,1.7,0.0,10.2,14.8,0.0,0.1,0.1,.043,-3.3,-1.6,-4.8,-0.1
2026,479,tysonhu01,25,DEN,PF,21,2,162,6.4,.398,.635,.250,2.9,21.1,12.4,13.0,0.6,0.6,8.0,16.8,-0.2,0.1,0.0,-0.013,-5.2,-1.6,-6.8,-0.2
2026,480,topicni01,20,OKC,PG,10,2,160,8.1,.489,.294,.098,4.9,7.8,6.4,36.5,1.5,0.0,32.0,21.2,-0.3,0.2,0.0,-0.014,-5.3,-3.2,-8.4,-0.3
2026,481,mcculke01,24,NYK,SF,21,0,155,9.9,.508,.511,.106,7.9,12.3,10.1,17.0,2.9,0.0,19.6,16.9,0.0,0.2,0.2,.059,-3.7,1.0,-2.8,0.0
2026,482,kesslwa01,24,UTA,C,5,5,154,20.6,.786,.216,.541,15.7,22.3,18.9,13.7,2.1,5.6,25.9,16.5,0.3,0.1,0.5,.148,1.6,1.7,3.3,0.2
2026,483,inglejo01,38,MIN,SF,27,2,153,13.0,.735,.593,.074,0.0,13.4,6.8,28.5,2.8,1.1,33.4,11.5,0.2,0.2,0.4,.120,-1.2,1.4,0.2,0.1
2026,484,bassech01,25,4TM,C,13,0,153,22.7,.681,.000,.426,16.4,25.0,20.6,6.8,1.3,6.7,9.7,17.2,0.4,0.2,0.7,.211,1.4,0.5,1.9,0.2
2026,484,bassech01,25,MEM,C,2,0,31,12.6,.376,.000,.375,24.0,28.4,26.2,8.5,1.5,3.0,9.7,13.8,0.0,0.0,0.0,.067,-3.1,-1.4,-4.4,0.0
2026,484,bassech01,25,PHI,C,1,0,5,21.3,1.000,.000,.000,0.0,0.0,0.0,0.0,0.0,18.8,0.0,8.4,0.0,0.0,0.0,.193,2.8,4.2,7.0,0.0
2026,484,bassech01,25,BOS,C,5,0,17,38.5,.799,.000,.571,26.4,12.7,19.4,0.0,3.0,11.9,10.2,24.9,0.1,0.0,0.1,.349,7.1,3.3,10.3,0.1
2026,484,bassech01,25,GSW,C,5,0,100,23.2,.722,.000,.419,13.1,27.3,20.1,7.8,1.0,6.5,9.8,17.3,0.3,0.2,0.5,.233,1.8,0.4,2.2,0.1
2026,485,thierad01,21,LAL,SF,25,0,149,10.7,.578,.097,.710,7.3,14.4,11.0,8.7,2.3,1.2,18.1,14.6,0.1,0.2,0.2,.071,-4.2,-0.2,-4.4,-0.1
2026,486,antetth01,33,MIL,SF,34,0,148,14.0,.520,.125,.938,9.2,13.7,11.5,13.6,4.3,4.0,18.1,16.5,0.0,0.2,0.2,.076,-3.5,1.8,-1.7,0.0
2026,487,martial01,24,TOR,SG,23,0,146,9.2,.437,.420,.380,6.9,9.4,8.2,10.6,2.7,2.6,12.1,19.5,-0.2,0.2,0.0,.015,-4.6,0.2,-4.3,-0.1
2026,488,william01,24,BOS,PF,22,2,146,9.7,.573,.000,.700,6.9,22.8,15.1,8.5,1.0,6.9,29.6,11.1,0.0,0.3,0.2,.077,-5.0,2.9,-2.1,0.0
2026,489,biyombi01,33,SAS,C,25,1,141,4.5,.636,.000,.467,3.9,15.6,9.9,4.2,1.4,1.3,30.7,7.8,0.0,0.2,0.2,.057,-7.2,1.4,-5.8,-0.1
2026,490,smithto05,25,DET,PF,15,0,137,16.9,.569,.000,.833,18.3,21.8,20.1,12.4,0.7,4.4,12.5,17.1,0.3,0.2,0.5,.185,-0.9,0.9,0.0,0.1
2026,491,dadiepa01,20,NYK,SG,29,0,136,9.6,.454,.667,.229,3.3,19.0,11.1,11.5,1.1,0.8,5.4,17.6,0.0,0.2,0.2,.062,-3.0,-0.2,-3.3,0.0
2026,492,mccluma01,27,2TM,SG,11,0,135,10.4,.501,.508,.305,1.6,6.4,4.0,10.4,3.8,1.9,11.9,23.6,-0.2,0.1,0.0,-0.007,-5.6,0.5,-5.1,-0.1
2026,492,mccluma01,27,IND,SG,3,0,34,12.8,.481,.556,.222,0.0,13.1,6.4,4.6,7.0,2.5,9.2,27.2,-0.1,0.1,0.0,-0.016,-5.6,6.1,0.5,0.0
2026,492,mccluma01,27,CHI,SG,8,0,101,9.6,.509,.488,.341,2.1,4.2,3.2,12.4,2.8,1.7,12.9,22.4,-0.1,0.1,0.0,-0.005,-5.6,-1.3,-6.9,-0.1
2026,493,kellymi02,23,DAL,PG,14,0,134,8.2,.484,.750,.023,4.0,14.9,9.5,12.0,1.4,0.6,11.9,15.8,-0.1,0.1,0.0,.013,-4.6,-0.5,-5.1,-0.1
2026,494,curryse01,35,GSW,SG,10,0,133,16.0,.654,.510,.245,3.3,6.8,5.0,11.3,1.1,0.0,3.6,18.0,0.4,0.1,0.4,.152,1.6,-1.3,0.2,0.1
2026,495,bealbr01,32,LAC,SG,6,6,121,5.1,.476,.396,.167,2.0,2.8,2.4,12.0,1.2,0.0,14.9,22.2,-0.2,0.0,-0.2,-0.070,-6.7,-3.9,-10.6,-0.3
2026,496,bufkiko01,22,LAL,SG,16,1,119,6.2,.416,.520,.240,1.0,11.4,6.4,11.2,0.8,2.3,8.3,22.1,-0.2,0.1,-0.1,-0.056,-6.2,-3.2,-9.4,-0.2
2026,497,lowryky01,39,PHI,PG,14,0,118,1.4,.308,1.000,.240,0.0,8.4,4.2,11.3,0.8,1.6,12.6,11.3,-0.2,0.1,-0.2,-0.062,-8.2,-2.2,-10.4,-0.3
2026,498,livelde01,21,DAL,C,7,4,115,15.0,.670,.000,.556,13.0,21.0,17.0,14.7,1.6,8.1,30.9,11.8,0.1,0.2,0.3,.127,-3.0,3.6,0.6,0.1
2026,499,alexatr01,22,NOP,SG,9,0,111,13.2,.599,.324,.135,1.0,9.8,5.3,11.6,2.6,1.7,7.1,15.8,0.1,0.1,0.2,.090,-1.5,-0.1,-1.6,0.0
2026,500,yurtsom01,27,GSW,C,9,0,104,9.1,.501,.154,.692,13.7,18.6,16.1,10.4,0.9,0.9,21.0,17.5,0.0,0.1,0.1,.024,-5.6,-2.0,-7.6,-0.1
2026,501,travelu01,24,CLE,SG,12,0,103,10.2,.350,.444,.250,9.7,16.0,12.8,10.8,3.3,3.7,7.0,17.5,-0.1,0.2,0.1,.024,-4.2,1.0,-3.2,0.0
2026,502,baldwpa01,23,3TM,SF,9,1,102,11.8,.549,.519,.259,12.8,12.3,12.6,6.4,1.4,4.5,14.3,14.7,0.0,0.1,0.1,.050,-2.9,-1.5,-4.4,-0.1
2026,502,baldwpa01,23,LAC,SF,2,0,12,23.6,1.025,.750,.500,0.0,9.4,4.8,0.0,0.0,0.0,17.0,21.7,0.1,0.0,0.1,.214,5.2,-0.4,4.8,0.0
2026,502,baldwpa01,23,PHI,SF,1,0,2,6.3,,,,0.0,55.2,27.3,0.0,0.0,0.0,,0.0,0.0,0.0,0.0,.085,-5.0,-3.1,-8.1,0.0
2026,502,baldwpa01,23,SAC,SF,6,1,88,10.3,.456,.478,.217,14.8,11.8,13.3,7.4,1.6,5.2,13.7,14.1,0.0,0.1,0.0,.027,-4.0,-1.6,-5.6,-0.1
2026,503,willial06,26,WAS,SG,4,0,101,19.1,.745,.538,.308,5.2,21.7,13.3,16.8,1.4,2.6,14.5,14.3,0.3,0.0,0.3,.155,1.5,-0.5,1.1,0.1
2026,504,gibsota01,40,MEM,C,10,1,97,13.6,.576,.231,.308,12.1,18.2,15.1,8.4,1.0,0.9,3.3,13.1,0.2,0.1,0.3,.134,-1.4,-2.1,-3.5,0.0
2026,505,cookeja01,26,POR,SG,19,0,94,-0.1,.275,.561,.049,4.5,17.5,11.0,9.9,3.0,0.0,17.7,22.0,-0.5,0.1,-0.3,-0.175,-10.5,-1.1,-11.7,-0.2
2026,506,bouchch01,33,BOS,PF,9,0,94,7.7,.392,.600,.160,2.4,18.3,10.5,4.0,2.7,7.5,3.6,12.8,-0.1,0.2,0.1,.064,-5.9,2.7,-3.1,0.0
2026,507,crawfis01,24,HOU,SF,14,0,92,9.8,.526,.542,.250,3.7,15.4,9.6,7.0,1.1,3.0,13.1,14.0,0.0,0.1,0.1,.069,-3.0,0.1,-3.0,0.0
2026,508,highsha01,29,PHO,SF,7,0,91,17.6,.729,.609,.304,7.1,8.8,7.9,10.7,2.2,0.0,0.0,12.2,0.4,0.1,0.5,.238,2.7,1.2,3.8,0.1
2026,509,juzanjo01,24,MIN,SG,21,0,88,12.1,.518,.632,.211,6.4,14.7,10.6,9.7,1.1,1.0,10.7,22.3,0.0,0.1,0.1,.038,-1.6,-1.7,-3.3,0.0
2026,510,washity02,24,LAC,PG,16,0,88,13.4,.553,.421,.000,1.4,6.4,4.0,26.2,3.4,3.2,13.6,11.1,0.1,0.1,0.2,.121,-0.8,2.6,1.9,0.1
2026,511,jonescu01,24,DEN,SG,10,0,88,10.8,.520,.667,.074,2.7,10.9,7.0,14.7,2.2,0.0,6.7,14.7,0.1,0.1,0.1,.072,-3.0,-0.5,-3.5,0.0
2026,512,enarutr01,24,CLE,SF,9,0,85,16.2,.587,.357,.286,9.1,9.0,9.1,11.2,2.8,0.0,8.7,17.1,0.2,0.1,0.2,.137,-0.5,-0.4,-1.0,0.0
2026,513,breako01,23,PHO,SG,12,0,84,13.6,.610,.833,.056,1.3,9.6,5.3,17.7,0.6,0.0,9.8,20.7,0.2,0.1,0.2,.117,1.7,-1.4,0.2,0.0
2026,514,jemistr01,26,NYK,C,13,0,82,4.3,.623,.000,.100,10.9,13.7,12.3,7.5,0.6,2.5,48.9,10.7,-0.1,0.1,0.0,-0.018,-8.3,-0.3,-8.6,-0.1
2026,515,odurojo01,25,NOP,PF,3,1,82,11.8,.636,.118,.353,14.3,15.9,15.1,6.6,0.0,0.0,9.2,11.0,0.2,0.0,0.2,.109,-3.5,-4.3,-7.7,-0.1
2026,516,houstca01,23,ATL,SF,18,0,75,16.4,.769,.808,.115,7.1,8.8,8.0,7.4,1.3,1.2,12.8,17.4,0.2,0.1,0.2,.160,1.6,-1.2,0.3,0.0
2026,517,gordoer01,37,PHI,SG,6,0,74,14.4,.754,.667,.095,1.5,1.5,1.5,5.8,2.6,1.3,12.1,14.2,0.1,0.1,0.2,.116,2.1,0.3,2.4,0.1
2026,518,gilbeke01,22,2TM,SG,4,0,74,8.5,.564,.250,.583,2.9,4.4,3.6,21.0,1.9,4.8,34.7,13.0,0.0,0.0,0.0,-0.005,-4.1,-0.4,-4.6,0.0
2026,518,gilbeke01,22,WAS,PG,3,0,48,4.5,.521,.500,1.000,4.4,6.8,5.6,7.4,2.0,7.3,51.0,10.2,-0.1,0.0,-0.1,-0.089,-6.2,-0.4,-6.6,-0.1
2026,518,gilbeke01,22,ATL,SG,1,0,26,15.9,.590,.125,.375,0.0,0.0,0.0,46.1,1.8,0.0,17.7,18.1,0.1,0.0,0.1,.150,-0.3,-0.6,-0.9,0.0
2026,519,templga01,39,TOR,SG,22,0,73,5.7,.448,.800,.600,1.5,12.5,7.0,14.9,2.7,2.6,27.0,15.3,-0.1,0.1,0.0,-0.022,-5.9,1.0,-4.9,-0.1
2026,520,roddyda01,24,DEN,PF,5,0,73,20.4,.605,.367,.233,12.9,17.6,15.3,7.9,2.7,1.3,5.7,20.9,0.2,0.1,0.3,.185,0.7,-0.7,0.0,0.0
2026,521,klintbo01,22,DET,SF,12,0,71,4.5,.388,.481,.111,8.0,21.8,15.0,10.9,2.0,0.0,17.5,20.1,-0.2,0.1,-0.1,-0.043,-7.7,-1.0,-8.7,-0.1
2026,522,jonesda06,24,SAS,SF,11,0,68,20.9,.579,.200,.240,6.5,13.8,10.3,37.2,4.2,1.3,15.3,20.2,0.1,0.1,0.3,.205,2.6,3.8,6.4,0.1
2026,523,reevean01,25,CHO,SG,10,0,68,12.4,.675,.650,.000,3.4,9.8,6.6,6.3,0.7,0.0,4.8,13.1,0.1,0.0,0.2,.130,1.2,0.1,1.3,0.1
2026,524,richmka01,24,WAS,SG,3,0,67,20.0,.722,.250,.188,1.6,14.7,8.0,16.6,5.7,1.3,10.4,12.0,0.2,0.1,0.2,.175,-0.8,4.4,3.6,0.1
2026,525,morrimo01,30,IND,PG,6,0,65,6.9,.414,.400,.200,1.6,10.3,5.9,18.7,0.7,1.3,8.4,15.5,-0.1,0.0,0.0,-0.028,-4.5,-1.4,-5.9,-0.1
2026,526,peterdr01,26,CHO,PF,6,0,64,0.6,.148,.750,.125,5.4,10.4,7.9,3.8,2.3,1.4,0.0,11.2,-0.2,0.1,-0.1,-0.077,-8.3,-1.5,-9.8,-0.1
2026,527,sandfpa01,23,OKC,SF,4,0,63,13.1,.630,.654,.154,1.8,14.9,8.6,0.0,0.8,0.0,3.5,19.8,0.1,0.1,0.2,.125,-2.5,-3.3,-5.8,-0.1
2026,528,bantoda01,26,2TM,PG,6,0,62,7.0,.436,.083,.333,3.7,5.2,4.5,22.9,1.6,8.1,36.8,15.3,-0.1,0.1,-0.1,-0.044,-5.3,1.3,-4.0,0.0
2026,528,bantoda01,26,LAC,PG,2,0,10,27.8,.750,.000,.000,11.9,0.0,5.8,37.1,5.0,0.0,20.0,22.2,0.0,0.0,0.0,.227,7.3,5.2,12.5,0.0
2026,528,bantoda01,26,BOS,PG,4,0,52,3.0,.307,.125,.500,2.2,6.2,4.2,20.2,1.0,9.7,41.8,14.0,-0.2,0.1,-0.1,-0.095,-7.7,0.6,-7.1,-0.1
2026,529,moorewe01,24,DET,SG,6,0,60,8.9,.635,.143,.286,1.9,9.2,5.6,8.0,1.6,3.3,11.3,6.2,0.1,0.1,0.1,.116,-3.0,1.8,-1.3,0.0
2026,530,jeffrda01,28,SAC,SG,3,0,60,16.3,.731,.474,.263,5.4,3.8,4.7,2.5,1.6,0.0,0.0,15.0,0.2,0.0,0.2,.165,0.9,-1.1,-0.2,0.0
2026,531,youngja05,25,MIA,PG,14,0,58,8.5,.483,.360,.080,3.6,3.6,3.6,21.1,0.8,0.0,10.4,20.3,0.0,0.0,0.0,.016,-4.8,-1.9,-6.7,-0.1
2026,532,wisemja01,24,IND,C,4,1,58,4.1,.597,.000,.200,9.2,5.8,7.5,7.0,0.0,1.5,31.5,11.6,0.0,0.0,0.0,-0.028,-8.0,-1.0,-9.0,-0.1
2026,533,minixri01,25,2TM,SF,9,0,58,19.1,.720,.522,.130,3.8,7.5,5.6,14.1,1.7,1.6,11.0,19.8,0.1,0.1,0.2,.162,1.9,-0.1,1.8,0.1
2026,533,minixri01,25,SAS,SF,3,0,8,44.7,.750,.500,.000,13.8,13.1,13.4,31.0,6.0,0.0,0.0,31.6,0.1,0.0,0.1,.430,18.1,7.5,25.5,0.1
2026,533,minixri01,25,CLE,SF,6,0,50,15.0,.710,.529,.176,2.2,6.6,4.4,11.4,1.0,1.9,14.1,17.9,0.1,0.0,0.1,.119,-0.7,-1.3,-2.0,0.0
2026,534,broomjo01,23,PHI,C,11,0,55,0.4,.188,.208,.250,13.7,18.1,15.9,9.2,2.6,3.4,10.1,22.8,-0.3,0.1,-0.2,-0.212,-11.9,-4.4,-16.2,-0.2
2026,535,martico01,30,IND,SF,4,0,55,3.0,.277,.500,.600,1.9,26.3,13.8,4.5,3.5,3.1,24.0,12.8,-0.2,0.1,-0.1,-0.103,-10.1,2.1,-8.0,-0.1
2026,536,loverla01,22,MEM,C,2,1,49,13.7,.574,.000,.500,13.0,20.2,16.6,8.3,2.9,1.9,14.1,12.1,0.1,0.1,0.1,.106,-3.7,0.1,-3.6,0.0
2026,537,manonch01,24,LAL,SG,9,0,46,11.7,.451,.500,.667,5.3,19.7,12.7,7.8,5.3,4.0,11.4,8.3,0.0,0.1,0.1,.115,-4.6,4.7,0.1,0.0
2026,538,gueyemo01,27,CHI,PF,2,0,45,12.8,.627,.455,.364,4.8,9.3,7.1,17.9,2.1,1.9,19.0,14.6,0.0,0.0,0.1,.086,-2.2,-1.7,-3.9,0.0
2026,539,bambamo01,27,2TM,C,4,0,44,12.9,.455,.000,.000,24.1,30.3,27.1,3.0,0.0,6.6,15.4,12.2,0.0,0.0,0.1,.056,-4.3,-3.6,-8.0,-0.1
2026,539,bambamo01,27,TOR,C,2,0,6,-2.8,.000,.000,.000,18.8,19.1,18.9,0.0,0.0,16.1,0.0,14.3,0.0,0.0,0.0,-0.159,-18.8,-2.5,-21.3,0.0
2026,539,bambamo01,27,UTA,C,2,0,38,15.4,.556,.000,.000,25.0,32.1,28.4,3.5,0.0,5.1,18.2,11.9,0.0,0.0,0.1,.090,-2.1,-3.8,-5.9,0.0
2026,540,pullizy01,24,MIN,SG,5,0,43,18.8,.779,.231,.308,2.6,5.0,3.8,31.0,1.1,0.0,16.9,17.4,0.2,0.0,0.2,.222,0.2,-1.3,-1.1,0.0
2026,541,steveis01,25,SAC,PG,3,0,43,16.5,.571,.143,.571,5.1,2.7,3.9,29.3,5.6,0.0,18.6,10.6,0.1,0.0,0.1,.133,-1.2,3.4,2.2,0.0
2026,542,tonjejo01,24,BOS,SG,6,0,42,9.1,.476,.714,.286,0.0,15.4,7.9,6.1,2.4,0.0,0.0,16.3,0.0,0.1,0.1,.101,-6.3,1.2,-5.1,0.0
2026,543,dickihu01,25,NOP,C,5,0,42,3.8,.403,.286,.143,5.1,7.8,6.4,6.3,1.1,4.5,16.8,17.7,-0.1,0.0,-0.1,-0.094,-8.4,-2.9,-11.4,-0.1
2026,544,saricda01,31,SAC,C,5,0,41,0.6,.363,.500,.333,2.7,14.0,8.2,5.8,0.0,0.0,22.5,9.2,-0.1,0.0,-0.1,-0.081,-6.7,-2.3,-9.0,-0.1
2026,545,huntlcj01,24,PHO,SF,4,0,40,10.9,.545,.273,.000,5.4,8.6,6.9,7.1,1.2,0.0,0.0,11.7,0.1,0.0,0.1,.099,-3.9,-0.5,-4.4,0.0
2026,546,jonesdi01,24,NYK,SF,7,0,39,10.3,.418,.556,.444,5.7,14.4,10.0,12.3,3.8,0.0,0.0,11.8,0.0,0.1,0.1,.134,-5.4,2.8,-2.6,0.0
2026,547,sarrol01,26,CLE,C,4,0,39,17.5,.761,.429,.714,5.7,25.3,15.5,16.6,2.5,7.3,17.9,12.1,0.1,0.1,0.2,.203,-1.7,4.3,2.6,0.0
2026,548,labissk01,29,WAS,PF,3,0,38,16.3,.650,.500,.000,8.3,17.3,12.7,11.1,2.5,2.3,9.1,12.1,0.1,0.0,0.1,.120,-0.1,0.4,0.3,0.0
2026,549,freemen01,25,MIN,PF,4,0,37,15.6,.666,.500,.500,6.1,23.3,14.8,7.0,2.6,7.0,17.0,13.4,0.0,0.1,0.1,.162,-1.5,1.5,0.0,0.0
2026,550,shulgma01,23,BOS,SG,11,1,36,0.2,.394,.500,.250,9.4,9.0,9.2,6.8,1.4,0.0,25.3,14.3,-0.1,0.0,0.0,-0.038,-10.9,-0.5,-11.5,-0.1
2026,551,fultzma01,27,TOR,PG,5,0,36,-2.0,.182,.000,.000,0.0,3.2,1.6,26.8,2.7,0.0,26.7,17.9,-0.2,0.0,-0.2,-0.209,-12.3,-4.0,-16.3,-0.1
2026,552,zikarro01,19,MIN,C,5,0,36,21.0,.717,.000,.500,6.2,35.9,21.4,7.5,0.0,12.0,9.3,12.6,0.1,0.1,0.2,.237,0.7,1.7,2.4,0.0
2026,553,jonesis01,25,2TM,PF,7,1,36,6.4,.514,.286,.571,6.0,9.2,7.8,3.5,0.0,2.8,10.2,11.3,0.0,0.0,0.0,.038,-5.9,-2.2,-8.1,-0.1
2026,553,jonesis01,25,SAC,PF,3,1,17,5.7,.521,.500,1.000,12.8,0.0,6.6,7.3,0.0,0.0,0.0,7.2,0.0,0.0,0.0,.058,-6.3,-1.9,-8.2,0.0
2026,553,jonesis01,25,DET,PF,4,0,19,7.0,.510,.200,.400,0.0,17.4,8.9,0.0,0.0,5.2,14.5,15.1,0.0,0.0,0.0,.021,-5.6,-2.4,-8.0,0.0
2026,554,nelsogr02,23,BRK,PF,4,0,35,17.6,.634,.000,1.111,3.1,17.6,10.0,22.5,1.4,13.3,23.0,21.7,0.0,0.1,0.1,.098,-2.6,4.8,2.2,0.0
2026,555,milleem01,25,CHI,PF,5,0,33,15.0,.540,.462,.154,3.3,6.4,4.8,17.4,2.8,0.0,0.0,17.5,0.1,0.0,0.1,.111,1.6,0.9,2.5,0.0
2026,556,telfoja01,24,LAC,PF,8,0,32,-5.3,.087,1.000,1.000,0.0,10.6,5.5,3.7,1.6,0.0,14.8,9.4,-0.1,0.0,-0.1,-0.163,-12.1,-1.7,-13.8,-0.1
2026,557,pedulse01,23,LAC,PG,7,0,31,6.6,.433,.667,.000,0.0,11.0,5.6,23.8,0.0,0.0,6.3,22.9,0.0,0.0,0.0,-0.030,-6.9,-4.9,-11.8,-0.1
2026,558,ingraha01,23,SAS,SF,7,0,26,15.8,.917,.167,.000,12.8,0.0,6.2,5.4,0.0,0.0,14.3,11.3,0.1,0.0,0.1,.178,3.6,-1.4,2.3,0.0
2026,559,sallihu01,22,PHI,SG,7,0,26,2.0,.595,.000,.400,0.0,4.2,2.1,20.6,0.0,3.6,46.0,17.7,-0.1,0.0,-0.1,-0.149,-7.7,-2.9,-10.6,-0.1
2026,560,searsma01,23,MIL,PG,7,0,26,15.2,.666,.615,.615,4.4,4.3,4.3,12.5,0.0,0.0,19.5,34.9,0.0,0.0,0.0,.013,2.4,-4.6,-2.2,0.0
2026,561,robinor01,25,ORL,C,4,1,25,14.6,.700,.400,.000,8.8,9.0,8.9,16.5,1.9,0.0,0.0,8.4,0.1,0.0,0.1,.196,0.8,0.6,1.4,0.0
2026,562,grayha01,22,UTA,SG,1,0,25,9.4,.773,.333,.667,0.0,0.0,0.0,5.0,1.9,3.9,20.5,8.0,0.0,0.0,0.0,.044,-3.7,-1.6,-5.3,0.0
2026,563,goldivl01,24,MIA,C,9,0,24,14.7,.788,.000,.250,12.9,26.1,19.4,15.9,0.0,11.1,40.3,12.6,0.0,0.0,0.1,.121,-5.0,4.5,-0.5,0.0
2026,564,omierno01,24,LAC,PF,6,0,24,31.5,.751,.100,.300,19.9,14.2,17.0,15.2,2.1,0.0,0.0,20.9,0.2,0.0,0.2,.380,6.2,-0.1,6.0,0.0
2026,565,moralal01,28,ORL,PG,4,0,24,0.9,.508,.143,.286,4.6,9.4,7.0,23.1,0.0,0.0,33.7,20.9,-0.1,0.0,-0.1,-0.104,-12.2,-3.8,-16.0,-0.1
2026,566,kentja01,23,POR,SF,5,0,22,17.3,.672,.571,.143,0.0,25.0,12.3,0.0,2.2,4.0,0.0,13.8,0.0,0.0,0.1,.181,0.6,3.6,4.2,0.0
2026,567,antetal01,24,MIL,SF,6,0,21,28.6,.651,.875,1.875,10.9,21.4,16.2,6.8,0.0,4.8,6.4,32.8,0.1,0.0,0.1,.282,7.3,-1.9,5.4,0.0
2026,568,castlco01,25,ORL,C,4,0,21,7.9,.460,.000,.200,10.5,32.2,21.3,6.3,2.3,0.0,26.9,15.0,0.0,0.0,0.0,-0.003,-6.1,-1.5,-7.7,0.0
2026,569,clarkbr01,29,MEM,PF,2,2,20,12.3,.372,.000,.444,21.3,11.0,16.2,7.1,4.7,0.0,0.0,22.4,0.0,0.0,0.0,.038,-4.7,-0.2,-4.9,0.0
2026,570,toppija01,25,ATL,SF,5,0,17,15.2,.667,.000,.000,0.0,6.5,3.2,8.8,0.0,5.3,0.0,14.7,0.0,0.0,0.0,.130,-0.1,0.6,0.5,0.0
2026,571,livinch01,22,CLE,SF,3,0,17,15.4,.605,.429,.143,0.0,19.3,9.7,8.9,2.8,0.0,0.0,18.4,0.0,0.0,0.1,.164,-4.7,2.1,-2.7,0.0
2026,572,keelstr01,22,MIA,SG,8,0,15,2.8,.333,.750,.000,0.0,13.9,6.9,0.0,3.1,0.0,0.0,32.6,-0.1,0.0,-0.1,-0.197,-9.4,-5.2,-14.5,0.0
2026,573,boehebu01,26,OKC,SF,4,0,15,4.6,.500,1.000,.000,0.0,0.0,0.0,0.0,0.0,0.0,0.0,17.3,0.0,0.0,0.0,.012,-3.8,-4.5,-8.4,0.0
2026,574,nfalyda01,24,ATL,C,4,0,15,12.4,.338,.000,.250,21.4,29.4,25.3,0.0,6.3,0.0,18.4,15.1,0.0,0.0,0.0,.051,-3.7,-0.8,-4.5,0.0
2026,575,hepbuch01,22,TOR,PG,2,0,13,-13.5,.000,.833,.000,0.0,8.8,4.4,17.4,3.8,0.0,14.3,23.1,-0.1,0.0,-0.1,-0.441,-20.7,-3.1,-23.8,-0.1
2026,576,newtotr01,24,HOU,SG,1,0,12,32.8,.581,.556,.333,18.7,9.1,13.9,0.0,4.2,0.0,0.0,36.2,0.1,0.0,0.1,.280,8.5,0.0,8.4,0.0
2026,577,evbuoto01,24,NYK,SF,5,0,8,-0.3,.000,.000,.000,13.9,14.0,14.0,0.0,0.0,0.0,0.0,5.4,0.0,0.0,0.0,-0.025,-8.5,-3.0,-11.5,0.0
2026,578,umudest01,26,SAS,SG,2,0,7,11.6,.500,.500,.000,0.0,0.0,0.0,18.8,6.9,0.0,0.0,12.0,0.0,0.0,0.0,.165,-6.7,7.1,0.4,0.0
2026,579,jonesco02,23,DET,SG,1,0,7,12.9,.333,.667,.000,0.0,63.1,32.1,37.8,0.0,0.0,0.0,17.8,0.0,0.0,0.0,.124,-3.2,5.7,2.4,0.0
2026,580,essenno01,19,CHI,PF,2,0,6,-11.9,.000,.667,.000,0.0,0.0,0.0,0.0,7.8,0.0,0.0,20.8,-0.1,0.0,-0.1,-0.417,-20.7,-3.0,-23.7,0.0
2026,581,flowetr01,20,CHI,SF,2,0,6,16.7,.667,.333,.000,17.9,0.0,8.8,30.5,0.0,0.0,25.0,27.8,0.0,0.0,0.0,.023,1.7,-2.7,-1.0,0.0
2026,582,brownda04,26,CLE,SG,1,0,3,-7.7,.000,.000,.000,0.0,36.5,18.3,0.0,0.0,0.0,0.0,14.0,0.0,0.0,0.0,-0.269,-16.3,-2.4,-18.7,0.0
2026,,,,,,,,,,.581,.415,.264,5.2,14.8,10.0,16.2,1.7,1.9,12.2,19.9,,,,,,,,
