link,season,team_full_name,record,coach,executive,pts_g,srs,off_rtg,expected_w_l,preseason_odds,arena
https://www.basketball-reference.com/teams/TOR/2019.html,2018-19,Toronto Raptors,"58-24, Finished 2nd in NBA Eastern Conference",Nick Nurse (58-24),Masai Ujiri,114.4 (8th of 30) Opp PTS/G: 108.4 (9th of 30),5.49 (3rd of 30) Pace : 100.2 (15th of 30),113.1 (5th of 30) Def Rtg : 107.1 (5th of 30) Net Rtg : +6.0 (3rd of 30),56-26 (3rd of 30),"Championship +1850 , Over-Under 55.5","Scotiabank Arena Attendance: 812,822 (4th of 30)"
https://www.basketball-reference.com/teams/MIL/2019.html,2018-19,Milwaukee Bucks,"60-22, Finished 1st in NBA Eastern Conference",Mike Budenholzer (60-22),Jon Horst,118.1 (1st of 30) Opp PTS/G: 109.3 (11th of 30),8.04 (1st of 30) Pace : 103.3 (2nd of 30),113.8 (4th of 30) Def Rtg : 105.2 (1st of 30) Net Rtg : +8.5 (1st of 30),61-21 (1st of 30),"Championship +10000 , Over-Under 48.0","Fiserv Forum Attendance: 721,692 (17th of 30)"
https://www.basketball-reference.com/teams/PHI/2019.html,2018-19,Philadelphia 76ers,"51-31, Finished 3rd in NBA Eastern Conference",Brett Brown (51-31),Elton Brand,115.2 (4th of 30) Opp PTS/G: 112.5 (19th of 30),2.25 (11th of 30) Pace : 101.6 (8th of 30),112.6 (8th of 30) Def Rtg : 110.0 (15th of 30) Net Rtg : +2.6 (11th of 30),48-34 (11th of 30),"Championship +2000 , Over-Under 53.5","Wells Fargo Center Attendance: 838,342 (1st of 30)"
https://www.basketball-reference.com/teams/BOS/2019.html,2018-19,Boston Celtics,"49-33, Finished 4th in NBA Eastern Conference",Brad Stevens (49-33),Danny Ainge,112.4 (14th of 30) Opp PTS/G: 108.0 (8th of 30),3.90 (8th of 30) Pace : 99.6 (16th of 30),112.2 (10th of 30) Def Rtg : 107.8 (7th of 30) Net Rtg : +4.4 (6th of 30),52-30 (6th of 30),"Championship +620 , Over-Under 59.0","TD Garden Attendance: 763,584 (11th of 30)"
https://www.basketball-reference.com/teams/IND/2019.html,2018-19,Indiana Pacers,"48-34, Finished 5th in NBA Eastern Conference",Nate McMillan (48-34),Kevin Pritchard,108.0 (22nd of 30) Opp PTS/G: 104.7 (1st of 30),2.76 (10th of 30) Pace : 98.1 (24th of 30),109.9 (18th of 30) Def Rtg : 106.5 (3rd of 30) Net Rtg : +3.4 (9th of 30),50-32 (9th of 30),"Championship +12500 , Over-Under 47.5","Bankers Life Fieldhouse Attendance: 689,310 (22nd of 30)"
https://www.basketball-reference.com/teams/BRK/2019.html,2018-19,Brooklyn Nets,"42-40, Finished 6th in NBA Eastern Conference",Kenny Atkinson (42-40),Sean Marks,112.2 (15th of 30) Opp PTS/G: 112.3 (18th of 30),-0.40 (15th of 30) Pace : 100.8 (11th of 30),109.6 (19th of 30) Def Rtg : 109.7 (14th of 30) Net Rtg : -0.1 (15th of 30),41-41 (15th of 30),"Championship +125000 , Over-Under 32.0","Barclays Center Attendance: 612,597 (30th of 30)"
https://www.basketball-reference.com/teams/ORL/2019.html,2018-19,Orlando Magic,"42-40, Finished 7th in NBA Eastern Conference",Steve Clifford (42-40),Jeff Weltman,107.3 (24th of 30) Opp PTS/G: 106.6 (5th of 30),0.28 (14th of 30) Pace : 98.1 (25th of 30),108.9 (22nd of 30) Def Rtg : 108.1 (8th of 30) Net Rtg : +0.7 (14th of 30),43-39 (14th of 30),"Championship +75000 , Over-Under 31.0","Amway Center Attendance: 720,024 (18th of 30)"
https://www.basketball-reference.com/teams/DET/2019.html,2018-19,Detroit Pistons,"41-41, Finished 8th in NBA Eastern Conference",Dwane Casey (41-41),Ed Stefanski,107.0 (25th of 30) Opp PTS/G: 107.3 (7th of 30),-0.56 (17th of 30) Pace : 97.4 (28th of 30),109.0 (21st of 30) Def Rtg : 109.2 (11th of 30) Net Rtg : -0.2 (17th of 30),40-42 (17th of 30),"Championship +35000 , Over-Under 38.5","Little Caesars Arena Attendance: 675,963 (24th of 30)"
https://www.basketball-reference.com/teams/CHO/2019.html,2018-19,Charlotte Hornets,"39-43, Finished 9th in NBA Eastern Conference",James Borrego (39-43),Mitch Kupchak,110.7 (19th of 30) Opp PTS/G: 111.8 (17th of 30),-1.32 (22nd of 30) Pace : 98.7 (21st of 30),111.4 (12th of 30) Def Rtg : 112.5 (22nd of 30) Net Rtg : -1.1 (19th of 30),38-44 (19th of 30),"Championship +50000 , Over-Under 35.5","Spectrum Center Attendance: 676,570 (23rd of 30)"
https://www.basketball-reference.com/teams/MIA/2019.html,2018-19,Miami Heat,"39-43, Finished 10th in NBA Eastern Conference",Erik Spoelstra (39-43),Pat Riley,105.7 (26th of 30) Opp PTS/G: 105.9 (2nd of 30),-0.45 (16th of 30) Pace : 98.2 (23rd of 30),107.3 (26th of 30) Def Rtg : 107.6 (6th of 30) Net Rtg : -0.2 (16th of 30),40-42 (16th of 30),"Championship +35000 , Over-Under 43.0","AmericanAirlines Arena Attendance: 805,264 (5th of 30)"
https://www.basketball-reference.com/teams/WAS/2019.html,2018-19,Washington Wizards,"32-50, Finished 11th in NBA Eastern Conference",Scott Brooks (32-50),"Ernie Grunfeld , Tommy Sheppard",114.0 (10th of 30) Opp PTS/G: 116.9 (29th of 30),-3.30 (25th of 30) Pace : 101.4 (9th of 30),111.1 (14th of 30) Def Rtg : 113.9 (28th of 30) Net Rtg : -2.8 (25th of 30),34-48 (25th of 30),"Championship +11000 , Over-Under 45.5","Capital One Arena Attendance: 716,996 (19th of 30)"
https://www.basketball-reference.com/teams/ATL/2019.html,2018-19,Atlanta Hawks,"29-53, Finished 12th in NBA Eastern Conference",Lloyd Pierce (29-53),Travis Schlenk,113.3 (12th of 30) Opp PTS/G: 119.4 (30th of 30),-6.06 (26th of 30) Pace : 103.9 (1st of 30),108.1 (23rd of 30) Def Rtg : 113.9 (27th of 30) Net Rtg : -5.7 (26th of 30),27-55 (26th of 30),"Championship +150000 , Over-Under 23.5","State Farm Arena Attendance: 628,440 (27th of 30)"
https://www.basketball-reference.com/teams/CHI/2019.html,2018-19,Chicago Bulls,"22-60, Finished 13th in NBA Eastern Conference","Fred Hoiberg (5-19), Jim Boylen (17-41)",Gar Forman,104.9 (27th of 30) Opp PTS/G: 113.4 (20th of 30),-8.32 (27th of 30) Pace : 99.0 (19th of 30),104.8 (29th of 30) Def Rtg : 113.2 (25th of 30) Net Rtg : -8.4 (27th of 30),21-61 (27th of 30),"Championship +50000 , Over-Under 30.0","United Center Attendance: 823,475 (2nd of 30)"
https://www.basketball-reference.com/teams/CLE/2019.html,2018-19,Cleveland Cavaliers,"19-63, Finished 14th in NBA Eastern Conference","Tyronn Lue (0-6), Larry Drew (19-57)",Koby Altman,104.5 (29th of 30) Opp PTS/G: 114.1 (24th of 30),-9.39 (30th of 30) Pace : 96.6 (29th of 30),107.7 (25th of 30) Def Rtg : 117.6 (30th of 30) Net Rtg : -9.9 (30th of 30),19-63 (30th of 30),"Championship +50000 , Over-Under 30.5","Quicken Loans Arena Attendance: 793,337 (8th of 30)"
https://www.basketball-reference.com/teams/NYK/2019.html,2018-19,New York Knicks,"17-65, Finished 15th in NBA Eastern Conference",David Fizdale (17-65),Steve Mills,104.6 (28th of 30) Opp PTS/G: 113.8 (22nd of 30),-8.93 (29th of 30) Pace : 99.6 (17th of 30),104.5 (30th of 30) Def Rtg : 113.7 (26th of 30) Net Rtg : -9.2 (28th of 30),19-63 (29th of 30),"Championship +35000 , Over-Under 28.5","Madison Square Garden (IV) Attendance: 779,087 (9th of 30)"
https://www.basketball-reference.com/teams/GSW/2019.html,2018-19,Golden State Warriors,"57-25, Finished 1st in NBA Western Conference",Steve Kerr (57-25),Bob Myers,117.7 (2nd of 30) Opp PTS/G: 111.2 (16th of 30),6.42 (2nd of 30) Pace : 100.9 (10th of 30),115.9 (1st of 30) Def Rtg : 109.5 (13th of 30) Net Rtg : +6.4 (2nd of 30),56-26 (2nd of 30),"Championship -168 , Over-Under 62.5","Oracle Arena Attendance: 803,436 (6th of 30)"
https://www.basketball-reference.com/teams/DEN/2019.html,2018-19,Denver Nuggets,"54-28, Finished 2nd in NBA Western Conference",Michael Malone (54-28),Tim Connelly,110.7 (20th of 30) Opp PTS/G: 106.7 (6th of 30),4.19 (7th of 30) Pace : 97.7 (27th of 30),113.0 (6th of 30) Def Rtg : 108.9 (10th of 30) Net Rtg : +4.0 (8th of 30),51-31 (8th of 30),"Championship +20000 , Over-Under 47.5","Pepsi Center Attendance: 756,457 (12th of 30)"
https://www.basketball-reference.com/teams/POR/2019.html,2018-19,Portland Trail Blazers,"53-29, Finished 3rd in NBA Western Conference",Terry Stotts (53-29),Neil Olshey,114.7 (6th of 30) Opp PTS/G: 110.5 (14th of 30),4.43 (6th of 30) Pace : 99.1 (18th of 30),114.7 (3rd of 30) Def Rtg : 110.5 (16th of 30) Net Rtg : +4.2 (7th of 30),51-31 (7th of 30),"Championship +30000 , Over-Under 42.0","Moda Center Attendance: 799,345 (7th of 30)"
https://www.basketball-reference.com/teams/HOU/2019.html,2018-19,Houston Rockets,"53-29, Finished 4th in NBA Western Conference",Mike D'Antoni (53-29),Daryl Morey,113.9 (11th of 30) Opp PTS/G: 109.1 (10th of 30),4.96 (5th of 30) Pace : 97.9 (26th of 30),115.5 (2nd of 30) Def Rtg : 110.7 (17th of 30) Net Rtg : +4.8 (5th of 30),53-29 (5th of 30),"Championship +1000 , Over-Under 56.5","Toyota Center Attendance: 740,392 (16th of 30)"
https://www.basketball-reference.com/teams/UTA/2019.html,2018-19,Utah Jazz,"50-32, Finished 5th in NBA Western Conference",Quin Snyder (50-32),Dennis Lindsey,111.7 (17th of 30) Opp PTS/G: 106.5 (4th of 30),5.28 (4th of 30) Pace : 100.3 (13th of 30),110.9 (15th of 30) Def Rtg : 105.7 (2nd of 30) Net Rtg : +5.2 (4th of 30),54-28 (4th of 30),"Championship +10000 , Over-Under 49.5","Vivint Smart Home Arena Attendance: 750,546 (14th of 30)"
https://www.basketball-reference.com/teams/OKC/2019.html,2018-19,Oklahoma City Thunder,"49-33, Finished 6th in NBA Western Conference",Billy Donovan (49-33),Sam Presti,114.5 (7th of 30) Opp PTS/G: 111.1 (15th of 30),3.56 (9th of 30) Pace : 102.8 (6th of 30),110.3 (17th of 30) Def Rtg : 107.0 (4th of 30) Net Rtg : +3.3 (10th of 30),50-32 (10th of 30),"Championship +3800 , Over-Under 48.5","Chesapeake Energy Arena Attendance: 746,323 (15th of 30)"
https://www.basketball-reference.com/teams/SAS/2019.html,2018-19,San Antonio Spurs,"48-34, Finished 7th in NBA Western Conference",Gregg Popovich (48-34),R.C. Buford,111.7 (18th of 30) Opp PTS/G: 110.0 (12th of 30),1.80 (12th of 30) Pace : 98.3 (22nd of 30),112.9 (7th of 30) Def Rtg : 111.2 (19th of 30) Net Rtg : +1.7 (12th of 30),45-37 (12th of 30),"Championship +10000 , Over-Under 43.5","AT&T Center Attendance: 750,616 (13th of 30)"
https://www.basketball-reference.com/teams/LAC/2019.html,2018-19,Los Angeles Clippers,"48-34, Finished 8th in NBA Western Conference",Doc Rivers (48-34),Lawrence Frank,115.1 (5th of 30) Opp PTS/G: 114.3 (25th of 30),1.09 (13th of 30) Pace : 101.7 (7th of 30),112.4 (9th of 30) Def Rtg : 111.5 (21st of 30) Net Rtg : +0.8 (13th of 30),43-39 (13th of 30),"Championship +40000 , Over-Under 37.0","STAPLES Center Attendance: 710,327 (20th of 30)"
https://www.basketball-reference.com/teams/SAC/2019.html,2018-19,Sacramento Kings,"39-43, Finished 9th in NBA Western Conference",Dave Joerger (39-43),Vlade Divac,114.2 (9th of 30) Opp PTS/G: 115.3 (26th of 30),-0.81 (18th of 30) Pace : 103.1 (5th of 30),110.4 (16th of 30) Def Rtg : 111.5 (20th of 30) Net Rtg : -1.1 (18th of 30),38-44 (18th of 30),"Championship +200000 , Over-Under 26.0","Golden 1 Center Attendance: 700,975 (21st of 30)"
https://www.basketball-reference.com/teams/LAL/2019.html,2018-19,Los Angeles Lakers,"37-45, Finished 10th in NBA Western Conference",Luke Walton (37-45),"Magic Johnson , Rob Pelinka",111.8 (16th of 30) Opp PTS/G: 113.5 (21st of 30),-1.33 (23rd of 30) Pace : 103.2 (4th of 30),107.8 (24th of 30) Def Rtg : 109.5 (12th of 30) Net Rtg : -1.7 (23rd of 30),37-45 (23rd of 30),"Championship +1800 , Over-Under 48.5","STAPLES Center Attendance: 778,877 (10th of 30)"
https://www.basketball-reference.com/teams/MIN/2019.html,2018-19,Minnesota Timberwolves,"36-46, Finished 11th in NBA Western Conference","Tom Thibodeau (19-21), Ryan Saunders (17-25)","Tom Thibodeau , Scott Layden",112.5 (13th of 30) Opp PTS/G: 114.0 (23rd of 30),-1.02 (20th of 30) Pace : 100.2 (14th of 30),111.4 (11th of 30) Def Rtg : 112.9 (24th of 30) Net Rtg : -1.5 (22nd of 30),37-45 (22nd of 30),"Championship +25000 , Over-Under 41.5","Target Center Attendance: 627,543 (28th of 30)"
https://www.basketball-reference.com/teams/MEM/2019.html,2018-19,Memphis Grizzlies,"33-49, Finished 12th in NBA Western Conference",J.B. Bickerstaff (33-49),Chris Wallace,103.5 (30th of 30) Opp PTS/G: 106.1 (3rd of 30),-2.08 (24th of 30) Pace : 96.6 (30th of 30),106.1 (27th of 30) Def Rtg : 108.8 (9th of 30) Net Rtg : -2.7 (24th of 30),34-48 (24th of 30),"Championship +65000 , Over-Under 34.5","FedEx Forum Attendance: 638,332 (26th of 30)"
https://www.basketball-reference.com/teams/NOP/2019.html,2018-19,New Orleans Pelicans,"33-49, Finished 13th in NBA Western Conference",Alvin Gentry (33-49),"Dell Demps , Danny Ferry",115.4 (3rd of 30) Opp PTS/G: 116.8 (27th of 30),-1.10 (21st of 30) Pace : 103.3 (3rd of 30),111.4 (13th of 30) Def Rtg : 112.6 (23rd of 30) Net Rtg : -1.3 (20th of 30),38-44 (20th of 30),"Championship +10000 , Over-Under 45.5","Smoothie King Center Attendance: 656,183 (25th of 30)"
https://www.basketball-reference.com/teams/DAL/2019.html,2018-19,Dallas Mavericks,"33-49, Finished 14th in NBA Western Conference",Rick Carlisle (33-49),Donn Nelson,108.9 (21st of 30) Opp PTS/G: 110.1 (13th of 30),-0.86 (19th of 30) Pace : 99.0 (20th of 30),109.4 (20th of 30) Def Rtg : 110.7 (18th of 30) Net Rtg : -1.3 (21st of 30),38-44 (21st of 30),"Championship +35000 , Over-Under 35.5","American Airlines Center Attendance: 820,569 (3rd of 30)"
https://www.basketball-reference.com/teams/PHO/2019.html,2018-19,Phoenix Suns,"19-63, Finished 15th in NBA Western Conference",Igor Kokoskov (19-63),James Jones,107.5 (23rd of 30) Opp PTS/G: 116.8 (28th of 30),-8.61 (28th of 30) Pace : 100.5 (12th of 30),105.9 (28th of 30) Def Rtg : 115.1 (29th of 30) Net Rtg : -9.2 (29th of 30),19-63 (28th of 30),"Championship +75000 , Over-Under 29.0","Talking Stick Resort Arena Attendance: 627,023 (29th of 30)"
https://www.basketball-reference.com/teams/LAL/2020.html,2019-20,Los Angeles Lakers,"52-19, Finished 1st in NBA Western Conference",Frank Vogel (52-19),Rob Pelinka,113.4 (11th of 30) Opp PTS/G: 107.6 (4th of 30),6.28 (3rd of 30) Pace : 100.9 (11th of 30),112.0 (11th of 30) Def Rtg : 106.3 (3rd of 30) Net Rtg : +5.7 (5th of 30),48-23 (5th of 30),"Championship +450 , Over-Under 50.5","STAPLES Center Attendance: 588,907 (14th of 30)"
https://www.basketball-reference.com/teams/MIL/2020.html,2019-20,Milwaukee Bucks,"56-17, Finished 1st in NBA Eastern Conference",Mike Budenholzer (56-17),Jon Horst,118.7 (1st of 30) Opp PTS/G: 108.6 (8th of 30),9.41 (1st of 30) Pace : 105.1 (1st of 30),112.4 (8th of 30) Def Rtg : 102.9 (1st of 30) Net Rtg : +9.5 (1st of 30),57-16 (1st of 30),"Championship +550 , Over-Under 57.5","Fiserv Forum Attendance: 549,036 (19th of 30)"
https://www.basketball-reference.com/teams/TOR/2020.html,2019-20,Toronto Raptors,"53-19, Finished 2nd in NBA Eastern Conference",Nick Nurse (53-19),Masai Ujiri,112.8 (13th of 30) Opp PTS/G: 106.5 (1st of 30),5.97 (4th of 30) Pace : 100.9 (12th of 30),111.1 (14th of 30) Def Rtg : 105.0 (2nd of 30) Net Rtg : +6.1 (4th of 30),50-22 (4th of 30),"Championship +5500 , Over-Under 46.5","Scotiabank Arena Attendance: 633,456 (5th of 30)"
https://www.basketball-reference.com/teams/BOS/2020.html,2019-20,Boston Celtics,"48-24, Finished 3rd in NBA Eastern Conference",Brad Stevens (48-24),Danny Ainge,113.7 (9th of 30) Opp PTS/G: 107.3 (2nd of 30),5.83 (5th of 30) Pace : 99.5 (17th of 30),113.3 (4th of 30) Def Rtg : 107.0 (4th of 30) Net Rtg : +6.3 (3rd of 30),50-22 (2nd of 30),"Championship +2900 , Over-Under 48.5","TD Garden Attendance: 610,864 (11th of 30)"
https://www.basketball-reference.com/teams/IND/2020.html,2019-20,Indiana Pacers,"45-28, Finished 4th in NBA Eastern Conference",Nate McMillan (45-28),Kevin Pritchard,109.4 (23rd of 30) Opp PTS/G: 107.5 (3rd of 30),1.63 (13th of 30) Pace : 98.9 (21st of 30),110.0 (19th of 30) Def Rtg : 108.0 (6th of 30) Net Rtg : +2.0 (13th of 30),41-32 (13th of 30),"Championship +5000 , Over-Under 46.5","Bankers Life Fieldhouse Attendance: 529,002 (23rd of 30)"
https://www.basketball-reference.com/teams/MIA/2020.html,2019-20,Miami Heat,"44-29, Finished 5th in NBA Eastern Conference",Erik Spoelstra (44-29),Pat Riley,112.0 (15th of 30) Opp PTS/G: 109.1 (10th of 30),2.59 (8th of 30) Pace : 98.3 (27th of 30),112.5 (7th of 30) Def Rtg : 109.5 (11th of 30) Net Rtg : +3.0 (7th of 30),43-30 (7th of 30),"Championship +6000 , Over-Under 43.5","AmericanAirlines Arena Attendance: 629,771 (7th of 30)"
https://www.basketball-reference.com/teams/PHI/2020.html,2019-20,Philadelphia 76ers,"43-30, Finished 6th in NBA Eastern Conference",Brett Brown (43-30),Elton Brand,110.7 (20th of 30) Opp PTS/G: 108.4 (6th of 30),2.25 (12th of 30) Pace : 99.0 (19th of 30),111.3 (13th of 30) Def Rtg : 109.0 (8th of 30) Net Rtg : +2.4 (10th of 30),42-31 (10th of 30),"Championship +775 , Over-Under 54.5","Wells Fargo Center Attendance: 639,491 (3rd of 30)"
https://www.basketball-reference.com/teams/BRK/2020.html,2019-20,Brooklyn Nets,"35-37, Finished 7th in NBA Eastern Conference","Kenny Atkinson (28-34), Jacque Vaughn (7-3)",Sean Marks,111.8 (16th of 30) Opp PTS/G: 112.3 (19th of 30),-1.01 (20th of 30) Pace : 101.4 (9th of 30),108.9 (22nd of 30) Def Rtg : 109.5 (9th of 30) Net Rtg : -0.6 (15th of 30),35-37 (15th of 30),"Championship +5500 , Over-Under 43.5","Barclays Center Attendance: 524,907 (25th of 30)"
https://www.basketball-reference.com/teams/ORL/2020.html,2019-20,Orlando Magic,"33-40, Finished 8th in NBA Eastern Conference",Steve Clifford (33-40),Jeff Weltman,107.3 (24th of 30) Opp PTS/G: 108.3 (5th of 30),-0.93 (19th of 30) Pace : 98.6 (25th of 30),108.5 (23rd of 30) Def Rtg : 109.5 (10th of 30) Net Rtg : -1.0 (16th of 30),34-39 (16th of 30),"Championship +20000 , Over-Under 41.5","Amway Center Attendance: 529,870 (22nd of 30)"
https://www.basketball-reference.com/teams/CHO/2020.html,2019-20,Charlotte Hornets,"23-42, Finished 9th in NBA Eastern Conference",James Borrego (23-42),Mitch Kupchak,102.9 (30th of 30) Opp PTS/G: 109.6 (12th of 30),-7.03 (27th of 30) Pace : 95.8 (30th of 30),106.3 (29th of 30) Def Rtg : 113.3 (24th of 30) Net Rtg : -7.0 (27th of 30),19-46 (27th of 30),"Championship +200000 , Over-Under 23.5","Spectrum Center Attendance: 478,591 (30th of 30)"
https://www.basketball-reference.com/teams/WAS/2020.html,2019-20,Washington Wizards,"25-47, Finished 10th in NBA Eastern Conference",Scott Brooks (25-47),Tommy Sheppard,114.4 (7th of 30) Opp PTS/G: 119.1 (29th of 30),-5.24 (25th of 30) Pace : 102.7 (7th of 30),110.9 (15th of 30) Def Rtg : 115.5 (30th of 30) Net Rtg : -4.5 (25th of 30),26-46 (25th of 30),"Championship +125000 , Over-Under 27.0","Capital One Arena Attendance: 532,702 (21st of 30)"
https://www.basketball-reference.com/teams/CHI/2020.html,2019-20,Chicago Bulls,"22-43, Finished 11th in NBA Eastern Conference",Jim Boylen (22-43),Gar Forman,106.8 (27th of 30) Opp PTS/G: 109.9 (14th of 30),-4.00 (22nd of 30) Pace : 99.7 (16th of 30),106.7 (27th of 30) Def Rtg : 109.8 (12th of 30) Net Rtg : -3.1 (22nd of 30),26-39 (22nd of 30),"Championship +42500 , Over-Under 33.5","United Center Attendance: 639,352 (4th of 30)"
https://www.basketball-reference.com/teams/NYK/2020.html,2019-20,New York Knicks,"21-45, Finished 12th in NBA Eastern Conference","David Fizdale (4-18), Mike Miller (17-27)","Steve Mills , Scott Perry , Leon Rose",105.8 (29th of 30) Opp PTS/G: 112.3 (18th of 30),-6.72 (26th of 30) Pace : 98.6 (26th of 30),106.5 (28th of 30) Def Rtg : 113.0 (23rd of 30) Net Rtg : -6.5 (26th of 30),20-46 (26th of 30),"Championship +100000 , Over-Under 26.5","Madison Square Garden (IV) Attendance: 620,789 (9th of 30)"
https://www.basketball-reference.com/teams/DET/2020.html,2019-20,Detroit Pistons,"20-46, Finished 13th in NBA Eastern Conference",Dwane Casey (20-46),Ed Stefanski,107.2 (25th of 30) Opp PTS/G: 110.8 (15th of 30),-4.38 (24th of 30) Pace : 97.6 (28th of 30),109.0 (21st of 30) Def Rtg : 112.7 (22nd of 30) Net Rtg : -3.6 (23rd of 30),26-40 (23rd of 30),"Championship +25000 , Over-Under 37.5","Little Caesars Arena Attendance: 509,469 (28th of 30)"
https://www.basketball-reference.com/teams/ATL/2020.html,2019-20,Atlanta Hawks,"20-47, Finished 14th in NBA Eastern Conference",Lloyd Pierce (20-47),Travis Schlenk,111.8 (17th of 30) Opp PTS/G: 119.7 (30th of 30),-7.71 (28th of 30) Pace : 103.0 (5th of 30),107.2 (26th of 30) Def Rtg : 114.8 (27th of 30) Net Rtg : -7.6 (28th of 30),18-49 (28th of 30),"Championship +25000 , Over-Under 33.5","State Farm Arena Attendance: 545,453 (20th of 30)"
https://www.basketball-reference.com/teams/CLE/2020.html,2019-20,Cleveland Cavaliers,"19-46, Finished 15th in NBA Eastern Conference","John Beilein (14-40), J.B. Bickerstaff (5-6)",Koby Altman,106.9 (26th of 30) Opp PTS/G: 114.8 (22nd of 30),-7.77 (29th of 30) Pace : 98.7 (23rd of 30),107.5 (25th of 30) Def Rtg : 115.4 (29th of 30) Net Rtg : -7.9 (29th of 30),18-47 (29th of 30),"Championship +150000 , Over-Under 24.5","Rocket Mortgage Fieldhouse Attendance: 643,008 (2nd of 30)"
https://www.basketball-reference.com/teams/LAC/2020.html,2019-20,Los Angeles Clippers,"49-23, Finished 2nd in NBA Western Conference",Doc Rivers (49-23),Lawrence Frank,116.3 (4th of 30) Opp PTS/G: 109.9 (13th of 30),6.66 (2nd of 30) Pace : 101.5 (8th of 30),113.9 (2nd of 30) Def Rtg : 107.6 (5th of 30) Net Rtg : +6.3 (2nd of 30),50-22 (3rd of 30),"Championship +425 , Over-Under 53.5","STAPLES Center Attendance: 610,176 (12th of 30)"
https://www.basketball-reference.com/teams/DEN/2020.html,2019-20,Denver Nuggets,"46-27, Finished 3rd in NBA Western Conference",Michael Malone (46-27),Tim Connelly,111.3 (19th of 30) Opp PTS/G: 109.2 (11th of 30),2.35 (10th of 30) Pace : 97.1 (29th of 30),113.1 (5th of 30) Def Rtg : 111.0 (16th of 30) Net Rtg : +2.1 (11th of 30),41-32 (11th of 30),"Championship +2000 , Over-Under 53.0","Pepsi Center Attendance: 633,153 (6th of 30)"
https://www.basketball-reference.com/teams/HOU/2020.html,2019-20,Houston Rockets,"44-28, Finished 4th in NBA Western Conference",Mike D'Antoni (44-28),Daryl Morey,117.8 (2nd of 30) Opp PTS/G: 114.8 (23rd of 30),3.13 (7th of 30) Pace : 103.7 (3rd of 30),112.9 (6th of 30) Def Rtg : 110.1 (14th of 30) Net Rtg : +2.8 (8th of 30),42-30 (8th of 30),"Championship +700 , Over-Under 54.0","Toyota Center Attendance: 578,458 (15th of 30)"
https://www.basketball-reference.com/teams/OKC/2020.html,2019-20,Oklahoma City Thunder,"44-28, Finished 5th in NBA Western Conference",Billy Donovan (44-28),Sam Presti,110.4 (21st of 30) Opp PTS/G: 108.4 (7th of 30),2.33 (11th of 30) Pace : 98.8 (22nd of 30),110.8 (16th of 30) Def Rtg : 108.8 (7th of 30) Net Rtg : +2.0 (12th of 30),41-31 (12th of 30),"Championship +25000 , Over-Under 32.5","Chesapeake Energy Arena Attendance: 600,699 (13th of 30)"
https://www.basketball-reference.com/teams/UTA/2020.html,2019-20,Utah Jazz,"44-28, Finished 6th in NBA Western Conference",Quin Snyder (44-28),Dennis Lindsey,111.3 (18th of 30) Opp PTS/G: 108.8 (9th of 30),2.52 (9th of 30) Pace : 98.6 (24th of 30),112.3 (10th of 30) Def Rtg : 109.9 (13th of 30) Net Rtg : +2.5 (9th of 30),42-30 (9th of 30),"Championship +1300 , Over-Under 53.5","Vivint Smart Home Arena Attendance: 567,486 (16th of 30)"
https://www.basketball-reference.com/teams/DAL/2020.html,2019-20,Dallas Mavericks,"43-32, Finished 7th in NBA Western Conference",Rick Carlisle (43-32),Donn Nelson,117.0 (3rd of 30) Opp PTS/G: 112.1 (16th of 30),4.87 (6th of 30) Pace : 99.3 (18th of 30),116.7 (1st of 30) Def Rtg : 111.7 (18th of 30) Net Rtg : +4.9 (6th of 30),49-26 (6th of 30),"Championship +10500 , Over-Under 40.5","American Airlines Center Attendance: 682,096 (1st of 30)"
https://www.basketball-reference.com/teams/POR/2020.html,2019-20,Portland Trail Blazers,"35-39, Finished 8th in NBA Western Conference",Terry Stotts (35-39),Neil Olshey,115.0 (6th of 30) Opp PTS/G: 116.1 (26th of 30),-0.61 (16th of 30) Pace : 100.7 (13th of 30),113.7 (3rd of 30) Def Rtg : 114.8 (28th of 30) Net Rtg : -1.1 (19th of 30),34-40 (19th of 30),"Championship +3500 , Over-Under 46.5","Moda Center Attendance: 628,303 (8th of 30)"
https://www.basketball-reference.com/teams/MEM/2020.html,2019-20,Memphis Grizzlies,"34-39, Finished 9th in NBA Western Conference",Taylor Jenkins (34-39),Zach Kleiman,112.6 (14th of 30) Opp PTS/G: 113.7 (21st of 30),-0.91 (18th of 30) Pace : 102.8 (6th of 30),109.2 (20th of 30) Def Rtg : 110.3 (15th of 30) Net Rtg : -1.0 (17th of 30),34-39 (17th of 30),"Championship +100000 , Over-Under 27.5","FedEx Forum Attendance: 523,297 (26th of 30)"
https://www.basketball-reference.com/teams/PHO/2020.html,2019-20,Phoenix Suns,"34-39, Finished 10th in NBA Western Conference",Monty Williams (34-39),James Jones,113.6 (10th of 30) Opp PTS/G: 113.4 (20th of 30),0.56 (14th of 30) Pace : 101.3 (10th of 30),111.7 (12th of 30) Def Rtg : 111.4 (17th of 30) Net Rtg : +0.2 (14th of 30),37-36 (14th of 30),"Championship +50000 , Over-Under 29.5","Talking Stick Resort Arena Attendance: 550,633 (17th of 30)"
https://www.basketball-reference.com/teams/SAS/2020.html,2019-20,San Antonio Spurs,"32-39, Finished 11th in NBA Western Conference",Gregg Popovich (32-39),Brian Wright,114.1 (8th of 30) Opp PTS/G: 115.2 (25th of 30),-0.65 (17th of 30) Pace : 100.5 (14th of 30),112.4 (9th of 30) Def Rtg : 113.5 (25th of 30) Net Rtg : -1.1 (18th of 30),33-38 (18th of 30),"Championship +6000 , Over-Under 46.5","AT&T Center Attendance: 550,515 (18th of 30)"
https://www.basketball-reference.com/teams/SAC/2020.html,2019-20,Sacramento Kings,"31-41, Finished 12th in NBA Western Conference",Luke Walton (31-41),Vlade Divac,110.1 (22nd of 30) Opp PTS/G: 112.1 (17th of 30),-1.58 (21st of 30) Pace : 98.9 (20th of 30),110.2 (18th of 30) Def Rtg : 112.2 (20th of 30) Net Rtg : -2.0 (21st of 30),31-41 (21st of 30),"Championship +15000 , Over-Under 37.5","Golden 1 Center Attendance: 520,663 (27th of 30)"
https://www.basketball-reference.com/teams/NOP/2020.html,2019-20,New Orleans Pelicans,"30-42, Finished 13th in NBA Western Conference",Alvin Gentry (30-42),David Griffin,115.8 (5th of 30) Opp PTS/G: 117.1 (27th of 30),-0.55 (15th of 30) Pace : 103.7 (2nd of 30),110.7 (17th of 30) Def Rtg : 111.9 (19th of 30) Net Rtg : -1.2 (20th of 30),33-39 (20th of 30),"Championship +12500 , Over-Under 37.5","Smoothie King Center Attendance: 528,172 (24th of 30)"
https://www.basketball-reference.com/teams/MIN/2020.html,2019-20,Minnesota Timberwolves,"19-45, Finished 14th in NBA Western Conference",Ryan Saunders (19-45),Gersson Rosas,113.2 (12th of 30) Opp PTS/G: 117.5 (28th of 30),-4.01 (23rd of 30) Pace : 103.4 (4th of 30),108.1 (24th of 30) Def Rtg : 112.2 (21st of 30) Net Rtg : -4.1 (24th of 30),24-40 (24th of 30),"Championship +50000 , Over-Under 35.5","Target Center Attendance: 482,112 (29th of 30)"
https://www.basketball-reference.com/teams/GSW/2020.html,2019-20,Golden State Warriors,"15-50, Finished 15th in NBA Western Conference",Steve Kerr (15-50),Bob Myers,106.3 (28th of 30) Opp PTS/G: 115.0 (24th of 30),-8.12 (30th of 30) Pace : 100.3 (15th of 30),105.2 (30th of 30) Def Rtg : 113.8 (26th of 30) Net Rtg : -8.6 (30th of 30),16-49 (30th of 30),"Championship +950 , Over-Under 47.5","Chase Center Attendance: 614,176 (10th of 30)"
https://www.basketball-reference.com/teams/MIL/2021.html,2020-21,Milwaukee Bucks,"46-26, Finished 3rd in NBA Eastern Conference",Mike Budenholzer (46-26),Jon Horst,120.1 (1st of 30) Opp PTS/G: 114.2 (22nd of 30),5.57 (4th of 30) Pace : 102.2 (2nd of 30),117.2 (6th of 30) Def Rtg : 111.4 (10th of 30) Net Rtg : +5.7 (4th of 30),48-24 (5th of 30),"Championship +550 , Over-Under 49.5","Fiserv Forum Attendance: 64,780 (10th of 30)"
https://www.basketball-reference.com/teams/PHI/2021.html,2020-21,Philadelphia 76ers,"49-23, Finished 1st in NBA Eastern Conference",Doc Rivers (49-23),Daryl Morey,113.6 (14th of 30) Opp PTS/G: 108.1 (6th of 30),5.28 (5th of 30) Pace : 99.5 (11th of 30),113.2 (13th of 30) Def Rtg : 107.6 (2nd of 30) Net Rtg : +5.6 (5th of 30),48-24 (4th of 30),"Championship +2000 , Over-Under 43.5","Wells Fargo Center Attendance: 68,583 (8th of 30)"
https://www.basketball-reference.com/teams/BRK/2021.html,2020-21,Brooklyn Nets,"48-24, Finished 2nd in NBA Eastern Conference",Steve Nash (48-24),Sean Marks,118.6 (2nd of 30) Opp PTS/G: 114.1 (21st of 30),4.24 (7th of 30) Pace : 99.5 (12th of 30),118.3 (1st of 30) Def Rtg : 113.8 (23rd of 30) Net Rtg : +4.5 (7th of 30),46-26 (7th of 30),"Championship +600 , Over-Under 45.5","Barclays Center Attendance: 30,491 (17th of 30)"
https://www.basketball-reference.com/teams/NYK/2021.html,2020-21,New York Knicks,"41-31, Finished 4th in NBA Eastern Conference",Tom Thibodeau (41-31),Leon Rose,107.0 (26th of 30) Opp PTS/G: 104.7 (1st of 30),2.13 (11th of 30) Pace : 95.9 (30th of 30),110.6 (23rd of 30) Def Rtg : 108.2 (3rd of 30) Net Rtg : +2.4 (9th of 30),41-31 (9th of 30),"Championship +50000 , Over-Under 21.5","Madison Square Garden (IV) Attendance: 42,131 (15th of 30)"
https://www.basketball-reference.com/teams/ATL/2021.html,2020-21,Atlanta Hawks,"41-31, Finished 5th in NBA Eastern Conference","Lloyd Pierce (14-20), Nate McMillan (27-11)",Travis Schlenk,113.7 (13th of 30) Opp PTS/G: 111.4 (12th of 30),2.14 (10th of 30) Pace : 97.6 (23rd of 30),115.7 (8th of 30) Def Rtg : 113.3 (21st of 30) Net Rtg : +2.4 (10th of 30),41-31 (10th of 30),"Championship +10000 , Over-Under 34.5","State Farm Arena Attendance: 59,288 (13th of 30)"
https://www.basketball-reference.com/teams/MIA/2021.html,2020-21,Miami Heat,"40-32, Finished 6th in NBA Eastern Conference",Erik Spoelstra (40-32),Pat Riley,108.1 (25th of 30) Opp PTS/G: 108.0 (5th of 30),-0.06 (16th of 30) Pace : 96.6 (29th of 30),111.2 (18th of 30) Def Rtg : 111.2 (7th of 30) Net Rtg : +0.0 (16th of 30),36-36 (16th of 30),"Championship +1800 , Over-Under 43.5",AmericanAirlines Arena Attendance: 0 (27th of 30)
https://www.basketball-reference.com/teams/BOS/2021.html,2020-21,Boston Celtics,"36-36, Finished 7th in NBA Eastern Conference",Brad Stevens (36-36),Danny Ainge,112.6 (16th of 30) Opp PTS/G: 111.2 (11th of 30),1.31 (13th of 30) Pace : 98.3 (21st of 30),114.0 (10th of 30) Def Rtg : 112.5 (14th of 30) Net Rtg : +1.5 (13th of 30),39-33 (13th of 30),"Championship +1400 , Over-Under 44.5","TD Garden Attendance: 30,067 (18th of 30)"
https://www.basketball-reference.com/teams/WAS/2021.html,2020-21,Washington Wizards,"34-38, Finished 8th in NBA Eastern Conference",Scott Brooks (34-38),Tommy Sheppard,116.6 (3rd of 30) Opp PTS/G: 118.5 (30th of 30),-1.84 (22nd of 30) Pace : 104.1 (1st of 30),111.2 (17th of 30) Def Rtg : 113.0 (19th of 30) Net Rtg : -1.7 (22nd of 30),32-40 (22nd of 30),"Championship +10000 , Over-Under 32.5","Capital One Arena Attendance: 19,198 (21st of 30)"
https://www.basketball-reference.com/teams/IND/2021.html,2020-21,Indiana Pacers,"34-38, Finished 9th in NBA Eastern Conference",Nate Bjorkgren (34-38),Kevin Pritchard,115.3 (6th of 30) Opp PTS/G: 115.3 (25th of 30),-0.12 (17th of 30) Pace : 101.6 (5th of 30),112.4 (14th of 30) Def Rtg : 112.4 (13th of 30) Net Rtg : -0.0 (17th of 30),36-36 (17th of 30),"Championship +10000 , Over-Under 38.5",Bankers Life Fieldhouse Attendance: 0 (27th of 30)
https://www.basketball-reference.com/teams/CHO/2021.html,2020-21,Charlotte Hornets,"33-39, Finished 10th in NBA Eastern Conference",James Borrego (33-39),Mitch Kupchak,109.5 (23rd of 30) Opp PTS/G: 111.4 (13th of 30),-1.94 (23rd of 30) Pace : 98.3 (20th of 30),110.9 (22nd of 30) Def Rtg : 112.8 (18th of 30) Net Rtg : -2.0 (23rd of 30),32-40 (23rd of 30),"Championship +25000 , Over-Under 26.5","Spectrum Center Attendance: 68,255 (9th of 30)"
https://www.basketball-reference.com/teams/CHI/2021.html,2020-21,Chicago Bulls,"31-41, Finished 11th in NBA Eastern Conference",Billy Donovan (31-41),ArtÅ«ras KarniÅ¡ovas,110.7 (21st of 30) Opp PTS/G: 111.6 (14th of 30),-0.94 (20th of 30) Pace : 99.0 (14th of 30),111.1 (19th of 30) Def Rtg : 112.0 (11th of 30) Net Rtg : -0.9 (20th of 30),34-38 (20th of 30),"Championship +25000 , Over-Under 29.5","United Center Attendance: 13,655 (25th of 30)"
https://www.basketball-reference.com/teams/TOR/2021.html,2020-21,Toronto Raptors,"27-45, Finished 12th in NBA Eastern Conference",Nick Nurse (27-45),Masai Ujiri,111.3 (19th of 30) Opp PTS/G: 111.7 (15th of 30),-0.54 (19th of 30) Pace : 99.2 (13th of 30),112.0 (16th of 30) Def Rtg : 112.5 (15th of 30) Net Rtg : -0.5 (19th of 30),35-37 (19th of 30),"Championship +3000 , Over-Under 42.5","Amalie Arena Attendance: 26,024 (19th of 30)"
https://www.basketball-reference.com/teams/CLE/2021.html,2020-21,Cleveland Cavaliers,"22-50, Finished 13th in NBA Eastern Conference",J.B. Bickerstaff (22-50),Koby Altman,103.8 (30th of 30) Opp PTS/G: 112.3 (17th of 30),-8.19 (28th of 30) Pace : 97.3 (25th of 30),105.8 (28th of 30) Def Rtg : 114.4 (25th of 30) Net Rtg : -8.6 (28th of 30),18-54 (28th of 30),"Championship +50000 , Over-Under 22.5","Rocket Mortgage Fieldhouse Attendance: 91,476 (7th of 30)"
https://www.basketball-reference.com/teams/ORL/2021.html,2020-21,Orlando Magic,"21-51, Finished 14th in NBA Eastern Conference",Steve Clifford (21-51),Jeff Weltman,104.0 (29th of 30) Opp PTS/G: 113.3 (20th of 30),-9.02 (29th of 30) Pace : 98.7 (17th of 30),105.1 (29th of 30) Def Rtg : 114.5 (26th of 30) Net Rtg : -9.4 (29th of 30),17-55 (29th of 30),"Championship +20000 , Over-Under 31.5","Amway Center Attendance: 126,463 (2nd of 30)"
https://www.basketball-reference.com/teams/DET/2021.html,2020-21,Detroit Pistons,"20-52, Finished 15th in NBA Eastern Conference",Dwane Casey (20-52),Troy Weaver,106.6 (27th of 30) Opp PTS/G: 111.1 (10th of 30),-4.38 (25th of 30) Pace : 97.9 (22nd of 30),108.0 (26th of 30) Def Rtg : 112.5 (16th of 30) Net Rtg : -4.5 (25th of 30),26-46 (25th of 30),"Championship +50000 , Over-Under 23.5","Little Caesars Arena Attendance: 14,250 (23rd of 30)"
https://www.basketball-reference.com/teams/UTA/2021.html,2020-21,Utah Jazz,"52-20, Finished 1st in NBA Western Conference",Quin Snyder (52-20),Dennis Lindsey,116.4 (4th of 30) Opp PTS/G: 107.2 (3rd of 30),8.96 (1st of 30) Pace : 98.5 (18th of 30),117.6 (3rd of 30) Def Rtg : 108.3 (4th of 30) Net Rtg : +9.3 (1st of 30),55-17 (1st of 30),"Championship +4000 , Over-Under 41.5","Vivint Smart Home Arena Attendance: 151,300 (1st of 30)"
https://www.basketball-reference.com/teams/PHO/2021.html,2020-21,Phoenix Suns,"51-21, Finished 2nd in NBA Western Conference",Monty Williams (51-21),James Jones,115.3 (7th of 30) Opp PTS/G: 109.5 (7th of 30),5.67 (3rd of 30) Pace : 97.2 (26th of 30),117.2 (5th of 30) Def Rtg : 111.3 (9th of 30) Net Rtg : +5.9 (3rd of 30),49-23 (3rd of 30),"Championship +4000 , Over-Under 38.5","Phoenix Suns Arena Attendance: 104,027 (4th of 30)"
https://www.basketball-reference.com/teams/DEN/2021.html,2020-21,Denver Nuggets,"47-25, Finished 3rd in NBA Western Conference",Michael Malone (47-25),Tim Connelly,115.1 (8th of 30) Opp PTS/G: 110.1 (8th of 30),4.82 (6th of 30) Pace : 97.1 (27th of 30),117.1 (7th of 30) Def Rtg : 112.1 (12th of 30) Net Rtg : +5.0 (6th of 30),47-25 (6th of 30),"Championship +1800 , Over-Under 44.5","Ball Arena Attendance: 54,563 (14th of 30)"
https://www.basketball-reference.com/teams/LAC/2021.html,2020-21,Los Angeles Clippers,"47-25, Finished 4th in NBA Western Conference",Tyronn Lue (47-25),Lawrence Frank,114.0 (10th of 30) Opp PTS/G: 107.8 (4th of 30),6.02 (2nd of 30) Pace : 96.9 (28th of 30),117.6 (4th of 30) Def Rtg : 111.2 (8th of 30) Net Rtg : +6.4 (2nd of 30),49-23 (2nd of 30),"Championship +650 , Over-Under 46.5","STAPLES Center Attendance: 13,901 (24th of 30)"
https://www.basketball-reference.com/teams/DAL/2021.html,2020-21,Dallas Mavericks,"42-30, Finished 5th in NBA Western Conference",Rick Carlisle (42-30),Donn Nelson,112.4 (17th of 30) Opp PTS/G: 110.2 (9th of 30),2.26 (9th of 30) Pace : 97.3 (24th of 30),115.4 (9th of 30) Def Rtg : 113.0 (20th of 30) Net Rtg : +2.3 (11th of 30),41-31 (11th of 30),"Championship +2500 , Over-Under 42.5","American Airlines Center Attendance: 94,849 (5th of 30)"
https://www.basketball-reference.com/teams/POR/2021.html,2020-21,Portland Trail Blazers,"42-30, Finished 6th in NBA Western Conference",Terry Stotts (42-30),Neil Olshey,116.1 (5th of 30) Opp PTS/G: 114.3 (23rd of 30),1.80 (12th of 30) Pace : 98.4 (19th of 30),117.8 (2nd of 30) Def Rtg : 116.0 (29th of 30) Net Rtg : +1.8 (12th of 30),40-32 (12th of 30),"Championship +4000 , Over-Under 40.5","Moda Center Attendance: 5,817 (26th of 30)"
https://www.basketball-reference.com/teams/LAL/2021.html,2020-21,Los Angeles Lakers,"42-30, Finished 7th in NBA Western Conference",Frank Vogel (42-30),Rob Pelinka,109.5 (22nd of 30) Opp PTS/G: 106.8 (2nd of 30),2.77 (8th of 30) Pace : 98.7 (16th of 30),109.9 (24th of 30) Def Rtg : 107.1 (1st of 30) Net Rtg : +2.8 (8th of 30),42-30 (8th of 30),"Championship +275 , Over-Under 47.5","STAPLES Center Attendance: 23,313 (20th of 30)"
https://www.basketball-reference.com/teams/GSW/2021.html,2020-21,Golden State Warriors,"39-33, Finished 8th in NBA Western Conference",Steve Kerr (39-33),Bob Myers,113.7 (12th of 30) Opp PTS/G: 112.7 (18th of 30),1.10 (14th of 30) Pace : 102.2 (3rd of 30),111.1 (20th of 30) Def Rtg : 110.1 (5th of 30) Net Rtg : +1.0 (14th of 30),38-34 (14th of 30),"Championship +2500 , Over-Under 37.5","Chase Center Attendance: 33,457 (16th of 30)"
https://www.basketball-reference.com/teams/MEM/2021.html,2020-21,Memphis Grizzlies,"38-34, Finished 9th in NBA Western Conference",Taylor Jenkins (38-34),Zach Kleiman,113.3 (15th of 30) Opp PTS/G: 112.3 (16th of 30),1.07 (15th of 30) Pace : 100.4 (8th of 30),112.0 (15th of 30) Def Rtg : 111.0 (6th of 30) Net Rtg : +1.0 (15th of 30),38-34 (15th of 30),"Championship +15000 , Over-Under 31.5","FedEx Forum Attendance: 61,449 (11th of 30)"
https://www.basketball-reference.com/teams/SAS/2021.html,2020-21,San Antonio Spurs,"33-39, Finished 10th in NBA Western Conference",Gregg Popovich (33-39),Brian Wright,111.1 (20th of 30) Opp PTS/G: 112.8 (19th of 30),-1.58 (21st of 30) Pace : 98.9 (15th of 30),111.0 (21st of 30) Def Rtg : 112.8 (17th of 30) Net Rtg : -1.7 (21st of 30),32-40 (21st of 30),"Championship +25000 , Over-Under 28.5","AT&T Center Attendance: 61,053 (12th of 30)"
https://www.basketball-reference.com/teams/NOP/2021.html,2020-21,New Orleans Pelicans,"31-41, Finished 11th in NBA Western Conference",Stan Van Gundy (31-41),David Griffin,114.6 (9th of 30) Opp PTS/G: 114.9 (24th of 30),-0.20 (18th of 30) Pace : 100.1 (9th of 30),113.5 (12th of 30) Def Rtg : 113.8 (22nd of 30) Net Rtg : -0.3 (18th of 30),35-37 (18th of 30),"Championship +6500 , Over-Under 36.5","Smoothie King Center Attendance: 93,120 (6th of 30)"
https://www.basketball-reference.com/teams/SAC/2021.html,2020-21,Sacramento Kings,"31-41, Finished 12th in NBA Western Conference",Luke Walton (31-41),Monte McNair,113.7 (11th of 30) Opp PTS/G: 117.4 (28th of 30),-3.45 (24th of 30) Pace : 100.0 (10th of 30),113.6 (11th of 30) Def Rtg : 117.2 (30th of 30) Net Rtg : -3.7 (24th of 30),28-44 (24th of 30),"Championship +25000 , Over-Under 28.5",Golden 1 Center Attendance: 0 (27th of 30)
https://www.basketball-reference.com/teams/MIN/2021.html,2020-21,Minnesota Timberwolves,"23-49, Finished 13th in NBA Western Conference","Ryan Saunders (7-24), Chris Finch (16-25)",Gersson Rosas,112.1 (18th of 30) Opp PTS/G: 117.7 (29th of 30),-5.25 (26th of 30) Pace : 101.6 (4th of 30),109.5 (25th of 30) Def Rtg : 115.0 (28th of 30) Net Rtg : -5.4 (26th of 30),24-48 (26th of 30),"Championship +20000 , Over-Under 29.5","Target Center Attendance: 15,774 (22nd of 30)"
https://www.basketball-reference.com/teams/OKC/2021.html,2020-21,Oklahoma City Thunder,"22-50, Finished 14th in NBA Western Conference",Mark Daigneault (22-50),Sam Presti,105.0 (28th of 30) Opp PTS/G: 115.6 (26th of 30),-10.13 (30th of 30) Pace : 101.0 (7th of 30),103.5 (30th of 30) Def Rtg : 114.0 (24th of 30) Net Rtg : -10.5 (30th of 30),15-57 (30th of 30),"Championship +20000 , Over-Under 22.5",Chesapeake Energy Arena Attendance: 0 (27th of 30)
https://www.basketball-reference.com/teams/HOU/2021.html,2020-21,Houston Rockets,"17-55, Finished 15th in NBA Western Conference",Stephen Silas (17-55),Rafael Stone,108.8 (24th of 30) Opp PTS/G: 116.7 (27th of 30),-7.50 (27th of 30) Pace : 101.4 (6th of 30),107.1 (27th of 30) Def Rtg : 114.9 (27th of 30) Net Rtg : -7.8 (27th of 30),20-52 (27th of 30),"Championship +5000 , Over-Under 34.5","Toyota Center Attendance: 117,009 (3rd of 30)"
https://www.basketball-reference.com/teams/GSW/2022.html,2021-22,Golden State Warriors,"53-29, Finished 3rd in NBA Western Conference",Steve Kerr (53-29),Bob Myers,111.0 (15th of 30) Opp PTS/G: 105.5 (3rd of 30),5.52 (4th of 30) Pace : 98.4 (13th of 30),112.5 (17th of 30) Def Rtg : 106.9 (1st of 30) Net Rtg : +5.6 (5th of 30),55-27 (4th of 30),"Championship +900 , Over-Under 48.5","Chase Center Attendance: 740,624 (10th of 30)"
https://www.basketball-reference.com/teams/MIA/2022.html,2021-22,Miami Heat,"53-29, Finished 1st in NBA Eastern Conference",Erik Spoelstra (53-29),Pat Riley,110.0 (17th of 30) Opp PTS/G: 105.6 (4th of 30),4.23 (6th of 30) Pace : 95.9 (28th of 30),113.7 (10th of 30) Def Rtg : 109.1 (5th of 30) Net Rtg : +4.6 (6th of 30),53-29 (6th of 30),"Championship +2500 , Over-Under 48.5","FTX Arena Attendance: 804,761 (4th of 30)"
https://www.basketball-reference.com/teams/BOS/2022.html,2021-22,Boston Celtics,"51-31, Finished 2nd in NBA Eastern Conference",Ime Udoka (51-31),Brad Stevens,111.8 (12th of 30) Opp PTS/G: 104.5 (1st of 30),7.02 (1st of 30) Pace : 96.6 (24th of 30),114.4 (7th of 30) Def Rtg : 106.9 (2nd of 30) Net Rtg : +7.5 (2nd of 30),59-23 (2nd of 30),"Championship +4000 , Over-Under 45.5","TD Garden Attendance: 785,396 (5th of 30)"
https://www.basketball-reference.com/teams/MIL/2022.html,2021-22,Milwaukee Bucks,"51-31, Finished 3rd in NBA Eastern Conference",Mike Budenholzer (51-31),Jon Horst,115.5 (3rd of 30) Opp PTS/G: 112.1 (19th of 30),3.22 (7th of 30) Pace : 99.9 (7th of 30),115.1 (3rd of 30) Def Rtg : 111.8 (14th of 30) Net Rtg : +3.3 (8th of 30),49-33 (8th of 30),"Championship +900 , Over-Under 54.5","Fiserv Forum Attendance: 715,581 (11th of 30)"
https://www.basketball-reference.com/teams/PHI/2022.html,2021-22,Philadelphia 76ers,"51-31, Finished 4th in NBA Eastern Conference",Doc Rivers (51-31),Daryl Morey,109.9 (18th of 30) Opp PTS/G: 107.3 (9th of 30),2.57 (9th of 30) Pace : 96.2 (25th of 30),113.5 (12th of 30) Def Rtg : 110.8 (12th of 30) Net Rtg : +2.7 (9th of 30),48-34 (9th of 30),"Championship +1600 , Over-Under 50.5","Wells Fargo Center Attendance: 846,867 (2nd of 30)"
https://www.basketball-reference.com/teams/TOR/2022.html,2021-22,Toronto Raptors,"48-34, Finished 5th in NBA Eastern Conference",Nick Nurse (48-34),Masai Ujiri,109.4 (20th of 30) Opp PTS/G: 107.1 (7th of 30),2.38 (11th of 30) Pace : 96.0 (27th of 30),112.9 (14th of 30) Def Rtg : 110.5 (10th of 30) Net Rtg : +2.4 (11th of 30),47-35 (11th of 30),"Championship +15000 , Over-Under 35.5","Scotiabank Arena Attendance: 547,343 (30th of 30)"
https://www.basketball-reference.com/teams/CHI/2022.html,2021-22,Chicago Bulls,"46-36, Finished 6th in NBA Eastern Conference",Billy Donovan (46-36),ArtÅ«ras KarniÅ¡ovas,111.6 (13th of 30) Opp PTS/G: 112.0 (17th of 30),-0.38 (20th of 30) Pace : 98.3 (15th of 30),113.2 (13th of 30) Def Rtg : 113.6 (22nd of 30) Net Rtg : -0.4 (20th of 30),40-42 (20th of 30),"Championship +6600 , Over-Under 42.5","United Center Attendance: 856,148 (1st of 30)"
https://www.basketball-reference.com/teams/BRK/2022.html,2021-22,Brooklyn Nets,"44-38, Finished 7th in NBA Eastern Conference",Steve Nash (44-38),Sean Marks,112.9 (9th of 30) Opp PTS/G: 112.1 (18th of 30),0.82 (15th of 30) Pace : 99.0 (11th of 30),113.6 (11th of 30) Def Rtg : 112.8 (19th of 30) Net Rtg : +0.8 (15th of 30),43-39 (15th of 30),"Championship +240 , Over-Under 56.5","Barclays Center Attendance: 711,539 (12th of 30)"
https://www.basketball-reference.com/teams/CLE/2022.html,2021-22,Cleveland Cavaliers,"44-38, Finished 8th in NBA Eastern Conference",J.B. Bickerstaff (44-38),Koby Altman,107.8 (25th of 30) Opp PTS/G: 105.7 (5th of 30),2.04 (13th of 30) Pace : 96.1 (26th of 30),111.9 (20th of 30) Def Rtg : 109.7 (7th of 30) Net Rtg : +2.2 (13th of 30),47-35 (13th of 30),"Championship +50000 , Over-Under 26.5","Rocket Mortgage Fieldhouse Attendance: 758,228 (8th of 30)"
https://www.basketball-reference.com/teams/ATL/2022.html,2021-22,Atlanta Hawks,"43-39, Finished 9th in NBA Eastern Conference",Nate McMillan (43-39),Travis Schlenk,113.9 (6th of 30) Opp PTS/G: 112.4 (21st of 30),1.55 (14th of 30) Pace : 97.7 (20th of 30),116.5 (2nd of 30) Def Rtg : 114.9 (26th of 30) Net Rtg : +1.6 (14th of 30),45-37 (14th of 30),"Championship +3500 , Over-Under 47.5","State Farm Arena Attendance: 672,742 (17th of 30)"
https://www.basketball-reference.com/teams/CHO/2022.html,2021-22,Charlotte Hornets,"43-39, Finished 10th in NBA Eastern Conference",James Borrego (43-39),Mitch Kupchak,115.3 (4th of 30) Opp PTS/G: 114.9 (25th of 30),0.53 (16th of 30) Pace : 100.0 (6th of 30),114.1 (9th of 30) Def Rtg : 113.7 (23rd of 30) Net Rtg : +0.4 (16th of 30),42-40 (16th of 30),"Championship +10000 , Over-Under 38.5","Spectrum Center Attendance: 700,755 (14th of 30)"
https://www.basketball-reference.com/teams/NYK/2022.html,2021-22,New York Knicks,"37-45, Finished 11th in NBA Eastern Conference",Tom Thibodeau (37-45),Leon Rose,106.5 (26th of 30) Opp PTS/G: 106.6 (6th of 30),-0.01 (19th of 30) Pace : 95.9 (29th of 30),110.4 (22nd of 30) Def Rtg : 110.5 (11th of 30) Net Rtg : -0.1 (19th of 30),41-41 (19th of 30),"Championship +8000 , Over-Under 41.5","Madison Square Garden (IV) Attendance: 763,484 (7th of 30)"
https://www.basketball-reference.com/teams/WAS/2022.html,2021-22,Washington Wizards,"35-47, Finished 12th in NBA Eastern Conference",Wes Unseld (35-47),Tommy Sheppard,108.6 (22nd of 30) Opp PTS/G: 112.0 (16th of 30),-3.23 (23rd of 30) Pace : 97.0 (23rd of 30),111.1 (21st of 30) Def Rtg : 114.5 (25th of 30) Net Rtg : -3.5 (23rd of 30),32-50 (23rd of 30),"Championship +15000 , Over-Under 33.5","Capital One Arena Attendance: 637,215 (23rd of 30)"
https://www.basketball-reference.com/teams/IND/2022.html,2021-22,Indiana Pacers,"25-57, Finished 13th in NBA Eastern Conference",Rick Carlisle (25-57),Kevin Pritchard,111.5 (14th of 30) Opp PTS/G: 114.9 (26th of 30),-3.26 (24th of 30) Pace : 98.0 (17th of 30),112.6 (16th of 30) Def Rtg : 116.1 (28th of 30) Net Rtg : -3.5 (24th of 30),32-50 (24th of 30),"Championship +10000 , Over-Under 42.5","Gainbridge Fieldhouse Attendance: 588,743 (28th of 30)"
https://www.basketball-reference.com/teams/DET/2022.html,2021-22,Detroit Pistons,"23-59, Finished 14th in NBA Eastern Conference",Dwane Casey (23-59),Troy Weaver,104.8 (28th of 30) Opp PTS/G: 112.5 (22nd of 30),-7.36 (26th of 30) Pace : 98.4 (14th of 30),106.0 (28th of 30) Def Rtg : 113.8 (24th of 30) Net Rtg : -7.8 (26th of 30),22-60 (26th of 30),"Championship +50000 , Over-Under 24.5","Little Caesars Arena Attendance: 663,556 (18th of 30)"
https://www.basketball-reference.com/teams/ORL/2022.html,2021-22,Orlando Magic,"22-60, Finished 15th in NBA Eastern Conference",Jamahl Mosley (22-60),Jeff Weltman,104.2 (29th of 30) Opp PTS/G: 112.2 (20th of 30),-7.67 (27th of 30) Pace : 99.2 (10th of 30),104.5 (30th of 30) Def Rtg : 112.5 (17th of 30) Net Rtg : -8.0 (27th of 30),21-61 (27th of 30),"Championship +50000 , Over-Under 22.5","Amway Center Attendance: 622,881 (25th of 30)"
https://www.basketball-reference.com/teams/PHO/2022.html,2021-22,Phoenix Suns,"64-18, Finished 1st in NBA Western Conference",Monty Williams (64-18),James Jones,114.8 (5th of 30) Opp PTS/G: 107.3 (8th of 30),6.94 (2nd of 30) Pace : 99.8 (9th of 30),114.8 (4th of 30) Def Rtg : 107.3 (3rd of 30) Net Rtg : +7.5 (1st of 30),59-23 (1st of 30),"Championship +1500 , Over-Under 51.5","Phoenix Suns Arena Attendance: 663,171 (19th of 30)"
https://www.basketball-reference.com/teams/MEM/2022.html,2021-22,Memphis Grizzlies,"56-26, Finished 2nd in NBA Western Conference",Taylor Jenkins (56-26),Zach Kleiman,115.6 (2nd of 30) Opp PTS/G: 109.9 (12th of 30),5.37 (5th of 30) Pace : 100.3 (3rd of 30),114.6 (5th of 30) Def Rtg : 109.0 (4th of 30) Net Rtg : +5.6 (4th of 30),55-27 (5th of 30),"Championship +10000 , Over-Under 41.5","FedEx Forum Attendance: 646,785 (21st of 30)"
https://www.basketball-reference.com/teams/DAL/2022.html,2021-22,Dallas Mavericks,"52-30, Finished 4th in NBA Western Conference",Jason Kidd (52-30),Nico Harrison,108.0 (24th of 30) Opp PTS/G: 104.7 (2nd of 30),3.12 (8th of 30) Pace : 95.4 (30th of 30),112.8 (15th of 30) Def Rtg : 109.4 (6th of 30) Net Rtg : +3.5 (7th of 30),50-32 (7th of 30),"Championship +3000 , Over-Under 48.5","American Airlines Center Attendance: 808,037 (3rd of 30)"
https://www.basketball-reference.com/teams/UTA/2022.html,2021-22,Utah Jazz,"49-33, Finished 5th in NBA Western Conference",Quin Snyder (49-33),"Justin Zanik , Danny Ainge",113.6 (7th of 30) Opp PTS/G: 107.6 (10th of 30),5.67 (3rd of 30) Pace : 97.1 (22nd of 30),116.7 (1st of 30) Def Rtg : 110.5 (9th of 30) Net Rtg : +6.2 (3rd of 30),56-26 (3rd of 30),"Championship +1600 , Over-Under 52.5","Vivint Smart Home Arena Attendance: 750,546 (9th of 30)"
https://www.basketball-reference.com/teams/DEN/2022.html,2021-22,Denver Nuggets,"48-34, Finished 6th in NBA Western Conference",Michael Malone (48-34),Tim Connelly,112.7 (10th of 30) Opp PTS/G: 110.4 (14th of 30),2.15 (12th of 30) Pace : 97.8 (19th of 30),114.5 (6th of 30) Def Rtg : 112.1 (15th of 30) Net Rtg : +2.3 (12th of 30),47-35 (12th of 30),"Championship +2200 , Over-Under 47.5","Ball Arena Attendance: 695,262 (15th of 30)"
https://www.basketball-reference.com/teams/MIN/2022.html,2021-22,Minnesota Timberwolves,"46-36, Finished 7th in NBA Western Conference",Chris Finch (46-36),Sachin Gupta,115.9 (1st of 30) Opp PTS/G: 113.3 (24th of 30),2.53 (10th of 30) Pace : 100.9 (1st of 30),114.3 (8th of 30) Def Rtg : 111.7 (13th of 30) Net Rtg : +2.6 (10th of 30),48-34 (10th of 30),"Championship +25000 , Over-Under 35.5","Target Center Attendance: 657,148 (20th of 30)"
https://www.basketball-reference.com/teams/LAC/2022.html,2021-22,Los Angeles Clippers,"42-40, Finished 8th in NBA Western Conference",Tyronn Lue (42-40),Lawrence Frank,108.4 (23rd of 30) Opp PTS/G: 108.4 (11th of 30),0.09 (17th of 30) Pace : 98.0 (18th of 30),110.1 (24th of 30) Def Rtg : 110.1 (8th of 30) Net Rtg : +0.0 (18th of 30),41-41 (18th of 30),"Championship +1600 , Over-Under 45.5","Crypto.com Arena Attendance: 694,005 (16th of 30)"
https://www.basketball-reference.com/teams/NOP/2022.html,2021-22,New Orleans Pelicans,"36-46, Finished 9th in NBA Western Conference",Willie Green (36-46),David Griffin,109.3 (21st of 30) Opp PTS/G: 110.3 (13th of 30),-0.84 (21st of 30) Pace : 97.2 (21st of 30),112.0 (19th of 30) Def Rtg : 113.0 (20th of 30) Net Rtg : -1.0 (21st of 30),38-44 (21st of 30),"Championship +10000 , Over-Under 39.5","Smoothie King Center Attendance: 635,941 (24th of 30)"
https://www.basketball-reference.com/teams/SAS/2022.html,2021-22,San Antonio Spurs,"34-48, Finished 10th in NBA Western Conference",Gregg Popovich (34-48),Brian Wright,113.2 (8th of 30) Opp PTS/G: 113.0 (23rd of 30),0.02 (18th of 30) Pace : 100.0 (5th of 30),112.4 (18th of 30) Def Rtg : 112.3 (16th of 30) Net Rtg : +0.1 (17th of 30),41-41 (17th of 30),"Championship +30000 , Over-Under 28.5","AT&T Center Attendance: 615,588 (26th of 30)"
https://www.basketball-reference.com/teams/LAL/2022.html,2021-22,Los Angeles Lakers,"33-49, Finished 11th in NBA Western Conference",Frank Vogel (33-49),Rob Pelinka,112.1 (11th of 30) Opp PTS/G: 115.1 (28th of 30),-3.08 (22nd of 30) Pace : 100.1 (4th of 30),110.3 (23rd of 30) Def Rtg : 113.3 (21st of 30) Net Rtg : -3.0 (22nd of 30),33-49 (22nd of 30),"Championship +400 , Over-Under 52.5","Crypto.com Arena Attendance: 764,631 (6th of 30)"
https://www.basketball-reference.com/teams/SAC/2022.html,2021-22,Sacramento Kings,"30-52, Finished 12th in NBA Western Conference","Luke Walton (6-11), Alvin Gentry (24-41)",Monte McNair,110.3 (16th of 30) Opp PTS/G: 115.8 (29th of 30),-5.26 (25th of 30) Pace : 99.8 (8th of 30),109.9 (25th of 30) Def Rtg : 115.3 (27th of 30) Net Rtg : -5.4 (25th of 30),28-54 (25th of 30),"Championship +25000 , Over-Under 36.5","Golden 1 Center Attendance: 577,583 (29th of 30)"
https://www.basketball-reference.com/teams/POR/2022.html,2021-22,Portland Trail Blazers,"27-55, Finished 13th in NBA Western Conference",Chauncey Billups (27-55),"Neil Olshey , Joe Cronin",106.2 (27th of 30) Opp PTS/G: 115.1 (27th of 30),-8.55 (30th of 30) Pace : 98.3 (16th of 30),107.8 (27th of 30) Def Rtg : 116.9 (30th of 30) Net Rtg : -9.0 (30th of 30),20-62 (30th of 30),"Championship +5000 , Over-Under 44.5","Moda Center Attendance: 705,608 (13th of 30)"
https://www.basketball-reference.com/teams/OKC/2022.html,2021-22,Oklahoma City Thunder,"24-58, Finished 14th in NBA Western Conference",Mark Daigneault (24-58),Sam Presti,103.7 (30th of 30) Opp PTS/G: 111.8 (15th of 30),-7.90 (28th of 30) Pace : 98.6 (12th of 30),104.6 (29th of 30) Def Rtg : 112.8 (18th of 30) Net Rtg : -8.2 (28th of 30),21-61 (29th of 30),"Championship +50000 , Over-Under 23.5","Paycom Center Attendance: 595,112 (27th of 30)"
https://www.basketball-reference.com/teams/HOU/2022.html,2021-22,Houston Rockets,"20-62, Finished 15th in NBA Western Conference",Stephen Silas (20-62),Rafael Stone,109.7 (19th of 30) Opp PTS/G: 118.2 (30th of 30),-8.26 (29th of 30) Pace : 100.9 (2nd of 30),108.4 (26th of 30) Def Rtg : 116.7 (29th of 30) Net Rtg : -8.4 (29th of 30),21-61 (28th of 30),"Championship +50000 , Over-Under 27.5","Toyota Center Attendance: 638,977 (22nd of 30)"
https://www.basketball-reference.com/teams/DEN/2023.html,2022-23,Denver Nuggets,"53-29, Finished 1st in NBA Western Conference",Michael Malone (53-29),Calvin Booth,115.8 (12th of 30) Opp PTS/G: 112.5 (8th of 30),3.04 (6th of 30) Pace : 98.1 (23rd of 30),117.6 (5th of 30) Def Rtg : 114.2 (15th of 30) Net Rtg : +3.4 (6th of 30),49-33 (6th of 30),"Championship +1800 , Over-Under 51.5","Ball Arena Attendance: 788,635 (7th of 30)"
https://www.basketball-reference.com/teams/MIL/2023.html,2022-23,Milwaukee Bucks,"58-24, Finished 1st in NBA Eastern Conference",Mike Budenholzer (58-24),Jon Horst,116.9 (8th of 30) Opp PTS/G: 113.3 (14th of 30),3.61 (4th of 30) Pace : 100.5 (10th of 30),115.4 (12th of 30) Def Rtg : 111.9 (4th of 30) Net Rtg : +3.6 (5th of 30),50-32 (5th of 30),"Championship +650 , Over-Under 53.5","Fiserv Forum Attendance: 718,786 (19th of 30)"
https://www.basketball-reference.com/teams/BOS/2023.html,2022-23,Boston Celtics,"57-25, Finished 2nd in NBA Eastern Conference",Joe Mazzulla (57-25),Brad Stevens,117.9 (4th of 30) Opp PTS/G: 111.4 (5th of 30),6.38 (1st of 30) Pace : 98.5 (20th of 30),118.0 (2nd of 30) Def Rtg : 111.5 (3rd of 30) Net Rtg : +6.5 (1st of 30),57-25 (1st of 30),"Championship +500 , Over-Under 54.5","TD Garden Attendance: 785,396 (8th of 30)"
https://www.basketball-reference.com/teams/PHI/2023.html,2022-23,Philadelphia 76ers,"54-28, Finished 3rd in NBA Eastern Conference",Doc Rivers (54-28),Daryl Morey,115.2 (14th of 30) Opp PTS/G: 110.9 (3rd of 30),4.37 (3rd of 30) Pace : 96.9 (27th of 30),117.7 (4th of 30) Def Rtg : 113.3 (8th of 30) Net Rtg : +4.4 (3rd of 30),52-30 (3rd of 30),"Championship +1400 , Over-Under 50.5","Wells Fargo Center Attendance: 839,261 (2nd of 30)"
https://www.basketball-reference.com/teams/CLE/2023.html,2022-23,Cleveland Cavaliers,"51-31, Finished 4th in NBA Eastern Conference",J.B. Bickerstaff (51-31),Koby Altman,112.3 (25th of 30) Opp PTS/G: 106.9 (1st of 30),5.23 (2nd of 30) Pace : 95.7 (30th of 30),116.1 (9th of 30) Def Rtg : 110.6 (1st of 30) Net Rtg : +5.6 (2nd of 30),55-27 (2nd of 30),"Championship +3000 , Over-Under 46.5","Rocket Mortgage Fieldhouse Attendance: 777,280 (9th of 30)"
https://www.basketball-reference.com/teams/NYK/2023.html,2022-23,New York Knicks,"47-35, Finished 5th in NBA Eastern Conference",Tom Thibodeau (47-35),Leon Rose,116.0 (11th of 30) Opp PTS/G: 113.1 (13th of 30),2.99 (7th of 30) Pace : 97.1 (25th of 30),117.8 (3rd of 30) Def Rtg : 114.8 (19th of 30) Net Rtg : +3.0 (7th of 30),48-34 (7th of 30),"Championship +6600 , Over-Under 38.5","Madison Square Garden (IV) Attendance: 795,110 (6th of 30)"
https://www.basketball-reference.com/teams/BRK/2023.html,2022-23,Brooklyn Nets,"45-37, Finished 6th in NBA Eastern Conference","Steve Nash (2-5), Jacque Vaughn (43-32)",Sean Marks,113.4 (20th of 30) Opp PTS/G: 112.5 (10th of 30),1.03 (14th of 30) Pace : 98.3 (21st of 30),115.0 (17th of 30) Def Rtg : 114.1 (13th of 30) Net Rtg : +0.9 (15th of 30),43-39 (15th of 30),"Championship +700 , Over-Under 50.5","Barclays Center Attendance: 724,439 (16th of 30)"
https://www.basketball-reference.com/teams/MIA/2023.html,2022-23,Miami Heat,"44-38, Finished 7th in NBA Eastern Conference",Erik Spoelstra (44-38),Pat Riley,109.5 (30th of 30) Opp PTS/G: 109.8 (2nd of 30),-0.13 (19th of 30) Pace : 96.3 (29th of 30),113.0 (25th of 30) Def Rtg : 113.3 (9th of 30) Net Rtg : -0.3 (21st of 30),40-42 (21st of 30),"Championship +1600 , Over-Under 49.5","Kaseya Center Attendance: 807,190 (5th of 30)"
https://www.basketball-reference.com/teams/ATL/2023.html,2022-23,Atlanta Hawks,"41-41, Finished 8th in NBA Eastern Conference","Nate McMillan (29-30), Joe Prunty (2-0), Quin Snyder (10-11)","Travis Schlenk , Landry Fields",118.4 (3rd of 30) Opp PTS/G: 118.1 (26th of 30),0.32 (17th of 30) Pace : 100.7 (9th of 30),116.6 (7th of 30) Def Rtg : 116.3 (22nd of 30) Net Rtg : +0.3 (18th of 30),42-40 (18th of 30),"Championship +5000 , Over-Under 46.5","State Farm Arena Attendance: 719,787 (18th of 30)"
https://www.basketball-reference.com/teams/TOR/2023.html,2022-23,Toronto Raptors,"41-41, Finished 9th in NBA Eastern Conference",Nick Nurse (41-41),Masai Ujiri,112.9 (24th of 30) Opp PTS/G: 111.4 (4th of 30),1.59 (12th of 30) Pace : 97.1 (26th of 30),115.5 (11th of 30) Def Rtg : 114.0 (12th of 30) Net Rtg : +1.5 (12th of 30),45-37 (12th of 30),"Championship +4000 , Over-Under 46.5","Scotiabank Arena Attendance: 811,261 (4th of 30)"
https://www.basketball-reference.com/teams/CHI/2023.html,2022-23,Chicago Bulls,"40-42, Finished 10th in NBA Eastern Conference",Billy Donovan (40-42),ArtÅ«ras KarniÅ¡ovas,113.1 (22nd of 30) Opp PTS/G: 111.8 (7th of 30),1.37 (13th of 30) Pace : 98.5 (19th of 30),113.5 (24th of 30) Def Rtg : 112.2 (5th of 30) Net Rtg : +1.3 (13th of 30),44-38 (13th of 30),"Championship +4000 , Over-Under 41.5","United Center Attendance: 841,632 (1st of 30)"
https://www.basketball-reference.com/teams/IND/2023.html,2022-23,Indiana Pacers,"35-47, Finished 11th in NBA Eastern Conference",Rick Carlisle (35-47),Kevin Pritchard,116.3 (10th of 30) Opp PTS/G: 119.5 (29th of 30),-2.90 (25th of 30) Pace : 101.1 (4th of 30),114.6 (19th of 30) Def Rtg : 117.7 (26th of 30) Net Rtg : -3.1 (25th of 30),33-49 (25th of 30),"Championship +50000 , Over-Under 24.5","Gainbridge Fieldhouse Attendance: 641,562 (29th of 30)"
https://www.basketball-reference.com/teams/WAS/2023.html,2022-23,Washington Wizards,"35-47, Finished 12th in NBA Eastern Conference",Wes Unseld (35-47),Tommy Sheppard,113.2 (21st of 30) Opp PTS/G: 114.4 (17th of 30),-1.06 (23rd of 30) Pace : 98.6 (17th of 30),114.4 (22nd of 30) Def Rtg : 115.6 (21st of 30) Net Rtg : -1.2 (23rd of 30),38-44 (23rd of 30),"Championship +25000 , Over-Under 35.5","Capital One Arena Attendance: 710,481 (21st of 30)"
https://www.basketball-reference.com/teams/ORL/2023.html,2022-23,Orlando Magic,"34-48, Finished 13th in NBA Eastern Conference",Jamahl Mosley (34-48),Jeff Weltman,111.4 (26th of 30) Opp PTS/G: 114.0 (15th of 30),-2.39 (24th of 30) Pace : 99.3 (13th of 30),111.6 (26th of 30) Def Rtg : 114.2 (16th of 30) Net Rtg : -2.6 (24th of 30),35-47 (24th of 30),"Championship +50000 , Over-Under 26.5","Amway Center Attendance: 728,405 (14th of 30)"
https://www.basketball-reference.com/teams/CHO/2023.html,2022-23,Charlotte Hornets,"27-55, Finished 14th in NBA Eastern Conference",Steve Clifford (27-55),Mitch Kupchak,111.0 (27th of 30) Opp PTS/G: 117.2 (22nd of 30),-5.89 (27th of 30) Pace : 100.8 (8th of 30),109.2 (30th of 30) Def Rtg : 115.3 (20th of 30) Net Rtg : -6.1 (27th of 30),26-56 (27th of 30),"Championship +15000 , Over-Under 34.5","Spectrum Center Attendance: 702,052 (23rd of 30)"
https://www.basketball-reference.com/teams/DET/2023.html,2022-23,Detroit Pistons,"17-65, Finished 15th in NBA Eastern Conference",Dwane Casey (17-65),Troy Weaver,110.3 (29th of 30) Opp PTS/G: 118.5 (27th of 30),-7.73 (29th of 30) Pace : 99.0 (15th of 30),110.7 (28th of 30) Def Rtg : 118.9 (28th of 30) Net Rtg : -8.2 (29th of 30),22-60 (29th of 30),"Championship +50000 , Over-Under 29.5","Little Caesars Arena Attendance: 759,715 (12th of 30)"
https://www.basketball-reference.com/teams/MEM/2023.html,2022-23,Memphis Grizzlies,"51-31, Finished 2nd in NBA Western Conference",Taylor Jenkins (51-31),Zach Kleiman,116.9 (9th of 30) Opp PTS/G: 113.0 (11th of 30),3.60 (5th of 30) Pace : 101.1 (5th of 30),115.1 (15th of 30) Def Rtg : 111.2 (2nd of 30) Net Rtg : +3.9 (4th of 30),51-31 (4th of 30),"Championship +2000 , Over-Under 49.5","FedEx Forum Attendance: 707,836 (22nd of 30)"
https://www.basketball-reference.com/teams/SAC/2023.html,2022-23,Sacramento Kings,"48-34, Finished 3rd in NBA Western Conference",Mike Brown (48-34),Monte McNair,120.7 (1st of 30) Opp PTS/G: 118.1 (25th of 30),2.30 (8th of 30) Pace : 100.3 (12th of 30),119.4 (1st of 30) Def Rtg : 116.8 (25th of 30) Net Rtg : +2.6 (8th of 30),47-35 (8th of 30),"Championship +50000 , Over-Under 34.5","Golden 1 Center Attendance: 715,491 (20th of 30)"
https://www.basketball-reference.com/teams/PHO/2023.html,2022-23,Phoenix Suns,"45-37, Finished 4th in NBA Western Conference",Monty Williams (45-37),James Jones,113.6 (17th of 30) Opp PTS/G: 111.6 (6th of 30),2.08 (9th of 30) Pace : 98.2 (22nd of 30),115.1 (14th of 30) Def Rtg : 113.0 (7th of 30) Net Rtg : +2.1 (9th of 30),46-36 (9th of 30),"Championship +1000 , Over-Under 52.5","Footprint Center Attendance: 699,911 (24th of 30)"
https://www.basketball-reference.com/teams/LAC/2023.html,2022-23,Los Angeles Clippers,"44-38, Finished 5th in NBA Western Conference",Tyronn Lue (44-38),Lawrence Frank,113.6 (18th of 30) Opp PTS/G: 113.1 (12th of 30),0.31 (18th of 30) Pace : 98.0 (24th of 30),115.0 (16th of 30) Def Rtg : 114.5 (18th of 30) Net Rtg : +0.5 (17th of 30),42-40 (17th of 30),"Championship +700 , Over-Under 52.5","Crypto.com Arena Attendance: 720,543 (17th of 30)"
https://www.basketball-reference.com/teams/GSW/2023.html,2022-23,Golden State Warriors,"44-38, Finished 6th in NBA Western Conference",Steve Kerr (44-38),Bob Myers,118.9 (2nd of 30) Opp PTS/G: 117.1 (21st of 30),1.66 (10th of 30) Pace : 101.6 (2nd of 30),116.1 (8th of 30) Def Rtg : 114.4 (17th of 30) Net Rtg : +1.8 (11th of 30),45-37 (11th of 30),"Championship +600 , Over-Under 52.5","Chase Center Attendance: 740,624 (13th of 30)"
https://www.basketball-reference.com/teams/LAL/2023.html,2022-23,Los Angeles Lakers,"43-39, Finished 7th in NBA Western Conference",Darvin Ham (43-39),Rob Pelinka,117.2 (6th of 30) Opp PTS/G: 116.6 (20th of 30),0.43 (16th of 30) Pace : 101.3 (3rd of 30),114.5 (20th of 30) Def Rtg : 113.9 (11th of 30) Net Rtg : +0.6 (16th of 30),42-40 (16th of 30),"Championship +1800 , Over-Under 44.5","Crypto.com Arena Attendance: 763,168 (11th of 30)"
https://www.basketball-reference.com/teams/MIN/2023.html,2022-23,Minnesota Timberwolves,"42-40, Finished 8th in NBA Western Conference",Chris Finch (42-40),Tim Connelly,115.8 (13th of 30) Opp PTS/G: 115.8 (18th of 30),-0.22 (21st of 30) Pace : 101.0 (7th of 30),113.7 (23rd of 30) Def Rtg : 113.8 (10th of 30) Net Rtg : -0.0 (20th of 30),41-41 (20th of 30),"Championship +2800 , Over-Under 49.5","Target Center Attendance: 687,510 (27th of 30)"
https://www.basketball-reference.com/teams/NOP/2023.html,2022-23,New Orleans Pelicans,"42-40, Finished 9th in NBA Western Conference",Willie Green (42-40),David Griffin,114.4 (15th of 30) Opp PTS/G: 112.5 (9th of 30),1.63 (11th of 30) Pace : 99.1 (14th of 30),114.4 (21st of 30) Def Rtg : 112.5 (6th of 30) Net Rtg : +1.9 (10th of 30),46-36 (10th of 30),"Championship +4000 , Over-Under 45.5","Smoothie King Center Attendance: 687,691 (26th of 30)"
https://www.basketball-reference.com/teams/OKC/2023.html,2022-23,Oklahoma City Thunder,"40-42, Finished 10th in NBA Western Conference",Mark Daigneault (40-42),Sam Presti,117.5 (5th of 30) Opp PTS/G: 116.4 (19th of 30),0.96 (15th of 30) Pace : 101.1 (6th of 30),115.2 (13th of 30) Def Rtg : 114.2 (14th of 30) Net Rtg : +1.1 (14th of 30),44-38 (14th of 30),"Championship +50000 , Over-Under 23.5","Paycom Center Attendance: 636,903 (30th of 30)"
https://www.basketball-reference.com/teams/DAL/2023.html,2022-23,Dallas Mavericks,"38-44, Finished 11th in NBA Western Conference",Jason Kidd (38-44),Nico Harrison,114.2 (16th of 30) Opp PTS/G: 114.1 (16th of 30),-0.14 (20th of 30) Pace : 96.6 (28th of 30),116.8 (6th of 30) Def Rtg : 116.7 (24th of 30) Net Rtg : +0.1 (19th of 30),41-41 (19th of 30),"Championship +2500 , Over-Under 48.5","American Airlines Center Attendance: 827,282 (3rd of 30)"
https://www.basketball-reference.com/teams/UTA/2023.html,2022-23,Utah Jazz,"37-45, Finished 12th in NBA Western Conference",Will Hardy (37-45),Danny Ainge,117.1 (7th of 30) Opp PTS/G: 118.0 (24th of 30),-1.03 (22nd of 30) Pace : 100.5 (11th of 30),115.8 (10th of 30) Def Rtg : 116.7 (23rd of 30) Net Rtg : -0.9 (22nd of 30),39-43 (22nd of 30),"Championship +50000 , Over-Under 23.5","Vivint Arena Attendance: 728,240 (15th of 30)"
https://www.basketball-reference.com/teams/POR/2023.html,2022-23,Portland Trail Blazers,"33-49, Finished 13th in NBA Western Conference",Chauncey Billups (33-49),Joe Cronin,113.4 (19th of 30) Opp PTS/G: 117.4 (23rd of 30),-3.96 (26th of 30) Pace : 98.6 (18th of 30),114.8 (18th of 30) Def Rtg : 118.8 (27th of 30) Net Rtg : -4.1 (26th of 30),31-51 (26th of 30),"Championship +8000 , Over-Under 39.5","Moda Center Attendance: 767,374 (10th of 30)"
https://www.basketball-reference.com/teams/HOU/2023.html,2022-23,Houston Rockets,"22-60, Finished 14th in NBA Western Conference",Stephen Silas (22-60),Rafael Stone,110.7 (28th of 30) Opp PTS/G: 118.6 (28th of 30),-7.62 (28th of 30) Pace : 99.0 (16th of 30),111.4 (27th of 30) Def Rtg : 119.3 (29th of 30) Net Rtg : -7.9 (28th of 30),23-59 (28th of 30),"Championship +50000 , Over-Under 23.5","Toyota Center Attendance: 668,865 (28th of 30)"
https://www.basketball-reference.com/teams/SAS/2023.html,2022-23,San Antonio Spurs,"22-60, Finished 15th in NBA Western Conference",Gregg Popovich (22-60),Brian Wright,113.0 (23rd of 30) Opp PTS/G: 123.1 (30th of 30),-9.82 (30th of 30) Pace : 101.6 (1st of 30),110.2 (29th of 30) Def Rtg : 120.0 (30th of 30) Net Rtg : -9.8 (30th of 30),19-63 (30th of 30),"Championship +50000 , Over-Under 22.5","AT&T Center Attendance: 694,434 (25th of 30)"
https://www.basketball-reference.com/teams/BOS/2024.html,2023-24,Boston Celtics,"64-18, Finished 1st in NBA Eastern Conference",Joe Mazzulla (64-18),Brad Stevens,120.6 (2nd of 30) Opp PTS/G: 109.2 (5th of 30),10.74 (1st of 30) Pace : 97.2 (23rd of 30),123.2 (1st of 30) Def Rtg : 111.6 (3rd of 30) Net Rtg : +11.6 (1st of 30),66-16 (1st of 30),"Championship +450 , Over-Under 54.5","TD Garden Attendance: 785,396 (10th of 30)"
https://www.basketball-reference.com/teams/NYK/2024.html,2023-24,New York Knicks,"50-32, Finished 2nd in NBA Eastern Conference",Tom Thibodeau (50-32),Leon Rose,112.8 (19th of 30) Opp PTS/G: 108.2 (2nd of 30),4.36 (6th of 30) Pace : 95.2 (30th of 30),118.2 (7th of 30) Def Rtg : 113.4 (10th of 30) Net Rtg : +4.8 (5th of 30),53-29 (5th of 30),"Championship +5000 , Over-Under 45.5","Madison Square Garden (IV) Attendance: 808,885 (5th of 30)"
https://www.basketball-reference.com/teams/MIL/2024.html,2023-24,Milwaukee Bucks,"49-33, Finished 3rd in NBA Eastern Conference","Adrian Griffin (30-13), Joe Prunty (2-1), Doc Rivers (17-19)",Jon Horst,119.0 (4th of 30) Opp PTS/G: 116.4 (21st of 30),2.44 (12th of 30) Pace : 99.9 (7th of 30),118.4 (6th of 30) Def Rtg : 115.8 (19th of 30) Net Rtg : +2.6 (12th of 30),47-35 (12th of 30),"Championship +600 , Over-Under 54.5","Fiserv Forum Attendance: 740,850 (16th of 30)"
https://www.basketball-reference.com/teams/CLE/2024.html,2023-24,Cleveland Cavaliers,"48-34, Finished 4th in NBA Eastern Conference",J.B. Bickerstaff (48-34),Koby Altman,112.6 (20th of 30) Opp PTS/G: 110.2 (7th of 30),1.98 (15th of 30) Pace : 97.2 (22nd of 30),115.2 (18th of 30) Def Rtg : 112.7 (6th of 30) Net Rtg : +2.5 (13th of 30),47-35 (13th of 30),"Championship +2500 , Over-Under 50.5","Rocket Mortgage Fieldhouse Attendance: 793,167 (9th of 30)"
https://www.basketball-reference.com/teams/ORL/2024.html,2023-24,Orlando Magic,"47-35, Finished 5th in NBA Eastern Conference",Jamahl Mosley (47-35),Jeff Weltman,110.5 (24th of 30) Opp PTS/G: 108.4 (4th of 30),1.48 (16th of 30) Pace : 96.9 (25th of 30),113.4 (22nd of 30) Def Rtg : 111.3 (2nd of 30) Net Rtg : +2.1 (15th of 30),46-36 (15th of 30),"Championship +25000 , Over-Under 37.5","Kia Center Attendance: 773,939 (12th of 30)"
https://www.basketball-reference.com/teams/IND/2024.html,2023-24,Indiana Pacers,"47-35, Finished 6th in NBA Eastern Conference",Rick Carlisle (47-35),Kevin Pritchard,123.3 (1st of 30) Opp PTS/G: 120.2 (27th of 30),2.75 (10th of 30) Pace : 101.7 (2nd of 30),121.0 (2nd of 30) Def Rtg : 118.0 (24th of 30) Net Rtg : +3.0 (10th of 30),48-34 (10th of 30),"Championship +25000 , Over-Under 38.5","Gainbridge Fieldhouse Attendance: 677,554 (29th of 30)"
https://www.basketball-reference.com/teams/PHI/2024.html,2023-24,Philadelphia 76ers,"47-35, Finished 7th in NBA Eastern Conference",Nick Nurse (47-35),Daryl Morey,114.6 (15th of 30) Opp PTS/G: 111.5 (9th of 30),2.51 (11th of 30) Pace : 97.5 (18th of 30),116.9 (14th of 30) Def Rtg : 113.8 (11th of 30) Net Rtg : +3.1 (8th of 30),49-33 (8th of 30),"Championship +1800 , Over-Under 48.5","Wells Fargo Center Attendance: 821,714 (3rd of 30)"
https://www.basketball-reference.com/teams/MIA/2024.html,2023-24,Miami Heat,"46-36, Finished 8th in NBA Eastern Conference",Erik Spoelstra (46-36),Pat Riley,110.1 (26th of 30) Opp PTS/G: 108.4 (3rd of 30),1.10 (18th of 30) Pace : 96.2 (29th of 30),114.0 (21st of 30) Def Rtg : 112.2 (5th of 30) Net Rtg : +1.8 (16th of 30),46-36 (16th of 30),"Championship +1600 , Over-Under 45.5","Kaseya Center Attendance: 809,743 (4th of 30)"
https://www.basketball-reference.com/teams/CHI/2024.html,2023-24,Chicago Bulls,"39-43, Finished 9th in NBA Eastern Conference",Billy Donovan (39-43),ArtÅ«ras KarniÅ¡ovas,112.3 (22nd of 30) Opp PTS/G: 113.7 (16th of 30),-1.76 (20th of 30) Pace : 96.3 (28th of 30),114.9 (19th of 30) Def Rtg : 116.3 (21st of 30) Net Rtg : -1.5 (20th of 30),37-45 (20th of 30),"Championship +12500 , Over-Under 37.5","United Center Attendance: 845,620 (1st of 30)"
https://www.basketball-reference.com/teams/ATL/2024.html,2023-24,Atlanta Hawks,"36-46, Finished 10th in NBA Eastern Conference",Quin Snyder (36-46),Landry Fields,118.3 (5th of 30) Opp PTS/G: 120.5 (28th of 30),-2.38 (21st of 30) Pace : 100.1 (5th of 30),117.2 (12th of 30) Def Rtg : 119.4 (27th of 30) Net Rtg : -2.2 (21st of 30),36-46 (21st of 30),"Championship +8000 , Over-Under 42.5","State Farm Arena Attendance: 696,418 (25th of 30)"
https://www.basketball-reference.com/teams/BRK/2024.html,2023-24,Brooklyn Nets,"32-50, Finished 11th in NBA Eastern Conference","Jacque Vaughn (21-33), Kevin Ollie (11-17)",Sean Marks,110.4 (25th of 30) Opp PTS/G: 113.3 (15th of 30),-3.02 (22nd of 30) Pace : 96.9 (26th of 30),113.2 (23rd of 30) Def Rtg : 116.1 (20th of 30) Net Rtg : -3.0 (22nd of 30),34-48 (22nd of 30),"Championship +12500 , Over-Under 37.5","Barclays Center Attendance: 720,291 (21st of 30)"
https://www.basketball-reference.com/teams/TOR/2024.html,2023-24,Toronto Raptors,"25-57, Finished 12th in NBA Eastern Conference",Darko Rajakovic (25-57),Masai Ujiri,112.4 (21st of 30) Opp PTS/G: 118.8 (25th of 30),-6.45 (25th of 30) Pace : 99.4 (11th of 30),112.3 (24th of 30) Def Rtg : 118.8 (25th of 30) Net Rtg : -6.4 (25th of 30),26-56 (24th of 30),"Championship +8000 , Over-Under 36.5","Scotiabank Arena Attendance: 800,129 (7th of 30)"
https://www.basketball-reference.com/teams/CHO/2024.html,2023-24,Charlotte Hornets,"21-61, Finished 13th in NBA Eastern Conference",Steve Clifford (21-61),"Mitch Kupchak , Jeff Peterson",106.6 (28th of 30) Opp PTS/G: 116.8 (22nd of 30),-10.12 (30th of 30) Pace : 97.3 (19th of 30),109.3 (28th of 30) Def Rtg : 119.8 (29th of 30) Net Rtg : -10.5 (30th of 30),18-64 (30th of 30),"Championship +50000 , Over-Under 31.5","Spectrum Center Attendance: 674,400 (30th of 30)"
https://www.basketball-reference.com/teams/WAS/2024.html,2023-24,Washington Wizards,"15-67, Finished 14th in NBA Eastern Conference","Wes Unseld (7-36), Brian Keefe (8-31)",Michael Winger,113.7 (17th of 30) Opp PTS/G: 123.0 (30th of 30),-9.29 (29th of 30) Pace : 102.7 (1st of 30),110.5 (25th of 30) Def Rtg : 119.6 (28th of 30) Net Rtg : -9.0 (27th of 30),20-62 (27th of 30),"Championship +50000 , Over-Under 24.5","Capital One Arena Attendance: 692,851 (26th of 30)"
https://www.basketball-reference.com/teams/DET/2024.html,2023-24,Detroit Pistons,"14-68, Finished 15th in NBA Eastern Conference",Monty Williams (14-68),Troy Weaver,109.9 (27th of 30) Opp PTS/G: 119.0 (26th of 30),-9.06 (28th of 30) Pace : 99.8 (9th of 30),109.7 (27th of 30) Def Rtg : 118.8 (26th of 30) Net Rtg : -9.1 (28th of 30),20-62 (28th of 30),"Championship +50000 , Over-Under 28.5","Little Caesars Arena Attendance: 726,378 (20th of 30)"
https://www.basketball-reference.com/teams/OKC/2024.html,2023-24,Oklahoma City Thunder,"57-25, Finished 1st in NBA Western Conference",Mark Daigneault (57-25),Sam Presti,120.1 (3rd of 30) Opp PTS/G: 112.7 (11th of 30),7.36 (2nd of 30) Pace : 99.8 (8th of 30),119.5 (3rd of 30) Def Rtg : 112.1 (4th of 30) Net Rtg : +7.4 (2nd of 30),58-24 (2nd of 30),"Championship +10000 , Over-Under 44.5","Paycom Center Attendance: 715,509 (23rd of 30)"
https://www.basketball-reference.com/teams/DEN/2024.html,2023-24,Denver Nuggets,"57-25, Finished 2nd in NBA Western Conference",Michael Malone (57-25),Calvin Booth,114.9 (14th of 30) Opp PTS/G: 109.6 (6th of 30),5.23 (4th of 30) Pace : 96.8 (27th of 30),118.5 (5th of 30) Def Rtg : 113.0 (8th of 30) Net Rtg : +5.4 (4th of 30),54-28 (4th of 30),"Championship +450 , Over-Under 52.5","Ball Arena Attendance: 807,062 (6th of 30)"
https://www.basketball-reference.com/teams/MIN/2024.html,2023-24,Minnesota Timberwolves,"56-26, Finished 3rd in NBA Western Conference",Chris Finch (56-26),Tim Connelly,113.0 (18th of 30) Opp PTS/G: 106.5 (1st of 30),6.38 (3rd of 30) Pace : 97.1 (24th of 30),115.6 (16th of 30) Def Rtg : 109.0 (1st of 30) Net Rtg : +6.6 (3rd of 30),57-25 (3rd of 30),"Championship +6600 , Over-Under 44.5","Target Center Attendance: 738,984 (18th of 30)"
https://www.basketball-reference.com/teams/LAC/2024.html,2023-24,Los Angeles Clippers,"51-31, Finished 4th in NBA Western Conference",Tyronn Lue (51-31),Lawrence Frank,115.6 (12th of 30) Opp PTS/G: 112.3 (10th of 30),3.41 (7th of 30) Pace : 97.2 (20th of 30),118.8 (4th of 30) Def Rtg : 115.4 (17th of 30) Net Rtg : +3.4 (7th of 30),49-33 (7th of 30),"Championship +2200 , Over-Under 46.5","Crypto.com Arena Attendance: 776,782 (11th of 30)"
https://www.basketball-reference.com/teams/DAL/2024.html,2023-24,Dallas Mavericks,"50-32, Finished 5th in NBA Western Conference",Jason Kidd (50-32),Nico Harrison,117.9 (7th of 30) Opp PTS/G: 115.6 (20th of 30),2.30 (13th of 30) Pace : 100.1 (6th of 30),117.6 (10th of 30) Def Rtg : 115.4 (18th of 30) Net Rtg : +2.2 (14th of 30),46-36 (14th of 30),"Championship +2500 , Over-Under 45.5","American Airlines Center Attendance: 828,897 (2nd of 30)"
https://www.basketball-reference.com/teams/PHO/2024.html,2023-24,Phoenix Suns,"49-33, Finished 6th in NBA Western Conference",Frank Vogel (49-33),James Jones,116.2 (10th of 30) Opp PTS/G: 113.2 (13th of 30),3.08 (8th of 30) Pace : 98.3 (15th of 30),117.6 (9th of 30) Def Rtg : 114.6 (13th of 30) Net Rtg : +3.1 (9th of 30),49-33 (9th of 30),"Championship +600 , Over-Under 51.5","Footprint Center Attendance: 699,911 (24th of 30)"
https://www.basketball-reference.com/teams/NOP/2024.html,2023-24,New Orleans Pelicans,"49-33, Finished 7th in NBA Western Conference",Willie Green (49-33),David Griffin,115.1 (13th of 30) Opp PTS/G: 110.7 (8th of 30),4.46 (5th of 30) Pace : 97.9 (17th of 30),117.4 (11th of 30) Def Rtg : 112.9 (7th of 30) Net Rtg : +4.5 (6th of 30),52-30 (6th of 30),"Championship +4000 , Over-Under 44.5","Smoothie King Center Attendance: 692,054 (27th of 30)"
https://www.basketball-reference.com/teams/LAL/2024.html,2023-24,Los Angeles Lakers,"47-35, Finished 8th in NBA Western Conference",Darvin Ham (47-35),Rob Pelinka,118.0 (6th of 30) Opp PTS/G: 117.4 (23rd of 30),1.07 (19th of 30) Pace : 100.9 (4th of 30),115.9 (15th of 30) Def Rtg : 115.3 (16th of 30) Net Rtg : +0.6 (19th of 30),42-40 (19th of 30),"Championship +1500 , Over-Under 47.5","Crypto.com Arena Attendance: 793,945 (8th of 30)"
https://www.basketball-reference.com/teams/SAC/2024.html,2023-24,Sacramento Kings,"46-36, Finished 9th in NBA Western Conference",Mike Brown (46-36),Monte McNair,116.6 (9th of 30) Opp PTS/G: 114.8 (17th of 30),2.29 (14th of 30) Pace : 98.8 (14th of 30),116.9 (13th of 30) Def Rtg : 115.2 (14th of 30) Net Rtg : +1.7 (17th of 30),45-37 (17th of 30),"Championship +3500 , Over-Under 44.5","Golden 1 Center Attendance: 735,015 (19th of 30)"
https://www.basketball-reference.com/teams/GSW/2024.html,2023-24,Golden State Warriors,"46-36, Finished 10th in NBA Western Conference",Steve Kerr (46-36),Mike Dunleavy,117.8 (8th of 30) Opp PTS/G: 115.2 (18th of 30),2.77 (9th of 30) Pace : 99.2 (12th of 30),117.8 (8th of 30) Def Rtg : 115.2 (15th of 30) Net Rtg : +2.6 (11th of 30),47-35 (11th of 30),"Championship +1200 , Over-Under 48.5","Chase Center Attendance: 740,624 (17th of 30)"
https://www.basketball-reference.com/teams/HOU/2024.html,2023-24,Houston Rockets,"41-41, Finished 11th in NBA Western Conference",Ime Udoka (41-41),Rafael Stone,114.3 (16th of 30) Opp PTS/G: 113.2 (14th of 30),1.24 (17th of 30) Pace : 99.0 (13th of 30),114.5 (20th of 30) Def Rtg : 113.4 (9th of 30) Net Rtg : +1.1 (18th of 30),44-38 (18th of 30),"Championship +25000 , Over-Under 31.5","Toyota Center Attendance: 720,045 (22nd of 30)"
https://www.basketball-reference.com/teams/UTA/2024.html,2023-24,Utah Jazz,"31-51, Finished 12th in NBA Western Conference",Will Hardy (31-51),Danny Ainge,115.7 (11th of 30) Opp PTS/G: 120.5 (29th of 30),-4.22 (23rd of 30) Pace : 99.5 (10th of 30),115.5 (17th of 30) Def Rtg : 120.4 (30th of 30) Net Rtg : -4.9 (23rd of 30),29-53 (23rd of 30),"Championship +25000 , Over-Under 35.5","Delta Center Attendance: 746,446 (14th of 30)"
https://www.basketball-reference.com/teams/MEM/2024.html,2023-24,Memphis Grizzlies,"27-55, Finished 13th in NBA Western Conference",Taylor Jenkins (27-55),Zach Kleiman,105.8 (30th of 30) Opp PTS/G: 112.8 (12th of 30),-6.57 (26th of 30) Pace : 98.2 (16th of 30),107.2 (30th of 30) Def Rtg : 114.3 (12th of 30) Net Rtg : -7.1 (26th of 30),24-58 (26th of 30),"Championship +2200 , Over-Under 45.5","FedEx Forum Attendance: 681,875 (28th of 30)"
https://www.basketball-reference.com/teams/SAS/2024.html,2023-24,San Antonio Spurs,"22-60, Finished 14th in NBA Western Conference",Gregg Popovich (22-60),Brian Wright,112.1 (23rd of 30) Opp PTS/G: 118.6 (24th of 30),-5.80 (24th of 30) Pace : 101.1 (3rd of 30),110.0 (26th of 30) Def Rtg : 116.4 (22nd of 30) Net Rtg : -6.4 (24th of 30),26-56 (25th of 30),"Championship +15000 , Over-Under 28.5","Frost Bank Center Attendance: 742,522 (15th of 30)"
https://www.basketball-reference.com/teams/POR/2024.html,2023-24,Portland Trail Blazers,"21-61, Finished 15th in NBA Western Conference",Chauncey Billups (21-61),Joe Cronin,106.4 (29th of 30) Opp PTS/G: 115.4 (19th of 30),-8.29 (27th of 30) Pace : 97.2 (21st of 30),108.3 (29th of 30) Def Rtg : 117.5 (23rd of 30) Net Rtg : -9.2 (29th of 30),20-62 (29th of 30),"Championship +12500 , Over-Under 28.5","Moda Center Attendance: 751,395 (13th of 30)"
https://www.basketball-reference.com/teams/OKC/2025.html,2024-25,Oklahoma City Thunder,"68-14, Finished 1st in NBA Western Conference",Mark Daigneault (68-14),Sam Presti,120.5 (4th of 30) Opp PTS/G: 107.6 (3rd of 30),12.70 (1st of 30) Pace : 100.0 (6th of 30),120.3 (3rd of 30) Def Rtg : 107.5 (1st of 30) Net Rtg : +12.8 (1st of 30),68-14 (1st of 30),"Championship +675 , Over-Under 57.5","Paycom Center Attendance: 754,832 (14th of 30)"
https://www.basketball-reference.com/teams/CLE/2025.html,2024-25,Cleveland Cavaliers,"64-18, Finished 1st in NBA Eastern Conference",Kenny Atkinson (64-18),Koby Altman,121.9 (1st of 30) Opp PTS/G: 112.4 (12th of 30),8.81 (2nd of 30) Pace : 99.8 (10th of 30),121.7 (1st of 30) Def Rtg : 112.2 (8th of 30) Net Rtg : +9.5 (2nd of 30),62-20 (3rd of 30),"Championship +3500 , Over-Under 48.5","Rocket Arena Attendance: 796,712 (7th of 30)"
https://www.basketball-reference.com/teams/BOS/2025.html,2024-25,Boston Celtics,"61-21, Finished 2nd in NBA Eastern Conference",Joe Mazzulla (61-21),Brad Stevens,116.3 (8th of 30) Opp PTS/G: 107.2 (2nd of 30),8.28 (3rd of 30) Pace : 95.7 (30th of 30),120.6 (2nd of 30) Def Rtg : 111.1 (5th of 30) Net Rtg : +9.4 (3rd of 30),62-20 (2nd of 30),"Championship +325 , Over-Under 58.5","TD Garden Attendance: 785,396 (8th of 30)"
https://www.basketball-reference.com/teams/NYK/2025.html,2024-25,New York Knicks,"51-31, Finished 3rd in NBA Eastern Conference",Tom Thibodeau (51-31),Leon Rose,115.8 (9th of 30) Opp PTS/G: 111.7 (9th of 30),3.59 (9th of 30) Pace : 96.7 (26th of 30),118.5 (5th of 30) Def Rtg : 114.3 (14th of 30) Net Rtg : +4.2 (8th of 30),51-31 (8th of 30),"Championship +700 , Over-Under 53.5","Madison Square Garden (IV) Attendance: 811,794 (3rd of 30)"
https://www.basketball-reference.com/teams/IND/2025.html,2024-25,Indiana Pacers,"50-32, Finished 4th in NBA Eastern Conference",Rick Carlisle (50-32),Kevin Pritchard,117.4 (7th of 30) Opp PTS/G: 115.1 (17th of 30),1.68 (13th of 30) Pace : 99.9 (7th of 30),116.5 (9th of 30) Def Rtg : 114.3 (13th of 30) Net Rtg : +2.2 (12th of 30),46-36 (12th of 30),"Championship +6600 , Over-Under 46.5","Gainbridge Fieldhouse Attendance: 685,434 (26th of 30)"
https://www.basketball-reference.com/teams/MIL/2025.html,2024-25,Milwaukee Bucks,"48-34, Finished 5th in NBA Eastern Conference",Doc Rivers (48-34),Jon Horst,115.5 (11th of 30) Opp PTS/G: 113.0 (13th of 30),2.12 (11th of 30) Pace : 99.3 (13th of 30),115.9 (11th of 30) Def Rtg : 113.4 (12th of 30) Net Rtg : +2.5 (11th of 30),47-35 (11th of 30),"Championship +1400 , Over-Under 49.5","Fiserv Forum Attendance: 732,014 (17th of 30)"
https://www.basketball-reference.com/teams/DET/2025.html,2024-25,Detroit Pistons,"44-38, Finished 6th in NBA Eastern Conference",J.B. Bickerstaff (44-38),Trajan Langdon,115.5 (12th of 30) Opp PTS/G: 113.6 (14th of 30),1.73 (12th of 30) Pace : 99.8 (9th of 30),115.0 (16th of 30) Def Rtg : 113.1 (11th of 30) Net Rtg : +1.9 (13th of 30),46-36 (13th of 30),"Championship +100000 , Over-Under 25.5","Little Caesars Arena Attendance: 781,929 (9th of 30)"
https://www.basketball-reference.com/teams/ORL/2025.html,2024-25,Orlando Magic,"41-41, Finished 7th in NBA Eastern Conference",Jamahl Mosley (41-41),Jeff Weltman,105.4 (28th of 30) Opp PTS/G: 105.5 (1st of 30),-0.70 (17th of 30) Pace : 96.1 (29th of 30),109.4 (27th of 30) Def Rtg : 109.6 (2nd of 30) Net Rtg : -0.1 (17th of 30),41-41 (17th of 30),"Championship +4000 , Over-Under 47.5","Kia Center Attendance: 762,121 (13th of 30)"
https://www.basketball-reference.com/teams/ATL/2025.html,2024-25,Atlanta Hawks,"40-42, Finished 8th in NBA Eastern Conference",Quin Snyder (40-42),Landry Fields,118.2 (5th of 30) Opp PTS/G: 119.3 (27th of 30),-1.41 (19th of 30) Pace : 102.6 (3rd of 30),114.6 (18th of 30) Def Rtg : 115.7 (19th of 30) Net Rtg : -1.1 (18th of 30),38-44 (18th of 30),"Championship +50000 , Over-Under 36.5","State Farm Arena Attendance: 657,613 (30th of 30)"
https://www.basketball-reference.com/teams/CHI/2025.html,2024-25,Chicago Bulls,"39-43, Finished 9th in NBA Eastern Conference",Billy Donovan (39-43),ArtÅ«ras KarniÅ¡ovas,117.8 (6th of 30) Opp PTS/G: 119.4 (28th of 30),-1.83 (20th of 30) Pace : 102.8 (2nd of 30),114.1 (20th of 30) Def Rtg : 115.6 (18th of 30) Net Rtg : -1.5 (20th of 30),37-45 (20th of 30),"Championship +100000 , Over-Under 28.5","United Center Attendance: 825,659 (1st of 30)"
https://www.basketball-reference.com/teams/MIA/2025.html,2024-25,Miami Heat,"37-45, Finished 10th in NBA Eastern Conference",Erik Spoelstra (37-45),Pat Riley,110.6 (24th of 30) Opp PTS/G: 110.0 (7th of 30),0.11 (16th of 30) Pace : 96.2 (28th of 30),113.5 (21st of 30) Def Rtg : 112.9 (9th of 30) Net Rtg : +0.6 (15th of 30),42-40 (15th of 30),"Championship +5000 , Over-Under 44.5","Kaseya Center Attendance: 808,337 (5th of 30)"
https://www.basketball-reference.com/teams/TOR/2025.html,2024-25,Toronto Raptors,"30-52, Finished 11th in NBA Eastern Conference",Darko Rajakovic (30-52),Masai Ujiri,110.9 (23rd of 30) Opp PTS/G: 115.2 (18th of 30),-4.40 (24th of 30) Pace : 99.7 (11th of 30),110.5 (25th of 30) Def Rtg : 114.8 (17th of 30) Net Rtg : -4.3 (24th of 30),30-52 (24th of 30),"Championship +100000 , Over-Under 29.5","Scotiabank Arena Attendance: 768,573 (11th of 30)"
https://www.basketball-reference.com/teams/BRK/2025.html,2024-25,Brooklyn Nets,"26-56, Finished 12th in NBA Eastern Conference",Jordi FernÃ¡ndez Torres (26-56),Sean Marks,105.1 (29th of 30) Opp PTS/G: 112.2 (11th of 30),-6.95 (26th of 30) Pace : 96.4 (27th of 30),108.5 (28th of 30) Def Rtg : 115.8 (20th of 30) Net Rtg : -7.3 (26th of 30),23-59 (26th of 30),"Championship +100000 , Over-Under 19.5","Barclays Center Attendance: 713,304 (21st of 30)"
https://www.basketball-reference.com/teams/PHI/2025.html,2024-25,Philadelphia 76ers,"24-58, Finished 13th in NBA Eastern Conference",Nick Nurse (24-58),Daryl Morey,109.6 (26th of 30) Opp PTS/G: 115.8 (21st of 30),-6.29 (25th of 30) Pace : 97.4 (23rd of 30),111.9 (22nd of 30) Def Rtg : 118.2 (26th of 30) Net Rtg : -6.4 (25th of 30),26-56 (25th of 30),"Championship +1000 , Over-Under 50.5","Wells Fargo Center Attendance: 813,621 (2nd of 30)"
https://www.basketball-reference.com/teams/CHO/2025.html,2024-25,Charlotte Hornets,"19-63, Finished 14th in NBA Eastern Conference",Charles Lee (19-63),Jeff Peterson,105.1 (30th of 30) Opp PTS/G: 114.2 (16th of 30),-9.10 (29th of 30) Pace : 97.6 (20th of 30),107.3 (29th of 30) Def Rtg : 116.6 (24th of 30) Net Rtg : -9.3 (28th of 30),20-62 (29th of 30),"Championship +100000 , Over-Under 30.5","Spectrum Center Attendance: 703,935 (22nd of 30)"
https://www.basketball-reference.com/teams/WAS/2025.html,2024-25,Washington Wizards,"18-64, Finished 15th in NBA Eastern Conference",Brian Keefe (18-64),Michael Winger,108.0 (27th of 30) Opp PTS/G: 120.4 (29th of 30),-12.13 (30th of 30) Pace : 100.9 (4th of 30),106.8 (30th of 30) Def Rtg : 119.1 (27th of 30) Net Rtg : -12.3 (30th of 30),15-67 (30th of 30),"Championship +100000 , Over-Under 20.5","Capital One Arena Attendance: 663,691 (29th of 30)"
https://www.basketball-reference.com/teams/HOU/2025.html,2024-25,Houston Rockets,"52-30, Finished 2nd in NBA Western Conference",Ime Udoka (52-30),Rafael Stone,114.3 (14th of 30) Opp PTS/G: 109.8 (6th of 30),4.96 (5th of 30) Pace : 98.6 (18th of 30),115.3 (13th of 30) Def Rtg : 110.8 (4th of 30) Net Rtg : +4.6 (7th of 30),52-30 (7th of 30),"Championship +8000 , Over-Under 43.5","Toyota Center Attendance: 716,853 (20th of 30)"
https://www.basketball-reference.com/teams/LAL/2025.html,2024-25,Los Angeles Lakers,"50-32, Finished 3rd in NBA Western Conference",JJ Redick (50-32),Rob Pelinka,113.4 (19th of 30) Opp PTS/G: 112.2 (10th of 30),1.45 (14th of 30) Pace : 97.6 (21st of 30),115.9 (12th of 30) Def Rtg : 114.7 (15th of 30) Net Rtg : +1.2 (14th of 30),44-38 (14th of 30),"Championship +4000 , Over-Under 43.5","Crypto.com Arena Attendance: 767,626 (12th of 30)"
https://www.basketball-reference.com/teams/DEN/2025.html,2024-25,Denver Nuggets,"50-32, Finished 4th in NBA Western Conference","Michael Malone (47-32), David Adelman (3-0)","Calvin Booth , Ben Tenzer",120.8 (3rd of 30) Opp PTS/G: 116.9 (25th of 30),3.97 (8th of 30) Pace : 99.8 (8th of 30),119.9 (4th of 30) Def Rtg : 116.0 (22nd of 30) Net Rtg : +3.9 (9th of 30),50-32 (9th of 30),"Championship +1100 , Over-Under 51.5","Ball Arena Attendance: 811,211 (4th of 30)"
https://www.basketball-reference.com/teams/LAC/2025.html,2024-25,Los Angeles Clippers,"50-32, Finished 5th in NBA Western Conference",Tyronn Lue (50-32),Lawrence Frank,112.9 (20th of 30) Opp PTS/G: 108.2 (4th of 30),4.84 (6th of 30) Pace : 97.5 (22nd of 30),115.1 (14th of 30) Def Rtg : 110.3 (3rd of 30) Net Rtg : +4.7 (5th of 30),53-29 (5th of 30),"Championship +12500 , Over-Under 35.5","Intuit Dome Attendance: 679,593 (28th of 30)"
https://www.basketball-reference.com/teams/MIN/2025.html,2024-25,Minnesota Timberwolves,"49-33, Finished 6th in NBA Western Conference",Chris Finch (49-33),Tim Connelly,114.3 (13th of 30) Opp PTS/G: 109.3 (5th of 30),5.15 (4th of 30) Pace : 97.3 (24th of 30),116.6 (8th of 30) Def Rtg : 111.5 (6th of 30) Net Rtg : +5.1 (4th of 30),53-29 (4th of 30),"Championship +1100 , Over-Under 51.5","Target Center Attendance: 772,249 (10th of 30)"
https://www.basketball-reference.com/teams/GSW/2025.html,2024-25,Golden State Warriors,"48-34, Finished 7th in NBA Western Conference",Steve Kerr (48-34),Mike Dunleavy,113.8 (17th of 30) Opp PTS/G: 110.5 (8th of 30),3.56 (10th of 30) Pace : 98.7 (17th of 30),115.0 (15th of 30) Def Rtg : 111.7 (7th of 30) Net Rtg : +3.3 (10th of 30),49-33 (10th of 30),"Championship +4000 , Over-Under 43.5","Chase Center Attendance: 740,624 (16th of 30)"
https://www.basketball-reference.com/teams/MEM/2025.html,2024-25,Memphis Grizzlies,"48-34, Finished 8th in NBA Western Conference","Taylor Jenkins (44-29), Tuomas Iisalo (4-5)",Zach Kleiman,121.7 (2nd of 30) Opp PTS/G: 116.9 (24th of 30),4.79 (7th of 30) Pace : 103.3 (1st of 30),117.7 (6th of 30) Def Rtg : 113.0 (10th of 30) Net Rtg : +4.7 (6th of 30),52-30 (6th of 30),"Championship +3500 , Over-Under 47.5","FedEx Forum Attendance: 683,067 (27th of 30)"
https://www.basketball-reference.com/teams/SAC/2025.html,2024-25,Sacramento Kings,"40-42, Finished 9th in NBA Western Conference","Mike Brown (13-18), Doug Christie (27-24)",Monte McNair,115.7 (10th of 30) Opp PTS/G: 115.3 (19th of 30),0.58 (15th of 30) Pace : 98.2 (19th of 30),116.7 (7th of 30) Def Rtg : 116.2 (23rd of 30) Net Rtg : +0.5 (16th of 30),42-40 (16th of 30),"Championship +6600 , Over-Under 46.5","Golden 1 Center Attendance: 696,409 (24th of 30)"
https://www.basketball-reference.com/teams/DAL/2025.html,2024-25,Dallas Mavericks,"39-43, Finished 10th in NBA Western Conference",Jason Kidd (39-43),Nico Harrison,114.2 (15th of 30) Opp PTS/G: 115.4 (20th of 30),-0.74 (18th of 30) Pace : 99.2 (14th of 30),114.8 (17th of 30) Def Rtg : 116.0 (21st of 30) Net Rtg : -1.2 (19th of 30),38-44 (19th of 30),"Championship +1100 , Over-Under 49.5","American Airlines Center Attendance: 803,174 (6th of 30)"
https://www.basketball-reference.com/teams/PHO/2025.html,2024-25,Phoenix Suns,"36-46, Finished 11th in NBA Western Conference",Mike Budenholzer (36-46),James Jones,113.6 (18th of 30) Opp PTS/G: 116.6 (22nd of 30),-2.55 (22nd of 30) Pace : 97.1 (25th of 30),116.2 (10th of 30) Def Rtg : 119.3 (28th of 30) Net Rtg : -3.1 (23rd of 30),34-48 (22nd of 30),"Championship +1500 , Over-Under 48.5","Footprint Center Attendance: 699,911 (23rd of 30)"
https://www.basketball-reference.com/teams/POR/2025.html,2024-25,Portland Trail Blazers,"36-46, Finished 12th in NBA Western Conference",Chauncey Billups (36-46),Joe Cronin,110.9 (22nd of 30) Opp PTS/G: 113.9 (15th of 30),-2.67 (23rd of 30) Pace : 98.8 (16th of 30),111.7 (23rd of 30) Def Rtg : 114.7 (16th of 30) Net Rtg : -3.0 (22nd of 30),33-49 (23rd of 30),"Championship +100000 , Over-Under 21.5","Moda Center Attendance: 719,369 (19th of 30)"
https://www.basketball-reference.com/teams/SAS/2025.html,2024-25,San Antonio Spurs,"34-48, Finished 13th in NBA Western Conference","Gregg Popovich (2-3), Mitch Johnson (32-45)",Brian Wright,113.9 (16th of 30) Opp PTS/G: 116.7 (23rd of 30),-2.45 (21st of 30) Pace : 99.3 (12th of 30),114.4 (19th of 30) Def Rtg : 117.2 (25th of 30) Net Rtg : -2.8 (21st of 30),34-48 (21st of 30),"Championship +15000 , Over-Under 35.5","Frost Bank Center Attendance: 731,474 (18th of 30)"
https://www.basketball-reference.com/teams/NOP/2025.html,2024-25,New Orleans Pelicans,"21-61, Finished 14th in NBA Western Conference",Willie Green (21-61),David Griffin,109.8 (25th of 30) Opp PTS/G: 119.3 (26th of 30),-8.59 (28th of 30) Pace : 99.1 (15th of 30),110.4 (26th of 30) Def Rtg : 119.9 (29th of 30) Net Rtg : -9.5 (29th of 30),20-62 (28th of 30),"Championship +5000 , Over-Under 46.5","Smoothie King Center Attendance: 689,400 (25th of 30)"
https://www.basketball-reference.com/teams/UTA/2025.html,2024-25,Utah Jazz,"17-65, Finished 15th in NBA Western Conference",Will Hardy (17-65),Danny Ainge,111.9 (21st of 30) Opp PTS/G: 121.2 (30th of 30),-8.51 (27th of 30) Pace : 100.0 (5th of 30),111.2 (24th of 30) Def Rtg : 120.4 (30th of 30) Net Rtg : -9.3 (27th of 30),20-62 (27th of 30),"Championship +50000 , Over-Under 28.5","Delta Center Attendance: 745,175 (15th of 30)"
https://www.basketball-reference.com/teams/NYK/2026.html,2025-26,New York Knicks,"53-29, Finished 3rd in NBA Eastern Conference",Mike Brown (53-29),Leon Rose,116.5 (10th of 30) Opp PTS/G: 110.1 (5th of 30),6.04 (5th of 30) Pace : 96.8 (27th of 30),119.8 (3rd of 30) Def Rtg : 113.3 (7th of 30) Net Rtg : +6.5 (5th of 30),56-26 (5th of 30),"Championship +900 , Over-Under 53.5","Madison Square Garden (IV) Attendance: 792,480 (6th of 30)"
https://www.basketball-reference.com/teams/DET/2026.html,2025-26,Detroit Pistons,"60-22, Finished 1st in NBA Eastern Conference",J.B. Bickerstaff (60-22),Trajan Langdon,117.8 (8th of 30) Opp PTS/G: 109.6 (3rd of 30),7.53 (3rd of 30) Pace : 99.3 (17th of 30),117.9 (10th of 30) Def Rtg : 109.7 (2nd of 30) Net Rtg : +8.2 (3rd of 30),60-22 (3rd of 30),"Championship +3300 , Over-Under 46.5","Little Caesars Arena Attendance: 806,422 (4th of 30)"
https://www.basketball-reference.com/teams/BOS/2026.html,2025-26,Boston Celtics,"56-26, Finished 2nd in NBA Eastern Conference",Joe Mazzulla (56-26),Brad Stevens,114.9 (19th of 30) Opp PTS/G: 107.2 (1st of 30),7.37 (4th of 30) Pace : 94.8 (30th of 30),120.8 (2nd of 30) Def Rtg : 112.7 (4th of 30) Net Rtg : +8.1 (4th of 30),59-23 (4th of 30),"Championship +6000 , Over-Under 41.5","TD Garden Attendance: 785,396 (8th of 30)"
https://www.basketball-reference.com/teams/CLE/2026.html,2025-26,Cleveland Cavaliers,"52-30, Finished 4th in NBA Eastern Conference",Kenny Atkinson (52-30),Koby Altman,119.5 (4th of 30) Opp PTS/G: 115.4 (15th of 30),3.77 (9th of 30) Pace : 99.9 (14th of 30),119.2 (6th of 30) Def Rtg : 115.1 (15th of 30) Net Rtg : +4.1 (9th of 30),51-31 (9th of 30),"Championship +750 , Over-Under 56.5","Rocket Arena Attendance: 796,712 (5th of 30)"
https://www.basketball-reference.com/teams/TOR/2026.html,2025-26,Toronto Raptors,"46-36, Finished 5th in NBA Eastern Conference",Darko Rajakovic (46-36),Bobby Webster,114.6 (21st of 30) Opp PTS/G: 111.8 (9th of 30),2.75 (11th of 30) Pace : 98.4 (20th of 30),115.9 (15th of 30) Def Rtg : 113.0 (5th of 30) Net Rtg : +2.9 (11th of 30),48-34 (11th of 30),"Championship +10000 , Over-Under 39.5","Scotiabank Arena Attendance: 772,141 (11th of 30)"
https://www.basketball-reference.com/teams/ATL/2026.html,2025-26,Atlanta Hawks,"46-36, Finished 6th in NBA Eastern Conference",Quin Snyder (46-36),Onsi Saleh,118.5 (6th of 30) Opp PTS/G: 116.0 (18th of 30),2.38 (12th of 30) Pace : 101.7 (5th of 30),116.1 (14th of 30) Def Rtg : 113.7 (9th of 30) Net Rtg : +2.4 (12th of 30),47-35 (12th of 30),"Championship +4000 , Over-Under 46.5","State Farm Arena Attendance: 670,581 (27th of 30)"
https://www.basketball-reference.com/teams/PHI/2026.html,2025-26,Philadelphia 76ers,"45-37, Finished 7th in NBA Eastern Conference",Nick Nurse (45-37),Daryl Morey,115.9 (14th of 30) Opp PTS/G: 116.1 (19th of 30),-0.27 (18th of 30) Pace : 99.4 (15th of 30),115.4 (17th of 30) Def Rtg : 115.5 (16th of 30) Net Rtg : -0.2 (18th of 30),41-41 (18th of 30),"Championship +4000 , Over-Under 43.5","Xfinity Mobile Arena Attendance: 778,871 (9th of 30)"
https://www.basketball-reference.com/teams/ORL/2026.html,2025-26,Orlando Magic,"45-37, Finished 8th in NBA Eastern Conference",Jamahl Mosley (45-37),Jeff Weltman,115.7 (15th of 30) Opp PTS/G: 115.1 (13th of 30),0.81 (17th of 30) Pace : 100.0 (12th of 30),114.9 (19th of 30) Def Rtg : 114.3 (11th of 30) Net Rtg : +0.6 (17th of 30),43-39 (17th of 30),"Championship +1800 , Over-Under 51.5","Kia Center Attendance: 768,906 (12th of 30)"
https://www.basketball-reference.com/teams/CHO/2026.html,2025-26,Charlotte Hornets,"44-38, Finished 9th in NBA Eastern Conference",Charles Lee (44-38),Jeff Peterson,116.0 (13th of 30) Opp PTS/G: 111.2 (7th of 30),4.48 (8th of 30) Pace : 96.8 (26th of 30),119.4 (5th of 30) Def Rtg : 114.4 (12th of 30) Net Rtg : +5.0 (8th of 30),53-29 (8th of 30),"Championship +100000 , Over-Under 27.5","Spectrum Center Attendance: 767,319 (13th of 30)"
https://www.basketball-reference.com/teams/MIA/2026.html,2025-26,Miami Heat,"43-39, Finished 10th in NBA Eastern Conference",Erik Spoelstra (43-39),Pat Riley,120.9 (2nd of 30) Opp PTS/G: 118.5 (22nd of 30),2.35 (13th of 30) Pace : 103.4 (1st of 30),116.7 (13th of 30) Def Rtg : 114.5 (13th of 30) Net Rtg : +2.2 (13th of 30),47-35 (13th of 30),"Championship +20000 , Over-Under 37.5","Kaseya Center Attendance: 808,063 (3rd of 30)"
https://www.basketball-reference.com/teams/MIL/2026.html,2025-26,Milwaukee Bucks,"32-50, Finished 11th in NBA Eastern Conference",Doc Rivers (32-50),Jon Horst,110.6 (29th of 30) Opp PTS/G: 116.8 (20th of 30),-6.12 (25th of 30) Pace : 97.6 (23rd of 30),112.9 (24th of 30) Def Rtg : 119.3 (27th of 30) Net Rtg : -6.3 (25th of 30),26-56 (25th of 30),"Championship +5500 , Over-Under 43.5","Fiserv Forum Attendance: 682,644 (24th of 30)"
https://www.basketball-reference.com/teams/CHI/2026.html,2025-26,Chicago Bulls,"31-51, Finished 12th in NBA Eastern Conference",Billy Donovan (31-51),ArtÅ«ras KarniÅ¡ovas,116.3 (12th of 30) Opp PTS/G: 121.5 (28th of 30),-5.09 (22nd of 30) Pace : 102.5 (2nd of 30),113.0 (23rd of 30) Def Rtg : 118.1 (22nd of 30) Net Rtg : -5.1 (22nd of 30),29-53 (22nd of 30),"Championship +50000 , Over-Under 33.5","United Center Attendance: 829,997 (1st of 30)"
https://www.basketball-reference.com/teams/BRK/2026.html,2025-26,Brooklyn Nets,"20-62, Finished 13th in NBA Eastern Conference",Jordi FernÃ¡ndez Torres (20-62),Sean Marks,105.9 (30th of 30) Opp PTS/G: 115.9 (17th of 30),-9.70 (29th of 30) Pace : 97.1 (25th of 30),108.7 (30th of 30) Def Rtg : 119.0 (26th of 30) Net Rtg : -10.3 (29th of 30),18-64 (29th of 30),"Championship +100000 , Over-Under 19.5","Barclays Center Attendance: 713,896 (22nd of 30)"
https://www.basketball-reference.com/teams/IND/2026.html,2025-26,Indiana Pacers,"19-63, Finished 14th in NBA Eastern Conference",Rick Carlisle (19-63),Kevin Pritchard,112.4 (27th of 30) Opp PTS/G: 120.4 (25th of 30),-7.64 (26th of 30) Pace : 101.0 (8th of 30),110.9 (29th of 30) Def Rtg : 118.8 (23rd of 30) Net Rtg : -7.9 (26th of 30),23-59 (26th of 30),"Championship +10000 , Over-Under 37.5","Gainbridge Fieldhouse Attendance: 682,287 (25th of 30)"
https://www.basketball-reference.com/teams/WAS/2026.html,2025-26,Washington Wizards,"17-65, Finished 15th in NBA Eastern Conference",Brian Keefe (17-65),Michael Winger,112.9 (25th of 30) Opp PTS/G: 124.9 (29th of 30),-11.62 (30th of 30) Pace : 101.4 (6th of 30),111.0 (28th of 30) Def Rtg : 122.7 (30th of 30) Net Rtg : -11.8 (30th of 30),16-66 (30th of 30),"Championship +100000 , Over-Under 20.5","Capital One Arena Attendance: 660,376 (29th of 30)"
https://www.basketball-reference.com/teams/OKC/2026.html,2025-26,Oklahoma City Thunder,"64-18, Finished 1st in NBA Western Conference",Mark Daigneault (64-18),Sam Presti,119.0 (5th of 30) Opp PTS/G: 107.9 (2nd of 30),11.04 (1st of 30) Pace : 99.3 (16th of 30),118.9 (7th of 30) Def Rtg : 107.7 (1st of 30) Net Rtg : +11.1 (1st of 30),65-17 (1st of 30),"Championship +240 , Over-Under 62.5","Paycom Center Attendance: 764,842 (14th of 30)"
https://www.basketball-reference.com/teams/SAS/2026.html,2025-26,San Antonio Spurs,"62-20, Finished 2nd in NBA Western Conference",Mitch Johnson (62-20),Brian Wright,119.8 (3rd of 30) Opp PTS/G: 111.5 (8th of 30),8.28 (2nd of 30) Pace : 99.9 (13th of 30),119.6 (4th of 30) Def Rtg : 111.3 (3rd of 30) Net Rtg : +8.3 (2nd of 30),60-22 (2nd of 30),"Championship +6600 , Over-Under 44.5","Frost Bank Center Attendance: 743,129 (16th of 30)"
https://www.basketball-reference.com/teams/DEN/2026.html,2025-26,Denver Nuggets,"54-28, Finished 3rd in NBA Western Conference",David Adelman (54-28),Ben Tenzer,122.1 (1st of 30) Opp PTS/G: 116.9 (21st of 30),4.97 (6th of 30) Pace : 98.4 (21st of 30),122.6 (1st of 30) Def Rtg : 117.4 (21st of 30) Net Rtg : +5.2 (7th of 30),53-29 (7th of 30),"Championship +550 , Over-Under 53.5","Ball Arena Attendance: 812,868 (2nd of 30)"
https://www.basketball-reference.com/teams/LAL/2026.html,2025-26,Los Angeles Lakers,"53-29, Finished 4th in NBA Western Conference",JJ Redick (53-29),Rob Pelinka,116.3 (11th of 30) Opp PTS/G: 114.6 (11th of 30),1.68 (15th of 30) Pace : 98.3 (22nd of 30),118.2 (9th of 30) Def Rtg : 116.4 (19th of 30) Net Rtg : +1.8 (14th of 30),45-37 (14th of 30),"Championship +1600 , Over-Under 46.5","Crypto.com Arena Attendance: 773,047 (10th of 30)"
https://www.basketball-reference.com/teams/HOU/2026.html,2025-26,Houston Rockets,"52-30, Finished 5th in NBA Western Conference",Ime Udoka (52-30),Rafael Stone,115.2 (18th of 30) Opp PTS/G: 110.0 (4th of 30),4.87 (7th of 30) Pace : 96.1 (29th of 30),118.6 (8th of 30) Def Rtg : 113.2 (6th of 30) Net Rtg : +5.4 (6th of 30),54-28 (6th of 30),"Championship +1400 , Over-Under 52.5","Toyota Center Attendance: 740,378 (18th of 30)"
https://www.basketball-reference.com/teams/MIN/2026.html,2025-26,Minnesota Timberwolves,"49-33, Finished 6th in NBA Western Conference",Chris Finch (49-33),Tim Connelly,118.0 (7th of 30) Opp PTS/G: 114.6 (12th of 30),3.07 (10th of 30) Pace : 100.5 (9th of 30),116.8 (12th of 30) Def Rtg : 113.5 (8th of 30) Net Rtg : +3.3 (10th of 30),49-33 (10th of 30),"Championship +1300 , Over-Under 49.5","Target Center Attendance: 732,465 (19th of 30)"
https://www.basketball-reference.com/teams/PHO/2026.html,2025-26,Phoenix Suns,"45-37, Finished 7th in NBA Western Conference",Jordan Ott (45-37),Brian Gregory,112.6 (26th of 30) Opp PTS/G: 111.1 (6th of 30),1.75 (14th of 30) Pace : 97.2 (24th of 30),115.4 (16th of 30) Def Rtg : 113.9 (10th of 30) Net Rtg : +1.5 (15th of 30),45-37 (15th of 30),"Championship +50000 , Over-Under 30.5","Mortgage Matchup Center Attendance: 699,911 (23rd of 30)"
https://www.basketball-reference.com/teams/POR/2026.html,2025-26,Portland Trail Blazers,"42-40, Finished 8th in NBA Western Conference","Chauncey Billups (0-1), Tiago Splitter (42-39)",Joe Cronin,115.5 (17th of 30) Opp PTS/G: 115.8 (16th of 30),-0.28 (19th of 30) Pace : 100.5 (10th of 30),114.4 (20th of 30) Def Rtg : 114.7 (14th of 30) Net Rtg : -0.3 (19th of 30),40-42 (19th of 30),"Championship +50000 , Over-Under 35.5","Moda Center Attendance: 718,863 (21st of 30)"
https://www.basketball-reference.com/teams/LAC/2026.html,2025-26,Los Angeles Clippers,"42-40, Finished 9th in NBA Western Conference",Tyronn Lue (42-40),Lawrence Frank,113.8 (24th of 30) Opp PTS/G: 112.6 (10th of 30),0.96 (16th of 30) Pace : 96.5 (28th of 30),117.3 (11th of 30) Def Rtg : 116.1 (18th of 30) Net Rtg : +1.2 (16th of 30),44-38 (16th of 30),"Championship +1800 , Over-Under 49.5","Intuit Dome Attendance: 722,504 (20th of 30)"
https://www.basketball-reference.com/teams/GSW/2026.html,2025-26,Golden State Warriors,"37-45, Finished 10th in NBA Western Conference",Steve Kerr (37-45),Mike Dunleavy,114.6 (22nd of 30) Opp PTS/G: 115.2 (14th of 30),-0.34 (20th of 30) Pace : 99.0 (19th of 30),115.0 (18th of 30) Def Rtg : 115.6 (17th of 30) Net Rtg : -0.6 (20th of 30),40-42 (20th of 30),"Championship +2500 , Over-Under 47.5","Chase Center Attendance: 740,624 (17th of 30)"
https://www.basketball-reference.com/teams/NOP/2026.html,2025-26,New Orleans Pelicans,"26-56, Finished 11th in NBA Western Conference","Willie Green (2-10), James Borrego (24-46)",Joe Dumars,115.5 (16th of 30) Opp PTS/G: 120.0 (24th of 30),-4.26 (21st of 30) Pace : 100.3 (11th of 30),114.4 (21st of 30) Def Rtg : 118.9 (25th of 30) Net Rtg : -4.5 (21st of 30),30-52 (21st of 30),"Championship +30000 , Over-Under 30.5","Smoothie King Center Attendance: 675,507 (26th of 30)"
https://www.basketball-reference.com/teams/DAL/2026.html,2025-26,Dallas Mavericks,"26-56, Finished 12th in NBA Western Conference",Jason Kidd (26-56),"Nico Harrison , Michael Finley , Matt Riccardi",114.1 (23rd of 30) Opp PTS/G: 119.6 (23rd of 30),-5.33 (23rd of 30) Pace : 101.7 (4th of 30),111.2 (27th of 30) Def Rtg : 116.5 (20th of 30) Net Rtg : -5.4 (23rd of 30),28-54 (23rd of 30),"Championship +3500 , Over-Under 41.5","American Airlines Center Attendance: 790,821 (7th of 30)"
https://www.basketball-reference.com/teams/MEM/2026.html,2025-26,Memphis Grizzlies,"25-57, Finished 13th in NBA Western Conference",Tuomas Iisalo (25-57),Zach Kleiman,114.7 (20th of 30) Opp PTS/G: 120.7 (26th of 30),-5.83 (24th of 30) Pace : 101.3 (7th of 30),112.9 (25th of 30) Def Rtg : 118.8 (24th of 30) Net Rtg : -5.9 (24th of 30),27-55 (24th of 30),"Championship +12500 , Over-Under 39.5","FedExForum Attendance: 632,000 (30th of 30)"
https://www.basketball-reference.com/teams/SAC/2026.html,2025-26,Sacramento Kings,"22-60, Finished 14th in NBA Western Conference",Doug Christie (22-60),Scott Perry,111.0 (28th of 30) Opp PTS/G: 121.0 (27th of 30),-9.58 (28th of 30) Pace : 99.2 (18th of 30),111.4 (26th of 30) Def Rtg : 121.5 (28th of 30) Net Rtg : -10.0 (28th of 30),19-63 (28th of 30),"Championship +50000 , Over-Under 35.5","Golden 1 Center Attendance: 661,735 (28th of 30)"
https://www.basketball-reference.com/teams/UTA/2026.html,2025-26,Utah Jazz,"22-60, Finished 15th in NBA Western Conference",Will Hardy (22-60),Danny Ainge,117.6 (9th of 30) Opp PTS/G: 126.0 (30th of 30),-8.04 (27th of 30) Pace : 102.3 (3rd of 30),114.1 (22nd of 30) Def Rtg : 122.3 (29th of 30) Net Rtg : -8.2 (27th of 30),23-59 (27th of 30),"Championship +100000 , Over-Under 18.5","Delta Center Attendance: 745,626 (15th of 30)"
https://www.basketball-reference.com/teams/GSW/2018.html,2017-18,Golden State Warriors,"58-24, Finished 2nd in NBA Western Conference",Steve Kerr (58-24),Bob Myers,113.5 (1st of 30) Opp PTS/G: 107.5 (18th of 30),5.79 (3rd of 30) Pace : 99.6 (5th of 30),113.6 (3rd of 30) Def Rtg : 107.7 (11th of 30) Net Rtg : +6.0 (3rd of 30),56-26 (3rd of 30),"Championship -187 , Over-Under 67.5","Oracle Arena Attendance: 803,436 (7th of 30)"
https://www.basketball-reference.com/teams/GSW/2017.html,2016-17,Golden State Warriors,"67-15, Finished 1st in NBA Western Conference",Steve Kerr (67-15),Bob Myers,115.9 (1st of 30) Opp PTS/G: 104.3 (11th of 30),11.35 (1st of 30) Pace : 99.8 (4th of 30),115.6 (1st of 30) Def Rtg : 104.0 (2nd of 30) Net Rtg : +11.6 (1st of 30),67-15 (1st of 30),"Championship -128 , Over-Under 66.5","Oracle Arena Attendance: 803,436 (8th of 30)"
https://www.basketball-reference.com/teams/CLE/2016.html,2015-16,Cleveland Cavaliers,"57-25, Finished 1st in NBA Eastern Conference","David Blatt (30-11), Tyronn Lue (27-14)",David Griffin,104.3 (8th of 30) Opp PTS/G: 98.3 (4th of 30),5.45 (4th of 30) Pace : 93.3 (27th of 30),110.9 (3rd of 30) Def Rtg : 104.5 (10th of 30) Net Rtg : +6.4 (4th of 30),57-25 (4th of 30),"Championship +280 , Over-Under 56.5","Quicken Loans Arena Attendance: 843,042 (2nd of 30)"
https://www.basketball-reference.com/teams/GSW/2015.html,2014-15,Golden State Warriors,"67-15, Finished 1st in NBA Pacific Division",Steve Kerr (67-15),Bob Myers,110.0 (1st of 30) Opp PTS/G: 99.9 (15th of 30),10.01 (1st of 30) Pace : 98.3 (1st of 30),111.6 (2nd of 30) Def Rtg : 101.4 (1st of 30) Net Rtg : +10.2 (1st of 30),65-17 (1st of 30),"Championship +2800 , Over-Under 52.5","Oracle Arena Attendance: 803,436 (7th of 30)"
https://www.basketball-reference.com/teams/SAS/2014.html,2013-14,San Antonio Spurs,"62-20, Finished 1st in NBA Southwest Division",Gregg Popovich (62-20),R.C. Buford,105.4 (6th of 30) Opp PTS/G: 97.6 (6th of 30),8.00 (1st of 30) Pace : 95.0 (10th of 30),110.5 (7th of 30) Def Rtg : 102.4 (3rd of 30) Net Rtg : +8.1 (1st of 30),61-21 (1st of 30),"Championship +1200 , Over-Under 55.5","AT&T Center Attendance: 755,031 (9th of 30)"
https://www.basketball-reference.com/teams/MIA/2013.html,2012-13,Miami Heat,"66-16, Finished 1st in NBA Southeast Division",Erik Spoelstra (66-16),Pat Riley,102.9 (5th of 30) Opp PTS/G: 95.0 (5th of 30),7.03 (2nd of 30) Pace : 90.7 (23rd of 30),112.3 (2nd of 30) Def Rtg : 103.7 (9th of 30) Net Rtg : +8.6 (2nd of 30),62-20 (2nd of 30),"Championship +225 , Over-Under 60.5","AmericanAirlines Arena Attendance: 819,290 (3rd of 30)"
https://www.basketball-reference.com/teams/MIA/2012.html,2011-12,Miami Heat,"46-20, Finished 1st in NBA Southeast Division",Erik Spoelstra (46-20),Pat Riley,98.5 (7th of 30) Opp PTS/G: 92.5 (4th of 30),5.72 (4th of 30) Pace : 91.2 (16th of 30),106.6 (8th of 30) Def Rtg : 100.2 (4th of 30) Net Rtg : +6.5 (4th of 30),47-19 (3rd of 30),"Championship +225 , Over-Under 47.5","AmericanAirlines Arena Attendance: 657,855 (4th of 30)"
https://www.basketball-reference.com/teams/DAL/2011.html,2010-11,Dallas Mavericks,"57-25, Finished 2nd in NBA Southwest Division",Rick Carlisle (57-25),Donn Nelson,100.2 (11th of 30) Opp PTS/G: 96.0 (10th of 30),4.41 (8th of 30) Pace : 91.3 (17th of 30),109.7 (8th of 30) Def Rtg : 105.0 (8th of 30) Net Rtg : +4.6 (8th of 30),53-29 (8th of 30),"Championship +2000 , Over-Under 49.5","American Airlines Center Attendance: 824,162 (4th of 30)"
https://www.basketball-reference.com/teams/LAL/2010.html,2009-10,Los Angeles Lakers,"57-25, Finished 1st in NBA Pacific Division",Phil Jackson (57-25),Mitch Kupchak,101.7 (12th of 30) Opp PTS/G: 97.0 (9th of 30),4.78 (5th of 30) Pace : 92.8 (14th of 30),108.8 (11th of 30) Def Rtg : 103.7 (4th of 30) Net Rtg : +5.0 (7th of 30),54-28 (5th of 30),"Championship +225 , Over-Under 62.0","STAPLES Center Attendance: 778,877 (7th of 30)"
https://www.basketball-reference.com/teams/LAL/2009.html,2008-09,Los Angeles Lakers,"65-17, Finished 1st in NBA Pacific Division",Phil Jackson (65-17),Mitch Kupchak,106.9 (3rd of 30) Opp PTS/G: 99.3 (13th of 30),7.11 (3rd of 30) Pace : 94.3 (5th of 30),112.8 (3rd of 30) Def Rtg : 104.7 (6th of 30) Net Rtg : +8.1 (3rd of 30),61-21 (3rd of 30),"Championship +350 , Over-Under 54.5","STAPLES Center Attendance: 778,877 (8th of 30)"
https://www.basketball-reference.com/teams/BOS/2008.html,2007-08,Boston Celtics,"66-16, Finished 1st in NBA Atlantic Division",Doc Rivers (66-16),Danny Ainge,100.5 (11th of 30) Opp PTS/G: 90.3 (2nd of 30),9.30 (1st of 30) Pace : 90.9 (19th of 30),110.2 (10th of 30) Def Rtg : 98.9 (1st of 30) Net Rtg : +11.2 (1st of 30),67-15 (1st of 30),"Championship +1000 , Over-Under 49.5","TD Banknorth Garden Attendance: 763,584 (12th of 30)"
https://www.basketball-reference.com/teams/SAS/2007.html,2006-07,San Antonio Spurs,"58-24, Finished 2nd in NBA Southwest Division",Gregg Popovich (58-24),R.C. Buford,98.5 (14th of 30) Opp PTS/G: 90.1 (1st of 30),8.35 (1st of 30) Pace : 89.8 (27th of 30),109.2 (5th of 30) Def Rtg : 99.9 (2nd of 30) Net Rtg : +9.3 (1st of 30),64-18 (1st of 30),"Championship +450 , Over-Under 56.0","AT&T Center Attendance: 764,823 (9th of 30)"
https://www.basketball-reference.com/teams/MIA/2006.html,2005-06,Miami Heat,"52-30, Finished 1st in NBA Southeast Division","Stan Van Gundy (11-10), Pat Riley (41-20)",Randy Pfund,99.9 (6th of 30) Opp PTS/G: 96.0 (14th of 30),3.59 (6th of 30) Pace : 91.6 (12th of 30),108.7 (7th of 30) Def Rtg : 104.5 (9th of 30) Net Rtg : +4.2 (6th of 30),52-30 (6th of 30),"Championship +350 , Over-Under 58.0","AmericanAirlines Arena Attendance: 818,149 (4th of 30)"
https://www.basketball-reference.com/teams/SAS/2005.html,2004-05,San Antonio Spurs,"59-23, Finished 1st in NBA Southwest Division",Gregg Popovich (59-23),R.C. Buford,96.2 (18th of 30) Opp PTS/G: 88.4 (1st of 30),7.84 (1st of 30) Pace : 88.9 (23rd of 30),107.5 (8th of 30) Def Rtg : 98.8 (1st of 30) Net Rtg : +8.7 (1st of 30),63-19 (1st of 30),"Championship +400 , Over-Under 56.5","SBC Center Attendance: 750,970 (9th of 30)"
https://www.basketball-reference.com/teams/DET/2004.html,2003-04,Detroit Pistons,"54-28, Finished 2nd in NBA Central Division",Larry Brown (54-28),Joe Dumars,90.1 (24th of 29) Opp PTS/G: 84.3 (2nd of 29),5.04 (4th of 29) Pace : 87.9 (24th of 29),102.0 (18th of 29) Def Rtg : 95.4 (2nd of 29) Net Rtg : +6.6 (2nd of 29),59-23 (2nd of 29),"Championship +1500 , Over-Under 49.5","The Palace of Auburn Hills Attendance: 872,902 (1st of 29)"
https://www.basketball-reference.com/teams/SAS/2003.html,2002-03,San Antonio Spurs,"60-22, Finished 1st in NBA Midwest Division",Gregg Popovich (60-22),R.C. Buford,95.8 (12th of 29) Opp PTS/G: 90.4 (3rd of 29),5.65 (3rd of 29) Pace : 90.0 (20th of 29),105.6 (7th of 29) Def Rtg : 99.7 (3rd of 29) Net Rtg : +6.0 (3rd of 29),57-25 (3rd of 29),"Championship +1100 , Over-Under 55.5","SBC Center Attendance: 735,970 (11th of 29)"
https://www.basketball-reference.com/teams/LAL/2002.html,2001-02,Los Angeles Lakers,"58-24, Finished 2nd in NBA Pacific Division",Phil Jackson (58-24),Mitch Kupchak,101.3 (3rd of 29) Opp PTS/G: 94.1 (10th of 29),7.15 (2nd of 29) Pace : 92.1 (6th of 29),109.4 (2nd of 29) Def Rtg : 101.7 (7th of 29) Net Rtg : +7.7 (2nd of 29),60-22 (2nd of 29),"Championship +200 , Over-Under 58.5","STAPLES Center Attendance: 778,777 (8th of 29)"
https://www.basketball-reference.com/teams/LAL/2001.html,2000-01,Los Angeles Lakers,"56-26, Finished 1st in NBA Pacific Division",Phil Jackson (56-26),Mitch Kupchak,100.6 (3rd of 29) Opp PTS/G: 97.2 (23rd of 29),3.74 (6th of 29) Pace : 91.7 (14th of 29),108.4 (2nd of 29) Def Rtg : 104.8 (21st of 29) Net Rtg : +3.6 (8th of 29),51-31 (8th of 29),"Championship +180 , Over-Under 61.5","STAPLES Center Attendance: 776,336 (8th of 29)"
https://www.basketball-reference.com/teams/LAL/2000.html,1999-00,Los Angeles Lakers,"67-15, Finished 1st in NBA Pacific Division",Phil Jackson (67-15),Jerry West,100.8 (6th of 29) Opp PTS/G: 92.3 (6th of 29),8.41 (1st of 29) Pace : 93.3 (14th of 29),107.3 (5th of 29) Def Rtg : 98.2 (1st of 29) Net Rtg : +9.1 (1st of 29),64-18 (1st of 29),"Championship +400 , Over-Under 53.5","STAPLES Center Attendance: 771,420 (7th of 29)"
https://www.basketball-reference.com/teams/SAS/1999.html,1998-99,San Antonio Spurs,"37-13, Finished 1st in NBA Midwest Division",Gregg Popovich (37-13),Gregg Popovich,92.8 (13th of 29) Opp PTS/G: 84.7 (3rd of 29),7.12 (1st of 29) Pace : 88.6 (19th of 29),104.0 (11th of 29) Def Rtg : 95.0 (1st of 29) Net Rtg : +9.0 (1st of 29),39-11 (1st of 29),Championship +450,"Alamodome Attendance: 527,357 (2nd of 29)"
https://www.basketball-reference.com/teams/CHI/1998.html,1997-98,Chicago Bulls,"62-20, Finished 1st in NBA Central Division",Phil Jackson (62-20),Jerry Krause,96.7 (9th of 29) Opp PTS/G: 89.6 (3rd of 29),7.24 (1st of 29) Pace : 89.0 (22nd of 29),107.7 (9th of 29) Def Rtg : 99.8 (3rd of 29) Net Rtg : +7.9 (3rd of 29),61-21 (1st of 29),"Championship +140 , Over-Under 57.5","United Center Attendance: 983,444 (1st of 29)"
https://www.basketball-reference.com/teams/CHI/1997.html,1996-97,Chicago Bulls,"69-13, Finished 1st in NBA Central Division",Phil Jackson (69-13),Jerry Krause,103.1 (1st of 29) Opp PTS/G: 92.3 (6th of 29),10.70 (1st of 29) Pace : 90.0 (18th of 29),114.4 (1st of 29) Def Rtg : 102.4 (4th of 29) Net Rtg : +12.0 (1st of 29),68-14 (1st of 29),"Championship +100 , Over-Under 64.5","United Center Attendance: 978,457 (2nd of 29)"
https://www.basketball-reference.com/teams/CHI/1996.html,1995-96,Chicago Bulls,"72-10, Finished 1st in NBA Central Division",Phil Jackson (72-10),Jerry Krause,105.2 (1st of 29) Opp PTS/G: 92.9 (3rd of 29),11.80 (1st of 29) Pace : 91.1 (20th of 29),115.2 (1st of 29) Def Rtg : 101.8 (1st of 29) Net Rtg : +13.4 (1st of 29),70-12 (1st of 29),"Championship +350 , Over-Under 59.5","United Center Attendance: 969,149 (2nd of 29)"
https://www.basketball-reference.com/teams/HOU/1995.html,1994-95,Houston Rockets,"47-35, Finished 3rd in NBA Midwest Division",Rudy Tomjanovich (47-35),Bob Weinhauer,103.5 (8th of 27) Opp PTS/G: 101.4 (14th of 27),2.32 (11th of 27) Pace : 94.2 (10th of 27),109.7 (7th of 27) Def Rtg : 107.4 (12th of 27) Net Rtg : +2.2 (11th of 27),47-35 (11th of 27),"Championship +450 , Over-Under 52.0","The Summit Attendance: 653,389 (17th of 27)"
https://www.basketball-reference.com/teams/HOU/1994.html,1993-94,Houston Rockets,"58-24, Finished 1st in NBA Midwest Division",Rudy Tomjanovich (58-24),"Tod Leiweke , Bob Weinhauer",101.1 (13th of 27) Opp PTS/G: 96.8 (5th of 27),4.19 (6th of 27) Pace : 95.0 (15th of 27),105.9 (15th of 27) Def Rtg : 101.4 (2nd of 27) Net Rtg : +4.5 (6th of 27),53-29 (6th of 27),"Championship +1200 , Over-Under 47.0","The Summit Attendance: 615,227 (18th of 27)"
https://www.basketball-reference.com/teams/CHI/1993.html,1992-93,Chicago Bulls,"57-25, Finished 1st in NBA Central Division",Phil Jackson (57-25),Jerry Krause,105.2 (15th of 27) Opp PTS/G: 98.9 (2nd of 27),6.19 (4th of 27) Pace : 92.5 (27th of 27),112.9 (2nd of 27) Def Rtg : 106.1 (7th of 27) Net Rtg : +6.8 (2nd of 27),58-24 (4th of 27),Championship +120,"Chicago Stadium Attendance: 759,656 (6th of 27)"
https://www.basketball-reference.com/teams/CHI/1992.html,1991-92,Chicago Bulls,"67-15, Finished 1st in NBA Central Division",Phil Jackson (67-15),Jerry Krause,109.9 (5th of 27) Opp PTS/G: 99.5 (3rd of 27),10.07 (1st of 27) Pace : 94.4 (22nd of 27),115.5 (1st of 27) Def Rtg : 104.5 (4th of 27) Net Rtg : +11.0 (1st of 27),66-16 (1st of 27),Championship +250,"Chicago Stadium Attendance: 759,980 (5th of 27)"
https://www.basketball-reference.com/teams/CHI/1991.html,1990-91,Chicago Bulls,"61-21, Finished 1st in NBA Central Division",Phil Jackson (61-21),Jerry Krause,110.0 (7th of 27) Opp PTS/G: 101.0 (4th of 27),8.57 (1st of 27) Pace : 95.6 (19th of 27),114.6 (1st of 27) Def Rtg : 105.2 (7th of 27) Net Rtg : +9.5 (1st of 27),63-19 (1st of 27),Championship +700,"Chicago Stadium Attendance: 757,745 (4th of 27)"
https://www.basketball-reference.com/teams/DET/1990.html,1989-90,Detroit Pistons,"59-23, Finished 1st in NBA Central Division",Chuck Daly (59-23),Jack McCloskey,104.3 (19th of 27) Opp PTS/G: 98.3 (1st of 27),5.41 (4th of 27) Pace : 94.4 (26th of 27),109.9 (11th of 27) Def Rtg : 103.5 (2nd of 27) Net Rtg : +6.4 (3rd of 27),57-25 (3rd of 27),Championship +300,"The Palace of Auburn Hills Attendance: 879,705 (3rd of 27)"
https://www.basketball-reference.com/teams/DET/1989.html,1988-89,Detroit Pistons,"63-19, Finished 1st in NBA Central Division",Chuck Daly (63-19),Jack McCloskey,106.6 (16th of 25) Opp PTS/G: 100.8 (2nd of 25),6.24 (4th of 25) Pace : 95.5 (25th of 25),110.8 (7th of 25) Def Rtg : 104.7 (3rd of 25) Net Rtg : +6.0 (4th of 25),56-26 (4th of 25),Championship +400,"The Palace of Auburn Hills Attendance: 879,405 (2nd of 25)"
https://www.basketball-reference.com/teams/LAL/1988.html,1987-88,Los Angeles Lakers,"62-20, Finished 1st in NBA Pacific Division",Pat Riley (62-20),Jerry West,112.8 (5th of 23) Opp PTS/G: 107.0 (11th of 23),4.81 (3rd of 23) Pace : 99.1 (11th of 23),113.1 (2nd of 23) Def Rtg : 107.3 (9th of 23) Net Rtg : +5.9 (2nd of 23),56-26 (2nd of 23),Championship +120,"The Forum Attendance: 708,477 (3rd of 23)"
https://www.basketball-reference.com/teams/LAL/1987.html,1986-87,Los Angeles Lakers,"65-17, Finished 1st in NBA Pacific Division",Pat Riley (65-17),Jerry West,117.8 (2nd of 23) Opp PTS/G: 108.5 (12th of 23),8.31 (1st of 23) Pace : 101.6 (10th of 23),115.6 (1st of 23) Def Rtg : 106.5 (7th of 23) Net Rtg : +9.1 (1st of 23),62-20 (1st of 23),Championship +400,"The Forum Attendance: 681,207 (3rd of 23)"
https://www.basketball-reference.com/teams/BOS/1986.html,1985-86,Boston Celtics,"67-15, Finished 1st in NBA Atlantic Division",K.C. Jones (67-15),Jan Volk,114.1 (8th of 23) Opp PTS/G: 104.7 (3rd of 23),9.06 (1st of 23) Pace : 101.2 (16th of 23),111.8 (3rd of 23) Def Rtg : 102.6 (1st of 23) Net Rtg : +9.2 (1st of 23),63-19 (1st of 23),Championship +250,"Boston Garden Attendance: 610,571 (4th of 23)"
https://www.basketball-reference.com/teams/LAL/1985.html,1984-85,Los Angeles Lakers,"62-20, Finished 1st in NBA Pacific Division",Pat Riley (62-20),Jerry West,118.2 (2nd of 23) Opp PTS/G: 110.9 (14th of 23),6.48 (2nd of 23) Pace : 103.2 (9th of 23),114.1 (1st of 23) Def Rtg : 107.0 (7th of 23) Net Rtg : +7.1 (1st of 23),58-24 (1st of 23),Championship +200,"The Forum Attendance: 610,361 (4th of 23)"
https://www.basketball-reference.com/teams/BOS/1984.html,1983-84,Boston Celtics,"62-20, Finished 1st in NBA Atlantic Division",K.C. Jones (62-20),Red Auerbach,112.1 (7th of 23) Opp PTS/G: 105.6 (4th of 23),6.42 (1st of 23) Pace : 99.7 (15th of 23),110.9 (6th of 23) Def Rtg : 104.4 (3rd of 23) Net Rtg : +6.5 (1st of 23),57-25 (1st of 23),,"Boston Garden Attendance: 606,857 (3rd of 23)"
https://www.basketball-reference.com/teams/PHI/1983.html,1982-83,Philadelphia 76ers,"65-17, Finished 1st in NBA Atlantic Division",Billy Cunningham (65-17),Pat Williams,112.1 (8th of 23) Opp PTS/G: 104.4 (7th of 23),7.53 (1st of 23) Pace : 102.7 (15th of 23),108.3 (5th of 23) Def Rtg : 100.9 (5th of 23) Net Rtg : +7.4 (1st of 23),60-22 (1st of 23),,"The Spectrum Attendance: 612,203 (2nd of 23)"
https://www.basketball-reference.com/teams/LAL/1982.html,1981-82,Los Angeles Lakers,"57-25, Finished 1st in NBA Pacific Division","Paul Westhead (7-4), Pat Riley (50-21)",Bill Sharman,114.6 (2nd of 23) Opp PTS/G: 109.8 (15th of 23),4.37 (4th of 23) Pace : 103.1 (4th of 23),110.2 (2nd of 23) Def Rtg : 105.5 (10th of 23) Net Rtg : +4.7 (4th of 23),53-29 (4th of 23),,"The Forum Attendance: 605,236 (3rd of 23)"
https://www.basketball-reference.com/teams/BOS/1981.html,1980-81,Boston Celtics,"62-20, Finished 1st in NBA Atlantic Division",Bill Fitch (62-20),Red Auerbach,109.9 (8th of 23) Opp PTS/G: 104.0 (2nd of 23),6.05 (3rd of 23) Pace : 100.8 (16th of 23),108.4 (5th of 23) Def Rtg : 102.6 (4th of 23) Net Rtg : +5.8 (3rd of 23),56-26 (3rd of 23),,"Boston Garden Attendance: 595,454 (2nd of 23)"
https://www.basketball-reference.com/teams/LAL/1980.html,1979-80,Los Angeles Lakers,"60-22, Finished 1st in NBA Pacific Division","Jack McKinney (10-4), Paul Westhead (50-18)",Bill Sharman,115.1 (2nd of 22) Opp PTS/G: 109.2 (11th of 22),5.40 (2nd of 22) Pace : 104.1 (8th of 22),109.5 (1st of 22) Def Rtg : 103.9 (9th of 22) Net Rtg : +5.6 (2nd of 22),55-27 (2nd of 22),,"The Forum Attendance: 582,882 (2nd of 2)"
https://www.basketball-reference.com/teams/SEA/1979.html,1978-79,Seattle SuperSonics,"52-30, Finished 1st in NBA Pacific Division",Lenny Wilkens (52-30),Zollie Volchok,106.6 (19th of 22) Opp PTS/G: 103.9 (1st of 22),2.69 (6th of 22) Pace : 103.4 (18th of 22),102.7 (14th of 22) Def Rtg : 100.1 (1st of 22) Net Rtg : +2.6 (6th of 22),48-34 (5th of 22),,
https://www.basketball-reference.com/teams/WSB/1978.html,1977-78,Washington Bullets,"44-38, Finished 2nd in NBA Central Division",Dick Motta (44-38),Bob Ferry,110.3 (7th of 22) Opp PTS/G: 109.4 (12th of 22),0.82 (7th of 22) Pace : 108.1 (11th of 22),101.3 (10th of 22) Def Rtg : 100.5 (9th of 22) Net Rtg : +0.9 (7th of 22),43-39 (7th of 22),,Capital Centre
https://www.basketball-reference.com/teams/POR/1977.html,1976-77,Portland Trail Blazers,"49-33, Finished 2nd in NBA Pacific Division",Jack Ramsay (49-33),,111.7 (3rd of 22) Opp PTS/G: 106.2 (9th of 22),5.39 (1st of 22) Pace : 108.0 (7th of 22),103.2 (2nd of 22) Def Rtg : 98.0 (5th of 22) Net Rtg : +5.2 (1st of 22),55-27 (1st of 22),,Memorial Coliseum
https://www.basketball-reference.com/teams/BOS/1976.html,1975-76,Boston Celtics,"54-28, Finished 1st in NBA Atlantic Division",Tom Heinsohn (54-28),Red Auerbach,106.2 (6th of 18) Opp PTS/G: 103.9 (6th of 18),2.25 (3rd of 18) Pace : 106.9 (7th of 18),98.9 (6th of 18) Def Rtg : 96.7 (3rd of 18) Net Rtg : +2.2 (4th of 18),47-35 (4th of 18),,"Boston Garden Attendance: 539,589 (1st of 2)"
https://www.basketball-reference.com/teams/NYA/1976.html,1975-76,New York Nets,"55-29, Finished 2nd in ABA",Kevin Loughery (55-29),Roy Boe,111.8 (5th of 9) Opp PTS/G: 108.8 (2nd of 9),2.56 (3rd of 9) Pace : 105.9 (5th of 9),104.4 (4th of 9) Def Rtg : 101.7 (1st of 9) Net Rtg : +2.8 (3rd of 9),50-34 (3rd of 9),,Nassau Veterans Memorial Coliseum
https://www.basketball-reference.com/teams/GSW/1975.html,1974-75,Golden State Warriors,"48-34, Finished 1st in NBA Pacific Division",Al Attles (48-34),Dick Vertlieb,108.5 (1st of 18) Opp PTS/G: 105.2 (14th of 18),2.86 (4th of 18) Pace : 107.6 (3rd of 18),100.4 (2nd of 18) Def Rtg : 97.3 (5th of 18) Net Rtg : +3.0 (4th of 18),50-32 (4th of 18),,Oakland-Alameda County Coliseum Arena
https://www.basketball-reference.com/teams/KEN/1975.html,1974-75,Kentucky Colonels,"58-26, Finished 1st in ABA Eastern Division",Hubie Brown (58-26),,108.9 (7th of 10) Opp PTS/G: 101.7 (1st of 10),6.24 (3rd of 10) Pace : 102.4 (7th of 10),105.3 (5th of 10) Def Rtg : 98.3 (1st of 10) Net Rtg : +7.0 (2nd of 10),61-23 (2nd of 10),,Freedom Hall
https://www.basketball-reference.com/teams/BOS/1974.html,1973-74,Boston Celtics,"56-26, Finished 1st in NBA Atlantic Division",Tom Heinsohn (56-26),Red Auerbach,109.0 (4th of 17) Opp PTS/G: 105.1 (7th of 17),3.42 (3rd of 17) Pace : 110.0 (5th of 17),98.6 (5th of 17) Def Rtg : 95.1 (6th of 17) Net Rtg : +3.5 (3rd of 17),51-31 (3rd of 17),,"Boston Garden Attendance: 355,261 (2nd of 2)"
https://www.basketball-reference.com/teams/NYA/1974.html,1973-74,New York Nets,"55-29, Finished 1st in ABA Eastern Division",Kevin Loughery (55-29),"Roy Boe , Dave DeBusschere",109.4 (3rd of 10) Opp PTS/G: 104.0 (3rd of 10),4.80 (1st of 10) Pace : 105.0 (2nd of 10),103.5 (4th of 10) Def Rtg : 98.4 (1st of 10) Net Rtg : +5.1 (1st of 10),56-28 (1st of 10),,Nassau Veterans Memorial Coliseum
https://www.basketball-reference.com/teams/NYK/1973.html,1972-73,New York Knicks,"57-25, Finished 2nd in NBA Atlantic Division",Red Holzman (57-25),Red Holzman,105.0 (11th of 17) Opp PTS/G: 98.2 (1st of 17),6.07 (4th of 17) Pace : 105.9 (16th of 17),98.9 (3rd of 17) Def Rtg : 92.5 (4th of 17) Net Rtg : +6.4 (4th of 17),59-23 (4th of 17),,Madison Square Garden (IV)
https://www.basketball-reference.com/teams/INA/1973.html,1972-73,Indiana Pacers,"51-33, Finished 2nd in ABA Western Division",Slick Leonard (51-33),,114.7 (3rd of 10) Opp PTS/G: 112.5 (6th of 10),1.97 (5th of 10) Pace : 112.7 (1st of 10),100.7 (7th of 10) Def Rtg : 98.8 (2nd of 10) Net Rtg : +1.9 (5th of 10),48-36 (5th of 10),,Indiana State Fair Coliseum
https://www.basketball-reference.com/teams/LAL/1972.html,1971-72,Los Angeles Lakers,"69-13, Finished 1st in NBA Pacific Division",Bill Sharman (69-13),Fred Schaus,121.0 (1st of 17) Opp PTS/G: 108.7 (6th of 17),11.65 (1st of 17) Pace : 116.9 (1st of 17),103.1 (1st of 17) Def Rtg : 92.6 (2nd of 17) Net Rtg : +10.5 (1st of 17),67-15 (1st of 17),,"The Forum Attendance: 668,340 (1st of 2)"
https://www.basketball-reference.com/teams/INA/1972.html,1971-72,Indiana Pacers,"47-37, Finished 2nd in ABA Western Division",Slick Leonard (47-37),,112.9 (6th of 11) Opp PTS/G: 110.3 (3rd of 11),2.72 (3rd of 11) Pace : 110.7 (8th of 11),101.1 (5th of 11) Def Rtg : 98.7 (2nd of 11) Net Rtg : +2.4 (3rd of 11),49-35 (3rd of 11),,Indiana State Fair Coliseum
https://www.basketball-reference.com/teams/MIL/1971.html,1970-71,Milwaukee Bucks,"66-16, Finished 1st in NBA Midwest Division",Larry Costello (66-16),Ray Patterson,118.4 (1st of 17) Opp PTS/G: 106.2 (3rd of 17),11.91 (1st of 17) Pace : 113.4 (12th of 17),103.9 (1st of 17) Def Rtg : 93.1 (1st of 17) Net Rtg : +10.8 (1st of 17),67-15 (1st of 17),,Milwaukee Arena
https://www.basketball-reference.com/teams/UTS/1971.html,1970-71,Utah Stars,"57-27, Finished 2nd in ABA Western Division",Bill Sharman (57-27),,119.0 (6th of 11) Opp PTS/G: 111.9 (3rd of 11),6.59 (1st of 11) Pace : 108.9 (8th of 11),108.7 (2nd of 11) Def Rtg : 102.2 (2nd of 11) Net Rtg : +6.5 (1st of 11),59-25 (1st of 11),,Salt Palace
https://www.basketball-reference.com/teams/NYK/1970.html,1969-70,New York Knicks,"60-22, Finished 1st in NBA Eastern Division",Red Holzman (60-22),"Eddie Donovan , Red Holzman",115.0 (9th of 14) Opp PTS/G: 105.9 (1st of 14),8.42 (1st of 14) Pace : 114.3 (12th of 14),100.3 (5th of 14) Def Rtg : 92.4 (1st of 14) Net Rtg : +7.9 (1st of 14),62-20 (1st of 14),,Madison Square Garden (IV)
https://www.basketball-reference.com/teams/INA/1970.html,1969-70,Indiana Pacers,"59-25, Finished 1st in ABA Eastern Division",Slick Leonard (59-25),,113.2 (6th of 11) Opp PTS/G: 109.8 (4th of 11),2.67 (2nd of 11) Pace : 106.7 (9th of 11),105.4 (2nd of 11) Def Rtg : 102.2 (6th of 11) Net Rtg : +3.2 (2nd of 11),51-33 (2nd of 11),,Indiana State Fair Coliseum
https://www.basketball-reference.com/teams/BOS/1969.html,1968-69,Boston Celtics,"48-34, Finished 4th in NBA Eastern Division",Bill Russell (48-34),Red Auerbach,111.0 (10th of 14) Opp PTS/G: 105.4 (2nd of 14),5.35 (2nd of 14) Pace : 117.5 (5th of 14),93.8 (10th of 14) Def Rtg : 89.1 (1st of 14) Net Rtg : +4.7 (2nd of 14),55-27 (2nd of 14),,"Boston Garden Attendance: 322,130 (2nd of 2)"
https://www.basketball-reference.com/teams/OAK/1969.html,1968-69,Oakland Oaks,"60-18, Finished 1st in ABA Western Division",Alex Hannum (60-18),,126.5 (1st of 11) Opp PTS/G: 118.1 (11th of 11),7.60 (1st of 11) Pace : 116.6 (1st of 11),107.9 (1st of 11) Def Rtg : 100.8 (1st of 11) Net Rtg : +7.2 (1st of 11),56-22 (1st of 11),,Oakland-Alameda County Coliseum Arena
https://www.basketball-reference.com/teams/BOS/1968.html,1967-68,Boston Celtics,"54-28, Finished 2nd in NBA Eastern Division",Bill Russell (54-28),Red Auerbach,116.1 (8th of 12) Opp PTS/G: 112.0 (2nd of 12),3.87 (3rd of 12) Pace : 121.1 (7th of 12),95.7 (8th of 12) Def Rtg : 92.4 (2nd of 12) Net Rtg : +3.4 (3rd of 12),51-31 (3rd of 12),,"Boston Garden Attendance: 320,788 (2nd of 2)"
https://www.basketball-reference.com/teams/PTP/1968.html,1967-68,Pittsburgh Pipers,"54-24, Finished 1st in ABA Eastern Division",Vince Cazzetta (54-24),,111.9 (1st of 11) Opp PTS/G: 108.7 (7th of 11),3.17 (4th of 11) Pace : 107.4 (5th of 11),103.8 (1st of 11) Def Rtg : 100.9 (5th of 11) Net Rtg : +3.0 (4th of 11),47-31 (4th of 11),,Pittsburgh Civic Arena
https://www.basketball-reference.com/teams/PHI/1967.html,1966-67,Philadelphia 76ers,"68-13, Finished 1st in NBA Eastern Division",Alex Hannum (68-13),Jack Ramsay,125.2 (1st of 10) Opp PTS/G: 115.8 (3rd of 10),8.50 (1st of 10) Pace : 122.9 (4th of 10),101.5 (1st of 10) Def Rtg : 93.9 (3rd of 10) Net Rtg : +7.7 (1st of 10),61-20 (1st of 10),,Convention Hall
https://www.basketball-reference.com/teams/BOS/1966.html,1965-66,Boston Celtics,"54-26, Finished 2nd in NBA Eastern Division",Red Auerbach (54-26),Red Auerbach,112.7 (7th of 9) Opp PTS/G: 107.8 (1st of 9),4.34 (1st of 9) Pace : 122.0 (5th of 9),92.3 (8th of 9) Def Rtg : 88.3 (1st of 9) Net Rtg : +4.0 (1st of 9),52-28 (1st of 9),,"Boston Garden Attendance: 246,189 (2nd of 2)"
https://www.basketball-reference.com/teams/BOS/1965.html,1964-65,Boston Celtics,"62-18, Finished 1st in NBA Eastern Division",Red Auerbach (62-18),Red Auerbach,112.8 (3rd of 9) Opp PTS/G: 104.4 (1st of 9),7.46 (1st of 9) Pace : 123.6 (1st of 9),90.9 (7th of 9) Def Rtg : 84.2 (1st of 9) Net Rtg : +6.8 (1st of 9),60-20 (1st of 9),,"Boston Garden Attendance: 246,529 (2nd of 2)"
https://www.basketball-reference.com/teams/BOS/1964.html,1963-64,Boston Celtics,"59-21, Finished 1st in NBA Eastern Division",Red Auerbach (59-21),Red Auerbach,113.0 (2nd of 9) Opp PTS/G: 105.1 (2nd of 9),6.93 (1st of 9) Pace : 125.0 (1st of 9),90.1 (9th of 9) Def Rtg : 83.8 (1st of 9) Net Rtg : +6.3 (1st of 9),59-21 (1st of 9),,"Boston Garden Attendance: 223,347 (2nd of 2)"
https://www.basketball-reference.com/teams/BOS/1963.html,1962-63,Boston Celtics,"58-22, Finished 1st in NBA Eastern Division",Red Auerbach (58-22),Red Auerbach,118.8 (3rd of 9) Opp PTS/G: 111.6 (2nd of 9),6.38 (1st of 9) Pace : 127.3 (1st of 9),93.0 (9th of 9) Def Rtg : 87.4 (1st of 9) Net Rtg : +5.6 (1st of 9),56-24 (1st of 9),,"Boston Garden Attendance: 262,581 (2nd of 2)"
https://www.basketball-reference.com/teams/BOS/1962.html,1961-62,Boston Celtics,"60-20, Finished 1st in NBA Eastern Division",Red Auerbach (60-20),Red Auerbach,121.1 (3rd of 9) Opp PTS/G: 111.8 (1st of 9),8.25 (1st of 9) Pace : 130.8 (2nd of 9),92.1 (7th of 9) Def Rtg : 85.1 (1st of 9) Net Rtg : +7.0 (1st of 9),60-20 (1st of 9),,"Boston Garden Attendance: 191,855 (1st of 2)"
https://www.basketball-reference.com/teams/BOS/1961.html,1960-61,Boston Celtics,"57-22, Finished 1st in NBA Eastern Division",Red Auerbach (57-22),Red Auerbach,119.7 (3rd of 8) Opp PTS/G: 114.1 (2nd of 8),4.94 (1st of 8) Pace : 134.5 (1st of 8),88.6 (8th of 8) Def Rtg : 84.4 (1st of 8) Net Rtg : +4.2 (1st of 8),52-27 (1st of 8),,"Boston Garden Attendance: 201,569 (1st of 2)"
https://www.basketball-reference.com/teams/BOS/1960.html,1959-60,Boston Celtics,"59-16, Finished 1st in NBA Eastern Division",Red Auerbach (59-16),Red Auerbach,124.5 (1st of 8) Opp PTS/G: 116.2 (5th of 8),7.62 (1st of 8) Pace : 136.3 (1st of 8),91.0 (5th of 8) Def Rtg : 84.9 (1st of 8) Net Rtg : +6.1 (1st of 8),54-21 (1st of 8),,"Boston Garden Attendance: 209,374 (1st of 1)"
https://www.basketball-reference.com/teams/BOS/1959.html,1958-59,Boston Celtics,"52-20, Finished 1st in NBA Eastern Division",Red Auerbach (52-20),Red Auerbach,116.4 (1st of 8) Opp PTS/G: 109.9 (6th of 8),5.84 (1st of 8) Pace : 128.7 (1st of 8),89.5 (5th of 8) Def Rtg : 84.5 (1st of 8) Net Rtg : +5.0 (1st of 8),50-22 (1st of 8),,"Boston Garden Attendance: 244,642 (1st of 1)"
https://www.basketball-reference.com/teams/STL/1958.html,1957-58,St. Louis Hawks,"41-31, Finished 1st in NBA Western Division",Alex Hannum (41-31),,107.5 (3rd of 8) Opp PTS/G: 106.2 (5th of 8),0.82 (4th of 8) Pace : 119.5 (3rd of 8),89.7 (3rd of 8) Def Rtg : 88.6 (5th of 8) Net Rtg : +1.1 (3rd of 8),39-33 (3rd of 8),,Kiel Auditorium
https://www.basketball-reference.com/teams/BOS/1957.html,1956-57,Boston Celtics,"44-28, Finished 1st in NBA Eastern Division",Red Auerbach (44-28),Red Auerbach,105.5 (1st of 8) Opp PTS/G: 100.2 (5th of 8),4.78 (1st of 8) Pace : 118.0 (1st of 8),88.5 (5th of 8) Def Rtg : 84.0 (1st of 8) Net Rtg : +4.5 (1st of 8),49-23 (1st of 8),,"Boston Garden Attendance: 262,918 (1st of 1)"
https://www.basketball-reference.com/teams/PHW/1956.html,1955-56,Philadelphia Warriors,"45-27, Finished 1st in NBA Eastern Division",George Senesky (45-27),Eddie Gottlieb,103.1 (2nd of 8) Opp PTS/G: 98.8 (5th of 8),3.82 (1st of 8) Pace : 108.5 (4th of 8),94.6 (1st of 8) Def Rtg : 90.7 (5th of 8) Net Rtg : +3.9 (1st of 8),46-26 (1st of 8),,Convention Hall
https://www.basketball-reference.com/teams/SYR/1955.html,1954-55,Syracuse Nationals,"43-29, Finished 1st in NBA Eastern Division",Al Cervi (43-29),Danny Biasone,91.1 (6th of 8) Opp PTS/G: 89.7 (1st of 8),1.23 (2nd of 8) Pace : 103.6 (4th of 8),87.5 (7th of 8) Def Rtg : 86.2 (1st of 8) Net Rtg : +1.3 (2nd of 8),40-32 (2nd of 8),,Onondaga War Memorial
https://www.basketball-reference.com/teams/MNL/1954.html,1953-54,Minneapolis Lakers,"46-26, Finished 1st in NBA Western Division",John Kundla (46-26),,81.7 (3rd of 9) Opp PTS/G: 78.6 (4th of 9),2.71 (2nd of 9) Pace : 93.5 (2nd of 9),86.8 (5th of 9) Def Rtg : 83.5 (2nd of 9) Net Rtg : +3.2 (2nd of 9),45-27 (2nd of 9),,Minneapolis Auditorium
https://www.basketball-reference.com/teams/MNL/1953.html,1952-53,Minneapolis Lakers,"48-22, Finished 1st in NBA Western Division",John Kundla (48-22),,85.3 (5th of 10) Opp PTS/G: 79.2 (3rd of 10),5.54 (1st of 10) Pace : 93.7 (4th of 10),90.1 (4th of 10) Def Rtg : 83.6 (1st of 10) Net Rtg : +6.5 (1st of 10),52-18 (1st of 10),,Minneapolis Auditorium
https://www.basketball-reference.com/teams/MNL/1952.html,1951-52,Minneapolis Lakers,"40-26, Finished 2nd in NBA Western Division",John Kundla (40-26),,85.6 (5th of 10) Opp PTS/G: 79.5 (1st of 10),5.28 (1st of 10) Pace : 97.2 (3rd of 10),85.3 (7th of 10) Def Rtg : 79.3 (1st of 10) Net Rtg : +6.0 (1st of 10),49-17 (1st of 10),,Minneapolis Auditorium
https://www.basketball-reference.com/teams/ROC/1951.html,1950-51,Rochester Royals,"41-27, Finished 2nd in NBA Western Division",Les Harrison (41-27),,84.6 (5th of 11) Opp PTS/G: 81.7 (3rd of 11),2.54 (3rd of 11) Pace : 92.3 (11th of 11),89.3 (1st of 11) Def Rtg : 86.2 (7th of 11) Net Rtg : +3.2 (3rd of 11),42-26 (3rd of 11),,Edgerton Park Arena
https://www.basketball-reference.com/teams/MNL/1950.html,1949-50,Minneapolis Lakers,"51-17, Finished 1st in NBA Central Division",John Kundla (51-17),,84.1 (4th of 17) Opp PTS/G: 75.7 (2nd of 17),8.25 (1st of 17) Pace,Def Rtg : Net Rtg,55-13 (1st of 17),,Minneapolis Auditorium
https://www.basketball-reference.com/teams/MNL/1949.html,1948-49,Minneapolis Lakers,"44-16, Finished 2nd in BAA Western Division",John Kundla (44-16),,84.0 (1st of 12) Opp PTS/G: 76.7 (1st of 12),6.80 (1st of 12) Pace,Def Rtg : Net Rtg,47-13 (1st of 12),,Minneapolis Auditorium
https://www.basketball-reference.com/teams/BLB/1948.html,1947-48,Baltimore Bullets,"28-20, Finished 2nd in BAA Western Division",Buddy Jeannette (28-20),,74.4 (3rd of 8) Opp PTS/G: 70.5 (2nd of 8),3.69 (1st of 8) Pace,Def Rtg : Net Rtg,33-15 (1st of 8),,Baltimore Coliseum
https://www.basketball-reference.com/teams/PHW/1947.html,1946-47,Philadelphia Warriors,"35-25, Finished 2nd in BAA Eastern Division",Eddie Gottlieb (35-25),,68.6 (5th of 11) Opp PTS/G: 65.2 (5th of 11),3.16 (3rd of 11) Pace,Def Rtg : Net Rtg,40-20 (2nd of 11),,Philadelphia Arena
