Rk,Season,TeamName,TeamId,G,MP,FG,FGA,FG%,3P,3PA,3P%,2P,2PA,2P%,FT,FTA,FT%,ORB,DRB,TRB,AST,STL,BLK,TOV,PF,PTS
1,2025-26,Denver Nuggets,DEN,82,19930,3570,7196,.496,1161,2934,.396,2409,4262,.565,1709,2116,.808,801,2805,3606,2375,560,325,1057,1569,10010
2,2025-26,Miami Heat,MIA,82,19705,3582,7648,.468,1123,3107,.361,2459,4541,.542,1624,2051,.792,970,2825,3795,2374,709,349,1120,1547,9911
3,2025-26,San Antonio Spurs,SAS,82,19730,3562,7371,.483,1116,3108,.359,2446,4263,.574,1586,2016,.787,935,2921,3856,2302,617,447,1103,1546,9826
4,2025-26,Cleveland Cavaliers,CLE,82,19755,3554,7381,.482,1173,3261,.360,2381,4120,.578,1520,1959,.776,961,2682,3643,2321,697,409,1147,1605,9801
5,2025-26,Oklahoma City Thunder,OKC,82,19855,3534,7307,.484,1135,3111,.365,2399,4196,.572,1557,1905,.817,784,2834,3618,2113,796,449,1031,1555,9760
6,2025-26,Atlanta Hawks,ATL,82,19755,3575,7541,.474,1201,3237,.371,2374,4304,.552,1363,1762,.774,900,2670,3570,2471,768,384,1162,1612,9714
7,2025-26,Minnesota Timberwolves,MIN,82,19780,3495,7260,.481,1128,3049,.370,2367,4211,.562,1558,2072,.752,907,2708,3615,2138,717,476,1214,1738,9676
8,2025-26,Detroit Pistons,DET,82,19805,3560,7340,.485,902,2534,.356,2658,4806,.553,1635,2144,.763,1073,2663,3736,2281,856,523,1241,1803,9657
9,2025-26,Utah Jazz,UTA,82,19830,3489,7469,.467,1036,3006,.345,2453,4463,.550,1628,2071,.786,984,2609,3593,2429,729,309,1272,1733,9642
10,2025-26,New York Knicks,NYK,82,19755,3500,7328,.478,1168,3133,.373,2332,4195,.556,1381,1743,.792,1040,2700,3740,2250,666,322,1119,1638,9549
11,2025-26,Los Angeles Lakers,LAL,82,19705,3448,6863,.502,970,2701,.359,2478,4162,.595,1674,2194,.763,774,2587,3361,2122,701,351,1188,1517,9540
12,2025-26,Chicago Bulls,CHI,82,19755,3476,7417,.469,1169,3287,.356,2307,4130,.559,1416,1824,.776,849,2845,3694,2335,627,410,1257,1561,9537
13,2025-26,Charlotte Hornets,CHO,82,19755,3357,7292,.460,1343,3549,.378,2014,3743,.538,1456,1780,.818,1048,2730,3778,2160,577,369,1264,1564,9513
14,2025-26,Philadelphia 76ers,PHI,82,19880,3422,7404,.462,1011,2896,.349,2411,4508,.535,1647,2035,.809,967,2612,3579,2017,750,464,1117,1667,9502
15,2025-26,Orlando Magic,ORL,82,19830,3363,7244,.464,961,2799,.343,2402,4445,.540,1804,2251,.801,898,2659,3557,2177,697,387,1162,1719,9491
16,2025-26,New Orleans Pelicans,NOP,82,19805,3455,7420,.466,914,2635,.347,2541,4785,.531,1649,2104,.784,1002,2596,3598,2058,726,424,1163,1634,9473
17,2025-26,Portland Trail Blazers,POR,82,19755,3350,7389,.453,1186,3462,.343,2164,3927,.551,1583,2069,.765,1157,2614,3771,2062,677,448,1417,1634,9469
18,2025-26,Houston Rockets,HOU,82,19905,3523,7361,.479,940,2580,.364,2583,4781,.540,1463,1917,.763,1233,2713,3946,2083,701,473,1261,1501,9449
19,2025-26,Boston Celtics,BOS,82,19730,3456,7398,.467,1268,3456,.367,2188,3942,.555,1238,1534,.807,1025,2777,3802,2021,585,410,1014,1562,9418
20,2025-26,Memphis Grizzlies,MEM,82,19730,3390,7431,.456,1143,3241,.353,2247,4190,.536,1480,1867,.793,916,2538,3454,2283,723,393,1236,1680,9403
21,2025-26,Toronto Raptors,TOR,82,19780,3495,7250,.482,932,2633,.354,2563,4617,.555,1478,1922,.769,895,2557,3452,2417,722,395,1121,1710,9400
22,2025-26,Golden State Warriors,GSW,82,19805,3357,7280,.461,1286,3616,.356,2071,3664,.565,1398,1732,.807,932,2540,3472,2369,796,346,1284,1608,9398
23,2025-26,Dallas Mavericks,DAL,82,19855,3432,7366,.466,899,2615,.344,2533,4751,.533,1595,2113,.755,863,2803,3666,2072,619,423,1193,1508,9358
24,2025-26,Los Angeles Clippers,LAC,82,19780,3322,6857,.484,1019,2772,.368,2303,4085,.564,1666,2025,.823,784,2545,3329,1947,738,400,1176,1549,9329
25,2025-26,Washington Wizards,WAS,82,19755,3428,7409,.463,1070,2983,.359,2358,4426,.533,1332,1738,.766,900,2536,3436,2054,655,452,1284,1750,9258
26,2025-26,Phoenix Suns,PHO,82,19755,3362,7389,.455,1210,3348,.361,2152,4041,.533,1298,1663,.781,1064,2471,3535,2021,781,347,1188,1691,9232
27,2025-26,Indiana Pacers,IND,82,19755,3346,7304,.458,1097,3084,.356,2249,4220,.533,1430,1842,.776,806,2633,3439,2269,605,374,1190,1710,9219
28,2025-26,Sacramento Kings,SAC,82,19755,3408,7299,.467,843,2476,.340,2565,4823,.532,1443,1870,.772,943,2523,3466,2095,658,372,1175,1614,9102
29,2025-26,Milwaukee Bucks,MIL,82,19755,3345,7012,.477,1240,3205,.387,2105,3807,.553,1142,1564,.730,731,2610,3341,2116,607,326,1247,1617,9072
30,2025-26,Brooklyn Nets,BRK,82,19755,3071,6933,.443,1073,3152,.340,1998,3781,.528,1471,1885,.780,847,2378,3225,2050,653,350,1292,1728,8686
,2025-26,League Average,,82,19783,3441,7305,.471,1091,3032,.360,2350,4273,.550,1507,1926,.783,933,2656,3589,2193,690,397,1190,1629,9480
1,2024-25,Cleveland Cavaliers,CLE,82,19755,3652,7444,.491,1303,3401,.383,2349,4043,.581,1392,1793,.776,917,2806,3723,2304,670,350,1082,1487,9999
2,2024-25,Memphis Grizzlies,MEM,82,19705,3670,7654,.479,1141,3106,.367,2529,4548,.556,1499,1908,.786,1056,2819,3875,2330,726,462,1285,1711,9980
3,2024-25,Denver Nuggets,DEN,82,19855,3724,7360,.506,984,2619,.376,2740,4741,.578,1470,1909,.770,919,2832,3751,2542,656,402,1169,1444,9902
4,2024-25,Oklahoma City Thunder,OKC,82,19705,3660,7600,.482,1192,3184,.374,2468,4416,.559,1369,1672,.819,871,2801,3672,2202,847,465,961,1631,9881
5,2024-25,Atlanta Hawks,ATL,82,19780,3556,7528,.472,1107,3089,.358,2449,4439,.552,1472,1900,.775,974,2675,3649,2426,798,419,1273,1564,9691
6,2024-25,Chicago Bulls,CHI,82,19755,3543,7545,.470,1266,3447,.367,2277,4098,.556,1308,1617,.809,825,2935,3760,2383,621,386,1203,1444,9660
7,2024-25,Indiana Pacers,IND,82,19855,3574,7326,.488,1081,2934,.368,2493,4392,.568,1395,1768,.789,752,2678,3430,2398,694,448,1082,1533,9624
8,2024-25,Boston Celtics,BOS,82,19830,3413,7382,.462,1457,3955,.368,1956,3427,.571,1251,1565,.799,933,2783,3716,2144,589,452,973,1303,9534
9,2024-25,New York Knicks,NYK,82,19880,3553,7315,.486,1031,2794,.369,2522,4521,.558,1357,1696,.800,890,2607,3497,2254,671,324,1088,1407,9494
10,2024-25,Sacramento Kings,SAC,82,19880,3529,7385,.478,1032,2887,.357,2497,4498,.555,1400,1738,.806,901,2723,3624,2169,620,357,1092,1548,9490
11,2024-25,Milwaukee Bucks,MIL,82,19755,3445,7082,.486,1161,3003,.387,2284,4079,.560,1421,1895,.750,674,2882,3556,2090,601,384,1097,1469,9472
12,2024-25,Detroit Pistons,DET,82,19805,3503,7363,.476,1051,2901,.362,2452,4462,.550,1414,1826,.774,931,2739,3670,2165,652,431,1219,1695,9471
13,2024-25,Minnesota Timberwolves,MIN,82,19830,3364,7182,.468,1233,3269,.377,2131,3913,.545,1411,1789,.789,908,2726,3634,2142,654,406,1186,1498,9372
14,2024-25,Houston Rockets,HOU,82,19780,3484,7659,.455,1038,2938,.353,2446,4721,.518,1366,1851,.738,1200,2774,3974,1914,689,411,1139,1557,9372
15,2024-25,Dallas Mavericks,DAL,82,19730,3443,7194,.479,1020,2801,.364,2423,4393,.552,1458,1894,.770,828,2702,3530,2070,636,445,1151,1458,9364
16,2024-25,San Antonio Spurs,SAS,82,19730,3426,7362,.465,1158,3246,.357,2268,4116,.551,1332,1721,.774,896,2685,3581,2348,674,455,1138,1363,9342
17,2024-25,Golden State Warriors,GSW,82,19730,3342,7412,.451,1264,3475,.364,2078,3937,.528,1383,1811,.764,1029,2692,3721,2386,771,391,1152,1571,9331
18,2024-25,Phoenix Suns,PHO,82,19830,3381,7075,.478,1176,3112,.378,2205,3963,.556,1379,1702,.810,783,2701,3484,2277,593,392,1153,1471,9317
19,2024-25,Los Angeles Lakers,LAL,82,19730,3356,7007,.479,1092,2981,.366,2264,4026,.562,1494,1902,.785,792,2687,3479,2131,633,367,1145,1415,9298
20,2024-25,Los Angeles Clippers,LAC,82,19805,3409,7075,.482,1022,2738,.373,2387,4337,.550,1416,1776,.797,841,2750,3591,2064,773,370,1220,1503,9256
21,2024-25,Utah Jazz,UTA,82,19805,3305,7272,.454,1144,3267,.350,2161,4005,.540,1421,1836,.774,983,2741,3724,2093,555,360,1412,1549,9175
22,2024-25,Portland Trail Blazers,POR,82,19780,3325,7396,.450,1057,3095,.342,2268,4301,.527,1386,1820,.762,1095,2576,3671,1952,678,433,1309,1558,9093
23,2024-25,Toronto Raptors,TOR,82,19805,3414,7462,.458,969,2786,.348,2445,4676,.523,1294,1729,.748,1034,2666,3700,2340,664,348,1257,1738,9091
24,2024-25,Miami Heat,MIA,82,19930,3318,7138,.465,1124,3060,.367,2194,4078,.538,1309,1654,.791,798,2760,3558,2166,668,314,1114,1275,9069
25,2024-25,New Orleans Pelicans,NOP,82,19755,3332,7368,.452,986,2839,.347,2346,4529,.518,1356,1799,.754,993,2583,3576,2119,701,429,1201,1499,9006
26,2024-25,Philadelphia 76ers,PHI,82,19805,3254,7168,.454,1041,3050,.341,2213,4118,.537,1439,1844,.780,852,2411,3263,1901,752,366,1117,1556,8988
27,2024-25,Washington Wizards,WAS,82,19730,3233,7371,.439,1075,3210,.335,2158,4161,.519,1315,1690,.778,867,2716,3583,2058,623,420,1276,1618,8856
28,2024-25,Orlando Magic,ORL,82,19730,3130,7034,.445,921,2892,.318,2209,4142,.533,1464,1890,.775,914,2517,3431,1887,729,488,1165,1648,8645
29,2024-25,Brooklyn Nets,BRK,82,19780,3086,7060,.437,1113,3232,.344,1973,3828,.515,1334,1696,.787,894,2493,3387,2063,639,352,1244,1698,8619
30,2024-25,Charlotte Hornets,CHO,82,19755,3142,7308,.430,1065,3143,.339,2077,4165,.499,1269,1621,.783,1003,2703,3706,1994,607,368,1271,1535,8618
,2024-25,League Average,,82,19787,3419,7318,.467,1110,3082,.360,2309,4236,.545,1386,1777,.780,912,2705,3617,2177,673,400,1172,1525,9334
1,2023-24,Indiana Pacers,IND,82,19705,3855,7599,.507,1082,2891,.374,2773,4708,.589,1318,1685,.782,827,2578,3405,2522,631,481,1059,1756,10110
2,2023-24,Boston Celtics,BOS,82,19830,3601,7396,.487,1351,3482,.388,2250,3914,.575,1334,1654,.807,876,2923,3799,2207,557,538,979,1326,9887
3,2023-24,Oklahoma City Thunder,OKC,82,19805,3653,7324,.499,1090,2805,.389,2563,4519,.567,1451,1759,.825,722,2725,3447,2223,694,538,1039,1545,9847
4,2023-24,Milwaukee Bucks,MIL,82,19805,3538,7258,.487,1163,3122,.373,2375,4136,.574,1517,1960,.774,772,2850,3622,2176,558,413,1059,1574,9756
5,2023-24,Atlanta Hawks,ATL,82,19855,3529,7584,.465,1125,3092,.364,2404,4492,.535,1520,1906,.797,1024,2639,3663,2180,615,369,1110,1522,9703
6,2023-24,Los Angeles Lakers,LAL,82,19855,3580,7177,.499,969,2572,.377,2611,4605,.567,1550,1983,.782,676,2859,3535,2340,605,453,1146,1283,9679
7,2023-24,Dallas Mavericks,DAL,82,19705,3535,7352,.481,1197,3242,.369,2338,4110,.569,1397,1842,.758,797,2724,3521,2106,563,406,1027,1500,9664
8,2023-24,Golden State Warriors,GSW,82,19830,3582,7515,.477,1211,3191,.380,2371,4324,.548,1282,1644,.780,996,2834,3830,2402,572,377,1174,1598,9657
9,2023-24,Sacramento Kings,SAC,82,19855,3553,7455,.477,1178,3219,.366,2375,4236,.561,1274,1710,.745,888,2719,3607,2324,625,342,1078,1632,9558
10,2023-24,Phoenix Suns,PHO,82,19780,3482,7063,.493,1020,2671,.382,2462,4392,.561,1548,1915,.808,831,2783,3614,2218,610,492,1221,1475,9532
11,2023-24,Utah Jazz,UTA,82,19805,3443,7371,.467,1060,2993,.354,2383,4378,.544,1538,1853,.830,1002,2725,3727,2232,537,458,1285,1523,9484
12,2023-24,Los Angeles Clippers,LAC,82,19705,3473,7108,.489,1036,2719,.381,2437,4389,.555,1499,1817,.825,822,2701,3523,2097,640,413,1078,1519,9481
13,2023-24,New Orleans Pelicans,NOP,82,19705,3484,7165,.486,1023,2673,.383,2461,4492,.548,1445,1873,.771,852,2753,3605,2210,684,378,1067,1508,9436
14,2023-24,Denver Nuggets,DEN,82,19705,3610,7279,.496,958,2560,.374,2652,4719,.562,1240,1628,.762,881,2763,3644,2415,585,457,1036,1489,9418
15,2023-24,Philadelphia 76ers,PHI,82,19780,3404,7331,.464,992,2733,.363,2412,4598,.525,1597,1934,.826,906,2616,3522,2041,694,492,984,1668,9397
16,2023-24,Houston Rockets,HOU,82,19855,3425,7459,.459,1043,2964,.352,2382,4495,.530,1482,1916,.773,940,2787,3727,2035,639,375,1045,1702,9375
17,2023-24,Washington Wizards,WAS,82,19730,3523,7493,.470,1015,2915,.348,2508,4578,.548,1266,1657,.764,755,2613,3368,2288,623,415,1147,1637,9327
18,2023-24,Minnesota Timberwolves,MIN,82,19805,3383,6974,.485,1037,2681,.387,2346,4293,.546,1461,1881,.777,770,2807,3577,2184,647,497,1162,1544,9264
19,2023-24,New York Knicks,NYK,82,19730,3385,7272,.465,1083,2936,.369,2302,4336,.531,1396,1789,.780,1039,2665,3704,1998,612,336,1085,1447,9249
20,2023-24,Cleveland Cavaliers,CLE,82,19805,3425,7148,.479,1108,3016,.367,2317,4132,.561,1278,1671,.765,807,2742,3549,2299,605,380,1112,1436,9236
21,2023-24,Toronto Raptors,TOR,82,19805,3466,7356,.471,942,2712,.347,2524,4644,.543,1339,1772,.756,891,2607,3498,2335,634,388,1147,1509,9213
22,2023-24,Chicago Bulls,CHI,82,19980,3448,7339,.470,941,2630,.358,2507,4709,.532,1369,1731,.791,916,2677,3593,2048,638,394,1004,1541,9206
23,2023-24,San Antonio Spurs,SAS,82,19830,3438,7436,.462,1036,2983,.347,2402,4453,.539,1280,1637,.782,849,2778,3627,2449,584,520,1242,1414,9192
24,2023-24,Orlando Magic,ORL,82,19780,3318,6964,.476,903,2568,.352,2415,4396,.549,1519,2002,.759,861,2608,3469,2023,669,423,1206,1618,9058
25,2023-24,Brooklyn Nets,BRK,82,19805,3334,7307,.456,1089,3010,.362,2245,4297,.522,1293,1711,.756,938,2675,3613,2102,556,424,1076,1516,9050
26,2023-24,Miami Heat,MIA,82,19755,3266,7022,.465,1022,2765,.370,2244,4257,.527,1478,1806,.818,766,2702,3468,2116,617,280,1038,1415,9032
27,2023-24,Detroit Pistons,DET,82,19755,3353,7236,.463,906,2602,.348,2447,4634,.528,1398,1780,.785,861,2692,3553,2088,531,384,1248,1688,9010
28,2023-24,Charlotte Hornets,CHO,82,19730,3281,7133,.460,989,2788,.355,2292,4345,.528,1189,1512,.786,765,2538,3303,2033,562,371,1129,1472,8740
29,2023-24,Portland Trail Blazers,POR,82,19880,3227,7356,.439,939,2723,.345,2288,4633,.494,1329,1680,.791,1036,2469,3505,1894,627,354,1249,1654,8722
30,2023-24,Memphis Grizzlies,MEM,82,19780,3145,7230,.435,1071,3097,.346,2074,4133,.502,1316,1722,.764,896,2598,3494,2025,673,501,1236,1563,8677
,2023-24,League Average,,82,19792,3458,7290,.474,1053,2879,.366,2405,4412,.545,1397,1781,.784,865,2705,3570,2187,613,422,1116,1536,9365
1,2022-23,Sacramento Kings,SAC,82,19830,3573,7232,.494,1128,3060,.369,2445,4172,.586,1624,2055,.790,782,2699,3481,2237,574,275,1106,1616,9898
2,2022-23,Golden State Warriors,GSW,82,19830,3538,7393,.479,1363,3540,.385,2175,3853,.564,1314,1655,.794,864,2793,3657,2446,588,323,1336,1757,9753
3,2022-23,Atlanta Hawks,ATL,82,19855,3658,7574,.483,882,2505,.352,2776,5069,.548,1513,1850,.818,920,2719,3639,2049,580,401,1060,1541,9711
4,2022-23,Boston Celtics,BOS,82,19980,3460,7278,.475,1315,3492,.377,2145,3786,.567,1436,1769,.812,796,2921,3717,2186,521,430,1095,1542,9671
5,2022-23,Oklahoma City Thunder,OKC,82,19855,3533,7590,.465,995,2797,.356,2538,4793,.530,1572,1944,.809,934,2645,3579,2002,676,341,1069,1722,9633
6,2022-23,Los Angeles Lakers,LAL,82,19880,3516,7298,.482,885,2558,.346,2631,4740,.555,1691,2182,.775,818,2930,3748,2072,526,378,1154,1466,9608
7,2022-23,Utah Jazz,UTA,82,19805,3485,7365,.473,1094,3099,.353,2391,4266,.560,1536,1955,.786,968,2794,3762,2129,500,429,1259,1679,9600
8,2022-23,Milwaukee Bucks,MIL,82,19830,3504,7411,.473,1217,3306,.368,2287,4105,.557,1364,1837,.743,914,3074,3988,2115,521,403,1199,1481,9589
9,2022-23,Memphis Grizzlies,MEM,82,19780,3585,7551,.475,985,2807,.351,2600,4744,.548,1432,1954,.733,988,2835,3823,2135,680,473,1116,1643,9587
10,2022-23,Indiana Pacers,IND,82,19755,3444,7345,.469,1112,3030,.367,2332,4315,.540,1535,1944,.790,832,2575,3407,2213,631,478,1225,1741,9535
11,2022-23,New York Knicks,NYK,82,19955,3444,7328,.470,1037,2930,.354,2407,4398,.547,1589,2087,.761,1031,2790,3821,1880,527,340,1065,1666,9514
12,2022-23,Denver Nuggets,DEN,82,19755,3574,7088,.504,969,2559,.379,2605,4529,.575,1378,1834,.751,828,2699,3527,2368,618,368,1192,1525,9495
13,2022-23,Minnesota Timberwolves,MIN,82,19830,3515,7167,.490,997,2731,.365,2518,4436,.568,1467,1942,.755,749,2686,3435,2145,657,444,1258,1768,9494
14,2022-23,Philadelphia 76ers,PHI,82,19880,3347,6870,.487,1035,2675,.387,2312,4195,.551,1719,2058,.835,715,2641,3356,2063,635,389,1121,1675,9448
15,2022-23,New Orleans Pelicans,NOP,82,19855,3447,7180,.480,899,2468,.364,2548,4712,.541,1585,2000,.793,866,2717,3583,2122,681,337,1196,1678,9378
16,2022-23,Dallas Mavericks,DAL,82,19930,3283,6909,.475,1246,3362,.371,2037,3547,.574,1554,2057,.755,625,2556,3181,1880,514,304,1002,1697,9366
17,2022-23,Phoenix Suns,PHO,82,19780,3453,7388,.467,1001,2674,.374,2452,4714,.520,1412,1781,.793,971,2657,3628,2235,585,432,1110,1739,9319
18,2022-23,Los Angeles Clippers,LAC,82,19830,3370,7059,.477,1041,2735,.381,2329,4324,.539,1533,1962,.781,803,2742,3545,1959,580,364,1167,1598,9314
19,2022-23,Portland Trail Blazers,POR,82,19730,3317,7001,.474,1056,2893,.365,2261,4108,.550,1609,2021,.796,774,2551,3325,1981,553,376,1185,1643,9299
20,2022-23,Brooklyn Nets,BRK,82,19730,3399,6978,.487,1048,2771,.378,2351,4207,.559,1449,1811,.800,674,2648,3322,2093,585,506,1127,1730,9295
21,2022-23,Washington Wizards,WAS,82,19755,3456,7127,.485,925,2601,.356,2531,4526,.559,1442,1838,.785,774,2804,3578,2083,561,424,1158,1539,9279
22,2022-23,Chicago Bulls,CHI,82,19905,3488,7116,.490,854,2367,.361,2634,4749,.555,1446,1788,.809,694,2779,3473,2006,644,371,1097,1551,9276
23,2022-23,San Antonio Spurs,SAS,82,19855,3533,7593,.465,911,2640,.345,2622,4953,.529,1292,1739,.743,965,2619,3584,2232,572,322,1253,1630,9269
24,2022-23,Toronto Raptors,TOR,82,19805,3434,7489,.459,880,2626,.335,2554,4863,.525,1506,1922,.784,1043,2485,3528,1961,772,424,956,1641,9254
25,2022-23,Cleveland Cavaliers,CLE,82,19880,3408,6984,.488,950,2589,.367,2458,4395,.559,1439,1844,.780,795,2574,3369,2045,586,384,1094,1560,9205
26,2022-23,Orlando Magic,ORL,82,19780,3323,7074,.470,883,2551,.346,2440,4523,.539,1607,2050,.784,833,2713,3546,1906,603,382,1236,1652,9136
27,2022-23,Charlotte Hornets,CHO,82,19830,3385,7413,.457,881,2669,.330,2504,4744,.528,1447,1933,.749,901,2751,3652,2062,634,425,1164,1661,9098
28,2022-23,Houston Rockets,HOU,82,19755,3329,7287,.457,856,2619,.327,2473,4668,.530,1567,2078,.754,1100,2695,3795,1835,600,374,1332,1679,9081
29,2022-23,Detroit Pistons,DET,82,19805,3244,7140,.454,934,2659,.351,2310,4481,.516,1623,2106,.771,916,2564,3480,1884,574,308,1237,1813,9045
30,2022-23,Miami Heat,MIA,82,19805,3215,6991,.460,980,2852,.344,2235,4139,.540,1567,1885,.831,796,2533,3329,1955,655,243,1106,1516,8977
,2022-23,League Average,,82,19828,3442,7241,.475,1012,2806,.361,2430,4435,.548,1508,1929,.782,856,2706,3562,2076,598,382,1156,1638,9404
1,2021-22,Minnesota Timberwolves,MIN,82,19780,3411,7458,.457,1211,3386,.358,2200,4072,.540,1474,1894,.778,921,2700,3621,2106,721,460,1175,1786,9507
2,2021-22,Memphis Grizzlies,MEM,82,19780,3571,7739,.461,945,2679,.353,2626,5060,.519,1393,1898,.734,1159,2873,4032,2131,800,533,1082,1620,9480
3,2021-22,Milwaukee Bucks,MIL,82,19755,3429,7331,.468,1153,3151,.366,2276,4180,.544,1459,1881,.776,840,2990,3830,1960,623,326,1100,1494,9470
4,2021-22,Charlotte Hornets,CHO,82,19880,3508,7497,.468,1143,3130,.365,2365,4367,.542,1298,1753,.740,888,2767,3655,2302,707,402,1087,1629,9457
5,2021-22,Phoenix Suns,PHO,82,19730,3581,7389,.485,951,2616,.364,2630,4773,.551,1303,1635,.797,801,2913,3714,2244,702,359,1060,1633,9416
6,2021-22,Atlanta Hawks,ATL,82,19705,3401,7241,.470,1056,2821,.374,2345,4420,.531,1485,1829,.812,823,2783,3606,2017,587,348,972,1534,9343
7,2021-22,Utah Jazz,UTA,82,19730,3327,7067,.471,1192,3308,.360,2135,3759,.568,1470,1916,.767,884,2916,3800,1836,588,402,1149,1547,9316
8,2021-22,San Antonio Spurs,SAS,82,19805,3546,7601,.467,925,2626,.352,2621,4975,.527,1262,1673,.754,901,2815,3716,2289,626,403,1043,1483,9279
9,2021-22,Brooklyn Nets,BRK,82,19755,3442,7251,.475,940,2602,.361,2502,4649,.538,1434,1781,.805,844,2796,3640,2071,582,448,1153,1670,9258
10,2021-22,Denver Nuggets,DEN,82,19805,3416,7079,.483,1039,2944,.353,2377,4135,.575,1372,1725,.795,752,2865,3617,2279,592,305,1189,1639,9243
11,2021-22,Los Angeles Lakers,LAL,82,19980,3415,7279,.469,982,2826,.347,2433,4453,.546,1380,1884,.732,782,2826,3608,1968,626,425,1191,1654,9192
12,2021-22,Boston Celtics,BOS,82,19905,3341,7167,.466,1085,3044,.356,2256,4123,.547,1397,1713,.816,863,2915,3778,2036,591,478,1118,1521,9164
13,2021-22,Chicago Bulls,CHI,82,19730,3422,7127,.480,872,2364,.369,2550,4763,.535,1436,1766,.813,711,2760,3471,1958,585,336,1053,1540,9152
14,2021-22,Indiana Pacers,IND,82,19880,3398,7338,.463,997,2899,.344,2401,4439,.541,1347,1754,.768,925,2671,3596,2081,582,457,1183,1675,9140
15,2021-22,Golden State Warriors,GSW,82,19730,3323,7087,.469,1176,3231,.364,2147,3856,.557,1280,1665,.769,800,2930,3730,2223,719,372,1221,1723,9102
16,2021-22,Sacramento Kings,SAC,82,19805,3321,7223,.460,937,2722,.344,2384,4501,.530,1466,1908,.768,784,2737,3521,1943,588,369,1156,1552,9045
17,2021-22,Miami Heat,MIA,82,19855,3246,6954,.467,1114,2936,.379,2132,4018,.531,1416,1753,.808,807,2778,3585,2090,606,265,1194,1679,9022
18,2021-22,Philadelphia 76ers,PHI,82,19805,3230,6932,.466,950,2608,.364,2280,4324,.527,1605,1955,.821,700,2770,3470,1945,633,435,1027,1590,9015
19,2021-22,Houston Rockets,HOU,82,19755,3229,7083,.456,1105,3170,.349,2124,3913,.543,1434,2010,.713,786,2660,3446,1932,600,382,1351,1692,8997
20,2021-22,Toronto Raptors,TOR,82,19855,3332,7489,.445,979,2808,.349,2353,4681,.503,1327,1749,.759,1095,2622,3717,1809,738,376,1021,1607,8970
21,2021-22,New Orleans Pelicans,NOP,82,19755,3294,7212,.457,873,2629,.332,2421,4583,.528,1501,1903,.789,981,2726,3707,2047,680,328,1153,1612,8962
22,2021-22,Washington Wizards,WAS,82,19830,3327,7056,.472,860,2512,.342,2467,4544,.543,1393,1778,.783,737,2798,3535,2052,522,406,1077,1545,8907
23,2021-22,Los Angeles Clippers,LAC,82,19780,3285,7170,.458,1047,2802,.374,2238,4368,.512,1273,1606,.793,747,2860,3607,1969,608,406,1126,1528,8890
24,2021-22,Dallas Mavericks,DAL,82,19755,3222,6982,.461,1073,3063,.350,2149,3919,.548,1341,1739,.771,759,2769,3528,1918,552,325,1025,1612,8858
25,2021-22,Cleveland Cavaliers,CLE,82,19730,3255,6940,.469,953,2686,.355,2302,4254,.541,1376,1810,.760,837,2786,3623,2064,580,343,1181,1433,8839
26,2021-22,New York Knicks,NYK,82,19780,3088,7069,.437,1082,3029,.357,2006,4040,.497,1473,1980,.744,941,2841,3782,1793,570,399,1087,1672,8731
27,2021-22,Portland Trail Blazers,POR,82,19730,3161,7144,.442,1043,3017,.346,2118,4127,.513,1346,1771,.760,854,2661,3515,1880,657,366,1187,1728,8711
28,2021-22,Detroit Pistons,DET,82,19780,3129,7267,.431,925,2838,.326,2204,4429,.498,1413,1806,.782,900,2625,3525,1924,630,393,1163,1799,8596
29,2021-22,Orlando Magic,ORL,82,19780,3139,7240,.434,999,3022,.331,2140,4218,.507,1270,1614,.787,746,2885,3631,1947,555,367,1188,1612,8547
30,2021-22,Oklahoma City Thunder,OKC,82,19805,3141,7310,.430,991,3066,.323,2150,4244,.507,1233,1632,.756,854,2887,3741,1822,622,380,1145,1497,8506
,2021-22,League Average,,82,19792,3331,7224,.461,1020,2885,.354,2311,4340,.533,1389,1793,.775,847,2798,3645,2021,626,386,1129,1610,9071
1,2020-21,Milwaukee Bucks,MIL,72,17330,3221,6610,.487,1038,2669,.389,2183,3941,.554,1169,1539,.760,741,2724,3465,1834,585,334,995,1244,8649
2,2020-21,Brooklyn Nets,BRK,72,17405,3106,6289,.494,1020,2600,.392,2086,3689,.565,1305,1623,.804,640,2559,3199,1929,484,379,975,1371,8537
3,2020-21,Washington Wizards,WAS,72,17405,3108,6547,.475,733,2088,.351,2375,4459,.533,1449,1884,.769,697,2557,3254,1835,528,297,1037,1555,8398
4,2020-21,Utah Jazz,UTA,72,17355,2971,6344,.468,1205,3098,.389,1766,3246,.544,1235,1546,.799,765,2709,3474,1703,474,371,1023,1335,8382
5,2020-21,Portland Trail Blazers,POR,72,17305,2973,6558,.453,1132,2939,.385,1841,3619,.509,1282,1558,.823,766,2441,3207,1531,496,363,799,1362,8360
6,2020-21,Indiana Pacers,IND,72,17455,3115,6567,.474,889,2445,.364,2226,4122,.540,1183,1493,.792,648,2424,3072,1973,611,460,975,1453,8302
7,2020-21,Phoenix Suns,PHO,72,17480,3118,6357,.490,940,2490,.378,2178,3867,.563,1124,1347,.834,630,2462,3092,1939,517,312,902,1374,8300
8,2020-21,Denver Nuggets,DEN,72,17480,3114,6422,.485,927,2462,.377,2187,3960,.552,1129,1406,.803,758,2442,3200,1933,582,323,972,1374,8284
9,2020-21,New Orleans Pelicans,NOP,72,17430,3060,6412,.477,762,2190,.348,2298,4222,.544,1369,1878,.729,845,2568,3413,1872,545,315,1052,1295,8251
10,2020-21,Los Angeles Clippers,LAC,72,17280,3009,6242,.482,1027,2498,.411,1982,3744,.529,1164,1387,.839,678,2501,3179,1756,509,295,950,1383,8209
11,2020-21,Sacramento Kings,SAC,72,17305,3067,6382,.481,874,2400,.364,2193,3982,.551,1181,1585,.745,674,2307,2981,1836,543,358,963,1400,8189
12,2020-21,Golden State Warriors,GSW,72,17305,2973,6347,.468,1048,2789,.376,1925,3558,.541,1193,1520,.785,574,2524,3098,1991,587,342,1080,1526,8187
13,2020-21,Atlanta Hawks,ATL,72,17405,2937,6281,.468,895,2402,.373,2042,3879,.526,1417,1745,.812,760,2525,3285,1737,503,342,953,1392,8186
14,2020-21,Philadelphia 76ers,PHI,72,17430,2981,6257,.476,811,2169,.374,2170,4088,.531,1409,1836,.767,722,2522,3244,1706,655,447,1040,1456,8182
15,2020-21,Memphis Grizzlies,MEM,72,17405,3085,6608,.467,803,2258,.356,2282,4350,.525,1184,1536,.771,803,2543,3346,1938,655,364,957,1349,8157
16,2020-21,Boston Celtics,BOS,72,17380,2985,6401,.466,979,2618,.374,2006,3783,.530,1160,1496,.775,765,2421,3186,1689,556,383,1012,1471,8109
17,2020-21,Dallas Mavericks,DAL,72,17305,2958,6287,.470,994,2744,.362,1964,3543,.554,1186,1524,.778,657,2463,3120,1647,450,311,869,1396,8096
18,2020-21,Minnesota Timberwolves,MIN,72,17405,2932,6546,.448,944,2706,.349,1988,3840,.518,1265,1662,.761,757,2376,3133,1846,632,398,1027,1507,8073
19,2020-21,Toronto Raptors,TOR,72,17305,2859,6383,.448,1041,2831,.368,1818,3552,.512,1252,1536,.815,680,2314,2994,1735,618,388,952,1526,8011
20,2020-21,San Antonio Spurs,SAS,72,17480,3014,6518,.462,716,2046,.350,2298,4472,.514,1254,1584,.792,669,2489,3158,1759,505,366,821,1293,7998
21,2020-21,Chicago Bulls,CHI,72,17380,3035,6380,.476,904,2446,.370,2131,3934,.542,995,1258,.791,693,2544,3237,1927,482,304,1089,1362,7969
22,2020-21,Los Angeles Lakers,LAL,72,17455,2925,6197,.472,796,2248,.354,2129,3949,.539,1241,1679,.739,695,2490,3185,1775,562,386,1095,1377,7887
23,2020-21,Charlotte Hornets,CHO,72,17355,2875,6324,.455,985,2666,.369,1890,3658,.517,1146,1505,.761,762,2389,3151,1933,565,344,1069,1297,7881
24,2020-21,Houston Rockets,HOU,72,17305,2826,6372,.444,992,2923,.339,1834,3449,.532,1189,1606,.740,671,2396,3067,1699,546,361,1060,1407,7833
25,2020-21,Miami Heat,MIA,72,17380,2824,6029,.468,932,2606,.358,1892,3423,.553,1201,1520,.790,579,2409,2988,1895,569,286,1013,1363,7781
26,2020-21,New York Knicks,NYK,72,17430,2839,6225,.456,847,2163,.392,1992,4062,.490,1181,1506,.784,696,2554,3250,1541,507,365,932,1473,7706
27,2020-21,Detroit Pistons,DET,72,17430,2783,6162,.452,832,2370,.351,1951,3792,.515,1278,1683,.759,694,2381,3075,1743,531,371,1075,1477,7676
28,2020-21,Oklahoma City Thunder,OKC,72,17355,2795,6338,.441,857,2529,.339,1938,3809,.509,1113,1536,.725,715,2568,3283,1588,504,316,1162,1305,7560
29,2020-21,Orlando Magic,ORL,72,17330,2754,6423,.429,784,2288,.343,1970,4135,.476,1196,1543,.775,747,2525,3272,1571,496,318,924,1237,7488
30,2020-21,Cleveland Cavaliers,CLE,72,17430,2778,6175,.450,720,2141,.336,2058,4034,.510,1200,1614,.743,751,2327,3078,1716,559,325,1114,1308,7476
,2020-21,League Average,,72,17383,2967,6366,.466,914,2494,.367,2053,3872,.530,1222,1571,.778,708,2482,3190,1786,545,351,996,1389,8071
1,2019-20,Dallas Mavericks,DAL,75,18175,3124,6772,.461,1136,3095,.367,1988,3677,.541,1392,1787,.779,791,2729,3520,1849,460,363,953,1462,8776
2,2019-20,Milwaukee Bucks,MIL,73,17595,3160,6638,.476,1007,2840,.355,2153,3798,.567,1336,1800,.742,691,3083,3774,1889,526,429,1102,1431,8663
3,2019-20,Portland Trail Blazers,POR,74,17835,3122,6749,.463,952,2525,.377,2170,4224,.514,1312,1632,.804,754,2599,3353,1525,465,451,946,1606,8508
4,2019-20,Houston Rockets,HOU,72,17380,2936,6512,.451,1126,3261,.345,1810,3251,.557,1484,1876,.791,704,2484,3188,1557,627,371,1057,1566,8482
5,2019-20,Los Angeles Clippers,LAC,72,17380,2992,6425,.466,895,2410,.371,2097,4015,.522,1498,1894,.791,767,2664,3431,1708,511,338,1051,1594,8377
6,2019-20,New Orleans Pelicans,NOP,72,17430,3065,6598,.465,982,2656,.370,2083,3942,.528,1229,1687,.729,797,2551,3348,1932,539,358,1181,1524,8341
7,2019-20,Phoenix Suns,PHO,73,17595,3006,6429,.468,831,2320,.358,2175,4109,.529,1451,1740,.834,712,2465,3177,1987,559,290,1077,1609,8294
8,2019-20,Washington Wizards,WAS,72,17355,2990,6544,.457,864,2345,.368,2126,4199,.506,1394,1770,.788,732,2295,3027,1801,574,309,1020,1634,8238
9,2019-20,Memphis Grizzlies,MEM,73,17570,3106,6634,.468,798,2297,.347,2308,4337,.532,1212,1589,.763,754,2643,3397,1965,576,398,1113,1546,8222
10,2019-20,Boston Celtics,BOS,72,17430,2971,6448,.461,905,2487,.364,2066,3961,.522,1336,1668,.801,768,2549,3317,1655,595,406,995,1553,8183
11,2019-20,Miami Heat,MIA,73,17745,2880,6160,.468,979,2584,.379,1901,3576,.532,1440,1840,.783,620,2619,3239,1892,547,332,1088,1501,8179
12,2019-20,Denver Nuggets,DEN,73,17745,3069,6488,.473,801,2234,.359,2268,4254,.533,1185,1526,.777,786,2436,3222,1952,586,337,1005,1485,8124
13,2019-20,Toronto Raptors,TOR,72,17380,2897,6331,.458,995,2663,.374,1902,3668,.519,1329,1670,.796,685,2583,3268,1816,636,358,1067,1559,8118
14,2019-20,San Antonio Spurs,SAS,71,17215,2995,6350,.472,760,2021,.376,2235,4329,.516,1348,1664,.810,640,2530,3170,1751,518,390,895,1377,8098
15,2019-20,Philadelphia 76ers,PHI,73,17595,3000,6417,.468,848,2307,.368,2152,4110,.524,1236,1638,.755,764,2553,3317,1884,586,389,1037,1529,8084
16,2019-20,Los Angeles Lakers,LAL,71,17090,3006,6269,.480,782,2242,.349,2224,4027,.552,1260,1728,.729,757,2490,3247,1803,612,468,1077,1471,8054
17,2019-20,Brooklyn Nets,BRK,72,17480,2908,6498,.448,941,2746,.343,1967,3752,.524,1291,1732,.745,766,2683,3449,1761,464,323,1099,1510,8048
18,2019-20,Utah Jazz,UTA,72,17355,2886,6130,.471,963,2537,.380,1923,3593,.535,1278,1641,.779,656,2577,3233,1615,438,292,1089,1468,8013
19,2019-20,Indiana Pacers,IND,73,17620,3075,6457,.476,743,2046,.363,2332,4411,.529,1096,1393,.787,636,2489,3125,1888,543,376,967,1445,7989
20,2019-20,Oklahoma City Thunder,OKC,72,17430,2879,6156,.468,770,2171,.355,2109,3985,.529,1422,1787,.796,593,2495,3088,1562,550,353,986,1390,7950
21,2019-20,Sacramento Kings,SAC,72,17455,2943,6364,.462,914,2511,.364,2029,3853,.527,1127,1464,.770,695,2372,3067,1713,556,293,1043,1595,7927
22,2019-20,Orlando Magic,ORL,73,17570,2871,6468,.444,807,2354,.343,2064,4114,.502,1282,1656,.774,751,2498,3249,1747,599,396,937,1336,7831
23,2019-20,Atlanta Hawks,ATL,67,16280,2723,6067,.449,805,2416,.333,1918,3651,.525,1237,1566,.790,661,2237,2898,1605,523,341,1086,1548,7488
24,2019-20,Minnesota Timberwolves,MIN,64,15560,2586,5865,.441,853,2540,.336,1733,3325,.521,1223,1624,.753,675,2193,2868,1525,555,362,981,1370,7248
25,2019-20,Detroit Pistons,DET,66,15965,2595,5658,.459,791,2157,.367,1804,3501,.515,1097,1476,.743,644,2109,2753,1589,490,299,1008,1299,7078
26,2019-20,New York Knicks,NYK,66,15965,2638,5896,.447,631,1872,.337,2007,4024,.499,1076,1550,.694,795,2274,3069,1456,504,313,946,1464,6983
27,2019-20,Cleveland Cavaliers,CLE,65,15725,2619,5715,.458,727,2070,.351,1892,3645,.519,983,1296,.758,704,2172,2876,1500,447,211,1073,1188,6948
28,2019-20,Chicago Bulls,CHI,65,15675,2573,5762,.447,793,2282,.348,1780,3480,.511,1006,1332,.755,680,2041,2721,1510,652,265,1005,1417,6945
29,2019-20,Golden State Warriors,GSW,65,15725,2510,5730,.438,678,2032,.334,1832,3698,.495,1214,1511,.803,647,2138,2785,1663,534,299,969,1304,6912
30,2019-20,Charlotte Hornets,CHO,65,15750,2425,5586,.434,785,2231,.352,1640,3355,.489,1052,1406,.748,715,2066,2781,1549,428,268,949,1223,6687
,2019-20,League Average,,71,17069,2885,6271,.460,862,2408,.358,2023,3862,.524,1261,1631,.773,711,2454,3165,1722,540,346,1027,1467,7893
1,2018-19,Milwaukee Bucks,MIL,82,19780,3555,7471,.476,1105,3134,.353,2450,4337,.565,1471,1904,.773,762,3316,4078,2136,615,486,1137,1608,9686
2,2018-19,Golden State Warriors,GSW,82,19805,3612,7361,.491,1087,2824,.385,2525,4537,.557,1339,1672,.801,797,2990,3787,2413,625,525,1169,1757,9650
3,2018-19,New Orleans Pelicans,NOP,82,19755,3581,7563,.473,842,2449,.344,2739,5114,.536,1462,1921,.761,909,2969,3878,2216,610,441,1215,1732,9466
4,2018-19,Philadelphia 76ers,PHI,82,19805,3407,7233,.471,889,2474,.359,2518,4759,.529,1742,2258,.771,892,3025,3917,2207,606,432,1223,1745,9445
5,2018-19,Los Angeles Clippers,LAC,82,19830,3384,7178,.471,821,2118,.388,2563,5060,.507,1853,2340,.792,796,2936,3732,1970,561,385,1193,1913,9442
6,2018-19,Portland Trail Blazers,POR,82,19855,3470,7427,.467,904,2520,.359,2566,4907,.523,1558,1914,.814,967,2968,3935,1887,546,413,1135,1669,9402
7,2018-19,Oklahoma City Thunder,OKC,82,19855,3497,7706,.454,932,2677,.348,2565,5029,.510,1461,2049,.713,1031,2911,3942,1917,766,425,1145,1839,9387
8,2018-19,Toronto Raptors,TOR,82,19880,3460,7305,.474,1015,2771,.366,2445,4534,.539,1449,1803,.804,786,2920,3706,2085,680,437,1150,1724,9384
9,2018-19,Sacramento Kings,SAC,82,19730,3541,7637,.464,927,2455,.378,2614,5182,.504,1354,1865,.726,906,2819,3725,2083,679,363,1095,1751,9363
10,2018-19,Washington Wizards,WAS,82,19930,3456,7387,.468,930,2731,.341,2526,4656,.543,1508,1963,.768,794,2679,3473,2154,683,379,1154,1701,9350
11,2018-19,Houston Rockets,HOU,82,19830,3218,7163,.449,1323,3721,.356,1895,3442,.551,1582,2001,.791,836,2613,3449,1741,700,405,1094,1803,9341
12,2018-19,Atlanta Hawks,ATL,82,19855,3392,7524,.451,1067,3034,.352,2325,4490,.518,1443,1918,.752,955,2825,3780,2118,675,419,1397,1932,9294
13,2018-19,Minnesota Timberwolves,MIN,82,19830,3413,7483,.456,827,2357,.351,2586,5126,.504,1570,1995,.787,923,2750,3673,2018,683,411,1074,1664,9223
14,2018-19,Boston Celtics,BOS,82,19780,3451,7423,.465,1032,2829,.365,2419,4594,.527,1282,1598,.802,804,2849,3653,2155,706,435,1052,1670,9216
15,2018-19,Brooklyn Nets,BRK,82,19980,3301,7358,.449,1047,2965,.353,2254,4393,.513,1555,2088,.745,900,2919,3819,1954,539,339,1236,1763,9204
16,2018-19,Los Angeles Lakers,LAL,82,19780,3491,7425,.470,847,2541,.333,2644,4884,.541,1336,1910,.699,835,2985,3820,2096,618,440,1284,1701,9165
17,2018-19,Utah Jazz,UTA,82,19755,3314,7082,.468,993,2789,.356,2321,4293,.541,1540,2092,.736,820,2981,3801,2133,663,483,1240,1728,9161
18,2018-19,San Antonio Spurs,SAS,82,19805,3468,7248,.478,812,2071,.392,2656,5177,.513,1408,1720,.819,757,2910,3667,2013,501,386,992,1487,9156
19,2018-19,Charlotte Hornets,CHO,82,19830,3297,7362,.448,977,2783,.351,2320,4579,.507,1510,1895,.797,814,2778,3592,1905,591,405,1001,1550,9081
20,2018-19,Denver Nuggets,DEN,82,19730,3439,7384,.466,903,2571,.351,2536,4813,.527,1294,1714,.755,972,2832,3804,2245,634,363,1102,1644,9075
21,2018-19,Dallas Mavericks,DAL,82,19780,3182,7122,.447,1022,3002,.340,2160,4120,.524,1541,2076,.742,832,2884,3716,1918,533,351,1167,1650,8927
22,2018-19,Indiana Pacers,IND,82,19705,3390,7135,.475,779,2081,.374,2611,5054,.517,1298,1727,.752,762,2766,3528,2128,713,404,1122,1594,8857
23,2018-19,Phoenix Suns,PHO,82,19880,3289,7164,.459,790,2400,.329,2499,4764,.525,1447,1858,.779,748,2563,3311,1957,735,418,1279,1932,8815
24,2018-19,Orlando Magic,ORL,82,19780,3316,7307,.454,937,2633,.356,2379,4674,.509,1231,1575,.782,822,2902,3724,2095,543,445,1082,1526,8800
25,2018-19,Detroit Pistons,DET,82,19855,3185,7238,.440,993,2854,.348,2192,4384,.500,1415,1893,.747,936,2752,3688,1845,569,331,1135,1811,8778
26,2018-19,Miami Heat,MIA,82,19730,3251,7218,.450,928,2658,.349,2323,4560,.509,1238,1782,.695,921,2879,3800,1991,627,448,1208,1712,8668
27,2018-19,Chicago Bulls,CHI,82,19905,3266,7205,.453,745,2123,.351,2521,5082,.496,1328,1695,.783,718,2799,3517,1796,603,351,1159,1663,8605
28,2018-19,New York Knicks,NYK,82,19780,3134,7241,.433,823,2421,.340,2311,4820,.479,1484,1956,.759,857,2811,3668,1646,557,422,1151,1713,8575
29,2018-19,Cleveland Cavaliers,CLE,82,19755,3189,7184,.444,847,2388,.355,2342,4796,.488,1342,1694,.792,879,2619,3498,1698,534,195,1106,1642,8567
30,2018-19,Memphis Grizzlies,MEM,82,19880,3113,6924,.450,811,2368,.342,2302,4556,.505,1453,1882,.772,723,2703,3426,1963,684,448,1147,1801,8490
,2018-19,League Average,,82,19815,3369,7315,.461,932,2625,.355,2437,4691,.520,1450,1892,.766,848,2855,3704,2016,626,406,1155,1714,9119
1,2017-18,Golden State Warriors,GSW,82,19730,3509,6980,.503,926,2369,.391,2583,4611,.560,1360,1668,.815,691,2877,3568,2402,656,612,1265,1607,9304
2,2017-18,Houston Rockets,HOU,82,19755,3174,6906,.460,1256,3470,.362,1918,3436,.558,1609,2061,.781,739,2825,3564,1767,699,392,1135,1597,9213
3,2017-18,New Orleans Pelicans,NOP,82,19955,3500,7241,.483,837,2312,.362,2663,4929,.540,1324,1716,.772,712,2924,3636,2195,657,485,1223,1570,9161
4,2017-18,Toronto Raptors,TOR,82,19830,3383,7169,.472,968,2705,.358,2415,4464,.541,1422,1790,.794,800,2807,3607,1995,626,500,1095,1783,9156
5,2017-18,Cleveland Cavaliers,CLE,82,19730,3311,6950,.476,981,2636,.372,2330,4314,.540,1488,1909,.779,694,2761,3455,1916,582,312,1126,1524,9091
6,2017-18,Denver Nuggets,DEN,82,19880,3338,7102,.470,940,2536,.371,2398,4566,.525,1404,1830,.767,902,2748,3650,2059,627,404,1226,1533,9020
7,2017-18,Philadelphia 76ers,PHI,82,19780,3349,7098,.472,901,2445,.369,2448,4653,.526,1405,1868,.752,893,2996,3889,2221,682,420,1353,1811,9004
8,2017-18,Minnesota Timberwolves,MIN,82,19805,3365,7063,.476,658,1845,.357,2707,5218,.519,1592,1980,.804,848,2593,3441,1861,689,345,1021,1495,8980
9,2017-18,Los Angeles Clippers,LAC,82,19705,3302,7004,.471,777,2196,.354,2525,4808,.525,1556,2095,.743,832,2766,3598,1832,628,373,1204,1638,8937
10,2017-18,Charlotte Hornets,CHO,82,19780,3197,7106,.450,824,2233,.369,2373,4873,.487,1656,2216,.747,827,2901,3728,1770,559,373,1041,1409,8874
11,2017-18,Los Angeles Lakers,LAL,82,19905,3338,7248,.461,822,2384,.345,2516,4864,.517,1364,1910,.714,876,2927,3803,1949,633,388,1295,1736,8862
12,2017-18,Oklahoma City Thunder,OKC,82,19830,3271,7221,.453,881,2491,.354,2390,4730,.505,1421,1985,.716,1024,2671,3695,1750,743,412,1147,1653,8844
13,2017-18,Washington Wizards,WAS,82,19855,3275,7018,.467,814,2173,.375,2461,4845,.508,1378,1786,.772,823,2713,3536,2065,645,353,1196,1746,8742
14,2017-18,Brooklyn Nets,BRK,82,19855,3136,7114,.441,1041,2924,.356,2095,4190,.500,1428,1850,.772,792,2852,3644,1941,512,390,1245,1688,8741
15,2017-18,Milwaukee Bucks,MIL,82,19830,3257,6807,.478,718,2024,.355,2539,4783,.531,1499,1915,.783,688,2579,3267,1905,722,443,1135,1752,8731
16,2017-18,Portland Trail Blazers,POR,82,19755,3222,7132,.452,845,2308,.366,2377,4824,.493,1372,1715,.800,835,2893,3728,1599,573,423,1109,1599,8661
17,2017-18,Indiana Pacers,IND,82,19755,3345,7083,.472,741,2010,.369,2604,5073,.513,1225,1573,.779,788,2684,3472,1819,721,340,1088,1544,8656
18,2017-18,New York Knicks,NYK,82,19830,3334,7193,.464,673,1914,.352,2661,5279,.504,1225,1557,.787,859,2752,3611,1912,552,421,1208,1682,8566
19,2017-18,Utah Jazz,UTA,82,19755,3139,6797,.462,887,2425,.366,2252,4372,.515,1375,1766,.779,740,2807,3547,1839,708,420,1205,1608,8540
20,2017-18,Boston Celtics,BOS,82,19805,3141,6975,.450,939,2492,.377,2202,4483,.491,1308,1697,.771,767,2878,3645,1842,604,373,1148,1618,8529
21,2017-18,Phoenix Suns,PHO,82,19705,3153,7141,.442,763,2286,.334,2390,4855,.492,1453,1962,.741,842,2776,3618,1743,569,370,1289,1807,8522
22,2017-18,Detroit Pistons,DET,82,19805,3208,7129,.450,886,2373,.373,2322,4756,.488,1207,1621,.745,830,2756,3586,1868,628,317,1102,1508,8509
23,2017-18,Miami Heat,MIA,82,19930,3184,6997,.455,903,2506,.360,2281,4491,.508,1209,1601,.755,763,2801,3564,1862,620,437,1178,1648,8480
24,2017-18,Orlando Magic,ORL,82,19730,3182,7042,.452,844,2405,.351,2338,4637,.504,1271,1678,.757,722,2692,3414,1921,622,400,1192,1579,8479
25,2017-18,Atlanta Hawks,ATL,82,19705,3130,7015,.446,917,2544,.360,2213,4471,.495,1298,1654,.785,743,2693,3436,1946,638,348,1275,1606,8475
26,2017-18,Chicago Bulls,CHI,82,19855,3170,7285,.435,906,2549,.355,2264,4736,.478,1194,1574,.759,790,2872,3662,1923,626,289,1147,1571,8440
27,2017-18,San Antonio Spurs,SAS,82,19730,3202,6999,.457,696,1977,.352,2506,5022,.499,1324,1715,.772,849,2777,3626,1868,628,460,1078,1408,8424
28,2017-18,Dallas Mavericks,DAL,82,19805,3128,7042,.444,967,2688,.360,2161,4354,.496,1167,1530,.763,666,2717,3383,1858,578,310,1007,1578,8390
29,2017-18,Memphis Grizzlies,MEM,82,19705,3013,6788,.444,758,2152,.352,2255,4636,.486,1361,1732,.786,779,2544,3323,1767,613,396,1227,1900,8145
30,2017-18,Sacramento Kings,SAC,82,19755,3179,7063,.450,738,1967,.375,2441,5096,.479,1008,1371,.735,777,2578,3355,1768,643,340,1125,1639,8104
,2017-18,League Average,,82,19795,3248,7057,.460,860,2378,.362,2388,4679,.510,1363,1778,.767,796,2772,3568,1905,633,395,1170,1628,8719
1,2016-17,Golden State Warriors,GSW,82,19780,3532,7140,.495,982,2562,.383,2550,4578,.557,1457,1850,.788,770,2873,3643,2491,785,555,1211,1585,9503
2,2016-17,Houston Rockets,HOU,82,19780,3305,7152,.462,1181,3306,.357,2124,3846,.552,1667,2177,.766,892,2746,3638,2070,670,352,1240,1634,9458
3,2016-17,Denver Nuggets,DEN,82,19755,3377,7194,.469,870,2365,.368,2507,4829,.519,1537,1986,.774,966,2837,3803,2077,568,323,1226,1567,9161
4,2016-17,Cleveland Cavaliers,CLE,82,19880,3275,6963,.470,1067,2779,.384,2208,4184,.528,1431,1913,.748,766,2821,3587,1858,539,327,1121,1486,9048
5,2016-17,Washington Wizards,WAS,82,19855,3388,7137,.475,756,2030,.372,2632,5107,.515,1421,1812,.784,843,2671,3514,1956,693,336,1162,1745,8953
6,2016-17,Los Angeles Clippers,LAC,82,19755,3242,6820,.475,841,2245,.375,2401,4575,.525,1586,2128,.745,738,2790,3528,1848,612,347,1062,1626,8911
7,2016-17,Boston Celtics,BOS,82,19755,3168,6978,.454,985,2742,.359,2183,4236,.515,1536,1903,.807,744,2698,3442,2069,617,340,1088,1686,8857
8,2016-17,Portland Trail Blazers,POR,82,19930,3243,7059,.459,852,2272,.375,2391,4787,.499,1513,1940,.780,830,2750,3580,1733,574,408,1126,1736,8851
9,2016-17,Phoenix Suns,PHO,82,19830,3270,7260,.450,615,1854,.332,2655,5406,.491,1676,2159,.776,976,2712,3688,1604,673,399,1265,2030,8831
10,2016-17,Toronto Raptors,TOR,82,19780,3211,6918,.464,725,1996,.363,2486,4922,.505,1615,2028,.796,871,2676,3547,1517,677,400,1041,1708,8762
11,2016-17,Oklahoma City Thunder,OKC,82,19805,3237,7169,.452,692,2116,.327,2545,5053,.504,1575,2113,.745,1002,2821,3823,1721,648,408,1230,1715,8741
12,2016-17,Brooklyn Nets,BRK,82,19755,3102,6987,.444,877,2591,.338,2225,4396,.506,1592,2020,.788,721,2879,3600,1756,593,387,1356,1726,8673
13,2016-17,Minnesota Timberwolves,MIN,82,19805,3235,6922,.467,601,1723,.349,2634,5199,.507,1586,1986,.799,938,2540,3478,1940,654,370,1150,1646,8657
14,2016-17,San Antonio Spurs,SAS,82,19805,3222,6864,.469,753,1927,.391,2469,4937,.500,1440,1806,.797,821,2777,3598,1954,655,484,1101,1498,8637
15,2016-17,Indiana Pacers,IND,82,19855,3221,6931,.465,709,1885,.376,2512,5046,.498,1467,1811,.810,742,2702,3444,1844,669,409,1130,1597,8618
16,2016-17,Charlotte Hornets,CHO,82,19830,3093,7000,.442,824,2347,.351,2269,4653,.488,1591,1953,.815,721,2853,3574,1891,571,390,942,1360,8601
17,2016-17,Los Angeles Lakers,LAL,82,19705,3224,7164,.450,730,2110,.346,2494,5054,.493,1397,1853,.754,933,2636,3569,1716,674,320,1243,1698,8575
18,2016-17,New Orleans Pelicans,NOP,82,19905,3210,7130,.450,768,2196,.350,2442,4934,.495,1368,1825,.750,703,2879,3582,1869,638,453,1054,1490,8556
19,2016-17,New York Knicks,NYK,82,19855,3244,7256,.447,704,2022,.348,2540,5234,.485,1364,1731,.788,983,2723,3706,1786,581,455,1139,1668,8556
20,2016-17,Milwaukee Bucks,MIL,82,19780,3182,6715,.474,720,1946,.370,2462,4769,.516,1413,1839,.768,723,2589,3312,1984,666,436,1145,1660,8497
21,2016-17,Miami Heat,MIA,82,19780,3202,7037,.455,808,2213,.365,2394,4824,.496,1248,1768,.706,872,2705,3577,1742,588,469,1102,1680,8460
22,2016-17,Atlanta Hawks,ATL,82,19880,3123,6918,.451,729,2137,.341,2394,4781,.501,1484,2039,.728,842,2793,3635,1938,672,397,1294,1491,8459
23,2016-17,Chicago Bulls,CHI,82,19780,3169,7141,.444,623,1831,.340,2546,5310,.479,1474,1848,.798,999,2797,3796,1851,643,393,1112,1455,8435
24,2016-17,Sacramento Kings,SAC,82,19880,3105,6734,.461,737,1960,.376,2368,4774,.496,1483,1913,.775,715,2652,3367,1844,627,324,1201,1667,8430
25,2016-17,Philadelphia 76ers,PHI,82,19830,3088,6992,.442,831,2443,.340,2257,4549,.496,1393,1806,.771,807,2706,3513,1949,692,420,1366,1793,8400
26,2016-17,Detroit Pistons,DET,82,19805,3269,7282,.449,631,1915,.330,2638,5367,.492,1140,1586,.719,908,2838,3746,1732,574,310,973,1467,8309
27,2016-17,Orlando Magic,ORL,82,19805,3139,7133,.440,701,2139,.328,2438,4994,.488,1309,1753,.747,807,2734,3541,1820,580,396,1091,1584,8288
28,2016-17,Utah Jazz,UTA,82,19755,3033,6515,.466,791,2128,.372,2242,4387,.511,1401,1875,.747,771,2774,3545,1651,550,410,1118,1545,8258
29,2016-17,Memphis Grizzlies,MEM,82,19905,2984,6854,.435,767,2169,.354,2217,4685,.473,1504,1918,.784,886,2621,3507,1744,653,344,1059,1840,8239
30,2016-17,Dallas Mavericks,DAL,82,19780,2968,6750,.440,878,2473,.355,2090,4277,.489,1215,1516,.801,647,2516,3163,1705,614,307,972,1567,8029
,2016-17,League Average,,82,19813,3202,7004,.457,792,2214,.358,2410,4790,.503,1463,1895,.772,831,2737,3568,1855,632,389,1144,1632,8658
1,2015-16,Golden State Warriors,GSW,82,19880,3489,7159,.487,1077,2592,.416,2412,4567,.528,1366,1790,.763,816,2972,3788,2373,689,498,1245,1701,9421
2,2015-16,Oklahoma City Thunder,OKC,82,19830,3372,7082,.476,678,1945,.349,2694,5137,.524,1616,2067,.782,1071,2916,3987,1883,603,487,1305,1691,9038
3,2015-16,Sacramento Kings,SAC,82,19805,3283,7083,.464,660,1839,.359,2623,5244,.500,1514,2089,.725,868,2760,3628,2009,733,368,1326,1676,8740
4,2015-16,Houston Rockets,HOU,82,19830,3094,6847,.452,878,2533,.347,2216,4314,.514,1671,2407,.694,930,2601,3531,1821,821,430,1307,1790,8737
5,2015-16,Boston Celtics,BOS,82,19780,3216,7318,.439,717,2142,.335,2499,5176,.483,1520,1929,.788,950,2733,3683,1981,752,348,1127,1796,8669
6,2015-16,Portland Trail Blazers,POR,82,19805,3167,7040,.450,864,2336,.370,2303,4704,.490,1424,1889,.754,948,2782,3730,1748,562,380,1200,1782,8622
7,2015-16,Los Angeles Clippers,LAC,82,19830,3141,6759,.465,797,2190,.364,2344,4569,.513,1490,2152,.692,721,2727,3448,1873,709,460,1063,1746,8569
8,2015-16,Cleveland Cavaliers,CLE,82,19855,3171,6888,.460,880,2428,.362,2291,4460,.514,1333,1783,.748,873,2777,3650,1861,551,317,1114,1666,8555
9,2015-16,Washington Wizards,WAS,82,19755,3238,7033,.460,709,1983,.358,2529,5050,.501,1349,1849,.730,743,2688,3431,2005,708,323,1186,1708,8534
10,2015-16,San Antonio Spurs,SAS,82,19705,3289,6797,.484,570,1518,.375,2719,5279,.515,1342,1672,.803,770,2831,3601,2010,677,485,1071,1433,8490
11,2015-16,Charlotte Hornets,CHO,82,19855,3036,6922,.439,873,2410,.362,2163,4512,.479,1534,1941,.790,734,2869,3603,1778,595,438,1029,1487,8479
12,2015-16,Atlanta Hawks,ATL,82,19830,3168,6923,.458,815,2326,.350,2353,4597,.512,1282,1638,.783,679,2772,3451,2100,747,486,1226,1570,8433
13,2015-16,New Orleans Pelicans,NOP,82,19780,3153,7040,.448,702,1951,.360,2451,5089,.482,1415,1823,.776,782,2712,3494,1818,633,342,1102,1713,8423
14,2015-16,Toronto Raptors,TOR,82,19780,3006,6669,.451,708,1915,.370,2298,4754,.483,1702,2190,.777,836,2724,3560,1536,636,449,1073,1610,8422
15,2015-16,Minnesota Timberwolves,MIN,82,19880,3095,6668,.464,455,1347,.338,2640,5321,.496,1753,2213,.792,821,2587,3408,1916,656,375,1231,1696,8398
16,2015-16,Dallas Mavericks,DAL,82,20005,3064,6900,.444,806,2342,.344,2258,4558,.495,1454,1831,.794,751,2781,3532,1813,560,306,1047,1595,8388
17,2015-16,Indiana Pacers,IND,82,19880,3142,6985,.450,663,1889,.351,2479,5096,.486,1430,1872,.764,847,2779,3626,1741,742,391,1219,1641,8377
18,2015-16,Orlando Magic,ORL,82,19905,3242,7120,.455,636,1818,.350,2606,5302,.492,1249,1649,.757,843,2709,3552,1933,673,417,1155,1701,8369
19,2015-16,Detroit Pistons,DET,82,19880,3111,7087,.439,740,2148,.345,2371,4939,.480,1399,2095,.668,1021,2777,3798,1594,573,304,1110,1557,8361
20,2015-16,Denver Nuggets,DEN,82,19830,3093,7003,.442,656,1943,.338,2437,5060,.482,1513,1974,.766,941,2718,3659,1858,609,395,1202,1723,8355
21,2015-16,Chicago Bulls,CHI,82,19905,3165,7170,.441,651,1753,.371,2514,5417,.464,1354,1720,.787,907,2889,3796,1870,495,470,1141,1545,8335
22,2015-16,Phoenix Suns,PHO,82,19705,3051,7018,.435,738,2118,.348,2313,4900,.472,1431,1905,.751,943,2733,3676,1701,632,313,1410,1858,8271
23,2015-16,Miami Heat,MIA,82,19830,3150,6697,.470,498,1480,.336,2652,5217,.508,1406,1889,.744,807,2811,3618,1709,553,531,1155,1502,8204
24,2015-16,Memphis Grizzlies,MEM,82,19830,3019,6859,.440,504,1521,.331,2515,5338,.471,1584,2024,.783,916,2497,3413,1697,724,350,1090,1783,8126
25,2015-16,Milwaukee Bucks,MIL,82,19830,3145,6740,.467,440,1277,.345,2705,5463,.495,1392,1863,.747,858,2559,3417,1895,672,475,1247,1695,8122
26,2015-16,Brooklyn Nets,BRK,82,19755,3136,6920,.453,531,1508,.352,2605,5412,.481,1286,1699,.757,863,2614,3477,1829,627,332,1212,1476,8089
27,2015-16,New York Knicks,NYK,82,19805,3022,6886,.439,610,1762,.346,2412,5124,.471,1411,1753,.805,850,2788,3638,1682,467,466,1099,1616,8065
28,2015-16,Utah Jazz,UTA,82,19955,2957,6593,.449,694,1956,.355,2263,4637,.488,1402,1885,.744,880,2665,3545,1554,631,425,1224,1655,8010
29,2015-16,Philadelphia 76ers,PHI,82,19805,2970,6887,.431,764,2255,.339,2206,4632,.476,1284,1850,.694,777,2605,3382,1765,680,495,1343,1780,7988
30,2015-16,Los Angeles Lakers,LAL,82,19730,2880,6956,.414,639,2016,.317,2241,4940,.454,1583,2028,.781,878,2645,3523,1478,593,337,1124,1662,7982
,2015-16,League Average,,82,19828,3136,6935,.452,698,1975,.354,2437,4960,.491,1450,1916,.757,854,2734,3588,1828,643,406,1179,1662,8419
1,2014-15,Golden State Warriors,GSW,82,19730,3410,7137,.478,883,2217,.398,2527,4920,.514,1313,1709,.768,853,2814,3667,2248,762,496,1185,1628,9016
2,2014-15,Los Angeles Clippers,LAC,82,19730,3228,6830,.473,827,2202,.376,2401,4628,.519,1468,2067,.710,784,2711,3495,2031,640,409,1012,1749,8751
3,2014-15,Dallas Mavericks,DAL,82,19880,3255,7036,.463,732,2082,.352,2523,4954,.509,1386,1843,.752,858,2608,3466,1846,663,371,1062,1644,8628
4,2014-15,Toronto Raptors,TOR,82,19855,3108,6829,.455,726,2060,.352,2382,4769,.499,1585,2014,.787,881,2526,3407,1701,615,357,1057,1712,8527
5,2014-15,Oklahoma City Thunder,OKC,82,19830,3184,7119,.447,632,1864,.339,2552,5255,.486,1524,2020,.754,1052,2844,3896,1681,598,454,1205,1829,8524
6,2014-15,Houston Rockets,HOU,82,19805,3032,6832,.444,933,2680,.348,2099,4152,.506,1525,2133,.715,958,2624,3582,1820,777,407,1366,1803,8522
7,2014-15,San Antonio Spurs,SAS,82,19955,3208,6854,.468,677,1847,.367,2531,5007,.505,1368,1754,.780,806,2772,3578,2000,657,444,1146,1564,8461
8,2014-15,Cleveland Cavaliers,CLE,82,19780,3089,6739,.458,826,2253,.367,2263,4486,.504,1453,1934,.751,911,2612,3523,1814,603,340,1171,1510,8457
9,2014-15,Portland Trail Blazers,POR,82,19855,3175,7049,.450,807,2231,.362,2368,4818,.491,1272,1589,.801,879,2881,3760,1799,525,372,1117,1494,8429
10,2014-15,Atlanta Hawks,ATL,82,19730,3121,6699,.466,818,2152,.380,2303,4547,.506,1349,1735,.778,715,2611,3326,2111,744,380,1167,1457,8409
11,2014-15,Phoenix Suns,PHO,82,19880,3178,7038,.452,698,2048,.341,2480,4990,.497,1343,1767,.760,896,2643,3539,1659,700,385,1238,1744,8397
12,2014-15,Denver Nuggets,DEN,82,19880,3099,7158,.433,660,2032,.325,2439,5126,.476,1462,1991,.734,1012,2653,3665,1788,641,367,1166,1882,8320
13,2014-15,Boston Celtics,BOS,82,19880,3193,7211,.443,660,2021,.327,2533,5190,.488,1266,1678,.754,910,2685,3595,2009,674,294,1133,1738,8312
14,2014-15,Sacramento Kings,SAC,82,19855,3010,6617,.455,461,1350,.341,2549,5267,.484,1829,2400,.762,895,2728,3623,1667,550,324,1333,1696,8310
15,2014-15,Chicago Bulls,CHI,82,19880,3001,6797,.442,645,1825,.353,2356,4972,.474,1618,2067,.783,959,2792,3751,1781,514,476,1145,1495,8265
16,2014-15,New Orleans Pelicans,NOP,82,19780,3108,6795,.457,586,1583,.370,2522,5212,.484,1345,1790,.751,942,2621,3563,1806,553,510,1087,1530,8147
17,2014-15,Washington Wizards,WAS,82,19955,3139,6790,.462,497,1381,.360,2642,5409,.488,1305,1758,.742,862,2801,3663,1969,601,378,1233,1707,8080
18,2014-15,Detroit Pistons,DET,82,19830,3041,7038,.432,703,2043,.344,2338,4995,.468,1292,1838,.703,1051,2630,3681,1771,623,383,1099,1559,8077
19,2014-15,Los Angeles Lakers,LAL,82,19930,3054,7020,.435,532,1546,.344,2522,5474,.461,1433,1935,.741,952,2647,3599,1715,578,366,1086,1741,8073
20,2014-15,Memphis Grizzlies,MEM,82,19905,3097,6763,.458,423,1246,.339,2674,5517,.485,1445,1869,.773,856,2634,3490,1777,700,347,1094,1567,8062
21,2014-15,Brooklyn Nets,BRK,82,19930,3069,6804,.451,541,1633,.331,2528,5171,.489,1359,1817,.748,846,2627,3473,1716,576,340,1133,1579,8038
22,2014-15,Milwaukee Bucks,MIL,82,19930,3083,6722,.459,545,1500,.363,2538,5222,.486,1312,1734,.757,876,2574,3450,1932,789,403,1373,1814,8023
23,2014-15,Minnesota Timberwolves,MIN,82,19805,2986,6820,.438,406,1223,.332,2580,5597,.461,1638,2110,.776,949,2406,3355,1771,668,327,1231,1571,8016
24,2014-15,Indiana Pacers,IND,82,19855,2998,6824,.439,612,1740,.352,2386,5084,.469,1373,1817,.756,856,2822,3678,1757,505,375,1147,1742,7981
25,2014-15,Orlando Magic,ORL,82,19755,3076,6792,.453,554,1598,.347,2522,5194,.486,1141,1565,.729,822,2607,3429,1692,647,314,1221,1714,7847
26,2014-15,Utah Jazz,UTA,82,19705,2900,6492,.447,610,1781,.343,2290,4711,.486,1391,1929,.721,988,2617,3605,1632,623,489,1256,1583,7801
27,2014-15,Miami Heat,MIA,82,19730,2885,6330,.456,556,1659,.335,2329,4671,.499,1438,1940,.741,747,2461,3208,1626,642,372,1214,1636,7764
28,2014-15,Charlotte Hornets,CHO,82,19905,2913,6932,.420,498,1566,.318,2415,5366,.450,1397,1867,.748,820,2793,3613,1654,499,448,976,1494,7721
29,2014-15,Philadelphia 76ers,PHI,82,19805,2765,6777,.408,692,2160,.320,2073,4617,.449,1320,1953,.676,978,2536,3514,1683,789,487,1453,1778,7542
30,2014-15,New York Knicks,NYK,82,19855,2882,6726,.428,560,1614,.347,2322,5112,.454,1211,1575,.769,867,2443,3310,1746,575,382,1206,1768,7535
,2014-15,League Average,,82,19840,3076,6852,.449,643,1838,.350,2433,5014,.485,1405,1873,.750,893,2657,3550,1807,634,393,1177,1658,8201
1,2013-14,Los Angeles Clippers,LAC,82,19755,3208,6761,.474,693,1966,.352,2515,4795,.525,1741,2384,.730,858,2668,3526,2016,703,397,1136,1767,8850
2,2013-14,Houston Rockets,HOU,82,19830,3118,6603,.472,779,2179,.358,2339,4424,.529,1814,2549,.712,920,2797,3717,1755,621,461,1323,1676,8829
3,2013-14,Minnesota Timberwolves,MIN,82,19855,3189,7175,.444,600,1757,.341,2589,5418,.478,1790,2301,.778,1024,2644,3668,1963,718,297,1142,1504,8768
4,2013-14,Portland Trail Blazers,POR,82,19855,3207,7134,.450,770,2071,.372,2437,5063,.481,1569,1926,.815,1022,2786,3808,1904,454,387,1125,1576,8753
5,2013-14,Oklahoma City Thunder,OKC,82,19805,3194,6782,.471,664,1839,.361,2530,4943,.512,1653,2052,.806,887,2781,3668,1794,678,501,1256,1858,8705
6,2013-14,San Antonio Spurs,SAS,82,19755,3326,6844,.486,698,1757,.397,2628,5087,.517,1289,1642,.785,762,2786,3548,2064,604,420,1180,1495,8639
7,2013-14,Phoenix Suns,PHO,82,19755,3172,6845,.463,765,2055,.372,2407,4790,.503,1520,2004,.758,928,2601,3529,1563,688,374,1258,1798,8629
8,2013-14,Dallas Mavericks,DAL,82,19830,3249,6858,.474,721,1877,.384,2528,4981,.508,1378,1733,.795,840,2514,3354,1935,704,356,1110,1636,8597
9,2013-14,Denver Nuggets,DEN,82,19755,3147,7042,.447,702,1959,.358,2445,5083,.481,1563,2154,.726,1009,2717,3726,1838,615,459,1305,1890,8559
10,2013-14,Golden State Warriors,GSW,82,19830,3236,7005,.462,774,2037,.380,2462,4968,.496,1303,1731,.753,896,2819,3715,1912,642,407,1247,1784,8549
11,2013-14,Los Angeles Lakers,LAL,82,19705,3139,6980,.450,774,2032,.381,2365,4948,.478,1390,1835,.757,745,2620,3365,2006,611,446,1239,1627,8442
12,2013-14,Miami Heat,MIA,82,19880,3142,6272,.501,665,1829,.364,2477,4443,.558,1431,1884,.760,627,2397,3024,1847,732,367,1212,1596,8380
13,2013-14,Toronto Raptors,TOR,82,19955,2992,6718,.445,713,1917,.372,2279,4801,.475,1608,2055,.782,935,2552,3487,1737,577,343,1159,1882,8305
14,2013-14,Detroit Pistons,DET,82,19780,3182,7124,.447,507,1580,.321,2675,5544,.483,1415,2111,.670,1196,2525,3721,1714,687,395,1193,1666,8286
15,2013-14,Atlanta Hawks,ATL,82,19830,3061,6688,.458,768,2116,.363,2293,4572,.502,1392,1782,.781,713,2565,3278,2041,680,326,1251,1577,8282
16,2013-14,Washington Wizards,WAS,82,20055,3177,6920,.459,647,1704,.380,2530,5216,.485,1253,1715,.731,886,2573,3459,1909,668,377,1204,1675,8254
17,2013-14,Sacramento Kings,SAC,82,19830,3026,6766,.447,491,1475,.333,2535,5291,.479,1698,2237,.759,990,2656,3646,1547,587,318,1249,1849,8241
18,2013-14,New Orleans Pelicans,NOP,82,19855,3101,6761,.459,486,1303,.373,2615,5458,.479,1489,1936,.769,933,2486,3419,1745,647,523,1129,1857,8177
19,2013-14,Philadelphia 76ers,PHI,82,19855,3108,7150,.435,577,1847,.312,2531,5303,.477,1362,1918,.710,949,2556,3505,1791,765,330,1384,1844,8155
20,2013-14,New York Knicks,NYK,82,19855,3027,6739,.449,759,2038,.372,2268,4701,.482,1271,1670,.761,870,2437,3307,1641,631,367,1063,1815,8084
21,2013-14,Brooklyn Nets,BRK,82,19880,2931,6391,.459,709,1922,.369,2222,4469,.497,1508,2002,.753,721,2407,3128,1714,705,311,1191,1777,8079
22,2013-14,Cleveland Cavaliers,CLE,82,19930,3036,6955,.437,584,1640,.356,2452,5315,.461,1398,1861,.751,989,2629,3618,1738,579,304,1163,1640,8054
23,2013-14,Charlotte Bobcats,CHA,82,19905,2976,6730,.442,516,1471,.351,2460,5259,.468,1474,2000,.737,776,2724,3500,1778,499,421,1010,1493,7942
24,2013-14,Indiana Pacers,IND,82,19780,2949,6573,.449,550,1542,.357,2399,5031,.477,1485,1907,.779,834,2831,3665,1651,550,446,1237,1675,7933
25,2013-14,Orlando Magic,ORL,82,19955,3022,6784,.445,563,1596,.353,2459,5188,.474,1307,1714,.763,794,2654,3448,1726,630,350,1222,1678,7914
26,2013-14,Boston Celtics,BOS,82,19730,2996,6883,.435,575,1729,.333,2421,5154,.470,1325,1706,.777,980,2505,3485,1726,584,343,1261,1743,7892
27,2013-14,Memphis Grizzlies,MEM,82,19805,3122,6723,.464,405,1147,.353,2717,5576,.487,1235,1666,.741,950,2526,3476,1792,631,375,1124,1568,7884
28,2013-14,Milwaukee Bucks,MIL,82,19880,2952,6737,.438,548,1553,.353,2404,5184,.464,1377,1843,.747,971,2399,3370,1760,541,403,1238,1713,7829
29,2013-14,Utah Jazz,UTA,82,19780,2951,6652,.444,543,1577,.344,2408,5075,.474,1346,1803,.747,904,2477,3381,1664,570,366,1200,1699,7791
30,2013-14,Chicago Bulls,CHI,82,19930,2843,6577,.432,508,1459,.348,2335,5118,.456,1486,1908,.779,937,2683,3620,1860,594,424,1223,1565,7680
,2013-14,League Average,,82,19840,3093,6806,.454,635,1766,.360,2458,5040,.488,1462,1934,.756,895,2611,3505,1804,630,386,1201,1697,8283
1,2012-13,Denver Nuggets,DEN,82,19905,3339,6983,.478,521,1518,.343,2818,5465,.516,1505,2148,.701,1092,2601,3693,2002,762,533,1253,1682,8704
2,2012-13,Houston Rockets,HOU,82,19780,3124,6782,.461,867,2369,.366,2257,4413,.511,1573,2087,.754,909,2652,3561,1902,679,359,1348,1662,8688
3,2012-13,Oklahoma City Thunder,OKC,82,19830,3126,6504,.481,598,1588,.377,2528,4916,.514,1819,2196,.828,854,2725,3579,1753,679,624,1253,1654,8669
4,2012-13,San Antonio Spurs,SAS,82,19880,3210,6675,.481,663,1764,.376,2547,4911,.519,1365,1725,.791,666,2721,3387,2058,695,446,1206,1427,8448
5,2012-13,Miami Heat,MIA,82,19880,3148,6348,.496,717,1809,.396,2431,4539,.536,1423,1887,.754,676,2490,3166,1890,710,441,1143,1533,8436
6,2012-13,Los Angeles Lakers,LAL,82,19755,3041,6640,.458,715,2015,.355,2326,4625,.503,1584,2289,.692,942,2732,3674,1818,576,429,1232,1467,8381
7,2012-13,Golden State Warriors,GSW,82,19805,3130,6840,.458,658,1632,.403,2472,5208,.475,1378,1744,.790,885,2801,3686,1845,567,346,1236,1753,8296
8,2012-13,Dallas Mavericks,DAL,82,19980,3182,6892,.462,606,1628,.372,2576,5264,.489,1323,1669,.793,767,2670,3437,1906,648,454,1144,1698,8293
9,2012-13,Los Angeles Clippers,LAC,82,19730,3160,6608,.478,627,1752,.358,2533,4856,.522,1342,1888,.711,938,2475,3413,1958,784,461,1197,1716,8289
10,2012-13,Sacramento Kings,SAC,82,19830,3086,6904,.447,610,1681,.363,2476,5223,.474,1437,1869,.769,943,2385,3328,1708,671,342,1199,1717,8219
11,2012-13,New York Knicks,NYK,82,19730,2996,6689,.448,891,2371,.376,2105,4318,.487,1313,1729,.759,890,2436,3326,1579,672,294,988,1650,8196
12,2012-13,Milwaukee Bucks,MIL,82,19830,3128,7197,.435,601,1670,.360,2527,5527,.457,1251,1700,.736,1068,2537,3605,1876,685,550,1156,1554,8108
13,2012-13,Utah Jazz,UTA,82,19880,3046,6710,.454,507,1385,.366,2539,5325,.477,1439,1883,.764,989,2457,3446,1859,690,515,1210,1750,8038
14,2012-13,Atlanta Hawks,ATL,82,19855,3084,6644,.464,706,1901,.371,2378,4743,.501,1158,1619,.715,758,2593,3351,2007,664,369,1219,1473,8032
15,2012-13,Portland Trail Blazers,POR,82,19855,3009,6715,.448,673,1904,.353,2336,4811,.486,1304,1680,.776,874,2474,3348,1784,538,353,1203,1518,7995
16,2012-13,Toronto Raptors,TOR,82,19980,2979,6685,.446,571,1665,.343,2408,5020,.480,1442,1831,.788,871,2426,3297,1765,595,392,1124,1836,7971
17,2012-13,Brooklyn Nets,BRK,82,19855,2942,6544,.450,628,1760,.357,2314,4784,.484,1432,1958,.731,1047,2460,3507,1668,599,391,1206,1500,7944
18,2012-13,Cleveland Cavaliers,CLE,82,19730,2993,6901,.434,547,1581,.346,2446,5320,.460,1380,1826,.756,1004,2359,3363,1694,647,334,1149,1737,7913
19,2012-13,Minnesota Timberwolves,MIN,82,19730,2943,6702,.439,450,1475,.305,2493,5227,.477,1515,2042,.742,973,2473,3446,1836,700,387,1214,1509,7851
20,2012-13,Boston Celtics,BOS,81,19840,3001,6459,.465,498,1390,.358,2503,5069,.494,1318,1698,.776,654,2533,3187,1843,667,365,1181,1717,7818
21,2012-13,Phoenix Suns,PHO,82,19805,3061,6917,.443,480,1455,.330,2581,5462,.473,1203,1618,.744,959,2454,3413,1855,659,434,1278,1688,7805
22,2012-13,Detroit Pistons,DET,82,19805,2979,6638,.449,513,1440,.356,2466,5198,.474,1307,1870,.699,991,2463,3454,1742,574,400,1241,1623,7778
23,2012-13,Orlando Magic,ORL,82,19780,3093,6904,.448,506,1537,.329,2587,5367,.482,1026,1359,.755,890,2612,3502,1871,528,358,1191,1591,7718
24,2012-13,New Orleans Hornets,NOH,82,19780,2955,6589,.448,535,1474,.363,2420,5115,.473,1269,1636,.776,988,2426,3414,1721,520,440,1193,1673,7714
25,2012-13,Indiana Pacers,IND,81,19590,2845,6525,.436,555,1599,.347,2290,4926,.465,1429,1915,.746,1043,2671,3714,1645,580,513,1227,1623,7674
26,2012-13,Charlotte Bobcats,CHA,82,19805,2823,6649,.425,469,1399,.335,2354,5250,.448,1546,2060,.750,917,2389,3306,1587,591,479,1153,1561,7661
27,2012-13,Memphis Grizzlies,MEM,82,19805,2964,6679,.444,382,1107,.345,2582,5572,.463,1349,1746,.773,1059,2445,3504,1715,703,436,1144,1660,7659
28,2012-13,Washington Wizards,WAS,82,19855,2910,6693,.435,545,1495,.365,2365,5198,.455,1279,1746,.733,887,2652,3539,1775,598,376,1238,1681,7644
29,2012-13,Chicago Bulls,CHI,82,19830,2926,6698,.437,446,1265,.353,2480,5433,.456,1343,1738,.773,1026,2514,3540,1886,588,417,1171,1617,7641
30,2012-13,Philadelphia 76ers,PHI,82,19755,3059,6895,.444,518,1438,.360,2541,5457,.466,1004,1377,.729,896,2493,3389,1867,609,384,1070,1505,7640
,2012-13,League Average,,82,19816,3043,6720,.453,587,1636,.359,2456,5085,.483,1369,1818,.753,915,2537,3453,1814,639,421,1192,1626,8041
1,2011-12,Denver Nuggets,DEN,66,16040,2572,5404,.476,435,1311,.332,2137,4093,.522,1293,1760,.735,738,2105,2843,1581,540,330,1015,1297,6872
2,2011-12,San Antonio Spurs,SAS,66,15940,2611,5463,.478,552,1405,.393,2059,4058,.507,1067,1427,.748,683,2153,2836,1528,490,293,895,1143,6841
3,2011-12,Oklahoma City Thunder,OKC,66,15990,2462,5229,.471,472,1317,.358,1990,3912,.509,1406,1744,.806,726,2157,2883,1224,498,539,1079,1352,6802
4,2011-12,Utah Jazz,UTA,66,16165,2523,5531,.456,273,845,.323,2250,4686,.480,1258,1668,.754,861,2055,2916,1439,545,385,936,1441,6577
5,2011-12,Milwaukee Bucks,MIL,66,15865,2502,5652,.443,436,1265,.345,2066,4387,.471,1095,1415,.774,820,1983,2803,1550,548,335,929,1273,6535
6,2011-12,Sacramento Kings,SAC,66,15915,2490,5712,.436,411,1301,.316,2079,4411,.471,1127,1532,.736,882,1947,2829,1271,561,323,952,1287,6518
7,2011-12,Miami Heat,MIA,66,16040,2446,5212,.469,370,1030,.359,2076,4182,.496,1238,1598,.775,686,2060,2746,1317,585,355,1002,1282,6500
8,2011-12,Phoenix Suns,PHO,66,15840,2495,5445,.458,444,1295,.343,2051,4150,.494,1058,1397,.757,717,2035,2752,1486,431,366,928,1233,6492
9,2011-12,Houston Rockets,HOU,66,16065,2489,5543,.449,478,1330,.359,2011,4213,.477,1018,1301,.782,769,2014,2783,1404,496,319,955,1347,6474
10,2011-12,Minnesota Timberwolves,MIN,66,15940,2355,5434,.433,473,1423,.332,1882,4011,.469,1281,1662,.771,797,2089,2886,1290,436,293,1001,1212,6464
11,2011-12,New York Knicks,NYK,66,15940,2365,5335,.443,517,1538,.336,1848,3797,.487,1211,1634,.741,743,2012,2755,1328,622,276,1056,1391,6458
12,2011-12,Golden State Warriors,GSW,66,15915,2489,5443,.457,524,1351,.388,1965,4092,.480,951,1235,.770,640,1947,2587,1470,528,362,915,1410,6453
13,2011-12,Indiana Pacers,IND,66,15990,2354,5375,.438,392,1064,.368,1962,4311,.455,1349,1724,.782,826,2070,2896,1228,523,357,925,1430,6449
14,2011-12,Los Angeles Clippers,LAC,66,15965,2439,5366,.455,514,1441,.357,1925,3925,.490,1046,1538,.680,800,1943,2743,1385,556,315,879,1399,6438
15,2011-12,Los Angeles Lakers,LAL,66,16065,2429,5319,.457,362,1112,.326,2067,4207,.491,1202,1589,.756,799,2251,3050,1485,390,351,997,1109,6422
16,2011-12,Portland Trail Blazers,POR,66,15965,2402,5417,.443,478,1382,.346,1924,4035,.477,1133,1423,.796,735,1949,2684,1349,528,322,935,1251,6415
17,2011-12,Atlanta Hawks,ATL,66,16165,2429,5348,.454,492,1330,.370,1937,4018,.482,1025,1385,.740,652,2066,2718,1481,536,303,921,1178,6375
18,2011-12,Chicago Bulls,CHI,66,15940,2467,5462,.452,419,1117,.375,2048,4345,.471,1006,1394,.722,915,2165,3080,1527,456,388,923,1139,6359
19,2011-12,Dallas Mavericks,DAL,66,16065,2398,5412,.443,497,1464,.339,1901,3948,.482,1029,1334,.771,665,2157,2822,1380,565,337,926,1226,6322
20,2011-12,Memphis Grizzlies,MEM,66,15940,2425,5422,.447,277,849,.326,2148,4573,.470,1142,1504,.759,831,1944,2775,1290,631,345,955,1316,6269
21,2011-12,Orlando Magic,ORL,66,15965,2275,5162,.441,670,1785,.375,1605,3377,.475,995,1508,.660,742,2060,2802,1321,451,275,984,1168,6215
22,2011-12,Washington Wizards,WAS,66,15865,2414,5475,.441,344,1075,.320,2070,4400,.470,1008,1386,.727,775,1975,2750,1262,527,417,1008,1405,6180
23,2011-12,Philadelphia 76ers,PHI,66,15915,2471,5516,.448,349,963,.362,2122,4553,.466,889,1198,.742,704,2144,2848,1453,526,340,738,1157,6180
24,2011-12,New Jersey Nets,NJN,66,15890,2262,5320,.425,507,1481,.342,1755,3839,.457,1113,1433,.777,783,1879,2662,1311,493,260,995,1268,6144
25,2011-12,Cleveland Cavaliers,CLE,66,15965,2261,5360,.422,440,1273,.346,1821,4087,.446,1178,1645,.716,841,1949,2790,1308,466,262,1017,1317,6140
26,2011-12,Boston Celtics,BOS,66,15940,2341,5086,.460,363,988,.367,1978,4098,.483,1017,1308,.778,509,2051,2560,1557,498,362,979,1315,6062
27,2011-12,Detroit Pistons,DET,66,15965,2291,5232,.438,317,916,.346,1974,4316,.457,1098,1461,.752,775,1882,2657,1232,460,278,1033,1293,5997
28,2011-12,Toronto Raptors,TOR,66,15965,2268,5154,.440,365,1075,.340,1903,4079,.467,1085,1410,.770,697,2074,2771,1382,429,321,1001,1532,5986
29,2011-12,New Orleans Hornets,NOH,66,15940,2300,5103,.451,259,777,.333,2041,4326,.472,1057,1397,.757,724,1991,2715,1368,488,316,1024,1324,5916
30,2011-12,Charlotte Bobcats,CHA,66,15890,2193,5293,.414,263,892,.295,1930,4401,.439,1090,1462,.746,677,1894,2571,1326,397,361,957,1249,5739
,2011-12,League Average,,66,15968,2407,5374,.448,423,1213,.349,1984,4161,.477,1116,1482,.752,750,2033,2784,1384,507,336,962,1291,6353
1,2010-11,Denver Nuggets,DEN,82,19705,3145,6613,.476,662,1704,.388,2483,4909,.506,1859,2429,.765,791,2652,3443,1813,605,352,1157,1719,8811
2,2010-11,New York Knicks,NYK,82,19780,3140,6867,.457,765,2081,.368,2375,4786,.496,1689,2087,.809,847,2470,3317,1757,625,475,1123,1743,8734
3,2010-11,Houston Rockets,HOU,82,19880,3170,6975,.454,677,1843,.367,2493,5132,.486,1668,2083,.801,962,2549,3511,1955,581,371,1110,1641,8685
4,2010-11,Phoenix Suns,PHO,82,20005,3219,6844,.470,701,1857,.377,2518,4987,.505,1472,1939,.759,821,2478,3299,1945,545,357,1169,1666,8611
5,2010-11,Oklahoma City Thunder,OKC,82,20005,3066,6609,.464,487,1403,.347,2579,5206,.495,1977,2401,.823,903,2604,3507,1672,654,487,1156,1836,8596
6,2010-11,San Antonio Spurs,SAS,82,19780,3148,6628,.475,685,1727,.397,2463,4901,.503,1521,1984,.767,829,2603,3432,1836,602,372,1101,1556,8502
7,2010-11,Golden State Warriors,GSW,82,19830,3251,7047,.461,685,1749,.392,2566,5298,.484,1290,1695,.761,955,2370,3325,1847,737,406,1198,1806,8477
8,2010-11,Miami Heat,MIA,82,19780,3031,6301,.481,547,1479,.370,2484,4822,.515,1760,2288,.769,790,2666,3456,1639,544,430,1142,1674,8369
9,2010-11,Los Angeles Lakers,LAL,82,19830,3128,6757,.463,524,1487,.352,2604,5270,.494,1541,1979,.779,989,2616,3605,1801,602,422,1073,1555,8321
10,2010-11,Minnesota Timberwolves,MIN,82,19780,3090,7014,.441,589,1565,.376,2501,5449,.459,1519,1977,.768,1085,2556,3641,1650,592,422,1398,1825,8288
11,2010-11,Dallas Mavericks,DAL,82,19705,3069,6463,.475,645,1768,.365,2424,4695,.516,1437,1850,.777,780,2618,3398,1954,557,352,1145,1575,8220
12,2010-11,Memphis Grizzlies,MEM,82,19880,3200,6801,.471,309,926,.334,2891,5875,.492,1486,1981,.750,970,2391,3361,1691,771,441,1145,1705,8195
13,2010-11,Indiana Pacers,IND,82,19780,3003,6787,.442,585,1653,.354,2418,5134,.471,1592,2035,.782,914,2657,3571,1611,584,456,1262,1782,8183
14,2010-11,Utah Jazz,UTA,82,19880,3064,6590,.465,435,1256,.346,2629,5334,.493,1590,2061,.771,898,2338,3236,1921,629,484,1175,1865,8153
15,2010-11,Sacramento Kings,SAC,82,19855,3134,6979,.449,428,1277,.335,2706,5702,.475,1455,1981,.734,1071,2526,3597,1675,608,391,1324,1805,8151
16,2010-11,Orlando Magic,ORL,82,19830,2956,6411,.461,770,2103,.366,2186,4308,.507,1453,2101,.692,864,2679,3543,1636,548,384,1224,1640,8135
17,2010-11,Toronto Raptors,TOR,82,19780,3144,6755,.465,345,1091,.316,2799,5664,.494,1491,1976,.755,963,2343,3306,1795,581,350,1206,1807,8124
18,2010-11,Philadelphia 76ers,PHI,82,19930,3125,6776,.461,443,1248,.355,2682,5528,.485,1426,1851,.770,850,2578,3428,1861,621,355,1063,1592,8119
19,2010-11,Los Angeles Clippers,LAC,82,19855,3015,6594,.457,513,1519,.338,2502,5075,.493,1546,2187,.707,955,2501,3456,1813,585,402,1343,1733,8089
20,2010-11,Chicago Bulls,CHI,82,19830,3042,6587,.462,511,1415,.361,2531,5172,.489,1492,2008,.743,967,2654,3621,1827,592,468,1161,1639,8087
21,2010-11,Washington Wizards,WAS,82,19930,3048,6888,.443,392,1182,.332,2656,5706,.465,1489,1999,.745,1013,2374,3387,1592,665,502,1258,1850,7977
22,2010-11,Detroit Pistons,DET,82,19880,3056,6647,.460,472,1256,.376,2584,5391,.479,1367,1854,.737,931,2236,3167,1730,595,328,1067,1629,7951
23,2010-11,Boston Celtics,BOS,82,19780,3023,6219,.486,408,1119,.365,2615,5100,.513,1459,1895,.770,639,2542,3181,1921,676,344,1195,1678,7913
24,2010-11,Portland Trail Blazers,POR,82,19805,2951,6599,.447,518,1503,.345,2433,5096,.477,1476,1835,.804,996,2230,3226,1736,660,358,1070,1585,7896
25,2010-11,Cleveland Cavaliers,CLE,82,19755,2886,6647,.434,509,1489,.342,2377,5158,.461,1546,2075,.745,856,2449,3305,1720,544,341,1166,1648,7827
26,2010-11,Atlanta Hawks,ATL,82,19730,2971,6429,.462,502,1427,.352,2469,5002,.494,1346,1728,.779,762,2460,3222,1802,497,341,1118,1554,7790
27,2010-11,New Orleans Hornets,NOH,82,19830,2944,6416,.459,444,1232,.360,2500,5184,.482,1452,1897,.765,824,2468,3292,1691,624,359,1069,1719,7784
28,2010-11,New Jersey Nets,NJN,82,20005,2918,6638,.440,459,1337,.343,2459,5301,.464,1427,1881,.759,909,2440,3349,1723,458,384,1152,1807,7722
29,2010-11,Charlotte Bobcats,CHA,82,19805,2873,6365,.451,393,1203,.327,2480,5162,.480,1511,1999,.756,848,2444,3292,1728,524,433,1192,1637,7650
30,2010-11,Milwaukee Bucks,MIL,82,19830,2814,6544,.430,483,1414,.342,2331,5130,.454,1423,1881,.757,862,2480,3342,1545,617,399,1103,1682,7534
,2010-11,League Average,,82,19835,3054,6660,.459,530,1477,.358,2525,5183,.487,1525,1998,.763,895,2499,3394,1763,601,399,1169,1698,8163
1,2009-10,Phoenix Suns,PHO,82,19730,3339,6788,.492,730,1770,.412,2609,5018,.520,1631,2117,.770,910,2616,3526,1912,479,418,1210,1713,9039
2,2009-10,Golden State Warriors,GSW,82,19730,3329,7094,.469,633,1687,.375,2696,5407,.499,1631,2085,.782,753,2397,3150,1839,761,340,1204,1886,8922
3,2009-10,Denver Nuggets,DEN,82,19780,3124,6678,.468,544,1517,.359,2580,5161,.500,1937,2508,.772,889,2505,3394,1719,683,417,1136,1844,8729
4,2009-10,Utah Jazz,UTA,82,19755,3227,6575,.491,439,1207,.364,2788,5368,.519,1654,2233,.741,872,2588,3460,2187,675,400,1246,1859,8547
5,2009-10,Toronto Raptors,TOR,82,19780,3199,6631,.482,518,1397,.371,2681,5234,.512,1618,2118,.764,806,2507,3313,1804,469,384,1100,1819,8534
6,2009-10,Orlando Magic,ORL,82,19730,3005,6394,.470,841,2241,.375,2164,4153,.521,1575,2176,.724,810,2736,3546,1615,512,456,1155,1629,8426
7,2009-10,Memphis Grizzlies,MEM,82,19905,3223,6875,.469,344,1020,.337,2879,5855,.492,1614,2202,.733,1070,2496,3566,1543,645,399,1248,1655,8404
8,2009-10,Houston Rockets,HOU,82,19905,3094,6923,.447,646,1838,.351,2448,5085,.481,1561,2022,.772,971,2471,3442,1790,583,318,1188,1712,8395
9,2009-10,New York Knicks,NYK,82,19880,3127,6876,.455,743,2145,.346,2384,4731,.504,1376,1759,.782,836,2477,3313,1772,586,305,1148,1638,8373
10,2009-10,Cleveland Cavaliers,CLE,82,19780,3101,6391,.485,602,1582,.381,2499,4809,.520,1569,2180,.720,791,2692,3483,1835,564,425,1137,1591,8373
11,2009-10,Dallas Mavericks,DAL,82,19880,3140,6760,.464,558,1498,.372,2582,5262,.491,1526,1870,.816,834,2586,3420,1917,624,449,1059,1563,8364
12,2009-10,Los Angeles Lakers,LAL,82,19830,3144,6875,.457,532,1562,.341,2612,5313,.492,1519,1985,.765,973,2662,3635,1730,612,400,1096,1592,8339
13,2009-10,Atlanta Hawks,ATL,82,19855,3181,6801,.468,524,1455,.360,2657,5346,.497,1452,1914,.759,969,2451,3420,1789,592,413,980,1632,8338
14,2009-10,Oklahoma City Thunder,OKC,82,19805,3063,6629,.462,418,1229,.340,2645,5400,.490,1778,2210,.805,960,2607,3567,1639,654,481,1227,1743,8322
15,2009-10,San Antonio Spurs,SAS,82,19780,3150,6659,.473,554,1547,.358,2596,5112,.508,1458,1969,.740,887,2621,3508,1829,516,381,1116,1669,8312
16,2009-10,Indiana Pacers,IND,82,19705,3020,6823,.443,659,1896,.348,2361,4927,.479,1564,2019,.775,785,2618,3403,1730,585,439,1232,1848,8263
17,2009-10,New Orleans Hornets,NOH,82,19830,3178,6842,.464,571,1572,.363,2607,5270,.495,1293,1661,.778,852,2450,3302,1828,625,300,1103,1606,8220
18,2009-10,Sacramento Kings,SAC,82,19880,3144,6895,.456,482,1383,.349,2662,5512,.483,1430,1969,.726,977,2518,3495,1679,564,366,1226,1827,8200
19,2009-10,Boston Celtics,BOS,82,19780,3039,6294,.483,499,1433,.348,2540,4861,.523,1559,2090,.746,716,2449,3165,1930,701,402,1219,1816,8136
20,2009-10,Minnesota Timberwolves,MIN,82,19780,3106,6923,.449,403,1181,.341,2703,5742,.471,1436,1926,.746,962,2556,3518,1626,597,306,1333,1699,8051
21,2009-10,Portland Trail Blazers,POR,82,19855,2974,6453,.461,491,1388,.354,2483,5065,.490,1606,2033,.790,913,2383,3296,1674,523,350,1012,1715,8045
22,2009-10,Philadelphia 76ers,PHI,82,19805,3087,6706,.460,474,1381,.343,2613,5325,.491,1366,1808,.756,941,2421,3362,1723,667,439,1192,1677,8014
23,2009-10,Milwaukee Bucks,MIL,82,19980,3050,6998,.436,645,1813,.356,2405,5185,.464,1264,1675,.755,965,2560,3525,1740,580,385,1085,1823,8009
24,2009-10,Chicago Bulls,CHI,82,19905,3081,6825,.451,352,1066,.330,2729,5759,.474,1479,1962,.754,937,2715,3652,1704,531,478,1175,1648,7993
25,2009-10,Miami Heat,MIA,82,19880,2984,6518,.458,494,1426,.346,2490,5092,.489,1452,1931,.752,875,2553,3428,1548,605,457,1079,1710,7914
26,2009-10,Washington Wizards,WAS,82,19830,3008,6700,.449,432,1225,.353,2576,5475,.471,1444,1895,.762,966,2458,3424,1557,493,421,1219,1752,7892
27,2009-10,Los Angeles Clippers,LAC,82,19705,3002,6601,.455,483,1457,.332,2519,5144,.490,1362,1867,.730,927,2502,3429,1810,532,466,1285,1581,7849
28,2009-10,Charlotte Bobcats,CHA,82,19880,2858,6306,.453,460,1331,.346,2398,4975,.482,1637,2180,.751,858,2490,3348,1658,632,446,1290,1597,7813
29,2009-10,Detroit Pistons,DET,82,19780,2940,6602,.445,374,1190,.314,2566,5412,.474,1455,1998,.728,1053,2242,3295,1591,596,313,1100,1822,7709
30,2009-10,New Jersey Nets,NJN,82,19780,2813,6554,.429,377,1185,.318,2436,5369,.454,1572,2015,.780,897,2358,3255,1540,573,393,1182,1643,7575
,2009-10,League Average,,82,19817,3091,6700,.461,527,1487,.355,2564,5212,.492,1527,2013,.759,899,2523,3421,1742,592,398,1166,1710,8237
1,2008-09,Phoenix Suns,PHO,82,19755,3373,6695,.504,553,1445,.383,2820,5250,.537,1675,2251,.744,900,2520,3420,1905,589,420,1288,1691,8974
2,2008-09,Golden State Warriors,GSW,82,19880,3231,7055,.458,550,1475,.373,2681,5580,.480,1893,2392,.791,953,2492,3445,1711,638,527,1201,1842,8905
3,2008-09,Los Angeles Lakers,LAL,82,19780,3307,6981,.474,547,1516,.361,2760,5465,.505,1607,2087,.770,1015,2587,3602,1908,718,420,1103,1698,8768
4,2008-09,New York Knicks,NYK,82,19805,3157,7091,.445,823,2284,.360,2334,4807,.486,1490,1900,.784,911,2545,3456,1738,610,204,1174,1672,8627
5,2008-09,Indiana Pacers,IND,82,19830,3220,7080,.455,652,1725,.378,2568,5355,.480,1525,1890,.807,924,2661,3585,1775,573,434,1189,1895,8617
6,2008-09,Denver Nuggets,DEN,82,19730,3058,6510,.470,548,1477,.371,2510,5033,.499,1891,2487,.760,905,2507,3412,1820,710,492,1257,1874,8555
7,2008-09,Utah Jazz,UTA,82,19880,3143,6623,.475,392,1122,.349,2751,5501,.500,1814,2352,.771,940,2423,3363,2024,719,374,1210,1830,8492
8,2008-09,Chicago Bulls,CHI,82,19930,3126,6846,.457,493,1293,.381,2633,5553,.474,1633,2052,.796,970,2481,3451,1732,615,453,1192,1709,8378
9,2008-09,Dallas Mavericks,DAL,82,19805,3128,6770,.462,571,1632,.350,2557,5138,.498,1516,1852,.819,909,2595,3504,1779,591,429,1043,1600,8343
10,2008-09,Orlando Magic,ORL,82,19730,2929,6416,.457,817,2147,.381,2112,4269,.495,1611,2253,.715,819,2728,3547,1593,570,439,1142,1664,8286
11,2008-09,Boston Celtics,BOS,82,19880,3075,6333,.486,538,1355,.397,2537,4978,.510,1587,2075,.765,869,2586,3455,1862,621,387,1280,1897,8275
12,2008-09,Sacramento Kings,SAC,82,19905,2990,6685,.447,586,1594,.368,2404,5091,.472,1682,2107,.798,840,2366,3206,1619,569,349,1266,1910,8248
13,2008-09,Cleveland Cavaliers,CLE,82,19780,3022,6454,.468,656,1670,.393,2366,4784,.495,1523,2012,.757,886,2574,3460,1663,593,435,1045,1663,8223
14,2008-09,Portland Trail Blazers,POR,82,19830,3018,6494,.465,596,1555,.383,2422,4939,.490,1521,1988,.765,1060,2360,3420,1667,550,402,1055,1671,8153
15,2008-09,Milwaukee Bucks,MIL,82,19780,3009,6755,.445,511,1408,.363,2498,5347,.467,1613,2067,.780,973,2367,3340,1802,609,308,1154,1986,8142
16,2008-09,Toronto Raptors,TOR,82,19805,3054,6673,.458,479,1289,.372,2575,5384,.478,1534,1861,.824,802,2513,3315,1835,523,390,1098,1593,8121
17,2008-09,Houston Rockets,HOU,82,19805,2959,6526,.453,621,1656,.375,2338,4870,.480,1531,1903,.805,862,2662,3524,1662,548,355,1158,1553,8070
18,2008-09,Miami Heat,MIA,82,19955,3034,6646,.457,582,1631,.357,2452,5015,.489,1411,1871,.754,828,2411,3239,1671,651,451,1026,1696,8061
19,2008-09,Atlanta Hawks,ATL,82,19705,2956,6451,.458,597,1633,.366,2359,4818,.490,1537,2085,.737,870,2412,3282,1657,603,376,1048,1610,8046
20,2008-09,New Jersey Nets,NJN,82,19830,2925,6536,.448,652,1735,.376,2273,4801,.473,1542,1980,.779,850,2415,3265,1636,559,391,1075,1838,8044
21,2008-09,Minnesota Timberwolves,MIN,82,19805,2986,6766,.441,543,1539,.353,2443,5227,.467,1504,1957,.769,975,2442,3417,1674,512,322,1165,1785,8019
22,2008-09,Philadelphia 76ers,PHI,82,19755,2997,6532,.459,341,1072,.318,2656,5460,.486,1652,2216,.745,1039,2336,3375,1647,658,415,1157,1650,7987
23,2008-09,San Antonio Spurs,SAS,82,19905,3042,6534,.466,625,1620,.386,2417,4914,.492,1249,1641,.761,728,2638,3366,1736,474,329,963,1546,7958
24,2008-09,Oklahoma City Thunder,OKC,82,19805,2999,6716,.447,328,949,.346,2671,5767,.463,1626,2069,.786,999,2497,3496,1663,608,371,1330,1655,7952
25,2008-09,Washington Wizards,WAS,82,19705,2994,6655,.450,395,1198,.330,2599,5457,.476,1494,1948,.767,956,2330,3286,1641,619,365,1146,1679,7877
26,2008-09,New Orleans Hornets,NOH,82,19755,2911,6366,.457,556,1526,.364,2355,4840,.487,1479,1833,.807,802,2453,3255,1609,593,338,1029,1665,7857
27,2008-09,Los Angeles Clippers,LAC,82,19880,2955,6696,.441,535,1513,.354,2420,5183,.467,1354,1839,.736,890,2377,3267,1723,572,482,1221,1650,7799
28,2008-09,Detroit Pistons,DET,82,19905,2981,6559,.454,377,1079,.349,2604,5480,.475,1388,1849,.751,949,2448,3397,1689,493,377,973,1712,7727
29,2008-09,Memphis Grizzlies,MEM,82,19805,2865,6311,.454,398,1106,.360,2467,5205,.474,1570,2077,.756,847,2337,3184,1423,615,385,1252,1777,7698
30,2008-09,Charlotte Bobcats,CHA,82,19930,2866,6299,.455,490,1339,.366,2376,4960,.479,1455,1965,.740,886,2366,3252,1741,580,397,1279,1754,7677
,2008-09,League Average,,82,19822,3044,6635,.459,545,1486,.367,2499,5149,.485,1564,2029,.771,905,2481,3386,1720,596,394,1151,1726,8196
1,2007-08,Golden State Warriors,GSW,82,19780,3403,7406,.459,761,2185,.348,2642,5221,.506,1538,2044,.752,1045,2496,3541,1833,744,377,1082,1875,9105
2,2007-08,Denver Nuggets,DEN,82,19855,3307,7038,.470,569,1605,.355,2738,5433,.504,1891,2519,.751,918,2698,3616,2024,752,551,1203,1731,9074
3,2007-08,Phoenix Suns,PHO,82,19780,3392,6782,.500,694,1764,.393,2698,5018,.538,1548,1977,.783,720,2683,3403,2188,532,518,1184,1633,9026
4,2007-08,Los Angeles Lakers,LAL,82,19780,3248,6818,.476,662,1751,.378,2586,5067,.510,1746,2270,.769,898,2722,3620,2003,654,438,1156,1691,8904
5,2007-08,Utah Jazz,UTA,82,19705,3279,6592,.497,407,1095,.372,2872,5497,.522,1745,2298,.759,942,2410,3352,2165,717,355,1200,1970,8710
6,2007-08,Orlando Magic,ORL,82,19780,3058,6446,.474,801,2074,.386,2257,4372,.516,1650,2288,.721,768,2677,3445,1706,520,333,1173,1688,8567
7,2007-08,Indiana Pacers,IND,82,19755,3102,6993,.444,755,2021,.374,2347,4972,.472,1568,2042,.768,904,2633,3537,1864,623,412,1236,1921,8527
8,2007-08,Sacramento Kings,SAC,82,19830,3043,6558,.464,510,1367,.373,2533,5191,.488,1812,2272,.798,829,2456,3285,1567,651,334,1317,1839,8408
9,2007-08,New Orleans Hornets,NOH,82,19805,3164,6796,.466,630,1621,.389,2534,5175,.490,1312,1707,.769,937,2494,3431,1785,637,321,974,1531,8270
10,2007-08,Memphis Grizzlies,MEM,82,19805,3060,6737,.454,620,1779,.349,2440,4958,.492,1517,2097,.723,848,2567,3415,1574,503,386,1251,1592,8257
11,2007-08,Boston Celtics,BOS,82,19755,2986,6286,.475,596,1564,.381,2390,4722,.506,1677,2176,.771,830,2615,3445,1833,696,379,1246,1864,8245
12,2007-08,Dallas Mavericks,DAL,82,19730,3025,6515,.464,494,1403,.352,2531,5112,.495,1690,2075,.814,883,2643,3526,1720,490,402,1037,1786,8234
13,2007-08,Toronto Raptors,TOR,82,19830,3148,6726,.468,572,1459,.392,2576,5267,.489,1347,1658,.812,790,2496,3286,1953,570,336,959,1596,8215
14,2007-08,Washington Wizards,WAS,82,19905,2986,6695,.446,575,1614,.356,2411,5081,.475,1557,1991,.782,1007,2404,3411,1607,632,391,1082,1606,8104
15,2007-08,Atlanta Hawks,ATL,82,19855,2975,6552,.454,384,1078,.356,2591,5474,.473,1720,2227,.772,1008,2454,3462,1804,600,448,1223,1673,8054
16,2007-08,Seattle SuperSonics,SEA,82,19830,3125,7032,.444,313,939,.333,2812,6093,.462,1436,1866,.770,971,2688,3659,1748,531,400,1310,1680,7999
17,2007-08,Detroit Pistons,DET,82,19730,2999,6551,.458,487,1330,.366,2512,5221,.481,1507,1965,.767,974,2423,3397,1831,583,472,956,1688,7992
18,2007-08,Chicago Bulls,CHI,82,19805,2987,6861,.435,474,1305,.363,2513,5556,.452,1533,2029,.756,1050,2478,3528,1811,635,429,1197,1784,7981
19,2007-08,Charlotte Bobcats,CHA,82,19880,2960,6554,.452,529,1443,.367,2431,5111,.476,1510,2115,.714,892,2440,3332,1748,614,402,1204,1777,7959
20,2007-08,Milwaukee Bucks,MIL,82,19855,3026,6745,.449,452,1313,.344,2574,5432,.474,1452,1980,.733,1055,2363,3418,1760,544,361,1210,1748,7956
21,2007-08,New York Knicks,NYK,82,19880,2967,6757,.439,490,1454,.337,2477,5303,.467,1524,2095,.727,1029,2457,3486,1530,521,213,1187,1761,7948
22,2007-08,Houston Rockets,HOU,82,19730,3003,6698,.448,583,1707,.342,2420,4991,.485,1342,1848,.726,1002,2659,3661,1757,598,420,1125,1609,7931
23,2007-08,Philadelphia 76ers,PHI,82,19755,3056,6648,.460,302,952,.317,2754,5696,.483,1509,2137,.706,1067,2370,3437,1673,712,400,1172,1620,7923
24,2007-08,Cleveland Cavaliers,CLE,82,19855,2937,6697,.439,552,1544,.358,2385,5153,.463,1477,2061,.717,1092,2563,3655,1640,579,427,1145,1712,7903
25,2007-08,New Jersey Nets,NJN,82,19830,2856,6450,.443,498,1430,.348,2358,5020,.470,1647,2237,.736,913,2520,3433,1925,521,390,1229,1855,7857
26,2007-08,Minnesota Timberwolves,MIN,82,19730,3076,6817,.451,441,1259,.350,2635,5558,.474,1246,1693,.736,964,2428,3392,1630,616,306,1188,1885,7839
27,2007-08,Portland Trail Blazers,POR,82,19905,2935,6546,.448,538,1426,.377,2397,5120,.468,1412,1841,.767,901,2438,3339,1733,455,360,1056,1642,7820
28,2007-08,San Antonio Spurs,SAS,82,19730,2938,6424,.457,594,1610,.369,2344,4814,.487,1350,1774,.761,771,2612,3383,1718,521,337,1035,1537,7820
29,2007-08,Los Angeles Clippers,LAC,82,19805,2820,6445,.438,350,1079,.324,2470,5366,.460,1702,2178,.781,800,2491,3291,1732,557,398,1180,1745,7692
30,2007-08,Miami Heat,MIA,82,19830,2808,6336,.443,491,1373,.358,2317,4963,.467,1384,1903,.727,743,2342,3085,1644,589,355,1202,1670,7491
,2007-08,League Average,,82,19803,3056,6683,.457,537,1485,.362,2518,5199,.484,1545,2045,.755,918,2524,3442,1784,597,388,1157,1724,8194
1,2006-07,Phoenix Suns,PHO,82,19905,3388,6855,.494,785,1965,.399,2603,4890,.532,1476,1827,.808,737,2583,3320,2122,553,394,1189,1659,9037
2,2006-07,Golden State Warriors,GSW,82,19755,3261,7048,.463,700,1967,.356,2561,5081,.504,1515,2113,.717,940,2456,3396,1950,750,466,1309,1933,8737
3,2006-07,Denver Nuggets,DEN,82,19780,3164,6805,.465,484,1440,.336,2680,5365,.500,1827,2449,.746,1001,2558,3559,1920,678,435,1352,1756,8639
4,2006-07,Washington Wizards,WAS,82,19830,3070,6820,.450,561,1614,.348,2509,5206,.482,1855,2425,.765,998,2379,3377,1660,635,375,1133,1823,8556
5,2006-07,Los Angeles Lakers,LAL,82,20030,3103,6664,.466,608,1724,.353,2495,4940,.505,1660,2221,.747,886,2495,3381,1850,600,421,1273,1889,8474
6,2006-07,Memphis Grizzlies,MEM,82,19980,2998,6448,.465,500,1362,.367,2498,5086,.491,1835,2410,.761,866,2375,3241,1680,564,407,1343,1827,8331
7,2006-07,Utah Jazz,UTA,82,19805,3069,6471,.474,354,1056,.335,2715,5415,.501,1830,2462,.743,1030,2456,3486,2024,577,339,1277,2067,8322
8,2006-07,Sacramento Kings,SAC,82,19805,2941,6532,.450,530,1513,.350,2411,5019,.480,1891,2473,.765,797,2396,3193,1665,671,265,1194,1792,8303
9,2006-07,Dallas Mavericks,DAL,82,19755,3010,6442,.467,535,1404,.381,2475,5038,.491,1646,2045,.805,920,2515,3435,1632,560,408,1140,1837,8201
10,2006-07,Milwaukee Bucks,MIL,82,19855,3121,6714,.465,524,1472,.356,2597,5242,.495,1406,1919,.733,941,2272,3213,1771,587,224,1240,1821,8172
11,2006-07,Toronto Raptors,TOR,82,19755,3032,6547,.463,531,1464,.363,2501,5083,.492,1562,1982,.788,755,2480,3235,1822,581,321,1104,1672,8157
12,2006-07,Seattle SuperSonics,SEA,82,19830,3047,6628,.460,525,1451,.362,2522,5177,.487,1511,1911,.791,928,2322,3250,1695,631,301,1268,1801,8130
13,2006-07,Chicago Bulls,CHI,82,19780,3046,6663,.457,480,1237,.388,2566,5426,.473,1528,2083,.734,984,2597,3581,1832,639,445,1310,1908,8100
14,2006-07,San Antonio Spurs,SAS,82,19780,2999,6328,.474,595,1561,.381,2404,4767,.504,1486,1980,.751,761,2577,3338,1814,587,417,1137,1588,8079
15,2006-07,New Jersey Nets,NJN,82,19880,2913,6379,.457,609,1676,.363,2304,4703,.490,1566,2153,.727,822,2525,3347,1962,499,273,1212,1869,8001
16,2006-07,New York Knicks,NYK,82,20005,2903,6356,.457,474,1370,.346,2429,4986,.487,1714,2396,.715,1032,2516,3548,1532,543,260,1405,1932,7994
17,2006-07,Houston Rockets,HOU,82,19855,2906,6528,.445,705,1893,.372,2201,4635,.475,1436,1906,.753,880,2673,3553,1704,583,337,1162,1710,7953
18,2006-07,Charlotte Bobcats,CHA,82,20005,2960,6643,.446,457,1280,.357,2503,5363,.467,1568,2136,.734,920,2346,3266,1836,638,369,1224,1985,7945
19,2006-07,Cleveland Cavaliers,CLE,82,19880,2978,6658,.447,494,1404,.352,2484,5254,.473,1484,2133,.696,1039,2529,3568,1708,625,353,1177,1781,7934
20,2006-07,Minnesota Timberwolves,MIN,82,20005,2997,6503,.461,384,1089,.353,2613,5414,.483,1499,1892,.792,819,2474,3293,1848,532,325,1278,1758,7877
21,2006-07,Detroit Pistons,DET,82,19880,2942,6484,.454,449,1305,.344,2493,5179,.481,1539,1988,.774,948,2374,3322,1768,583,472,1001,1672,7872
22,2006-07,Boston Celtics,BOS,82,19855,2858,6454,.443,471,1283,.367,2387,5171,.462,1670,2178,.767,918,2391,3309,1630,589,382,1350,1971,7857
23,2006-07,Los Angeles Clippers,LAC,82,19730,2880,6318,.456,314,903,.348,2566,5415,.474,1769,2245,.788,888,2484,3372,1762,596,472,1239,1858,7843
24,2006-07,Indiana Pacers,IND,82,19780,2872,6561,.438,481,1389,.346,2391,5172,.462,1615,2125,.760,990,2441,3431,1680,599,447,1335,1912,7840
25,2006-07,New Orleans/Oklahoma City Hornets,NOK,82,19880,2971,6674,.445,455,1256,.362,2516,5418,.464,1436,1941,.740,1025,2512,3537,1537,522,347,1187,1620,7833
26,2006-07,Philadelphia 76ers,PHI,82,19880,2932,6408,.458,284,823,.345,2648,5585,.474,1637,2135,.767,899,2353,3252,1669,590,390,1258,1671,7785
27,2006-07,Orlando Magic,ORL,82,19780,2875,6090,.472,342,962,.356,2533,5128,.494,1679,2393,.702,920,2418,3338,1525,565,416,1392,1904,7771
28,2006-07,Miami Heat,MIA,82,19855,2919,6288,.464,528,1539,.343,2391,4749,.503,1393,2019,.690,817,2526,3343,1681,566,442,1201,1749,7759
29,2006-07,Portland Trail Blazers,POR,82,19955,2874,6392,.450,426,1232,.346,2448,5160,.474,1543,2006,.769,923,2299,3222,1513,555,380,1236,1931,7717
30,2006-07,Atlanta Hawks,ATL,82,19880,2831,6372,.444,341,1038,.329,2490,5334,.467,1677,2203,.761,976,2312,3288,1573,609,446,1306,1970,7680
,2006-07,League Average,,82,19858,2995,6536,.458,498,1389,.358,2498,5147,.485,1608,2138,.752,912,2454,3366,1746,594,378,1241,1822,8097
1,2005-06,Phoenix Suns,PHO,82,19955,3430,7167,.479,837,2097,.399,2593,5070,.511,1189,1475,.806,778,2650,3428,2179,549,412,1088,1683,8886
2,2005-06,Seattle SuperSonics,SEA,82,19830,3077,6711,.459,605,1631,.371,2472,5080,.487,1652,2104,.785,1013,2233,3246,1696,622,306,1208,1933,8411
3,2005-06,Washington Wizards,WAS,82,19830,2975,6656,.447,497,1394,.357,2478,5262,.471,1889,2496,.757,1035,2344,3379,1523,658,339,1143,1855,8336
4,2005-06,Toronto Raptors,TOR,82,19955,3013,6639,.454,608,1620,.375,2405,5019,.479,1653,2089,.791,864,2291,3155,1593,529,272,1071,1965,8287
5,2005-06,Denver Nuggets,DEN,82,19930,3078,6672,.461,350,1076,.325,2728,5596,.487,1721,2312,.744,903,2486,3389,1921,698,463,1216,1863,8227
6,2005-06,Miami Heat,MIA,82,19755,3039,6355,.478,497,1441,.345,2542,4914,.517,1616,2310,.700,858,2675,3533,1692,522,442,1186,1871,8191
7,2005-06,Los Angeles Lakers,LAL,82,19855,2992,6607,.453,552,1583,.349,2440,5024,.486,1618,2172,.745,970,2488,3458,1734,628,350,1143,1894,8154
8,2005-06,Philadelphia 76ers,PHI,82,19905,3001,6546,.458,375,1031,.364,2626,5515,.476,1770,2330,.760,873,2425,3298,1653,651,404,1159,1712,8147
9,2005-06,Dallas Mavericks,DAL,82,19880,2948,6375,.462,416,1113,.374,2532,5262,.481,1818,2322,.783,1030,2431,3461,1473,593,488,1112,1834,8130
10,2005-06,Sacramento Kings,SAC,82,19830,2954,6500,.454,494,1408,.351,2460,5092,.483,1704,2173,.784,852,2473,3325,1825,608,299,1199,1672,8106
11,2005-06,Golden State Warriors,GSW,82,19830,2939,6785,.433,625,1832,.341,2314,4953,.467,1573,2190,.718,980,2485,3465,1694,604,357,1156,1941,8076
12,2005-06,Boston Celtics,BOS,82,19880,2951,6322,.467,467,1290,.362,2484,5032,.494,1664,2204,.755,813,2432,3245,1716,578,422,1359,2033,8033
13,2005-06,Milwaukee Bucks,MIL,82,19855,2976,6566,.453,507,1335,.380,2469,5231,.472,1561,2115,.738,929,2448,3377,1769,597,270,1197,1902,8020
14,2005-06,Chicago Bulls,CHI,82,19905,3004,6737,.446,560,1477,.379,2444,5260,.465,1452,1967,.738,906,2602,3508,1804,508,345,1224,2038,8020
15,2005-06,Cleveland Cavaliers,CLE,82,19830,2908,6412,.454,497,1465,.339,2411,4947,.487,1689,2318,.729,959,2511,3470,1560,567,392,1137,1733,8002
16,2005-06,Atlanta Hawks,ATL,82,19880,2946,6496,.454,424,1154,.367,2522,5342,.472,1656,2207,.750,1069,2232,3301,1625,587,394,1284,2054,7972
17,2005-06,Los Angeles Clippers,LAC,82,19805,2993,6443,.465,290,843,.344,2703,5600,.483,1694,2142,.791,828,2704,3532,1708,534,503,1185,1872,7970
18,2005-06,Charlotte Bobcats,CHA,82,19905,2961,6843,.433,428,1261,.339,2533,5582,.454,1593,2186,.729,990,2270,3260,1717,822,354,1167,1960,7943
19,2005-06,Detroit Pistons,DET,82,19830,2983,6558,.455,557,1451,.384,2426,5107,.475,1418,1950,.727,975,2347,3322,1971,580,490,931,1513,7941
20,2005-06,New York Knicks,NYK,82,19930,2822,6206,.455,320,884,.362,2502,5322,.470,1878,2587,.726,1034,2360,3394,1468,555,271,1449,2157,7842
21,2005-06,San Antonio Spurs,SAS,82,19805,2993,6342,.472,524,1362,.385,2469,4980,.496,1327,1891,.702,851,2548,3399,1717,543,467,1126,1714,7837
22,2005-06,Orlando Magic,ORL,82,19905,2911,6167,.472,299,796,.376,2612,5371,.486,1663,2277,.730,892,2402,3294,1495,532,362,1240,1908,7784
23,2005-06,Indiana Pacers,IND,82,19730,2786,6274,.444,536,1536,.349,2250,4738,.475,1591,2158,.737,898,2559,3457,1631,598,409,1254,1821,7699
24,2005-06,New Jersey Nets,NJN,82,19780,2778,6317,.440,477,1447,.330,2301,4870,.472,1658,2187,.758,822,2539,3361,1884,558,278,1119,1903,7691
25,2005-06,New Orleans/Oklahoma City Hornets,NOK,82,19805,2831,6428,.440,300,885,.339,2531,5543,.457,1649,2176,.758,918,2379,3297,1519,611,311,1095,1786,7611
26,2005-06,Utah Jazz,UTA,82,19880,2744,6207,.442,311,925,.336,2433,5282,.461,1774,2466,.719,1071,2380,3451,1772,524,492,1290,2032,7573
27,2005-06,Memphis Grizzlies,MEM,82,19855,2746,6125,.448,590,1578,.374,2156,4547,.474,1476,2077,.711,834,2379,3213,1586,600,442,1134,1757,7558
28,2005-06,Minnesota Timberwolves,MIN,82,19855,2888,6340,.456,310,942,.329,2578,5398,.478,1436,1895,.758,811,2422,3233,1716,559,471,1189,1889,7522
29,2005-06,Houston Rockets,HOU,82,19830,2708,6252,.433,469,1414,.332,2239,4838,.463,1502,1980,.759,849,2565,3414,1580,588,320,1193,1863,7387
30,2005-06,Portland Trail Blazers,POR,82,19730,2791,6267,.445,364,1042,.349,2427,5225,.464,1339,1944,.689,886,2203,3089,1490,529,435,1205,1828,7285
,2005-06,League Average,,82,19852,2939,6477,.454,470,1310,.358,2469,5167,.478,1607,2157,.745,916,2442,3358,1690,588,385,1182,1866,7955
1,2004-05,Phoenix Suns,PHO,82,19780,3351,7018,.477,796,2026,.393,2555,4992,.512,1556,2080,.748,967,2652,3619,1927,572,453,1125,1563,9054
2,2004-05,Sacramento Kings,SAC,82,19855,3203,6978,.459,522,1396,.374,2681,5582,.480,1577,2004,.787,1023,2455,3478,2005,674,316,1073,1685,8505
3,2004-05,Dallas Mavericks,DAL,82,19730,3058,6691,.457,463,1273,.364,2595,5418,.479,1826,2314,.789,990,2530,3520,1610,708,461,1102,1827,8405
4,2004-05,Miami Heat,MIA,82,19980,3097,6368,.486,475,1260,.377,2622,5108,.513,1658,2466,.672,887,2639,3526,1790,528,474,1127,1814,8327
5,2004-05,Boston Celtics,BOS,82,19880,3046,6511,.468,437,1252,.349,2609,5259,.496,1775,2323,.764,909,2438,3347,1810,667,423,1297,2000,8304
6,2004-05,Washington Wizards,WAS,82,19780,2966,6794,.437,514,1498,.343,2452,5296,.463,1795,2476,.725,1133,2374,3507,1563,716,347,1172,1807,8241
7,2004-05,Toronto Raptors,TOR,82,19805,2952,6656,.444,648,1681,.385,2304,4975,.463,1626,2101,.774,844,2444,3288,1670,621,317,1087,1876,8178
8,2004-05,Denver Nuggets,DEN,82,19755,3038,6615,.459,320,940,.340,2718,5675,.479,1765,2313,.763,967,2473,3440,1958,750,489,1224,1878,8161
9,2004-05,Orlando Magic,ORL,82,19705,3034,6679,.454,320,916,.349,2714,5763,.471,1772,2335,.759,1038,2544,3582,1583,633,441,1322,1937,8160
10,2004-05,Philadelphia 76ers,PHI,82,19855,2946,6736,.437,505,1453,.348,2441,5283,.462,1731,2194,.789,909,2536,3445,1710,756,321,1274,1878,8128
11,2004-05,Seattle SuperSonics,SEA,82,19755,2882,6498,.444,666,1824,.365,2216,4674,.474,1683,2131,.790,1041,2311,3352,1487,553,338,1113,1944,8113
12,2004-05,Los Angeles Lakers,LAL,82,19780,2895,6629,.437,644,1813,.355,2251,4816,.467,1661,2137,.777,1028,2511,3539,1672,508,344,1176,1794,8095
13,2004-05,Golden State Warriors,GSW,82,19905,3029,7039,.430,624,1774,.352,2405,5265,.457,1412,1955,.722,1069,2436,3505,1811,642,420,1112,1833,8094
14,2004-05,New York Knicks,NYK,82,19880,2978,6599,.451,441,1240,.356,2537,5359,.473,1580,2060,.767,965,2393,3358,1665,629,260,1204,1942,7977
15,2004-05,Milwaukee Bucks,MIL,82,19780,2964,6580,.450,325,925,.351,2639,5655,.467,1720,2229,.772,985,2405,3390,1720,529,289,1132,1797,7973
16,2004-05,Minnesota Timberwolves,MIN,82,19755,3045,6629,.459,395,1145,.345,2650,5484,.483,1449,1820,.796,947,2580,3527,1918,460,447,1079,1774,7934
17,2004-05,Cleveland Cavaliers,CLE,82,19855,2990,6687,.447,300,904,.332,2690,5783,.465,1634,2174,.752,1117,2352,3469,1851,654,461,1141,1850,7914
18,2004-05,San Antonio Spurs,SAS,82,19805,2923,6450,.453,507,1395,.363,2416,5055,.478,1535,2120,.724,987,2489,3476,1771,613,543,1126,1717,7888
19,2004-05,Los Angeles Clippers,LAC,82,20030,2924,6368,.459,231,669,.345,2693,5699,.473,1770,2274,.778,980,2455,3435,1901,599,422,1290,1819,7849
20,2004-05,Houston Rockets,HOU,82,19855,2846,6419,.443,553,1521,.364,2293,4898,.468,1551,1986,.781,874,2601,3475,1733,563,378,1135,1807,7796
21,2004-05,Chicago Bulls,CHI,82,19830,2849,6592,.432,511,1433,.357,2338,5159,.453,1536,2048,.750,1001,2591,3592,1743,576,369,1371,2028,7745
22,2004-05,Charlotte Bobcats,CHA,82,19880,2961,6859,.432,320,881,.363,2641,5978,.442,1487,2096,.709,1083,2335,3418,1794,695,440,1192,1894,7729
23,2004-05,Memphis Grizzlies,MEM,82,19705,2802,6271,.447,531,1486,.357,2271,4785,.475,1526,2024,.754,887,2307,3194,1716,699,476,1197,1910,7661
24,2004-05,Detroit Pistons,DET,82,19955,2851,6421,.444,363,1053,.345,2488,5368,.463,1588,2150,.739,1054,2507,3561,1787,576,497,1133,1638,7653
25,2004-05,Indiana Pacers,IND,82,19905,2668,6169,.432,542,1575,.344,2126,4594,.463,1748,2206,.792,868,2418,3286,1489,615,357,1173,1890,7626
26,2004-05,Utah Jazz,UTA,82,19780,2828,6301,.449,250,762,.328,2578,5539,.465,1719,2272,.757,1047,2243,3290,1826,541,374,1292,2189,7625
27,2004-05,Portland Trail Blazers,POR,82,19730,2896,6422,.451,420,1161,.362,2476,5261,.471,1409,1944,.725,970,2404,3374,1722,583,544,1308,1703,7621
28,2004-05,Atlanta Hawks,ATL,82,19855,2942,6672,.441,304,973,.312,2638,5699,.463,1417,1994,.711,1100,2335,3435,1614,629,344,1319,2009,7605
29,2004-05,New Jersey Nets,NJN,82,19905,2753,6419,.429,435,1203,.362,2318,5216,.444,1555,2039,.763,855,2387,3242,1772,650,308,1164,1985,7496
30,2004-05,New Orleans Hornets,NOH,82,19930,2718,6556,.415,415,1316,.315,2303,5240,.440,1401,1830,.766,1019,2281,3300,1724,550,310,1217,1883,7252
,2004-05,League Average,,82,19833,2948,6588,.447,459,1292,.356,2489,5296,.470,1615,2137,.756,985,2448,3432,1745,616,399,1189,1856,7970
1,2003-04,Dallas Mavericks,DAL,82,19805,3322,7230,.459,507,1456,.348,2815,5774,.488,1475,1854,.796,1174,2538,3712,1963,656,437,1000,1609,8626
2,2003-04,Sacramento Kings,SAC,82,19780,3103,6711,.462,601,1498,.401,2502,5213,.480,1626,2044,.795,888,2492,3380,2152,710,325,1137,1586,8433
3,2003-04,Los Angeles Lakers,LAL,82,19855,3028,6676,.454,365,1115,.327,2663,5561,.479,1631,2352,.693,1001,2535,3536,1948,682,379,1132,1732,8052
4,2003-04,Milwaukee Bucks,MIL,82,19780,2970,6650,.447,401,1145,.350,2569,5505,.467,1698,2192,.775,960,2502,3462,1872,554,383,1110,1668,8039
5,2003-04,Denver Nuggets,DEN,82,19730,2993,6763,.443,331,985,.336,2662,5778,.461,1655,2159,.767,1083,2387,3470,1794,745,520,1278,1804,7972
6,2003-04,Seattle SuperSonics,SEA,82,19805,2939,6590,.446,723,1936,.373,2216,4654,.476,1363,1782,.765,907,2318,3225,1782,661,387,1188,1784,7964
7,2003-04,Memphis Grizzlies,MEM,82,19880,2963,6657,.445,447,1314,.340,2516,5343,.471,1557,2143,.727,1047,2381,3428,1915,795,565,1226,1903,7930
8,2003-04,Boston Celtics,BOS,82,19705,2843,6415,.443,553,1599,.346,2290,4816,.475,1572,2095,.750,851,2440,3291,1683,770,331,1332,1837,7811
9,2003-04,Los Angeles Clippers,LAC,82,19805,2817,6579,.428,329,1024,.321,2488,5555,.448,1808,2302,.785,1149,2416,3565,1653,594,376,1344,1816,7771
10,2003-04,Minnesota Timberwolves,MIN,82,19755,3033,6571,.462,326,897,.363,2707,5674,.477,1361,1743,.781,875,2645,3520,1890,561,462,1043,1731,7753
11,2003-04,Phoenix Suns,PHO,82,19730,2958,6671,.443,415,1202,.345,2543,5469,.465,1392,1865,.746,924,2406,3330,1586,734,383,1249,1862,7723
12,2003-04,Orlando Magic,ORL,82,19830,2904,6768,.429,429,1248,.344,2475,5520,.448,1474,2000,.737,1003,2350,3353,1584,547,308,1123,1744,7711
13,2003-04,Golden State Warriors,GSW,82,19855,2875,6511,.442,429,1283,.334,2446,5228,.468,1470,2028,.725,1002,2533,3535,1681,576,389,1211,1691,7649
14,2003-04,Cleveland Cavaliers,CLE,82,19855,2922,6753,.433,247,786,.314,2675,5967,.448,1528,2030,.753,1118,2619,3737,1808,585,537,1216,1743,7619
15,2003-04,Atlanta Hawks,ATL,82,19905,2829,6529,.433,419,1249,.335,2410,5280,.456,1534,1976,.776,996,2507,3503,1648,627,408,1350,1826,7611
16,2003-04,New York Knicks,NYK,82,19880,2881,6513,.442,406,1115,.364,2475,5398,.459,1374,1732,.793,950,2543,3493,1695,608,391,1289,1897,7542
17,2003-04,New Orleans Hornets,NOH,82,19830,2772,6605,.420,531,1666,.319,2241,4939,.454,1454,1937,.751,1091,2418,3509,1716,708,346,1228,1715,7529
18,2003-04,Washington Wizards,WAS,82,19830,2758,6556,.421,433,1269,.341,2325,5287,.440,1579,2211,.714,1115,2392,3507,1537,733,406,1439,1712,7528
19,2003-04,San Antonio Spurs,SAS,82,19755,2842,6434,.442,408,1140,.358,2434,5294,.460,1409,2069,.681,1029,2669,3698,1676,661,537,1203,1667,7501
20,2003-04,Indiana Pacers,IND,82,19805,2753,6322,.435,449,1281,.351,2304,5041,.457,1538,2014,.764,965,2452,3417,1774,726,411,1182,1709,7493
21,2003-04,Portland Trail Blazers,POR,82,19980,2898,6467,.448,381,1102,.346,2517,5365,.469,1263,1728,.731,1040,2376,3416,1768,613,443,1213,1554,7440
22,2003-04,Miami Heat,MIA,82,19755,2729,6417,.425,485,1357,.357,2244,5060,.443,1459,1915,.762,940,2459,3399,1565,590,313,1137,1812,7402
23,2003-04,New Jersey Nets,NJN,82,19705,2813,6372,.441,377,1123,.336,2436,5249,.464,1398,1856,.753,862,2473,3335,2009,709,322,1209,1722,7401
24,2003-04,Detroit Pistons,DET,82,19780,2747,6314,.435,333,968,.344,2414,5346,.452,1561,2074,.753,1014,2492,3506,1702,659,570,1241,1664,7388
25,2003-04,Houston Rockets,HOU,82,19930,2738,6195,.442,515,1406,.366,2223,4789,.464,1371,1774,.773,847,2647,3494,1579,560,443,1373,1762,7362
26,2003-04,Chicago Bulls,CHI,82,19830,2798,6753,.414,429,1256,.342,2369,5497,.431,1330,1834,.725,1048,2519,3567,1793,659,396,1321,1911,7355
27,2003-04,Utah Jazz,UTA,82,19780,2690,6172,.436,252,786,.321,2438,5386,.453,1639,2196,.746,1103,2272,3375,1671,583,494,1365,2096,7271
28,2003-04,Philadelphia 76ers,PHI,82,19855,2682,6260,.428,339,992,.342,2343,5268,.445,1512,2009,.753,941,2408,3349,1640,654,358,1307,1701,7215
29,2003-04,Toronto Raptors,TOR,82,19980,2654,6348,.418,461,1294,.356,2193,5054,.434,1237,1650,.750,830,2419,3249,1574,604,402,1164,1748,7006
,2003-04,League Average,,82,19820,2871,6545,.439,425,1224,.347,2446,5321,.460,1492,1985,.752,991,2469,3461,1747,650,415,1228,1759,7659
1,2002-03,Dallas Mavericks,DAL,82,19780,3161,6982,.453,636,1668,.381,2525,5314,.475,1486,1793,.829,912,2544,3456,1837,665,449,949,1730,8444
2,2002-03,Golden State Warriors,GSW,82,19755,3061,6941,.441,425,1235,.344,2636,5706,.462,1853,2382,.778,1284,2546,3830,1712,594,506,1295,1786,8400
3,2002-03,Sacramento Kings,SAC,82,19830,3242,6990,.464,491,1288,.381,2751,5702,.482,1367,1832,.746,900,2751,3651,2034,736,457,1192,1666,8342
4,2002-03,Los Angeles Lakers,LAL,82,19930,3091,6856,.451,486,1367,.356,2605,5489,.475,1562,2129,.734,1078,2554,3632,1909,639,470,1192,1874,8230
5,2002-03,Milwaukee Bucks,MIL,82,19905,3045,6670,.457,585,1526,.383,2460,5144,.478,1483,1911,.776,876,2367,3243,1823,622,344,1044,1820,8158
6,2002-03,Orlando Magic,ORL,82,19805,2947,6763,.436,568,1590,.357,2379,5173,.460,1616,2079,.777,958,2392,3350,1676,696,300,1177,1888,8078
7,2002-03,Minnesota Timberwolves,MIN,82,19805,3172,6809,.466,296,804,.368,2876,6005,.479,1406,1826,.770,959,2614,3573,2070,553,433,1124,1704,8046
8,2002-03,Memphis Grizzlies,MEM,82,19930,3049,6743,.452,467,1279,.365,2582,5464,.473,1430,1936,.739,943,2466,3409,1892,651,500,1262,1678,7995
9,2002-03,Philadelphia 76ers,PHI,82,19855,2975,6640,.448,245,787,.311,2730,5853,.466,1746,2253,.775,1042,2415,3457,1771,844,284,1212,1804,7941
10,2002-03,Indiana Pacers,IND,82,19905,2911,6608,.441,379,1119,.339,2532,5489,.461,1739,2271,.766,1004,2622,3626,1910,696,443,1210,1811,7940
11,2002-03,New York Knicks,NYK,82,19855,2967,6725,.441,606,1582,.383,2361,5143,.459,1320,1620,.815,842,2376,3218,1800,579,255,1149,1888,7860
12,2002-03,San Antonio Spurs,SAS,82,19830,2908,6297,.462,449,1270,.354,2459,5027,.489,1591,2194,.725,939,2556,3495,1636,629,529,1295,1672,7856
13,2002-03,Phoenix Suns,PHO,82,19805,3005,6776,.443,394,1149,.343,2611,5627,.464,1430,1928,.742,1049,2440,3489,1719,665,404,1208,1801,7834
14,2002-03,New Jersey Nets,NJN,82,19755,2906,6585,.441,346,1041,.332,2560,5544,.462,1662,2195,.757,991,2528,3519,1887,717,374,1212,1772,7820
15,2002-03,Portland Trail Blazers,POR,82,19855,2987,6491,.460,379,1150,.330,2608,5341,.488,1450,1947,.745,992,2378,3370,1860,725,316,1248,1634,7803
16,2002-03,Chicago Bulls,CHI,82,19930,2991,6714,.445,349,997,.350,2642,5717,.462,1455,2014,.722,985,2541,3526,1782,605,461,1388,2028,7786
17,2002-03,Utah Jazz,UTA,82,19780,2894,6189,.468,224,641,.349,2670,5548,.481,1750,2349,.745,1021,2381,3402,2103,708,467,1374,1837,7762
18,2002-03,Atlanta Hawks,ATL,82,19905,2859,6434,.444,402,1141,.352,2457,5293,.464,1594,2011,.793,937,2558,3495,1679,611,473,1367,1783,7714
19,2002-03,New Orleans Hornets,NOH,82,19905,2914,6695,.435,404,1075,.376,2510,5620,.447,1467,1910,.768,1097,2475,3572,1807,656,394,1212,1769,7699
20,2002-03,Los Angeles Clippers,LAC,82,19755,2835,6490,.437,390,1178,.331,2445,5312,.460,1633,2177,.750,1008,2462,3470,1605,574,461,1291,1784,7693
21,2002-03,Houston Rockets,HOU,82,19930,2840,6461,.440,439,1267,.346,2401,5194,.462,1569,2044,.768,1024,2564,3588,1506,594,493,1276,1602,7688
22,2002-03,Boston Celtics,BOS,82,19830,2700,6509,.415,719,2155,.334,1981,4354,.455,1480,1994,.742,849,2471,3320,1575,720,303,1147,1758,7599
23,2002-03,Seattle SuperSonics,SEA,82,19855,2887,6599,.437,456,1291,.353,2431,5308,.458,1325,1780,.744,963,2385,3348,1775,679,295,1085,1712,7555
24,2002-03,Washington Wizards,WAS,82,19830,2816,6394,.440,253,811,.312,2563,5583,.459,1617,2077,.779,917,2395,3312,1612,621,390,1095,1644,7502
25,2002-03,Cleveland Cavaliers,CLE,82,19830,2850,6746,.422,293,896,.327,2557,5850,.437,1502,2012,.747,1118,2542,3660,1712,636,521,1501,1864,7495
26,2002-03,Detroit Pistons,DET,82,19905,2700,6277,.430,533,1488,.358,2167,4789,.452,1559,2021,.771,883,2445,3328,1620,556,468,1104,1748,7492
27,2002-03,Toronto Raptors,TOR,82,19805,2847,6664,.427,409,1193,.343,2438,5471,.446,1350,1879,.718,1023,2355,3378,1583,609,392,1181,1761,7453
28,2002-03,Miami Heat,MIA,82,19830,2688,6517,.412,348,1100,.316,2340,5417,.432,1292,1689,.765,948,2464,3412,1501,592,324,1167,1856,7016
29,2002-03,Denver Nuggets,DEN,82,19730,2689,6544,.411,229,824,.278,2460,5720,.430,1294,1850,.699,1112,2363,3475,1737,712,422,1514,2056,6901
,2002-03,League Average,,82,19842,2929,6624,.442,421,1204,.349,2508,5421,.463,1518,2004,.758,988,2481,3469,1763,651,411,1223,1784,7797
1,2001-02,Dallas Mavericks,DAL,82,19880,3200,6930,.462,621,1645,.378,2579,5285,.488,1608,1994,.806,918,2568,3486,1811,581,392,992,1842,8629
2,2001-02,Sacramento Kings,SAC,82,19755,3267,7003,.467,426,1160,.367,2841,5843,.486,1618,2154,.751,1013,2702,3715,1958,741,375,1128,1560,8578
3,2001-02,Los Angeles Lakers,LAL,82,19780,3150,6840,.461,510,1439,.354,2640,5401,.489,1494,2138,.699,1022,2607,3629,1882,625,478,1040,1823,8304
4,2001-02,Orlando Magic,ORL,82,19830,3087,6893,.448,620,1660,.373,2467,5233,.471,1446,1917,.754,942,2440,3382,1804,665,384,1119,1700,8240
5,2001-02,Minnesota Timberwolves,MIN,82,19805,3175,6887,.461,396,1047,.378,2779,5840,.476,1399,1754,.798,1059,2562,3621,1993,524,427,1097,1739,8145
6,2001-02,Seattle SuperSonics,SEA,82,19830,3131,6681,.469,489,1292,.378,2642,5389,.490,1263,1672,.755,968,2333,3301,1926,698,364,1124,1732,8014
7,2001-02,Golden State Warriors,GSW,82,19780,2998,6989,.429,320,994,.322,2678,5995,.447,1693,2344,.722,1334,2493,3827,1706,650,523,1378,1884,8009
8,2001-02,Milwaukee Bucks,MIL,82,19905,3041,6577,.462,593,1583,.375,2448,4994,.490,1321,1767,.748,841,2557,3398,1847,596,388,1157,1788,7996
9,2001-02,Indiana Pacers,IND,82,19905,2935,6580,.446,405,1195,.339,2530,5385,.470,1663,2155,.772,930,2568,3498,1884,658,436,1249,1876,7938
10,2001-02,San Antonio Spurs,SAS,82,19855,2913,6363,.458,438,1211,.362,2475,5152,.480,1668,2249,.742,907,2566,3473,1643,625,537,1180,1575,7932
11,2001-02,Portland Trail Blazers,POR,82,19830,3004,6671,.450,466,1318,.354,2538,5353,.474,1451,1901,.763,1085,2444,3529,1926,702,368,1172,1613,7925
12,2001-02,Boston Celtics,BOS,82,19830,2852,6731,.424,699,1946,.359,2153,4785,.450,1498,1960,.764,891,2570,3461,1722,793,292,1114,1776,7901
13,2001-02,New Jersey Nets,NJN,82,19830,3042,6816,.446,403,1194,.338,2639,5622,.469,1402,1907,.735,1039,2515,3554,1990,716,490,1189,1734,7889
14,2001-02,Utah Jazz,UTA,82,19830,2869,6374,.450,280,842,.333,2589,5532,.468,1853,2430,.763,1109,2349,3458,1999,749,523,1353,1971,7871
15,2001-02,Los Angeles Clippers,LAC,82,19805,2970,6668,.445,408,1147,.356,2562,5521,.464,1498,2026,.739,1083,2474,3557,1714,510,540,1214,1624,7846
16,2001-02,Cleveland Cavaliers,CLE,82,19855,2948,6582,.448,387,1026,.377,2561,5556,.461,1529,1980,.772,968,2483,3451,1891,572,470,1196,1752,7812
17,2001-02,Phoenix Suns,PHO,82,19830,3097,6934,.447,358,1096,.327,2739,5838,.469,1250,1630,.767,1072,2430,3502,1838,668,401,1205,1785,7802
18,2001-02,Detroit Pistons,DET,82,19680,2845,6300,.452,567,1509,.376,2278,4791,.475,1478,1954,.756,810,2366,3176,1765,648,565,1193,1695,7735
19,2001-02,Atlanta Hawks,ATL,82,19780,2901,6610,.439,423,1194,.354,2478,5416,.458,1486,1942,.765,955,2445,3400,1656,667,350,1275,1702,7711
20,2001-02,Charlotte Hornets,CHH,82,19755,2893,6580,.440,346,994,.348,2547,5586,.456,1568,2105,.745,1059,2505,3564,1759,653,456,1150,1747,7700
21,2001-02,Washington Wizards,WAS,82,19730,2938,6664,.441,305,786,.388,2633,5878,.448,1428,1866,.765,1055,2393,3448,1715,570,354,1068,1763,7609
22,2001-02,Houston Rockets,HOU,82,19980,2837,6629,.428,496,1480,.335,2341,5149,.455,1402,1893,.741,1025,2411,3436,1482,537,445,1156,1476,7572
23,2001-02,Denver Nuggets,DEN,82,19805,2915,6870,.424,423,1285,.329,2492,5585,.446,1306,1756,.744,1117,2310,3427,1817,613,462,1205,1873,7559
24,2001-02,New York Knicks,NYK,82,19805,2817,6520,.432,474,1344,.353,2343,5176,.453,1406,1786,.787,876,2458,3334,1720,558,288,1192,1800,7514
25,2001-02,Toronto Raptors,TOR,82,19755,2919,6727,.434,387,1109,.349,2532,5618,.451,1269,1717,.739,1114,2336,3450,1779,688,454,1174,1771,7494
26,2001-02,Philadelphia 76ers,PHI,82,19730,2804,6436,.436,214,715,.299,2590,5721,.453,1639,2104,.779,1092,2534,3626,1638,705,363,1256,1645,7461
27,2001-02,Memphis Grizzlies,MEM,82,19780,2851,6535,.436,336,1096,.307,2515,5439,.462,1334,1883,.708,984,2413,3397,1785,646,488,1344,1571,7372
28,2001-02,Chicago Bulls,CHI,82,19805,2811,6491,.433,300,868,.346,2511,5623,.447,1413,1958,.722,924,2359,3283,1817,633,361,1252,1834,7335
29,2001-02,Miami Heat,MIA,82,19930,2801,6382,.439,312,899,.347,2489,5483,.454,1236,1708,.724,902,2544,3446,1664,547,448,1217,1846,7150
,2001-02,League Average,,82,19816,2966,6664,.445,428,1209,.354,2538,5455,.465,1470,1953,.752,1003,2474,3477,1798,639,428,1186,1741,7829
1,2000-01,Sacramento Kings,SAC,82,20080,3132,6969,.449,479,1353,.354,2653,5616,.472,1600,2075,.771,987,2705,3692,1852,793,432,1221,1596,8343
2,2000-01,Milwaukee Bucks,MIL,82,19780,3112,6798,.458,562,1481,.379,2550,5317,.480,1474,1874,.787,975,2500,3475,1844,672,386,1123,1928,8260
3,2000-01,Los Angeles Lakers,LAL,82,19905,3109,6685,.465,439,1275,.344,2670,5410,.494,1594,2333,.683,1085,2583,3668,1888,564,490,1184,1872,8251
4,2000-01,Dallas Mavericks,DAL,82,19805,3085,6716,.459,517,1357,.381,2568,5359,.479,1552,1954,.794,831,2571,3402,1740,618,492,1141,1907,8239
5,2000-01,Toronto Raptors,TOR,82,19955,3048,6972,.437,429,1164,.369,2619,5808,.451,1482,1984,.747,1118,2529,3647,2004,599,519,1080,1745,8007
6,2000-01,Orlando Magic,ORL,82,19955,3013,6873,.438,490,1346,.364,2523,5527,.456,1476,2068,.714,1069,2450,3519,1803,674,481,1245,2071,7992
7,2000-01,Minnesota Timberwolves,MIN,82,19830,3148,6871,.458,322,901,.357,2826,5970,.473,1364,1737,.785,1002,2470,3472,2083,682,456,1136,1900,7982
8,2000-01,Seattle SuperSonics,SEA,82,19805,3029,6649,.456,466,1169,.399,2563,5480,.468,1454,1986,.732,999,2422,3421,1792,657,409,1252,1733,7978
9,2000-01,Houston Rockets,HOU,82,19830,2943,6494,.453,504,1412,.357,2439,5082,.480,1582,2086,.758,919,2524,3443,1613,587,358,1204,1657,7972
10,2000-01,Utah Jazz,UTA,82,19780,2960,6289,.471,325,852,.381,2635,5437,.485,1714,2280,.752,943,2383,3326,2110,661,463,1296,2107,7959
11,2000-01,Denver Nuggets,DEN,82,19780,2979,6877,.433,512,1444,.355,2467,5433,.454,1448,1964,.737,1044,2583,3627,1970,552,538,1136,1820,7918
12,2000-01,San Antonio Spurs,SAS,82,19830,2884,6262,.461,445,1094,.407,2439,5168,.472,1673,2340,.715,902,2712,3614,1778,568,576,1145,1551,7886
13,2000-01,Detroit Pistons,DET,82,19855,2919,6880,.424,389,1112,.350,2530,5768,.439,1610,2233,.721,1108,2626,3734,1629,613,447,1304,1955,7837
14,2000-01,Portland Trail Blazers,POR,82,19780,3004,6417,.468,369,1057,.349,2635,5360,.492,1447,1899,.762,960,2481,3441,1963,672,419,1257,1745,7824
15,2000-01,Philadelphia 76ers,PHI,82,19855,2902,6487,.447,262,803,.326,2640,5684,.464,1697,2277,.745,1075,2600,3675,1692,690,408,1292,1673,7763
16,2000-01,Boston Celtics,BOS,82,19830,2773,6485,.428,592,1633,.363,2181,4852,.450,1621,2190,.740,897,2367,3264,1708,769,336,1285,1952,7759
17,2000-01,Phoenix Suns,PHO,82,19805,2944,6757,.436,332,1054,.315,2612,5703,.458,1490,1973,.755,970,2529,3499,1905,775,429,1250,1864,7710
18,2000-01,Washington Wizards,WAS,82,19680,2833,6453,.439,275,848,.324,2558,5605,.456,1704,2245,.759,1016,2370,3386,1647,630,383,1391,1913,7645
19,2000-01,Indiana Pacers,IND,82,19980,2828,6431,.440,396,1159,.342,2432,5272,.461,1539,2009,.766,921,2595,3516,1763,563,487,1244,1926,7591
20,2000-01,Golden State Warriors,GSW,82,19780,2937,7175,.409,282,964,.293,2655,6211,.427,1428,2024,.706,1345,2385,3730,1788,742,410,1301,1727,7584
21,2000-01,Los Angeles Clippers,LAC,82,20030,2896,6467,.448,360,1063,.339,2536,5404,.469,1429,2061,.693,962,2559,3521,1585,490,513,1293,1775,7581
22,2000-01,Cleveland Cavaliers,CLE,82,19830,2890,6532,.442,220,659,.334,2670,5873,.455,1561,2040,.765,1015,2440,3455,1708,642,436,1350,1904,7561
23,2000-01,New Jersey Nets,NJN,82,19730,2781,6550,.425,361,1084,.333,2420,5466,.443,1629,2146,.759,909,2337,3246,1603,649,407,1208,1982,7552
24,2000-01,Charlotte Hornets,CHH,82,19880,2800,6501,.431,340,984,.346,2460,5517,.446,1599,2146,.745,1033,2608,3641,1900,665,455,1183,1753,7539
25,2000-01,Vancouver Grizzlies,VAN,82,19780,2870,6539,.439,325,947,.343,2545,5592,.455,1457,1892,.770,894,2431,3325,1899,586,359,1291,1733,7522
26,2000-01,Atlanta Hawks,ATL,82,19730,2876,6668,.431,333,933,.357,2543,5735,.443,1374,1811,.759,1028,2490,3518,1559,634,387,1368,1863,7459
27,2000-01,Miami Heat,MIA,82,19880,2694,6258,.430,478,1384,.345,2216,4874,.455,1423,1874,.759,813,2435,3248,1630,633,304,1122,1726,7289
28,2000-01,New York Knicks,NYK,82,19905,2755,6198,.444,391,1115,.351,2364,5083,.465,1374,1727,.796,773,2524,3297,1520,545,346,1189,1863,7275
29,2000-01,Chicago Bulls,CHI,82,19855,2721,6411,.424,329,950,.346,2392,5461,.438,1410,1909,.739,926,2260,3186,1810,675,379,1292,1902,7181
,2000-01,League Average,,82,19846,2926,6609,.443,397,1124,.354,2529,5485,.461,1524,2039,.748,983,2499,3482,1786,641,431,1234,1833,7774
1,1999-00,Sacramento Kings,SAC,82,19805,3276,7288,.450,534,1656,.322,2742,5632,.487,1521,2016,.754,1056,2635,3691,1953,787,381,1325,1729,8607
2,1999-00,Detroit Pistons,DET,82,19830,3044,6635,.459,439,1223,.359,2605,5412,.481,1956,2506,.781,917,2458,3375,1707,665,273,1288,2011,8483
3,1999-00,Dallas Mavericks,DAL,82,19730,3195,7047,.453,519,1326,.391,2676,5721,.468,1407,1751,.804,931,2444,3375,1810,592,416,1124,1770,8316
4,1999-00,Indiana Pacers,IND,82,19730,3047,6640,.459,583,1487,.392,2464,5153,.478,1629,2008,.811,842,2612,3454,1857,559,422,1159,1786,8306
5,1999-00,Milwaukee Bucks,MIL,82,19855,3174,6827,.465,394,1069,.369,2780,5758,.483,1558,1982,.786,1016,2373,3389,1852,671,381,1230,2020,8300
6,1999-00,Los Angeles Lakers,LAL,82,19805,3137,6836,.459,344,1047,.329,2793,5789,.482,1649,2368,.696,1117,2738,3855,1921,613,534,1143,1841,8267
7,1999-00,Orlando Magic,ORL,82,19755,3169,7014,.452,294,870,.338,2875,6144,.468,1574,2142,.735,1145,2540,3685,1709,743,467,1443,1967,8206
8,1999-00,Houston Rockets,HOU,82,19830,3001,6664,.450,581,1625,.358,2420,5039,.480,1573,2145,.733,1008,2586,3594,1774,613,438,1425,1663,8156
9,1999-00,Boston Celtics,BOS,82,19730,3054,6880,.444,417,1260,.331,2637,5620,.469,1621,2175,.745,1108,2420,3528,1741,795,286,1259,2223,8146
10,1999-00,Seattle SuperSonics,SEA,82,19780,3108,6946,.447,546,1611,.339,2562,5335,.480,1363,1960,.695,1042,2483,3525,1878,657,345,1152,1776,8125
11,1999-00,Denver Nuggets,DEN,82,19855,3057,6911,.442,470,1397,.336,2587,5514,.469,1531,2116,.724,1073,2590,3663,1911,554,618,1281,1962,8115
12,1999-00,Phoenix Suns,PHO,82,19805,3093,6771,.457,458,1246,.368,2635,5525,.477,1467,1934,.759,1022,2558,3580,2098,744,433,1368,1973,8111
13,1999-00,Minnesota Timberwolves,MIN,82,19905,3226,6910,.467,248,716,.346,2978,6194,.481,1379,1769,.780,1016,2471,3487,2205,622,444,1139,1913,8079
14,1999-00,Charlotte Hornets,CHH,82,19780,2935,6533,.449,339,1001,.339,2596,5532,.469,1863,2458,.758,884,2635,3519,2023,732,480,1206,1670,8072
15,1999-00,New Jersey Nets,NJN,82,19830,2979,6881,.433,477,1374,.347,2502,5507,.454,1601,2041,.784,1040,2315,3355,1688,720,393,1119,1913,8036
16,1999-00,Portland Trail Blazers,POR,82,19780,3021,6430,.470,407,1128,.361,2614,5302,.493,1542,2029,.760,966,2560,3526,1925,633,396,1243,1865,7991
17,1999-00,Toronto Raptors,TOR,82,19755,2980,6882,.433,425,1171,.363,2555,5711,.447,1583,2068,.765,1098,2449,3547,1947,666,544,1137,1989,7968
18,1999-00,Cleveland Cavaliers,CLE,82,19855,2977,6734,.442,343,919,.373,2634,5815,.453,1653,2205,.750,1010,2499,3509,1941,715,363,1427,2219,7950
19,1999-00,Washington Wizards,WAS,82,19805,3010,6681,.451,335,890,.376,2675,5791,.462,1566,2107,.743,1064,2438,3502,1771,593,383,1320,2149,7921
20,1999-00,Utah Jazz,UTA,82,19755,2962,6380,.464,329,854,.385,2633,5526,.476,1661,2150,.773,936,2426,3362,2041,629,446,1220,2013,7914
21,1999-00,San Antonio Spurs,SAS,82,19855,2952,6393,.462,330,882,.374,2622,5511,.476,1652,2214,.746,927,2666,3593,1819,614,551,1233,1716,7886
22,1999-00,Golden State Warriors,GSW,82,19755,2996,7140,.420,345,1069,.323,2651,6071,.437,1497,2147,.697,1300,2438,3738,1851,731,356,1302,2043,7834
23,1999-00,Philadelphia 76ers,PHI,82,19830,2993,6776,.442,208,643,.323,2785,6133,.454,1577,2226,.708,1147,2468,3615,1817,791,386,1284,1939,7771
24,1999-00,Miami Heat,MIA,82,19830,2974,6462,.460,446,1202,.371,2528,5260,.481,1345,1827,.736,921,2619,3540,1931,582,524,1231,1947,7739
25,1999-00,Atlanta Hawks,ATL,82,19830,3000,6807,.441,258,814,.317,2742,5993,.458,1477,1987,.743,1146,2570,3716,1548,500,461,1266,1718,7735
26,1999-00,Vancouver Grizzlies,VAN,82,19855,2892,6441,.449,324,898,.361,2568,5543,.463,1594,2060,.774,1005,2324,3329,1700,608,346,1381,1881,7702
27,1999-00,New York Knicks,NYK,82,19830,2897,6374,.455,351,937,.375,2546,5437,.468,1410,1805,.781,802,2521,3323,1588,515,349,1201,1983,7555
28,1999-00,Los Angeles Clippers,LAC,82,19705,2877,6757,.426,429,1267,.339,2448,5490,.446,1363,1826,.746,955,2377,3332,1479,578,494,1325,1821,7546
29,1999-00,Chicago Bulls,CHI,82,19805,2565,6180,.415,340,1032,.329,2225,5148,.432,1482,2089,.709,1032,2323,3355,1645,646,383,1557,1908,6952
,1999-00,League Average,,82,19802,3020,6732,.449,397,1125,.353,2623,5607,.468,1555,2073,.750,1018,2501,3519,1832,651,424,1269,1911,7993
1,1998-99,Sacramento Kings,SAC,50,12200,1918,4307,.445,290,943,.308,1628,3364,.484,883,1293,.683,706,1573,2279,1129,444,232,842,1016,5009
2,1998-99,Los Angeles Lakers,LAL,50,12050,1841,3935,.468,241,685,.352,1600,3250,.492,1027,1503,.683,619,1482,2101,1095,389,287,754,1231,4950
3,1998-99,Phoenix Suns,PHO,50,12050,1797,4004,.449,261,702,.372,1536,3302,.465,924,1215,.760,598,1418,2016,1249,444,200,681,1022,4779
4,1998-99,Seattle SuperSonics,SEA,50,12100,1756,3976,.442,309,899,.344,1447,3077,.470,922,1354,.681,676,1422,2098,1087,393,201,765,1047,4743
5,1998-99,Portland Trail Blazers,POR,50,12175,1747,3956,.442,246,675,.364,1501,3281,.457,1002,1349,.743,646,1570,2216,1073,411,290,771,1126,4742
6,1998-99,Indiana Pacers,IND,50,12100,1731,3866,.448,294,799,.368,1437,3067,.469,977,1228,.796,574,1452,2026,1005,316,223,649,1082,4733
7,1998-99,Houston Rockets,HOU,50,12075,1755,3798,.462,336,914,.368,1419,2884,.492,865,1187,.729,536,1540,2076,1058,386,260,812,960,4711
8,1998-99,Denver Nuggets,DEN,50,12025,1681,3989,.421,302,922,.328,1379,3067,.450,1010,1325,.762,647,1392,2039,969,376,275,739,1145,4674
9,1998-99,Utah Jazz,UTA,50,12175,1684,3620,.465,140,388,.361,1544,3232,.478,1158,1510,.767,555,1508,2063,1204,398,276,814,1133,4666
10,1998-99,Boston Celtics,BOS,50,12150,1816,4164,.436,273,758,.360,1543,3406,.453,745,1077,.692,680,1458,2138,1073,453,255,807,1193,4650
11,1998-99,Minnesota Timberwolves,MIN,50,12025,1838,4327,.425,122,410,.298,1716,3917,.438,849,1143,.743,754,1392,2146,1218,426,272,641,1185,4647
12,1998-99,Charlotte Hornets,CHH,50,12150,1671,3718,.449,268,735,.365,1403,2983,.470,1034,1384,.747,480,1493,1973,1110,443,247,796,1101,4644
13,1998-99,San Antonio Spurs,SAS,50,12075,1740,3812,.456,172,521,.330,1568,3291,.476,988,1415,.698,614,1584,2198,1101,421,351,759,1010,4640
14,1998-99,Milwaukee Bucks,MIL,50,12050,1753,3818,.459,231,619,.373,1522,3199,.476,847,1155,.733,570,1369,1939,1030,442,202,719,1142,4584
15,1998-99,Dallas Mavericks,DAL,50,12075,1749,4033,.434,202,595,.339,1547,3438,.450,881,1210,.728,645,1478,2123,921,352,292,692,1065,4581
16,1998-99,New Jersey Nets,NJN,50,12050,1691,4160,.406,225,679,.331,1466,3481,.421,962,1251,.769,715,1437,2152,923,491,273,750,1134,4569
17,1998-99,Washington Wizards,WAS,50,12050,1768,3969,.445,179,580,.309,1589,3389,.469,845,1198,.705,595,1403,1998,1064,393,193,736,1151,4560
18,1998-99,Toronto Raptors,TOR,50,12075,1660,3940,.421,226,662,.341,1434,3278,.437,1011,1330,.760,712,1447,2159,1036,439,321,799,1139,4557
19,1998-99,Los Angeles Clippers,LAC,50,12125,1711,4007,.427,214,668,.320,1497,3339,.448,883,1225,.721,665,1293,1958,820,424,236,796,1223,4519
20,1998-99,Detroit Pistons,DET,50,12050,1660,3716,.447,248,679,.365,1412,3037,.465,950,1283,.740,605,1412,2017,1009,444,208,790,1139,4518
21,1998-99,Philadelphia 76ers,PHI,50,12150,1656,3883,.426,98,371,.264,1558,3512,.444,1073,1486,.722,729,1428,2157,934,542,271,822,1152,4483
22,1998-99,Orlando Magic,ORL,50,12050,1687,3943,.428,223,675,.330,1464,3268,.448,876,1252,.700,688,1445,2133,1067,496,213,819,935,4473
23,1998-99,Miami Heat,MIA,50,12025,1616,3565,.453,289,804,.359,1327,2761,.481,928,1262,.735,503,1512,2015,1019,327,304,744,1035,4449
24,1998-99,Vancouver Grizzlies,VAN,50,12175,1643,3838,.428,148,453,.327,1495,3385,.442,1009,1408,.717,650,1359,2009,964,420,199,848,1123,4443
25,1998-99,Golden State Warriors,GSW,50,12125,1730,4173,.415,162,565,.287,1568,3608,.435,794,1175,.676,816,1559,2375,1037,414,221,768,1270,4416
26,1998-99,Cleveland Cavaliers,CLE,50,12050,1562,3561,.439,182,534,.341,1380,3027,.456,1016,1356,.749,472,1316,1788,1093,452,203,785,1208,4322
27,1998-99,New York Knicks,NYK,50,12100,1610,3704,.435,208,589,.353,1402,3115,.450,892,1218,.732,551,1510,2061,963,395,262,804,1140,4320
28,1998-99,Atlanta Hawks,ATL,50,12075,1539,3760,.409,197,644,.306,1342,3116,.431,1040,1422,.731,676,1499,2175,782,346,260,745,987,4315
29,1998-99,Chicago Bulls,CHI,50,12075,1539,3837,.401,177,612,.289,1362,3225,.422,840,1185,.709,573,1394,1967,1017,436,169,774,1112,4095
,1998-99,League Average,,50,12091,1709,3910,.437,223,658,.339,1486,3252,.457,939,1290,.728,629,1453,2083,1036,418,248,766,1111,4579
1,1997-98,Los Angeles Lakers,LAL,82,19830,3146,6536,.481,497,1415,.351,2649,5121,.517,1863,2743,.679,1079,2471,3550,2009,734,556,1256,1859,8652
2,1997-98,Minnesota Timberwolves,MIN,82,19930,3157,6844,.461,303,873,.347,2854,5971,.478,1673,2253,.743,1063,2429,3492,2068,639,427,1138,1882,8290
3,1997-98,Utah Jazz,UTA,82,19780,2993,6113,.490,249,670,.372,2744,5443,.504,2044,2644,.773,962,2405,3367,2070,648,412,1259,1961,8279
4,1997-98,Seattle SuperSonics,SEA,82,19755,3052,6458,.473,621,1569,.396,2431,4889,.497,1521,2109,.721,931,2225,3156,1986,804,376,1145,1812,8246
5,1997-98,New Jersey Nets,NJN,82,19880,3055,6928,.441,310,937,.331,2745,5991,.458,1750,2351,.744,1344,2137,3481,1685,777,314,1180,1917,8170
6,1997-98,Phoenix Suns,PHO,82,19955,3138,6710,.468,431,1211,.356,2707,5499,.492,1459,1948,.749,991,2452,3443,2124,756,429,1236,1765,8166
7,1997-98,Houston Rockets,HOU,82,19830,2946,6513,.452,573,1670,.343,2373,4843,.490,1634,2120,.771,987,2350,3337,1799,686,294,1298,1653,8099
8,1997-98,Washington Wizards,WAS,82,19805,3080,6811,.452,320,944,.339,2760,5867,.470,1489,2156,.691,1121,2341,3462,1900,689,379,1156,1839,7969
9,1997-98,Chicago Bulls,CHI,82,19855,3064,6801,.451,311,962,.323,2753,5839,.471,1492,2009,.743,1243,2438,3681,1952,696,353,1178,1691,7931
10,1997-98,Charlotte Hornets,CHH,82,19780,2968,6344,.468,346,904,.383,2622,5440,.482,1641,2186,.751,985,2341,3326,1941,691,312,1247,1757,7923
11,1997-98,Vancouver Grizzlies,VAN,82,19830,3006,6567,.458,325,898,.362,2681,5669,.473,1586,2145,.739,1081,2313,3394,1960,614,349,1405,1809,7923
12,1997-98,Indiana Pacers,IND,82,19830,2921,6223,.469,401,1029,.390,2520,5194,.485,1631,2136,.764,874,2348,3222,1889,645,368,1168,1859,7874
13,1997-98,Los Angeles Clippers,LAC,82,19780,2930,6690,.438,525,1468,.358,2405,5222,.461,1480,2047,.723,1040,2276,3316,1533,625,456,1323,1827,7865
14,1997-98,Boston Celtics,BOS,82,19730,3012,6934,.434,415,1249,.332,2597,5685,.457,1425,1964,.726,1196,2044,3240,1816,987,366,1330,2203,7864
15,1997-98,Atlanta Hawks,ATL,82,19880,2887,6352,.455,337,1016,.332,2550,5336,.478,1749,2314,.756,1106,2417,3523,1569,653,491,1214,1671,7860
16,1997-98,Miami Heat,MIA,82,19755,2850,6327,.450,548,1544,.355,2302,4783,.481,1539,2082,.739,1028,2419,3447,1758,665,429,1226,1982,7787
17,1997-98,Toronto Raptors,TOR,82,19930,2965,6813,.435,372,1086,.343,2593,5727,.453,1479,2060,.718,1187,2149,3336,1746,769,663,1371,1851,7781
18,1997-98,Milwaukee Bucks,MIL,82,19930,2918,6399,.456,249,703,.354,2669,5696,.469,1663,2167,.767,1035,2236,3271,1649,733,357,1383,1915,7748
19,1997-98,Portland Trail Blazers,POR,82,19830,2885,6397,.451,324,1047,.309,2561,5350,.479,1640,2226,.737,1086,2522,3608,1766,585,464,1383,1859,7734
20,1997-98,Detroit Pistons,DET,82,19955,2862,6373,.449,293,938,.312,2569,5435,.473,1704,2288,.745,1044,2338,3382,1597,678,344,1198,1805,7721
21,1997-98,Philadelphia 76ers,PHI,82,19755,2837,6409,.443,243,810,.300,2594,5599,.463,1734,2352,.737,1125,2294,3419,1729,729,490,1356,1878,7651
22,1997-98,Sacramento Kings,SAC,82,19730,2957,6684,.442,283,806,.351,2674,5878,.455,1440,2096,.687,1094,2304,3398,1836,596,420,1271,1810,7637
23,1997-98,San Antonio Spurs,SAS,82,19830,2898,6187,.468,302,863,.350,2596,5324,.488,1489,2164,.688,984,2638,3622,1839,516,568,1318,1731,7587
24,1997-98,Cleveland Cavaliers,CLE,82,19830,2817,6207,.454,298,801,.372,2519,5406,.466,1653,2187,.756,955,2331,3286,1894,814,419,1421,1939,7585
25,1997-98,New York Knicks,NYK,82,19830,2864,6413,.447,382,1139,.335,2482,5274,.471,1399,1812,.772,978,2434,3412,1787,634,278,1247,1947,7509
26,1997-98,Dallas Mavericks,DAL,82,19905,2882,6754,.427,422,1183,.357,2460,5571,.442,1308,1738,.753,1008,2280,3288,1535,646,466,1183,1643,7494
27,1997-98,Orlando Magic,ORL,82,19830,2771,6455,.429,293,907,.323,2478,5548,.447,1552,2138,.726,1178,2203,3381,1694,649,441,1258,1617,7387
28,1997-98,Denver Nuggets,DEN,82,19730,2677,6412,.417,288,893,.323,2389,5519,.433,1658,2147,.772,1040,2157,3197,1547,664,393,1312,1937,7300
29,1997-98,Golden State Warriors,GSW,82,19830,2845,6883,.413,189,696,.272,2656,6187,.429,1358,1912,.710,1288,2473,3761,1708,621,448,1369,1859,7237
,1997-98,League Average,,82,19832,2944,6536,.450,360,1042,.346,2584,5493,.470,1588,2155,.737,1070,2337,3407,1806,688,416,1270,1837,7837
1,1996-97,Chicago Bulls,CHI,82,19730,3277,6923,.473,523,1403,.373,2754,5520,.499,1381,1848,.747,1235,2461,3696,2142,716,332,1109,1617,8458
2,1996-97,Utah Jazz,UTA,82,19830,3131,6217,.504,334,902,.370,2797,5315,.526,1858,2416,.769,889,2410,3299,2199,748,418,1259,1981,8454
3,1996-97,Phoenix Suns,PHO,82,19855,3143,6705,.469,527,1428,.369,2616,5277,.496,1618,2125,.761,916,2376,3292,2067,664,322,1180,1727,8431
4,1996-97,Seattle SuperSonics,SEA,82,19780,2995,6415,.467,559,1583,.353,2436,4832,.504,1725,2295,.752,1010,2271,3281,1931,904,388,1231,1803,8274
5,1996-97,Boston Celtics,BOS,82,19905,3066,6967,.440,467,1331,.351,2599,5636,.461,1649,2199,.750,1095,2188,3283,1792,810,315,1342,1915,8248
6,1996-97,Houston Rockets,HOU,82,19855,3037,6484,.468,671,1839,.365,2366,4645,.509,1503,1992,.755,927,2565,3492,2013,685,347,1365,1610,8248
7,1996-97,Philadelphia 76ers,PHI,82,19780,3003,6850,.438,433,1356,.319,2570,5494,.468,1776,2450,.725,1267,2355,3622,1695,683,394,1437,1733,8215
8,1996-97,Los Angeles Lakers,LAL,82,19930,3018,6642,.454,551,1500,.367,2467,5142,.480,1613,2330,.692,1092,2414,3506,1845,740,575,1222,1818,8200
9,1996-97,Golden State Warriors,GSW,82,19905,2997,6567,.456,481,1363,.353,2516,5204,.483,1696,2180,.778,1086,2259,3345,1822,611,359,1410,1787,8171
10,1996-97,Washington Bullets,WSB,82,19855,3208,6678,.480,331,1001,.331,2877,5677,.507,1400,1979,.707,1010,2420,3430,1921,712,402,1289,1815,8147
11,1996-97,Portland Trail Blazers,POR,82,19855,3000,6465,.464,501,1401,.358,2499,5064,.493,1613,2261,.713,1058,2494,3552,1710,640,435,1357,1928,8114
12,1996-97,Charlotte Hornets,CHH,82,19805,2988,6342,.471,591,1382,.428,2397,4960,.483,1541,1984,.777,910,2298,3208,2021,597,349,1203,1702,8108
13,1996-97,Denver Nuggets,DEN,82,19930,2934,6687,.439,636,1711,.372,2298,4976,.462,1516,1992,.761,994,2452,3446,1889,503,487,1359,1784,8020
14,1996-97,New Jersey Nets,NJN,82,19780,2994,7091,.422,484,1371,.353,2510,5720,.439,1502,2031,.740,1410,2376,3786,1726,677,481,1290,1865,7974
15,1996-97,Los Angeles Clippers,LAC,82,19930,2989,6696,.446,474,1339,.354,2515,5357,.469,1517,2074,.731,1092,2242,3334,1662,733,441,1311,1964,7969
16,1996-97,Sacramento Kings,SAC,82,19855,3000,6611,.454,414,1058,.391,2586,5553,.466,1494,2067,.723,1100,2307,3407,1799,588,362,1332,1946,7908
17,1996-97,Minnesota Timberwolves,MIN,82,19780,2937,6436,.456,371,1093,.339,2566,5343,.480,1637,2180,.751,957,2302,3259,1874,618,557,1243,1818,7882
18,1996-97,Toronto Raptors,TOR,82,19830,2897,6632,.437,589,1624,.363,2308,5008,.461,1446,2008,.720,1135,2254,3389,1714,722,517,1347,1883,7829
19,1996-97,New York Knicks,NYK,82,19855,2882,6227,.463,470,1294,.363,2412,4933,.489,1585,2119,.748,973,2516,3489,1809,629,378,1462,2033,7819
20,1996-97,Indiana Pacers,IND,82,19930,2851,6254,.456,430,1130,.381,2421,5124,.472,1687,2336,.722,1029,2390,3419,1750,585,394,1338,1977,7819
21,1996-97,Milwaukee Bucks,MIL,82,19730,2967,6303,.471,324,920,.352,2643,5383,.491,1560,2104,.741,955,2263,3218,1610,632,348,1285,1892,7818
22,1996-97,Miami Heat,MIA,82,19805,2822,6235,.453,678,1865,.364,2144,4370,.491,1454,2022,.719,957,2402,3359,1735,650,439,1306,1919,7776
23,1996-97,Atlanta Hawks,ATL,82,19805,2812,6307,.446,659,1834,.359,2153,4473,.481,1491,1955,.763,1021,2350,3371,1557,701,427,1228,1591,7774
24,1996-97,Detroit Pistons,DET,82,19830,2827,6095,.464,582,1499,.388,2245,4596,.488,1487,1995,.745,858,2292,3150,1554,632,283,1041,1652,7723
25,1996-97,Orlando Magic,ORL,82,19855,2839,6497,.437,567,1662,.341,2272,4835,.470,1474,1975,.746,1071,2221,3292,1689,694,363,1250,1643,7719
26,1996-97,Dallas Mavericks,DAL,82,19805,2813,6452,.436,430,1316,.327,2383,5136,.464,1375,1918,.717,1040,2262,3302,1663,654,351,1324,1798,7431
27,1996-97,San Antonio Spurs,SAS,82,19730,2827,6391,.442,378,1180,.320,2449,5211,.470,1386,1929,.719,1101,2129,3230,1661,646,431,1243,1764,7418
28,1996-97,Vancouver Grizzlies,VAN,82,19780,2819,6453,.437,445,1274,.349,2374,5179,.458,1230,1734,.709,1023,2155,3178,1862,657,464,1301,1755,7313
29,1996-97,Cleveland Cavaliers,CLE,82,19855,2704,5972,.453,483,1284,.376,2221,4688,.474,1282,1773,.723,909,2159,3068,1714,655,315,1188,1882,7173
,1996-97,League Average,,82,19833,2958,6503,.455,496,1377,.360,2462,5126,.480,1534,2078,.738,1039,2330,3369,1808,672,403,1285,1814,7946
1,1995-96,Chicago Bulls,CHI,82,19730,3293,6892,.478,544,1349,.403,2749,5543,.496,1495,2004,.746,1247,2411,3658,2033,745,345,1175,1807,8625
2,1995-96,Seattle SuperSonics,SEA,82,19880,3074,6401,.480,581,1596,.364,2493,4805,.519,1843,2424,.760,954,2449,3403,1999,882,393,1441,1967,8572
3,1995-96,Orlando Magic,ORL,82,19855,3203,6640,.482,622,1645,.378,2581,4995,.517,1543,2232,.691,966,2401,3367,2080,663,406,1160,1709,8571
4,1995-96,Phoenix Suns,PHO,82,19955,3159,6673,.473,327,984,.332,2832,5689,.498,1907,2472,.771,1009,2501,3510,2001,623,331,1207,1776,8552
5,1995-96,Boston Celtics,BOS,82,19905,3163,6942,.456,539,1453,.371,2624,5489,.478,1630,2284,.714,1050,2427,3477,1792,653,406,1302,2041,8495
6,1995-96,San Antonio Spurs,SAS,82,19780,3148,6602,.477,518,1320,.392,2630,5282,.498,1663,2261,.736,937,2586,3523,2044,645,536,1195,1820,8477
7,1995-96,Los Angeles Lakers,LAL,82,19680,3216,6706,.480,477,1359,.351,2739,5347,.512,1529,2049,.746,995,2303,3298,2080,722,516,1163,1702,8438
8,1995-96,Charlotte Hornets,CHH,82,19880,3108,6618,.470,584,1520,.384,2524,5098,.495,1631,2119,.770,987,2256,3243,1907,582,277,1241,1815,8431
9,1995-96,Dallas Mavericks,DAL,82,19930,3124,7431,.420,735,2039,.360,2389,5392,.443,1426,1975,.722,1408,2379,3787,1913,642,342,1270,1836,8409
10,1995-96,Washington Bullets,WSB,82,19805,3202,6618,.484,493,1212,.407,2709,5406,.501,1511,2076,.728,930,2327,3257,1815,592,506,1327,1981,8408
11,1995-96,Houston Rockets,HOU,82,19805,3078,6638,.464,637,1761,.362,2441,4877,.501,1611,2106,.765,919,2455,3374,1982,645,476,1245,1753,8404
12,1995-96,Utah Jazz,UTA,82,19780,3129,6417,.488,377,1013,.372,2752,5404,.509,1769,2302,.768,993,2373,3366,2139,667,418,1215,2046,8404
13,1995-96,Golden State Warriors,GSW,82,19755,3056,6700,.456,447,1199,.373,2609,5501,.474,1775,2340,.759,1173,2285,3458,1889,706,470,1343,1835,8334
14,1995-96,Sacramento Kings,SAC,82,19755,2971,6494,.457,462,1194,.387,2509,5300,.473,1759,2407,.731,1114,2345,3459,1829,643,436,1442,2131,8163
15,1995-96,Los Angeles Clippers,LAC,82,19730,3126,6618,.472,509,1374,.370,2617,5244,.499,1392,1984,.702,979,2190,3169,1672,703,411,1355,2008,8153
16,1995-96,Portland Trail Blazers,POR,82,19905,3064,6688,.458,480,1358,.353,2584,5330,.485,1537,2321,.662,1160,2577,3737,1760,594,417,1377,1859,8145
17,1995-96,Indiana Pacers,IND,82,19755,2979,6205,.480,363,973,.373,2616,5232,.500,1823,2416,.755,1010,2262,3272,1917,579,323,1335,2031,8144
18,1995-96,Atlanta Hawks,ATL,82,19730,2985,6665,.448,566,1595,.355,2419,5070,.477,1523,2012,.757,1182,2148,3330,1609,771,319,1228,1714,8059
19,1995-96,Minnesota Timberwolves,MIN,82,19780,2974,6481,.459,279,857,.326,2695,5624,.479,1797,2314,.777,985,2271,3256,1867,650,481,1426,1994,8024
20,1995-96,Denver Nuggets,DEN,82,19830,3001,6657,.451,397,1148,.346,2604,5509,.473,1614,2173,.743,1057,2487,3544,1851,521,597,1265,1882,8013
21,1995-96,Toronto Raptors,TOR,82,19830,3084,6598,.467,414,1168,.354,2670,5430,.492,1412,1953,.723,1071,2213,3284,1927,745,493,1544,1987,7994
22,1995-96,New York Knicks,NYK,82,19830,3003,6382,.471,485,1285,.377,2518,5097,.494,1480,1954,.757,829,2449,3278,1822,645,377,1272,1864,7971
23,1995-96,Miami Heat,MIA,82,19780,2902,6348,.457,552,1458,.379,2350,4890,.481,1553,2187,.710,999,2495,3494,1752,574,439,1394,2158,7909
24,1995-96,Milwaukee Bucks,MIL,82,19730,3034,6490,.467,357,1056,.338,2677,5434,.493,1412,1914,.738,973,2164,3137,1755,582,307,1295,1943,7837
25,1995-96,Detroit Pistons,DET,82,19830,2810,6122,.459,545,1350,.404,2265,4772,.475,1657,2206,.751,884,2440,3324,1610,506,352,1215,1953,7822
26,1995-96,Philadelphia 76ers,PHI,82,19730,2796,6418,.436,492,1438,.342,2304,4980,.463,1662,2263,.734,1031,2161,3192,1629,643,420,1414,1777,7746
27,1995-96,New Jersey Nets,NJN,82,19905,2881,6750,.427,250,746,.335,2631,6004,.438,1672,2244,.745,1350,2503,3853,1752,627,571,1375,1880,7684
28,1995-96,Cleveland Cavaliers,CLE,82,19830,2761,5998,.460,596,1582,.377,2165,4416,.490,1355,1775,.763,867,2055,2922,1818,674,340,1073,1685,7473
29,1995-96,Vancouver Grizzlies,VAN,82,19880,2772,6483,.428,372,1129,.329,2400,5354,.448,1446,1998,.724,957,2170,3127,1706,728,333,1347,1852,7362
,1995-96,League Average,,82,19813,3038,6575,.462,483,1316,.367,2555,5259,.486,1601,2164,.740,1035,2348,3383,1860,654,415,1298,1890,8159
1,1994-95,Orlando Magic,ORL,82,19930,3460,6899,.502,523,1412,.370,2937,5487,.535,1648,2465,.669,1149,2457,3606,2281,672,488,1297,1726,9091
2,1994-95,Phoenix Suns,PHO,82,19830,3356,6967,.482,584,1584,.369,2772,5383,.515,1777,2352,.756,1027,2403,3430,2198,687,312,1167,1839,9073
3,1994-95,Seattle SuperSonics,SEA,82,19830,3310,6741,.491,491,1305,.376,2819,5436,.519,1944,2564,.758,1068,2337,3405,2115,917,392,1295,2067,9055
4,1994-95,San Antonio Spurs,SAS,82,19855,3236,6687,.484,434,1158,.375,2802,5529,.507,1836,2487,.738,1029,2661,3690,1919,656,456,1246,1871,8742
5,1994-95,Utah Jazz,UTA,82,19780,3243,6339,.512,301,801,.376,2942,5538,.531,1939,2483,.781,874,2412,3286,2256,758,392,1289,2045,8726
6,1994-95,Golden State Warriors,GSW,82,19905,3217,6873,.468,546,1602,.341,2671,5271,.507,1687,2395,.704,1101,2371,3472,2017,649,391,1497,1804,8667
7,1994-95,Los Angeles Lakers,LAL,82,19905,3284,7088,.463,525,1492,.352,2759,5596,.493,1523,2072,.735,1126,2316,3442,2078,750,563,1243,1933,8616
8,1994-95,Houston Rockets,HOU,82,19730,3159,6579,.480,646,1757,.368,2513,4822,.521,1527,2039,.749,880,2440,3320,2060,721,514,1322,1714,8491
9,1994-95,Dallas Mavericks,DAL,82,19930,3227,7342,.440,386,1200,.322,2841,6142,.463,1622,2210,.734,1514,2433,3947,1941,579,348,1345,1811,8462
10,1994-95,Portland Trail Blazers,POR,82,19705,3217,7134,.451,462,1266,.365,2755,5868,.469,1555,2230,.697,1352,2443,3795,1846,668,467,1212,2024,8451
11,1994-95,Boston Celtics,BOS,82,19805,3179,6847,.464,362,984,.368,2817,5863,.480,1708,2268,.753,1156,2320,3476,1783,612,361,1305,1975,8428
12,1994-95,Chicago Bulls,CHI,82,19830,3191,6710,.476,443,1187,.373,2748,5523,.498,1500,2065,.726,1106,2294,3400,1970,797,352,1297,1962,8325
13,1994-95,Denver Nuggets,DEN,82,19980,3098,6461,.479,413,1160,.356,2685,5301,.507,1700,2305,.738,1040,2402,3442,1836,660,585,1381,2063,8309
14,1994-95,Miami Heat,MIA,82,19805,3144,6738,.467,436,1182,.369,2708,5556,.487,1569,2133,.736,1092,2272,3364,1779,662,298,1291,2000,8293
15,1994-95,Charlotte Hornets,CHH,82,19805,3051,6438,.474,560,1409,.397,2491,5029,.495,1587,2042,.777,832,2395,3227,2072,620,399,1224,1685,8249
16,1994-95,Washington Bullets,WSB,82,19855,3176,6899,.460,433,1264,.343,2743,5635,.487,1457,2013,.724,1044,2219,3263,1749,648,404,1301,1949,8242
17,1994-95,Milwaukee Bucks,MIL,82,19855,3022,6586,.459,494,1349,.366,2528,5237,.483,1608,2259,.712,1063,2187,3250,1737,674,359,1393,1858,8146
18,1994-95,Indiana Pacers,IND,82,19780,2983,6248,.477,374,985,.380,2609,5263,.496,1796,2390,.751,1051,2290,3341,1877,703,363,1340,1939,8136
19,1994-95,Sacramento Kings,SAC,82,19855,3025,6463,.468,359,1037,.346,2666,5426,.491,1647,2317,.711,1073,2325,3398,1824,650,457,1449,2040,8056
20,1994-95,New York Knicks,NYK,82,19780,2985,6394,.467,532,1446,.368,2453,4948,.496,1552,2114,.734,929,2473,3402,2055,591,387,1305,2102,8054
21,1994-95,Detroit Pistons,DET,82,19730,3060,6633,.461,494,1396,.354,2566,5237,.490,1439,1941,.741,958,2204,3162,1872,705,420,1318,2151,8053
22,1994-95,New Jersey Nets,NJN,82,19880,2939,6738,.436,414,1297,.319,2525,5441,.464,1750,2305,.759,1213,2569,3782,1884,544,548,1300,1844,8042
23,1994-95,Los Angeles Clippers,LAC,82,19880,3060,6888,.444,331,1051,.315,2729,5837,.468,1476,2079,.710,1064,2076,3140,1805,787,435,1334,2152,7927
24,1994-95,Atlanta Hawks,ATL,82,19855,2986,6680,.447,539,1580,.341,2447,5100,.480,1410,1948,.724,1104,2272,3376,1757,738,412,1221,1804,7921
25,1994-95,Philadelphia 76ers,PHI,82,19805,2949,6577,.448,355,936,.379,2594,5641,.460,1567,2125,.737,1105,2230,3335,1566,643,576,1355,1835,7820
26,1994-95,Minnesota Timberwolves,MIN,82,19780,2792,6219,.449,318,1016,.313,2474,5203,.475,1824,2355,.775,883,2090,2973,1780,609,402,1400,2074,7726
27,1994-95,Cleveland Cavaliers,CLE,82,19930,2756,6255,.441,398,1033,.385,2358,5222,.452,1507,1982,.760,1045,2237,3282,1672,630,349,1176,1694,7417
,1994-95,League Average,,82,19837,3115,6682,.466,450,1255,.359,2665,5427,.491,1635,2220,.737,1070,2338,3408,1916,679,423,1308,1924,8315
1,1993-94,Phoenix Suns,PHO,82,19705,3429,7080,.484,344,1042,.330,3085,6038,.511,1674,2301,.728,1220,2453,3673,2261,745,460,1305,1639,8876
2,1993-94,Golden State Warriors,GSW,82,19780,3512,7145,.492,291,859,.339,3221,6286,.512,1529,2304,.664,1183,2396,3579,2198,804,511,1433,1789,8844
3,1993-94,Portland Trail Blazers,POR,82,19755,3371,7427,.454,272,770,.353,3099,6657,.466,1781,2396,.743,1302,2460,3762,2070,744,409,1210,1827,8795
4,1993-94,Charlotte Hornets,CHH,82,19830,3382,7100,.476,336,916,.367,3046,6184,.493,1632,2135,.764,1019,2475,3494,2214,724,394,1266,1747,8732
5,1993-94,Seattle SuperSonics,SEA,82,19730,3338,6901,.484,242,722,.335,3096,6179,.501,1769,2374,.745,1148,2233,3381,2112,1053,365,1262,1914,8687
6,1993-94,Orlando Magic,ORL,82,19730,3341,6883,.485,394,1137,.347,2947,5746,.513,1590,2346,.678,1177,2356,3533,2070,683,456,1327,1713,8666
7,1993-94,Miami Heat,MIA,82,19805,3197,6896,.464,337,997,.338,2860,5899,.485,1744,2223,.785,1235,2407,3642,1856,643,374,1315,2024,8475
8,1993-94,New Jersey Nets,NJN,82,19830,3169,7115,.445,223,683,.327,2946,6432,.458,1900,2495,.762,1300,2556,3856,1900,696,576,1196,1693,8461
9,1993-94,Los Angeles Clippers,LAC,82,19780,3343,7163,.467,252,831,.303,3091,6332,.488,1509,2128,.709,1120,2410,3530,2169,807,421,1474,1769,8447
10,1993-94,Utah Jazz,UTA,82,19830,3207,6729,.477,179,559,.320,3028,6170,.491,1761,2379,.740,1059,2385,3444,2179,751,364,1191,1988,8354
11,1993-94,Atlanta Hawks,ATL,82,19755,3247,7039,.461,268,830,.323,2979,6209,.480,1556,2070,.752,1250,2423,3673,2056,915,449,1252,1625,8318
12,1993-94,Cleveland Cavaliers,CLE,82,19855,3133,6731,.465,294,813,.362,2839,5918,.480,1736,2254,.770,1090,2353,3443,2049,705,426,1136,1701,8296
13,1993-94,Houston Rockets,HOU,82,19780,3197,6733,.475,429,1285,.334,2768,5448,.508,1469,1978,.743,926,2619,3545,2087,717,485,1338,1646,8292
14,1993-94,Sacramento Kings,SAC,82,19755,3179,7027,.452,257,729,.353,2922,6298,.464,1676,2292,.731,1122,2349,3471,2029,669,355,1333,1979,8291
15,1993-94,Indiana Pacers,IND,82,19755,3167,6516,.486,184,500,.368,2983,6016,.496,1762,2387,.738,1130,2409,3539,2055,706,457,1440,1974,8280
16,1993-94,Boston Celtics,BOS,82,19905,3333,7057,.472,138,477,.289,3195,6580,.486,1463,2003,.730,1037,2380,3417,1928,674,440,1242,1849,8267
17,1993-94,Los Angeles Lakers,LAL,82,19755,3291,7316,.450,241,803,.300,3050,6513,.468,1410,1967,.717,1260,2204,3464,1983,751,461,1197,1877,8233
18,1993-94,Washington Bullets,WSB,82,19705,3195,6826,.468,221,744,.297,2974,6082,.489,1618,2162,.748,1071,2189,3260,1823,701,321,1403,1715,8229
19,1993-94,Denver Nuggets,DEN,82,19755,3156,6781,.465,170,597,.285,2986,6184,.483,1739,2423,.718,1105,2557,3662,1763,679,686,1422,1926,8221
20,1993-94,San Antonio Spurs,SAS,82,19780,3178,6688,.475,249,714,.349,2929,5974,.490,1597,2151,.742,1189,2597,3786,1896,561,450,1198,1662,8202
21,1993-94,New York Knicks,NYK,82,19755,3098,6735,.460,316,908,.348,2782,5827,.477,1564,2097,.746,1175,2542,3717,2067,752,385,1360,2001,8076
22,1993-94,Philadelphia 76ers,PHI,82,19805,3103,6819,.455,318,942,.338,2785,5877,.474,1509,2112,.714,1012,2394,3406,1827,663,525,1368,1488,8033
23,1993-94,Chicago Bulls,CHI,82,19780,3245,6815,.476,233,659,.354,3012,6156,.489,1310,1859,.705,1143,2391,3534,2102,740,354,1306,1750,8033
24,1993-94,Milwaukee Bucks,MIL,82,19705,3044,6807,.447,331,1019,.325,2713,5788,.469,1530,2181,.702,1126,2154,3280,1946,800,407,1343,1821,7949
25,1993-94,Detroit Pistons,DET,82,19730,3169,7017,.452,358,1041,.344,2811,5976,.470,1253,1715,.731,1027,2320,3347,1767,602,309,1236,1935,7949
26,1993-94,Minnesota Timberwolves,MIN,82,19730,2985,6535,.457,183,557,.329,2802,5978,.469,1777,2303,.772,990,2343,3333,1967,600,440,1478,2016,7930
27,1993-94,Dallas Mavericks,DAL,82,19730,3055,7070,.432,241,773,.312,2814,6297,.447,1450,1942,.747,1271,2150,3421,1629,767,299,1393,2007,7801
,1993-94,League Average,,82,19771,3225,6924,.466,270,811,.333,2954,6113,.483,1604,2184,.734,1137,2389,3526,2000,728,429,1312,1818,8324
1,1992-93,Phoenix Suns,PHO,82,19730,3494,7093,.493,398,1095,.363,3096,5998,.516,1912,2539,.753,1141,2510,3651,2087,752,455,1359,1739,9298
2,1992-93,Charlotte Hornets,CHH,82,19755,3512,7210,.487,175,537,.326,3337,6673,.500,1831,2374,.771,1095,2508,3603,2161,639,473,1325,1790,9030
3,1992-93,Golden State Warriors,GSW,82,19905,3474,7212,.482,298,852,.350,3176,6360,.499,1768,2465,.717,1219,2384,3603,2010,693,383,1451,2056,9014
4,1992-93,Portland Trail Blazers,POR,82,19905,3361,7343,.458,275,843,.326,3086,6500,.475,1901,2551,.745,1226,2507,3733,1969,770,425,1215,1892,8898
5,1992-93,Seattle SuperSonics,SEA,82,19780,3473,7140,.486,218,610,.357,3255,6530,.498,1720,2259,.761,1222,2254,3476,1906,944,409,1267,1971,8884
6,1992-93,Sacramento Kings,SAC,82,19780,3360,7264,.463,262,788,.332,3098,6476,.478,1865,2447,.762,1137,2281,3418,2075,768,348,1364,2085,8847
7,1992-93,Indiana Pacers,IND,82,19755,3371,7022,.480,257,789,.326,3114,6233,.500,1837,2399,.766,1220,2455,3675,2144,615,403,1256,2045,8836
8,1992-93,Cleveland Cavaliers,CLE,82,19830,3425,6887,.497,283,742,.381,3142,6145,.511,1699,2119,.802,929,2496,3425,2349,615,536,1120,1580,8832
9,1992-93,Atlanta Hawks,ATL,82,19830,3392,7272,.466,382,1076,.355,3010,6196,.486,1648,2221,.742,1290,2344,3634,2084,806,278,1339,1807,8814
10,1992-93,Los Angeles Clippers,LAC,82,19805,3544,7329,.484,133,491,.271,3411,6838,.499,1562,2177,.718,1183,2360,3543,2242,847,491,1338,1920,8783
11,1992-93,Utah Jazz,UTA,82,19755,3336,6828,.489,130,414,.314,3206,6414,.500,1907,2491,.766,1041,2463,3504,2177,746,344,1270,1965,8709
12,1992-93,Orlando Magic,ORL,82,19880,3257,6708,.486,317,889,.357,2940,5819,.505,1821,2495,.730,1040,2566,3606,1952,542,467,1429,1925,8652
13,1992-93,San Antonio Spurs,SAS,82,19855,3311,6762,.490,236,692,.341,3075,6070,.507,1794,2346,.765,919,2542,3461,2012,582,514,1227,1844,8652
14,1992-93,Denver Nuggets,DEN,82,19830,3352,7282,.460,138,454,.304,3214,6828,.471,1784,2360,.756,1266,2564,3830,1735,651,565,1413,2039,8626
15,1992-93,Chicago Bulls,CHI,82,19830,3475,7205,.482,244,669,.365,3231,6536,.494,1431,1952,.733,1290,2283,3573,2133,783,410,1103,1804,8625
16,1992-93,Philadelphia 76ers,PHI,82,19930,3225,7075,.456,330,941,.351,2895,6134,.472,1776,2259,.786,1031,2431,3462,2038,672,566,1362,1604,8556
17,1992-93,Los Angeles Lakers,LAL,82,19830,3309,6994,.473,187,626,.299,3122,6368,.490,1741,2304,.756,1103,2288,3391,2013,782,431,1266,1778,8546
18,1992-93,Houston Rockets,HOU,82,19780,3280,6744,.486,387,1073,.361,2893,5671,.510,1584,2090,.758,985,2532,3517,2115,682,543,1295,1699,8531
19,1992-93,Boston Celtics,BOS,82,19780,3453,7093,.487,110,383,.287,3343,6710,.498,1486,1912,.777,1076,2436,3512,1999,647,458,1174,1862,8502
20,1992-93,Miami Heat,MIA,82,20005,3127,6850,.456,333,940,.354,2794,5910,.473,1908,2476,.771,1134,2384,3518,1688,609,350,1287,2011,8495
21,1992-93,New Jersey Nets,NJN,82,19780,3272,7084,.462,155,488,.318,3117,6596,.473,1732,2258,.767,1291,2506,3797,1872,693,526,1355,1892,8431
22,1992-93,Milwaukee Bucks,MIL,82,19730,3268,6924,.472,312,936,.333,2956,5988,.494,1544,2081,.742,1050,2113,3163,2084,863,393,1363,1978,8392
23,1992-93,Washington Bullets,WSB,82,19805,3302,7065,.467,174,578,.301,3128,6487,.482,1575,2107,.748,1031,2317,3348,2110,673,359,1323,1795,8353
24,1992-93,New York Knicks,NYK,82,19930,3209,6898,.465,193,604,.320,3016,6294,.479,1717,2316,.741,1150,2660,3810,2125,680,372,1296,2111,8328
25,1992-93,Detroit Pistons,DET,82,19780,3267,7211,.453,292,908,.322,2975,6303,.472,1426,1957,.729,1293,2315,3608,1941,580,249,1152,1747,8252
26,1992-93,Dallas Mavericks,DAL,82,19730,3164,7271,.435,283,837,.338,2881,6434,.448,1530,2171,.705,1234,2265,3499,1683,649,355,1459,2302,8141
27,1992-93,Minnesota Timberwolves,MIN,82,19855,3043,6529,.466,166,569,.292,2877,5960,.483,1794,2247,.798,940,2204,3144,2001,649,455,1422,2028,8046
,1992-93,League Average,,82,19821,3335,7048,.473,247,734,.336,3088,6314,.489,1715,2273,.754,1131,2406,3537,2026,701,428,1305,1899,8632
1,1991-92,Golden State Warriors,GSW,82,19880,3767,7427,.507,254,763,.333,3513,6664,.527,1944,2606,.746,1137,2376,3513,2064,854,375,1353,2049,9732
2,1991-92,Indiana Pacers,IND,82,19955,3498,7079,.494,333,940,.354,3165,6139,.516,1868,2364,.790,1083,2564,3647,2398,705,393,1402,2137,9197
3,1991-92,Phoenix Suns,PHO,82,19805,3553,7219,.492,227,596,.381,3326,6623,.502,1861,2397,.776,1088,2558,3646,2202,673,582,1243,1852,9194
4,1991-92,Portland Trail Blazers,POR,82,19880,3476,7352,.473,325,944,.344,3151,6408,.492,1858,2463,.754,1294,2549,3843,2065,753,410,1328,1983,9135
5,1991-92,Chicago Bulls,CHI,82,19830,3643,7168,.508,138,454,.304,3505,6714,.522,1587,2132,.744,1173,2439,3612,2279,672,480,1088,1693,9011
6,1991-92,Charlotte Hornets,CHH,82,19805,3613,7568,.477,117,369,.317,3496,7199,.486,1637,2168,.755,1164,2367,3531,2284,822,309,1273,1819,8980
7,1991-92,Cleveland Cavaliers,CLE,82,19805,3427,7025,.488,253,708,.357,3174,6317,.502,1819,2259,.805,1041,2450,3491,2260,616,621,1073,1556,8926
8,1991-92,Utah Jazz,UTA,82,19880,3379,6866,.492,158,458,.345,3221,6408,.503,1961,2490,.788,1097,2543,3640,2188,715,448,1264,1746,8877
9,1991-92,Boston Celtics,BOS,82,19780,3543,7196,.492,110,359,.306,3433,6837,.502,1549,1917,.808,1095,2583,3678,2072,636,484,1165,1686,8745
10,1991-92,Seattle SuperSonics,SEA,82,19855,3380,7128,.474,205,647,.317,3175,6481,.490,1772,2263,.783,1282,2257,3539,1877,775,448,1323,1952,8737
11,1991-92,Atlanta Hawks,ATL,82,19905,3492,7476,.467,210,671,.313,3282,6805,.482,1517,2074,.731,1288,2498,3786,2123,793,320,1255,1771,8711
12,1991-92,New Jersey Nets,NJN,82,19780,3473,7580,.458,224,670,.334,3249,6910,.470,1471,2009,.732,1512,2392,3904,1937,736,615,1392,1834,8641
13,1991-92,Milwaukee Bucks,MIL,82,19880,3321,7216,.460,371,1005,.369,2950,6211,.475,1596,2104,.759,1297,2172,3469,2018,863,317,1350,1904,8609
14,1991-92,Miami Heat,MIA,82,19830,3256,7061,.461,257,751,.342,2999,6310,.475,1839,2329,.790,1187,2366,3553,1749,670,373,1377,1819,8608
15,1991-92,Sacramento Kings,SAC,82,19830,3348,7189,.466,238,675,.353,3110,6514,.477,1615,2162,.747,1054,2354,3408,1957,727,618,1360,1763,8549
16,1991-92,San Antonio Spurs,SAS,82,19780,3377,7090,.476,118,404,.292,3259,6686,.487,1652,2246,.736,1229,2552,3781,2010,729,608,1308,1799,8524
17,1991-92,Los Angeles Clippers,LAC,82,19830,3347,7076,.473,145,502,.289,3202,6574,.487,1601,2223,.720,1132,2393,3525,2053,824,498,1269,1873,8440
18,1991-92,Washington Bullets,WSB,82,19855,3364,7301,.461,146,537,.272,3218,6764,.476,1521,1956,.778,1069,2345,3414,2011,713,422,1254,1852,8395
19,1991-92,Houston Rockets,HOU,82,19880,3273,6894,.475,329,959,.343,2944,5935,.496,1491,2020,.738,1074,2432,3506,2058,656,571,1378,1769,8366
20,1991-92,Philadelphia 76ers,PHI,82,19755,3187,6761,.471,227,680,.334,2960,6081,.487,1757,2267,.775,1058,2309,3367,1755,692,482,1238,1582,8358
21,1991-92,Orlando Magic,ORL,82,19705,3220,7102,.453,197,608,.324,3023,6494,.466,1693,2268,.746,1171,2329,3500,1792,643,367,1390,1977,8330
22,1991-92,New York Knicks,NYK,82,19855,3312,6947,.477,201,618,.325,3111,6329,.492,1503,2049,.734,1185,2489,3674,2130,634,382,1242,1905,8328
23,1991-92,Minnesota Timberwolves,MIN,82,19805,3366,7342,.458,126,394,.320,3240,6948,.466,1379,1857,.743,1167,2168,3335,2025,619,526,1157,1866,8237
24,1991-92,Los Angeles Lakers,LAL,82,19830,3183,6977,.456,119,445,.267,3064,6532,.469,1744,2278,.766,1156,2196,3352,1803,756,400,1089,1543,8229
25,1991-92,Denver Nuggets,DEN,82,19780,3262,7380,.442,126,418,.301,3136,6962,.450,1526,2067,.738,1350,2352,3702,1553,773,461,1447,1984,8176
26,1991-92,Detroit Pistons,DET,82,19780,3191,6867,.465,165,526,.314,3026,6341,.477,1566,2108,.743,1210,2421,3631,1899,546,357,1212,1646,8113
27,1991-92,Dallas Mavericks,DAL,82,19755,3120,7104,.439,268,797,.336,2852,6307,.452,1499,1999,.750,1194,2439,3633,1630,536,349,1202,1867,8007
,1991-92,League Average,,82,19826,3384,7163,.472,207,626,.331,3177,6537,.486,1660,2188,.759,1177,2403,3581,2007,709,452,1275,1823,8635
1,1990-91,Denver Nuggets,DEN,82,19730,3901,8868,.440,300,1059,.283,3601,7809,.461,1726,2263,.763,1520,2530,4050,2005,856,406,1332,2235,9828
2,1990-91,Golden State Warriors,GSW,82,19805,3566,7346,.485,270,801,.337,3296,6545,.504,2162,2761,.783,1113,2306,3419,1954,803,378,1359,2207,9564
3,1990-91,Portland Trail Blazers,POR,82,19905,3577,7369,.485,341,904,.377,3236,6465,.501,1912,2538,.753,1202,2561,3763,2254,724,410,1309,1975,9407
4,1990-91,Phoenix Suns,PHO,82,19730,3573,7199,.496,138,432,.319,3435,6767,.508,2064,2680,.770,1132,2598,3730,2209,687,535,1302,1850,9348
5,1990-91,Indiana Pacers,IND,82,19805,3450,6994,.493,249,749,.332,3201,6245,.513,2010,2479,.811,1018,2376,3394,2181,658,357,1355,2088,9159
6,1990-91,Boston Celtics,BOS,82,19805,3695,7214,.512,109,346,.315,3586,6868,.522,1646,1997,.824,1088,2697,3785,2160,672,565,1320,1695,9145
7,1990-91,Chicago Bulls,CHI,82,19755,3632,7125,.510,155,424,.366,3477,6701,.519,1605,2111,.760,1148,2342,3490,2212,822,438,1184,1751,9024
8,1990-91,Atlanta Hawks,ATL,82,19755,3349,7223,.464,271,836,.324,3078,6387,.482,2034,2544,.800,1235,2420,3655,1864,729,374,1231,1768,9003
9,1990-91,San Antonio Spurs,SAS,82,19830,3409,6988,.488,81,297,.273,3328,6691,.497,1883,2459,.766,1131,2657,3788,2140,670,571,1445,1896,8782
10,1990-91,Houston Rockets,HOU,82,19855,3403,7287,.467,316,989,.320,3087,6298,.490,1631,2200,.741,1275,2508,3783,1906,796,409,1402,1874,8753
11,1990-91,Seattle SuperSonics,SEA,82,19880,3500,7117,.492,136,427,.319,3364,6690,.503,1608,2143,.750,1222,2173,3395,2042,861,380,1404,1973,8744
12,1990-91,Milwaukee Bucks,MIL,82,19855,3337,6948,.480,257,753,.341,3080,6195,.497,1796,2241,.801,1079,2162,3241,2075,894,330,1321,2033,8727
13,1990-91,Los Angeles Lakers,LAL,82,19830,3343,6911,.484,226,744,.304,3117,6167,.505,1805,2261,.798,1078,2440,3518,2091,642,384,1203,1524,8717
14,1990-91,Orlando Magic,ORL,82,19780,3298,7256,.455,270,754,.358,3028,6502,.466,1818,2447,.743,1233,2429,3662,1809,602,306,1391,1976,8684
15,1990-91,Philadelphia 76ers,PHI,82,20080,3289,6925,.475,195,618,.316,3094,6307,.491,1868,2366,.790,984,2496,3480,1824,678,479,1230,1629,8641
16,1990-91,Utah Jazz,UTA,82,19780,3214,6537,.492,148,458,.323,3066,6079,.504,1951,2472,.789,867,2474,3341,2217,652,451,1305,1796,8527
17,1990-91,Los Angeles Clippers,LAC,82,19805,3391,7315,.464,113,434,.260,3278,6881,.476,1596,2273,.702,1246,2500,3746,2119,725,507,1438,2043,8491
18,1990-91,New York Knicks,NYK,82,19955,3308,6822,.485,185,558,.332,3123,6264,.499,1654,2147,.770,1053,2436,3489,2172,638,418,1379,1764,8455
19,1990-91,New Jersey Nets,NJN,82,19830,3311,7459,.444,161,586,.275,3150,6873,.458,1658,2245,.739,1400,2348,3748,1782,748,600,1423,1954,8441
20,1990-91,Charlotte Hornets,CHH,82,19805,3286,7033,.467,131,417,.314,3155,6616,.477,1725,2214,.779,1027,2200,3227,2019,759,304,1290,1946,8428
21,1990-91,Miami Heat,MIA,82,19780,3280,7139,.459,140,464,.302,3140,6675,.470,1649,2307,.715,1232,2302,3534,1904,756,387,1551,2080,8349
22,1990-91,Cleveland Cavaliers,CLE,82,19830,3259,6857,.475,160,479,.334,3099,6378,.486,1665,2176,.765,1011,2329,3340,2240,643,450,1281,1672,8343
23,1990-91,Washington Bullets,WSB,82,19855,3390,7268,.466,55,284,.194,3335,6984,.478,1478,2028,.729,1173,2390,3563,2081,588,468,1359,1927,8313
24,1990-91,Detroit Pistons,DET,82,19805,3194,6875,.465,131,440,.298,3063,6435,.476,1686,2211,.763,1206,2452,3658,1825,487,367,1181,1869,8205
25,1990-91,Dallas Mavericks,DAL,82,19805,3245,6890,.471,193,600,.322,3052,6290,.485,1512,1986,.761,984,2360,3344,1821,581,397,1186,1840,8195
26,1990-91,Minnesota Timberwolves,MIN,82,19905,3265,7276,.449,108,381,.283,3157,6895,.458,1531,2082,.735,1275,2113,3388,1885,712,440,1062,1864,8169
27,1990-91,Sacramento Kings,SAC,82,19705,3086,6818,.453,216,578,.374,2870,6240,.460,1540,2105,.732,1027,2218,3245,1991,631,513,1272,2075,7928
,1990-91,League Average,,82,19824,3391,7150,.474,187,586,.320,3204,6565,.488,1749,2287,.765,1147,2401,3547,2029,704,431,1315,1900,8717
1,1989-90,Golden State Warriors,GSW,82,19705,3489,7208,.484,243,750,.324,3246,6458,.503,2313,2858,.809,915,2385,3300,1978,756,488,1415,2010,9534
2,1989-90,Phoenix Suns,PHO,82,19855,3544,7139,.496,176,543,.324,3368,6596,.511,2159,2716,.795,1053,2651,3704,2109,668,501,1275,1825,9423
3,1989-90,Denver Nuggets,DEN,82,19805,3716,8015,.464,228,677,.337,3488,7338,.475,1737,2201,.789,1169,2532,3701,2275,814,329,1136,2047,9397
4,1989-90,Portland Trail Blazers,POR,82,19880,3572,7547,.473,190,565,.336,3382,6982,.484,2031,2734,.743,1355,2552,3907,2085,749,364,1356,2048,9365
5,1989-90,Orlando Magic,ORL,82,19805,3457,7525,.459,116,393,.295,3341,7132,.468,2060,2725,.756,1304,2465,3769,1993,617,294,1407,1975,9090
6,1989-90,Los Angeles Lakers,LAL,82,19855,3434,7010,.490,309,841,.367,3125,6169,.507,1902,2417,.787,1097,2460,3557,2232,655,445,1226,1737,9079
7,1989-90,Philadelphia 76ers,PHI,82,19805,3437,7028,.489,189,543,.348,3248,6485,.501,1976,2509,.788,1111,2406,3517,1932,687,365,1209,1697,9039
8,1989-90,Boston Celtics,BOS,82,19705,3563,7148,.498,106,404,.262,3457,6744,.513,1791,2153,.832,1066,2707,3773,2423,539,455,1256,1717,9023
9,1989-90,Chicago Bulls,CHI,82,19830,3531,7090,.498,250,669,.374,3281,6421,.511,1665,2140,.778,1075,2279,3354,2172,814,388,1247,1906,8977
10,1989-90,Indiana Pacers,IND,82,19880,3381,6807,.497,294,770,.382,3087,6037,.511,1906,2335,.816,940,2388,3328,2023,552,350,1342,1972,8962
11,1989-90,Atlanta Hawks,ATL,82,19730,3417,7019,.487,124,411,.302,3293,6608,.498,1943,2544,.764,1273,2187,3460,1820,717,353,1270,1871,8901
12,1989-90,New York Knicks,NYK,82,19830,3434,7089,.484,236,710,.332,3198,6379,.501,1775,2349,.756,1187,2426,3613,2140,714,492,1412,1828,8879
13,1989-90,Washington Bullets,WSB,82,19830,3598,7581,.475,37,197,.188,3561,7384,.482,1599,2093,.764,1198,2450,3648,2214,561,424,1201,1929,8832
14,1989-90,Seattle SuperSonics,SEA,82,19905,3466,7243,.479,231,650,.355,3235,6593,.491,1606,2167,.741,1323,2255,3578,1874,701,335,1336,2064,8769
15,1989-90,Utah Jazz,UTA,82,19830,3330,6593,.505,226,630,.359,3104,5963,.521,1874,2484,.754,953,2501,3454,2212,677,491,1410,2031,8760
16,1989-90,Houston Rockets,HOU,82,19805,3483,7250,.480,153,491,.312,3330,6759,.493,1633,2267,.720,1217,2638,3855,2194,809,551,1513,1934,8752
17,1989-90,San Antonio Spurs,SAS,82,19730,3388,6997,.484,54,226,.239,3334,6771,.492,1888,2535,.745,1163,2474,3637,2037,799,554,1399,1854,8718
18,1989-90,Milwaukee Bucks,MIL,82,19830,3380,7146,.473,209,670,.312,3171,6476,.490,1722,2273,.758,1108,2246,3354,2046,826,326,1315,2086,8691
19,1989-90,Detroit Pistons,DET,82,19805,3333,6980,.478,177,541,.327,3156,6439,.490,1713,2252,.761,1185,2458,3643,1996,512,418,1233,1961,8556
20,1989-90,Los Angeles Clippers,LAC,82,19805,3319,6853,.484,56,230,.243,3263,6623,.493,1815,2458,.738,1056,2362,3418,1978,782,507,1547,1859,8509
21,1989-90,Cleveland Cavaliers,CLE,82,19880,3214,6977,.461,346,851,.407,2868,6126,.468,1637,2201,.744,1128,2380,3508,2106,645,512,1243,1666,8411
22,1989-90,Dallas Mavericks,DAL,82,19855,3246,6831,.475,157,486,.323,3089,6345,.487,1735,2261,.767,1042,2419,3461,1776,664,398,1228,1733,8384
23,1989-90,Sacramento Kings,SAC,82,19755,3305,7056,.468,216,649,.333,3089,6407,.482,1515,1964,.771,952,2363,3315,2052,546,392,1239,1863,8341
24,1989-90,Miami Heat,MIA,82,19730,3383,7345,.461,88,300,.293,3295,7045,.468,1393,2028,.687,1242,2313,3555,1957,736,388,1557,2123,8247
25,1989-90,Charlotte Hornets,CHH,82,19755,3270,7183,.455,205,611,.336,3065,6572,.466,1487,1967,.756,962,2211,3173,2080,778,262,1226,1889,8232
26,1989-90,New Jersey Nets,NJN,82,19705,3157,7415,.426,140,506,.277,3017,6909,.437,1754,2350,.746,1363,2324,3687,1475,774,481,1360,1952,8208
27,1989-90,Minnesota Timberwolves,MIN,82,19855,3067,6876,.446,73,294,.248,2994,6582,.455,1596,2137,.747,1196,2053,3249,1844,789,344,1197,1901,7803
,1989-90,League Average,,82,19806,3404,7146,.476,179,541,.331,3225,6605,.488,1786,2338,.764,1135,2403,3538,2038,699,415,1317,1907,8773
1,1988-89,Phoenix Suns,PHO,82,19755,3754,7545,.498,168,481,.349,3586,7064,.508,2051,2594,.791,1095,2619,3714,2280,693,416,1279,1933,9727
2,1988-89,Denver Nuggets,DEN,82,19880,3813,8140,.468,228,676,.337,3585,7464,.480,1821,2314,.787,1206,2513,3719,2282,811,436,1225,2088,9675
3,1988-89,New York Knicks,NYK,82,19805,3701,7611,.486,386,1147,.337,3315,6464,.513,1779,2366,.752,1322,2265,3587,2083,900,446,1572,2053,9567
4,1988-89,Golden State Warriors,GSW,82,19905,3730,7977,.468,194,629,.308,3536,7348,.481,1904,2384,.799,1323,2561,3884,2009,831,643,1488,1946,9558
5,1988-89,Los Angeles Lakers,LAL,82,19805,3584,7143,.502,227,667,.340,3357,6476,.518,2011,2508,.802,1094,2612,3706,2282,724,421,1344,1672,9406
6,1988-89,Portland Trail Blazers,POR,82,19830,3695,7795,.474,216,645,.335,3479,7150,.487,1789,2416,.740,1384,2381,3765,2212,828,388,1435,2026,9395
7,1988-89,Seattle SuperSonics,SEA,82,19780,3564,7478,.477,293,774,.379,3271,6704,.488,1775,2379,.746,1397,2238,3635,2083,864,494,1403,2027,9196
8,1988-89,Philadelphia 76ers,PHI,82,19780,3500,7201,.486,204,646,.316,3296,6555,.503,1970,2504,.787,1143,2356,3499,2110,689,354,1214,1721,9174
9,1988-89,Atlanta Hawks,ATL,82,19805,3412,7230,.472,110,397,.277,3302,6833,.483,2168,2709,.800,1372,2316,3688,1990,817,474,1310,1880,9102
10,1988-89,Boston Celtics,BOS,82,19780,3520,7143,.493,78,309,.252,3442,6834,.504,1840,2349,.783,1179,2442,3621,2189,639,418,1336,1876,8958
11,1988-89,Milwaukee Bucks,MIL,82,19755,3399,7167,.474,179,567,.316,3220,6600,.488,1955,2382,.821,1133,2272,3405,2071,821,323,1305,1953,8932
12,1988-89,Cleveland Cavaliers,CLE,82,19755,3466,6904,.502,170,474,.359,3296,6430,.513,1821,2438,.747,1033,2475,3508,2260,791,586,1323,1592,8923
13,1988-89,Houston Rockets,HOU,82,19855,3412,7196,.474,164,523,.314,3248,6673,.487,1909,2527,.755,1211,2554,3765,2016,789,501,1569,2026,8897
14,1988-89,Washington Bullets,WSB,82,19855,3519,7591,.464,52,243,.214,3467,7348,.472,1789,2318,.772,1254,2354,3608,2048,694,325,1291,2054,8879
15,1988-89,Indiana Pacers,IND,82,19855,3385,6945,.487,202,615,.328,3183,6330,.503,1795,2275,.789,1065,2497,3562,2012,563,418,1547,2105,8767
16,1988-89,Detroit Pistons,DET,82,19830,3395,6879,.494,120,400,.300,3275,6479,.505,1830,2379,.769,1154,2546,3700,2027,522,406,1336,1939,8740
17,1988-89,Chicago Bulls,CHI,82,19780,3448,6968,.495,174,530,.328,3274,6438,.509,1656,2106,.786,1018,2453,3471,2213,722,376,1327,1855,8726
18,1988-89,Los Angeles Clippers,LAC,82,19855,3526,7428,.475,54,234,.231,3472,7194,.483,1606,2220,.723,1156,2384,3540,2208,815,530,1666,1937,8712
19,1988-89,San Antonio Spurs,SAS,82,19755,3469,7409,.468,63,293,.215,3406,7116,.479,1651,2367,.698,1295,2181,3476,2037,961,423,1712,2153,8652
20,1988-89,Sacramento Kings,SAC,82,19780,3362,7351,.457,307,824,.373,3055,6527,.468,1620,2104,.770,1141,2454,3595,1970,624,409,1370,1877,8651
21,1988-89,Utah Jazz,UTA,82,19730,3182,6595,.482,114,380,.300,3068,6215,.494,2110,2742,.770,1050,2607,3657,2108,720,583,1532,1894,8588
22,1988-89,Charlotte Hornets,CHH,82,19780,3426,7430,.461,134,430,.312,3292,7000,.470,1580,2060,.767,1138,2200,3338,2323,705,264,1318,2068,8566
23,1988-89,New Jersey Nets,NJN,82,19805,3333,7226,.461,187,568,.329,3146,6658,.473,1653,2260,.731,1204,2419,3623,1793,773,431,1449,1966,8506
24,1988-89,Dallas Mavericks,DAL,82,19780,3244,6917,.469,211,681,.310,3033,6236,.486,1785,2263,.789,1048,2397,3445,1867,579,476,1233,1739,8484
25,1988-89,Miami Heat,MIA,82,19855,3221,7116,.453,97,298,.326,3124,6818,.458,1477,2103,.702,1309,2211,3520,1958,744,408,1728,2124,8016
,1988-89,League Average,,82,19806,3482,7295,.477,173,537,.323,3309,6758,.490,1814,2363,.768,1189,2412,3601,2097,745,438,1412,1940,8952
1,1987-88,Denver Nuggets,DEN,82,19780,3770,7961,.474,192,562,.342,3578,7399,.484,1841,2289,.804,1163,2442,3605,2300,832,401,1186,1982,9573
2,1987-88,Portland Trail Blazers,POR,82,19730,3661,7460,.491,117,380,.308,3544,7080,.501,2079,2701,.770,1251,2491,3742,2307,726,347,1351,2091,9518
3,1987-88,Boston Celtics,BOS,82,19780,3599,6905,.521,271,705,.384,3328,6200,.537,1846,2300,.803,930,2440,3370,2448,620,415,1304,1804,9315
4,1987-88,San Antonio Spurs,SAS,82,19805,3706,7559,.490,133,412,.323,3573,7147,.500,1769,2412,.733,1184,2335,3519,2344,739,468,1418,1991,9314
5,1987-88,Los Angeles Lakers,LAL,82,19805,3576,7078,.505,142,478,.297,3434,6600,.520,1956,2480,.789,1073,2491,3564,2347,672,404,1318,1715,9250
6,1987-88,Seattle SuperSonics,SEA,82,19855,3544,7443,.476,221,638,.346,3323,6805,.488,1826,2442,.748,1313,2314,3627,2146,775,447,1376,2380,9135
7,1987-88,Dallas Mavericks,DAL,82,19755,3413,7191,.475,154,526,.293,3259,6665,.489,1980,2510,.789,1341,2495,3836,1984,645,446,1257,1734,8960
8,1987-88,Detroit Pistons,DET,82,19780,3461,7018,.493,58,202,.287,3403,6816,.499,1977,2612,.757,1181,2482,3663,2011,588,394,1348,1957,8957
9,1987-88,Houston Rockets,HOU,82,19680,3465,7354,.471,69,291,.237,3396,7063,.481,1936,2483,.780,1239,2530,3769,1936,712,502,1367,1865,8935
10,1987-88,Phoenix Suns,PHO,82,19730,3551,7302,.486,118,357,.331,3433,6945,.494,1681,2200,.764,1113,2379,3492,2332,675,353,1413,2045,8901
11,1987-88,Utah Jazz,UTA,82,19705,3484,7092,.491,129,404,.319,3355,6688,.502,1802,2404,.750,1066,2553,3619,2407,771,627,1481,1986,8899
12,1987-88,Sacramento Kings,SAC,82,19780,3458,7337,.471,144,450,.320,3314,6887,.481,1795,2324,.772,1232,2461,3693,2116,582,493,1457,1895,8855
13,1987-88,Atlanta Hawks,ATL,82,19780,3443,7102,.485,85,282,.301,3358,6820,.492,1873,2441,.767,1228,2379,3607,2062,635,537,1225,2050,8844
14,1987-88,Golden State Warriors,GSW,82,19780,3463,7404,.468,91,312,.292,3372,7092,.475,1754,2204,.796,1140,2252,3392,2005,741,283,1395,2155,8771
15,1987-88,Milwaukee Bucks,MIL,82,19780,3366,7079,.475,133,410,.324,3233,6669,.485,1832,2364,.775,1117,2335,3452,2194,671,380,1275,1989,8697
16,1987-88,Philadelphia 76ers,PHI,82,19905,3214,6785,.474,152,471,.323,3062,6314,.485,2087,2731,.764,1219,2307,3526,1897,672,465,1433,1866,8667
17,1987-88,New York Knicks,NYK,82,19805,3363,7232,.465,179,567,.316,3184,6665,.478,1750,2306,.759,1286,2194,3480,2012,789,445,1518,2361,8655
18,1987-88,Washington Bullets,WSB,82,19880,3355,7164,.468,29,138,.210,3326,7026,.473,1914,2476,.773,1229,2297,3526,1875,698,502,1384,1922,8653
19,1987-88,Chicago Bulls,CHI,82,19855,3434,7015,.490,56,243,.230,3378,6772,.499,1685,2221,.759,1170,2459,3629,2149,712,475,1263,1849,8609
20,1987-88,Indiana Pacers,IND,82,19705,3436,7154,.480,163,485,.336,3273,6669,.491,1546,1982,.780,1078,2457,3535,1977,619,345,1318,2038,8581
21,1987-88,Cleveland Cavaliers,CLE,82,19780,3313,6755,.490,127,336,.378,3186,6419,.496,1813,2438,.744,1015,2289,3304,2070,733,526,1439,1836,8566
22,1987-88,New Jersey Nets,NJN,82,19780,3208,6857,.468,137,455,.301,3071,6402,.480,1682,2308,.729,1075,2262,3337,1795,727,385,1503,2042,8235
23,1987-88,Los Angeles Clippers,LAC,82,19805,3190,7194,.443,79,317,.249,3111,6877,.452,1644,2305,.713,1191,2350,3541,1885,721,520,1534,1908,8103
,1987-88,League Average,,82,19784,3455,7193,.480,130,410,.316,3326,6783,.490,1829,2388,.766,1167,2391,3558,2113,698,442,1372,1977,8869
1,1986-87,Portland Trail Blazers,POR,82,19805,3650,7249,.504,98,339,.289,3552,6910,.514,2269,2928,.775,1180,2413,3593,2359,767,387,1546,2082,9667
2,1986-87,Los Angeles Lakers,LAL,82,19730,3740,7245,.516,164,447,.367,3576,6798,.526,2012,2550,.789,1127,2515,3642,2428,728,482,1358,1853,9656
3,1986-87,Denver Nuggets,DEN,82,19780,3744,7951,.471,106,391,.271,3638,7560,.481,1975,2568,.769,1294,2368,3662,2317,754,421,1216,2184,9569
4,1986-87,Dallas Mavericks,DAL,82,19880,3594,7373,.487,231,653,.354,3363,6720,.500,2148,2717,.791,1219,2494,3713,2017,688,424,1205,1873,9567
5,1986-87,Seattle SuperSonics,SEA,82,19855,3593,7451,.482,191,571,.335,3402,6880,.494,1948,2571,.758,1373,2395,3768,2184,705,450,1509,2224,9325
6,1986-87,Boston Celtics,BOS,82,19805,3645,7051,.517,207,565,.366,3438,6486,.530,1740,2153,.808,933,2585,3518,2421,561,526,1300,1710,9237
7,1986-87,Golden State Warriors,GSW,82,19905,3551,7412,.479,116,364,.319,3435,7048,.487,1970,2526,.780,1193,2351,3544,2083,715,321,1354,2138,9188
8,1986-87,Detroit Pistons,DET,82,19830,3544,7237,.490,39,169,.231,3505,7068,.496,1991,2602,.765,1245,2649,3894,2021,643,436,1417,2078,9118
9,1986-87,Phoenix Suns,PHO,82,19855,3575,7190,.497,61,252,.242,3514,6938,.506,1900,2499,.760,1113,2366,3479,2354,703,397,1497,2047,9111
10,1986-87,Sacramento Kings,SAC,82,19780,3522,7413,.475,77,307,.251,3445,7106,.485,1974,2479,.796,1282,2441,3723,2185,513,397,1403,2007,9095
11,1986-87,Milwaukee Bucks,MIL,82,19780,3457,7282,.475,185,572,.323,3272,6710,.488,1953,2549,.766,1119,2322,3441,2044,845,393,1260,2180,9052
12,1986-87,Atlanta Hawks,ATL,82,19730,3435,7141,.481,135,425,.318,3300,6716,.491,2019,2661,.759,1350,2478,3828,2077,700,511,1279,2152,9024
13,1986-87,New Jersey Nets,NJN,82,19855,3374,7083,.476,145,449,.323,3229,6634,.487,2000,2607,.767,1169,2409,3578,1991,643,397,1617,2353,8893
14,1986-87,San Antonio Spurs,SAS,82,19805,3532,7456,.474,117,403,.290,3415,7053,.484,1701,2292,.742,1285,2347,3632,2220,786,325,1406,1930,8882
15,1986-87,Utah Jazz,UTA,82,19755,3485,7514,.464,139,448,.310,3346,7066,.474,1735,2389,.726,1194,2456,3650,2240,835,628,1403,2040,8844
16,1986-87,Houston Rockets,HOU,82,19780,3465,7262,.477,89,324,.275,3376,6938,.487,1746,2355,.741,1190,2481,3671,2227,654,555,1384,1973,8765
17,1986-87,Philadelphia 76ers,PHI,82,19880,3335,6792,.491,88,340,.259,3247,6452,.503,1971,2617,.753,1178,2327,3505,1943,768,540,1519,1774,8729
18,1986-87,Indiana Pacers,IND,82,19930,3454,7324,.472,94,316,.297,3360,7008,.479,1696,2170,.782,1132,2464,3596,2170,697,311,1276,2097,8698
19,1986-87,Washington Bullets,WSB,82,19705,3356,7397,.454,43,218,.197,3313,7179,.461,1935,2531,.765,1305,2315,3620,1750,755,685,1301,1775,8690
20,1986-87,Chicago Bulls,CHI,82,19830,3382,7155,.473,78,299,.261,3304,6856,.482,1754,2254,.778,1248,2400,3648,2143,677,438,1257,1922,8596
21,1986-87,Los Angeles Clippers,LAC,82,19780,3311,7332,.452,78,348,.224,3233,6984,.463,1866,2515,.742,1231,2137,3368,1971,751,432,1493,2004,8566
22,1986-87,Cleveland Cavaliers,CLE,82,19755,3349,7122,.470,81,338,.240,3268,6784,.482,1779,2554,.697,1257,2420,3677,1912,672,559,1619,1853,8558
23,1986-87,New York Knicks,NYK,82,19780,3329,7023,.474,125,375,.333,3204,6648,.482,1725,2362,.730,1108,2162,3270,1941,704,396,1420,2028,8508
,1986-87,League Average,,82,19808,3497,7281,.480,117,388,.301,3380,6893,.490,1905,2498,.763,1205,2404,3610,2130,707,453,1393,2012,9015
1,1985-86,Los Angeles Lakers,LAL,82,19830,3834,7343,.522,138,409,.337,3696,6934,.533,1812,2329,.778,1101,2555,3656,2433,693,419,1467,2031,9618
2,1985-86,Dallas Mavericks,DAL,82,19805,3631,7254,.501,141,446,.316,3490,6808,.513,2050,2643,.776,1059,2454,3513,2108,605,369,1289,1733,9453
3,1985-86,Portland Trail Blazers,POR,82,19855,3610,7281,.496,74,275,.269,3536,7006,.505,2142,2799,.765,1153,2316,3469,2180,859,356,1529,2205,9436
4,1985-86,Denver Nuggets,DEN,82,19755,3705,7868,.471,71,305,.233,3634,7563,.480,1929,2416,.798,1223,2317,3540,2140,826,421,1336,2164,9410
5,1985-86,Milwaukee Bucks,MIL,82,19805,3601,7310,.493,125,382,.327,3476,6928,.502,2063,2701,.764,1189,2420,3609,2158,805,460,1369,2210,9390
6,1985-86,Houston Rockets,HOU,82,19755,3759,7671,.490,85,310,.274,3674,7361,.499,1776,2434,.730,1316,2434,3750,2318,745,551,1374,1991,9379
7,1985-86,Detroit Pistons,DET,82,19780,3754,7750,.484,55,182,.302,3699,7568,.489,1800,2300,.783,1276,2461,3737,2319,738,340,1343,2101,9363
8,1985-86,Boston Celtics,BOS,82,19855,3718,7312,.508,138,393,.351,3580,6919,.517,1785,2248,.794,1054,2753,3807,2387,641,511,1360,1756,9359
9,1985-86,Golden State Warriors,GSW,82,19780,3650,7567,.482,87,278,.313,3563,7289,.489,1912,2517,.760,1271,2344,3615,2018,751,355,1400,2032,9299
10,1985-86,San Antonio Spurs,SAS,82,19805,3596,7104,.506,46,196,.235,3550,6908,.514,1882,2523,.746,1069,2413,3482,2260,800,390,1624,2115,9120
11,1985-86,Philadelphia 76ers,PHI,82,19905,3435,7058,.487,51,224,.228,3384,6834,.495,2130,2810,.758,1326,2378,3704,2017,862,490,1595,1798,9051
12,1985-86,Phoenix Suns,PHO,82,19805,3518,6993,.503,38,183,.208,3480,6810,.511,1949,2683,.726,1034,2449,3483,2272,773,379,1763,2260,9023
13,1985-86,Chicago Bulls,CHI,82,19855,3476,7227,.481,88,317,.278,3388,6910,.490,1922,2499,.769,1280,2278,3558,2006,609,400,1436,2166,8962
14,1985-86,New Jersey Nets,NJN,82,19805,3548,7301,.486,43,214,.201,3505,7087,.495,1810,2396,.755,1183,2483,3666,2128,749,345,1575,2129,8949
15,1985-86,Sacramento Kings,SAC,82,19780,3538,7220,.490,30,134,.224,3508,7086,.495,1818,2338,.778,1135,2377,3512,2304,602,388,1533,2134,8924
16,1985-86,Los Angeles Clippers,LAC,82,19755,3388,7165,.473,64,229,.279,3324,6936,.479,2067,2683,.770,1159,2258,3417,1968,694,501,1504,1931,8907
17,1985-86,Atlanta Hawks,ATL,82,19805,3447,7029,.490,33,166,.199,3414,6863,.497,1979,2704,.732,1249,2405,3654,2025,736,434,1483,2170,8906
18,1985-86,Utah Jazz,UTA,82,19780,3453,7083,.488,35,169,.207,3418,6914,.494,1930,2694,.716,1068,2479,3547,2199,717,666,1518,2038,8871
19,1985-86,Cleveland Cavaliers,CLE,82,19780,3478,7239,.480,132,391,.338,3346,6848,.489,1748,2325,.752,1086,2455,3541,2064,627,436,1411,2267,8836
20,1985-86,Seattle SuperSonics,SEA,82,19930,3335,7059,.472,79,300,.263,3256,6759,.482,1815,2331,.779,1145,2256,3401,1977,745,296,1435,2168,8564
21,1985-86,Indiana Pacers,IND,82,19755,3441,7150,.481,23,143,.161,3418,7007,.488,1614,2183,.739,1138,2613,3751,2159,659,381,1515,2135,8519
22,1985-86,Washington Bullets,WSB,82,19855,3311,7148,.463,116,408,.284,3195,6740,.474,1704,2286,.745,1066,2432,3498,1748,626,716,1346,1796,8442
23,1985-86,New York Knicks,NYK,82,19805,3239,7034,.460,82,239,.343,3157,6795,.465,1534,2237,.686,1081,2170,3251,1877,714,308,1438,2213,8094
,1985-86,League Average,,82,19810,3542,7268,.487,77,274,.282,3465,6994,.495,1877,2482,.756,1159,2413,3572,2133,721,431,1463,2067,9038
1,1984-85,Denver Nuggets,DEN,82,19830,3876,7976,.486,73,235,.311,3803,7741,.491,2016,2568,.785,1331,2303,3634,2266,894,424,1382,2152,9841
2,1984-85,Los Angeles Lakers,LAL,82,19755,3952,7254,.545,90,295,.305,3862,6959,.555,1702,2232,.763,1063,2550,3613,2575,695,481,1537,1931,9696
3,1984-85,Detroit Pistons,DET,82,19830,3840,7999,.480,45,199,.226,3795,7800,.487,1783,2262,.788,1403,2534,3937,2302,691,397,1341,2076,9508
4,1984-85,Portland Trail Blazers,POR,82,19880,3708,7374,.503,51,202,.252,3657,7172,.510,2002,2667,.751,1202,2298,3500,2225,821,516,1481,1957,9469
5,1984-85,Kansas City Kings,KCK,82,19755,3664,7275,.504,63,238,.265,3601,7037,.512,2022,2595,.779,1167,2327,3494,2342,661,300,1593,2169,9413
6,1984-85,Boston Celtics,BOS,82,19705,3721,7325,.508,110,309,.356,3611,7016,.515,1860,2307,.806,1116,2630,3746,2287,645,414,1332,1781,9412
7,1984-85,San Antonio Spurs,SAS,82,19780,3698,7202,.513,55,202,.272,3643,7000,.520,1961,2571,.763,1127,2470,3597,2316,757,443,1542,2180,9412
8,1984-85,Philadelphia 76ers,PHI,82,19805,3443,6992,.492,59,224,.263,3384,6768,.500,2316,2883,.803,1301,2364,3665,1999,817,534,1575,1971,9261
9,1984-85,Houston Rockets,HOU,82,19830,3748,7440,.504,41,186,.220,3707,7254,.511,1581,2261,.699,1325,2395,3720,2239,683,597,1605,2033,9118
10,1984-85,Dallas Mavericks,DAL,82,19855,3560,7280,.489,152,443,.343,3408,6837,.498,1844,2324,.793,1095,2345,3440,2152,575,335,1184,1796,9116
11,1984-85,Milwaukee Bucks,MIL,82,19805,3564,7257,.491,89,294,.303,3475,6963,.499,1873,2473,.757,1256,2353,3609,2164,689,486,1382,2239,9090
12,1984-85,Golden State Warriors,GSW,82,19855,3498,7555,.463,112,397,.282,3386,7158,.473,1944,2531,.768,1327,2139,3466,1759,803,284,1460,2136,9052
13,1984-85,New Jersey Nets,NJN,82,19755,3646,7445,.490,52,224,.232,3594,7221,.498,1631,2237,.729,1233,2325,3558,2163,772,415,1355,2011,8975
14,1984-85,Utah Jazz,UTA,82,19755,3478,7302,.476,103,307,.336,3375,6995,.482,1878,2434,.772,1081,2554,3635,2143,712,697,1575,1961,8937
15,1984-85,Chicago Bulls,CHI,82,19805,3453,6909,.500,29,161,.180,3424,6748,.507,1981,2526,.784,1074,2366,3440,1992,622,468,1463,2071,8916
16,1984-85,Cleveland Cavaliers,CLE,82,19780,3470,7364,.471,96,335,.287,3374,7029,.480,1867,2491,.749,1203,2445,3648,2096,622,472,1387,2173,8903
17,1984-85,Indiana Pacers,IND,82,19780,3489,7324,.476,30,155,.194,3459,7169,.482,1871,2516,.744,1198,2623,3821,1945,625,366,1622,2237,8879
18,1984-85,Phoenix Suns,PHO,82,19805,3507,7144,.491,87,307,.283,3420,6837,.500,1757,2280,.771,1026,2425,3451,2335,727,349,1583,2034,8858
19,1984-85,Los Angeles Clippers,LAC,82,19730,3527,7119,.495,56,188,.298,3471,6931,.501,1674,2208,.758,1159,2438,3597,1934,534,497,1587,1840,8784
20,1984-85,Atlanta Hawks,ATL,82,19855,3444,7119,.484,73,235,.311,3371,6884,.490,1782,2371,.752,1161,2345,3506,2009,665,541,1475,2047,8743
21,1984-85,Washington Bullets,WSB,82,19855,3534,7383,.479,109,398,.274,3425,6985,.490,1478,1989,.743,1012,2395,3407,2088,709,393,1282,1869,8655
22,1984-85,New York Knicks,NYK,82,19830,3435,7101,.484,51,198,.258,3384,6903,.490,1706,2350,.726,1116,2102,3218,1999,754,267,1458,2398,8627
23,1984-85,Seattle SuperSonics,SEA,82,19705,3277,6910,.474,45,185,.243,3232,6725,.481,1777,2305,.771,1019,2287,3306,2185,649,343,1493,1974,8376
,1984-85,League Average,,82,19797,3588,7306,.491,73,257,.282,3516,7049,.499,1839,2408,.764,1174,2392,3566,2153,701,436,1465,2045,9089
1,1983-84,Denver Nuggets,DEN,82,19805,3935,7983,.493,77,255,.302,3858,7728,.499,2200,2690,.818,1133,2444,3577,2482,711,352,1344,2279,10147
2,1983-84,San Antonio Spurs,SAS,82,19980,3909,7721,.506,79,263,.300,3830,7458,.514,1965,2604,.755,1230,2528,3758,2361,685,491,1447,2146,9862
3,1983-84,Detroit Pistons,DET,82,19905,3798,7910,.480,32,141,.227,3766,7769,.485,1974,2547,.775,1427,2434,3861,2256,697,417,1310,2177,9602
4,1983-84,Los Angeles Lakers,LAL,82,19780,3854,7250,.532,58,226,.257,3796,7024,.540,1712,2272,.754,1095,2499,3594,2455,726,478,1578,2054,9478
5,1983-84,Utah Jazz,UTA,82,19780,3606,7242,.498,101,317,.319,3505,6925,.506,2115,2708,.781,1096,2522,3618,2230,695,604,1510,1978,9428
6,1983-84,Portland Trail Blazers,POR,82,19805,3632,7189,.505,25,129,.194,3607,7060,.511,1988,2637,.754,1251,2194,3445,2082,814,397,1483,2134,9277
7,1983-84,Boston Celtics,BOS,82,19955,3616,7235,.500,55,229,.240,3561,7006,.508,1907,2407,.792,1159,2538,3697,2122,673,430,1420,1949,9194
8,1983-84,Phoenix Suns,PHO,82,19780,3677,7220,.509,74,291,.254,3603,6929,.520,1673,2204,.759,1066,2298,3364,2214,693,388,1451,2147,9101
9,1983-84,San Diego Clippers,SDC,82,19730,3634,7325,.496,24,128,.188,3610,7197,.502,1785,2424,.736,1307,2382,3689,1981,567,385,1515,2020,9077
10,1983-84,Houston Rockets,HOU,82,19755,3729,7533,.495,30,154,.195,3699,7379,.501,1583,2139,.740,1200,2483,3683,2204,621,515,1562,2317,9071
11,1983-84,Dallas Mavericks,DAL,82,19955,3618,7235,.500,42,184,.228,3576,7051,.507,1774,2350,.755,1090,2265,3355,2164,579,360,1303,1906,9052
12,1983-84,Kansas City Kings,KCK,82,19755,3516,7230,.486,52,189,.275,3464,7041,.492,1939,2495,.777,1144,2273,3417,2229,715,383,1504,2200,9023
13,1983-84,New Jersey Nets,NJN,82,19805,3614,7258,.498,49,232,.211,3565,7026,.507,1742,2488,.700,1221,2313,3534,2148,814,499,1608,2243,9019
14,1983-84,Golden State Warriors,GSW,82,19830,3519,7534,.467,55,226,.243,3464,7308,.474,1915,2577,.743,1390,2171,3561,1837,830,348,1518,2108,9008
15,1983-84,Seattle SuperSonics,SEA,82,19780,3460,7083,.488,27,140,.193,3433,6943,.494,1918,2460,.780,1064,2332,3396,2233,636,350,1360,1884,8865
16,1983-84,Philadelphia 76ers,PHI,82,19955,3384,6833,.495,29,107,.271,3355,6726,.499,2041,2706,.754,1181,2382,3563,2032,807,653,1628,2040,8838
17,1983-84,New York Knicks,NYK,82,19855,3386,6837,.495,47,165,.285,3339,6672,.500,1944,2510,.775,1088,2230,3318,2041,803,360,1587,2281,8763
18,1983-84,Milwaukee Bucks,MIL,82,19905,3432,6970,.492,59,232,.254,3373,6738,.501,1743,2354,.740,1135,2385,3520,2113,642,489,1415,2167,8666
19,1983-84,Indiana Pacers,IND,82,19780,3447,7130,.483,48,207,.232,3399,6923,.491,1624,2119,.766,1002,2398,3400,2169,834,398,1525,2061,8566
20,1983-84,Chicago Bulls,CHI,82,19980,3305,6972,.474,20,117,.171,3285,6855,.479,1871,2508,.746,1141,2300,3441,2095,687,454,1578,2196,8501
21,1983-84,Washington Bullets,WSB,82,19905,3344,6907,.484,71,282,.252,3273,6625,.494,1664,2201,.756,1027,2387,3414,2192,556,320,1448,1989,8423
22,1983-84,Cleveland Cavaliers,CLE,82,19855,3362,7232,.465,43,164,.262,3319,7068,.470,1619,2178,.743,1213,2388,3601,1930,630,375,1332,2206,8386
23,1983-84,Atlanta Hawks,ATL,82,19855,3230,6809,.474,23,106,.217,3207,6703,.478,1838,2414,.761,1112,2232,3344,1827,626,558,1329,2091,8321
,1983-84,League Average,,82,19847,3566,7245,.492,49,195,.250,3517,7050,.499,1849,2434,.760,1164,2364,3528,2148,697,435,1468,2112,9029
1,1982-83,Denver Nuggets,DEN,82,19730,3951,7999,.494,24,126,.190,3927,7873,.499,2179,2696,.808,1214,2524,3738,2336,789,352,1496,2091,10105
2,1982-83,Los Angeles Lakers,LAL,82,19730,3964,7512,.528,10,96,.104,3954,7416,.533,1495,2031,.736,1235,2433,3668,2519,844,479,1584,1931,9433
3,1982-83,San Antonio Spurs,SAS,82,19780,3697,7340,.504,94,308,.305,3603,7032,.512,1887,2468,.765,1232,2599,3831,2261,675,469,1504,2095,9375
4,1982-83,Kansas City Kings,KCK,82,19780,3719,7485,.497,51,215,.237,3668,7270,.505,1839,2530,.727,1256,2407,3663,2155,765,409,1691,2432,9328
5,1982-83,Dallas Mavericks,DAL,82,19730,3674,7550,.487,43,185,.232,3631,7365,.493,1852,2462,.752,1296,2381,3677,2227,552,348,1348,2067,9243
6,1982-83,Detroit Pistons,DET,82,19880,3623,7602,.477,72,272,.265,3551,7330,.484,1921,2588,.742,1312,2477,3789,2108,679,572,1557,2122,9239
7,1982-83,Boston Celtics,BOS,82,19830,3711,7547,.492,39,186,.210,3672,7361,.499,1730,2348,.737,1273,2532,3805,2216,789,521,1541,2062,9191
8,1982-83,Philadelphia 76ers,PHI,82,19830,3600,7212,.499,25,109,.229,3575,7103,.503,1966,2650,.742,1334,2596,3930,2016,812,577,1627,2041,9191
9,1982-83,Chicago Bulls,CHI,82,19905,3537,7373,.480,45,209,.215,3492,7164,.487,1983,2690,.737,1267,2527,3794,2086,666,400,1743,2192,9102
10,1982-83,Seattle SuperSonics,SEA,82,19805,3597,7277,.494,29,138,.210,3568,7139,.500,1796,2459,.730,1152,2569,3721,2278,677,437,1533,1969,9019
11,1982-83,Utah Jazz,UTA,82,19755,3525,7342,.480,44,183,.240,3481,7159,.486,1844,2440,.756,1093,2550,3643,2176,758,595,1683,2017,8938
12,1982-83,Indiana Pacers,IND,82,19830,3707,7723,.480,50,236,.212,3657,7487,.488,1447,1910,.758,1299,2294,3593,2150,755,411,1535,2086,8911
13,1982-83,Golden State Warriors,GSW,82,19780,3627,7508,.483,34,150,.227,3593,7358,.488,1620,2199,.737,1281,2284,3565,1964,856,430,1606,2138,8908
14,1982-83,San Diego Clippers,SDC,82,19830,3625,7634,.475,64,262,.244,3561,7372,.483,1589,2195,.724,1394,2108,3502,2087,820,408,1600,2284,8903
15,1982-83,Portland Trail Blazers,POR,82,19755,3459,7124,.486,35,150,.233,3424,6974,.491,1855,2512,.738,1180,2380,3560,2030,749,384,1495,1960,8808
16,1982-83,Phoenix Suns,PHO,82,19730,3555,7158,.497,40,158,.253,3515,7000,.502,1626,2189,.743,1094,2518,3612,2300,749,495,1545,2062,8776
17,1982-83,Milwaukee Bucks,MIL,82,19830,3486,7133,.489,37,169,.219,3449,6964,.495,1731,2299,.753,1095,2477,3572,2116,662,532,1447,2131,8740
18,1982-83,New Jersey Nets,NJN,82,19705,3510,7140,.492,30,149,.201,3480,6991,.498,1622,2301,.705,1266,2427,3693,2143,911,592,1873,2166,8672
19,1982-83,Atlanta Hawks,ATL,82,19780,3352,7146,.469,45,188,.239,3307,6958,.475,1586,2111,.751,1139,2433,3572,1945,573,665,1424,2022,8335
20,1982-83,New York Knicks,NYK,82,19805,3272,6793,.482,33,131,.252,3239,6662,.486,1621,2282,.710,1080,2263,3343,2034,701,378,1509,2180,8198
21,1982-83,Houston Rockets,HOU,82,19730,3338,7446,.448,67,271,.247,3271,7175,.456,1402,1934,.725,1206,2260,3466,1931,646,422,1571,2131,8145
22,1982-83,Washington Bullets,WSB,82,19805,3306,7059,.468,70,237,.295,3236,6822,.474,1452,2059,.705,1099,2430,3529,2046,733,400,1588,1958,8134
23,1982-83,Cleveland Cavaliers,CLE,82,19755,3252,6995,.465,30,120,.250,3222,6875,.469,1430,1983,.721,1173,2414,3587,1738,617,290,1538,2236,7964
,1982-83,League Average,,82,19787,3569,7352,.485,44,185,.238,3525,7167,.492,1716,2319,.740,1216,2430,3646,2124,729,459,1567,2103,8898
1,1981-82,Denver Nuggets,DEN,82,19830,3980,7656,.520,40,149,.268,3940,7507,.525,2371,2978,.796,1149,2443,3592,2272,664,368,1470,2131,10371
2,1981-82,Los Angeles Lakers,LAL,82,19855,3919,7585,.517,13,94,.138,3906,7491,.521,1549,2161,.717,1258,2505,3763,2356,848,517,1468,1999,9400
3,1981-82,San Antonio Spurs,SAS,82,19755,3698,7613,.486,64,252,.254,3634,7361,.494,1812,2335,.776,1253,2537,3790,2257,600,555,1293,2217,9272
4,1981-82,Boston Celtics,BOS,82,19780,3657,7334,.499,49,184,.266,3608,7150,.505,1817,2457,.740,1253,2489,3742,2126,652,568,1452,2014,9180
5,1981-82,Philadelphia 76ers,PHI,82,19855,3616,6974,.518,41,139,.295,3575,6835,.523,1846,2471,.747,1031,2389,3420,2264,856,622,1474,2183,9119
6,1981-82,Detroit Pistons,DET,82,19830,3561,7391,.482,52,213,.244,3509,7178,.489,1938,2581,.751,1298,2345,3643,2027,741,564,1629,2160,9112
7,1981-82,Utah Jazz,UTA,82,19780,3679,7446,.494,22,97,.227,3657,7349,.498,1714,2282,.751,1147,2362,3509,1895,700,357,1435,2196,9094
8,1981-82,Golden State Warriors,GSW,82,19780,3646,7349,.496,91,325,.280,3555,7024,.506,1709,2382,.717,1282,2452,3734,1820,685,390,1424,2225,9092
9,1981-82,Portland Trail Blazers,POR,82,19780,3629,7187,.505,29,140,.207,3600,7047,.511,1719,2387,.720,1142,2355,3497,2054,706,367,1390,2012,9006
10,1981-82,San Diego Clippers,SDC,82,19755,3552,7101,.500,99,338,.293,3453,6763,.511,1693,2341,.723,1131,2196,3327,1878,636,299,1570,2353,8896
11,1981-82,Milwaukee Bucks,MIL,82,19805,3544,7015,.505,49,164,.299,3495,6851,.510,1753,2329,.753,1167,2415,3582,2233,763,455,1589,2281,8890
12,1981-82,Seattle SuperSonics,SEA,82,19830,3505,7178,.488,38,153,.248,3467,7025,.494,1747,2362,.740,1103,2544,3647,2103,691,460,1351,2057,8795
13,1981-82,Kansas City Kings,KCK,82,19880,3604,7284,.495,26,130,.200,3578,7154,.500,1551,2158,.719,1086,2276,3362,2056,743,402,1507,2359,8785
14,1981-82,New Jersey Nets,NJN,82,19780,3501,7227,.484,30,146,.205,3471,7081,.490,1714,2354,.728,1194,2320,3514,2096,918,481,1650,2295,8746
15,1981-82,Chicago Bulls,CHI,82,19880,3369,6728,.501,54,213,.254,3315,6515,.509,1951,2545,.767,1125,2525,3650,2043,580,483,1636,2008,8743
16,1981-82,New York Knicks,NYK,82,19830,3523,7178,.491,58,214,.271,3465,6964,.498,1603,2171,.738,1168,2273,3441,2075,719,337,1486,2195,8707
17,1981-82,Phoenix Suns,PHO,82,19830,3508,7140,.491,54,174,.310,3454,6966,.496,1635,2157,.758,1123,2517,3640,2223,753,429,1528,2029,8705
18,1981-82,Houston Rockets,HOU,82,19780,3504,7366,.476,50,176,.284,3454,7190,.480,1622,2225,.729,1403,2284,3687,1977,648,430,1321,1871,8680
19,1981-82,Dallas Mavericks,DAL,82,19730,3390,7224,.469,55,190,.289,3335,7034,.474,1740,2366,.735,1213,2228,3441,2117,566,313,1317,2193,8575
20,1981-82,Washington Bullets,WSB,82,19830,3400,7168,.474,59,236,.250,3341,6932,.482,1626,2105,.772,1047,2583,3630,1983,643,397,1390,2072,8485
21,1981-82,Cleveland Cavaliers,CLE,82,19805,3405,7334,.464,25,137,.182,3380,7197,.470,1628,2179,.747,1190,2170,3360,1871,634,357,1319,2193,8463
22,1981-82,Indiana Pacers,IND,82,19830,3332,7164,.465,103,316,.326,3229,6848,.472,1612,2176,.741,1141,2372,3513,1897,753,494,1393,2041,8379
23,1981-82,Atlanta Hawks,ATL,82,19880,3210,6776,.474,28,128,.219,3182,6648,.479,1833,2387,.768,1135,2368,3503,1815,608,485,1343,2268,8281
,1981-82,League Average,,82,19813,3554,7236,.491,49,187,.262,3504,7048,.497,1747,2343,.746,1176,2389,3565,2063,700,440,1454,2146,8903
1,1980-81,Denver Nuggets,DEN,82,19955,3784,7960,.475,30,145,.207,3754,7815,.480,2388,3051,.783,1325,2497,3822,2030,720,380,1444,2108,9986
2,1980-81,Milwaukee Bucks,MIL,82,19755,3722,7472,.498,30,131,.229,3692,7341,.503,1802,2340,.770,1261,2408,3669,2319,862,530,1581,2198,9276
3,1980-81,San Antonio Spurs,SAS,82,19805,3571,7276,.491,15,85,.176,3556,7191,.495,2052,2668,.769,1304,2582,3886,2048,685,643,1533,2114,9209
4,1980-81,Philadelphia 76ers,PHI,82,19855,3636,7073,.514,19,84,.226,3617,6989,.518,1865,2427,.768,1091,2618,3709,2369,857,591,1702,2061,9156
5,1980-81,Los Angeles Lakers,LAL,82,19805,3780,7382,.512,17,94,.181,3763,7288,.516,1540,2113,.729,1165,2491,3656,2363,808,551,1557,1955,9117
6,1980-81,Portland Trail Blazers,POR,82,19855,3741,7535,.496,25,148,.169,3716,7387,.503,1573,2191,.718,1243,2388,3631,2244,769,480,1518,2034,9080
7,1980-81,Phoenix Suns,PHO,82,19755,3587,7326,.490,35,161,.217,3552,7165,.496,1810,2430,.745,1234,2490,3724,2205,876,416,1733,1996,9019
8,1980-81,Boston Celtics,BOS,82,19780,3581,7099,.504,65,241,.270,3516,6858,.513,1781,2369,.752,1155,2424,3579,2202,683,594,1577,1990,9008
9,1980-81,Golden State Warriors,GSW,82,19730,3560,7284,.489,60,210,.286,3500,7074,.495,1826,2513,.727,1403,2366,3769,2026,611,301,1547,2158,9006
10,1980-81,Chicago Bulls,CHI,82,19780,3457,6903,.501,38,179,.212,3419,6724,.508,1985,2563,.774,1227,2475,3702,1925,729,514,1672,2058,8937
11,1980-81,Houston Rockets,HOU,82,19805,3573,7335,.487,21,118,.178,3552,7217,.492,1711,2223,.770,1216,2347,3563,2099,705,390,1451,1901,8878
12,1980-81,New York Knicks,NYK,82,19830,3505,7255,.483,56,236,.237,3449,7019,.491,1783,2386,.747,1137,2205,3342,1976,861,314,1461,1917,8849
13,1980-81,Indiana Pacers,IND,82,19730,3491,7245,.482,30,169,.178,3461,7076,.489,1815,2540,.715,1325,2267,3592,2091,833,484,1491,2006,8827
14,1980-81,Kansas City Kings,KCK,82,19830,3572,7151,.500,49,168,.292,3523,6983,.505,1576,2206,.714,1037,2450,3487,2271,719,385,1448,2092,8769
15,1980-81,New Jersey Nets,NJN,82,19805,3477,7314,.475,34,138,.246,3443,7176,.480,1780,2371,.751,1092,2374,3466,2068,750,458,1664,2204,8768
16,1980-81,San Diego Clippers,SDC,82,19730,3477,7283,.477,132,407,.324,3345,6876,.486,1651,2246,.735,1169,2144,3313,2098,764,292,1407,2078,8737
17,1980-81,Cleveland Cavaliers,CLE,82,19780,3556,7609,.467,72,249,.289,3484,7360,.473,1486,1909,.778,1258,2243,3501,2007,632,322,1396,1995,8670
18,1980-81,Washington Bullets,WSB,82,19780,3549,7517,.472,65,241,.270,3484,7276,.479,1499,2072,.723,1155,2533,3688,2151,641,392,1422,1895,8662
19,1980-81,Atlanta Hawks,ATL,82,19930,3291,6866,.479,10,82,.122,3281,6784,.484,2012,2590,.777,1201,2224,3425,1846,749,469,1605,2276,8604
20,1980-81,Seattle SuperSonics,SEA,82,19780,3343,7145,.468,32,117,.274,3311,7028,.471,1813,2376,.763,1167,2434,3601,1945,628,438,1524,1986,8531
21,1980-81,Dallas Mavericks,DAL,82,19780,3204,6928,.462,46,165,.279,3158,6763,.467,1868,2487,.751,1109,2177,3286,1984,561,214,1439,2008,8322
22,1980-81,Utah Jazz,UTA,82,19730,3332,6825,.488,42,163,.258,3290,6662,.494,1595,2080,.767,962,2325,3287,1948,637,386,1423,2110,8301
23,1980-81,Detroit Pistons,DET,82,19755,3236,6986,.463,13,84,.155,3223,6902,.467,1689,2330,.725,1201,2111,3312,1819,884,492,1759,2125,8174
,1980-81,League Average,,82,19797,3523,7251,.486,41,166,.245,3482,7085,.491,1778,2369,.751,1193,2373,3566,2088,738,436,1537,2055,8865
1,1979-80,San Antonio Spurs,SAS,82,19755,3856,7738,.498,52,206,.252,3804,7532,.505,2024,2528,.801,1153,2515,3668,2326,771,333,1589,2103,9788
2,1979-80,Los Angeles Lakers,LAL,82,19880,3898,7368,.529,20,100,.200,3878,7268,.534,1622,2092,.775,1085,2653,3738,2413,774,546,1639,1784,9438
3,1979-80,Cleveland Cavaliers,CLE,82,19930,3811,8041,.474,36,187,.193,3775,7854,.481,1702,2205,.772,1307,2381,3688,2108,764,342,1370,1934,9360
4,1979-80,New York Knicks,NYK,82,19780,3802,7672,.496,42,191,.220,3760,7481,.503,1698,2274,.747,1236,2303,3539,2265,881,457,1613,2168,9344
5,1979-80,Boston Celtics,BOS,82,19880,3617,7387,.490,162,422,.384,3455,6965,.496,1907,2449,.779,1227,2457,3684,2198,809,308,1539,1974,9303
6,1979-80,Indiana Pacers,IND,82,19855,3639,7689,.473,88,314,.280,3551,7375,.481,1753,2333,.751,1398,2326,3724,2148,900,530,1517,1973,9119
7,1979-80,Phoenix Suns,PHO,82,19755,3570,7235,.493,68,280,.243,3502,6955,.504,1906,2466,.773,1071,2458,3529,2283,908,344,1629,1853,9114
8,1979-80,Houston Rockets,HOU,82,19930,3599,7496,.480,104,379,.274,3495,7117,.491,1782,2326,.766,1394,2217,3611,2149,782,373,1565,1927,9084
9,1979-80,Milwaukee Bucks,MIL,82,19805,3685,7553,.488,50,155,.323,3635,7398,.491,1605,2102,.764,1245,2396,3641,2277,778,510,1496,1937,9025
10,1979-80,Philadelphia 76ers,PHI,82,19855,3523,7156,.492,27,125,.216,3496,7031,.497,1876,2431,.772,1187,2635,3822,2226,792,652,1708,1860,8949
11,1979-80,Detroit Pistons,DET,82,19780,3643,7596,.480,57,219,.260,3586,7377,.486,1590,2149,.740,1226,2415,3641,1950,783,562,1742,2069,8933
12,1979-80,Seattle SuperSonics,SEA,82,19830,3554,7565,.470,59,189,.312,3495,7376,.474,1730,2253,.768,1380,2550,3930,2043,750,428,1496,1865,8897
13,1979-80,New Jersey Nets,NJN,82,19805,3456,7504,.461,85,298,.285,3371,7206,.468,1882,2406,.782,1229,2535,3764,2094,869,581,1702,2181,8879
14,1979-80,Denver Nuggets,DEN,82,19830,3462,7470,.463,83,255,.325,3379,7215,.468,1871,2539,.737,1311,2524,3835,2079,746,404,1533,1917,8878
15,1979-80,Kansas City Kings,KCK,82,19805,3582,7489,.478,25,114,.219,3557,7375,.482,1671,2250,.743,1187,2429,3616,2123,863,356,1439,2135,8860
16,1979-80,San Diego Clippers,SDC,82,19755,3524,7494,.470,177,543,.326,3347,6951,.482,1595,2167,.736,1294,2308,3602,1688,664,288,1443,1896,8820
17,1979-80,Chicago Bulls,CHI,82,19905,3362,6943,.484,70,275,.255,3292,6668,.494,2019,2592,.779,1115,2465,3580,2152,704,392,1684,2146,8813
18,1979-80,Washington Bullets,WSB,82,19880,3574,7796,.458,73,238,.307,3501,7558,.463,1552,2048,.758,1334,2723,4057,2201,530,443,1380,1893,8773
19,1979-80,Atlanta Hawks,ATL,82,19780,3261,7027,.464,13,75,.173,3248,6952,.467,2038,2645,.771,1369,2406,3775,1913,782,539,1495,2293,8573
20,1979-80,Golden State Warriors,GSW,82,19880,3527,7318,.482,27,121,.223,3500,7197,.486,1412,1914,.738,1155,2437,3592,2028,779,339,1492,2082,8493
21,1979-80,Portland Trail Blazers,POR,82,19780,3408,7167,.476,26,132,.197,3382,7035,.481,1560,2100,.743,1295,2408,3703,1898,708,472,1552,1956,8402
22,1979-80,Utah Jazz,UTA,82,19805,3382,6817,.496,59,185,.319,3323,6632,.501,1571,1943,.809,967,2359,3326,2005,656,362,1543,2006,8394
,1979-80,League Average,,82,19830,3579,7433,.481,64,227,.280,3515,7205,.488,1744,2282,.764,1235,2450,3685,2117,772,435,1553,1998,8965
1,1978-79,San Antonio Spurs,SAS,82,19830,3927,7760,.506,,,,3927,7760,.506,1926,2423,.795,1096,2619,3715,2313,829,509,1652,2071,9780
2,1978-79,Phoenix Suns,PHO,82,19780,3847,7516,.512,,,,3847,7516,.512,1765,2299,.768,1083,2379,3462,2500,915,337,1760,1944,9459
3,1978-79,Washington Bullets,WSB,82,19780,3819,7873,.485,,,,3819,7873,.485,1785,2428,.735,1309,2768,4077,2169,614,401,1420,1804,9423
4,1978-79,Milwaukee Bucks,MIL,82,19880,3906,7773,.503,,,,3906,7773,.503,1541,2021,.762,1157,2370,3527,2562,862,435,1574,2106,9353
5,1978-79,Houston Rockets,HOU,82,19780,3726,7498,.497,,,,3726,7498,.497,1845,2330,.792,1256,2504,3760,2302,632,286,1510,2001,9297
6,1978-79,San Diego Clippers,SDC,82,19730,3721,7706,.483,,,,3721,7706,.483,1836,2471,.743,1392,2413,3805,1539,703,392,1623,2127,9278
7,1978-79,Kansas City Kings,KCK,82,19855,3764,7644,.492,,,,3764,7644,.492,1746,2392,.730,1191,2404,3595,2239,825,390,1631,2419,9274
8,1978-79,Los Angeles Lakers,LAL,82,19780,3827,7397,.517,,,,3827,7397,.517,1606,2088,.769,949,2557,3506,2338,793,500,1569,1851,9260
9,1978-79,Denver Nuggets,DEN,82,19705,3517,7311,.481,,,,3517,7311,.481,2046,2841,.720,1307,2596,3903,2166,673,416,1666,2106,9080
10,1978-79,Detroit Pistons,DET,82,19780,3708,7802,.475,,,,3708,7802,.475,1607,2242,.717,1303,2380,3683,2092,847,550,1599,2141,9023
11,1978-79,Philadelphia 76ers,PHI,82,19805,3584,7338,.488,,,,3584,7338,.488,1815,2411,.753,1149,2712,3861,2253,779,599,1771,2072,8983
12,1978-79,Atlanta Hawks,ATL,82,19855,3505,7410,.473,,,,3505,7410,.473,1940,2534,.766,1381,2341,3722,1938,801,596,1523,2424,8950
13,1978-79,Indiana Pacers,IND,82,19705,3575,7525,.475,,,,3575,7525,.475,1759,2317,.759,1225,2530,3755,2005,687,416,1536,2093,8909
14,1978-79,Portland Trail Blazers,POR,82,19780,3541,7338,.483,,,,3541,7338,.483,1806,2362,.765,1256,2435,3691,1946,776,512,1658,2187,8888
15,1978-79,New Orleans Jazz,NOJ,82,19705,3517,7511,.468,,,,3517,7511,.468,1848,2409,.767,1234,2676,3910,2079,760,559,1764,1940,8882
16,1978-79,Boston Celtics,BOS,82,19680,3527,7347,.480,,,,3527,7347,.480,1820,2321,.784,1119,2396,3515,1995,710,283,1713,1977,8874
17,1978-79,New Jersey Nets,NJN,82,19755,3464,7523,.460,,,,3464,7523,.460,1904,2613,.729,1241,2370,3611,1907,853,619,1861,2329,8832
18,1978-79,New York Knicks,NYK,82,19780,3676,7554,.487,,,,3676,7554,.487,1478,2111,.700,1200,2430,3630,2121,699,397,1605,2154,8830
19,1978-79,Seattle SuperSonics,SEA,82,19755,3504,7484,.468,,,,3504,7484,.468,1732,2298,.754,1310,2591,3901,1973,690,398,1586,1914,8740
20,1978-79,Cleveland Cavaliers,CLE,82,19680,3556,7602,.468,,,,3556,7602,.468,1620,2103,.770,1229,2256,3485,1796,688,334,1376,2027,8732
21,1978-79,Golden State Warriors,GSW,82,19780,3627,7453,.487,,,,3627,7453,.487,1367,1872,.730,1169,2513,3682,2064,774,420,1500,2023,8621
22,1978-79,Chicago Bulls,CHI,82,19780,3478,7108,.489,,,,3478,7108,.489,1632,2184,.747,1224,2544,3768,2169,576,324,1813,1970,8588
,1978-79,League Average,,82,19771,3651,7522,.485,,,,3651,7522,.485,1747,2321,.752,1217,2490,3707,2112,749,440,1623,2076,9048
1,1977-78,Philadelphia 76ers,PHI,82,19830,3628,7471,.486,,,,3628,7471,.486,2153,2863,.752,1299,2694,3993,2220,800,548,1752,2188,9409
2,1977-78,San Antonio Spurs,SAS,82,19780,3794,7594,.500,,,,3794,7594,.500,1797,2234,.804,1030,2594,3624,2240,797,553,1665,1871,9385
3,1977-78,New York Knicks,NYK,82,20005,3815,7822,.488,,,,3815,7822,.488,1670,2225,.751,1180,2689,3869,2338,818,442,1764,2193,9300
4,1977-78,Milwaukee Bucks,MIL,82,19980,3801,7883,.482,,,,3801,7883,.482,1612,2220,.726,1239,2480,3719,2306,867,472,1680,2038,9214
5,1977-78,Phoenix Suns,PHO,82,19780,3731,7836,.476,,,,3731,7836,.476,1749,2329,.751,1166,2579,3745,2338,1059,372,1766,1956,9211
6,1977-78,Denver Nuggets,DEN,82,19830,3548,7441,.477,,,,3548,7441,.477,2068,2705,.765,1177,2736,3913,2187,824,422,1748,2116,9164
7,1977-78,Washington Bullets,WSB,82,19830,3580,7772,.461,,,,3580,7772,.461,1887,2655,.711,1349,2815,4164,1948,668,386,1613,1879,9047
8,1977-78,Los Angeles Lakers,LAL,82,19805,3734,7672,.487,,,,3734,7672,.487,1576,2095,.752,1136,2647,3783,2229,802,409,1548,1964,9044
9,1977-78,Kansas City Kings,KCK,82,19830,3601,7731,.466,,,,3601,7731,.466,1775,2262,.785,1208,2632,3840,1992,794,370,1690,2228,8977
10,1977-78,Detroit Pistons,DET,82,19855,3552,7424,.478,,,,3552,7424,.478,1832,2490,.736,1229,2601,3830,1840,866,330,1858,1980,8936
11,1977-78,Indiana Pacers,IND,82,19830,3500,7783,.450,,,,3500,7783,.450,1904,2564,.743,1386,2624,4010,1982,808,456,1642,2230,8904
12,1977-78,Portland Trail Blazers,POR,82,19730,3556,7367,.483,,,,3556,7367,.483,1717,2259,.760,1187,2686,3873,2067,798,390,1625,2068,8829
13,1977-78,New Orleans Jazz,NOJ,82,19780,3568,7717,.462,,,,3568,7717,.462,1690,2331,.725,1309,2907,4216,2079,662,514,1694,1938,8826
14,1977-78,New Jersey Nets,NJN,82,19905,3547,8004,.443,,,,3547,8004,.443,1652,2304,.717,1306,2595,3901,1879,857,631,1774,2312,8746
15,1977-78,Golden State Warriors,GSW,82,19780,3574,7654,.467,,,,3574,7654,.467,1550,2081,.745,1183,2629,3812,2097,873,405,1518,2113,8698
16,1977-78,Boston Celtics,BOS,82,19830,3494,7635,.458,,,,3494,7635,.458,1682,2159,.779,1235,2850,4085,1969,643,295,1652,2033,8670
17,1977-78,Buffalo Braves,BUF,82,19805,3413,7323,.466,,,,3413,7323,.466,1808,2314,.781,1083,2538,3621,1975,650,327,1575,2017,8634
18,1977-78,Seattle SuperSonics,SEA,82,19780,3445,7715,.447,,,,3445,7715,.447,1675,2352,.712,1456,2601,4057,1799,782,429,1636,2008,8565
19,1977-78,Cleveland Cavaliers,CLE,82,19880,3496,7707,.454,,,,3496,7707,.454,1569,2116,.741,1187,2676,3863,1740,692,455,1382,1832,8561
20,1977-78,Chicago Bulls,CHI,82,19755,3330,7041,.473,,,,3330,7041,.473,1863,2471,.754,1248,2577,3825,2119,665,322,1667,1930,8523
21,1977-78,Houston Rockets,HOU,82,19730,3523,7691,.458,,,,3523,7691,.458,1467,1896,.774,1301,2421,3722,1942,683,319,1376,2025,8513
22,1977-78,Atlanta Hawks,ATL,82,19830,3335,7253,.460,,,,3335,7253,.460,1836,2316,.793,1160,2359,3519,1901,916,408,1592,2470,8506
,1977-78,League Average,,82,19825,3571,7615,.469,,,,3571,7615,.469,1751,2329,.752,1230,2633,3863,2054,787,421,1646,2063,8894
1,1976-77,San Antonio Spurs,SAS,82,19755,3711,7657,.485,,,,3711,7657,.485,2010,2522,.797,1110,2550,3660,2115,857,499,1770,1966,9432
2,1976-77,Denver Nuggets,DEN,82,19780,3590,7471,.481,,,,3590,7471,.481,2053,2783,.738,1288,2700,3988,2262,953,471,2011,2142,9233
3,1976-77,Portland Trail Blazers,POR,82,19730,3623,7537,.481,,,,3623,7537,.481,1917,2515,.762,1260,2703,3963,1990,868,492,1757,2220,9163
4,1976-77,Golden State Warriors,GSW,82,19780,3724,7832,.475,,,,3724,7832,.475,1649,2172,.759,1300,2639,3939,2120,904,432,1624,2058,9097
5,1976-77,Philadelphia 76ers,PHI,82,19780,3511,7322,.480,,,,3511,7322,.480,2012,2732,.736,1293,2752,4045,1966,814,561,1915,2074,9034
6,1976-77,Detroit Pistons,DET,82,19730,3764,7792,.483,,,,3764,7792,.483,1442,1960,.736,1169,2495,3664,2004,877,459,1718,2200,8970
7,1976-77,New York Knicks,NYK,82,19755,3659,7530,.486,,,,3659,7530,.486,1587,2078,.764,974,2680,3654,1956,714,304,1680,2007,8905
8,1976-77,Milwaukee Bucks,MIL,82,19705,3668,7840,.468,,,,3668,7840,.468,1553,2072,.750,1220,2519,3739,1970,790,342,1648,2094,8889
9,1976-77,Kansas City Kings,KCK,82,19830,3561,7733,.460,,,,3561,7733,.460,1706,2140,.797,1222,2593,3815,1982,849,386,1576,2173,8828
10,1976-77,Los Angeles Lakers,LAL,82,19805,3663,7657,.478,,,,3663,7657,.478,1437,1941,.740,1177,2628,3805,2057,801,445,1538,1867,8763
11,1976-77,Indiana Pacers,IND,82,19755,3522,7840,.449,,,,3522,7840,.449,1714,2297,.746,1409,2584,3993,2009,924,458,1609,2030,8758
12,1976-77,Houston Rockets,HOU,82,19780,3535,7325,.483,,,,3535,7325,.483,1656,2103,.787,1254,2632,3886,1913,616,411,1600,2132,8726
13,1976-77,Washington Bullets,WSB,82,19730,3514,7479,.470,,,,3514,7479,.470,1622,2264,.716,1185,2758,3943,1935,642,433,1677,1940,8650
14,1976-77,Buffalo Braves,BUF,82,19730,3366,7475,.450,,,,3366,7475,.450,1880,2492,.754,1213,2623,3836,1883,683,392,1699,1842,8612
15,1976-77,Phoenix Suns,PHO,82,19730,3406,7249,.470,,,,3406,7249,.470,1791,2345,.764,1059,2493,3552,2100,750,346,1830,2089,8603
16,1976-77,New Orleans Jazz,NOJ,82,19780,3443,7602,.453,,,,3443,7602,.453,1688,2183,.773,1249,2828,4077,1854,613,357,1706,2099,8574
17,1976-77,Boston Celtics,BOS,82,19830,3462,7775,.445,,,,3462,7775,.445,1648,2181,.756,1241,2966,4207,2010,506,263,1673,2039,8572
18,1976-77,Seattle SuperSonics,SEA,82,19805,3439,7639,.450,,,,3439,7639,.450,1646,2386,.690,1355,2433,3788,1772,932,503,1759,2198,8524
19,1976-77,Atlanta Hawks,ATL,82,19705,3279,7176,.457,,,,3279,7176,.457,1836,2451,.749,1244,2512,3756,1882,733,330,1779,2302,8394
20,1976-77,Cleveland Cavaliers,CLE,82,19780,3451,7688,.449,,,,3451,7688,.449,1468,1993,.737,1312,2563,3875,1845,579,472,1356,1951,8370
21,1976-77,Chicago Bulls,CHI,82,19805,3249,7186,.452,,,,3249,7186,.452,1613,2159,.747,1292,2705,3997,1989,699,364,1552,1871,8111
22,1976-77,New York Nets,NYN,82,19730,3096,7222,.429,,,,3096,7222,.429,1673,2274,.736,1157,2547,3704,1422,802,435,1630,2178,7865
,1976-77,League Average,,82,19764,3511,7547,.465,,,,3511,7547,.465,1709,2275,.751,1227,2632,3858,1956,768,416,1687,2067,8731
1,1975-76,Golden State Warriors,GSW,82,19830,3691,7982,.462,,,,3691,7982,.462,1620,2158,.751,1349,2912,4261,2041,928,416,1613,2022,9002
2,1975-76,Buffalo Braves,BUF,82,19705,3481,7307,.476,,,,3481,7307,.476,1833,2368,.774,1002,2719,3721,2112,720,366,1743,2017,8795
3,1975-76,Los Angeles Lakers,LAL,82,19705,3547,7622,.465,,,,3547,7622,.465,1670,2164,.772,1132,2870,4002,1939,674,528,1612,2025,8764
4,1975-76,Philadelphia 76ers,PHI,82,19855,3462,7752,.447,,,,3462,7752,.447,1811,2469,.733,1385,2684,4069,1658,809,367,1729,2187,8735
5,1975-76,Seattle SuperSonics,SEA,82,19780,3542,7730,.458,,,,3542,7730,.458,1642,2309,.711,1217,2498,3715,1935,866,355,1615,2133,8726
6,1975-76,Boston Celtics,BOS,82,19755,3527,7901,.446,,,,3527,7901,.446,1654,2120,.780,1369,2972,4341,1980,561,260,1609,2002,8708
7,1975-76,Houston Rockets,HOU,82,19755,3546,7304,.485,,,,3546,7304,.485,1616,2046,.790,1059,2644,3703,2213,656,359,1665,2045,8708
8,1975-76,Phoenix Suns,PHO,82,19880,3420,7251,.472,,,,3420,7251,.472,1780,2337,.762,1108,2558,3666,2083,853,349,1852,2018,8620
9,1975-76,Detroit Pistons,DET,82,19780,3524,7598,.464,,,,3524,7598,.464,1557,2049,.760,1205,2545,3750,1751,786,332,1619,2086,8605
10,1975-76,New Orleans Jazz,NOJ,82,19880,3352,7491,.447,,,,3352,7491,.447,1831,2415,.758,1189,2779,3968,1765,750,343,1659,2175,8535
11,1975-76,Portland Trail Blazers,POR,82,19730,3417,7292,.469,,,,3417,7292,.469,1699,2350,.723,1116,2843,3959,2094,776,408,1867,2091,8533
12,1975-76,Kansas City Kings,KCK,82,19755,3341,7379,.453,,,,3341,7379,.453,1792,2335,.767,1133,2668,3801,1864,751,324,1607,2056,8474
13,1975-76,Washington Bullets,WSB,82,19905,3416,7234,.472,,,,3416,7234,.472,1595,2215,.720,1019,2812,3831,1823,696,485,1672,1921,8427
14,1975-76,New York Knicks,NYK,82,19805,3443,7555,.456,,,,3443,7555,.456,1532,1985,.772,1022,2723,3745,1660,575,259,1403,2006,8418
15,1975-76,Atlanta Hawks,ATL,82,19805,3301,7338,.450,,,,3301,7338,.450,1809,2467,.733,1225,2540,3765,1666,790,277,1553,1983,8411
16,1975-76,Milwaukee Bucks,MIL,82,19830,3456,7435,.465,,,,3456,7435,.465,1437,1952,.736,1094,2688,3782,1817,715,468,1624,2041,8349
17,1975-76,Cleveland Cavaliers,CLE,82,19805,3497,7709,.454,,,,3497,7709,.454,1346,1827,.737,1192,2588,3780,1844,638,397,1330,1871,8340
18,1975-76,Chicago Bulls,CHI,82,19780,3106,7499,.414,,,,3106,7499,.414,1651,2197,.751,1375,2726,4101,1704,627,255,1413,1977,7863
,1975-76,League Average,,82,19797,3448,7521,.458,,,,3448,7521,.458,1660,2209,.751,1177,2709,3887,1886,732,364,1621,2036,8556
1,1974-75,Golden State Warriors,GSW,82,19780,3714,7981,.465,,,,3714,7981,.465,1470,1915,.768,1416,2854,4270,2076,972,365,1716,2109,8898
2,1974-75,Buffalo Braves,BUF,82,19730,3552,7469,.476,,,,3552,7469,.476,1735,2224,.780,1108,2735,3843,2063,718,456,1710,1879,8839
3,1974-75,Boston Celtics,BOS,82,19755,3587,7825,.458,,,,3587,7825,.458,1560,1971,.791,1315,2949,4264,2159,662,288,1625,1913,8734
4,1974-75,Atlanta Hawks,ATL,82,19805,3424,7824,.438,,,,3424,7824,.438,1772,2435,.728,1441,2653,4094,1878,744,227,1550,1964,8620
5,1974-75,Washington Bullets,WSB,82,19805,3555,7697,.462,,,,3555,7697,.462,1475,1962,.752,1133,2764,3897,2005,929,409,1594,1961,8585
6,1974-75,Houston Rockets,HOU,82,19780,3448,7231,.477,,,,3448,7231,.477,1625,2034,.799,1177,2495,3672,2155,746,351,1759,2068,8521
7,1974-75,Portland Trail Blazers,POR,82,19880,3414,7113,.480,,,,3414,7113,.480,1680,2265,.742,1049,2758,3807,2209,755,399,1833,2055,8508
8,1974-75,Los Angeles Lakers,LAL,82,19855,3409,7577,.450,,,,3409,7577,.450,1641,2182,.752,1312,2763,4075,2091,755,423,1785,2079,8459
9,1974-75,Seattle SuperSonics,SEA,82,19880,3488,7653,.456,,,,3488,7653,.456,1475,1970,.749,1142,2579,3721,1997,837,378,1610,1977,8451
10,1974-75,New Orleans Jazz,NOJ,82,19730,3301,7509,.440,,,,3301,7509,.440,1717,2247,.764,1144,2616,3760,1818,725,256,1802,2222,8319
11,1974-75,Kansas City-Omaha Kings,KCO,82,19730,3257,7258,.449,,,,3257,7258,.449,1797,2190,.821,991,2745,3736,1853,724,347,1542,1968,8311
12,1974-75,Phoenix Suns,PHO,82,19805,3381,7561,.447,,,,3381,7561,.447,1535,2082,.737,1349,2684,4033,1879,664,317,1760,2090,8297
13,1974-75,Milwaukee Bucks,MIL,82,19805,3450,7367,.468,,,,3450,7367,.468,1354,1746,.775,1021,2766,3787,1932,596,400,1540,1949,8254
14,1974-75,New York Knicks,NYK,82,19730,3359,7464,.450,,,,3359,7464,.450,1518,1967,.772,981,2652,3633,1675,652,300,1374,2001,8236
15,1974-75,Philadelphia 76ers,PHI,82,19805,3325,7476,.445,,,,3325,7476,.445,1530,2043,.749,1200,2706,3906,1709,576,263,1591,1974,8180
16,1974-75,Cleveland Cavaliers,CLE,82,19880,3408,7371,.462,,,,3408,7371,.462,1301,1753,.742,1058,2502,3560,1903,600,348,1462,1881,8117
17,1974-75,Detroit Pistons,DET,82,19705,3289,7053,.466,,,,3289,7053,.466,1533,1975,.776,1002,2515,3517,1916,679,380,1557,1866,8111
18,1974-75,Chicago Bulls,CHI,82,19880,3167,7085,.447,,,,3167,7085,.447,1711,2203,.777,1107,2786,3893,1840,668,379,1482,1952,8045
,1974-75,League Average,,82,19797,3418,7473,.457,,,,3418,7473,.457,1579,2065,.765,1164,2696,3859,1953,722,349,1627,1995,8416
1,1973-74,Buffalo Braves,BUF,82,19830,3728,7763,.480,,,,3728,7763,.480,1699,2221,.765,1150,2830,3980,2165,786,600,1828,1875,9155
2,1973-74,Golden State Warriors,GSW,82,19705,3721,8020,.464,,,,3721,8020,.464,1569,2018,.778,1379,3035,4414,1989,668,450,1667,1893,9011
3,1973-74,Los Angeles Lakers,LAL,82,19755,3536,7803,.453,,,,3536,7803,.453,1879,2443,.769,1365,2970,4335,2179,794,653,1913,2032,8951
4,1973-74,Boston Celtics,BOS,82,19780,3630,7969,.456,,,,3630,7969,.456,1677,2097,.800,1378,3074,4452,2187,561,305,1796,1868,8937
5,1973-74,Atlanta Hawks,ATL,82,19755,3602,7744,.465,,,,3602,7744,.465,1703,2264,.752,1240,2712,3952,1993,758,332,1823,2073,8907
6,1973-74,Phoenix Suns,PHO,82,19755,3555,7726,.460,,,,3555,7726,.460,1737,2235,.777,1090,2723,3813,2052,658,305,1666,2123,8847
7,1973-74,Houston Rockets,HOU,82,19855,3564,7426,.480,,,,3564,7426,.480,1682,2071,.812,1063,2588,3651,2212,727,407,1681,2104,8810
8,1973-74,Milwaukee Bucks,MIL,82,19755,3726,7571,.492,,,,3726,7571,.492,1328,1741,.763,1133,2881,4014,2225,726,519,1694,1864,8780
9,1973-74,Seattle SuperSonics,SEA,82,19755,3584,8056,.445,,,,3584,8056,.445,1606,2095,.767,1323,2706,4029,2106,689,294,1622,2074,8774
10,1973-74,Portland Trail Blazers,POR,82,19730,3585,7684,.467,,,,3585,7684,.467,1591,2112,.753,1254,2598,3852,2106,797,341,1823,2050,8761
11,1973-74,Detroit Pistons,DET,82,19755,3453,7515,.459,,,,3453,7515,.459,1654,2164,.764,1200,2681,3881,1956,793,419,1763,1930,8560
12,1973-74,Chicago Bulls,CHI,82,19780,3292,7378,.446,,,,3292,7378,.446,1784,2314,.771,1143,2616,3759,1868,764,316,1690,1874,8368
13,1973-74,Kansas City-Omaha Kings,KCO,82,19705,3369,7342,.459,,,,3369,7342,.459,1628,2104,.774,1112,2554,3666,1744,796,384,1791,1916,8366
14,1973-74,Capital Bullets,CAP,82,19730,3480,7886,.441,,,,3480,7886,.441,1393,1869,.745,1286,2887,4173,1770,703,441,1568,1746,8353
15,1973-74,New York Knicks,NYK,82,19780,3478,7483,.465,,,,3478,7483,.465,1350,1738,.777,959,2725,3684,1937,554,277,1463,1884,8306
16,1973-74,Philadelphia 76ers,PHI,82,19730,3331,7702,.432,,,,3331,7702,.432,1633,2118,.771,1182,2626,3808,1799,756,220,1665,1964,8295
17,1973-74,Cleveland Cavaliers,CLE,82,19755,3420,7782,.439,,,,3420,7782,.439,1381,1788,.772,1275,2492,3767,2048,598,293,1545,1925,8221
,1973-74,League Average,,82,19759,3533,7697,.459,,,,3533,7697,.459,1606,2082,.771,1208,2747,3955,2020,713,386,1706,1953,8671
1,1972-73,Houston Rockets,HOU,82,19680,3772,8249,.457,,,,3772,8249,.457,1706,2152,.793,,,4060,1939,,,1514,1949,9250
2,1972-73,Boston Celtics,BOS,82,19730,3811,8511,.448,,,,3811,8511,.448,1616,2073,.780,,,4802,2320,,,1682,1805,9238
3,1972-73,Atlanta Hawks,ATL,82,19830,3700,8033,.461,,,,3700,8033,.461,1819,2482,.733,,,4174,2074,,,1737,1916,9219
4,1972-73,Los Angeles Lakers,LAL,82,19755,3740,7819,.478,,,,3740,7819,.478,1679,2264,.742,,,4562,2302,,,1832,1636,9159
5,1972-73,Phoenix Suns,PHO,82,19755,3612,7942,.455,,,,3612,7942,.455,1931,2437,.792,,,4003,1944,,,1607,2012,9155
6,1972-73,Detroit Pistons,DET,82,19780,3666,7916,.463,,,,3666,7916,.463,1710,2294,.745,,,4105,1882,,,1736,1812,9042
7,1972-73,Golden State Warriors,GSW,82,19730,3715,8163,.455,,,,3715,8163,.455,1493,1871,.798,,,4405,1985,,,1519,1693,8923
8,1972-73,Kansas City-Omaha Kings,KCO,82,19780,3621,7581,.478,,,,3621,7581,.478,1580,2036,.776,,,3628,2118,,,1718,2054,8822
9,1972-73,Milwaukee Bucks,MIL,82,19755,3759,7808,.481,,,,3759,7808,.481,1271,1687,.753,,,4245,2226,,,1623,1763,8789
10,1972-73,Portland Trail Blazers,POR,82,19730,3588,7842,.458,,,,3588,7842,.458,1531,2129,.719,,,3928,2102,778,351,1663,1970,8707
11,1972-73,New York Knicks,NYK,82,19730,3627,7764,.467,,,,3627,7764,.467,1356,1739,.780,,,3882,2187,,,1357,1775,8610
12,1972-73,Baltimore Bullets,BAL,82,19730,3656,7883,.464,,,,3656,7883,.464,1294,1742,.743,,,4205,2051,,,1563,1672,8606
13,1972-73,Philadelphia 76ers,PHI,82,19730,3471,8264,.420,,,,3471,8264,.420,1598,2130,.750,,,4174,1688,,,1715,1984,8540
14,1972-73,Chicago Bulls,CHI,82,19805,3480,7835,.444,,,,3480,7835,.444,1574,2073,.759,,,4000,2023,,,1357,1881,8534
15,1972-73,Seattle SuperSonics,SEA,82,19780,3447,7681,.449,,,,3447,7681,.449,1606,2080,.772,,,4161,1958,922,413,1738,1877,8500
16,1972-73,Buffalo Braves,BUF,82,19730,3536,7877,.449,,,,3536,7877,.449,1399,1966,.712,,,4158,2218,,,2001,2034,8471
17,1972-73,Cleveland Cavaliers,CLE,82,19830,3431,7884,.435,,,,3431,7884,.435,1556,2084,.747,,,4063,2106,,,1752,1941,8418
,1972-73,League Average,,82,19756,3625,7944,.456,,,,3625,7944,.456,1572,2073,.758,,,4150,2066,850,382,1654,1869,8823
1,1971-72,Los Angeles Lakers,LAL,82,19755,3920,7998,.490,,,,3920,7998,.490,2080,2833,.734,,,4628,2232,,,1602,1636,9920
2,1971-72,Phoenix Suns,PHO,82,19880,3599,7877,.457,,,,3599,7877,.457,2336,2999,.779,,,4301,1976,,,1605,2026,9534
3,1971-72,Boston Celtics,BOS,82,19730,3819,8431,.453,,,,3819,8431,.453,1839,2367,.777,,,4462,2230,,,1595,2030,9477
4,1971-72,Milwaukee Bucks,MIL,82,19780,3813,7653,.498,,,,3813,7653,.498,1774,2399,.739,,,4269,2160,,,1632,1862,9400
5,1971-72,Philadelphia 76ers,PHI,82,19780,3577,8057,.444,,,,3577,8057,.444,2049,2825,.725,,,4318,1920,,,1766,2203,9203
6,1971-72,Chicago Bulls,CHI,82,19780,3539,7853,.451,,,,3539,7853,.451,2039,2700,.755,,,4371,2087,,,1301,1964,9117
7,1971-72,Houston Rockets,HOU,82,19730,3590,8277,.434,,,,3590,8277,.434,1813,2424,.748,,,4433,1777,,,1428,1992,8993
8,1971-72,Atlanta Hawks,ATL,82,19730,3482,7570,.460,,,,3482,7570,.460,2018,2725,.741,,,4080,1897,,,1824,1967,8982
9,1971-72,Seattle SuperSonics,SEA,82,19755,3461,7457,.464,,,,3461,7457,.464,2035,2659,.765,,,4123,1976,723,438,1683,1738,8957
10,1971-72,Detroit Pistons,DET,82,19805,3482,7665,.454,,,,3482,7665,.454,1981,2653,.747,,,3970,1687,,,1846,1954,8945
11,1971-72,Golden State Warriors,GSW,82,19705,3477,7923,.439,,,,3477,7923,.439,1917,2500,.767,,,4450,1854,,,1418,1840,8871
12,1971-72,Cincinnati Royals,CIN,82,19780,3444,7496,.459,,,,3444,7496,.459,1948,2578,.756,,,3754,2020,,,1663,2079,8836
13,1971-72,New York Knicks,NYK,82,19805,3521,7673,.459,,,,3521,7673,.459,1743,2303,.757,,,3909,1985,,,1375,1899,8785
14,1971-72,Baltimore Bullets,BAL,82,19780,3490,7748,.450,,,,3490,7748,.450,1804,2378,.759,,,4159,1816,,,1574,1858,8784
15,1971-72,Portland Trail Blazers,POR,82,19805,3462,7840,.442,,,,3462,7840,.442,1835,2494,.736,,,3996,2090,964,330,1729,1873,8759
16,1971-72,Cleveland Cavaliers,CLE,82,19755,3458,8074,.428,,,,3458,8074,.428,1758,2390,.736,,,4098,2060,,,1495,1936,8674
17,1971-72,Buffalo Braves,BUF,82,19805,3409,7560,.451,,,,3409,7560,.451,1549,2219,.698,,,3978,1759,,,1780,2110,8367
,1971-72,League Average,,82,19774,3561,7832,.455,,,,3561,7832,.455,1913,2556,.748,,,4194,1972,844,384,1607,1939,9036
1,1970-71,Milwaukee Bucks,MIL,82,19780,3972,7803,.509,,,,3972,7803,.509,1766,2379,.742,,,4344,2249,,,1686,1847,9710
2,1970-71,Boston Celtics,BOS,82,19780,3804,8616,.442,,,,3804,8616,.442,2000,2648,.755,,,4833,2052,,,1649,2138,9608
3,1970-71,Cincinnati Royals,CIN,82,19830,3805,8374,.454,,,,3805,8374,.454,1901,2622,.725,,,4151,2022,,,1578,2126,9511
4,1970-71,Portland Trail Blazers,POR,82,19755,3721,8562,.435,,,,3721,8562,.435,2025,2671,.758,,,4210,2227,984,454,1413,2024,9467
5,1970-71,Seattle SuperSonics,SEA,82,19730,3664,8034,.456,,,,3664,8034,.456,2101,2790,.753,,,4456,2049,,,1674,1917,9429
6,1970-71,Philadelphia 76ers,PHI,82,19755,3608,8026,.450,,,,3608,8026,.450,2199,2967,.741,,,4437,1976,,,1645,2168,9415
7,1970-71,Los Angeles Lakers,LAL,82,19755,3739,7857,.476,,,,3739,7857,.476,1933,2717,.711,,,4269,2205,,,1600,1709,9411
8,1970-71,Atlanta Hawks,ATL,82,19755,3614,7779,.465,,,,3614,7779,.465,2120,2975,.713,,,4472,1906,,,1800,1958,9348
9,1970-71,Phoenix Suns,PHO,82,19780,3503,8021,.437,,,,3503,8021,.437,2327,3078,.756,,,4442,1927,,,1607,2132,9333
10,1970-71,San Diego Rockets,SDR,82,19730,3547,8426,.421,,,,3547,8426,.421,2188,2921,.749,,,4686,1921,,,1711,2128,9282
11,1970-71,Baltimore Bullets,BAL,82,19805,3684,8331,.442,,,,3684,8331,.442,1886,2500,.754,,,4550,1772,,,1567,1966,9254
12,1970-71,Chicago Bulls,CHI,82,19755,3460,7660,.452,,,,3460,7660,.452,2150,2721,.790,,,4325,2142,,,1354,1797,9070
13,1970-71,Detroit Pistons,DET,82,19855,3468,7730,.449,,,,3468,7730,.449,2093,2808,.745,,,3923,1696,,,1639,1969,9029
14,1970-71,New York Knicks,NYK,82,19755,3633,8076,.450,,,,3633,8076,.450,1760,2377,.740,,,4075,1779,,,1215,1916,9026
15,1970-71,San Francisco Warriors,SFW,82,19705,3454,7709,.448,,,,3454,7709,.448,1875,2468,.760,,,4643,1893,,,1688,1833,8783
16,1970-71,Buffalo Braves,BUF,82,19805,3424,7860,.436,,,,3424,7860,.436,1805,2504,.721,,,4261,1962,,,1764,2232,8653
17,1970-71,Cleveland Cavaliers,CLE,82,19680,3299,7778,.424,,,,3299,7778,.424,1775,2380,.746,,,3982,2065,,,1593,2114,8373
,1970-71,League Average,,82,19765,3612,8038,.449,,,,3612,8038,.449,1994,2678,.745,,,4356,1991,984,454,1599,1998,9218
1,1969-70,Philadelphia 76ers,PHI,82,19755,3915,8345,.469,,,,3915,8345,.469,2168,2884,.752,,,4463,2127,,,1726,2196,9998
2,1969-70,Baltimore Bullets,BAL,82,19905,3925,8567,.458,,,,3925,8567,.458,2050,2652,.773,,,4679,1881,,,,1896,9900
3,1969-70,Phoenix Suns,PHO,82,19805,3676,7856,.468,,,,3676,7856,.468,2434,3270,.744,,,4183,2076,,,,2183,9786
4,1969-70,Milwaukee Bucks,MIL,82,19780,3923,8041,.488,,,,3923,8041,.488,1895,2589,.732,,,4419,2168,,,,1971,9741
5,1969-70,San Diego Rockets,SDR,82,19780,3866,8867,.436,,,,3866,8867,.436,2000,2728,.733,,,4786,2036,,,,2096,9732
6,1969-70,Atlanta Hawks,ATL,82,19780,3817,7907,.483,,,,3817,7907,.483,2012,2669,.754,,,4210,2142,,,,2016,9646
7,1969-70,Cincinnati Royals,CIN,82,19880,3767,8271,.455,,,,3767,8271,.455,2082,2841,.733,,,4163,1992,,,,2215,9616
8,1969-70,Seattle SuperSonics,SEA,82,19780,3709,8029,.462,,,,3709,8029,.462,2171,2851,.761,,,4312,2214,,,,2175,9589
9,1969-70,New York Knicks,NYK,82,19730,3803,7975,.477,,,,3803,7975,.477,1821,2484,.733,,,4006,2135,,,,2016,9427
10,1969-70,Chicago Bulls,CHI,82,19880,3607,8133,.444,,,,3607,8133,.444,2209,2861,.772,,,4383,2133,,,,1863,9423
11,1969-70,Boston Celtics,BOS,82,19780,3645,8235,.443,,,,3645,8235,.443,2132,2711,.786,,,4336,1875,,,,2320,9422
12,1969-70,Los Angeles Lakers,LAL,82,19830,3668,7952,.461,,,,3668,7952,.461,1991,2641,.754,,,4154,2030,,,,1896,9327
13,1969-70,Detroit Pistons,DET,82,19855,3565,7657,.466,,,,3565,7657,.466,2116,2881,.734,,,3831,1709,,,,1930,9246
14,1969-70,San Francisco Warriors,SFW,82,19830,3555,8224,.432,,,,3555,8224,.432,2004,2646,.757,,,4772,1861,,,,2050,9114
,1969-70,League Average,,82,19812,3746,8147,.460,,,,3746,8147,.460,2078,2765,.751,,,4336,2027,,,1726,2059,9569
1,1968-69,Philadelphia 76ers,PHI,82,19805,3754,8274,.454,,,,3754,8274,.454,2238,3087,.725,,,4513,1914,,,1515,2145,9746
2,1968-69,Baltimore Bullets,BAL,82,19755,3770,8567,.440,,,,3770,8567,.440,2002,2734,.732,,,4963,1682,,,,2038,9542
3,1968-69,San Diego Rockets,SDR,82,19780,3691,8631,.428,,,,3691,8631,.428,2074,3039,.682,,,5026,1925,,,,2110,9456
4,1968-69,Cincinnati Royals,CIN,82,19805,3565,7742,.460,,,,3565,7742,.460,2262,3012,.751,,,4525,1983,,,,2031,9392
5,1968-69,Detroit Pistons,DET,82,19755,3609,7997,.451,,,,3609,7997,.451,2141,3025,.708,,,4471,1757,,,,2105,9359
6,1968-69,Los Angeles Lakers,LAL,82,19905,3574,7620,.469,,,,3574,7620,.469,2056,3161,.650,,,4749,2068,,,,1773,9204
7,1968-69,Seattle SuperSonics,SEA,82,19830,3543,8149,.435,,,,3543,8149,.435,2105,2979,.707,,,4498,1927,,,,2281,9191
8,1968-69,Phoenix Suns,PHO,82,19805,3541,8242,.430,,,,3541,8242,.430,2080,2950,.705,,,4508,1921,,,,2086,9162
9,1968-69,Atlanta Hawks,ATL,82,19730,3605,7844,.460,,,,3605,7844,.460,1913,2785,.687,,,4599,2069,,,,2082,9123
10,1968-69,Boston Celtics,BOS,82,19830,3583,8316,.431,,,,3583,8316,.431,1936,2657,.729,,,4840,1953,,,,2073,9102
11,1968-69,New York Knicks,NYK,82,19730,3588,7813,.459,,,,3588,7813,.459,1911,2596,.736,,,4246,2071,,,,2175,9087
12,1968-69,Milwaukee Bucks,MIL,82,19680,3537,8258,.428,,,,3537,8258,.428,1966,2638,.745,,,4727,1882,,,,2187,9040
13,1968-69,San Francisco Warriors,SFW,82,19905,3414,8218,.415,,,,3414,8218,.415,2119,2949,.719,,,5109,1822,,,,2087,8947
14,1968-69,Chicago Bulls,CHI,82,19755,3355,8021,.418,,,,3355,8021,.418,1877,2577,.728,,,4550,1597,,,,2064,8587
,1968-69,League Average,,82,19791,3581,8121,.441,,,,3581,8121,.441,2049,2871,.714,,,4666,1898,,,1515,2088,9210
1,1967-68,Philadelphia 76ers,PHI,82,19780,3965,8414,.471,,,,3965,8414,.471,2121,3338,.635,,,5914,2197,,,,1851,10051
2,1967-68,Los Angeles Lakers,LAL,82,19855,3827,8031,.477,,,,3827,8031,.477,2283,3143,.726,,,5225,1983,,,,2152,9937
3,1967-68,Seattle SuperSonics,SEA,82,19755,3772,8593,.439,,,,3772,8593,.439,2188,3042,.719,,,5338,1998,,,,2372,9732
4,1967-68,Detroit Pistons,DET,82,19780,3755,8386,.448,,,,3755,8386,.448,2215,3129,.708,,,5452,1700,,,,2240,9725
5,1967-68,Baltimore Bullets,BAL,82,19755,3691,8428,.438,,,,3691,8428,.438,2245,2994,.750,,,5431,1534,,,,2127,9627
6,1967-68,San Francisco Warriors,SFW,82,19805,3632,8587,.423,,,,3632,8587,.423,2334,3153,.740,,,6029,1901,,,,2265,9598
7,1967-68,Cincinnati Royals,CIN,82,19805,3679,7864,.468,,,,3679,7864,.468,2204,2892,.762,,,5129,2048,,,,2016,9562
8,1967-68,Boston Celtics,BOS,82,19705,3686,8371,.440,,,,3686,8371,.440,2151,2983,.721,,,5666,1798,,,,2147,9523
9,1967-68,New York Knicks,NYK,82,19880,3682,8070,.456,,,,3682,8070,.456,2159,3042,.710,,,5122,1967,,,,2364,9523
10,1967-68,St. Louis Hawks,STL,82,19880,3504,7765,.451,,,,3504,7765,.451,2258,3111,.726,,,5325,1988,,,,2046,9266
11,1967-68,San Diego Rockets,SDR,82,19755,3566,8547,.417,,,,3566,8547,.417,2083,2929,.711,,,5418,1837,,,,2188,9215
12,1967-68,Chicago Bulls,CHI,82,19805,3488,8138,.429,,,,3488,8138,.429,2006,2718,.738,,,5117,1527,,,,2130,8982
,1967-68,League Average,,82,19797,3687,8266,.446,,,,3687,8266,.446,2187,3040,.720,,,5431,1873,,,,2158,9562
1,1966-67,Philadelphia 76ers,PHI,81,19515,3912,8103,.483,,,,3912,8103,.483,2319,3411,.680,,,5701,2138,,,,1906,10143
2,1966-67,San Francisco Warriors,SFW,81,19590,3814,8818,.433,,,,3814,8818,.433,2283,3021,.756,,,5974,1876,,,,2120,9911
3,1966-67,Los Angeles Lakers,LAL,81,19565,3786,8466,.447,,,,3786,8466,.447,2192,2917,.751,,,5415,1906,,,,2168,9764
4,1966-67,Boston Celtics,BOS,81,19615,3724,8325,.447,,,,3724,8325,.447,2216,2963,.748,,,5703,1962,,,,2138,9664
5,1966-67,Cincinnati Royals,CIN,81,19515,3654,8137,.449,,,,3654,8137,.449,2179,2806,.777,,,5198,1858,,,,2073,9487
6,1966-67,New York Knicks,NYK,81,19490,3637,8025,.453,,,,3637,8025,.453,2151,2980,.722,,,5178,1782,,,,2110,9425
7,1966-67,Baltimore Bullets,BAL,81,19540,3664,8578,.427,,,,3664,8578,.427,2025,2771,.731,,,5342,1652,,,,2153,9353
8,1966-67,St. Louis Hawks,STL,81,19540,3547,8004,.443,,,,3547,8004,.443,2110,2979,.708,,,5219,1708,,,,2173,9204
9,1966-67,Chicago Bulls,CHI,81,19490,3565,8505,.419,,,,3565,8505,.419,2037,2784,.732,,,5295,1827,,,,2205,9167
10,1966-67,Detroit Pistons,DET,81,19590,3523,8542,.412,,,,3523,8542,.412,1969,2725,.723,,,5511,1465,,,,2198,9015
,1966-67,League Average,,81,19545,3683,8350,.441,,,,3683,8350,.441,2148,2936,.732,,,5454,1817,,,,2124,9513
1,1965-66,Los Angeles Lakers,LAL,80,19250,3597,8109,.444,,,,3597,8109,.444,2363,3057,.773,,,5334,1936,,,,2035,9557
2,1965-66,Baltimore Bullets,BAL,80,19250,3599,8210,.438,,,,3599,8210,.438,2267,3186,.712,,,5542,1890,,,,2199,9465
3,1965-66,Cincinnati Royals,CIN,80,19275,3610,8123,.444,,,,3610,8123,.444,2204,2906,.758,,,5559,1818,,,,2033,9424
4,1965-66,Philadelphia 76ers,PHI,80,19250,3650,8189,.446,,,,3650,8189,.446,2087,3141,.664,,,5652,1905,,,,2094,9387
5,1965-66,New York Knicks,NYK,80,19275,3559,7910,.450,,,,3559,7910,.450,2217,3078,.720,,,5119,1896,,,,2227,9335
6,1965-66,San Francisco Warriors,SFW,80,19225,3557,8512,.418,,,,3557,8512,.418,2129,2879,.739,,,5727,1872,,,,2069,9243
7,1965-66,Boston Celtics,BOS,80,19225,3488,8367,.417,,,,3488,8367,.417,2038,2758,.739,,,5591,1795,,,,2012,9014
8,1965-66,St. Louis Hawks,STL,80,19200,3379,7836,.431,,,,3379,7836,.431,2155,2870,.751,,,5167,1782,,,,2179,8913
9,1965-66,Detroit Pistons,DET,80,19200,3475,8502,.409,,,,3475,8502,.409,1877,2734,.687,,,5427,1569,,,,2016,8827
,1965-66,League Average,,80,19239,3546,8195,.433,,,,3546,8195,.433,2149,2957,.727,,,5458,1829,,,,2096,9241
1,1964-65,Cincinnati Royals,CIN,80,19325,3482,7797,.447,,,,3482,7797,.447,2170,2866,.757,,,5387,1843,,,,1992,9134
2,1964-65,Baltimore Bullets,BAL,80,19375,3421,7734,.442,,,,3421,7734,.442,2245,3144,.714,,,5298,1676,,,,2119,9087
3,1964-65,Boston Celtics,BOS,80,19275,3567,8609,.414,,,,3567,8609,.414,1890,2587,.731,,,5748,1772,,,,2065,9024
4,1964-65,Philadelphia 76ers,PHI,80,19275,3391,8028,.422,,,,3391,8028,.422,2221,3011,.738,,,5246,1692,,,,2096,9003
5,1964-65,Los Angeles Lakers,LAL,80,19350,3336,7628,.437,,,,3336,7628,.437,2276,2984,.763,,,5231,1601,,,,1998,8948
6,1964-65,St. Louis Hawks,STL,80,19225,3269,7710,.424,,,,3269,7710,.424,2168,2947,.736,,,5208,1691,,,,2069,8706
7,1964-65,Detroit Pistons,DET,80,19325,3467,8297,.418,,,,3467,8297,.418,1747,2537,.689,,,5394,1609,,,,2058,8681
8,1964-65,New York Knicks,NYK,80,19500,3339,7834,.426,,,,3339,7834,.426,1915,2684,.713,,,5206,1550,,,,2283,8593
9,1964-65,San Francisco Warriors,SFW,80,19350,3323,8245,.403,,,,3323,8245,.403,1819,2844,.640,,,5715,1653,,,,2002,8465
,1964-65,League Average,,80,19333,3399,7987,.426,,,,3399,7987,.426,2050,2845,.721,,,5381,1676,,,,2076,8849
1,1963-64,Cincinnati Royals,CIN,80,,3516,7761,.453,,,,3516,7761,.453,2146,2828,.759,,,5400,1916,,,,2139,9178
2,1963-64,Boston Celtics,BOS,80,,3619,8770,.413,,,,3619,8770,.413,1804,2489,.725,,,5736,1760,,,,2125,9042
3,1963-64,New York Knicks,NYK,80,,3512,7888,.445,,,,3512,7888,.445,1952,2852,.684,,,5067,1563,,,,2222,8976
4,1963-64,Philadelphia 76ers,PHI,80,,3394,8116,.418,,,,3394,8116,.418,2184,2851,.766,,,5132,1643,,,,2251,8972
5,1963-64,Baltimore Bullets,BAL,80,,3456,7862,.440,,,,3456,7862,.440,2036,2958,.688,,,5460,1423,,,,2073,8948
6,1963-64,St. Louis Hawks,STL,80,,3341,7776,.430,,,,3341,7776,.430,2115,2795,.757,,,4959,1901,,,,2266,8797
7,1963-64,Los Angeles Lakers,LAL,80,,3272,7438,.440,,,,3272,7438,.440,2230,2910,.766,,,5025,1676,,,,1997,8774
8,1963-64,Detroit Pistons,DET,80,,3346,7943,.421,,,,3346,7943,.421,1928,2685,.718,,,5145,1633,,,,2235,8620
9,1963-64,San Francisco Warriors,SFW,80,,3407,7779,.438,,,,3407,7779,.438,1800,2821,.638,,,5499,1899,,,,1978,8614
,1963-64,League Average,,80,,3429,7926,.433,,,,3429,7926,.433,2022,2799,.722,,,5269,1713,,,,2143,8880
1,1962-63,Syracuse Nationals,SYR,80,,3690,8290,.445,,,,3690,8290,.445,2350,3005,.782,,,5516,1742,,,,2277,9730
2,1962-63,Cincinnati Royals,CIN,80,,3672,7998,.459,,,,3672,7998,.459,2183,2923,.747,,,5561,1931,,,,2203,9527
3,1962-63,Boston Celtics,BOS,80,,3746,8779,.427,,,,3746,8779,.427,2012,2777,.725,,,5818,1960,,,,2090,9504
4,1962-63,San Francisco Warriors,SFW,80,,3805,8449,.450,,,,3805,8449,.450,1870,2797,.669,,,5359,1906,,,,1882,9480
5,1962-63,Los Angeles Lakers,LAL,80,,3506,7948,.441,,,,3506,7948,.441,2230,2931,.761,,,5282,1739,,,,1775,9242
6,1962-63,Detroit Pistons,DET,80,,3534,8188,.432,,,,3534,8188,.432,2044,2852,.717,,,5315,1731,,,,2181,9112
7,1962-63,New York Knicks,NYK,80,,3433,8007,.429,,,,3433,8007,.429,1971,2778,.710,,,4952,1658,,,,2144,8837
8,1962-63,Chicago Zephyrs,CHZ,80,,3371,7448,.453,,,,3371,7448,.453,2053,2944,.697,,,5145,1773,,,,2065,8795
9,1962-63,St. Louis Hawks,STL,80,,3355,7780,.431,,,,3355,7780,.431,2056,2820,.729,,,5096,1902,,,,2077,8766
,1962-63,League Average,,80,,3568,8099,.441,,,,3568,8099,.441,2085,2870,.727,,,5338,1816,,,,2077,9221
1,1961-62,Philadelphia Warriors,PHW,80,,3917,8929,.439,,,,3917,8929,.439,2201,3207,.686,,,5939,2073,,,,2013,10035
2,1961-62,Cincinnati Royals,CIN,80,,3806,8414,.452,,,,3806,8414,.452,2233,2969,.752,,,5665,2154,,,,2081,9845
3,1961-62,Boston Celtics,BOS,80,,3855,9109,.423,,,,3855,9109,.423,1977,2715,.728,,,6080,2049,,,,1909,9687
4,1961-62,Syracuse Nationals,SYR,80,,3706,8875,.418,,,,3706,8875,.418,2246,2880,.780,,,5764,1791,,,,2344,9658
5,1961-62,St. Louis Hawks,STL,80,,3641,8461,.430,,,,3641,8461,.430,2226,2939,.757,,,5557,1996,,,,2166,9508
6,1961-62,Los Angeles Lakers,LAL,80,,3552,8315,.427,,,,3552,8315,.427,2378,3240,.734,,,5600,1878,,,,2057,9482
7,1961-62,Detroit Pistons,DET,80,,3472,8366,.415,,,,3472,8366,.415,2290,3142,.729,,,5823,1723,,,,2040,9234
8,1961-62,New York Knicks,NYK,80,,3638,8696,.418,,,,3638,8696,.418,1911,2693,.710,,,5440,1765,,,,2056,9187
9,1961-62,Chicago Packers,CHP,80,,3461,8405,.412,,,,3461,8405,.412,1952,2901,.673,,,5547,1802,,,,1954,8874
,1961-62,League Average,,80,,3672,8619,.426,,,,3672,8619,.426,2157,2965,.727,,,5713,1915,,,,2069,9501
1,1960-61,Syracuse Nationals,SYR,79,,3654,8746,.418,,,,3654,8746,.418,2278,2948,.773,,,5726,1786,,,,2280,9586
2,1960-61,Philadelphia Warriors,PHW,79,,3768,8883,.424,,,,3768,8883,.424,2022,3108,.651,,,5938,1959,,,,1936,9558
3,1960-61,Boston Celtics,BOS,79,,3699,9295,.398,,,,3699,9295,.398,2062,2814,.733,,,6131,1872,,,,2032,9460
4,1960-61,St. Louis Hawks,STL,79,,3618,8795,.411,,,,3618,8795,.411,2147,2921,.735,,,5994,2136,,,,2135,9383
5,1960-61,Detroit Pistons,DET,79,,3481,8357,.417,,,,3481,8357,.417,2408,3240,.743,,,5813,1866,,,,2157,9370
6,1960-61,Cincinnati Royals,CIN,79,,3626,8281,.438,,,,3626,8281,.438,2060,2761,.746,,,5581,2107,,,,2159,9312
7,1960-61,Los Angeles Lakers,LAL,79,,3401,8430,.403,,,,3401,8430,.403,2204,2999,.735,,,5816,1728,,,,2043,9006
8,1960-61,New York Knicks,NYK,79,,3422,8347,.410,,,,3422,8347,.410,2135,2888,.739,,,5315,1822,,,,2223,8979
,1960-61,League Average,,79,,3584,8642,.415,,,,3584,8642,.415,2165,2960,.731,,,5789,1910,,,,2121,9332
1,1959-60,Boston Celtics,BOS,75,,3744,8971,.417,,,,3744,8971,.417,1849,2519,.734,,,6014,1849,,,,1856,9337
2,1959-60,Syracuse Nationals,SYR,75,,3406,8232,.414,,,,3406,8232,.414,2105,2662,.791,,,5406,1676,,,,1939,8917
3,1959-60,Philadelphia Warriors,PHW,75,,3549,8678,.409,,,,3549,8678,.409,1797,2686,.669,,,5916,1796,,,,1715,8895
4,1959-60,New York Knicks,NYK,75,,3429,8153,.421,,,,3429,8153,.421,1942,2539,.765,,,5251,1666,,,,1942,8800
5,1959-60,St. Louis Hawks,STL,75,,3179,7580,.419,,,,3179,7580,.419,2148,2885,.745,,,5343,1881,,,,1995,8506
6,1959-60,Detroit Pistons,DET,75,,3146,7920,.397,,,,3146,7920,.397,2075,2847,.729,,,5491,1472,,,,1983,8367
7,1959-60,Cincinnati Royals,CIN,75,,3210,7786,.412,,,,3210,7786,.412,1913,2672,.716,,,5251,1747,,,,2097,8333
8,1959-60,Minneapolis Lakers,MNL,75,,3040,7884,.386,,,,3040,7884,.386,1965,2691,.730,,,5432,1444,,,,1813,8045
,1959-60,League Average,,75,,3338,8151,.410,,,,3338,8151,.410,1974,2688,.735,,,5513,1691,,,,1918,8650
1,1958-59,Boston Celtics,BOS,72,,3208,8116,.395,,,,3208,8116,.395,1963,2563,.766,,,5601,1568,,,,1769,8379
2,1958-59,Syracuse Nationals,SYR,72,,3050,7490,.407,,,,3050,7490,.407,2046,2642,.774,,,4900,1340,,,,1961,8146
3,1958-59,New York Knicks,NYK,72,,2863,7170,.399,,,,2863,7170,.399,2217,2802,.791,,,4991,1383,,,,1899,7943
4,1958-59,St. Louis Hawks,STL,72,,2879,7015,.410,,,,2879,7015,.410,2072,2757,.752,,,5045,1567,,,,1937,7830
5,1958-59,Detroit Pistons,DET,72,,2811,7305,.385,,,,2811,7305,.385,1943,2627,.740,,,4860,1317,,,,1881,7656
6,1958-59,Minneapolis Lakers,MNL,72,,2779,7084,.392,,,,2779,7084,.392,2071,2718,.762,,,5149,1373,,,,1874,7629
7,1958-59,Philadelphia Warriors,PHW,72,,2826,7423,.381,,,,2826,7423,.381,1783,2425,.735,,,4910,1375,,,,1776,7435
8,1958-59,Cincinnati Royals,CIN,72,,2854,7340,.389,,,,2854,7340,.389,1713,2375,.721,,,4887,1369,,,,1855,7421
,1958-59,League Average,,72,,2909,7368,.395,,,,2909,7368,.395,1976,2614,.756,,,5043,1412,,,,1869,7805
1,1957-58,New York Knicks,NYK,72,,2884,7307,.395,,,,2884,7307,.395,2300,3056,.753,,,5385,1359,,,,1865,8068
2,1957-58,Boston Celtics,BOS,72,,3006,7759,.387,,,,3006,7759,.387,1904,2585,.737,,,5402,1508,,,,1723,7916
3,1957-58,St. Louis Hawks,STL,72,,2779,7162,.388,,,,2779,7162,.388,2180,3047,.715,,,5445,1541,,,,1875,7738
4,1957-58,Syracuse Nationals,SYR,72,,2823,7336,.385,,,,2823,7336,.385,2075,2617,.793,,,4895,1298,,,,1820,7721
5,1957-58,Detroit Pistons,DET,72,,2746,7295,.376,,,,2746,7295,.376,2093,2774,.755,,,5168,1264,,,,1807,7585
6,1957-58,Minneapolis Lakers,MNL,72,,2660,7192,.370,,,,2660,7192,.370,2246,3007,.747,,,5189,1322,,,,1982,7566
7,1957-58,Philadelphia Warriors,PHW,72,,2765,7276,.380,,,,2765,7276,.380,1977,2596,.762,,,4836,1441,,,,1763,7507
8,1957-58,Cincinnati Royals,CIN,72,,2817,7339,.384,,,,2817,7339,.384,1688,2372,.712,,,4959,1578,,,,1835,7322
,1957-58,League Average,,72,,2810,7333,.383,,,,2810,7333,.383,2058,2757,.746,,,5160,1414,,,,1834,7678
1,1956-57,Boston Celtics,BOS,72,,2808,7326,.383,,,,2808,7326,.383,1983,2644,.750,,,4963,1464,,,,1851,7599
2,1956-57,Minneapolis Lakers,MNL,72,,2584,6965,.371,,,,2584,6965,.371,2195,2899,.757,,,4581,1195,,,,1887,7363
3,1956-57,New York Knicks,NYK,72,,2569,6645,.387,,,,2569,6645,.387,2117,2844,.744,,,4723,1312,,,,1824,7255
4,1956-57,Philadelphia Warriors,PHW,72,,2584,6533,.396,,,,2584,6533,.396,2062,2658,.776,,,4305,1467,,,,1732,7230
5,1956-57,Syracuse Nationals,SYR,72,,2550,6915,.369,,,,2550,6915,.369,2075,2613,.794,,,4350,1282,,,,1809,7175
6,1956-57,St. Louis Hawks,STL,72,,2557,6669,.383,,,,2557,6669,.383,1977,2710,.730,,,4566,1454,,,,1848,7091
7,1956-57,Fort Wayne Pistons,FTW,72,,2532,6612,.383,,,,2532,6612,.383,1874,2510,.747,,,4289,1398,,,,1643,6938
8,1956-57,Rochester Royals,ROC,72,,2515,6807,.369,,,,2515,6807,.369,1698,2402,.707,,,4171,1298,,,,1866,6728
,1956-57,League Average,,72,,2587,6809,.380,,,,2587,6809,.380,1998,2660,.751,,,4494,1359,,,,1808,7172
1,1955-56,Boston Celtics,BOS,72,,2745,6913,.397,,,,2745,6913,.397,2142,2785,.769,,,4583,1834,,,,1874,7632
2,1955-56,Philadelphia Warriors,PHW,72,,2641,6437,.410,,,,2641,6437,.410,2142,2829,.757,,,4362,1886,,,,1872,7424
3,1955-56,New York Knicks,NYK,72,,2508,6395,.392,,,,2508,6395,.392,2196,2913,.754,,,4562,1610,,,,1923,7212
4,1955-56,Minneapolis Lakers,MNL,72,,2541,6543,.388,,,,2541,6543,.388,2066,2627,.786,,,4133,1689,,,,1978,7148
5,1955-56,Syracuse Nationals,SYR,72,,2466,6661,.370,,,,2466,6661,.370,2044,2703,.756,,,4060,1710,,,,1783,6976
6,1955-56,St. Louis Hawks,STL,72,,2506,6628,.378,,,,2506,6628,.378,1941,2761,.703,,,4493,1748,,,,1971,6953
7,1955-56,Rochester Royals,ROC,72,,2551,6890,.370,,,,2551,6890,.370,1798,2567,.700,,,4449,1747,,,,1990,6900
8,1955-56,Fort Wayne Pistons,FTW,72,,2396,6174,.388,,,,2396,6174,.388,2002,2729,.734,,,3974,1752,,,,1789,6794
,1955-56,League Average,,72,,2544,6580,.387,,,,2544,6580,.387,2041,2739,.745,,,4327,1747,,,,1898,7130
1,1954-55,Boston Celtics,BOS,72,,2604,6533,.399,,,,2604,6533,.399,2097,2704,.776,,,4293,1905,,,,1859,7305
2,1954-55,Minneapolis Lakers,MNL,72,,2506,6465,.388,,,,2506,6465,.388,1873,2517,.744,,,3865,1468,,,,1935,6885
3,1954-55,Philadelphia Warriors,PHW,72,,2392,6324,.378,,,,2392,6324,.378,1928,2625,.734,,,4238,1744,,,,1716,6712
4,1954-55,New York Knicks,NYK,72,,2392,6149,.389,,,,2392,6149,.389,1887,2593,.728,,,4379,1744,,,,1587,6671
5,1954-55,Fort Wayne Pistons,FTW,72,,2333,5980,.390,,,,2333,5980,.390,1986,2710,.733,,,3826,1737,,,,1753,6652
6,1954-55,Syracuse Nationals,SYR,72,,2360,6343,.372,,,,2360,6343,.372,1837,2450,.750,,,3933,1778,,,,1658,6557
7,1954-55,Rochester Royals,ROC,72,,2399,6020,.399,,,,2399,6020,.399,1737,2420,.718,,,3904,1695,,,,1865,6535
8,1954-55,Milwaukee Hawks,MLH,72,,2187,6041,.362,,,,2187,6041,.362,1917,2672,.717,,,3854,1544,,,,1904,6291
9,1954-55,Baltimore Bullets,BLB,,,,,,,,,,,,,,,,,,,,,,,
,1954-55,League Average,,72,,2397,6232,,,,,2397,6232,.385,1908,2586,,,,4037,1702,,,,1785,6701
1,1953-54,Boston Celtics,BOS,72,,2232,5580,.400,,,,2232,5580,.400,1851,2550,.726,,,3867,1773,,,,1969,6315
2,1953-54,Syracuse Nationals,SYR,72,,2054,5579,.368,,,,2054,5579,.368,1905,2650,.719,,,3652,1541,,,,1852,6013
3,1953-54,Minneapolis Lakers,MNL,72,,2184,5803,.376,,,,2184,5803,.376,1512,2067,.731,,,3752,1323,,,,1918,5880
4,1953-54,Rochester Royals,ROC,72,,2010,5451,.369,,,,2010,5451,.369,1722,2518,.684,,,3494,1454,,,,1904,5742
5,1953-54,New York Knicks,NYK,72,,1934,5177,.374,,,,1934,5177,.374,1820,2525,.721,,,3830,1469,,,,1832,5688
6,1953-54,Baltimore Bullets,BLB,72,,2036,5539,.368,,,,2036,5539,.368,1566,2312,.677,,,3816,1385,,,,1777,5638
7,1953-54,Philadelphia Warriors,PHW,72,,2023,5431,.372,,,,2023,5431,.372,1586,2272,.698,,,3589,1468,,,,1741,5632
8,1953-54,Fort Wayne Pistons,FTW,72,,1952,5187,.376,,,,1952,5187,.376,1689,2315,.730,,,3785,1474,,,,1669,5593
9,1953-54,Milwaukee Hawks,MLH,72,,1757,5087,.345,,,,1757,5087,.345,1524,2202,.692,,,3202,1298,,,,1771,5038
,1953-54,League Average,,72,,2020,5426,.372,,,,2020,5426,.372,1686,2379,.709,,,3665,1465,,,,1826,5727
1,1952-53,Boston Celtics,BOS,71,,2177,5555,.392,,,,2177,5555,.392,1904,2617,.728,,,3865,1666,,,,1911,6258
2,1952-53,Syracuse Nationals,SYR,71,,1942,5329,.364,,,,1942,5329,.364,2197,2950,.745,,,3472,1459,,,,2132,6081
3,1952-53,Rochester Royals,ROC,70,,2019,5432,.372,,,,2019,5432,.372,2005,2747,.730,,,3625,1520,,,,2210,6043
4,1952-53,New York Knicks,NYK,70,,2059,5339,.386,,,,2059,5339,.386,1867,2652,.704,,,4007,1575,,,,2053,5985
5,1952-53,Minneapolis Lakers,MNL,70,,2166,5559,.390,,,,2166,5559,.390,1641,2221,.739,,,3406,1351,,,,1917,5973
6,1952-53,Baltimore Bullets,BLB,70,,2083,5615,.371,,,,2083,5615,.371,1745,2542,.686,,,3727,1514,,,,2141,5911
7,1952-53,Fort Wayne Pistons,FTW,69,,1876,5230,.359,,,,1876,5230,.359,1839,2491,.738,,,3548,1438,,,,2119,5591
8,1952-53,Philadelphia Warriors,PHW,70,,1987,5546,.358,,,,1987,5546,.358,1560,2298,.679,,,3763,1513,,,,1860,5534
9,1952-53,Milwaukee Hawks,MLH,72,,1873,5320,.352,,,,1873,5320,.352,1643,2400,.685,,,3429,1427,,,,2120,5389
10,1952-53,Indianapolis Olympians,INO,71,,1829,5204,.351,,,,1829,5204,.351,1637,2277,.719,,,3326,1281,,,,1765,5295
,1952-53,League Average,,70,,2001,5413,.370,,,,2001,5413,.370,1804,2520,.716,,,3617,1474,,,,2023,5806
1,1951-52,Boston Celtics,BOS,66,,2131,5510,.387,,,,2131,5510,.387,1765,2406,.734,,,3750,1606,,,,1734,6027
2,1951-52,Syracuse Nationals,SYR,66,,1894,5207,.364,,,,1894,5207,.364,1933,2589,.747,,,3603,1373,,,,1970,5721
3,1951-52,Philadelphia Warriors,PHW,66,,2039,5367,.380,,,,2039,5367,.380,1634,2143,.762,,,3647,1593,,,,1806,5712
4,1951-52,Rochester Royals,ROC,66,,2014,5172,.389,,,,2014,5172,.389,1661,2150,.773,,,3373,1590,,,,1804,5689
5,1951-52,Minneapolis Lakers,MNL,66,,2106,5733,.367,,,,2106,5733,.367,1436,1921,.748,,,3543,1389,,,,1763,5648
6,1951-52,New York Knicks,NYK,66,,2022,5282,.383,,,,2022,5282,.383,1565,2185,.716,,,3834,1567,,,,1770,5609
7,1951-52,Indianapolis Olympians,INO,66,,2026,5513,.367,,,,2026,5513,.367,1422,1965,.724,,,3288,1290,,,,1586,5474
8,1951-52,Baltimore Bullets,BLB,66,,1882,5495,.342,,,,1882,5495,.342,1614,2211,.730,,,3780,1417,,,,1719,5378
9,1951-52,Fort Wayne Pistons,FTW,66,,1771,5013,.353,,,,1771,5013,.353,1609,2194,.733,,,3619,1403,,,,1751,5151
10,1951-52,Milwaukee Hawks,MLH,66,,1674,5055,.331,,,,1674,5055,.331,1485,2177,.682,,,3540,1229,,,,1848,4833
,1951-52,League Average,,66,,1956,5335,.367,,,,1956,5335,.367,1612,2194,.735,,,3598,1446,,,,1775,5524
1,1950-51,Boston Celtics,BOS,69,,2065,5607,.368,,,,2065,5607,.368,1751,2415,.725,,,3499,1579,,,,1881,5881
2,1950-51,Rochester Royals,ROC,68,,2032,5377,.378,,,,2032,5377,.378,1692,2248,.753,,,3015,1368,,,,1534,5756
3,1950-51,Tri-Cities Blackhawks,TRI,68,,1988,6041,.329,,,,1988,6041,.329,1754,2425,.723,,,3715,1476,,,,2092,5730
4,1950-51,Fort Wayne Pistons,FTW,68,,2002,5927,.338,,,,2002,5927,.338,1718,2387,.720,,,3725,1142,,,,1961,5722
5,1950-51,Syracuse Nationals,SYR,66,,1884,5365,.351,,,,1884,5365,.351,1912,2634,.726,,,3259,1493,,,,1995,5680
6,1950-51,New York Knicks,NYK,66,,2037,5380,.379,,,,2037,5380,.379,1592,2231,.714,,,3421,1551,,,,1810,5666
7,1950-51,Philadelphia Warriors,PHW,66,,1985,5665,.350,,,,1985,5665,.350,1664,2181,.763,,,3586,1432,,,,1710,5634
8,1950-51,Minneapolis Lakers,MNL,68,,2084,5590,.373,,,,2084,5590,.373,1464,1989,.736,,,3409,1408,,,,1801,5632
9,1950-51,Indianapolis Olympians,INO,68,,2096,5779,.363,,,,2096,5779,.363,1363,1902,.717,,,2779,1455,,,,1569,5555
10,1950-51,Baltimore Bullets,BLB,66,,1955,5542,.353,,,,1955,5542,.353,1504,2020,.745,,,3044,1345,,,,1736,5414
11,1950-51,Washington Capitols,WSC,35,,965,2893,.334,,,,965,2893,.334,914,1194,.765,,,1567,584,,,,1050,2844
,1950-51,League Average,,64,,1918,5379,.357,,,,1918,5379,.357,1575,2148,.733,,,3184,1348,,,,1740,5410
1,1949-50,Minneapolis Lakers,MNL,68,,2139,5832,.367,,,,2139,5832,.367,1439,1943,.741,,,,1406,,,,1672,5717
2,1949-50,Rochester Royals,ROC,68,,1956,5247,.373,,,,1956,5247,.373,1690,2319,.729,,,,1383,,,,1585,5602
3,1949-50,Anderson Packers,AND,64,,1943,6254,.311,,,,1943,6254,.311,1703,2343,.727,,,,1240,,,,1806,5589
4,1949-50,Indianapolis Olympians,INO,64,,1982,5283,.375,,,,1982,5283,.375,1529,2145,.713,,,,1342,,,,1676,5493
5,1949-50,New York Knicks,NYK,68,,1889,5351,.353,,,,1889,5351,.353,1710,2404,.711,,,,1308,,,,1718,5488
6,1949-50,Syracuse Nationals,SYR,64,,1869,5276,.354,,,,1869,5276,.354,1691,2396,.706,,,,1473,,,,1833,5429
7,1949-50,Boston Celtics,BOS,68,,1945,5756,.338,,,,1945,5756,.338,1530,2163,.707,,,,1473,,,,1644,5420
8,1949-50,Fort Wayne Pistons,FTW,68,,1878,5901,.318,,,,1878,5901,.318,1634,2331,.701,,,,1364,,,,2065,5390
9,1949-50,Chicago Stags,CHS,68,,2003,5892,.340,,,,2003,5892,.340,1346,1934,.696,,,,1366,,,,1977,5352
10,1949-50,Tri-Cities Blackhawks,TRI,64,,1818,5515,.330,,,,1818,5515,.330,1677,2408,.696,,,,1330,,,,2057,5313
11,1949-50,Washington Capitols,WSC,68,,1813,5493,.330,,,,1813,5493,.330,1575,2111,.746,,,,1057,,,,1837,5201
12,1949-50,Sheboygan Red Skins,SHE,62,,1727,5022,.344,,,,1727,5022,.344,1654,2338,.707,,,,1279,,,,1766,5108
13,1949-50,St. Louis Bombers,STB,68,,1741,5086,.342,,,,1741,5086,.342,1528,2149,.711,,,,1285,,,,1596,5010
14,1949-50,Philadelphia Warriors,PHW,68,,1779,5711,.312,,,,1779,5711,.312,1425,2037,.700,,,,1142,,,,1768,4983
15,1949-50,Baltimore Bullets,BLB,68,,1712,5516,.310,,,,1712,5516,.310,1549,2123,.730,,,,1189,,,,1792,4973
16,1949-50,Waterloo Hawks,WAT,62,,1746,4904,.356,,,,1746,4904,.356,1429,2002,.714,,,,1324,,,,1780,4921
17,1949-50,Denver Nuggets,DNN,62,,1731,5182,.334,,,,1731,5182,.334,1355,1999,.678,,,,1044,,,,1692,4817
,1949-50,League Average,,66,,1863,5484,.340,,,,1863,5484,.340,1557,2185,.712,,,,1294,,,,1780,5283
